  PROM0  prog  0x07000   28672 mots
  PROM1  prog  0x18000   32768 mots
  PROM2  prog  0x28000   32768 mots
  PROM3  prog  0x38000    8192 mots
  DROM   data  0x09000   20480 mots
  PDROM  data  0x0e000    8192 mots
  PDROM  prog  0x0e000    8192 mots
  Regs   mmr                96 mots
7 sections chargees, reset...
pont : en attente de l'ARM sur /tmp/calypso_dsp.sock (API RAM : /dev/shm/calypso_api_ram)
       cote QEMU : CALYPSO_DSP_EXTERN=1 qemu-system-arm -M calypso ...
pont : ARM connecte, API RAM 32768 mots, 120000 insn/trame
[c54x] SP-CORRUPT pc=0xff80 op=0xf880 sp 0x5ac8 -> 0x1100 insn=0
  [afc] fn=0 w_page=0 relaye=8 | page0=8 page1=28138
  [toaloop] appel n=1 en=0 toa=576 biais=0
  [a5-arm] tick=0 d_a5mode=30490 a_kc=fe00 0200 0200 fe00
  [jalon] fn=0 d_fb_det=1  hacks=RHEA_DMA
pont : RESET #1 (DL_STATUS=0x0000) fn=0 pc=0xff80
  [toaloop] appel n=2 en=0 toa=576 biais=0
pont : DSP boote (premier IDLE) fn=0 insn=12697
  [page] fn=0 d_dsp_page f600 -> 0000  (NON ARME (etat de reset))
  [a_sch] fn=0 page=0 : 7710 0003 771a 000a -> 0000 0000 0000 0000  (d_dsp_page=0000) TOA=0 PM=0 SNR=0 
  [a_sch] fn=0 page=1 : 6deb fff8 e589 e752 -> 0000 0000 0000 0000  (d_dsp_page=0000) TOA=0 PM=0 SNR=0 
  [afc] fn=1 w_page=0 relaye=0 | page0=0 page1=0
  [ts0] attente des trames en retard de la BTS : jusqu'a 40 ms
  [a5-arm] tick=1 d_a5mode=0 a_kc=fe00 0200 0200 fe00
  [montant] retour en clair (seq=1)
  profil PC (1875 tranches, high-water 0xb427) : b400:100%
  fn=215     page=0 insn=0       IDLE   d_fb_det=0     a_sch=0000 0000 0000 0000 sync=0240 6ff8 0c42  | trames=217 irq=0 iq=0
  [page] fn=228 d_dsp_page 0000 -> 0002  (arme page 0)
  [a_sch] fn=230 page=0 : 0000 0000 0000 0000 -> 0100 0000 0000 0000  (d_dsp_page=0002) TOA=0 PM=0 SNR=0 crc_ko
  [page] fn=231 d_dsp_page 0002 -> 0000  (NON ARME (etat de reset))
  [afc] fn=232 w_page=0 relaye=-700 | page0=-700 page1=0
  [cmd] fn=232 tache FB postee par l'ARM
  [page] fn=232 d_dsp_page 0000 -> 0002  (arme page 0)
  [afc] fn=234 w_page=0 relaye=-700 | page0=-700 page1=-700
  [page] fn=246 d_dsp_page 0002 -> 0003  (arme page 1)
  [page] fn=260 d_dsp_page 0003 -> 0002  (arme page 0)
  [page] fn=274 d_dsp_page 0002 -> 0003  (arme page 1)
  [page] fn=288 d_dsp_page 0003 -> 0000  (NON ARME (etat de reset))
  [page] fn=289 d_dsp_page 0000 -> 0002  (arme page 0)
  [page] fn=292 d_dsp_page 0002 -> 0000  (NON ARME (etat de reset))
  [cmd] fn=293 tache FB postee par l'ARM
  [page] fn=293 d_dsp_page 0000 -> 0002  (arme page 0)
  [page] fn=307 d_dsp_page 0002 -> 0003  (arme page 1)
  [page] fn=321 d_dsp_page 0003 -> 0002  (arme page 0)
  [page] fn=335 d_dsp_page 0002 -> 0003  (arme page 1)
  [page] fn=349 d_dsp_page 0003 -> 0000  (NON ARME (etat de reset))
  [page] fn=350 d_dsp_page 0000 -> 0002  (arme page 0)
  [page] fn=353 d_dsp_page 0002 -> 0000  (NON ARME (etat de reset))
  [cmd] fn=354 tache FB postee par l'ARM
  [page] fn=354 d_dsp_page 0000 -> 0002  (arme page 0)
  [page] fn=368 d_dsp_page 0002 -> 0003  (arme page 1)
  [page] fn=382 d_dsp_page 0003 -> 0002  (arme page 0)
  [page] fn=396 d_dsp_page 0002 -> 0003  (arme page 1)
  [page] fn=410 d_dsp_page 0003 -> 0000  (NON ARME (etat de reset))
  [page] fn=411 d_dsp_page 0000 -> 0002  (arme page 0)
  [page] fn=414 d_dsp_page 0002 -> 0000  (NON ARME (etat de reset))
  [cmd] fn=415 tache FB postee par l'ARM
  [page] fn=415 d_dsp_page 0000 -> 0002  (arme page 0)
  [page] fn=429 d_dsp_page 0002 -> 0003  (arme page 1)
  profil PC (188 tranches, high-water 0xdded) : b500:19% 71c0:12% a680:12% b080:9% b580:9% 0100:9% aac0:5% b600:5% a4c0:5% b5c0:4% b0c0:3% a580:0%
  fn=432     page=1 insn=0       IDLE   d_fb_det=0     a_sch=0100 0000 0000 0000 sync=0240 6ff8 0c42  | trames=434 irq=0 iq=0
  [page] fn=443 d_dsp_page 0003 -> 0002  (arme page 0)
  [page] fn=457 d_dsp_page 0002 -> 0003  (arme page 1)
  [page] fn=471 d_dsp_page 0003 -> 0000  (NON ARME (etat de reset))
  [page] fn=472 d_dsp_page 0000 -> 0002  (arme page 0)
  [page] fn=475 d_dsp_page 0002 -> 0000  (NON ARME (etat de reset))
  [cmd] fn=476 tache FB postee par l'ARM
  [page] fn=476 d_dsp_page 0000 -> 0002  (arme page 0)
  [page] fn=490 d_dsp_page 0002 -> 0003  (arme page 1)
  [page] fn=504 d_dsp_page 0003 -> 0002  (arme page 0)
  [page] fn=518 d_dsp_page 0002 -> 0003  (arme page 1)
  [page] fn=532 d_dsp_page 0003 -> 0000  (NON ARME (etat de reset))
  [page] fn=534 d_dsp_page 0000 -> 0002  (arme page 0)
  [page] fn=537 d_dsp_page 0002 -> 0000  (NON ARME (etat de reset))
  [cmd] fn=538 tache FB postee par l'ARM
  [page] fn=538 d_dsp_page 0000 -> 0002  (arme page 0)
  [page] fn=552 d_dsp_page 0002 -> 0003  (arme page 1)
  [cmd] fn=599 tache FB postee par l'ARM
  profil PC (170 tranches, high-water 0xb634) : b500:20% 71c0:14% 0100:10% a680:10% b080:10% b580:10% aac0:5% b600:5% a4c0:5% b0c0:4% b5c0:4%
  fn=649     page=1 insn=0       IDLE   d_fb_det=0     a_sch=0100 0000 0000 0000 sync=0240 6ff8 0c42  | trames=651 irq=0 iq=0
  [cmd] fn=660 tache FB postee par l'ARM
  [cmd] fn=721 tache FB postee par l'ARM
  [cmd] fn=782 tache FB postee par l'ARM
  [cmd] fn=844 tache FB postee par l'ARM
  profil PC (180 tranches, high-water 0xb634) : b500:20% 71c0:13% 0100:10% a680:10% b080:10% b580:10% a4c0:6% aac0:6% b600:6% b0c0:3% b5c0:3%
  fn=866     page=1 insn=0       IDLE   d_fb_det=0     a_sch=0100 0000 0000 0000 sync=0240 6ff8 0c42  | trames=868 irq=0 iq=0
  [cmd] fn=905 tache FB postee par l'ARM
  [ts0] tick=929 fn=257 p51=2 NB fenetre=64 marge=0 rif_avant=0
  [ts0] tick=930 fn=258 p51=3 NB fenetre=0 marge=0 rif_avant=0
  [ts0] tick=931 fn=259 p51=4 NB fenetre=0 marge=0 rif_avant=80
  [ts0] tick=932 fn=260 p51=5 NB fenetre=0 marge=0 rif_avant=84
  [ts0] tick=933 fn=261 p51=6 NB fenetre=0 marge=0 rif_avant=88
  [ts0] tick=934 fn=262 p51=7 NB fenetre=0 marge=0 rif_avant=92
  [ts0] tick=935 fn=263 p51=8 NB fenetre=0 marge=0 rif_avant=96
  [ts0] tick=936 fn=264 p51=9 NB fenetre=0 marge=0 rif_avant=100
  [ts0] tick=937 fn=265 p51=10 FCCH fenetre=0 marge=0 rif_avant=104
  [toaloop] appel n=3 en=0 toa=9888 biais=0
  [jalon] fn=937 d_fb_det=1  hacks=RHEA_DMA
  [sbwin] SB #1 fn=266 p51=11 tick=938 : armee=1 one_shot=0 page_prog=48 rif_avant=0 nwin=0 marge=0 -> autre fenetre (PM/NB/continue) : SCH memorise pour la fenetre SB (dans une vraie fenetre SB : 0/1)
  [ts0] tick=938 fn=266 p51=11 SB fenetre=0 marge=0 rif_avant=0
  [ts0] tick=939 fn=267 p51=12 NB fenetre=0 marge=0 rif_avant=4
  [ts0] tick=940 fn=268 p51=13 NB fenetre=0 marge=0 rif_avant=8
  [ts0] tick=941 fn=269 p51=14 NB fenetre=0 marge=0 rif_avant=12
  [ts0] tick=942 fn=270 p51=15 NB fenetre=0 marge=0 rif_avant=16
  [ts0] tick=943 fn=271 p51=16 NB fenetre=0 marge=0 rif_avant=20
  [ts0] tick=944 fn=272 p51=17 NB fenetre=0 marge=0 rif_avant=24
  [ts0] tick=945 fn=273 p51=18 NB fenetre=0 marge=0 rif_avant=28
  [ts0] tick=946 fn=274 p51=19 NB fenetre=0 marge=0 rif_avant=32
  [ts0] tick=947 fn=275 p51=20 FCCH fenetre=0 marge=0 rif_avant=36
  [toaloop] appel n=4 en=0 toa=11243 biais=0
  [jalon] fn=947 d_fb_det=1  hacks=RHEA_DMA
  [sbwin] SB #2 fn=276 p51=21 tick=948 : armee=1 one_shot=0 page_prog=48 rif_avant=0 nwin=0 marge=0 -> autre fenetre (PM/NB/continue) : SCH memorise pour la fenetre SB (dans une vraie fenetre SB : 0/2)
  [ts0] tick=948 fn=276 p51=21 SB fenetre=0 marge=0 rif_avant=0
  [toaloop] appel n=5 en=0 toa=11243 biais=0
  [jalon] fn=957 d_fb_det=1  hacks=RHEA_DMA
  [sbwin] SB #3 fn=286 p51=31 tick=958 : armee=0 one_shot=0 page_prog=48 rif_avant=0 nwin=0 marge=0 -> DMA NON ARMEE (le RIF jette) : SCH memorise pour la fenetre SB (dans une vraie fenetre SB : 0/3)
  [toaloop] appel n=6 en=0 toa=11243 biais=0
  [cmd] fn=958 tache SB postee par l'ARM (W0 md=6 W1 md=0)
  [cmd] fn=958 tache SB postee par l'ARM
  [sb] fn=958 p51=40 | FB a fn=957 toa=11243 pm=5431 ang=-1 | TOA-ROM=11243 src=fine | a_sch=0100 crc_ko
  [sbwin] SB fn=286 RELIVRE au tick 959 (depose au tick 958, fenetre SB armee apres) : page=191 marge=21, offset ARM-tick recale [1 relivres, 2 expires]
  [toaloop] appel n=7 en=0 toa=11243 biais=0
  [a_sch] fn=959 page=0 : 0100 0000 0000 0000 -> 8000 0412 001c 0101  (d_dsp_page=0003) TOA=23 PM=5358 SNR=16384 CRC_OK
  [jalon] fn=959 SB PLAUSIBLE page=0 BSIC=7 a_sch=8000 0412 001c 0101  hacks=RHEA_DMA
  [toaloop] appel n=8 en=0 toa=11243 biais=0
  [a_sch] fn=960 page=1 : 0000 0000 0000 0000 -> 8100 0172 86be 0060  (d_dsp_page=0003) TOA=23 PM=5416 SNR=427 crc_ko
  [toaloop] appel n=9 en=0 toa=11243 biais=0
  [toaloop] appel n=10 en=0 toa=11243 biais=0
  [toaloop] appel n=11 en=0 toa=11243 biais=0
  [toaloop] appel n=12 en=0 toa=11243 biais=0
  [toaloop] appel n=13 en=0 toa=11243 biais=0
  [toaloop] appel n=14 en=0 toa=11243 biais=0
  [toaloop] appel n=15 en=0 toa=11243 biais=0
  [toaloop] appel n=16 en=0 toa=11243 biais=0
  [sbwin] SB #4 fn=296 p51=41 tick=969 : armee=0 one_shot=0 page_prog=191 rif_avant=0 nwin=0 marge=0 -> DMA NON ARMEE (le RIF jette) : SCH memorise pour la fenetre SB (dans une vraie fenetre SB : 0/4)
  [toaloop] appel n=17 en=0 toa=11243 biais=0
  [toaloop] appel n=18 en=0 toa=11243 biais=0
  [toaloop] appel n=19 en=0 toa=11243 biais=0
  [toaloop] appel n=20 en=0 toa=11243 biais=0
  [toaloop] appel n=21 en=0 toa=11243 biais=0
  [toaloop] appel n=22 en=0 toa=11243 biais=0
  [toaloop] appel n=23 en=0 toa=11243 biais=0
  [toaloop] appel n=24 en=0 toa=11243 biais=0
  [toaloop] appel n=25 en=0 toa=11243 biais=0
  [toaloop] appel n=26 en=0 toa=11243 biais=0
  [toaloop] appel n=27 en=0 toa=11243 biais=0
  [sbwin] SB #5 fn=307 p51=1 tick=980 : armee=0 one_shot=0 page_prog=191 rif_avant=0 nwin=0 marge=0 -> DMA NON ARMEE (le RIF jette) : SCH memorise pour la fenetre SB (dans une vraie fenetre SB : 0/5)
  [toaloop] appel n=28 en=0 toa=11243 biais=0
  [toaloop] appel n=29 en=0 toa=11243 biais=0
  [toaloop] appel n=30 en=0 toa=11243 biais=0
  [a_sch] fn=982 page=0 : 8000 0412 001c 0101 -> 0100 0000 0000 0000  (d_dsp_page=0002) TOA=0 PM=0 SNR=0 crc_ko
  [toaloop] appel n=31 en=0 toa=11243 biais=0
  [a_sch] fn=983 page=1 : 8100 0172 86be 0060 -> 0100 0000 0000 0000  (d_dsp_page=0003) TOA=0 PM=0 SNR=0 crc_ko
  [toaloop] appel n=32 en=0 toa=11243 biais=0
  [toaloop] appel n=33 en=0 toa=11243 biais=0
  [toaloop] appel n=34 en=0 toa=11243 biais=0
  [toaloop] appel n=35 en=0 toa=11243 biais=0
  [toaloop] appel n=36 en=0 toa=11243 biais=0
  [toaloop] appel n=37 en=0 toa=11243 biais=0
  [sbwin] SB #6 fn=317 p51=11 tick=990 : armee=0 one_shot=0 page_prog=151 rif_avant=0 nwin=0 marge=0 -> DMA NON ARMEE (le RIF jette) : SCH memorise pour la fenetre SB (dans une vraie fenetre SB : 0/6)
  [toaloop] appel n=38 en=0 toa=11243 biais=0
  [toaloop] appel n=39 en=0 toa=11243 biais=0
  [toaloop] appel n=40 en=0 toa=11243 biais=0
  [chrono] fn=998 sur 1000 trames (ms) : qemu 4.22 | A 0.02 | go 0.24 | B 0.03 | apres DONE 0.11 | trame 4.62 (temps reel 4.62)
  [sbwin] SB #7 fn=327 p51=21 tick=1000 : armee=0 one_shot=0 page_prog=151 rif_avant=0 nwin=0 marge=0 -> DMA NON ARMEE (le RIF jette) : SCH memorise pour la fenetre SB (dans une vraie fenetre SB : 0/7)
  [sbwin] SB #8 fn=337 p51=31 tick=1010 : armee=0 one_shot=0 page_prog=151 rif_avant=0 nwin=0 marge=0 -> DMA NON ARMEE (le RIF jette) : SCH memorise pour la fenetre SB (dans une vraie fenetre SB : 0/8)
  [sbwin] SB #9 fn=347 p51=41 tick=1020 : armee=0 one_shot=0 page_prog=151 rif_avant=0 nwin=0 marge=0 -> DMA NON ARMEE (le RIF jette) : SCH memorise pour la fenetre SB (dans une vraie fenetre SB : 0/9)
  [sbwin] SB #10 fn=358 p51=1 tick=1031 : armee=0 one_shot=0 page_prog=151 rif_avant=0 nwin=0 marge=0 -> DMA NON ARMEE (le RIF jette) : SCH memorise pour la fenetre SB (dans une vraie fenetre SB : 0/10)
  [sbwin] SB #11 fn=368 p51=11 tick=1041 : armee=0 one_shot=0 page_prog=151 rif_avant=0 nwin=0 marge=0 -> DMA NON ARMEE (le RIF jette) : SCH memorise pour la fenetre SB (dans une vraie fenetre SB : 0/11)
  [sbwin] SB #12 fn=378 p51=21 tick=1051 : armee=0 one_shot=0 page_prog=151 rif_avant=0 nwin=0 marge=0 -> DMA NON ARMEE (le RIF jette) : SCH memorise pour la fenetre SB (dans une vraie fenetre SB : 0/12)
  [sbwin] SB #13 fn=388 p51=31 tick=1061 : armee=0 one_shot=0 page_prog=151 rif_avant=0 nwin=0 marge=0 -> DMA NON ARMEE (le RIF jette) : SCH memorise pour la fenetre SB (dans une vraie fenetre SB : 0/13)
  [sbwin] SB #14 fn=398 p51=41 tick=1071 : armee=0 one_shot=0 page_prog=151 rif_avant=0 nwin=0 marge=0 -> DMA NON ARMEE (le RIF jette) : SCH memorise pour la fenetre SB (dans une vraie fenetre SB : 0/14)
  [sbwin] SB #15 fn=409 p51=1 tick=1082 : armee=0 one_shot=0 page_prog=151 rif_avant=0 nwin=0 marge=0 -> DMA NON ARMEE (le RIF jette) : SCH memorise pour la fenetre SB (dans une vraie fenetre SB : 0/15)
  profil PC (23860 tranches, high-water 0xde92) : 77c0:14% 7800:8% 7840:6% 78c0:5% 9a80:4% 8240:4% 8380:4% b2c0:3% a680:2% 7a00:2% 83c0:2% 7880:2%
  fn=1083    page=0 insn=13772   IDLE   d_fb_det=1     a_sch=0100 0000 0000 0000 sync=2beb 1537 ffff  | trames=1085 irq=0 iq=0
  [sbwin] SB #16 fn=419 p51=11 tick=1092 : armee=0 one_shot=0 page_prog=151 rif_avant=0 nwin=0 marge=0 -> DMA NON ARMEE (le RIF jette) : SCH memorise pour la fenetre SB (dans une vraie fenetre SB : 0/16)
  [sbwin] SB #17 fn=429 p51=21 tick=1102 : armee=0 one_shot=0 page_prog=151 rif_avant=0 nwin=0 marge=0 -> DMA NON ARMEE (le RIF jette) : SCH memorise pour la fenetre SB (dans une vraie fenetre SB : 0/17)
  [sbwin] SB #18 fn=439 p51=31 tick=1112 : armee=0 one_shot=0 page_prog=151 rif_avant=0 nwin=0 marge=0 -> DMA NON ARMEE (le RIF jette) : SCH memorise pour la fenetre SB (dans une vraie fenetre SB : 0/18)
  [sbwin] SB #19 fn=449 p51=41 tick=1122 : armee=0 one_shot=0 page_prog=151 rif_avant=0 nwin=0 marge=0 -> DMA NON ARMEE (le RIF jette) : SCH memorise pour la fenetre SB (dans une vraie fenetre SB : 0/19)
  [sbwin] SB #20 fn=460 p51=1 tick=1133 : armee=0 one_shot=0 page_prog=151 rif_avant=0 nwin=0 marge=0 -> DMA NON ARMEE (le RIF jette) : SCH memorise pour la fenetre SB (dans une vraie fenetre SB : 0/20)
  [sbwin] SB #21 fn=470 p51=11 tick=1143 : armee=0 one_shot=0 page_prog=64 rif_avant=0 nwin=0 marge=0 -> DMA NON ARMEE (le RIF jette) : SCH memorise pour la fenetre SB (dans une vraie fenetre SB : 0/21)
  [cmd] fn=1144 tache FB postee par l'ARM
  [jalon] fn=1152 d_fb_det=1  hacks=RHEA_DMA
  [sbwin] SB #22 fn=480 p51=21 tick=1153 : armee=0 one_shot=0 page_prog=48 rif_avant=0 nwin=0 marge=0 -> DMA NON ARMEE (le RIF jette) : SCH memorise pour la fenetre SB (dans une vraie fenetre SB : 0/22)
  [jalon] fn=1162 d_fb_det=1  hacks=RHEA_DMA
  [sbwin] SB #23 fn=490 p51=31 tick=1163 : armee=0 one_shot=0 page_prog=48 rif_avant=0 nwin=0 marge=0 -> DMA NON ARMEE (le RIF jette) : SCH memorise pour la fenetre SB (dans une vraie fenetre SB : 0/23)
  [cmd] fn=1171 tache SB postee par l'ARM (W0 md=6 W1 md=0)
  [cmd] fn=1171 tache SB postee par l'ARM
  [sb] fn=1171 p51=49 | FB a fn=1162 toa=8743 pm=5431 ang=-1 | TOA-ROM=8743 src=fine | a_sch=0100 crc_ko
  [a_sch] fn=1172 page=0 : 0100 0000 0000 0000 -> 8100 0016 f85d 01fb  (d_dsp_page=0003) TOA=0 PM=5521 SNR=12 crc_ko
  [sbwin] SB #24 fn=500 p51=41 tick=1173 : armee=1 one_shot=1 page_prog=191 rif_avant=0 nwin=191 marge=21 -> FENETRE SB (one-shot) (dans une vraie fenetre SB : 1/24)
  [a_sch] fn=1173 page=1 : 0100 0000 0000 0000 -> 8000 08a6 001c 001a  (d_dsp_page=0003) TOA=23 PM=5349 SNR=16384 CRC_OK
  [jalon] fn=1173 SB PLAUSIBLE page=1 BSIC=7 a_sch=8000 08a6 001c 001a  hacks=RHEA_DMA
  [a_sch] fn=1174 page=0 : 8100 0016 f85d 01fb -> 0100 0000 0000 0000  (d_dsp_page=0003) TOA=0 PM=0 SNR=0 crc_ko
  [sbwin] SB #25 fn=511 p51=1 tick=1184 : armee=0 one_shot=0 page_prog=191 rif_avant=0 nwin=0 marge=0 -> DMA NON ARMEE (le RIF jette) : SCH memorise pour la fenetre SB (dans une vraie fenetre SB : 1/25)
  [a_sch] fn=1187 page=1 : 8000 08a6 001c 001a -> 0100 0000 0000 0000  (d_dsp_page=0003) TOA=0 PM=0 SNR=0 crc_ko
  [sbwin] SB #26 fn=521 p51=11 tick=1194 : armee=0 one_shot=0 page_prog=151 rif_avant=0 nwin=0 marge=0 -> DMA NON ARMEE (le RIF jette) : SCH memorise pour la fenetre SB (dans une vraie fenetre SB : 1/26)
  [sbwin] SB #27 fn=531 p51=21 tick=1204 : armee=0 one_shot=0 page_prog=151 rif_avant=0 nwin=0 marge=0 -> DMA NON ARMEE (le RIF jette) : SCH memorise pour la fenetre SB (dans une vraie fenetre SB : 1/27)
  [sbwin] SB #28 fn=541 p51=31 tick=1214 : armee=0 one_shot=0 page_prog=151 rif_avant=0 nwin=0 marge=0 -> DMA NON ARMEE (le RIF jette) : SCH memorise pour la fenetre SB (dans une vraie fenetre SB : 1/28)
  [sbwin] SB #29 fn=551 p51=41 tick=1224 : armee=0 one_shot=0 page_prog=151 rif_avant=0 nwin=0 marge=0 -> DMA NON ARMEE (le RIF jette) : SCH memorise pour la fenetre SB (dans une vraie fenetre SB : 1/29)
  [sbwin] SB #30 fn=562 p51=1 tick=1235 : armee=0 one_shot=0 page_prog=151 rif_avant=0 nwin=0 marge=0 -> DMA NON ARMEE (le RIF jette) : SCH memorise pour la fenetre SB (dans une vraie fenetre SB : 1/30)
  [sbwin] SB #31 fn=572 p51=11 tick=1245 : armee=0 one_shot=0 page_prog=151 rif_avant=0 nwin=0 marge=0 -> DMA NON ARMEE (le RIF jette) : SCH memorise pour la fenetre SB (dans une vraie fenetre SB : 1/31)
  [sbwin] SB #32 fn=582 p51=21 tick=1255 : armee=0 one_shot=0 page_prog=151 rif_avant=0 nwin=0 marge=0 -> DMA NON ARMEE (le RIF jette) : SCH memorise pour la fenetre SB (dans une vraie fenetre SB : 1/32)
  [sbwin] SB #33 fn=592 p51=31 tick=1265 : armee=0 one_shot=0 page_prog=151 rif_avant=0 nwin=0 marge=0 -> DMA NON ARMEE (le RIF jette) : SCH memorise pour la fenetre SB (dans une vraie fenetre SB : 1/33)
  [sbwin] SB #34 fn=602 p51=41 tick=1275 : armee=0 one_shot=0 page_prog=151 rif_avant=0 nwin=0 marge=0 -> DMA NON ARMEE (le RIF jette) : SCH memorise pour la fenetre SB (dans une vraie fenetre SB : 1/34)
  [sbwin] SB #35 fn=613 p51=1 tick=1286 : armee=0 one_shot=0 page_prog=151 rif_avant=0 nwin=0 marge=0 -> DMA NON ARMEE (le RIF jette) : SCH memorise pour la fenetre SB (dans une vraie fenetre SB : 1/35)
  [sbwin] SB #36 fn=623 p51=11 tick=1296 : armee=0 one_shot=0 page_prog=151 rif_avant=0 nwin=0 marge=0 -> DMA NON ARMEE (le RIF jette) : SCH memorise pour la fenetre SB (dans une vraie fenetre SB : 1/36)
  profil PC (27094 tranches, high-water 0xde92) : 9a80:8% 8240:8% 8380:7% 77c0:7% 7800:4% 83c0:4% 8200:3% 8300:3% 8540:3% 9a40:3% a0c0:2% 81c0:2%
  fn=1300    page=1 insn=36252   IDLE   d_fb_det=0     a_sch=0100 0000 0000 0000 sync=0000 1537 ffff  | trames=1302 irq=0 iq=0
  [sbwin] SB #37 fn=633 p51=21 tick=1306 : armee=0 one_shot=0 page_prog=151 rif_avant=0 nwin=0 marge=0 -> DMA NON ARMEE (le RIF jette) : SCH memorise pour la fenetre SB (dans une vraie fenetre SB : 1/37)
  [sbwin] SB #38 fn=643 p51=31 tick=1316 : armee=0 one_shot=0 page_prog=151 rif_avant=0 nwin=0 marge=0 -> DMA NON ARMEE (le RIF jette) : SCH memorise pour la fenetre SB (dans une vraie fenetre SB : 1/38)
  [sbwin] SB #39 fn=653 p51=41 tick=1326 : armee=0 one_shot=0 page_prog=151 rif_avant=0 nwin=0 marge=0 -> DMA NON ARMEE (le RIF jette) : SCH memorise pour la fenetre SB (dans une vraie fenetre SB : 1/39)
  [sbwin] SB #40 fn=664 p51=1 tick=1337 : armee=0 one_shot=0 page_prog=151 rif_avant=0 nwin=0 marge=0 -> DMA NON ARMEE (le RIF jette) : SCH memorise pour la fenetre SB (dans une vraie fenetre SB : 1/40)
  [sbwin] SB #41 fn=674 p51=11 tick=1347 : armee=0 one_shot=0 page_prog=151 rif_avant=0 nwin=0 marge=0 -> DMA NON ARMEE (le RIF jette) : SCH memorise pour la fenetre SB (dans une vraie fenetre SB : 1/41)
  [sbwin] SB #42 fn=684 p51=21 tick=1357 : armee=0 one_shot=0 page_prog=151 rif_avant=0 nwin=0 marge=0 -> DMA NON ARMEE (le RIF jette) : SCH memorise pour la fenetre SB (dans une vraie fenetre SB : 1/42)
  [sbwin] SB #43 fn=694 p51=31 tick=1367 : armee=0 one_shot=0 page_prog=151 rif_avant=0 nwin=0 marge=0 -> DMA NON ARMEE (le RIF jette) : SCH memorise pour la fenetre SB (dans une vraie fenetre SB : 1/43)
  [sbwin] SB #44 fn=704 p51=41 tick=1377 : armee=0 one_shot=0 page_prog=151 rif_avant=0 nwin=0 marge=0 -> DMA NON ARMEE (le RIF jette) : SCH memorise pour la fenetre SB (dans une vraie fenetre SB : 1/44)
  [sbwin] SB #45 fn=715 p51=1 tick=1388 : armee=0 one_shot=0 page_prog=151 rif_avant=0 nwin=0 marge=0 -> DMA NON ARMEE (le RIF jette) : SCH memorise pour la fenetre SB (dans une vraie fenetre SB : 1/45)
  [sbwin] SB #46 fn=725 p51=11 tick=1398 : armee=0 one_shot=0 page_prog=151 rif_avant=0 nwin=0 marge=0 -> DMA NON ARMEE (le RIF jette) : SCH memorise pour la fenetre SB (dans une vraie fenetre SB : 1/46)
  [sbwin] SB #47 fn=735 p51=21 tick=1408 : armee=0 one_shot=0 page_prog=151 rif_avant=0 nwin=0 marge=0 -> DMA NON ARMEE (le RIF jette) : SCH memorise pour la fenetre SB (dans une vraie fenetre SB : 1/47)
  [sbwin] SB #48 fn=745 p51=31 tick=1418 : armee=0 one_shot=0 page_prog=151 rif_avant=0 nwin=0 marge=0 -> DMA NON ARMEE (le RIF jette) : SCH memorise pour la fenetre SB (dans une vraie fenetre SB : 1/48)
  [sbwin] SB #49 fn=755 p51=41 tick=1428 : armee=0 one_shot=0 page_prog=151 rif_avant=0 nwin=0 marge=0 -> DMA NON ARMEE (le RIF jette) : SCH memorise pour la fenetre SB (dans une vraie fenetre SB : 1/49)
  [sbwin] SB #50 fn=766 p51=1 tick=1439 : armee=0 one_shot=0 page_prog=151 rif_avant=0 nwin=0 marge=0 -> DMA NON ARMEE (le RIF jette) : SCH memorise pour la fenetre SB (dans une vraie fenetre SB : 1/50)
  [sbwin] SB #51 fn=776 p51=11 tick=1449 : armee=0 one_shot=0 page_prog=151 rif_avant=0 nwin=0 marge=0 -> DMA NON ARMEE (le RIF jette) : SCH memorise pour la fenetre SB (dans une vraie fenetre SB : 1/51)
  [sbwin] SB #52 fn=786 p51=21 tick=1459 : armee=0 one_shot=0 page_prog=151 rif_avant=0 nwin=0 marge=0 -> DMA NON ARMEE (le RIF jette) : SCH memorise pour la fenetre SB (dans une vraie fenetre SB : 1/52)
  [sbwin] SB #53 fn=796 p51=31 tick=1469 : armee=0 one_shot=0 page_prog=151 rif_avant=0 nwin=0 marge=0 -> DMA NON ARMEE (le RIF jette) : SCH memorise pour la fenetre SB (dans une vraie fenetre SB : 1/53)
  [sbwin] SB #54 fn=806 p51=41 tick=1479 : armee=0 one_shot=0 page_prog=151 rif_avant=0 nwin=0 marge=0 -> DMA NON ARMEE (le RIF jette) : SCH memorise pour la fenetre SB (dans une vraie fenetre SB : 1/54)
  [sbwin] SB #55 fn=817 p51=1 tick=1490 : armee=0 one_shot=0 page_prog=151 rif_avant=0 nwin=0 marge=0 -> DMA NON ARMEE (le RIF jette) : SCH memorise pour la fenetre SB (dans une vraie fenetre SB : 1/55)
  [cmd] fn=1497 tache FB postee par l'ARM
  [jalon] fn=1499 d_fb_det=1  hacks=RHEA_DMA
  [sbwin] SB #56 fn=827 p51=11 tick=1500 : armee=0 one_shot=0 page_prog=48 rif_avant=0 nwin=0 marge=0 -> DMA NON ARMEE (le RIF jette) : SCH memorise pour la fenetre SB (dans une vraie fenetre SB : 1/56)
  [jalon] fn=1509 d_fb_det=1  hacks=RHEA_DMA
  [sbwin] SB #57 fn=837 p51=21 tick=1510 : armee=0 one_shot=0 page_prog=48 rif_avant=0 nwin=0 marge=0 -> DMA NON ARMEE (le RIF jette) : SCH memorise pour la fenetre SB (dans une vraie fenetre SB : 1/57)
  profil PC (23029 tranches, high-water 0xde92) : 9a80:9% 8240:9% 8380:8% 77c0:4% 83c0:4% 8200:4% 8300:3% 8540:3% 9a40:3% a0c0:3% 7800:2% 81c0:2%
  fn=1517    page=0 insn=121     IDLE   d_fb_det=0     a_sch=0100 0000 0000 0000 sync=0000 1530 ffff  | trames=1519 irq=0 iq=0
  [cmd] fn=1518 tache SB postee par l'ARM (W0 md=6 W1 md=0)
  [cmd] fn=1518 tache SB postee par l'ARM
  [sb] fn=1518 p51=39 | FB a fn=1509 toa=8743 pm=5424 ang=-1 | TOA-ROM=8743 src=fine | a_sch=0100 crc_ko
  [a_sch] fn=1519 page=0 : 0100 0000 0000 0000 -> 8100 0016 f85d 01fb  (d_dsp_page=0003) TOA=0 PM=5521 SNR=12 crc_ko
  [sbwin] SB #58 fn=847 p51=31 tick=1520 : armee=1 one_shot=1 page_prog=191 rif_avant=0 nwin=191 marge=21 -> FENETRE SB (one-shot) (dans une vraie fenetre SB : 2/58)
  [a_sch] fn=1520 page=1 : 0100 0000 0000 0000 -> 8000 038f 001c 013d  (d_dsp_page=0003) TOA=23 PM=5339 SNR=16384 CRC_OK
  [jalon] fn=1520 SB PLAUSIBLE page=1 BSIC=7 a_sch=8000 038f 001c 013d  hacks=RHEA_DMA
  [a_sch] fn=1521 page=0 : 8100 0016 f85d 01fb -> 0100 0000 0000 0000  (d_dsp_page=0003) TOA=0 PM=0 SNR=0 crc_ko
  [sbwin] SB #59 fn=857 p51=41 tick=1530 : armee=0 one_shot=0 page_prog=191 rif_avant=0 nwin=0 marge=0 -> DMA NON ARMEE (le RIF jette) : SCH memorise pour la fenetre SB (dans une vraie fenetre SB : 2/59)
  [sbwin] SB #60 fn=868 p51=1 tick=1541 : armee=0 one_shot=0 page_prog=191 rif_avant=0 nwin=0 marge=0 -> DMA NON ARMEE (le RIF jette) : SCH memorise pour la fenetre SB (dans une vraie fenetre SB : 2/60)
  [a_sch] fn=1544 page=1 : 8000 038f 001c 013d -> 0100 0000 0000 0000  (d_dsp_page=0003) TOA=0 PM=0 SNR=0 crc_ko
  [sbwin] SB #61 fn=878 p51=11 tick=1551 : armee=0 one_shot=0 page_prog=151 rif_avant=0 nwin=0 marge=0 -> DMA NON ARMEE (le RIF jette) : SCH memorise pour la fenetre SB (dans une vraie fenetre SB : 2/61)
  [sbwin] SB #62 fn=888 p51=21 tick=1561 : armee=0 one_shot=0 page_prog=151 rif_avant=0 nwin=0 marge=0 -> DMA NON ARMEE (le RIF jette) : SCH memorise pour la fenetre SB (dans une vraie fenetre SB : 2/62)
  [montant] RACH ra=0x0e bsic=7 fn=1567 -> /dev/shm/calypso_rach
  [montant]   declencheur : d_task_ra=RACH_DSP_TASK (task_ra=0x000a d_rach=0x0e1c)
  [sbwin] SB #63 fn=898 p51=31 tick=1571 : armee=0 one_shot=0 page_prog=151 rif_avant=0 nwin=0 marge=0 -> DMA NON ARMEE (le RIF jette) : SCH memorise pour la fenetre SB (dans une vraie fenetre SB : 2/63)
  [sbwin] SB #64 fn=908 p51=41 tick=1581 : armee=0 one_shot=0 page_prog=151 rif_avant=0 nwin=0 marge=0 -> DMA NON ARMEE (le RIF jette) : SCH memorise pour la fenetre SB (dans une vraie fenetre SB : 2/64)
  [sbwin] SB #65 fn=919 p51=1 tick=1592 : armee=0 one_shot=0 page_prog=151 rif_avant=0 nwin=0 marge=0 -> DMA NON ARMEE (le RIF jette) : SCH memorise pour la fenetre SB (dans une vraie fenetre SB : 2/65)
  [sbwin] SB #66 fn=929 p51=11 tick=1602 : armee=0 one_shot=0 page_prog=151 rif_avant=0 nwin=0 marge=0 -> DMA NON ARMEE (le RIF jette) : SCH memorise pour la fenetre SB (dans une vraie fenetre SB : 2/66)
  [sbwin] SB #67 fn=939 p51=21 tick=1612 : armee=0 one_shot=0 page_prog=151 rif_avant=0 nwin=0 marge=0 -> DMA NON ARMEE (le RIF jette) : SCH memorise pour la fenetre SB (dans une vraie fenetre SB : 2/67)
  [sbwin] SB #68 fn=949 p51=31 tick=1622 : armee=0 one_shot=0 page_prog=151 rif_avant=0 nwin=0 marge=0 -> DMA NON ARMEE (le RIF jette) : SCH memorise pour la fenetre SB (dans une vraie fenetre SB : 2/68)
  [sbwin] SB #69 fn=959 p51=41 tick=1632 : armee=0 one_shot=0 page_prog=151 rif_avant=0 nwin=0 marge=0 -> DMA NON ARMEE (le RIF jette) : SCH memorise pour la fenetre SB (dans une vraie fenetre SB : 2/69)
  [sbwin] SB #70 fn=970 p51=1 tick=1643 : armee=0 one_shot=0 page_prog=151 rif_avant=0 nwin=0 marge=0 -> DMA NON ARMEE (le RIF jette) : SCH memorise pour la fenetre SB (dans une vraie fenetre SB : 2/70)
  [sbwin] SB #71 fn=980 p51=11 tick=1653 : armee=0 one_shot=0 page_prog=151 rif_avant=0 nwin=0 marge=0 -> DMA NON ARMEE (le RIF jette) : SCH memorise pour la fenetre SB (dans une vraie fenetre SB : 2/71)
  [sbwin] SB #72 fn=990 p51=21 tick=1663 : armee=0 one_shot=0 page_prog=151 rif_avant=0 nwin=0 marge=0 -> DMA NON ARMEE (le RIF jette) : SCH memorise pour la fenetre SB (dans une vraie fenetre SB : 2/72)
  [sbwin] SB #73 fn=1000 p51=31 tick=1673 : armee=0 one_shot=0 page_prog=151 rif_avant=0 nwin=0 marge=0 -> DMA NON ARMEE (le RIF jette) : SCH memorise pour la fenetre SB (dans une vraie fenetre SB : 2/73)
  [sbwin] SB #74 fn=1010 p51=41 tick=1683 : armee=0 one_shot=0 page_prog=151 rif_avant=0 nwin=0 marge=0 -> DMA NON ARMEE (le RIF jette) : SCH memorise pour la fenetre SB (dans une vraie fenetre SB : 2/74)
  [sbwin] SB #75 fn=1021 p51=1 tick=1694 : armee=1 one_shot=1 page_prog=151 rif_avant=0 nwin=151 marge=3 -> autre fenetre (PM/NB/continue) : SCH memorise pour la fenetre SB (dans une vraie fenetre SB : 2/75)
  [montant] canal dedie (side-band seq=1) : arme TS1 SDCCH/8 SS=0
  [a_cd] fn=1697 p51=14 p102=65 etat=8040 FIRE KO L2=09 65 0a 34 | ok=0 ko=1
pont : canal dedie arme : TS1 SDCCH/8 SS=0
  [sbwin] SB #76 fn=1031 p51=11 tick=1704 : armee=0 one_shot=0 page_prog=151 rif_avant=0 nwin=0 marge=0 -> DMA NON ARMEE (le RIF jette) : SCH memorise pour la fenetre SB (dans une vraie fenetre SB : 2/76)
  [montant] SDCCH UL fn=1707 task=0x000c L2=01 3f 49 05 08 70 00 f1 10 ff fe 30 08 09 10 10 00 10 00 00 10 2b 2b
  [BSP] dedie : DESACCORD fn=1035 p51=15 p102=15 : table=0 tpu=1 (offset=439 ref=4876, tn_fenetre=1) [1 fois]
  [BSP] dedie : DESACCORD fn=1036 p51=16 p102=16 : table=0 tpu=1 (offset=439 ref=4876, tn_fenetre=1) [2 fois]
  [BSP] dedie : DESACCORD fn=1037 p51=17 p102=17 : table=0 tpu=1 (offset=439 ref=4876, tn_fenetre=1) [3 fois]
  [BSP] dedie : DESACCORD fn=1038 p51=18 p102=18 : table=0 tpu=1 (offset=439 ref=4876, tn_fenetre=1) [4 fois]
  [sbwin] SB #77 fn=1041 p51=21 tick=1714 : armee=0 one_shot=0 page_prog=151 rif_avant=0 nwin=0 marge=0 -> DMA NON ARMEE (le RIF jette) : SCH memorise pour la fenetre SB (dans une vraie fenetre SB : 2/77)
  [sbwin] SB #78 fn=1051 p51=31 tick=1724 : armee=0 one_shot=0 page_prog=151 rif_avant=0 nwin=0 marge=0 -> DMA NON ARMEE (le RIF jette) : SCH memorise pour la fenetre SB (dans une vraie fenetre SB : 2/78)
  [BSP] dedie : DESACCORD fn=1052 p51=32 p102=32 : table=1 tpu=0 (offset=4876 ref=4876, tn_fenetre=0) [5 fois]
  [ts0] tick=1725 fn=1052 p51=32 NB fenetre=151 marge=3 rif_avant=0  <- canal dedie
  [BSP] dedie : DESACCORD fn=1053 p51=33 p102=33 : table=1 tpu=0 (offset=4876 ref=4876, tn_fenetre=0) [6 fois]
  [ts0] tick=1726 fn=1053 p51=33 NB fenetre=151 marge=3 rif_avant=0  <- canal dedie
  [BSP] dedie : DESACCORD fn=1054 p51=34 p102=34 : table=1 tpu=0 (offset=4876 ref=4876, tn_fenetre=0) [7 fois]
  [ts0] tick=1727 fn=1054 p51=34 NB fenetre=151 marge=3 rif_avant=0  <- canal dedie
  [BSP] dedie : DESACCORD fn=1055 p51=35 p102=35 : table=1 tpu=0 (offset=4876 ref=4876, tn_fenetre=0) [8 fois]
  [ts0] tick=1728 fn=1055 p51=35 NB fenetre=151 marge=3 rif_avant=0  <- canal dedie
  [a_cd] fn=1728 p51=45 p102=96 etat=8000 ok L2=07 00 03 03 | ok=1 ko=1
  [sbwin] SB #79 fn=1061 p51=41 tick=1734 : armee=0 one_shot=0 page_prog=151 rif_avant=0 nwin=0 marge=0 -> DMA NON ARMEE (le RIF jette) : SCH memorise pour la fenetre SB (dans une vraie fenetre SB : 2/79)
  profil PC (17734 tranches, high-water 0xde92) : 9a80:11% 8240:10% 8380:9% 83c0:5% 8200:5% 8300:4% 8540:4% 9a40:4% a0c0:3% 81c0:3% 82c0:3% a680:2%
  fn=1734    page=1 insn=121     IDLE   d_fb_det=0     a_sch=0100 0000 0000 0000 sync=0000 1530 ffff  | trames=1736 irq=0 iq=0
  hacks actifs : RHEA_DMA ; cadencement : STREAM LOCKSTEP  ; stimulus : none
  [montant] SDCCH UL fn=1739 task=0x000c L2=07 00 01 03 49 06 15 00 40 01 c0 00 00 00 00 00 00 00 00 00 00 00 00
  [BSP] dedie : DESACCORD fn=1067 p51=47 p102=47 : table=0 tpu=1 (offset=439 ref=4876, tn_fenetre=1) [9 fois]
  [BSP] dedie : DESACCORD fn=1068 p51=48 p102=48 : table=0 tpu=1 (offset=439 ref=4876, tn_fenetre=1) [10 fois]
  [BSP] dedie : DESACCORD fn=1069 p51=49 p102=49 : table=0 tpu=1 (offset=439 ref=4876, tn_fenetre=1) [11 fois]
  [BSP] dedie : DESACCORD fn=1070 p51=50 p102=50 : table=0 tpu=1 (offset=439 ref=4876, tn_fenetre=1) [12 fois]
  [ts0] tick=1744 fn=1071 p51=0 NB fenetre=151 marge=3 rif_avant=0  <- canal dedie
  [ts0] tick=1745 fn=1072 p51=1 NB fenetre=151 marge=3 rif_avant=0  <- canal dedie
  [ts0] tick=1746 fn=1073 p51=2 NB fenetre=151 marge=3 rif_avant=0  <- canal dedie
  [ts0] tick=1747 fn=1074 p51=3 NB fenetre=151 marge=3 rif_avant=0  <- canal dedie
  [BSP] dedie : DESACCORD fn=1075 p51=4 p102=55 : table=0 tpu=1 (offset=439 ref=4876, tn_fenetre=1) [13 fois]
  [BSP] dedie : DESACCORD fn=1076 p51=5 p102=56 : table=0 tpu=1 (offset=439 ref=4876, tn_fenetre=1) [14 fois]
  [BSP] dedie : DESACCORD fn=1077 p51=6 p102=57 : table=0 tpu=1 (offset=439 ref=4876, tn_fenetre=1) [15 fois]
  [BSP] dedie : DESACCORD fn=1078 p51=7 p102=58 : table=0 tpu=1 (offset=439 ref=4876, tn_fenetre=1) [16 fois]
  [BSP] dedie : DESACCORD fn=1079 p51=8 p102=59 : table=0 tpu=1 (offset=439 ref=4876, tn_fenetre=1) [17 fois]
  [BSP] dedie : DESACCORD fn=1080 p51=9 p102=60 : table=0 tpu=1 (offset=439 ref=4876, tn_fenetre=1) [18 fois]
  [BSP] dedie : DESACCORD fn=1081 p51=10 p102=61 : table=0 tpu=1 (offset=439 ref=4876, tn_fenetre=1) [19 fois]
  [BSP] dedie : DESACCORD fn=1082 p51=11 p102=62 : table=0 tpu=1 (offset=439 ref=4876, tn_fenetre=1) [20 fois]
  [sbwin] SB #80 fn=1082 p51=11 tick=1755 : armee=0 one_shot=0 page_prog=151 rif_avant=0 nwin=0 marge=0 -> DMA NON ARMEE (le RIF jette) : SCH memorise pour la fenetre SB (dans une vraie fenetre SB : 2/80)
  [BSP] dedie : DESACCORD fn=1083 p51=12 p102=63 : table=0 tpu=1 (offset=439 ref=4876, tn_fenetre=1) [21 fois]
  [BSP] dedie : DESACCORD fn=1084 p51=13 p102=64 : table=0 tpu=1 (offset=439 ref=4876, tn_fenetre=1) [22 fois]
  [BSP] dedie : DESACCORD fn=1085 p51=14 p102=65 : table=0 tpu=1 (offset=439 ref=4876, tn_fenetre=1) [23 fois]
  [BSP] dedie : DESACCORD fn=1086 p51=15 p102=66 : table=0 tpu=1 (offset=439 ref=4876, tn_fenetre=1) [24 fois]
  [BSP] dedie : DESACCORD fn=1087 p51=16 p102=67 : table=0 tpu=1 (offset=439 ref=4876, tn_fenetre=1) [25 fois]
  [BSP] dedie : DESACCORD fn=1088 p51=17 p102=68 : table=0 tpu=1 (offset=439 ref=4876, tn_fenetre=1) [26 fois]
  [BSP] dedie : DESACCORD fn=1089 p51=18 p102=69 : table=0 tpu=1 (offset=439 ref=4876, tn_fenetre=1) [27 fois]
  [BSP] dedie : DESACCORD fn=1090 p51=19 p102=70 : table=0 tpu=1 (offset=439 ref=4876, tn_fenetre=1) [28 fois]
  [BSP] dedie : DESACCORD fn=1091 p51=20 p102=71 : table=0 tpu=1 (offset=439 ref=4876, tn_fenetre=1) [29 fois]
  [BSP] dedie : DESACCORD fn=1092 p51=21 p102=72 : table=0 tpu=1 (offset=439 ref=4876, tn_fenetre=1) [30 fois]
  [sbwin] SB #81 fn=1092 p51=21 tick=1765 : armee=0 one_shot=0 page_prog=151 rif_avant=0 nwin=0 marge=0 -> DMA NON ARMEE (le RIF jette) : SCH memorise pour la fenetre SB (dans une vraie fenetre SB : 2/81)
  [BSP] dedie : DESACCORD fn=1093 p51=22 p102=73 : table=0 tpu=1 (offset=439 ref=4876, tn_fenetre=1) [31 fois]
  [BSP] dedie : DESACCORD fn=1094 p51=23 p102=74 : table=0 tpu=1 (offset=439 ref=4876, tn_fenetre=1) [32 fois]
  [BSP] dedie : DESACCORD fn=1095 p51=24 p102=75 : table=0 tpu=1 (offset=439 ref=4876, tn_fenetre=1) [33 fois]
  [BSP] dedie : DESACCORD fn=1096 p51=25 p102=76 : table=0 tpu=1 (offset=439 ref=4876, tn_fenetre=1) [34 fois]
  [BSP] dedie : DESACCORD fn=1097 p51=26 p102=77 : table=0 tpu=1 (offset=439 ref=4876, tn_fenetre=1) [35 fois]
  [BSP] dedie : DESACCORD fn=1098 p51=27 p102=78 : table=0 tpu=1 (offset=439 ref=4876, tn_fenetre=1) [36 fois]
  [BSP] dedie : DESACCORD fn=1099 p51=28 p102=79 : table=0 tpu=1 (offset=439 ref=4876, tn_fenetre=1) [37 fois]
  [BSP] dedie : DESACCORD fn=1100 p51=29 p102=80 : table=0 tpu=1 (offset=439 ref=4876, tn_fenetre=1) [38 fois]
  [BSP] dedie : DESACCORD fn=1101 p51=30 p102=81 : table=0 tpu=1 (offset=439 ref=4876, tn_fenetre=1) [39 fois]
  [BSP] dedie : DESACCORD fn=1102 p51=31 p102=82 : table=0 tpu=1 (offset=439 ref=4876, tn_fenetre=1) [40 fois]
  [sbwin] SB #82 fn=1102 p51=31 tick=1775 : armee=0 one_shot=0 page_prog=151 rif_avant=0 nwin=0 marge=0 -> DMA NON ARMEE (le RIF jette) : SCH memorise pour la fenetre SB (dans une vraie fenetre SB : 2/82)
  [sbwin] SB #83 fn=1112 p51=41 tick=1785 : armee=0 one_shot=0 page_prog=151 rif_avant=0 nwin=0 marge=0 -> DMA NON ARMEE (le RIF jette) : SCH memorise pour la fenetre SB (dans une vraie fenetre SB : 2/83)
  [ts0] tick=1795 fn=1122 p51=0 NB fenetre=151 marge=3 rif_avant=0  <- canal dedie
  [ts0] tick=1796 fn=1123 p51=1 NB fenetre=151 marge=3 rif_avant=0  <- canal dedie
  [ts0] tick=1797 fn=1124 p51=2 NB fenetre=151 marge=3 rif_avant=0  <- canal dedie
  [ts0] tick=1798 fn=1125 p51=3 NB fenetre=151 marge=3 rif_avant=0  <- canal dedie
  [sbwin] SB #84 fn=1133 p51=11 tick=1806 : armee=0 one_shot=0 page_prog=151 rif_avant=0 nwin=0 marge=0 -> DMA NON ARMEE (le RIF jette) : SCH memorise pour la fenetre SB (dans une vraie fenetre SB : 2/84)
  [sbwin] SB #85 fn=1143 p51=21 tick=1816 : armee=0 one_shot=0 page_prog=151 rif_avant=0 nwin=0 marge=0 -> DMA NON ARMEE (le RIF jette) : SCH memorise pour la fenetre SB (dans une vraie fenetre SB : 2/85)
  [sbwin] SB #86 fn=1153 p51=31 tick=1826 : armee=0 one_shot=0 page_prog=151 rif_avant=0 nwin=0 marge=0 -> DMA NON ARMEE (le RIF jette) : SCH memorise pour la fenetre SB (dans une vraie fenetre SB : 2/86)
  [ts0] tick=1827 fn=1154 p51=32 NB fenetre=151 marge=3 rif_avant=0  <- canal dedie
  [ts0] tick=1828 fn=1155 p51=33 NB fenetre=151 marge=3 rif_avant=0  <- canal dedie
  [ts0] tick=1829 fn=1156 p51=34 NB fenetre=151 marge=3 rif_avant=0  <- canal dedie
  [ts0] tick=1830 fn=1157 p51=35 NB fenetre=151 marge=3 rif_avant=0  <- canal dedie
  [sbwin] SB #87 fn=1163 p51=41 tick=1836 : armee=0 one_shot=0 page_prog=151 rif_avant=0 nwin=0 marge=0 -> DMA NON ARMEE (le RIF jette) : SCH memorise pour la fenetre SB (dans une vraie fenetre SB : 2/87)
  [montant] SDCCH UL fn=1841 task=0x000c L2=07 00 01 03 49 06 15 00 40 01 c0 00 00 00 00 00 00 00 00 00 00 00 00
  [ts0] tick=1846 fn=1173 p51=0 NB fenetre=151 marge=3 rif_avant=0  <- canal dedie
  [ts0] tick=1847 fn=1174 p51=1 NB fenetre=151 marge=3 rif_avant=0  <- canal dedie
  [ts0] tick=1848 fn=1175 p51=2 NB fenetre=151 marge=3 rif_avant=0  <- canal dedie
  [ts0] tick=1849 fn=1176 p51=3 NB fenetre=151 marge=3 rif_avant=0  <- canal dedie
  [sbwin] SB #88 fn=1184 p51=11 tick=1857 : armee=0 one_shot=0 page_prog=151 rif_avant=0 nwin=0 marge=0 -> DMA NON ARMEE (le RIF jette) : SCH memorise pour la fenetre SB (dans une vraie fenetre SB : 2/88)
  [montant] SDCCH UL fn=1860 task=0x000c L2=03 21 01 2b 2b 2b 2b 2b 2b 2b 2b 2b 2b 2b 2b 2b 2b 2b 2b 2b 2b 2b 2b
  [sbwin] SB #89 fn=1194 p51=21 tick=1867 : armee=0 one_shot=0 page_prog=151 rif_avant=0 nwin=0 marge=0 -> DMA NON ARMEE (le RIF jette) : SCH memorise pour la fenetre SB (dans une vraie fenetre SB : 2/89)
  [sbwin] SB #90 fn=1204 p51=31 tick=1877 : armee=0 one_shot=0 page_prog=151 rif_avant=0 nwin=0 marge=0 -> DMA NON ARMEE (le RIF jette) : SCH memorise pour la fenetre SB (dans une vraie fenetre SB : 2/90)
  [sbwin] SB #91 fn=1214 p51=41 tick=1887 : armee=0 one_shot=0 page_prog=151 rif_avant=0 nwin=0 marge=0 -> DMA NON ARMEE (le RIF jette) : SCH memorise pour la fenetre SB (dans une vraie fenetre SB : 2/91)
  [ts0] tick=1897 fn=1224 p51=0 NB fenetre=151 marge=3 rif_avant=0  <- canal dedie
  [ts0] tick=1898 fn=1225 p51=1 NB fenetre=151 marge=3 rif_avant=0  <- canal dedie
  [ts0] tick=1899 fn=1226 p51=2 NB fenetre=151 marge=3 rif_avant=0  <- canal dedie
  [ts0] tick=1900 fn=1227 p51=3 NB fenetre=151 marge=3 rif_avant=0  <- canal dedie
  [sbwin] SB #92 fn=1235 p51=11 tick=1908 : armee=0 one_shot=0 page_prog=151 rif_avant=0 nwin=0 marge=0 -> DMA NON ARMEE (le RIF jette) : SCH memorise pour la fenetre SB (dans une vraie fenetre SB : 2/92)
  [montant] SDCCH UL fn=1911 task=0x000c L2=01 20 31 05 59 09 33 85 29 05 80 69 57 49 f0 2b 2b 2b 2b 2b 2b 2b 2b
  [sbwin] SB #93 fn=1245 p51=21 tick=1918 : armee=0 one_shot=0 page_prog=151 rif_avant=0 nwin=0 marge=0 -> DMA NON ARMEE (le RIF jette) : SCH memorise pour la fenetre SB (dans une vraie fenetre SB : 2/93)
  [sbwin] SB #94 fn=1255 p51=31 tick=1928 : armee=0 one_shot=0 page_prog=151 rif_avant=0 nwin=0 marge=0 -> DMA NON ARMEE (le RIF jette) : SCH memorise pour la fenetre SB (dans une vraie fenetre SB : 2/94)
  [ts0] tick=1929 fn=1256 p51=32 NB fenetre=151 marge=3 rif_avant=0  <- canal dedie
  [ts0] tick=1930 fn=1257 p51=33 NB fenetre=151 marge=3 rif_avant=0  <- canal dedie
  [ts0] tick=1931 fn=1258 p51=34 NB fenetre=151 marge=3 rif_avant=0  <- canal dedie
  [ts0] tick=1932 fn=1259 p51=35 NB fenetre=151 marge=3 rif_avant=0  <- canal dedie
  [sbwin] SB #95 fn=1265 p51=41 tick=1938 : armee=0 one_shot=0 page_prog=151 rif_avant=0 nwin=0 marge=0 -> DMA NON ARMEE (le RIF jette) : SCH memorise pour la fenetre SB (dans une vraie fenetre SB : 2/95)
  [montant] SDCCH UL fn=1943 task=0x000c L2=07 00 01 03 49 06 15 bf 3f 00 00 00 00 00 00 00 00 00 00 00 00 00 00
  [ts0] tick=1948 fn=1275 p51=0 NB fenetre=151 marge=3 rif_avant=0  <- canal dedie
  [ts0] tick=1949 fn=1276 p51=1 NB fenetre=151 marge=3 rif_avant=0  <- canal dedie
  [ts0] tick=1950 fn=1277 p51=2 NB fenetre=151 marge=3 rif_avant=0  <- canal dedie
  [ts0] tick=1951 fn=1278 p51=3 NB fenetre=151 marge=3 rif_avant=0  <- canal dedie
  profil PC (10484 tranches, high-water 0xde92) : 9a80:10% 8240:9% 8380:8% 83c0:4% 8200:4% a680:4% 8300:4% 8540:4% 9a40:3% a0c0:3% 81c0:2% 82c0:2%
  fn=1951    page=1 insn=36256   IDLE   d_fb_det=0     a_sch=0100 0000 0000 0000 sync=0000 1530 ffff  | trames=1953 irq=0 iq=0
  [BSP] dedie : DESACCORD fn=1286 p51=11 p102=62 : table=0 tpu=1 (offset=439 ref=4876, tn_fenetre=1) [200 fois]
  [sbwin] SB #96 fn=1286 p51=11 tick=1959 : armee=0 one_shot=0 page_prog=151 rif_avant=0 nwin=0 marge=0 -> DMA NON ARMEE (le RIF jette) : SCH memorise pour la fenetre SB (dans une vraie fenetre SB : 2/96)
  [sbwin] SB #97 fn=1296 p51=21 tick=1969 : armee=0 one_shot=0 page_prog=151 rif_avant=0 nwin=0 marge=0 -> DMA NON ARMEE (le RIF jette) : SCH memorise pour la fenetre SB (dans une vraie fenetre SB : 2/97)
  [sbwin] SB #98 fn=1306 p51=31 tick=1979 : armee=0 one_shot=0 page_prog=151 rif_avant=0 nwin=0 marge=0 -> DMA NON ARMEE (le RIF jette) : SCH memorise pour la fenetre SB (dans une vraie fenetre SB : 2/98)
  [sbwin] SB #99 fn=1316 p51=41 tick=1989 : armee=0 one_shot=0 page_prog=151 rif_avant=0 nwin=0 marge=0 -> DMA NON ARMEE (le RIF jette) : SCH memorise pour la fenetre SB (dans une vraie fenetre SB : 2/99)
  [chrono] fn=1998 sur 1000 trames (ms) : qemu 3.61 | A 0.05 | go 0.26 | B 0.21 | apres DONE 0.48 | trame 4.61 (temps reel 4.62)
  [ts0] tick=1999 fn=1326 p51=0 NB fenetre=151 marge=3 rif_avant=0  <- canal dedie
  [ts0] tick=2000 fn=1327 p51=1 NB fenetre=151 marge=3 rif_avant=0  <- canal dedie
  [ts0] tick=2001 fn=1328 p51=2 NB fenetre=151 marge=3 rif_avant=0  <- canal dedie
  [ts0] tick=2002 fn=1329 p51=3 NB fenetre=151 marge=3 rif_avant=0  <- canal dedie
  [sbwin] SB #100 fn=1337 p51=11 tick=2010 : armee=0 one_shot=0 page_prog=151 rif_avant=0 nwin=0 marge=0 -> DMA NON ARMEE (le RIF jette) : SCH memorise pour la fenetre SB (dans une vraie fenetre SB : 2/100)
  [sbwin] SB #101 fn=1347 p51=21 tick=2020 : armee=0 one_shot=0 page_prog=151 rif_avant=0 nwin=0 marge=0 -> DMA NON ARMEE (le RIF jette) : SCH memorise pour la fenetre SB (dans une vraie fenetre SB : 2/101)
  [sbwin] SB #102 fn=1357 p51=31 tick=2030 : armee=0 one_shot=0 page_prog=151 rif_avant=0 nwin=0 marge=0 -> DMA NON ARMEE (le RIF jette) : SCH memorise pour la fenetre SB (dans une vraie fenetre SB : 2/102)
  [ts0] tick=2031 fn=1358 p51=32 NB fenetre=151 marge=3 rif_avant=0  <- canal dedie
  [ts0] tick=2032 fn=1359 p51=33 NB fenetre=151 marge=3 rif_avant=0  <- canal dedie
  [ts0] tick=2033 fn=1360 p51=34 NB fenetre=151 marge=3 rif_avant=0  <- canal dedie
  [ts0] tick=2034 fn=1361 p51=35 NB fenetre=151 marge=3 rif_avant=0  <- canal dedie
  [sbwin] SB #103 fn=1367 p51=41 tick=2040 : armee=0 one_shot=0 page_prog=151 rif_avant=0 nwin=0 marge=0 -> DMA NON ARMEE (le RIF jette) : SCH memorise pour la fenetre SB (dans une vraie fenetre SB : 2/103)
  [montant] SDCCH UL fn=2045 task=0x000c L2=07 00 01 03 49 06 15 bf 3f 00 00 00 00 00 00 00 00 00 00 00 00 00 00
  [ts0] tick=2050 fn=1377 p51=0 NB fenetre=151 marge=3 rif_avant=0  <- canal dedie
  [ts0] tick=2051 fn=1378 p51=1 NB fenetre=151 marge=3 rif_avant=0  <- canal dedie
  [ts0] tick=2052 fn=1379 p51=2 NB fenetre=151 marge=3 rif_avant=0  <- canal dedie
  [ts0] tick=2053 fn=1380 p51=3 NB fenetre=151 marge=3 rif_avant=0  <- canal dedie
  [sbwin] SB #104 fn=1388 p51=11 tick=2061 : armee=0 one_shot=0 page_prog=151 rif_avant=0 nwin=0 marge=0 -> DMA NON ARMEE (le RIF jette) : SCH memorise pour la fenetre SB (dans une vraie fenetre SB : 2/104)
  [montant] SDCCH UL fn=2064 task=0x000c L2=03 41 01 2b 2b 2b 2b 2b 2b 2b 2b 2b 2b 2b 2b 2b 2b 2b 2b 2b 2b 2b 2b
  [sbwin] SB #105 fn=1398 p51=21 tick=2071 : armee=0 one_shot=0 page_prog=151 rif_avant=0 nwin=0 marge=0 -> DMA NON ARMEE (le RIF jette) : SCH memorise pour la fenetre SB (dans une vraie fenetre SB : 2/105)
  [sbwin] SB #106 fn=1408 p51=31 tick=2081 : armee=0 one_shot=0 page_prog=151 rif_avant=0 nwin=0 marge=0 -> DMA NON ARMEE (le RIF jette) : SCH memorise pour la fenetre SB (dans une vraie fenetre SB : 2/106)
  [sbwin] SB #107 fn=1418 p51=41 tick=2091 : armee=0 one_shot=0 page_prog=151 rif_avant=0 nwin=0 marge=0 -> DMA NON ARMEE (le RIF jette) : SCH memorise pour la fenetre SB (dans une vraie fenetre SB : 2/107)
  [ts0] tick=2101 fn=1428 p51=0 NB fenetre=151 marge=3 rif_avant=0  <- canal dedie
  [ts0] tick=2102 fn=1429 p51=1 NB fenetre=151 marge=3 rif_avant=0  <- canal dedie
  [ts0] tick=2103 fn=1430 p51=2 NB fenetre=151 marge=3 rif_avant=0  <- canal dedie
  [ts0] tick=2104 fn=1431 p51=3 NB fenetre=151 marge=3 rif_avant=0  <- canal dedie
  [sbwin] SB #108 fn=1439 p51=11 tick=2112 : armee=0 one_shot=0 page_prog=151 rif_avant=0 nwin=0 marge=0 -> DMA NON ARMEE (le RIF jette) : SCH memorise pour la fenetre SB (dans une vraie fenetre SB : 2/108)
  [montant] SDCCH UL fn=2115 task=0x000c L2=01 42 19 05 14 4b ed b9 81 2b 2b 2b 2b 2b 2b 2b 2b 2b 2b 2b 2b 2b 2b
  [sbwin] SB #109 fn=1449 p51=21 tick=2122 : armee=0 one_shot=0 page_prog=151 rif_avant=0 nwin=0 marge=0 -> DMA NON ARMEE (le RIF jette) : SCH memorise pour la fenetre SB (dans une vraie fenetre SB : 2/109)
  [sbwin] SB #110 fn=1459 p51=31 tick=2132 : armee=0 one_shot=0 page_prog=151 rif_avant=0 nwin=0 marge=0 -> DMA NON ARMEE (le RIF jette) : SCH memorise pour la fenetre SB (dans une vraie fenetre SB : 2/110)
  [ts0] tick=2133 fn=1460 p51=32 NB fenetre=151 marge=3 rif_avant=0  <- canal dedie
  [ts0] tick=2134 fn=1461 p51=33 NB fenetre=151 marge=3 rif_avant=0  <- canal dedie
  [ts0] tick=2135 fn=1462 p51=34 NB fenetre=151 marge=3 rif_avant=0  <- canal dedie
  [ts0] tick=2136 fn=1463 p51=35 NB fenetre=151 marge=3 rif_avant=0  <- canal dedie
  [sbwin] SB #111 fn=1469 p51=41 tick=2142 : armee=0 one_shot=0 page_prog=151 rif_avant=0 nwin=0 marge=0 -> DMA NON ARMEE (le RIF jette) : SCH memorise pour la fenetre SB (dans une vraie fenetre SB : 2/111)
  [montant] SDCCH UL fn=2147 task=0x000c L2=08 00 01 03 49 06 15 bf 3f 00 00 00 00 00 00 00 00 00 00 00 00 00 00
  [ts0] tick=2152 fn=1479 p51=0 NB fenetre=151 marge=3 rif_avant=0  <- canal dedie
  [ts0] tick=2153 fn=1480 p51=1 NB fenetre=151 marge=3 rif_avant=0  <- canal dedie
  [ts0] tick=2154 fn=1481 p51=2 NB fenetre=151 marge=3 rif_avant=0  <- canal dedie
  [ts0] tick=2155 fn=1482 p51=3 NB fenetre=151 marge=3 rif_avant=0  <- canal dedie
  [sbwin] SB #112 fn=1490 p51=11 tick=2163 : armee=0 one_shot=0 page_prog=151 rif_avant=0 nwin=0 marge=0 -> DMA NON ARMEE (le RIF jette) : SCH memorise pour la fenetre SB (dans une vraie fenetre SB : 2/112)
  profil PC (9199 tranches, high-water 0xde92) : 9a80:10% 8240:9% 8380:8% a680:5% 83c0:4% 8200:4% 8300:4% 8540:4% 9a40:3% a0c0:3% 81c0:2% 82c0:2%
  fn=2168    page=1 insn=936     IDLE   d_fb_det=0     a_sch=0100 0000 0000 0000 sync=0000 1530 ffff  | trames=2170 irq=0 iq=0
  [sbwin] SB #113 fn=1500 p51=21 tick=2173 : armee=0 one_shot=0 page_prog=151 rif_avant=0 nwin=0 marge=0 -> DMA NON ARMEE (le RIF jette) : SCH memorise pour la fenetre SB (dans une vraie fenetre SB : 2/113)
  [BSP] dedie : DESACCORD fn=1510 p51=31 p102=82 : table=0 tpu=1 (offset=439 ref=4876, tn_fenetre=1) [400 fois]
  [sbwin] SB #114 fn=1510 p51=31 tick=2183 : armee=0 one_shot=0 page_prog=151 rif_avant=0 nwin=0 marge=0 -> DMA NON ARMEE (le RIF jette) : SCH memorise pour la fenetre SB (dans une vraie fenetre SB : 2/114)
  [sbwin] SB #115 fn=1520 p51=41 tick=2193 : armee=0 one_shot=0 page_prog=151 rif_avant=0 nwin=0 marge=0 -> DMA NON ARMEE (le RIF jette) : SCH memorise pour la fenetre SB (dans une vraie fenetre SB : 2/115)
  [ts0] tick=2203 fn=1530 p51=0 NB fenetre=151 marge=3 rif_avant=0  <- canal dedie
  [ts0] tick=2204 fn=1531 p51=1 NB fenetre=151 marge=3 rif_avant=0  <- canal dedie
  [ts0] tick=2205 fn=1532 p51=2 NB fenetre=151 marge=3 rif_avant=0  <- canal dedie
  [ts0] tick=2206 fn=1533 p51=3 NB fenetre=151 marge=3 rif_avant=0  <- canal dedie
  [sbwin] SB #116 fn=1541 p51=11 tick=2214 : armee=0 one_shot=0 page_prog=151 rif_avant=0 nwin=0 marge=0 -> DMA NON ARMEE (le RIF jette) : SCH memorise pour la fenetre SB (dans une vraie fenetre SB : 2/116)
  [sbwin] SB #117 fn=1551 p51=21 tick=2224 : armee=0 one_shot=0 page_prog=151 rif_avant=0 nwin=0 marge=0 -> DMA NON ARMEE (le RIF jette) : SCH memorise pour la fenetre SB (dans une vraie fenetre SB : 2/117)
  [sbwin] SB #118 fn=1561 p51=31 tick=2234 : armee=0 one_shot=0 page_prog=151 rif_avant=0 nwin=0 marge=0 -> DMA NON ARMEE (le RIF jette) : SCH memorise pour la fenetre SB (dans une vraie fenetre SB : 2/118)
  [ts0] tick=2235 fn=1562 p51=32 NB fenetre=151 marge=3 rif_avant=0  <- canal dedie
  [ts0] tick=2236 fn=1563 p51=33 NB fenetre=151 marge=3 rif_avant=0  <- canal dedie
  [ts0] tick=2237 fn=1564 p51=34 NB fenetre=151 marge=3 rif_avant=0  <- canal dedie
  [ts0] tick=2238 fn=1565 p51=35 NB fenetre=151 marge=3 rif_avant=0  <- canal dedie
  [sbwin] SB #119 fn=1571 p51=41 tick=2244 : armee=0 one_shot=0 page_prog=151 rif_avant=0 nwin=0 marge=0 -> DMA NON ARMEE (le RIF jette) : SCH memorise pour la fenetre SB (dans une vraie fenetre SB : 2/119)
  [montant] SDCCH UL fn=2249 task=0x000c L2=08 00 01 03 49 06 15 bf 3f 00 00 00 00 00 00 00 00 00 00 00 00 00 00
  [ts0] tick=2254 fn=1581 p51=0 NB fenetre=151 marge=3 rif_avant=0  <- canal dedie
  [ts0] tick=2255 fn=1582 p51=1 NB fenetre=151 marge=3 rif_avant=0  <- canal dedie
  [ts0] tick=2256 fn=1583 p51=2 NB fenetre=151 marge=3 rif_avant=0  <- canal dedie
  [ts0] tick=2257 fn=1584 p51=3 NB fenetre=151 marge=3 rif_avant=0  <- canal dedie
  [a5-arm] tick=2259 d_a5mode=1 a_kc=bc00 f7d3 11d3 627e
  [montant] chiffrement A5/1 : Kc publie vers /dev/shm/calypso_kc_l1 (seq=2)
  [sbwin] SB #120 fn=1592 p51=11 tick=2265 : armee=0 one_shot=0 page_prog=151 rif_avant=0 nwin=0 marge=0 -> DMA NON ARMEE (le RIF jette) : SCH memorise pour la fenetre SB (dans une vraie fenetre SB : 2/120)
  [montant] SDCCH UL fn=2268 task=0x000c L2=03 61 01 2b 2b 2b 2b 2b 2b 2b 2b 2b 2b 2b 2b 2b 2b 2b 2b 2b 2b 2b 2b
  [a5] #0 A5/1 fn=1596 (T1=1 T2=10 T3=15) Kc=627e11d3f7d3bc00 (NOUVEAU Kc) | dernier depot BSP fn=1595 (ecart +1)
  [a5] #1 A5/1 fn=1596 (T1=1 T2=10 T3=15) Kc=627e11d3f7d3bc00 | dernier depot BSP fn=1595 (ecart +1)
  [a5] #2 A5/1 fn=1596 (T1=1 T2=10 T3=15) Kc=627e11d3f7d3bc00 | dernier depot BSP fn=1595 (ecart +1)
  [a5] #3 A5/1 fn=1597 (T1=1 T2=11 T3=16) Kc=627e11d3f7d3bc00 | dernier depot BSP fn=1596 (ecart +1)
  [a5] #4 A5/1 fn=1597 (T1=1 T2=11 T3=16) Kc=627e11d3f7d3bc00 | dernier depot BSP fn=1596 (ecart +1)
  [a5] #5 A5/1 fn=1597 (T1=1 T2=11 T3=16) Kc=627e11d3f7d3bc00 | dernier depot BSP fn=1596 (ecart +1)
  [a5] #6 A5/1 fn=1598 (T1=1 T2=12 T3=17) Kc=627e11d3f7d3bc00 | dernier depot BSP fn=1597 (ecart +1)
  [a5] #7 A5/1 fn=1598 (T1=1 T2=12 T3=17) Kc=627e11d3f7d3bc00 | dernier depot BSP fn=1597 (ecart +1)
  [sbwin] SB #121 fn=1602 p51=21 tick=2275 : armee=0 one_shot=0 page_prog=151 rif_avant=0 nwin=0 marge=0 -> DMA NON ARMEE (le RIF jette) : SCH memorise pour la fenetre SB (dans une vraie fenetre SB : 2/121)
  [sbwin] SB #122 fn=1612 p51=31 tick=2285 : armee=0 one_shot=0 page_prog=151 rif_avant=0 nwin=0 marge=0 -> DMA NON ARMEE (le RIF jette) : SCH memorise pour la fenetre SB (dans une vraie fenetre SB : 2/122)
  [sbwin] SB #123 fn=1622 p51=41 tick=2295 : armee=0 one_shot=0 page_prog=151 rif_avant=0 nwin=0 marge=0 -> DMA NON ARMEE (le RIF jette) : SCH memorise pour la fenetre SB (dans une vraie fenetre SB : 2/123)
  [ts0] tick=2305 fn=1632 p51=0 NB fenetre=151 marge=3 rif_avant=0  <- canal dedie
  [ts0] tick=2306 fn=1633 p51=1 NB fenetre=151 marge=3 rif_avant=0  <- canal dedie
  [ts0] tick=2307 fn=1634 p51=2 NB fenetre=151 marge=3 rif_avant=0  <- canal dedie
  [ts0] tick=2308 fn=1635 p51=3 NB fenetre=151 marge=3 rif_avant=0  <- canal dedie
  [a_cd] fn=2308 p51=13 p102=64 etat=8040 FIRE KO L2=48 4f ca c8 | ok=1 ko=2
  [sbwin] SB #124 fn=1643 p51=11 tick=2316 : armee=0 one_shot=0 page_prog=151 rif_avant=0 nwin=0 marge=0 -> DMA NON ARMEE (le RIF jette) : SCH memorise pour la fenetre SB (dans une vraie fenetre SB : 2/124)
  [montant] SDCCH UL fn=2319 task=0x000c L2=01 64 35 06 32 17 09 33 85 29 05 80 69 57 49 f0 2b 2b 2b 2b 2b 2b 2b
  [sbwin] SB #125 fn=1653 p51=21 tick=2326 : armee=0 one_shot=0 page_prog=151 rif_avant=0 nwin=0 marge=0 -> DMA NON ARMEE (le RIF jette) : SCH memorise pour la fenetre SB (dans une vraie fenetre SB : 2/125)
  [sbwin] SB #126 fn=1663 p51=31 tick=2336 : armee=0 one_shot=0 page_prog=151 rif_avant=0 nwin=0 marge=0 -> DMA NON ARMEE (le RIF jette) : SCH memorise pour la fenetre SB (dans une vraie fenetre SB : 2/126)
  [ts0] tick=2337 fn=1664 p51=32 NB fenetre=151 marge=3 rif_avant=0  <- canal dedie
  [ts0] tick=2338 fn=1665 p51=33 NB fenetre=151 marge=3 rif_avant=0  <- canal dedie
  [ts0] tick=2339 fn=1666 p51=34 NB fenetre=151 marge=3 rif_avant=0  <- canal dedie
  [ts0] tick=2340 fn=1667 p51=35 NB fenetre=151 marge=3 rif_avant=0  <- canal dedie
  [sbwin] SB #127 fn=1673 p51=41 tick=2346 : armee=0 one_shot=0 page_prog=151 rif_avant=0 nwin=0 marge=0 -> DMA NON ARMEE (le RIF jette) : SCH memorise pour la fenetre SB (dans une vraie fenetre SB : 2/127)
  [montant] SDCCH UL fn=2351 task=0x000c L2=08 00 01 03 49 06 15 bf 3f 00 00 00 00 00 00 00 00 00 00 00 00 00 00
  [ts0] tick=2356 fn=1683 p51=0 NB fenetre=151 marge=3 rif_avant=0  <- canal dedie
  [ts0] tick=2357 fn=1684 p51=1 NB fenetre=151 marge=3 rif_avant=0  <- canal dedie
  [ts0] tick=2358 fn=1685 p51=2 NB fenetre=151 marge=3 rif_avant=0  <- canal dedie
  [ts0] tick=2359 fn=1686 p51=3 NB fenetre=151 marge=3 rif_avant=0  <- canal dedie
  [sbwin] SB #128 fn=1694 p51=11 tick=2367 : armee=0 one_shot=0 page_prog=151 rif_avant=0 nwin=0 marge=0 -> DMA NON ARMEE (le RIF jette) : SCH memorise pour la fenetre SB (dans une vraie fenetre SB : 2/128)
  [sbwin] SB #129 fn=1704 p51=21 tick=2377 : armee=0 one_shot=0 page_prog=151 rif_avant=0 nwin=0 marge=0 -> DMA NON ARMEE (le RIF jette) : SCH memorise pour la fenetre SB (dans une vraie fenetre SB : 2/129)
  profil PC (9402 tranches, high-water 0xde92) : 9a80:9% 8240:9% 8380:8% a680:4% 83c0:4% 8200:4% 8300:4% 8540:4% 9a40:3% a0c0:3% 81c0:2% 82c0:2%
  fn=2385    page=1 insn=121     IDLE   d_fb_det=0     a_sch=0100 0000 0000 0000 sync=0000 1530 ffff  | trames=2387 irq=0 iq=0
  [sbwin] SB #130 fn=1714 p51=31 tick=2387 : armee=0 one_shot=0 page_prog=151 rif_avant=0 nwin=0 marge=0 -> DMA NON ARMEE (le RIF jette) : SCH memorise pour la fenetre SB (dans une vraie fenetre SB : 2/130)
  [sbwin] SB #131 fn=1724 p51=41 tick=2397 : armee=0 one_shot=0 page_prog=151 rif_avant=0 nwin=0 marge=0 -> DMA NON ARMEE (le RIF jette) : SCH memorise pour la fenetre SB (dans une vraie fenetre SB : 2/131)
  [ts0] tick=2407 fn=1734 p51=0 NB fenetre=151 marge=3 rif_avant=0  <- canal dedie
  [ts0] tick=2408 fn=1735 p51=1 NB fenetre=151 marge=3 rif_avant=0  <- canal dedie
  [ts0] tick=2409 fn=1736 p51=2 NB fenetre=151 marge=3 rif_avant=0  <- canal dedie
  [ts0] tick=2410 fn=1737 p51=3 NB fenetre=151 marge=3 rif_avant=0  <- canal dedie
  [a_cd] fn=2410 p51=13 p102=64 etat=8000 ok L2=01 61 01 2b | ok=2 ko=2
  [BSP] dedie : DESACCORD fn=1738 p51=4 p102=4 : table=0 tpu=1 (offset=439 ref=4876, tn_fenetre=1) [600 fois]
  [sbwin] SB #132 fn=1745 p51=11 tick=2418 : armee=0 one_shot=0 page_prog=151 rif_avant=0 nwin=0 marge=0 -> DMA NON ARMEE (le RIF jette) : SCH memorise pour la fenetre SB (dans une vraie fenetre SB : 2/132)
  [sbwin] SB #133 fn=1755 p51=21 tick=2428 : armee=0 one_shot=0 page_prog=151 rif_avant=0 nwin=0 marge=0 -> DMA NON ARMEE (le RIF jette) : SCH memorise pour la fenetre SB (dans une vraie fenetre SB : 2/133)
  [sbwin] SB #134 fn=1765 p51=31 tick=2438 : armee=0 one_shot=0 page_prog=151 rif_avant=0 nwin=0 marge=0 -> DMA NON ARMEE (le RIF jette) : SCH memorise pour la fenetre SB (dans une vraie fenetre SB : 2/134)
  [ts0] tick=2439 fn=1766 p51=32 NB fenetre=151 marge=3 rif_avant=0  <- canal dedie
  [ts0] tick=2440 fn=1767 p51=33 NB fenetre=151 marge=3 rif_avant=0  <- canal dedie
  [ts0] tick=2441 fn=1768 p51=34 NB fenetre=151 marge=3 rif_avant=0  <- canal dedie
  [ts0] tick=2442 fn=1769 p51=35 NB fenetre=151 marge=3 rif_avant=0  <- canal dedie
  [sbwin] SB #135 fn=1775 p51=41 tick=2448 : armee=0 one_shot=0 page_prog=151 rif_avant=0 nwin=0 marge=0 -> DMA NON ARMEE (le RIF jette) : SCH memorise pour la fenetre SB (dans une vraie fenetre SB : 2/135)
  [montant] SDCCH UL fn=2453 task=0x000c L2=08 00 01 03 49 06 15 bf 3f 00 00 00 00 00 00 00 00 00 00 00 00 00 00
  [ts0] tick=2458 fn=1785 p51=0 NB fenetre=151 marge=3 rif_avant=0  <- canal dedie
  [ts0] tick=2459 fn=1786 p51=1 NB fenetre=151 marge=3 rif_avant=0  <- canal dedie
  [ts0] tick=2460 fn=1787 p51=2 NB fenetre=151 marge=3 rif_avant=0  <- canal dedie
  [ts0] tick=2461 fn=1788 p51=3 NB fenetre=151 marge=3 rif_avant=0  <- canal dedie
  [sbwin] SB #136 fn=1796 p51=11 tick=2469 : armee=0 one_shot=0 page_prog=151 rif_avant=0 nwin=0 marge=0 -> DMA NON ARMEE (le RIF jette) : SCH memorise pour la fenetre SB (dans une vraie fenetre SB : 2/136)
  [montant] SDCCH UL fn=2472 task=0x000c L2=03 81 01 2b 2b 2b 2b 2b 2b 2b 2b 2b 2b 2b 2b 2b 2b 2b 2b 2b 2b 2b 2b
  [sbwin] SB #137 fn=1806 p51=21 tick=2479 : armee=0 one_shot=0 page_prog=151 rif_avant=0 nwin=0 marge=0 -> DMA NON ARMEE (le RIF jette) : SCH memorise pour la fenetre SB (dans une vraie fenetre SB : 2/137)
  [sbwin] SB #138 fn=1816 p51=31 tick=2489 : armee=0 one_shot=0 page_prog=151 rif_avant=0 nwin=0 marge=0 -> DMA NON ARMEE (le RIF jette) : SCH memorise pour la fenetre SB (dans une vraie fenetre SB : 2/138)
  [sbwin] SB #139 fn=1826 p51=41 tick=2499 : armee=0 one_shot=0 page_prog=151 rif_avant=0 nwin=0 marge=0 -> DMA NON ARMEE (le RIF jette) : SCH memorise pour la fenetre SB (dans une vraie fenetre SB : 2/139)
  [ts0] tick=2509 fn=1836 p51=0 NB fenetre=151 marge=3 rif_avant=0  <- canal dedie
  [ts0] tick=2510 fn=1837 p51=1 NB fenetre=151 marge=3 rif_avant=0  <- canal dedie
  [ts0] tick=2511 fn=1838 p51=2 NB fenetre=151 marge=3 rif_avant=0  <- canal dedie
  [ts0] tick=2512 fn=1839 p51=3 NB fenetre=151 marge=3 rif_avant=0  <- canal dedie
  [sbwin] SB #140 fn=1847 p51=11 tick=2520 : armee=0 one_shot=0 page_prog=151 rif_avant=0 nwin=0 marge=0 -> DMA NON ARMEE (le RIF jette) : SCH memorise pour la fenetre SB (dans une vraie fenetre SB : 2/140)
  [montant] SDCCH UL fn=2523 task=0x000c L2=01 86 09 05 5b 2b 2b 2b 2b 2b 2b 2b 2b 2b 2b 2b 2b 2b 2b 2b 2b 2b 2b
  [sbwin] SB #141 fn=1857 p51=21 tick=2530 : armee=0 one_shot=0 page_prog=151 rif_avant=0 nwin=0 marge=0 -> DMA NON ARMEE (le RIF jette) : SCH memorise pour la fenetre SB (dans une vraie fenetre SB : 2/141)
  [sbwin] SB #142 fn=1867 p51=31 tick=2540 : armee=0 one_shot=0 page_prog=151 rif_avant=0 nwin=0 marge=0 -> DMA NON ARMEE (le RIF jette) : SCH memorise pour la fenetre SB (dans une vraie fenetre SB : 2/142)
  [ts0] tick=2541 fn=1868 p51=32 NB fenetre=151 marge=3 rif_avant=0  <- canal dedie
  [ts0] tick=2542 fn=1869 p51=33 NB fenetre=151 marge=3 rif_avant=0  <- canal dedie
  [ts0] tick=2543 fn=1870 p51=34 NB fenetre=151 marge=3 rif_avant=0  <- canal dedie
  [ts0] tick=2544 fn=1871 p51=35 NB fenetre=151 marge=3 rif_avant=0  <- canal dedie
  [sbwin] SB #143 fn=1877 p51=41 tick=2550 : armee=0 one_shot=0 page_prog=151 rif_avant=0 nwin=0 marge=0 -> DMA NON ARMEE (le RIF jette) : SCH memorise pour la fenetre SB (dans une vraie fenetre SB : 2/143)
  [montant] SDCCH UL fn=2555 task=0x000c L2=09 00 01 03 49 06 15 bf 3f 00 00 00 00 00 00 00 00 00 00 00 00 00 00
  [ts0] tick=2560 fn=1887 p51=0 NB fenetre=151 marge=3 rif_avant=0  <- canal dedie
  [ts0] tick=2561 fn=1888 p51=1 NB fenetre=151 marge=3 rif_avant=0  <- canal dedie
  [ts0] tick=2562 fn=1889 p51=2 NB fenetre=151 marge=3 rif_avant=0  <- canal dedie
  [ts0] tick=2563 fn=1890 p51=3 NB fenetre=151 marge=3 rif_avant=0  <- canal dedie
  [sbwin] SB #144 fn=1898 p51=11 tick=2571 : armee=0 one_shot=0 page_prog=151 rif_avant=0 nwin=0 marge=0 -> DMA NON ARMEE (le RIF jette) : SCH memorise pour la fenetre SB (dans une vraie fenetre SB : 2/144)
  [sbwin] SB #145 fn=1908 p51=21 tick=2581 : armee=0 one_shot=0 page_prog=151 rif_avant=0 nwin=0 marge=0 -> DMA NON ARMEE (le RIF jette) : SCH memorise pour la fenetre SB (dans une vraie fenetre SB : 2/145)
  [sbwin] SB #146 fn=1918 p51=31 tick=2591 : armee=0 one_shot=0 page_prog=151 rif_avant=0 nwin=0 marge=0 -> DMA NON ARMEE (le RIF jette) : SCH memorise pour la fenetre SB (dans une vraie fenetre SB : 2/146)
  [sbwin] SB #147 fn=1928 p51=41 tick=2601 : armee=0 one_shot=0 page_prog=151 rif_avant=0 nwin=0 marge=0 -> DMA NON ARMEE (le RIF jette) : SCH memorise pour la fenetre SB (dans une vraie fenetre SB : 2/147)
  profil PC (9417 tranches, high-water 0xde92) : 9a80:9% 8240:9% 8380:8% a680:4% 83c0:4% 8200:4% 8300:4% 8540:4% 9a40:3% a0c0:3% 81c0:2% 82c0:2%
  fn=2602    page=1 insn=121     IDLE   d_fb_det=0     a_sch=0100 0000 0000 0000 sync=0000 1530 ffff  | trames=2604 irq=0 iq=0
  [ts0] tick=2611 fn=1938 p51=0 NB fenetre=151 marge=3 rif_avant=0  <- canal dedie
  [ts0] tick=2612 fn=1939 p51=1 NB fenetre=151 marge=3 rif_avant=0  <- canal dedie
  [ts0] tick=2613 fn=1940 p51=2 NB fenetre=151 marge=3 rif_avant=0  <- canal dedie
  [ts0] tick=2614 fn=1941 p51=3 NB fenetre=151 marge=3 rif_avant=0  <- canal dedie
  [sbwin] SB #148 fn=1949 p51=11 tick=2622 : armee=0 one_shot=0 page_prog=151 rif_avant=0 nwin=0 marge=0 -> DMA NON ARMEE (le RIF jette) : SCH memorise pour la fenetre SB (dans une vraie fenetre SB : 2/148)
  [sbwin] SB #149 fn=1959 p51=21 tick=2632 : armee=0 one_shot=0 page_prog=151 rif_avant=0 nwin=0 marge=0 -> DMA NON ARMEE (le RIF jette) : SCH memorise pour la fenetre SB (dans une vraie fenetre SB : 2/149)
  [BSP] dedie : DESACCORD fn=1962 p51=24 p102=24 : table=0 tpu=1 (offset=439 ref=4876, tn_fenetre=1) [800 fois]
  [sbwin] SB #150 fn=1969 p51=31 tick=2642 : armee=0 one_shot=0 page_prog=151 rif_avant=0 nwin=0 marge=0 -> DMA NON ARMEE (le RIF jette) : SCH memorise pour la fenetre SB (dans une vraie fenetre SB : 2/150)
  [ts0] tick=2643 fn=1970 p51=32 NB fenetre=151 marge=3 rif_avant=0  <- canal dedie
  [ts0] tick=2644 fn=1971 p51=33 NB fenetre=151 marge=3 rif_avant=0  <- canal dedie
  [ts0] tick=2645 fn=1972 p51=34 NB fenetre=151 marge=3 rif_avant=0  <- canal dedie
  [ts0] tick=2646 fn=1973 p51=35 NB fenetre=151 marge=3 rif_avant=0  <- canal dedie
  [a_cd] fn=2646 p51=45 p102=96 etat=8040 FIRE KO L2=da 03 61 73 | ok=2 ko=3
  [sbwin] SB #151 fn=1979 p51=41 tick=2652 : armee=0 one_shot=0 page_prog=151 rif_avant=0 nwin=0 marge=0 -> DMA NON ARMEE (le RIF jette) : SCH memorise pour la fenetre SB (dans une vraie fenetre SB : 2/151)
  [montant] SDCCH UL fn=2657 task=0x000c L2=09 00 01 03 49 06 15 bf 3f 00 00 00 00 00 00 00 00 00 00 00 00 00 00
  [ts0] tick=2662 fn=1989 p51=0 NB fenetre=151 marge=3 rif_avant=0  <- canal dedie
  [ts0] tick=2663 fn=1990 p51=1 NB fenetre=151 marge=3 rif_avant=0  <- canal dedie
  [ts0] tick=2664 fn=1991 p51=2 NB fenetre=151 marge=3 rif_avant=0  <- canal dedie
  [ts0] tick=2665 fn=1992 p51=3 NB fenetre=151 marge=3 rif_avant=0  <- canal dedie
  [a_cd] fn=2665 p51=13 p102=13 etat=8000 ok L2=03 88 0d 06 | ok=3 ko=3
  [sbwin] SB #152 fn=2000 p51=11 tick=2673 : armee=0 one_shot=0 page_prog=151 rif_avant=0 nwin=0 marge=0 -> DMA NON ARMEE (le RIF jette) : SCH memorise pour la fenetre SB (dans une vraie fenetre SB : 2/152)
  [montant] SDCCH UL fn=2676 task=0x000c L2=03 a1 01 2b 2b 2b 2b 2b 2b 2b 2b 2b 2b 2b 2b 2b 2b 2b 2b 2b 2b 2b 2b
  [sbwin] SB #153 fn=2010 p51=21 tick=2683 : armee=0 one_shot=0 page_prog=151 rif_avant=0 nwin=0 marge=0 -> DMA NON ARMEE (le RIF jette) : SCH memorise pour la fenetre SB (dans une vraie fenetre SB : 2/153)
  [sbwin] SB #154 fn=2020 p51=31 tick=2693 : armee=0 one_shot=0 page_prog=151 rif_avant=0 nwin=0 marge=0 -> DMA NON ARMEE (le RIF jette) : SCH memorise pour la fenetre SB (dans une vraie fenetre SB : 2/154)
  [sbwin] SB #155 fn=2030 p51=41 tick=2703 : armee=0 one_shot=0 page_prog=151 rif_avant=0 nwin=0 marge=0 -> DMA NON ARMEE (le RIF jette) : SCH memorise pour la fenetre SB (dans une vraie fenetre SB : 2/155)
  [ts0] tick=2713 fn=2040 p51=0 NB fenetre=151 marge=3 rif_avant=0  <- canal dedie
  [ts0] tick=2714 fn=2041 p51=1 NB fenetre=151 marge=3 rif_avant=0  <- canal dedie
  [ts0] tick=2715 fn=2042 p51=2 NB fenetre=151 marge=3 rif_avant=0  <- canal dedie
  [ts0] tick=2716 fn=2043 p51=3 NB fenetre=151 marge=3 rif_avant=0  <- canal dedie
  [sbwin] SB #156 fn=2051 p51=11 tick=2724 : armee=0 one_shot=0 page_prog=151 rif_avant=0 nwin=0 marge=0 -> DMA NON ARMEE (le RIF jette) : SCH memorise pour la fenetre SB (dans une vraie fenetre SB : 2/156)
  [sbwin] SB #157 fn=2061 p51=21 tick=2734 : armee=0 one_shot=0 page_prog=151 rif_avant=0 nwin=0 marge=0 -> DMA NON ARMEE (le RIF jette) : SCH memorise pour la fenetre SB (dans une vraie fenetre SB : 2/157)
  [sbwin] SB #158 fn=2071 p51=31 tick=2744 : armee=0 one_shot=0 page_prog=151 rif_avant=0 nwin=0 marge=0 -> DMA NON ARMEE (le RIF jette) : SCH memorise pour la fenetre SB (dans une vraie fenetre SB : 2/158)
  [ts0] tick=2745 fn=2072 p51=32 NB fenetre=151 marge=3 rif_avant=0  <- canal dedie
  [ts0] tick=2746 fn=2073 p51=33 NB fenetre=151 marge=3 rif_avant=0  <- canal dedie
  [ts0] tick=2747 fn=2074 p51=34 NB fenetre=151 marge=3 rif_avant=0  <- canal dedie
  [ts0] tick=2748 fn=2075 p51=35 NB fenetre=151 marge=3 rif_avant=0  <- canal dedie
  [a_cd] fn=2748 p51=45 p102=96 etat=8040 FIRE KO L2=2d 70 0a d3 | ok=3 ko=4
  [sbwin] SB #159 fn=2081 p51=41 tick=2754 : armee=0 one_shot=0 page_prog=151 rif_avant=0 nwin=0 marge=0 -> DMA NON ARMEE (le RIF jette) : SCH memorise pour la fenetre SB (dans une vraie fenetre SB : 2/159)
  [ts0] tick=2764 fn=2091 p51=0 NB fenetre=151 marge=3 rif_avant=0  <- canal dedie
  [ts0] tick=2765 fn=2092 p51=1 NB fenetre=151 marge=3 rif_avant=0  <- canal dedie
  [ts0] tick=2766 fn=2093 p51=2 NB fenetre=151 marge=3 rif_avant=0  <- canal dedie
  [ts0] tick=2767 fn=2094 p51=3 NB fenetre=151 marge=3 rif_avant=0  <- canal dedie
  [a_cd] fn=2767 p51=13 p102=13 etat=8000 ok L2=03 03 01 2b | ok=4 ko=4
  [sbwin] SB #160 fn=2102 p51=11 tick=2775 : armee=0 one_shot=0 page_prog=151 rif_avant=0 nwin=0 marge=0 -> DMA NON ARMEE (le RIF jette) : SCH memorise pour la fenetre SB (dans une vraie fenetre SB : 2/160)
  [sbwin] SB #161 fn=2112 p51=21 tick=2785 : armee=0 one_shot=0 page_prog=151 rif_avant=0 nwin=0 marge=0 -> DMA NON ARMEE (le RIF jette) : SCH memorise pour la fenetre SB (dans une vraie fenetre SB : 2/161)
  [sbwin] SB #162 fn=2122 p51=31 tick=2795 : armee=0 one_shot=0 page_prog=151 rif_avant=0 nwin=0 marge=0 -> DMA NON ARMEE (le RIF jette) : SCH memorise pour la fenetre SB (dans une vraie fenetre SB : 2/162)
  [sbwin] SB #163 fn=2132 p51=41 tick=2805 : armee=0 one_shot=0 page_prog=151 rif_avant=0 nwin=0 marge=0 -> DMA NON ARMEE (le RIF jette) : SCH memorise pour la fenetre SB (dans une vraie fenetre SB : 2/163)
  [ts0] tick=2815 fn=2142 p51=0 NB fenetre=151 marge=3 rif_avant=0  <- canal dedie
  [ts0] tick=2816 fn=2143 p51=1 NB fenetre=151 marge=3 rif_avant=0  <- canal dedie
  [ts0] tick=2817 fn=2144 p51=2 NB fenetre=151 marge=3 rif_avant=0  <- canal dedie
  [ts0] tick=2818 fn=2145 p51=3 NB fenetre=151 marge=3 rif_avant=0  <- canal dedie
  profil PC (11208 tranches, high-water 0xde91) : 9a80:9% 8240:6% 8380:5% 8280:4% 8200:4% a680:4% 8300:3% 8540:3% 8480:3% 9a40:3% 83c0:3% a0c0:3%
  fn=2819    page=0 insn=121     IDLE   d_fb_det=0     a_sch=0100 0000 0000 0000 sync=0000 1530 ffff  | trames=2821 irq=0 iq=0
  [a5-arm] tick=2820 d_a5mode=0 a_kc=bc00 f7d3 11d3 627e
  [montant] tache FB postee : le mobile cherche la synchro, canal dedie libere (TS0 rendu au FCCH/SCH)
  [montant] retour en clair (seq=3)
  [cmd] fn=2822 tache FB postee par l'ARM
  [jalon] fn=2825 d_fb_det=1  hacks=RHEA_DMA
  [sbwin] SB #164 fn=2153 p51=11 tick=2826 : armee=0 one_shot=0 page_prog=48 rif_avant=0 nwin=0 marge=0 -> DMA NON ARMEE (le RIF jette) : SCH memorise pour la fenetre SB (dans une vraie fenetre SB : 2/164)
  [jalon] fn=2835 d_fb_det=1  hacks=RHEA_DMA
  [sbwin] SB #165 fn=2163 p51=21 tick=2836 : armee=0 one_shot=0 page_prog=48 rif_avant=0 nwin=0 marge=0 -> DMA NON ARMEE (le RIF jette) : SCH memorise pour la fenetre SB (dans une vraie fenetre SB : 2/165)
  [cmd] fn=2844 tache SB postee par l'ARM (W0 md=6 W1 md=0)
  [cmd] fn=2844 tache SB postee par l'ARM
  [sb] fn=2844 p51=39 | FB a fn=2835 toa=8743 pm=5424 ang=-1 | TOA-ROM=8743 src=fine | a_sch=0100 crc_ko
  [a_sch] fn=2845 page=0 : 0100 0000 0000 0000 -> 8100 0016 f85d 01fb  (d_dsp_page=0003) TOA=0 PM=5521 SNR=12 crc_ko
  [sbwin] SB #166 fn=2173 p51=31 tick=2846 : armee=1 one_shot=1 page_prog=191 rif_avant=0 nwin=191 marge=21 -> FENETRE SB (one-shot) (dans une vraie fenetre SB : 3/166)
  [a_sch] fn=2846 page=1 : 0100 0000 0000 0000 -> 8000 01a3 001c 01bd  (d_dsp_page=0003) TOA=23 PM=5353 SNR=16384 CRC_OK
  [jalon] fn=2846 SB PLAUSIBLE page=1 BSIC=7 a_sch=8000 01a3 001c 01bd  hacks=RHEA_DMA
  [a_sch] fn=2847 page=0 : 8100 0016 f85d 01fb -> 0100 0000 0000 0000  (d_dsp_page=0003) TOA=0 PM=0 SNR=0 crc_ko
  [sbwin] SB #167 fn=2183 p51=41 tick=2856 : armee=0 one_shot=0 page_prog=64 rif_avant=0 nwin=0 marge=0 -> DMA NON ARMEE (le RIF jette) : SCH memorise pour la fenetre SB (dans une vraie fenetre SB : 3/167)
  [sbwin] SB #168 fn=2194 p51=1 tick=2867 : armee=0 one_shot=0 page_prog=64 rif_avant=0 nwin=0 marge=0 -> DMA NON ARMEE (le RIF jette) : SCH memorise pour la fenetre SB (dans une vraie fenetre SB : 3/168)
  [a_sch] fn=2867 page=1 : 8000 01a3 001c 01bd -> 0100 0000 0000 0000  (d_dsp_page=0002) TOA=0 PM=0 SNR=0 crc_ko
  [sbwin] SB #169 fn=2204 p51=11 tick=2877 : armee=0 one_shot=0 page_prog=64 rif_avant=0 nwin=0 marge=0 -> DMA NON ARMEE (le RIF jette) : SCH memorise pour la fenetre SB (dans une vraie fenetre SB : 3/169)
  [sbwin] SB #170 fn=2214 p51=21 tick=2887 : armee=0 one_shot=0 page_prog=64 rif_avant=0 nwin=0 marge=0 -> DMA NON ARMEE (le RIF jette) : SCH memorise pour la fenetre SB (dans une vraie fenetre SB : 3/170)
  [cmd] fn=2889 tache FB postee par l'ARM
  [jalon] fn=2896 d_fb_det=1  hacks=RHEA_DMA
  [sbwin] SB #171 fn=2224 p51=31 tick=2897 : armee=0 one_shot=0 page_prog=48 rif_avant=0 nwin=0 marge=0 -> DMA NON ARMEE (le RIF jette) : SCH memorise pour la fenetre SB (dans une vraie fenetre SB : 3/171)
  [afc] fn=2899 w_page=0 relaye=-699 | page0=-699 page1=-700
  [afc] fn=2900 w_page=0 relaye=-699 | page0=-699 page1=-699
  [jalon] fn=2906 d_fb_det=1  hacks=RHEA_DMA
  [sbwin] SB #172 fn=2234 p51=41 tick=2907 : armee=0 one_shot=0 page_prog=48 rif_avant=0 nwin=0 marge=0 -> DMA NON ARMEE (le RIF jette) : SCH memorise pour la fenetre SB (dans une vraie fenetre SB : 3/172)
  [cmd] fn=2915 tache SB postee par l'ARM (W0 md=6 W1 md=0)
  [cmd] fn=2915 tache SB postee par l'ARM
  [sb] fn=2915 p51=8 | FB a fn=2906 toa=8743 pm=5458 ang=-7 | TOA-ROM=8743 src=fine | a_sch=0100 crc_ko
  [a_sch] fn=2916 page=0 : 0100 0000 0000 0000 -> 8100 0172 86be 0060  (d_dsp_page=0003) TOA=23 PM=5416 SNR=427 crc_ko
  [a_sch] fn=2917 page=1 : 0100 0000 0000 0000 -> 8100 0035 285f 0014  (d_dsp_page=0003) TOA=4 PM=5521 SNR=7 crc_ko
  [sbwin] SB #173 fn=2245 p51=1 tick=2918 : armee=0 one_shot=0 page_prog=191 rif_avant=0 nwin=0 marge=0 -> DMA NON ARMEE (le RIF jette) : SCH memorise pour la fenetre SB (dans une vraie fenetre SB : 3/173)
  [a_sch] fn=2918 page=0 : 8100 0172 86be 0060 -> 0100 0000 0000 0000  (d_dsp_page=0003) TOA=0 PM=0 SNR=0 crc_ko
  [a_sch] fn=2919 page=1 : 8100 0035 285f 0014 -> 0100 0000 0000 0000  (d_dsp_page=0003) TOA=0 PM=0 SNR=0 crc_ko
  [afc] fn=2921 w_page=0 relaye=-700 | page0=-700 page1=-699
  [cmd] fn=2921 tache FB postee par l'ARM
  [afc] fn=2922 w_page=1 relaye=-700 | page0=-700 page1=-700
  [jalon] fn=2927 d_fb_det=1  hacks=RHEA_DMA
  [sbwin] SB #174 fn=2255 p51=11 tick=2928 : armee=0 one_shot=0 page_prog=48 rif_avant=0 nwin=0 marge=0 -> DMA NON ARMEE (le RIF jette) : SCH memorise pour la fenetre SB (dans une vraie fenetre SB : 3/174)
  [jalon] fn=2937 d_fb_det=1  hacks=RHEA_DMA
  [sbwin] SB #175 fn=2265 p51=21 tick=2938 : armee=0 one_shot=0 page_prog=48 rif_avant=0 nwin=0 marge=0 -> DMA NON ARMEE (le RIF jette) : SCH memorise pour la fenetre SB (dans une vraie fenetre SB : 3/175)
  [cmd] fn=2946 tache SB postee par l'ARM (W0 md=6 W1 md=0)
  [cmd] fn=2946 tache SB postee par l'ARM
  [sb] fn=2946 p51=39 | FB a fn=2937 toa=8743 pm=5424 ang=-1 | TOA-ROM=8743 src=fine | a_sch=0100 crc_ko
  [a_sch] fn=2947 page=0 : 0100 0000 0000 0000 -> 8100 0016 f85d 01fb  (d_dsp_page=0003) TOA=0 PM=5521 SNR=12 crc_ko
  [sbwin] SB #176 fn=2275 p51=31 tick=2948 : armee=1 one_shot=1 page_prog=191 rif_avant=0 nwin=191 marge=21 -> FENETRE SB (one-shot) (dans une vraie fenetre SB : 4/176)
  [a_sch] fn=2948 page=1 : 0100 0000 0000 0000 -> 8000 072d 001c 01b5  (d_dsp_page=0003) TOA=23 PM=5363 SNR=16384 CRC_OK
  [jalon] fn=2948 SB PLAUSIBLE page=1 BSIC=7 a_sch=8000 072d 001c 01b5  hacks=RHEA_DMA
  [a_sch] fn=2949 page=0 : 8100 0016 f85d 01fb -> 0100 0000 0000 0000  (d_dsp_page=0003) TOA=0 PM=0 SNR=0 crc_ko
  [sbwin] SB #177 fn=2285 p51=41 tick=2958 : armee=0 one_shot=0 page_prog=191 rif_avant=0 nwin=0 marge=0 -> DMA NON ARMEE (le RIF jette) : SCH memorise pour la fenetre SB (dans une vraie fenetre SB : 4/177)
  [sbwin] SB #178 fn=2296 p51=1 tick=2969 : armee=0 one_shot=0 page_prog=191 rif_avant=0 nwin=0 marge=0 -> DMA NON ARMEE (le RIF jette) : SCH memorise pour la fenetre SB (dans une vraie fenetre SB : 4/178)
  [a_sch] fn=2972 page=1 : 8000 072d 001c 01b5 -> 0100 0000 0000 0000  (d_dsp_page=0003) TOA=0 PM=0 SNR=0 crc_ko
pont : canal dedie libere : TS0 SDCCH/8 SS=0
  [montant] canal dedie (side-band seq=2) : libere TS0 SDCCH/4 SS=0
  [sbwin] SB #179 fn=2306 p51=11 tick=2979 : armee=0 one_shot=0 page_prog=151 rif_avant=0 nwin=0 marge=0 -> DMA NON ARMEE (le RIF jette) : SCH memorise pour la fenetre SB (dans une vraie fenetre SB : 4/179)
  [sbwin] SB #180 fn=2316 p51=21 tick=2989 : armee=0 one_shot=0 page_prog=151 rif_avant=0 nwin=0 marge=0 -> DMA NON ARMEE (le RIF jette) : SCH memorise pour la fenetre SB (dans une vraie fenetre SB : 4/180)
  [chrono] fn=2998 sur 1000 trames (ms) : qemu 3.79 | A 0.08 | go 0.23 | B 0.22 | apres DONE 0.30 | trame 4.62 (temps reel 4.62)
  [sbwin] SB #181 fn=2326 p51=31 tick=2999 : armee=0 one_shot=0 page_prog=151 rif_avant=0 nwin=0 marge=0 -> DMA NON ARMEE (le RIF jette) : SCH memorise pour la fenetre SB (dans une vraie fenetre SB : 4/181)
  [sbwin] SB #182 fn=2336 p51=41 tick=3009 : armee=0 one_shot=0 page_prog=151 rif_avant=0 nwin=0 marge=0 -> DMA NON ARMEE (le RIF jette) : SCH memorise pour la fenetre SB (dans une vraie fenetre SB : 4/182)
  [sbwin] SB #183 fn=2347 p51=1 tick=3020 : armee=0 one_shot=0 page_prog=151 rif_avant=0 nwin=0 marge=0 -> DMA NON ARMEE (le RIF jette) : SCH memorise pour la fenetre SB (dans une vraie fenetre SB : 4/183)
  [cmd] fn=3027 tache FB postee par l'ARM
  [jalon] fn=3029 d_fb_det=1  hacks=RHEA_DMA
  [sbwin] SB #184 fn=2357 p51=11 tick=3030 : armee=0 one_shot=0 page_prog=48 rif_avant=0 nwin=0 marge=0 -> DMA NON ARMEE (le RIF jette) : SCH memorise pour la fenetre SB (dans une vraie fenetre SB : 4/184)
  profil PC (31597 tranches, high-water 0xde92) : 77c0:17% 7800:10% 7840:7% 78c0:6% b2c0:3% 9a80:3% a680:3% 7a00:2% 8240:2% 8380:2% 7880:2% 75c0:2%
  fn=3036    page=0 insn=35399   IDLE   d_fb_det=0     a_sch=0100 0000 0000 0000 sync=0000 0000 0000  | trames=3038 irq=0 iq=0
  [jalon] fn=3039 d_fb_det=1  hacks=RHEA_DMA
  [sbwin] SB #185 fn=2367 p51=21 tick=3040 : armee=0 one_shot=0 page_prog=48 rif_avant=0 nwin=0 marge=0 -> DMA NON ARMEE (le RIF jette) : SCH memorise pour la fenetre SB (dans une vraie fenetre SB : 4/185)
  [cmd] fn=3048 tache SB postee par l'ARM (W0 md=6 W1 md=0)
  [sb] fn=3048 p51=39 | FB a fn=3039 toa=8743 pm=5424 ang=-1 | TOA-ROM=8743 src=fine | a_sch=0100 crc_ko
  [a_sch] fn=3049 page=0 : 0100 0000 0000 0000 -> 8100 0016 f85d 01fb  (d_dsp_page=0003) TOA=0 PM=5521 SNR=12 crc_ko
  [sbwin] SB #186 fn=2377 p51=31 tick=3050 : armee=1 one_shot=1 page_prog=191 rif_avant=0 nwin=191 marge=21 -> FENETRE SB (one-shot) (dans une vraie fenetre SB : 5/186)
  [a_sch] fn=3050 page=1 : 0100 0000 0000 0000 -> 8100 06da a332 01b3  (d_dsp_page=0003) TOA=23 PM=5329 SNR=16384 crc_ko
  [a_sch] fn=3051 page=0 : 8100 0016 f85d 01fb -> 0100 0000 0000 0000  (d_dsp_page=0003) TOA=0 PM=0 SNR=0 crc_ko
  [a_sch] fn=3052 page=1 : 8100 06da a332 01b3 -> 0100 0000 0000 0000  (d_dsp_page=0003) TOA=0 PM=0 SNR=0 crc_ko
  [jalon] fn=3059 d_fb_det=1  hacks=RHEA_DMA
  [sbwin] SB #187 fn=2387 p51=41 tick=3060 : armee=0 one_shot=0 page_prog=48 rif_avant=0 nwin=0 marge=0 -> DMA NON ARMEE (le RIF jette) : SCH memorise pour la fenetre SB (dans une vraie fenetre SB : 5/187)
  [jalon] fn=3070 d_fb_det=1  hacks=RHEA_DMA
  [sbwin] SB #188 fn=2398 p51=1 tick=3071 : armee=0 one_shot=0 page_prog=48 rif_avant=0 nwin=0 marge=0 -> DMA NON ARMEE (le RIF jette) : SCH memorise pour la fenetre SB (dans une vraie fenetre SB : 5/188)
  [cmd] fn=3079 tache SB postee par l'ARM (W0 md=6 W1 md=0)
  [sb] fn=3079 p51=19 | FB a fn=3070 toa=9995 pm=5438 ang=-1 | TOA-ROM=9995 src=fine | a_sch=0100 crc_ko
  [a_sch] fn=3080 page=0 : 0100 0000 0000 0000 -> 8100 0016 f85d 01fb  (d_dsp_page=0003) TOA=0 PM=5521 SNR=12 crc_ko
  [sbwin] SB #189 fn=2408 p51=11 tick=3081 : armee=1 one_shot=1 page_prog=191 rif_avant=0 nwin=191 marge=21 -> FENETRE SB (one-shot) (dans une vraie fenetre SB : 6/189)
  [a_sch] fn=3081 page=1 : 0100 0000 0000 0000 -> 8000 0440 001c 01c0  (d_dsp_page=0003) TOA=23 PM=5367 SNR=16384 CRC_OK
  [jalon] fn=3081 SB PLAUSIBLE page=1 BSIC=7 a_sch=8000 0440 001c 01c0  hacks=RHEA_DMA
  [a_sch] fn=3082 page=0 : 8100 0016 f85d 01fb -> 0100 0000 0000 0000  (d_dsp_page=0003) TOA=0 PM=0 SNR=0 crc_ko
  [a_sch] fn=3088 page=1 : 8000 0440 001c 01c0 -> 0100 0000 0000 0000  (d_dsp_page=0003) TOA=0 PM=0 SNR=0 crc_ko
  [sbwin] SB #190 fn=2418 p51=21 tick=3091 : armee=0 one_shot=0 page_prog=64 rif_avant=0 nwin=0 marge=0 -> DMA NON ARMEE (le RIF jette) : SCH memorise pour la fenetre SB (dans une vraie fenetre SB : 6/190)
  [sbwin] SB #191 fn=2428 p51=31 tick=3101 : armee=0 one_shot=0 page_prog=64 rif_avant=0 nwin=0 marge=0 -> DMA NON ARMEE (le RIF jette) : SCH memorise pour la fenetre SB (dans une vraie fenetre SB : 6/191)
  [sbwin] SB #192 fn=2438 p51=41 tick=3111 : armee=0 one_shot=0 page_prog=64 rif_avant=0 nwin=0 marge=0 -> DMA NON ARMEE (le RIF jette) : SCH memorise pour la fenetre SB (dans une vraie fenetre SB : 6/192)
  [sbwin] SB #193 fn=2449 p51=1 tick=3122 : armee=0 one_shot=0 page_prog=64 rif_avant=0 nwin=0 marge=0 -> DMA NON ARMEE (le RIF jette) : SCH memorise pour la fenetre SB (dans une vraie fenetre SB : 6/193)
  [sbwin] SB #194 fn=2459 p51=11 tick=3132 : armee=0 one_shot=0 page_prog=64 rif_avant=0 nwin=0 marge=0 -> DMA NON ARMEE (le RIF jette) : SCH memorise pour la fenetre SB (dans une vraie fenetre SB : 6/194)
  [sbwin] SB #195 fn=2469 p51=21 tick=3142 : armee=0 one_shot=0 page_prog=64 rif_avant=0 nwin=0 marge=0 -> DMA NON ARMEE (le RIF jette) : SCH memorise pour la fenetre SB (dans une vraie fenetre SB : 6/195)
  [sbwin] SB #196 fn=2479 p51=31 tick=3152 : armee=0 one_shot=0 page_prog=64 rif_avant=0 nwin=0 marge=0 -> DMA NON ARMEE (le RIF jette) : SCH memorise pour la fenetre SB (dans une vraie fenetre SB : 6/196)
  [sbwin] SB #197 fn=2489 p51=41 tick=3162 : armee=0 one_shot=0 page_prog=64 rif_avant=0 nwin=0 marge=0 -> DMA NON ARMEE (le RIF jette) : SCH memorise pour la fenetre SB (dans une vraie fenetre SB : 6/197)
  [sbwin] SB #198 fn=2500 p51=1 tick=3173 : armee=0 one_shot=0 page_prog=64 rif_avant=0 nwin=0 marge=0 -> DMA NON ARMEE (le RIF jette) : SCH memorise pour la fenetre SB (dans une vraie fenetre SB : 6/198)
  [sbwin] SB #199 fn=2510 p51=11 tick=3183 : armee=0 one_shot=0 page_prog=64 rif_avant=0 nwin=0 marge=0 -> DMA NON ARMEE (le RIF jette) : SCH memorise pour la fenetre SB (dans une vraie fenetre SB : 6/199)
  [sbwin] SB #200 fn=2520 p51=21 tick=3193 : armee=0 one_shot=0 page_prog=64 rif_avant=0 nwin=0 marge=0 -> DMA NON ARMEE (le RIF jette) : SCH memorise pour la fenetre SB (dans une vraie fenetre SB : 6/200)
  profil PC (26286 tranches, high-water 0xde92) : 9a80:8% 8240:7% 77c0:7% 8380:6% 7800:4% 83c0:3% 8200:3% 7840:3% 8300:3% 8540:3% 78c0:3% 9a40:2%
  fn=3253    page=0 insn=1355    IDLE   d_fb_det=0     a_sch=0100 0000 0000 0000 sync=0000 153e ffff  | trames=3255 irq=0 iq=0
  [sbwin] SB #210 fn=2622 p51=21 tick=3295 : armee=0 one_shot=0 page_prog=64 rif_avant=0 nwin=0 marge=0 -> DMA NON ARMEE (le RIF jette) : SCH memorise pour la fenetre SB (dans une vraie fenetre SB : 6/210)
  [sbwin] SB #220 fn=2724 p51=21 tick=3397 : armee=0 one_shot=0 page_prog=64 rif_avant=0 nwin=0 marge=0 -> DMA NON ARMEE (le RIF jette) : SCH memorise pour la fenetre SB (dans une vraie fenetre SB : 6/220)
  profil PC (21055 tranches, high-water 0xde92) : 9a80:11% 8240:11% 8380:10% 83c0:5% 8200:5% 8300:4% 8540:4% 9a40:4% a0c0:3% 81c0:3% 82c0:3% 9a00:2%
  fn=3470    page=1 insn=121     IDLE   d_fb_det=0     a_sch=0100 0000 0000 0000 sync=0000 153e ffff  | trames=3472 irq=0 iq=0
  hacks actifs : RHEA_DMA ; cadencement : STREAM LOCKSTEP  ; stimulus : none
  [sbwin] SB #230 fn=2826 p51=21 tick=3499 : armee=0 one_shot=0 page_prog=64 rif_avant=0 nwin=0 marge=0 -> DMA NON ARMEE (le RIF jette) : SCH memorise pour la fenetre SB (dans une vraie fenetre SB : 6/230)
  [sbwin] SB #240 fn=2928 p51=21 tick=3601 : armee=0 one_shot=0 page_prog=64 rif_avant=0 nwin=0 marge=0 -> DMA NON ARMEE (le RIF jette) : SCH memorise pour la fenetre SB (dans une vraie fenetre SB : 6/240)
  profil PC (22299 tranches, high-water 0xde92) : 9a80:11% 8240:11% 8380:10% 83c0:5% 8200:5% 8300:4% 8540:4% 9a40:4% a0c0:3% 81c0:3% 82c0:3% 9a00:2%
  fn=3687    page=0 insn=36147   IDLE   d_fb_det=0     a_sch=0100 0000 0000 0000 sync=0000 153e ffff  | trames=3689 irq=0 iq=0
  [sbwin] SB #250 fn=3030 p51=21 tick=3703 : armee=0 one_shot=0 page_prog=64 rif_avant=0 nwin=0 marge=0 -> DMA NON ARMEE (le RIF jette) : SCH memorise pour la fenetre SB (dans une vraie fenetre SB : 6/250)
  [sbwin] SB #260 fn=3132 p51=21 tick=3805 : armee=0 one_shot=0 page_prog=64 rif_avant=0 nwin=0 marge=0 -> DMA NON ARMEE (le RIF jette) : SCH memorise pour la fenetre SB (dans une vraie fenetre SB : 6/260)
  profil PC (24222 tranches, high-water 0xde92) : 8240:11% 9a80:11% 8380:10% 83c0:5% 8200:5% 8300:4% 8540:4% 9a40:4% a0c0:3% 81c0:3% 82c0:3% 9a00:2%
  fn=3904    page=0 insn=13659   IDLE   d_fb_det=0     a_sch=0100 0000 0000 0000 sync=0000 153e ffff  | trames=3906 irq=0 iq=0
  [sbwin] SB #270 fn=3234 p51=21 tick=3907 : armee=0 one_shot=0 page_prog=64 rif_avant=0 nwin=0 marge=0 -> DMA NON ARMEE (le RIF jette) : SCH memorise pour la fenetre SB (dans une vraie fenetre SB : 6/270)
  [chrono] fn=3998 sur 1000 trames (ms) : qemu 3.64 | A 0.05 | go 0.25 | B 0.16 | apres DONE 0.52 | trame 4.62 (temps reel 4.62)
  [sbwin] SB #280 fn=3336 p51=21 tick=4009 : armee=0 one_shot=0 page_prog=64 rif_avant=0 nwin=0 marge=0 -> DMA NON ARMEE (le RIF jette) : SCH memorise pour la fenetre SB (dans une vraie fenetre SB : 6/280)
  [sbwin] SB #290 fn=3438 p51=21 tick=4111 : armee=0 one_shot=0 page_prog=64 rif_avant=0 nwin=0 marge=0 -> DMA NON ARMEE (le RIF jette) : SCH memorise pour la fenetre SB (dans une vraie fenetre SB : 6/290)
  profil PC (21650 tranches, high-water 0xde92) : 9a80:12% 8240:11% 8380:9% 83c0:5% 8200:5% 8300:4% 8540:4% 9a40:4% a0c0:3% 81c0:3% 82c0:3% 9a00:2%
  fn=4121    page=1 insn=121     IDLE   d_fb_det=0     a_sch=0100 0000 0000 0000 sync=0000 153e ffff  | trames=4123 irq=0 iq=0
  [sbwin] SB #300 fn=3540 p51=21 tick=4213 : armee=0 one_shot=0 page_prog=64 rif_avant=0 nwin=0 marge=0 -> DMA NON ARMEE (le RIF jette) : SCH memorise pour la fenetre SB (dans une vraie fenetre SB : 6/300)
  [sbwin] SB #310 fn=3642 p51=21 tick=4315 : armee=0 one_shot=0 page_prog=64 rif_avant=0 nwin=0 marge=0 -> DMA NON ARMEE (le RIF jette) : SCH memorise pour la fenetre SB (dans une vraie fenetre SB : 6/310)
  profil PC (21055 tranches, high-water 0xde92) : 9a80:11% 8240:11% 8380:10% 83c0:5% 8200:5% 8300:4% 8540:4% 9a40:4% a0c0:3% 81c0:3% 82c0:3% 9a00:2%
  fn=4338    page=0 insn=121     IDLE   d_fb_det=0     a_sch=0100 0000 0000 0000 sync=0000 153e ffff  | trames=4340 irq=0 iq=0
  [sbwin] SB #320 fn=3744 p51=21 tick=4417 : armee=0 one_shot=0 page_prog=64 rif_avant=0 nwin=0 marge=0 -> DMA NON ARMEE (le RIF jette) : SCH memorise pour la fenetre SB (dans une vraie fenetre SB : 6/320)
  [sbwin] SB #330 fn=3846 p51=21 tick=4519 : armee=0 one_shot=0 page_prog=64 rif_avant=0 nwin=0 marge=0 -> DMA NON ARMEE (le RIF jette) : SCH memorise pour la fenetre SB (dans une vraie fenetre SB : 6/330)
  profil PC (22525 tranches, high-water 0xde92) : 9a80:11% 8240:11% 8380:10% 83c0:5% 8200:5% 8300:4% 8540:4% 9a40:4% a0c0:3% 81c0:3% 82c0:3% 9a00:2%
  fn=4555    page=0 insn=13777   IDLE   d_fb_det=0     a_sch=0100 0000 0000 0000 sync=0000 153e ffff  | trames=4557 irq=0 iq=0
  [sbwin] SB #340 fn=3948 p51=21 tick=4621 : armee=0 one_shot=0 page_prog=64 rif_avant=0 nwin=0 marge=0 -> DMA NON ARMEE (le RIF jette) : SCH memorise pour la fenetre SB (dans une vraie fenetre SB : 6/340)
  [sbwin] SB #350 fn=4050 p51=21 tick=4723 : armee=0 one_shot=0 page_prog=64 rif_avant=0 nwin=0 marge=0 -> DMA NON ARMEE (le RIF jette) : SCH memorise pour la fenetre SB (dans une vraie fenetre SB : 6/350)
  profil PC (24571 tranches, high-water 0xde92) : 9a80:11% 8240:11% 8380:10% 83c0:5% 8200:5% 8300:4% 8540:4% 9a40:4% a0c0:3% 81c0:3% 82c0:3% 9a00:2%
  fn=4772    page=0 insn=36250   IDLE   d_fb_det=0     a_sch=0100 0000 0000 0000 sync=0000 153e ffff  | trames=4774 irq=0 iq=0
  [sbwin] SB #360 fn=4152 p51=21 tick=4825 : armee=0 one_shot=0 page_prog=64 rif_avant=0 nwin=0 marge=0 -> DMA NON ARMEE (le RIF jette) : SCH memorise pour la fenetre SB (dans une vraie fenetre SB : 6/360)
  [sbwin] SB #370 fn=4254 p51=21 tick=4927 : armee=0 one_shot=0 page_prog=64 rif_avant=0 nwin=0 marge=0 -> DMA NON ARMEE (le RIF jette) : SCH memorise pour la fenetre SB (dans une vraie fenetre SB : 6/370)
  profil PC (21076 tranches, high-water 0xde92) : 9a80:11% 8240:11% 8380:10% 83c0:5% 8200:5% 8300:4% 8540:4% 9a40:4% a0c0:3% 81c0:3% 82c0:3% 9a00:2%
  fn=4989    page=0 insn=121     IDLE   d_fb_det=0     a_sch=0100 0000 0000 0000 sync=0000 153e ffff  | trames=4991 irq=0 iq=0
  [chrono] fn=4998 sur 1000 trames (ms) : qemu 3.59 | A 0.05 | go 0.25 | B 0.17 | apres DONE 0.55 | trame 4.62 (temps reel 4.62)
  [sbwin] SB #380 fn=4356 p51=21 tick=5029 : armee=0 one_shot=0 page_prog=64 rif_avant=0 nwin=0 marge=0 -> DMA NON ARMEE (le RIF jette) : SCH memorise pour la fenetre SB (dans une vraie fenetre SB : 6/380)
  [sbwin] SB #390 fn=4458 p51=21 tick=5131 : armee=0 one_shot=0 page_prog=64 rif_avant=0 nwin=0 marge=0 -> DMA NON ARMEE (le RIF jette) : SCH memorise pour la fenetre SB (dans une vraie fenetre SB : 6/390)
  profil PC (21052 tranches, high-water 0xde92) : 9a80:11% 8240:11% 8380:10% 83c0:5% 8200:5% 8300:4% 8540:4% 9a40:4% a0c0:3% 81c0:3% 82c0:3% 9a00:2%
  fn=5206    page=1 insn=121     IDLE   d_fb_det=0     a_sch=0100 0000 0000 0000 sync=0000 153e ffff  | trames=5208 irq=0 iq=0
  hacks actifs : RHEA_DMA ; cadencement : STREAM LOCKSTEP  ; stimulus : none
  [sbwin] SB #400 fn=4560 p51=21 tick=5233 : armee=0 one_shot=0 page_prog=64 rif_avant=0 nwin=0 marge=0 -> DMA NON ARMEE (le RIF jette) : SCH memorise pour la fenetre SB (dans une vraie fenetre SB : 6/400)
  [sbwin] SB #410 fn=4662 p51=21 tick=5335 : armee=0 one_shot=0 page_prog=64 rif_avant=0 nwin=0 marge=0 -> DMA NON ARMEE (le RIF jette) : SCH memorise pour la fenetre SB (dans une vraie fenetre SB : 6/410)
  profil PC (22748 tranches, high-water 0xde92) : 9a80:11% 8240:11% 8380:10% 83c0:5% 8200:5% 8300:4% 8540:4% 9a40:4% a0c0:3% 81c0:3% 82c0:3% 9a00:2%
  fn=5423    page=0 insn=13661   IDLE   d_fb_det=0     a_sch=0100 0000 0000 0000 sync=0000 153e ffff  | trames=5425 irq=0 iq=0
  [sbwin] SB #420 fn=4764 p51=21 tick=5437 : armee=0 one_shot=0 page_prog=64 rif_avant=0 nwin=0 marge=0 -> DMA NON ARMEE (le RIF jette) : SCH memorise pour la fenetre SB (dans une vraie fenetre SB : 6/420)
  [sbwin] SB #430 fn=4866 p51=21 tick=5539 : armee=0 one_shot=0 page_prog=64 rif_avant=0 nwin=0 marge=0 -> DMA NON ARMEE (le RIF jette) : SCH memorise pour la fenetre SB (dans une vraie fenetre SB : 6/430)
  profil PC (24369 tranches, high-water 0xde92) : 9a80:11% 8240:11% 8380:10% 83c0:5% 8200:5% 8300:4% 8540:4% 9a40:4% a0c0:3% 81c0:3% 82c0:3% 9a00:2%
  fn=5640    page=0 insn=1355    IDLE   d_fb_det=0     a_sch=0100 0000 0000 0000 sync=0000 153e ffff  | trames=5642 irq=0 iq=0
  [sbwin] SB #440 fn=4968 p51=21 tick=5641 : armee=0 one_shot=0 page_prog=64 rif_avant=0 nwin=0 marge=0 -> DMA NON ARMEE (le RIF jette) : SCH memorise pour la fenetre SB (dans une vraie fenetre SB : 6/440)
  [sbwin] SB #450 fn=5070 p51=21 tick=5743 : armee=0 one_shot=0 page_prog=64 rif_avant=0 nwin=0 marge=0 -> DMA NON ARMEE (le RIF jette) : SCH memorise pour la fenetre SB (dans une vraie fenetre SB : 6/450)
  [sbwin] SB #460 fn=5172 p51=21 tick=5845 : armee=0 one_shot=0 page_prog=64 rif_avant=0 nwin=0 marge=0 -> DMA NON ARMEE (le RIF jette) : SCH memorise pour la fenetre SB (dans une vraie fenetre SB : 6/460)
  profil PC (21055 tranches, high-water 0xde92) : 9a80:11% 8240:11% 8380:10% 83c0:5% 8200:5% 8300:4% 8540:4% 9a40:4% a0c0:3% 81c0:3% 82c0:3% 9a00:2%
  fn=5857    page=1 insn=121     IDLE   d_fb_det=0     a_sch=0100 0000 0000 0000 sync=0000 153e ffff  | trames=5859 irq=0 iq=0
  [ts0] tick=5930 fn=5257 p51=4 NB fenetre=151 marge=3 rif_avant=0
  [sbwin] SB #470 fn=5274 p51=21 tick=5947 : armee=0 one_shot=0 page_prog=64 rif_avant=0 nwin=0 marge=0 -> DMA NON ARMEE (le RIF jette) : SCH memorise pour la fenetre SB (dans une vraie fenetre SB : 6/470)
  [chrono] fn=5998 sur 1000 trames (ms) : qemu 3.58 | A 0.06 | go 0.26 | B 0.17 | apres DONE 0.55 | trame 4.62 (temps reel 4.62)
  [sbwin] SB #480 fn=5376 p51=21 tick=6049 : armee=0 one_shot=0 page_prog=64 rif_avant=0 nwin=0 marge=0 -> DMA NON ARMEE (le RIF jette) : SCH memorise pour la fenetre SB (dans une vraie fenetre SB : 6/480)
  profil PC (21052 tranches, high-water 0xde92) : 9a80:11% 8240:11% 8380:10% 83c0:5% 8200:5% 8300:4% 8540:4% 9a40:4% a0c0:3% 81c0:3% 82c0:3% 9a00:2%
  fn=6074    page=0 insn=121     IDLE   d_fb_det=0     a_sch=0100 0000 0000 0000 sync=0000 153e ffff  | trames=6076 irq=0 iq=0
  [sbwin] SB #490 fn=5478 p51=21 tick=6151 : armee=0 one_shot=0 page_prog=64 rif_avant=0 nwin=0 marge=0 -> DMA NON ARMEE (le RIF jette) : SCH memorise pour la fenetre SB (dans une vraie fenetre SB : 6/490)
  [sbwin] SB #500 fn=5580 p51=21 tick=6253 : armee=0 one_shot=0 page_prog=64 rif_avant=0 nwin=0 marge=0 -> DMA NON ARMEE (le RIF jette) : SCH memorise pour la fenetre SB (dans une vraie fenetre SB : 6/500)
  profil PC (22973 tranches, high-water 0xde92) : 8240:11% 9a80:11% 8380:10% 83c0:5% 8200:5% 8300:4% 8540:4% 9a40:4% a0c0:3% 81c0:3% 82c0:3% 9a00:2%
  fn=6291    page=0 insn=13659   IDLE   d_fb_det=0     a_sch=0100 0000 0000 0000 sync=0000 153e ffff  | trames=6293 irq=0 iq=0
  [sbwin] SB #510 fn=5682 p51=21 tick=6355 : armee=0 one_shot=0 page_prog=64 rif_avant=0 nwin=0 marge=0 -> DMA NON ARMEE (le RIF jette) : SCH memorise pour la fenetre SB (dans une vraie fenetre SB : 6/510)
  [sbwin] SB #520 fn=5784 p51=21 tick=6457 : armee=0 one_shot=0 page_prog=64 rif_avant=0 nwin=0 marge=0 -> DMA NON ARMEE (le RIF jette) : SCH memorise pour la fenetre SB (dans une vraie fenetre SB : 6/520)
  profil PC (24146 tranches, high-water 0xde92) : 9a80:12% 8240:11% 8380:10% 83c0:5% 8200:5% 8300:4% 8540:4% 9a40:4% a0c0:3% 81c0:3% 82c0:3% 9a00:2%
  fn=6508    page=1 insn=121     IDLE   d_fb_det=0     a_sch=0100 0000 0000 0000 sync=0000 153e ffff  | trames=6510 irq=0 iq=0
  [sbwin] SB #530 fn=5886 p51=21 tick=6559 : armee=0 one_shot=0 page_prog=64 rif_avant=0 nwin=0 marge=0 -> DMA NON ARMEE (le RIF jette) : SCH memorise pour la fenetre SB (dans une vraie fenetre SB : 6/530)
  [sbwin] SB #540 fn=5988 p51=21 tick=6661 : armee=0 one_shot=0 page_prog=64 rif_avant=0 nwin=0 marge=0 -> DMA NON ARMEE (le RIF jette) : SCH memorise pour la fenetre SB (dans une vraie fenetre SB : 6/540)
  profil PC (21055 tranches, high-water 0xde92) : 9a80:11% 8240:11% 8380:10% 83c0:5% 8200:5% 8300:4% 8540:4% 9a40:4% a0c0:3% 81c0:3% 82c0:3% 9a00:2%
  fn=6725    page=0 insn=121     IDLE   d_fb_det=0     a_sch=0100 0000 0000 0000 sync=0000 153e ffff  | trames=6727 irq=0 iq=0
  [sbwin] SB #550 fn=6090 p51=21 tick=6763 : armee=0 one_shot=0 page_prog=64 rif_avant=0 nwin=0 marge=0 -> DMA NON ARMEE (le RIF jette) : SCH memorise pour la fenetre SB (dans une vraie fenetre SB : 6/550)
  [sbwin] SB #560 fn=6192 p51=21 tick=6865 : armee=0 one_shot=0 page_prog=64 rif_avant=0 nwin=0 marge=0 -> DMA NON ARMEE (le RIF jette) : SCH memorise pour la fenetre SB (dans une vraie fenetre SB : 6/560)
  profil PC (21052 tranches, high-water 0xde92) : 9a80:11% 8240:11% 8380:10% 83c0:5% 8200:5% 8300:4% 8540:4% 9a40:4% a0c0:3% 81c0:3% 82c0:3% 9a00:2%
  fn=6942    page=1 insn=121     IDLE   d_fb_det=0     a_sch=0100 0000 0000 0000 sync=0000 153e ffff  | trames=6944 irq=0 iq=0
  hacks actifs : RHEA_DMA ; cadencement : STREAM LOCKSTEP  ; stimulus : none
  [sbwin] SB #570 fn=6294 p51=21 tick=6967 : armee=0 one_shot=0 page_prog=64 rif_avant=0 nwin=0 marge=0 -> DMA NON ARMEE (le RIF jette) : SCH memorise pour la fenetre SB (dans une vraie fenetre SB : 6/570)
  [chrono] fn=6998 sur 1000 trames (ms) : qemu 3.55 | A 0.05 | go 0.26 | B 0.17 | apres DONE 0.58 | trame 4.62 (temps reel 4.62)
  [sbwin] SB #580 fn=6396 p51=21 tick=7069 : armee=0 one_shot=0 page_prog=64 rif_avant=0 nwin=0 marge=0 -> DMA NON ARMEE (le RIF jette) : SCH memorise pour la fenetre SB (dans une vraie fenetre SB : 6/580)
  profil PC (23550 tranches, high-water 0xde92) : 9a80:11% 8240:11% 8380:10% 83c0:5% 8200:5% 8300:4% 8540:4% 9a40:4% a0c0:3% 81c0:3% 82c0:3% 9a00:2%
  fn=7159    page=0 insn=36254   IDLE   d_fb_det=0     a_sch=0100 0000 0000 0000 sync=0000 153e ffff  | trames=7161 irq=0 iq=0
  [sbwin] SB #590 fn=6498 p51=21 tick=7171 : armee=0 one_shot=0 page_prog=64 rif_avant=0 nwin=0 marge=0 -> DMA NON ARMEE (le RIF jette) : SCH memorise pour la fenetre SB (dans une vraie fenetre SB : 6/590)
  [sbwin] SB #600 fn=6600 p51=21 tick=7273 : armee=0 one_shot=0 page_prog=64 rif_avant=0 nwin=0 marge=0 -> DMA NON ARMEE (le RIF jette) : SCH memorise pour la fenetre SB (dans une vraie fenetre SB : 6/600)
  [sbwin] SB #610 fn=6702 p51=21 tick=7375 : armee=0 one_shot=0 page_prog=64 rif_avant=0 nwin=0 marge=0 -> DMA NON ARMEE (le RIF jette) : SCH memorise pour la fenetre SB (dans une vraie fenetre SB : 6/610)
  profil PC (23569 tranches, high-water 0xde92) : 9a80:11% 8240:11% 8380:10% 83c0:5% 8200:5% 8300:4% 8540:4% 9a40:4% a0c0:3% 81c0:3% 82c0:3% 9a00:2%
  fn=7376    page=0 insn=121     IDLE   d_fb_det=0     a_sch=0100 0000 0000 0000 sync=0000 153e ffff  | trames=7378 irq=0 iq=0
  [sbwin] SB #620 fn=6804 p51=21 tick=7477 : armee=0 one_shot=0 page_prog=64 rif_avant=0 nwin=0 marge=0 -> DMA NON ARMEE (le RIF jette) : SCH memorise pour la fenetre SB (dans une vraie fenetre SB : 6/620)
  [sbwin] SB #630 fn=6906 p51=21 tick=7579 : armee=0 one_shot=0 page_prog=64 rif_avant=0 nwin=0 marge=0 -> DMA NON ARMEE (le RIF jette) : SCH memorise pour la fenetre SB (dans une vraie fenetre SB : 6/630)
  profil PC (21055 tranches, high-water 0xde92) : 9a80:11% 8240:11% 8380:10% 83c0:5% 8200:5% 8300:4% 8540:4% 9a40:4% a0c0:3% 81c0:3% 82c0:3% 9a00:2%
  fn=7593    page=1 insn=121     IDLE   d_fb_det=0     a_sch=0100 0000 0000 0000 sync=0000 153e ffff  | trames=7595 irq=0 iq=0
  [sbwin] SB #640 fn=7008 p51=21 tick=7681 : armee=0 one_shot=0 page_prog=64 rif_avant=0 nwin=0 marge=0 -> DMA NON ARMEE (le RIF jette) : SCH memorise pour la fenetre SB (dans une vraie fenetre SB : 6/640)
  [sbwin] SB #650 fn=7110 p51=21 tick=7783 : armee=0 one_shot=0 page_prog=64 rif_avant=0 nwin=0 marge=0 -> DMA NON ARMEE (le RIF jette) : SCH memorise pour la fenetre SB (dans une vraie fenetre SB : 6/650)
  profil PC (21052 tranches, high-water 0xde92) : 9a80:11% 8240:11% 8380:10% 83c0:5% 8200:5% 8300:4% 8540:4% 9a40:4% a0c0:3% 81c0:3% 82c0:3% 9a00:2%
  fn=7810    page=0 insn=121     IDLE   d_fb_det=0     a_sch=0100 0000 0000 0000 sync=0000 153e ffff  | trames=7812 irq=0 iq=0
  [sbwin] SB #660 fn=7212 p51=21 tick=7885 : armee=0 one_shot=0 page_prog=64 rif_avant=0 nwin=0 marge=0 -> DMA NON ARMEE (le RIF jette) : SCH memorise pour la fenetre SB (dans une vraie fenetre SB : 6/660)
  [sbwin] SB #670 fn=7314 p51=21 tick=7987 : armee=0 one_shot=0 page_prog=64 rif_avant=0 nwin=0 marge=0 -> DMA NON ARMEE (le RIF jette) : SCH memorise pour la fenetre SB (dans une vraie fenetre SB : 6/670)
  [chrono] fn=7998 sur 1000 trames (ms) : qemu 3.51 | A 0.06 | go 0.26 | B 0.18 | apres DONE 0.60 | trame 4.61 (temps reel 4.62)
  profil PC (23569 tranches, high-water 0xde92) : 9a80:11% 8240:11% 8380:10% 83c0:5% 8200:5% 8300:4% 8540:4% 9a40:4% a0c0:3% 81c0:3% 82c0:3% 9a00:2%
  fn=8027    page=0 insn=1355    IDLE   d_fb_det=0     a_sch=0100 0000 0000 0000 sync=0000 153e ffff  | trames=8029 irq=0 iq=0
  [sbwin] SB #680 fn=7416 p51=21 tick=8089 : armee=0 one_shot=0 page_prog=64 rif_avant=0 nwin=0 marge=0 -> DMA NON ARMEE (le RIF jette) : SCH memorise pour la fenetre SB (dans une vraie fenetre SB : 6/680)
  [sbwin] SB #690 fn=7518 p51=21 tick=8191 : armee=0 one_shot=0 page_prog=64 rif_avant=0 nwin=0 marge=0 -> DMA NON ARMEE (le RIF jette) : SCH memorise pour la fenetre SB (dans une vraie fenetre SB : 6/690)
  profil PC (23551 tranches, high-water 0xde92) : 9a80:11% 8240:11% 8380:10% 83c0:5% 8200:5% 8300:4% 8540:4% 9a40:4% a0c0:3% 81c0:3% 82c0:3% 9a00:2%
  fn=8244    page=1 insn=121     IDLE   d_fb_det=0     a_sch=0100 0000 0000 0000 sync=0000 153e ffff  | trames=8246 irq=0 iq=0
  [sbwin] SB #700 fn=7620 p51=21 tick=8293 : armee=0 one_shot=0 page_prog=64 rif_avant=0 nwin=0 marge=0 -> DMA NON ARMEE (le RIF jette) : SCH memorise pour la fenetre SB (dans une vraie fenetre SB : 6/700)
  [sbwin] SB #710 fn=7722 p51=21 tick=8395 : armee=0 one_shot=0 page_prog=64 rif_avant=0 nwin=0 marge=0 -> DMA NON ARMEE (le RIF jette) : SCH memorise pour la fenetre SB (dans une vraie fenetre SB : 6/710)
  profil PC (21052 tranches, high-water 0xde92) : 9a80:11% 8240:11% 8380:10% 83c0:5% 8200:5% 8300:4% 8540:4% 9a40:4% a0c0:3% 81c0:3% 82c0:3% 9a00:2%
  fn=8461    page=0 insn=121     IDLE   d_fb_det=0     a_sch=0100 0000 0000 0000 sync=0000 153e ffff  | trames=8463 irq=0 iq=0
  [sbwin] SB #720 fn=7824 p51=21 tick=8497 : armee=0 one_shot=0 page_prog=64 rif_avant=0 nwin=0 marge=0 -> DMA NON ARMEE (le RIF jette) : SCH memorise pour la fenetre SB (dans une vraie fenetre SB : 6/720)
  [sbwin] SB #730 fn=7926 p51=21 tick=8599 : armee=0 one_shot=0 page_prog=64 rif_avant=0 nwin=0 marge=0 -> DMA NON ARMEE (le RIF jette) : SCH memorise pour la fenetre SB (dans une vraie fenetre SB : 6/730)
  profil PC (21055 tranches, high-water 0xde92) : 9a80:11% 8240:11% 8380:10% 83c0:5% 8200:5% 8300:4% 8540:4% 9a40:4% a0c0:3% 81c0:3% 82c0:3% 9a00:2%
  fn=8678    page=1 insn=121     IDLE   d_fb_det=0     a_sch=0100 0000 0000 0000 sync=0000 153e ffff  | trames=8680 irq=0 iq=0
  hacks actifs : RHEA_DMA ; cadencement : STREAM LOCKSTEP  ; stimulus : none
  [sbwin] SB #740 fn=8028 p51=21 tick=8701 : armee=0 one_shot=0 page_prog=64 rif_avant=0 nwin=0 marge=0 -> DMA NON ARMEE (le RIF jette) : SCH memorise pour la fenetre SB (dans une vraie fenetre SB : 6/740)
  [sbwin] SB #750 fn=8130 p51=21 tick=8803 : armee=0 one_shot=0 page_prog=64 rif_avant=0 nwin=0 marge=0 -> DMA NON ARMEE (le RIF jette) : SCH memorise pour la fenetre SB (dans une vraie fenetre SB : 6/750)
  profil PC (23566 tranches, high-water 0xde92) : 9a80:11% 8240:11% 8380:10% 83c0:5% 8200:5% 8300:4% 8540:4% 9a40:4% a0c0:3% 81c0:3% 82c0:3% 9a00:2%
  fn=8895    page=1 insn=121     IDLE   d_fb_det=0     a_sch=0100 0000 0000 0000 sync=0000 153e ffff  | trames=8897 irq=0 iq=0
  [sbwin] SB #760 fn=8232 p51=21 tick=8905 : armee=0 one_shot=0 page_prog=64 rif_avant=0 nwin=0 marge=0 -> DMA NON ARMEE (le RIF jette) : SCH memorise pour la fenetre SB (dans une vraie fenetre SB : 6/760)
  [chrono] fn=8998 sur 1000 trames (ms) : qemu 3.56 | A 0.05 | go 0.26 | B 0.18 | apres DONE 0.56 | trame 4.62 (temps reel 4.62)
  [sbwin] SB #770 fn=8334 p51=21 tick=9007 : armee=0 one_shot=0 page_prog=64 rif_avant=0 nwin=0 marge=0 -> DMA NON ARMEE (le RIF jette) : SCH memorise pour la fenetre SB (dans une vraie fenetre SB : 6/770)
  [sbwin] SB #780 fn=8436 p51=21 tick=9109 : armee=0 one_shot=0 page_prog=64 rif_avant=0 nwin=0 marge=0 -> DMA NON ARMEE (le RIF jette) : SCH memorise pour la fenetre SB (dans une vraie fenetre SB : 6/780)
  profil PC (23551 tranches, high-water 0xde92) : 9a80:11% 8240:11% 8380:10% 83c0:5% 8200:5% 8300:4% 8540:4% 9a40:4% a0c0:3% 81c0:3% 82c0:3% 9a00:2%
  fn=9112    page=0 insn=121     IDLE   d_fb_det=0     a_sch=0100 0000 0000 0000 sync=0000 153e ffff  | trames=9114 irq=0 iq=0
  [sbwin] SB #790 fn=8538 p51=21 tick=9211 : armee=0 one_shot=0 page_prog=64 rif_avant=0 nwin=0 marge=0 -> DMA NON ARMEE (le RIF jette) : SCH memorise pour la fenetre SB (dans une vraie fenetre SB : 6/790)
  [sbwin] SB #800 fn=8640 p51=21 tick=9313 : armee=0 one_shot=0 page_prog=64 rif_avant=0 nwin=0 marge=0 -> DMA NON ARMEE (le RIF jette) : SCH memorise pour la fenetre SB (dans une vraie fenetre SB : 6/800)
  profil PC (21052 tranches, high-water 0xde92) : 9a80:11% 8240:11% 8380:10% 83c0:5% 8200:5% 8300:4% 8540:4% 9a40:4% a0c0:3% 81c0:3% 82c0:3% 9a00:2%
  fn=9329    page=1 insn=121     IDLE   d_fb_det=0     a_sch=0100 0000 0000 0000 sync=0000 153e ffff  | trames=9331 irq=0 iq=0
  [sbwin] SB #810 fn=8742 p51=21 tick=9415 : armee=0 one_shot=0 page_prog=64 rif_avant=0 nwin=0 marge=0 -> DMA NON ARMEE (le RIF jette) : SCH memorise pour la fenetre SB (dans une vraie fenetre SB : 6/810)
  [sbwin] SB #820 fn=8844 p51=21 tick=9517 : armee=0 one_shot=0 page_prog=64 rif_avant=0 nwin=0 marge=0 -> DMA NON ARMEE (le RIF jette) : SCH memorise pour la fenetre SB (dans une vraie fenetre SB : 6/820)
  profil PC (21055 tranches, high-water 0xde92) : 9a80:11% 8240:11% 8380:10% 83c0:5% 8200:5% 8300:4% 8540:4% 9a40:4% a0c0:3% 81c0:3% 82c0:3% 9a00:2%
  fn=9546    page=0 insn=121     IDLE   d_fb_det=0     a_sch=0100 0000 0000 0000 sync=0000 153e ffff  | trames=9548 irq=0 iq=0
  [sbwin] SB #830 fn=8946 p51=21 tick=9619 : armee=0 one_shot=0 page_prog=64 rif_avant=0 nwin=0 marge=0 -> DMA NON ARMEE (le RIF jette) : SCH memorise pour la fenetre SB (dans une vraie fenetre SB : 6/830)
  [sbwin] SB #840 fn=9048 p51=21 tick=9721 : armee=0 one_shot=0 page_prog=64 rif_avant=0 nwin=0 marge=0 -> DMA NON ARMEE (le RIF jette) : SCH memorise pour la fenetre SB (dans une vraie fenetre SB : 6/840)
  profil PC (23793 tranches, high-water 0xde92) : 9a80:11% 8240:11% 8380:10% 83c0:5% 8200:5% 8300:4% 8540:4% 9a40:4% a0c0:3% 81c0:3% 82c0:3% 9a00:2%
  fn=9763    page=1 insn=13785   IDLE   d_fb_det=0     a_sch=0100 0000 0000 0000 sync=0000 153e ffff  | trames=9765 irq=0 iq=0
  [sbwin] SB #850 fn=9150 p51=21 tick=9823 : armee=0 one_shot=0 page_prog=64 rif_avant=0 nwin=0 marge=0 -> DMA NON ARMEE (le RIF jette) : SCH memorise pour la fenetre SB (dans une vraie fenetre SB : 6/850)
  [sbwin] SB #860 fn=9252 p51=21 tick=9925 : armee=0 one_shot=0 page_prog=64 rif_avant=0 nwin=0 marge=0 -> DMA NON ARMEE (le RIF jette) : SCH memorise pour la fenetre SB (dans une vraie fenetre SB : 6/860)
  profil PC (23326 tranches, high-water 0xde92) : 9a80:11% 8240:11% 8380:10% 83c0:5% 8200:5% 8300:4% 8540:4% 9a40:4% a0c0:3% 81c0:3% 82c0:3% 9a00:2%
  fn=9980    page=1 insn=121     IDLE   d_fb_det=0     a_sch=0100 0000 0000 0000 sync=0000 153e ffff  | trames=9982 irq=0 iq=0
  [chrono] fn=9998 sur 1000 trames (ms) : qemu 3.53 | A 0.06 | go 0.27 | B 0.17 | apres DONE 0.58 | trame 4.61 (temps reel 4.62)
  [sbwin] SB #870 fn=9354 p51=21 tick=10027 : armee=0 one_shot=0 page_prog=64 rif_avant=0 nwin=0 marge=0 -> DMA NON ARMEE (le RIF jette) : SCH memorise pour la fenetre SB (dans une vraie fenetre SB : 6/870)
  [sbwin] SB #880 fn=9456 p51=21 tick=10129 : armee=0 one_shot=0 page_prog=64 rif_avant=0 nwin=0 marge=0 -> DMA NON ARMEE (le RIF jette) : SCH memorise pour la fenetre SB (dans une vraie fenetre SB : 6/880)
  profil PC (21052 tranches, high-water 0xde92) : 9a80:11% 8240:11% 8380:10% 83c0:5% 8200:5% 8300:4% 8540:4% 9a40:4% a0c0:3% 81c0:3% 82c0:3% 9a00:2%
  fn=10197   page=0 insn=121     IDLE   d_fb_det=0     a_sch=0100 0000 0000 0000 sync=0000 153e ffff  | trames=10199 irq=0 iq=0
  [sbwin] SB #890 fn=9558 p51=21 tick=10231 : armee=0 one_shot=0 page_prog=64 rif_avant=0 nwin=0 marge=0 -> DMA NON ARMEE (le RIF jette) : SCH memorise pour la fenetre SB (dans une vraie fenetre SB : 6/890)
  [sbwin] SB #900 fn=9660 p51=21 tick=10333 : armee=0 one_shot=0 page_prog=64 rif_avant=0 nwin=0 marge=0 -> DMA NON ARMEE (le RIF jette) : SCH memorise pour la fenetre SB (dans une vraie fenetre SB : 6/900)
  profil PC (21076 tranches, high-water 0xde92) : 9a80:11% 8240:11% 8380:10% 83c0:5% 8200:5% 8300:4% 8540:4% 9a40:4% a0c0:3% 81c0:3% 82c0:3% 9a00:2%
  fn=10414   page=0 insn=1355    IDLE   d_fb_det=0     a_sch=0100 0000 0000 0000 sync=0000 153e ffff  | trames=10416 irq=0 iq=0
  hacks actifs : RHEA_DMA ; cadencement : STREAM LOCKSTEP  ; stimulus : none
  [sbwin] SB #910 fn=9762 p51=21 tick=10435 : armee=0 one_shot=0 page_prog=64 rif_avant=0 nwin=0 marge=0 -> DMA NON ARMEE (le RIF jette) : SCH memorise pour la fenetre SB (dans une vraie fenetre SB : 6/910)
  [sbwin] SB #920 fn=9864 p51=21 tick=10537 : armee=0 one_shot=0 page_prog=64 rif_avant=0 nwin=0 marge=0 -> DMA NON ARMEE (le RIF jette) : SCH memorise pour la fenetre SB (dans une vraie fenetre SB : 6/920)
  profil PC (23995 tranches, high-water 0xde92) : 9a80:11% 8240:11% 8380:10% 83c0:5% 8200:5% 8300:4% 8540:4% 9a40:4% a0c0:3% 81c0:3% 82c0:3% 9a00:2%
  fn=10631   page=1 insn=13659   IDLE   d_fb_det=0     a_sch=0100 0000 0000 0000 sync=0000 153e ffff  | trames=10633 irq=0 iq=0
  [sbwin] SB #930 fn=9966 p51=21 tick=10639 : armee=0 one_shot=0 page_prog=64 rif_avant=0 nwin=0 marge=0 -> DMA NON ARMEE (le RIF jette) : SCH memorise pour la fenetre SB (dans une vraie fenetre SB : 6/930)
  [sbwin] SB #940 fn=10068 p51=21 tick=10741 : armee=0 one_shot=0 page_prog=64 rif_avant=0 nwin=0 marge=0 -> DMA NON ARMEE (le RIF jette) : SCH memorise pour la fenetre SB (dans une vraie fenetre SB : 6/940)
  [sbwin] SB #950 fn=10170 p51=21 tick=10843 : armee=0 one_shot=0 page_prog=64 rif_avant=0 nwin=0 marge=0 -> DMA NON ARMEE (le RIF jette) : SCH memorise pour la fenetre SB (dans une vraie fenetre SB : 6/950)
  profil PC (23103 tranches, high-water 0xde92) : 9a80:11% 8240:11% 8380:10% 83c0:5% 8200:5% 8300:4% 8540:4% 9a40:4% a0c0:3% 81c0:3% 82c0:3% 9a00:2%
  fn=10848   page=0 insn=121     IDLE   d_fb_det=0     a_sch=0100 0000 0000 0000 sync=0000 153e ffff  | trames=10850 irq=0 iq=0
  [ts0] tick=10930 fn=10257 p51=6 NB fenetre=151 marge=3 rif_avant=0
  [sbwin] SB #960 fn=10272 p51=21 tick=10945 : armee=0 one_shot=0 page_prog=64 rif_avant=0 nwin=0 marge=0 -> DMA NON ARMEE (le RIF jette) : SCH memorise pour la fenetre SB (dans une vraie fenetre SB : 6/960)
  [chrono] fn=10998 sur 1000 trames (ms) : qemu 3.56 | A 0.05 | go 0.26 | B 0.16 | apres DONE 0.58 | trame 4.62 (temps reel 4.62)
  [sbwin] SB #970 fn=10374 p51=21 tick=11047 : armee=0 one_shot=0 page_prog=64 rif_avant=0 nwin=0 marge=0 -> DMA NON ARMEE (le RIF jette) : SCH memorise pour la fenetre SB (dans une vraie fenetre SB : 6/970)
  profil PC (21052 tranches, high-water 0xde92) : 9a80:11% 8240:11% 8380:10% 83c0:5% 8200:5% 8300:4% 8540:4% 9a40:4% a0c0:3% 81c0:3% 82c0:3% 9a00:2%
  fn=11065   page=1 insn=121     IDLE   d_fb_det=0     a_sch=0100 0000 0000 0000 sync=0000 153e ffff  | trames=11067 irq=0 iq=0
  [sbwin] SB #980 fn=10476 p51=21 tick=11149 : armee=0 one_shot=0 page_prog=64 rif_avant=0 nwin=0 marge=0 -> DMA NON ARMEE (le RIF jette) : SCH memorise pour la fenetre SB (dans une vraie fenetre SB : 6/980)
  [sbwin] SB #990 fn=10578 p51=21 tick=11251 : armee=0 one_shot=0 page_prog=64 rif_avant=0 nwin=0 marge=0 -> DMA NON ARMEE (le RIF jette) : SCH memorise pour la fenetre SB (dans une vraie fenetre SB : 6/990)
  profil PC (21076 tranches, high-water 0xde92) : 9a80:11% 8240:11% 8380:10% 83c0:5% 8200:5% 8300:4% 8540:4% 9a40:4% a0c0:3% 81c0:3% 82c0:3% 9a00:2%
  fn=11282   page=1 insn=121     IDLE   d_fb_det=0     a_sch=0100 0000 0000 0000 sync=0000 153e ffff  | trames=11284 irq=0 iq=0
  [sbwin] SB #1000 fn=10680 p51=21 tick=11353 : armee=0 one_shot=0 page_prog=64 rif_avant=0 nwin=0 marge=0 -> DMA NON ARMEE (le RIF jette) : SCH memorise pour la fenetre SB (dans une vraie fenetre SB : 6/1000)
  [sbwin] SB #1010 fn=10782 p51=21 tick=11455 : armee=0 one_shot=0 page_prog=64 rif_avant=0 nwin=0 marge=0 -> DMA NON ARMEE (le RIF jette) : SCH memorise pour la fenetre SB (dans une vraie fenetre SB : 6/1010)
  profil PC (24219 tranches, high-water 0xde92) : 8240:11% 9a80:11% 8380:10% 83c0:5% 8200:5% 8300:4% 8540:4% 9a40:4% a0c0:3% 81c0:3% 82c0:3% 9a00:2%
  fn=11499   page=1 insn=13661   IDLE   d_fb_det=0     a_sch=0100 0000 0000 0000 sync=0000 153e ffff  | trames=11501 irq=0 iq=0
  [sbwin] SB #1020 fn=10884 p51=21 tick=11557 : armee=0 one_shot=0 page_prog=64 rif_avant=0 nwin=0 marge=0 -> DMA NON ARMEE (le RIF jette) : SCH memorise pour la fenetre SB (dans une vraie fenetre SB : 6/1020)
  [sbwin] SB #1030 fn=10986 p51=21 tick=11659 : armee=0 one_shot=0 page_prog=64 rif_avant=0 nwin=0 marge=0 -> DMA NON ARMEE (le RIF jette) : SCH memorise pour la fenetre SB (dans une vraie fenetre SB : 6/1030)
  profil PC (22877 tranches, high-water 0xde92) : 9a80:12% 8240:11% 8380:9% 83c0:5% 8200:5% 8300:4% 8540:4% 9a40:4% a0c0:3% 81c0:3% 82c0:3% 9a00:2%
  fn=11716   page=1 insn=121     IDLE   d_fb_det=0     a_sch=0100 0000 0000 0000 sync=0000 153e ffff  | trames=11718 irq=0 iq=0
  [sbwin] SB #1040 fn=11088 p51=21 tick=11761 : armee=0 one_shot=0 page_prog=64 rif_avant=0 nwin=0 marge=0 -> DMA NON ARMEE (le RIF jette) : SCH memorise pour la fenetre SB (dans une vraie fenetre SB : 6/1040)
  [sbwin] SB #1050 fn=11190 p51=21 tick=11863 : armee=0 one_shot=0 page_prog=64 rif_avant=0 nwin=0 marge=0 -> DMA NON ARMEE (le RIF jette) : SCH memorise pour la fenetre SB (dans une vraie fenetre SB : 6/1050)
  profil PC (21076 tranches, high-water 0xde92) : 9a80:11% 8240:11% 8380:10% 83c0:5% 8200:5% 8300:4% 8540:4% 9a40:4% a0c0:3% 81c0:3% 82c0:3% 9a00:2%
  fn=11933   page=1 insn=1357    IDLE   d_fb_det=0     a_sch=0100 0000 0000 0000 sync=0000 153e ffff  | trames=11935 irq=0 iq=0
  [sbwin] SB #1060 fn=11292 p51=21 tick=11965 : armee=0 one_shot=0 page_prog=64 rif_avant=0 nwin=0 marge=0 -> DMA NON ARMEE (le RIF jette) : SCH memorise pour la fenetre SB (dans une vraie fenetre SB : 6/1060)
  [chrono] fn=11998 sur 1000 trames (ms) : qemu 3.63 | A 0.05 | go 0.25 | B 0.16 | apres DONE 0.52 | trame 4.62 (temps reel 4.62)
  [sbwin] SB #1070 fn=11394 p51=21 tick=12067 : armee=0 one_shot=0 page_prog=64 rif_avant=0 nwin=0 marge=0 -> DMA NON ARMEE (le RIF jette) : SCH memorise pour la fenetre SB (dans une vraie fenetre SB : 6/1070)
  profil PC (21277 tranches, high-water 0xde92) : 9a80:11% 8240:11% 8380:10% 83c0:5% 8200:5% 8300:4% 8540:4% 9a40:4% a0c0:3% 81c0:3% 82c0:3% 9a00:2%
  fn=12150   page=1 insn=13779   IDLE   d_fb_det=0     a_sch=0100 0000 0000 0000 sync=0000 153e ffff  | trames=12152 irq=0 iq=0
  hacks actifs : RHEA_DMA ; cadencement : STREAM LOCKSTEP  ; stimulus : none
  [sbwin] SB #1080 fn=11496 p51=21 tick=12169 : armee=0 one_shot=0 page_prog=64 rif_avant=0 nwin=0 marge=0 -> DMA NON ARMEE (le RIF jette) : SCH memorise pour la fenetre SB (dans une vraie fenetre SB : 6/1080)
  [sbwin] SB #1090 fn=11598 p51=21 tick=12271 : armee=0 one_shot=0 page_prog=64 rif_avant=0 nwin=0 marge=0 -> DMA NON ARMEE (le RIF jette) : SCH memorise pour la fenetre SB (dans une vraie fenetre SB : 6/1090)
  profil PC (24571 tranches, high-water 0xde92) : 9a80:11% 8240:11% 8380:10% 83c0:5% 8200:5% 8300:4% 8540:4% 9a40:4% a0c0:3% 81c0:3% 82c0:3% 9a00:2%
  fn=12367   page=1 insn=36252   IDLE   d_fb_det=0     a_sch=0100 0000 0000 0000 sync=0000 153e ffff  | trames=12369 irq=0 iq=0
  [sbwin] SB #1100 fn=11700 p51=21 tick=12373 : armee=0 one_shot=0 page_prog=64 rif_avant=0 nwin=0 marge=0 -> DMA NON ARMEE (le RIF jette) : SCH memorise pour la fenetre SB (dans une vraie fenetre SB : 6/1100)
  [sbwin] SB #1110 fn=11802 p51=21 tick=12475 : armee=0 one_shot=0 page_prog=64 rif_avant=0 nwin=0 marge=0 -> DMA NON ARMEE (le RIF jette) : SCH memorise pour la fenetre SB (dans une vraie fenetre SB : 6/1110)
  [sbwin] SB #1120 fn=11904 p51=21 tick=12577 : armee=0 one_shot=0 page_prog=64 rif_avant=0 nwin=0 marge=0 -> DMA NON ARMEE (le RIF jette) : SCH memorise pour la fenetre SB (dans une vraie fenetre SB : 6/1120)
  profil PC (22300 tranches, high-water 0xde92) : 9a80:11% 8240:11% 8380:10% 83c0:5% 8200:5% 8300:4% 8540:4% 9a40:4% a0c0:3% 81c0:3% 82c0:3% 9a00:2%
  fn=12584   page=0 insn=121     IDLE   d_fb_det=0     a_sch=0100 0000 0000 0000 sync=0000 153e ffff  | trames=12586 irq=0 iq=0
  [sbwin] SB #1130 fn=12006 p51=21 tick=12679 : armee=0 one_shot=0 page_prog=64 rif_avant=0 nwin=0 marge=0 -> DMA NON ARMEE (le RIF jette) : SCH memorise pour la fenetre SB (dans une vraie fenetre SB : 6/1130)
  [sbwin] SB #1140 fn=12108 p51=21 tick=12781 : armee=0 one_shot=0 page_prog=64 rif_avant=0 nwin=0 marge=0 -> DMA NON ARMEE (le RIF jette) : SCH memorise pour la fenetre SB (dans une vraie fenetre SB : 6/1140)
  profil PC (21076 tranches, high-water 0xde92) : 9a80:11% 8240:11% 8380:10% 83c0:5% 8200:5% 8300:4% 8540:4% 9a40:4% a0c0:3% 81c0:3% 82c0:3% 9a00:2%
  fn=12801   page=0 insn=121     IDLE   d_fb_det=0     a_sch=0100 0000 0000 0000 sync=0000 153e ffff  | trames=12803 irq=0 iq=0
  [sbwin] SB #1150 fn=12210 p51=21 tick=12883 : armee=0 one_shot=0 page_prog=64 rif_avant=0 nwin=0 marge=0 -> DMA NON ARMEE (le RIF jette) : SCH memorise pour la fenetre SB (dans une vraie fenetre SB : 6/1150)
  [sbwin] SB #1160 fn=12312 p51=21 tick=12985 : armee=0 one_shot=0 page_prog=64 rif_avant=0 nwin=0 marge=0 -> DMA NON ARMEE (le RIF jette) : SCH memorise pour la fenetre SB (dans une vraie fenetre SB : 6/1160)
  [chrono] fn=12998 sur 1000 trames (ms) : qemu 3.56 | A 0.05 | go 0.27 | B 0.17 | apres DONE 0.56 | trame 4.61 (temps reel 4.62)
  profil PC (21500 tranches, high-water 0xde92) : 9a80:11% 8240:11% 8380:10% 83c0:5% 8200:5% 8300:4% 8540:4% 9a40:4% a0c0:3% 81c0:3% 82c0:3% 9a00:2%
  fn=13018   page=1 insn=13662   IDLE   d_fb_det=0     a_sch=0100 0000 0000 0000 sync=0000 153e ffff  | trames=13020 irq=0 iq=0
  [sbwin] SB #1170 fn=12414 p51=21 tick=13087 : armee=0 one_shot=0 page_prog=64 rif_avant=0 nwin=0 marge=0 -> DMA NON ARMEE (le RIF jette) : SCH memorise pour la fenetre SB (dans une vraie fenetre SB : 6/1170)
  [sbwin] SB #1180 fn=12516 p51=21 tick=13189 : armee=0 one_shot=0 page_prog=64 rif_avant=0 nwin=0 marge=0 -> DMA NON ARMEE (le RIF jette) : SCH memorise pour la fenetre SB (dans une vraie fenetre SB : 6/1180)
  profil PC (24575 tranches, high-water 0xde92) : 9a80:11% 8240:11% 8380:10% 83c0:5% 8200:5% 8300:4% 8540:4% 9a40:4% a0c0:3% 81c0:3% 82c0:3% 9a00:2%
  fn=13235   page=1 insn=13785   IDLE   d_fb_det=0     a_sch=0100 0000 0000 0000 sync=0000 153e ffff  | trames=13237 irq=0 iq=0
  [sbwin] SB #1190 fn=12618 p51=21 tick=13291 : armee=0 one_shot=0 page_prog=64 rif_avant=0 nwin=0 marge=0 -> DMA NON ARMEE (le RIF jette) : SCH memorise pour la fenetre SB (dans une vraie fenetre SB : 6/1190)
  [sbwin] SB #1200 fn=12720 p51=21 tick=13393 : armee=0 one_shot=0 page_prog=64 rif_avant=0 nwin=0 marge=0 -> DMA NON ARMEE (le RIF jette) : SCH memorise pour la fenetre SB (dans une vraie fenetre SB : 6/1200)
  profil PC (22075 tranches, high-water 0xde92) : 9a80:11% 8240:11% 8380:10% 83c0:5% 8200:5% 8300:4% 8540:4% 9a40:4% a0c0:3% 81c0:3% 82c0:3% 9a00:2%
  fn=13452   page=1 insn=121     IDLE   d_fb_det=0     a_sch=0100 0000 0000 0000 sync=0000 153e ffff  | trames=13454 irq=0 iq=0
  [sbwin] SB #1210 fn=12822 p51=21 tick=13495 : armee=0 one_shot=0 page_prog=64 rif_avant=0 nwin=0 marge=0 -> DMA NON ARMEE (le RIF jette) : SCH memorise pour la fenetre SB (dans une vraie fenetre SB : 6/1210)
  [sbwin] SB #1220 fn=12924 p51=21 tick=13597 : armee=0 one_shot=0 page_prog=64 rif_avant=0 nwin=0 marge=0 -> DMA NON ARMEE (le RIF jette) : SCH memorise pour la fenetre SB (dans une vraie fenetre SB : 6/1220)
  profil PC (21076 tranches, high-water 0xde92) : 9a80:11% 8240:11% 8380:10% 83c0:5% 8200:5% 8300:4% 8540:4% 9a40:4% a0c0:3% 81c0:3% 82c0:3% 9a00:2%
  fn=13669   page=1 insn=121     IDLE   d_fb_det=0     a_sch=0100 0000 0000 0000 sync=0000 153e ffff  | trames=13671 irq=0 iq=0
  [sbwin] SB #1230 fn=13026 p51=21 tick=13699 : armee=0 one_shot=0 page_prog=64 rif_avant=0 nwin=0 marge=0 -> DMA NON ARMEE (le RIF jette) : SCH memorise pour la fenetre SB (dans une vraie fenetre SB : 6/1230)
  [sbwin] SB #1240 fn=13128 p51=21 tick=13801 : armee=0 one_shot=0 page_prog=64 rif_avant=0 nwin=0 marge=0 -> DMA NON ARMEE (le RIF jette) : SCH memorise pour la fenetre SB (dans une vraie fenetre SB : 6/1240)
  profil PC (21723 tranches, high-water 0xde92) : 8240:11% 9a80:11% 8380:10% 83c0:5% 8200:5% 8300:4% 8540:4% 9a40:4% a0c0:3% 81c0:3% 82c0:3% 9a00:2%
  fn=13886   page=1 insn=13663   IDLE   d_fb_det=0     a_sch=0100 0000 0000 0000 sync=0000 153e ffff  | trames=13888 irq=0 iq=0
  hacks actifs : RHEA_DMA ; cadencement : STREAM LOCKSTEP  ; stimulus : none
  [sbwin] SB #1250 fn=13230 p51=21 tick=13903 : armee=0 one_shot=0 page_prog=64 rif_avant=0 nwin=0 marge=0 -> DMA NON ARMEE (le RIF jette) : SCH memorise pour la fenetre SB (dans une vraie fenetre SB : 6/1250)
  [chrono] fn=13998 sur 1000 trames (ms) : qemu 3.45 | A 0.06 | go 0.28 | B 0.19 | apres DONE 0.64 | trame 4.62 (temps reel 4.62)
  [sbwin] SB #1260 fn=13332 p51=21 tick=14005 : armee=0 one_shot=0 page_prog=64 rif_avant=0 nwin=0 marge=0 -> DMA NON ARMEE (le RIF jette) : SCH memorise pour la fenetre SB (dans une vraie fenetre SB : 6/1260)
  profil PC (24575 tranches, high-water 0xde92) : 9a80:11% 8240:11% 8380:10% 83c0:5% 8200:5% 8300:4% 8540:4% 9a40:4% a0c0:3% 81c0:3% 82c0:3% 9a00:2%
  fn=14103   page=1 insn=13659   IDLE   d_fb_det=0     a_sch=0100 0000 0000 0000 sync=0000 153e ffff  | trames=14105 irq=0 iq=0
  [sbwin] SB #1270 fn=13434 p51=21 tick=14107 : armee=0 one_shot=0 page_prog=64 rif_avant=0 nwin=0 marge=0 -> DMA NON ARMEE (le RIF jette) : SCH memorise pour la fenetre SB (dans une vraie fenetre SB : 6/1270)
  [sbwin] SB #1280 fn=13536 p51=21 tick=14209 : armee=0 one_shot=0 page_prog=64 rif_avant=0 nwin=0 marge=0 -> DMA NON ARMEE (le RIF jette) : SCH memorise pour la fenetre SB (dans une vraie fenetre SB : 6/1280)
  [sbwin] SB #1290 fn=13638 p51=21 tick=14311 : armee=0 one_shot=0 page_prog=64 rif_avant=0 nwin=0 marge=0 -> DMA NON ARMEE (le RIF jette) : SCH memorise pour la fenetre SB (dans une vraie fenetre SB : 6/1290)
  profil PC (21873 tranches, high-water 0xde92) : 9a80:11% 8240:11% 8380:9% 83c0:5% 8200:5% 8300:4% 8540:4% 9a40:4% a0c0:3% 81c0:3% 82c0:3% 9a00:2%
  fn=14320   page=1 insn=1357    IDLE   d_fb_det=0     a_sch=0100 0000 0000 0000 sync=0000 153e ffff  | trames=14322 irq=0 iq=0
  [sbwin] SB #1300 fn=13740 p51=21 tick=14413 : armee=0 one_shot=0 page_prog=64 rif_avant=0 nwin=0 marge=0 -> DMA NON ARMEE (le RIF jette) : SCH memorise pour la fenetre SB (dans une vraie fenetre SB : 6/1300)
  [sbwin] SB #1310 fn=13842 p51=21 tick=14515 : armee=0 one_shot=0 page_prog=64 rif_avant=0 nwin=0 marge=0 -> DMA NON ARMEE (le RIF jette) : SCH memorise pour la fenetre SB (dans une vraie fenetre SB : 6/1310)
  profil PC (21055 tranches, high-water 0xde92) : 9a80:11% 8240:11% 8380:10% 83c0:5% 8200:5% 8300:4% 8540:4% 9a40:4% a0c0:3% 81c0:3% 82c0:3% 9a00:2%
  fn=14537   page=0 insn=121     IDLE   d_fb_det=0     a_sch=0100 0000 0000 0000 sync=0000 153e ffff  | trames=14539 irq=0 iq=0
  [sbwin] SB #1320 fn=13944 p51=21 tick=14617 : armee=0 one_shot=0 page_prog=64 rif_avant=0 nwin=0 marge=0 -> DMA NON ARMEE (le RIF jette) : SCH memorise pour la fenetre SB (dans une vraie fenetre SB : 6/1320)
  [sbwin] SB #1330 fn=14046 p51=21 tick=14719 : armee=0 one_shot=0 page_prog=64 rif_avant=0 nwin=0 marge=0 -> DMA NON ARMEE (le RIF jette) : SCH memorise pour la fenetre SB (dans une vraie fenetre SB : 6/1330)
  profil PC (22300 tranches, high-water 0xde92) : 9a80:11% 8240:11% 8380:10% 83c0:5% 8200:5% 8300:4% 8540:4% 9a40:4% a0c0:3% 81c0:3% 82c0:3% 9a00:2%
  fn=14754   page=1 insn=36218   IDLE   d_fb_det=0     a_sch=0100 0000 0000 0000 sync=0000 153e ffff  | trames=14756 irq=0 iq=0
  [sbwin] SB #1340 fn=14148 p51=21 tick=14821 : armee=0 one_shot=0 page_prog=64 rif_avant=0 nwin=0 marge=0 -> DMA NON ARMEE (le RIF jette) : SCH memorise pour la fenetre SB (dans une vraie fenetre SB : 6/1340)
  [sbwin] SB #1350 fn=14250 p51=21 tick=14923 : armee=0 one_shot=0 page_prog=64 rif_avant=0 nwin=0 marge=0 -> DMA NON ARMEE (le RIF jette) : SCH memorise pour la fenetre SB (dans une vraie fenetre SB : 6/1350)
  profil PC (24219 tranches, high-water 0xde92) : 8240:11% 9a80:11% 8380:10% 83c0:5% 8200:5% 8300:4% 8540:4% 9a40:4% a0c0:3% 81c0:3% 82c0:3% 9a00:2%
  fn=14971   page=1 insn=13661   IDLE   d_fb_det=0     a_sch=0100 0000 0000 0000 sync=0000 153e ffff  | trames=14973 irq=0 iq=0
  [chrono] fn=14998 sur 1000 trames (ms) : qemu 3.55 | A 0.06 | go 0.25 | B 0.17 | apres DONE 0.58 | trame 4.61 (temps reel 4.62)
  [sbwin] SB #1360 fn=14352 p51=21 tick=15025 : armee=0 one_shot=0 page_prog=64 rif_avant=0 nwin=0 marge=0 -> DMA NON ARMEE (le RIF jette) : SCH memorise pour la fenetre SB (dans une vraie fenetre SB : 6/1360)
  [sbwin] SB #1370 fn=14454 p51=21 tick=15127 : armee=0 one_shot=0 page_prog=64 rif_avant=0 nwin=0 marge=0 -> DMA NON ARMEE (le RIF jette) : SCH memorise pour la fenetre SB (dans une vraie fenetre SB : 6/1370)
  profil PC (21653 tranches, high-water 0xde92) : 9a80:12% 8240:11% 8380:9% 83c0:5% 8200:5% 8300:4% 8540:4% 9a40:4% a0c0:3% 81c0:3% 82c0:3% 9a00:2%
  fn=15188   page=0 insn=121     IDLE   d_fb_det=0     a_sch=0100 0000 0000 0000 sync=0000 153e ffff  | trames=15190 irq=0 iq=0
  [sbwin] SB #1380 fn=14556 p51=21 tick=15229 : armee=0 one_shot=0 page_prog=64 rif_avant=0 nwin=0 marge=0 -> DMA NON ARMEE (le RIF jette) : SCH memorise pour la fenetre SB (dans une vraie fenetre SB : 6/1380)
  [sbwin] SB #1390 fn=14658 p51=21 tick=15331 : armee=0 one_shot=0 page_prog=64 rif_avant=0 nwin=0 marge=0 -> DMA NON ARMEE (le RIF jette) : SCH memorise pour la fenetre SB (dans une vraie fenetre SB : 6/1390)
  profil PC (21052 tranches, high-water 0xde92) : 9a80:11% 8240:11% 8380:10% 83c0:5% 8200:5% 8300:4% 8540:4% 9a40:4% a0c0:3% 81c0:3% 82c0:3% 9a00:2%
  fn=15405   page=1 insn=121     IDLE   d_fb_det=0     a_sch=0100 0000 0000 0000 sync=0000 153e ffff  | trames=15407 irq=0 iq=0
  [sbwin] SB #1400 fn=14760 p51=21 tick=15433 : armee=0 one_shot=0 page_prog=64 rif_avant=0 nwin=0 marge=0 -> DMA NON ARMEE (le RIF jette) : SCH memorise pour la fenetre SB (dans une vraie fenetre SB : 6/1400)
  [sbwin] SB #1410 fn=14862 p51=21 tick=15535 : armee=0 one_shot=0 page_prog=64 rif_avant=0 nwin=0 marge=0 -> DMA NON ARMEE (le RIF jette) : SCH memorise pour la fenetre SB (dans une vraie fenetre SB : 6/1410)
  profil PC (22525 tranches, high-water 0xde92) : 9a80:11% 8240:11% 8380:10% 83c0:5% 8200:5% 8300:4% 8540:4% 9a40:4% a0c0:3% 81c0:3% 82c0:3% 9a00:2%
  fn=15622   page=1 insn=13779   IDLE   d_fb_det=0     a_sch=0100 0000 0000 0000 sync=0000 153e ffff  | trames=15624 irq=0 iq=0
  hacks actifs : RHEA_DMA ; cadencement : STREAM LOCKSTEP  ; stimulus : none
  [sbwin] SB #1420 fn=14964 p51=21 tick=15637 : armee=0 one_shot=0 page_prog=64 rif_avant=0 nwin=0 marge=0 -> DMA NON ARMEE (le RIF jette) : SCH memorise pour la fenetre SB (dans une vraie fenetre SB : 6/1420)
  [sbwin] SB #1430 fn=15066 p51=21 tick=15739 : armee=0 one_shot=0 page_prog=64 rif_avant=0 nwin=0 marge=0 -> DMA NON ARMEE (le RIF jette) : SCH memorise pour la fenetre SB (dans une vraie fenetre SB : 6/1430)
  profil PC (24571 tranches, high-water 0xde92) : 9a80:11% 8240:11% 8380:10% 83c0:5% 8200:5% 8300:4% 8540:4% 9a40:4% a0c0:3% 81c0:3% 82c0:3% 9a00:2%
  fn=15839   page=1 insn=36252   IDLE   d_fb_det=0     a_sch=0100 0000 0000 0000 sync=0000 153e ffff  | trames=15841 irq=0 iq=0
  [sbwin] SB #1440 fn=15168 p51=21 tick=15841 : armee=0 one_shot=0 page_prog=64 rif_avant=0 nwin=0 marge=0 -> DMA NON ARMEE (le RIF jette) : SCH memorise pour la fenetre SB (dans une vraie fenetre SB : 6/1440)
  [ts0] tick=15930 fn=15257 p51=8 NB fenetre=151 marge=3 rif_avant=0
  [sbwin] SB #1450 fn=15270 p51=21 tick=15943 : armee=0 one_shot=0 page_prog=64 rif_avant=0 nwin=0 marge=0 -> DMA NON ARMEE (le RIF jette) : SCH memorise pour la fenetre SB (dans une vraie fenetre SB : 6/1450)
  [chrono] fn=15998 sur 1000 trames (ms) : qemu 3.70 | A 0.05 | go 0.23 | B 0.15 | apres DONE 0.48 | trame 4.62 (temps reel 4.62)
  [sbwin] SB #1460 fn=15372 p51=21 tick=16045 : armee=0 one_shot=0 page_prog=64 rif_avant=0 nwin=0 marge=0 -> DMA NON ARMEE (le RIF jette) : SCH memorise pour la fenetre SB (dans une vraie fenetre SB : 6/1460)
  profil PC (21076 tranches, high-water 0xde92) : 9a80:11% 8240:11% 8380:10% 83c0:5% 8200:5% 8300:4% 8540:4% 9a40:4% a0c0:3% 81c0:3% 82c0:3% 9a00:2%
  fn=16056   page=1 insn=121     IDLE   d_fb_det=0     a_sch=0100 0000 0000 0000 sync=0000 153e ffff  | trames=16058 irq=0 iq=0
  [sbwin] SB #1470 fn=15474 p51=21 tick=16147 : armee=0 one_shot=0 page_prog=64 rif_avant=0 nwin=0 marge=0 -> DMA NON ARMEE (le RIF jette) : SCH memorise pour la fenetre SB (dans une vraie fenetre SB : 6/1470)
  [sbwin] SB #1480 fn=15576 p51=21 tick=16249 : armee=0 one_shot=0 page_prog=64 rif_avant=0 nwin=0 marge=0 -> DMA NON ARMEE (le RIF jette) : SCH memorise pour la fenetre SB (dans une vraie fenetre SB : 6/1480)
  profil PC (21052 tranches, high-water 0xde92) : 9a80:11% 8240:11% 8380:10% 83c0:5% 8200:5% 8300:4% 8540:4% 9a40:4% a0c0:3% 81c0:3% 82c0:3% 9a00:2%
  fn=16273   page=0 insn=121     IDLE   d_fb_det=0     a_sch=0100 0000 0000 0000 sync=0000 153e ffff  | trames=16275 irq=0 iq=0
  [sbwin] SB #1490 fn=15678 p51=21 tick=16351 : armee=0 one_shot=0 page_prog=64 rif_avant=0 nwin=0 marge=0 -> DMA NON ARMEE (le RIF jette) : SCH memorise pour la fenetre SB (dans une vraie fenetre SB : 6/1490)
  [sbwin] SB #1500 fn=15780 p51=21 tick=16453 : armee=0 one_shot=0 page_prog=64 rif_avant=0 nwin=0 marge=0 -> DMA NON ARMEE (le RIF jette) : SCH memorise pour la fenetre SB (dans une vraie fenetre SB : 6/1500)
  profil PC (22750 tranches, high-water 0xde92) : 9a80:11% 8240:11% 8380:10% 83c0:5% 8200:5% 8300:4% 8540:4% 9a40:4% a0c0:3% 81c0:3% 82c0:3% 9a00:2%
  fn=16490   page=1 insn=13663   IDLE   d_fb_det=0     a_sch=0100 0000 0000 0000 sync=0000 153e ffff  | trames=16492 irq=0 iq=0
  [sbwin] SB #1510 fn=15882 p51=21 tick=16555 : armee=0 one_shot=0 page_prog=64 rif_avant=0 nwin=0 marge=0 -> DMA NON ARMEE (le RIF jette) : SCH memorise pour la fenetre SB (dans une vraie fenetre SB : 6/1510)
  [sbwin] SB #1520 fn=15984 p51=21 tick=16657 : armee=0 one_shot=0 page_prog=64 rif_avant=0 nwin=0 marge=0 -> DMA NON ARMEE (le RIF jette) : SCH memorise pour la fenetre SB (dans une vraie fenetre SB : 6/1520)
  profil PC (24369 tranches, high-water 0xde92) : 9a80:11% 8240:11% 8380:10% 83c0:5% 8200:5% 8300:4% 8540:4% 9a40:4% a0c0:3% 81c0:3% 82c0:3% 9a00:2%
  fn=16707   page=1 insn=1357    IDLE   d_fb_det=0     a_sch=0100 0000 0000 0000 sync=0000 153e ffff  | trames=16709 irq=0 iq=0
  [sbwin] SB #1530 fn=16086 p51=21 tick=16759 : armee=0 one_shot=0 page_prog=64 rif_avant=0 nwin=0 marge=0 -> DMA NON ARMEE (le RIF jette) : SCH memorise pour la fenetre SB (dans une vraie fenetre SB : 6/1530)
  [sbwin] SB #1540 fn=16188 p51=21 tick=16861 : armee=0 one_shot=0 page_prog=64 rif_avant=0 nwin=0 marge=0 -> DMA NON ARMEE (le RIF jette) : SCH memorise pour la fenetre SB (dans une vraie fenetre SB : 6/1540)
  profil PC (21055 tranches, high-water 0xde92) : 9a80:11% 8240:11% 8380:10% 83c0:5% 8200:5% 8300:4% 8540:4% 9a40:4% a0c0:3% 81c0:3% 82c0:3% 9a00:2%
  fn=16924   page=0 insn=121     IDLE   d_fb_det=0     a_sch=0100 0000 0000 0000 sync=0000 153e ffff  | trames=16926 irq=0 iq=0
  [sbwin] SB #1550 fn=16290 p51=21 tick=16963 : armee=0 one_shot=0 page_prog=64 rif_avant=0 nwin=0 marge=0 -> DMA NON ARMEE (le RIF jette) : SCH memorise pour la fenetre SB (dans une vraie fenetre SB : 6/1550)
  [chrono] fn=16998 sur 1000 trames (ms) : qemu 3.71 | A 0.05 | go 0.25 | B 0.14 | apres DONE 0.46 | trame 4.62 (temps reel 4.62)
  [sbwin] SB #1560 fn=16392 p51=21 tick=17065 : armee=0 one_shot=0 page_prog=64 rif_avant=0 nwin=0 marge=0 -> DMA NON ARMEE (le RIF jette) : SCH memorise pour la fenetre SB (dans une vraie fenetre SB : 6/1560)
  profil PC (21052 tranches, high-water 0xde92) : 9a80:11% 8240:11% 8380:10% 83c0:5% 8200:5% 8300:4% 8540:4% 9a40:4% a0c0:3% 81c0:3% 82c0:3% 9a00:2%
  fn=17141   page=1 insn=121     IDLE   d_fb_det=0     a_sch=0100 0000 0000 0000 sync=0000 153e ffff  | trames=17143 irq=0 iq=0
  [sbwin] SB #1570 fn=16494 p51=21 tick=17167 : armee=0 one_shot=0 page_prog=64 rif_avant=0 nwin=0 marge=0 -> DMA NON ARMEE (le RIF jette) : SCH memorise pour la fenetre SB (dans une vraie fenetre SB : 6/1570)
  [sbwin] SB #1580 fn=16596 p51=21 tick=17269 : armee=0 one_shot=0 page_prog=64 rif_avant=0 nwin=0 marge=0 -> DMA NON ARMEE (le RIF jette) : SCH memorise pour la fenetre SB (dans une vraie fenetre SB : 6/1580)
  profil PC (22973 tranches, high-water 0xde92) : 8240:11% 9a80:11% 8380:10% 83c0:5% 8200:5% 8300:4% 8540:4% 9a40:4% a0c0:3% 81c0:3% 82c0:3% 9a00:2%
  fn=17358   page=1 insn=13661   IDLE   d_fb_det=0     a_sch=0100 0000 0000 0000 sync=0000 153e ffff  | trames=17360 irq=0 iq=0
  hacks actifs : RHEA_DMA ; cadencement : STREAM LOCKSTEP  ; stimulus : none
  [sbwin] SB #1590 fn=16698 p51=21 tick=17371 : armee=0 one_shot=0 page_prog=64 rif_avant=0 nwin=0 marge=0 -> DMA NON ARMEE (le RIF jette) : SCH memorise pour la fenetre SB (dans une vraie fenetre SB : 6/1590)
  [sbwin] SB #1600 fn=16800 p51=21 tick=17473 : armee=0 one_shot=0 page_prog=64 rif_avant=0 nwin=0 marge=0 -> DMA NON ARMEE (le RIF jette) : SCH memorise pour la fenetre SB (dans une vraie fenetre SB : 6/1600)
  [sbwin] SB #1610 fn=16902 p51=21 tick=17575 : armee=0 one_shot=0 page_prog=64 rif_avant=0 nwin=0 marge=0 -> DMA NON ARMEE (le RIF jette) : SCH memorise pour la fenetre SB (dans une vraie fenetre SB : 6/1610)
  profil PC (24146 tranches, high-water 0xde92) : 9a80:12% 8240:11% 8380:10% 83c0:5% 8200:5% 8300:4% 8540:4% 9a40:4% a0c0:3% 81c0:3% 82c0:3% 9a00:2%
  fn=17575   page=0 insn=121     IDLE   d_fb_det=0     a_sch=0100 0000 0000 0000 sync=0000 153e ffff  | trames=17577 irq=0 iq=0
  [sbwin] SB #1620 fn=17004 p51=21 tick=17677 : armee=0 one_shot=0 page_prog=64 rif_avant=0 nwin=0 marge=0 -> DMA NON ARMEE (le RIF jette) : SCH memorise pour la fenetre SB (dans une vraie fenetre SB : 6/1620)
  [sbwin] SB #1630 fn=17106 p51=21 tick=17779 : armee=0 one_shot=0 page_prog=64 rif_avant=0 nwin=0 marge=0 -> DMA NON ARMEE (le RIF jette) : SCH memorise pour la fenetre SB (dans une vraie fenetre SB : 6/1630)
  profil PC (21055 tranches, high-water 0xde92) : 9a80:11% 8240:11% 8380:10% 83c0:5% 8200:5% 8300:4% 8540:4% 9a40:4% a0c0:3% 81c0:3% 82c0:3% 9a00:2%
  fn=17792   page=1 insn=121     IDLE   d_fb_det=0     a_sch=0100 0000 0000 0000 sync=0000 153e ffff  | trames=17794 irq=0 iq=0
  [sbwin] SB #1640 fn=17208 p51=21 tick=17881 : armee=0 one_shot=0 page_prog=64 rif_avant=0 nwin=0 marge=0 -> DMA NON ARMEE (le RIF jette) : SCH memorise pour la fenetre SB (dans une vraie fenetre SB : 6/1640)
  [sbwin] SB #1650 fn=17310 p51=21 tick=17983 : armee=0 one_shot=0 page_prog=64 rif_avant=0 nwin=0 marge=0 -> DMA NON ARMEE (le RIF jette) : SCH memorise pour la fenetre SB (dans une vraie fenetre SB : 6/1650)
  [chrono] fn=17998 sur 1000 trames (ms) : qemu 3.82 | A 0.05 | go 0.22 | B 0.12 | apres DONE 0.41 | trame 4.61 (temps reel 4.62)
  profil PC (21052 tranches, high-water 0xde92) : 9a80:11% 8240:11% 8380:10% 83c0:5% 8200:5% 8300:4% 8540:4% 9a40:4% a0c0:3% 81c0:3% 82c0:3% 9a00:2%
  fn=18009   page=0 insn=121     IDLE   d_fb_det=0     a_sch=0100 0000 0000 0000 sync=0000 153e ffff  | trames=18011 irq=0 iq=0
  [sbwin] SB #1660 fn=17412 p51=21 tick=18085 : armee=0 one_shot=0 page_prog=64 rif_avant=0 nwin=0 marge=0 -> DMA NON ARMEE (le RIF jette) : SCH memorise pour la fenetre SB (dans une vraie fenetre SB : 6/1660)
  [sbwin] SB #1670 fn=17514 p51=21 tick=18187 : armee=0 one_shot=0 page_prog=64 rif_avant=0 nwin=0 marge=0 -> DMA NON ARMEE (le RIF jette) : SCH memorise pour la fenetre SB (dans une vraie fenetre SB : 6/1670)
  profil PC (23548 tranches, high-water 0xde92) : 9a80:11% 8240:11% 8380:10% 83c0:5% 8200:5% 8300:4% 8540:4% 9a40:4% a0c0:3% 81c0:3% 82c0:3% 9a00:2%
  fn=18226   page=1 insn=36256   IDLE   d_fb_det=0     a_sch=0100 0000 0000 0000 sync=0000 153e ffff  | trames=18228 irq=0 iq=0
  [sbwin] SB #1680 fn=17616 p51=21 tick=18289 : armee=0 one_shot=0 page_prog=64 rif_avant=0 nwin=0 marge=0 -> DMA NON ARMEE (le RIF jette) : SCH memorise pour la fenetre SB (dans une vraie fenetre SB : 6/1680)
  [sbwin] SB #1690 fn=17718 p51=21 tick=18391 : armee=0 one_shot=0 page_prog=64 rif_avant=0 nwin=0 marge=0 -> DMA NON ARMEE (le RIF jette) : SCH memorise pour la fenetre SB (dans une vraie fenetre SB : 6/1690)
  profil PC (23572 tranches, high-water 0xde92) : 9a80:11% 8240:11% 8380:10% 83c0:5% 8200:5% 8300:4% 8540:4% 9a40:4% a0c0:3% 81c0:3% 82c0:3% 9a00:2%
  fn=18443   page=1 insn=121     IDLE   d_fb_det=0     a_sch=0100 0000 0000 0000 sync=0000 153e ffff  | trames=18445 irq=0 iq=0
  [sbwin] SB #1700 fn=17820 p51=21 tick=18493 : armee=0 one_shot=0 page_prog=64 rif_avant=0 nwin=0 marge=0 -> DMA NON ARMEE (le RIF jette) : SCH memorise pour la fenetre SB (dans une vraie fenetre SB : 6/1700)
  [sbwin] SB #1710 fn=17922 p51=21 tick=18595 : armee=0 one_shot=0 page_prog=64 rif_avant=0 nwin=0 marge=0 -> DMA NON ARMEE (le RIF jette) : SCH memorise pour la fenetre SB (dans une vraie fenetre SB : 6/1710)
  profil PC (21052 tranches, high-water 0xde92) : 9a80:11% 8240:11% 8380:10% 83c0:5% 8200:5% 8300:4% 8540:4% 9a40:4% a0c0:3% 81c0:3% 82c0:3% 9a00:2%
  fn=18660   page=0 insn=121     IDLE   d_fb_det=0     a_sch=0100 0000 0000 0000 sync=0000 153e ffff  | trames=18662 irq=0 iq=0
  [sbwin] SB #1720 fn=18024 p51=21 tick=18697 : armee=0 one_shot=0 page_prog=64 rif_avant=0 nwin=0 marge=0 -> DMA NON ARMEE (le RIF jette) : SCH memorise pour la fenetre SB (dans une vraie fenetre SB : 6/1720)
  [sbwin] SB #1730 fn=18126 p51=21 tick=18799 : armee=0 one_shot=0 page_prog=64 rif_avant=0 nwin=0 marge=0 -> DMA NON ARMEE (le RIF jette) : SCH memorise pour la fenetre SB (dans une vraie fenetre SB : 6/1730)
  profil PC (21055 tranches, high-water 0xde92) : 9a80:11% 8240:11% 8380:10% 83c0:5% 8200:5% 8300:4% 8540:4% 9a40:4% a0c0:3% 81c0:3% 82c0:3% 9a00:2%
  fn=18877   page=1 insn=121     IDLE   d_fb_det=0     a_sch=0100 0000 0000 0000 sync=0000 153e ffff  | trames=18879 irq=0 iq=0
  [sbwin] SB #1740 fn=18228 p51=21 tick=18901 : armee=0 one_shot=0 page_prog=64 rif_avant=0 nwin=0 marge=0 -> DMA NON ARMEE (le RIF jette) : SCH memorise pour la fenetre SB (dans une vraie fenetre SB : 6/1740)
  [chrono] fn=18998 sur 1000 trames (ms) : qemu 3.64 | A 0.05 | go 0.25 | B 0.16 | apres DONE 0.52 | trame 4.62 (temps reel 4.62)
  [sbwin] SB #1750 fn=18330 p51=21 tick=19003 : armee=0 one_shot=0 page_prog=64 rif_avant=0 nwin=0 marge=0 -> DMA NON ARMEE (le RIF jette) : SCH memorise pour la fenetre SB (dans une vraie fenetre SB : 6/1750)
  profil PC (23566 tranches, high-water 0xde92) : 9a80:11% 8240:11% 8380:10% 83c0:5% 8200:5% 8300:4% 8540:4% 9a40:4% a0c0:3% 81c0:3% 82c0:3% 9a00:2%
  fn=19094   page=1 insn=1357    IDLE   d_fb_det=0     a_sch=0100 0000 0000 0000 sync=0000 153e ffff  | trames=19096 irq=0 iq=0
  hacks actifs : RHEA_DMA ; cadencement : STREAM LOCKSTEP  ; stimulus : none
  [sbwin] SB #1760 fn=18432 p51=21 tick=19105 : armee=0 one_shot=0 page_prog=64 rif_avant=0 nwin=0 marge=0 -> DMA NON ARMEE (le RIF jette) : SCH memorise pour la fenetre SB (dans une vraie fenetre SB : 6/1760)
  [sbwin] SB #1770 fn=18534 p51=21 tick=19207 : armee=0 one_shot=0 page_prog=64 rif_avant=0 nwin=0 marge=0 -> DMA NON ARMEE (le RIF jette) : SCH memorise pour la fenetre SB (dans une vraie fenetre SB : 6/1770)
  [sbwin] SB #1780 fn=18636 p51=21 tick=19309 : armee=0 one_shot=0 page_prog=64 rif_avant=0 nwin=0 marge=0 -> DMA NON ARMEE (le RIF jette) : SCH memorise pour la fenetre SB (dans une vraie fenetre SB : 6/1780)
  profil PC (23551 tranches, high-water 0xde92) : 9a80:11% 8240:11% 8380:10% 83c0:5% 8200:5% 8300:4% 8540:4% 9a40:4% a0c0:3% 81c0:3% 82c0:3% 9a00:2%
  fn=19311   page=0 insn=121     IDLE   d_fb_det=0     a_sch=0100 0000 0000 0000 sync=0000 153e ffff  | trames=19313 irq=0 iq=0
  [sbwin] SB #1790 fn=18738 p51=21 tick=19411 : armee=0 one_shot=0 page_prog=64 rif_avant=0 nwin=0 marge=0 -> DMA NON ARMEE (le RIF jette) : SCH memorise pour la fenetre SB (dans une vraie fenetre SB : 6/1790)
  [sbwin] SB #1800 fn=18840 p51=21 tick=19513 : armee=0 one_shot=0 page_prog=64 rif_avant=0 nwin=0 marge=0 -> DMA NON ARMEE (le RIF jette) : SCH memorise pour la fenetre SB (dans une vraie fenetre SB : 6/1800)
  profil PC (21052 tranches, high-water 0xde92) : 9a80:11% 8240:11% 8380:10% 83c0:5% 8200:5% 8300:4% 8540:4% 9a40:4% a0c0:3% 81c0:3% 82c0:3% 9a00:2%
  fn=19528   page=1 insn=121     IDLE   d_fb_det=0     a_sch=0100 0000 0000 0000 sync=0000 153e ffff  | trames=19530 irq=0 iq=0
  [sbwin] SB #1810 fn=18942 p51=21 tick=19615 : armee=0 one_shot=0 page_prog=64 rif_avant=0 nwin=0 marge=0 -> DMA NON ARMEE (le RIF jette) : SCH memorise pour la fenetre SB (dans une vraie fenetre SB : 6/1810)
  [sbwin] SB #1820 fn=19044 p51=21 tick=19717 : armee=0 one_shot=0 page_prog=64 rif_avant=0 nwin=0 marge=0 -> DMA NON ARMEE (le RIF jette) : SCH memorise pour la fenetre SB (dans une vraie fenetre SB : 6/1820)
  profil PC (21055 tranches, high-water 0xde92) : 9a80:11% 8240:11% 8380:10% 83c0:5% 8200:5% 8300:4% 8540:4% 9a40:4% a0c0:3% 81c0:3% 82c0:3% 9a00:2%
  fn=19745   page=0 insn=121     IDLE   d_fb_det=0     a_sch=0100 0000 0000 0000 sync=0000 153e ffff  | trames=19747 irq=0 iq=0
  [sbwin] SB #1830 fn=19146 p51=21 tick=19819 : armee=0 one_shot=0 page_prog=64 rif_avant=0 nwin=0 marge=0 -> DMA NON ARMEE (le RIF jette) : SCH memorise pour la fenetre SB (dans une vraie fenetre SB : 6/1830)
  [sbwin] SB #1840 fn=19248 p51=21 tick=19921 : armee=0 one_shot=0 page_prog=64 rif_avant=0 nwin=0 marge=0 -> DMA NON ARMEE (le RIF jette) : SCH memorise pour la fenetre SB (dans une vraie fenetre SB : 6/1840)
  profil PC (23568 tranches, high-water 0xde92) : 9a80:11% 8240:11% 8380:10% 83c0:5% 8200:5% 8300:4% 8540:4% 9a40:4% a0c0:3% 81c0:3% 82c0:3% 9a00:2%
  fn=19962   page=0 insn=121     IDLE   d_fb_det=0     a_sch=0100 0000 0000 0000 sync=0000 153e ffff  | trames=19964 irq=0 iq=0
  [chrono] fn=19998 sur 1000 trames (ms) : qemu 3.49 | A 0.06 | go 0.26 | B 0.18 | apres DONE 0.62 | trame 4.61 (temps reel 4.62)
  [sbwin] SB #1850 fn=19350 p51=21 tick=20023 : armee=0 one_shot=0 page_prog=64 rif_avant=0 nwin=0 marge=0 -> DMA NON ARMEE (le RIF jette) : SCH memorise pour la fenetre SB (dans une vraie fenetre SB : 6/1850)
  [sbwin] SB #1860 fn=19452 p51=21 tick=20125 : armee=0 one_shot=0 page_prog=64 rif_avant=0 nwin=0 marge=0 -> DMA NON ARMEE (le RIF jette) : SCH memorise pour la fenetre SB (dans une vraie fenetre SB : 6/1860)
  profil PC (23551 tranches, high-water 0xde92) : 9a80:11% 8240:11% 8380:10% 83c0:5% 8200:5% 8300:4% 8540:4% 9a40:4% a0c0:3% 81c0:3% 82c0:3% 9a00:2%
  fn=20179   page=1 insn=121     IDLE   d_fb_det=0     a_sch=0100 0000 0000 0000 sync=0000 153e ffff  | trames=20181 irq=0 iq=0
  [sbwin] SB #1870 fn=19554 p51=21 tick=20227 : armee=0 one_shot=0 page_prog=64 rif_avant=0 nwin=0 marge=0 -> DMA NON ARMEE (le RIF jette) : SCH memorise pour la fenetre SB (dans une vraie fenetre SB : 6/1870)
  [sbwin] SB #1880 fn=19656 p51=21 tick=20329 : armee=0 one_shot=0 page_prog=64 rif_avant=0 nwin=0 marge=0 -> DMA NON ARMEE (le RIF jette) : SCH memorise pour la fenetre SB (dans une vraie fenetre SB : 6/1880)
  profil PC (21052 tranches, high-water 0xde92) : 9a80:11% 8240:11% 8380:10% 83c0:5% 8200:5% 8300:4% 8540:4% 9a40:4% a0c0:3% 81c0:3% 82c0:3% 9a00:2%
  fn=20396   page=0 insn=121     IDLE   d_fb_det=0     a_sch=0100 0000 0000 0000 sync=0000 153e ffff  | trames=20398 irq=0 iq=0
  [sbwin] SB #1890 fn=19758 p51=21 tick=20431 : armee=0 one_shot=0 page_prog=64 rif_avant=0 nwin=0 marge=0 -> DMA NON ARMEE (le RIF jette) : SCH memorise pour la fenetre SB (dans une vraie fenetre SB : 6/1890)
  [sbwin] SB #1900 fn=19860 p51=21 tick=20533 : armee=0 one_shot=0 page_prog=64 rif_avant=0 nwin=0 marge=0 -> DMA NON ARMEE (le RIF jette) : SCH memorise pour la fenetre SB (dans une vraie fenetre SB : 6/1900)
  profil PC (21055 tranches, high-water 0xde92) : 9a80:11% 8240:11% 8380:10% 83c0:5% 8200:5% 8300:4% 8540:4% 9a40:4% a0c0:3% 81c0:3% 82c0:3% 9a00:2%
  fn=20613   page=1 insn=121     IDLE   d_fb_det=0     a_sch=0100 0000 0000 0000 sync=0000 153e ffff  | trames=20615 irq=0 iq=0
  [sbwin] SB #1910 fn=19962 p51=21 tick=20635 : armee=0 one_shot=0 page_prog=64 rif_avant=0 nwin=0 marge=0 -> DMA NON ARMEE (le RIF jette) : SCH memorise pour la fenetre SB (dans une vraie fenetre SB : 6/1910)
  [sbwin] SB #1920 fn=20064 p51=21 tick=20737 : armee=0 one_shot=0 page_prog=64 rif_avant=0 nwin=0 marge=0 -> DMA NON ARMEE (le RIF jette) : SCH memorise pour la fenetre SB (dans une vraie fenetre SB : 6/1920)
  profil PC (23793 tranches, high-water 0xde92) : 9a80:11% 8240:11% 8380:10% 83c0:5% 8200:5% 8300:4% 8540:4% 9a40:4% a0c0:3% 81c0:3% 82c0:3% 9a00:2%
  fn=20830   page=0 insn=13783   IDLE   d_fb_det=0     a_sch=0100 0000 0000 0000 sync=0000 153e ffff  | trames=20832 irq=0 iq=0
  hacks actifs : RHEA_DMA ; cadencement : STREAM LOCKSTEP  ; stimulus : none
  [sbwin] SB #1930 fn=20166 p51=21 tick=20839 : armee=0 one_shot=0 page_prog=64 rif_avant=0 nwin=0 marge=0 -> DMA NON ARMEE (le RIF jette) : SCH memorise pour la fenetre SB (dans une vraie fenetre SB : 6/1930)
  [ts0] tick=20930 fn=20257 p51=10 FCCH fenetre=64 marge=0 rif_avant=0
  [sbwin] SB #1940 fn=20268 p51=21 tick=20941 : armee=0 one_shot=0 page_prog=64 rif_avant=0 nwin=0 marge=0 -> DMA NON ARMEE (le RIF jette) : SCH memorise pour la fenetre SB (dans une vraie fenetre SB : 6/1940)
  [chrono] fn=20998 sur 1000 trames (ms) : qemu 3.70 | A 0.05 | go 0.23 | B 0.15 | apres DONE 0.48 | trame 4.62 (temps reel 4.62)
  [sbwin] SB #1950 fn=20370 p51=21 tick=21043 : armee=0 one_shot=0 page_prog=64 rif_avant=0 nwin=0 marge=0 -> DMA NON ARMEE (le RIF jette) : SCH memorise pour la fenetre SB (dans une vraie fenetre SB : 6/1950)
  profil PC (23326 tranches, high-water 0xde92) : 9a80:11% 8240:11% 8380:10% 83c0:5% 8200:5% 8300:4% 8540:4% 9a40:4% a0c0:3% 81c0:3% 82c0:3% 9a00:2%
  fn=21047   page=0 insn=121     IDLE   d_fb_det=0     a_sch=0100 0000 0000 0000 sync=0000 153e ffff  | trames=21049 irq=0 iq=0
  [sbwin] SB #1960 fn=20472 p51=21 tick=21145 : armee=0 one_shot=0 page_prog=64 rif_avant=0 nwin=0 marge=0 -> DMA NON ARMEE (le RIF jette) : SCH memorise pour la fenetre SB (dans une vraie fenetre SB : 6/1960)
  [sbwin] SB #1970 fn=20574 p51=21 tick=21247 : armee=0 one_shot=0 page_prog=64 rif_avant=0 nwin=0 marge=0 -> DMA NON ARMEE (le RIF jette) : SCH memorise pour la fenetre SB (dans une vraie fenetre SB : 6/1970)
  profil PC (21052 tranches, high-water 0xde92) : 9a80:11% 8240:11% 8380:10% 83c0:5% 8200:5% 8300:4% 8540:4% 9a40:4% a0c0:3% 81c0:3% 82c0:3% 9a00:2%
  fn=21264   page=1 insn=121     IDLE   d_fb_det=0     a_sch=0100 0000 0000 0000 sync=0000 153e ffff  | trames=21266 irq=0 iq=0
  [sbwin] SB #1980 fn=20676 p51=21 tick=21349 : armee=0 one_shot=0 page_prog=64 rif_avant=0 nwin=0 marge=0 -> DMA NON ARMEE (le RIF jette) : SCH memorise pour la fenetre SB (dans une vraie fenetre SB : 6/1980)
  [sbwin] SB #1990 fn=20778 p51=21 tick=21451 : armee=0 one_shot=0 page_prog=64 rif_avant=0 nwin=0 marge=0 -> DMA NON ARMEE (le RIF jette) : SCH memorise pour la fenetre SB (dans une vraie fenetre SB : 6/1990)
  profil PC (21076 tranches, high-water 0xde92) : 9a80:11% 8240:11% 8380:10% 83c0:5% 8200:5% 8300:4% 8540:4% 9a40:4% a0c0:3% 81c0:3% 82c0:3% 9a00:2%
  fn=21481   page=1 insn=1357    IDLE   d_fb_det=0     a_sch=0100 0000 0000 0000 sync=0000 153e ffff  | trames=21483 irq=0 iq=0
  [sbwin] SB #2000 fn=20880 p51=21 tick=21553 : armee=0 one_shot=0 page_prog=64 rif_avant=0 nwin=0 marge=0 -> DMA NON ARMEE (le RIF jette) : SCH memorise pour la fenetre SB (dans une vraie fenetre SB : 6/2000)
  [sbwin] SB #2010 fn=20982 p51=21 tick=21655 : armee=0 one_shot=0 page_prog=64 rif_avant=0 nwin=0 marge=0 -> DMA NON ARMEE (le RIF jette) : SCH memorise pour la fenetre SB (dans une vraie fenetre SB : 6/2010)
  profil PC (23996 tranches, high-water 0xde92) : 9a80:11% 8240:11% 8380:10% 83c0:5% 8200:5% 8300:4% 8540:4% 9a40:4% a0c0:3% 81c0:3% 82c0:3% 9a00:2%
  fn=21698   page=0 insn=13657   IDLE   d_fb_det=0     a_sch=0100 0000 0000 0000 sync=0000 153e ffff  | trames=21700 irq=0 iq=0
  [sbwin] SB #2020 fn=21084 p51=21 tick=21757 : armee=0 one_shot=0 page_prog=64 rif_avant=0 nwin=0 marge=0 -> DMA NON ARMEE (le RIF jette) : SCH memorise pour la fenetre SB (dans une vraie fenetre SB : 6/2020)
  [sbwin] SB #2030 fn=21186 p51=21 tick=21859 : armee=0 one_shot=0 page_prog=64 rif_avant=0 nwin=0 marge=0 -> DMA NON ARMEE (le RIF jette) : SCH memorise pour la fenetre SB (dans une vraie fenetre SB : 6/2030)
  profil PC (23100 tranches, high-water 0xde92) : 9a80:11% 8240:11% 8380:10% 83c0:5% 8200:5% 8300:4% 8540:4% 9a40:4% a0c0:3% 81c0:3% 82c0:3% 9a00:2%
  fn=21915   page=1 insn=121     IDLE   d_fb_det=0     a_sch=0100 0000 0000 0000 sync=0000 153e ffff  | trames=21917 irq=0 iq=0
  [sbwin] SB #2040 fn=21288 p51=21 tick=21961 : armee=0 one_shot=0 page_prog=64 rif_avant=0 nwin=0 marge=0 -> DMA NON ARMEE (le RIF jette) : SCH memorise pour la fenetre SB (dans une vraie fenetre SB : 6/2040)
  [chrono] fn=21998 sur 1000 trames (ms) : qemu 3.70 | A 0.05 | go 0.25 | B 0.15 | apres DONE 0.47 | trame 4.62 (temps reel 4.62)
  [sbwin] SB #2050 fn=21390 p51=21 tick=22063 : armee=0 one_shot=0 page_prog=64 rif_avant=0 nwin=0 marge=0 -> DMA NON ARMEE (le RIF jette) : SCH memorise pour la fenetre SB (dans une vraie fenetre SB : 6/2050)
  profil PC (21055 tranches, high-water 0xde92) : 9a80:11% 8240:11% 8380:10% 83c0:5% 8200:5% 8300:4% 8540:4% 9a40:4% a0c0:3% 81c0:3% 82c0:3% 9a00:2%
  fn=22132   page=0 insn=121     IDLE   d_fb_det=0     a_sch=0100 0000 0000 0000 sync=0000 153e ffff  | trames=22134 irq=0 iq=0
  [sbwin] SB #2060 fn=21492 p51=21 tick=22165 : armee=0 one_shot=0 page_prog=64 rif_avant=0 nwin=0 marge=0 -> DMA NON ARMEE (le RIF jette) : SCH memorise pour la fenetre SB (dans une vraie fenetre SB : 6/2060)
  [sbwin] SB #2070 fn=21594 p51=21 tick=22267 : armee=0 one_shot=0 page_prog=64 rif_avant=0 nwin=0 marge=0 -> DMA NON ARMEE (le RIF jette) : SCH memorise pour la fenetre SB (dans une vraie fenetre SB : 6/2070)
  profil PC (21073 tranches, high-water 0xde92) : 9a80:11% 8240:11% 8380:10% 83c0:5% 8200:5% 8300:4% 8540:4% 9a40:4% a0c0:3% 81c0:3% 82c0:3% 9a00:2%
  fn=22349   page=0 insn=121     IDLE   d_fb_det=0     a_sch=0100 0000 0000 0000 sync=0000 153e ffff  | trames=22351 irq=0 iq=0
  [sbwin] SB #2080 fn=21696 p51=21 tick=22369 : armee=0 one_shot=0 page_prog=64 rif_avant=0 nwin=0 marge=0 -> DMA NON ARMEE (le RIF jette) : SCH memorise pour la fenetre SB (dans une vraie fenetre SB : 6/2080)
  [sbwin] SB #2090 fn=21798 p51=21 tick=22471 : armee=0 one_shot=0 page_prog=64 rif_avant=0 nwin=0 marge=0 -> DMA NON ARMEE (le RIF jette) : SCH memorise pour la fenetre SB (dans une vraie fenetre SB : 6/2090)
  profil PC (24219 tranches, high-water 0xde92) : 8240:11% 9a80:11% 8380:10% 83c0:5% 8200:5% 8300:4% 8540:4% 9a40:4% a0c0:3% 81c0:3% 82c0:3% 9a00:2%
  fn=22566   page=0 insn=13659   IDLE   d_fb_det=0     a_sch=0100 0000 0000 0000 sync=0000 153e ffff  | trames=22568 irq=0 iq=0
  hacks actifs : RHEA_DMA ; cadencement : STREAM LOCKSTEP  ; stimulus : none
  [sbwin] SB #2100 fn=21900 p51=21 tick=22573 : armee=0 one_shot=0 page_prog=64 rif_avant=0 nwin=0 marge=0 -> DMA NON ARMEE (le RIF jette) : SCH memorise pour la fenetre SB (dans une vraie fenetre SB : 6/2100)
  [sbwin] SB #2110 fn=22002 p51=21 tick=22675 : armee=0 one_shot=0 page_prog=64 rif_avant=0 nwin=0 marge=0 -> DMA NON ARMEE (le RIF jette) : SCH memorise pour la fenetre SB (dans une vraie fenetre SB : 6/2110)
  [sbwin] SB #2120 fn=22104 p51=21 tick=22777 : armee=0 one_shot=0 page_prog=64 rif_avant=0 nwin=0 marge=0 -> DMA NON ARMEE (le RIF jette) : SCH memorise pour la fenetre SB (dans une vraie fenetre SB : 6/2120)
  profil PC (22877 tranches, high-water 0xde92) : 9a80:12% 8240:11% 8380:9% 83c0:5% 8200:5% 8300:4% 8540:4% 9a40:4% a0c0:3% 81c0:3% 82c0:3% 9a00:2%
  fn=22783   page=0 insn=121     IDLE   d_fb_det=0     a_sch=0100 0000 0000 0000 sync=0000 153e ffff  | trames=22785 irq=0 iq=0
  [sbwin] SB #2130 fn=22206 p51=21 tick=22879 : armee=0 one_shot=0 page_prog=64 rif_avant=0 nwin=0 marge=0 -> DMA NON ARMEE (le RIF jette) : SCH memorise pour la fenetre SB (dans une vraie fenetre SB : 6/2130)
  [sbwin] SB #2140 fn=22308 p51=21 tick=22981 : armee=0 one_shot=0 page_prog=64 rif_avant=0 nwin=0 marge=0 -> DMA NON ARMEE (le RIF jette) : SCH memorise pour la fenetre SB (dans une vraie fenetre SB : 6/2140)
  [chrono] fn=22998 sur 1000 trames (ms) : qemu 3.72 | A 0.04 | go 0.31 | B 0.12 | apres DONE 0.42 | trame 4.61 (temps reel 4.62)
  profil PC (21076 tranches, high-water 0xde92) : 9a80:11% 8240:11% 8380:10% 83c0:5% 8200:5% 8300:4% 8540:4% 9a40:4% a0c0:3% 81c0:3% 82c0:3% 9a00:2%
  fn=23000   page=0 insn=1355    IDLE   d_fb_det=0     a_sch=0100 0000 0000 0000 sync=0000 153e ffff  | trames=23002 irq=0 iq=0
  [sbwin] SB #2150 fn=22410 p51=21 tick=23083 : armee=0 one_shot=0 page_prog=64 rif_avant=0 nwin=0 marge=0 -> DMA NON ARMEE (le RIF jette) : SCH memorise pour la fenetre SB (dans une vraie fenetre SB : 6/2150)
  [sbwin] SB #2160 fn=22512 p51=21 tick=23185 : armee=0 one_shot=0 page_prog=64 rif_avant=0 nwin=0 marge=0 -> DMA NON ARMEE (le RIF jette) : SCH memorise pour la fenetre SB (dans une vraie fenetre SB : 6/2160)
  profil PC (21277 tranches, high-water 0xde92) : 9a80:11% 8240:11% 8380:10% 83c0:5% 8200:5% 8300:4% 8540:4% 9a40:4% a0c0:3% 81c0:3% 82c0:3% 9a00:2%
  fn=23217   page=0 insn=13776   IDLE   d_fb_det=0     a_sch=0100 0000 0000 0000 sync=0000 153e ffff  | trames=23219 irq=0 iq=0
  [sbwin] SB #2170 fn=22614 p51=21 tick=23287 : armee=0 one_shot=0 page_prog=64 rif_avant=0 nwin=0 marge=0 -> DMA NON ARMEE (le RIF jette) : SCH memorise pour la fenetre SB (dans une vraie fenetre SB : 6/2170)
  [sbwin] SB #2180 fn=22716 p51=21 tick=23389 : armee=0 one_shot=0 page_prog=64 rif_avant=0 nwin=0 marge=0 -> DMA NON ARMEE (le RIF jette) : SCH memorise pour la fenetre SB (dans une vraie fenetre SB : 6/2180)
  profil PC (24573 tranches, high-water 0xde92) : 9a80:11% 8240:11% 8380:10% 83c0:5% 8200:5% 8300:4% 8540:4% 9a40:4% a0c0:3% 81c0:3% 82c0:3% 9a00:2%
  fn=23434   page=0 insn=36250   IDLE   d_fb_det=0     a_sch=0100 0000 0000 0000 sync=0000 153e ffff  | trames=23436 irq=0 iq=0
  [sbwin] SB #2190 fn=22818 p51=21 tick=23491 : armee=0 one_shot=0 page_prog=64 rif_avant=0 nwin=0 marge=0 -> DMA NON ARMEE (le RIF jette) : SCH memorise pour la fenetre SB (dans une vraie fenetre SB : 6/2190)
  [sbwin] SB #2200 fn=22920 p51=21 tick=23593 : armee=0 one_shot=0 page_prog=64 rif_avant=0 nwin=0 marge=0 -> DMA NON ARMEE (le RIF jette) : SCH memorise pour la fenetre SB (dans une vraie fenetre SB : 6/2200)
  profil PC (22300 tranches, high-water 0xde92) : 9a80:11% 8240:11% 8380:10% 83c0:5% 8200:5% 8300:4% 8540:4% 9a40:4% a0c0:3% 81c0:3% 82c0:3% 9a00:2%
  fn=23651   page=1 insn=121     IDLE   d_fb_det=0     a_sch=0100 0000 0000 0000 sync=0000 153e ffff  | trames=23653 irq=0 iq=0
  [sbwin] SB #2210 fn=23022 p51=21 tick=23695 : armee=0 one_shot=0 page_prog=64 rif_avant=0 nwin=0 marge=0 -> DMA NON ARMEE (le RIF jette) : SCH memorise pour la fenetre SB (dans une vraie fenetre SB : 6/2210)
  [sbwin] SB #2220 fn=23124 p51=21 tick=23797 : armee=0 one_shot=0 page_prog=64 rif_avant=0 nwin=0 marge=0 -> DMA NON ARMEE (le RIF jette) : SCH memorise pour la fenetre SB (dans une vraie fenetre SB : 6/2220)
  profil PC (21076 tranches, high-water 0xde92) : 9a80:11% 8240:11% 8380:10% 83c0:5% 8200:5% 8300:4% 8540:4% 9a40:4% a0c0:3% 81c0:3% 82c0:3% 9a00:2%
  fn=23868   page=1 insn=121     IDLE   d_fb_det=0     a_sch=0100 0000 0000 0000 sync=0000 153e ffff  | trames=23870 irq=0 iq=0
  [sbwin] SB #2230 fn=23226 p51=21 tick=23899 : armee=0 one_shot=0 page_prog=64 rif_avant=0 nwin=0 marge=0 -> DMA NON ARMEE (le RIF jette) : SCH memorise pour la fenetre SB (dans une vraie fenetre SB : 6/2230)
  [chrono] fn=23998 sur 1000 trames (ms) : qemu 3.61 | A 0.05 | go 0.24 | B 0.16 | apres DONE 0.55 | trame 4.62 (temps reel 4.62)
  [sbwin] SB #2240 fn=23328 p51=21 tick=24001 : armee=0 one_shot=0 page_prog=64 rif_avant=0 nwin=0 marge=0 -> DMA NON ARMEE (le RIF jette) : SCH memorise pour la fenetre SB (dans une vraie fenetre SB : 6/2240)
  profil PC (21500 tranches, high-water 0xde92) : 9a80:11% 8240:11% 8380:10% 83c0:5% 8200:5% 8300:4% 8540:4% 9a40:4% a0c0:3% 81c0:3% 82c0:3% 9a00:2%
  fn=24085   page=0 insn=13653   IDLE   d_fb_det=0     a_sch=0100 0000 0000 0000 sync=0000 153e ffff  | trames=24087 irq=0 iq=0
  [sbwin] SB #2250 fn=23430 p51=21 tick=24103 : armee=0 one_shot=0 page_prog=64 rif_avant=0 nwin=0 marge=0 -> DMA NON ARMEE (le RIF jette) : SCH memorise pour la fenetre SB (dans une vraie fenetre SB : 6/2250)
  [sbwin] SB #2260 fn=23532 p51=21 tick=24205 : armee=0 one_shot=0 page_prog=64 rif_avant=0 nwin=0 marge=0 -> DMA NON ARMEE (le RIF jette) : SCH memorise pour la fenetre SB (dans une vraie fenetre SB : 6/2260)
  profil PC (24575 tranches, high-water 0xde92) : 9a80:11% 8240:11% 8380:10% 83c0:5% 8200:5% 8300:4% 8540:4% 9a40:4% a0c0:3% 81c0:3% 82c0:3% 9a00:2%
  fn=24302   page=0 insn=13783   IDLE   d_fb_det=0     a_sch=0100 0000 0000 0000 sync=0000 153e ffff  | trames=24304 irq=0 iq=0
  hacks actifs : RHEA_DMA ; cadencement : STREAM LOCKSTEP  ; stimulus : none
  [sbwin] SB #2270 fn=23634 p51=21 tick=24307 : armee=0 one_shot=0 page_prog=64 rif_avant=0 nwin=0 marge=0 -> DMA NON ARMEE (le RIF jette) : SCH memorise pour la fenetre SB (dans une vraie fenetre SB : 6/2270)
  [sbwin] SB #2280 fn=23736 p51=21 tick=24409 : armee=1 one_shot=1 page_prog=64 rif_avant=0 nwin=64 marge=0 -> autre fenetre (PM/NB/continue) : SCH memorise pour la fenetre SB (dans une vraie fenetre SB : 6/2280)
  [sbwin] SB #2290 fn=23838 p51=21 tick=24511 : armee=1 one_shot=1 page_prog=64 rif_avant=0 nwin=64 marge=0 -> autre fenetre (PM/NB/continue) : SCH memorise pour la fenetre SB (dans une vraie fenetre SB : 6/2290)
  profil PC (23043 tranches, high-water 0xde92) : 9a80:11% 8240:9% 8380:8% 8200:4% 8300:4% 83c0:4% 8540:4% 9a40:4% a0c0:3% 81c0:3% 82c0:3% 9a00:2%
  fn=24519   page=0 insn=121     IDLE   d_fb_det=0     a_sch=0100 0000 0000 0000 sync=0000 153e ffff  | trames=24521 irq=0 iq=0
  [sbwin] SB #2300 fn=23940 p51=21 tick=24613 : armee=1 one_shot=1 page_prog=64 rif_avant=0 nwin=64 marge=0 -> autre fenetre (PM/NB/continue) : SCH memorise pour la fenetre SB (dans une vraie fenetre SB : 6/2300)
  [sbwin] SB #2310 fn=24042 p51=21 tick=24715 : armee=1 one_shot=1 page_prog=64 rif_avant=0 nwin=64 marge=0 -> autre fenetre (PM/NB/continue) : SCH memorise pour la fenetre SB (dans une vraie fenetre SB : 6/2310)
  profil PC (22043 tranches, high-water 0xde92) : 9a80:11% 8240:9% 8380:8% 8200:4% 8300:4% 8540:4% 83c0:4% 9a40:4% a0c0:3% 81c0:3% 82c0:3% 8280:2%
  fn=24736   page=0 insn=121     IDLE   d_fb_det=0     a_sch=0100 0000 0000 0000 sync=0000 153e ffff  | trames=24738 irq=0 iq=0
  [sbwin] SB #2320 fn=24144 p51=21 tick=24817 : armee=1 one_shot=1 page_prog=64 rif_avant=0 nwin=64 marge=0 -> autre fenetre (PM/NB/continue) : SCH memorise pour la fenetre SB (dans une vraie fenetre SB : 6/2320)
  [sbwin] SB #2330 fn=24246 p51=21 tick=24919 : armee=1 one_shot=1 page_prog=64 rif_avant=0 nwin=64 marge=0 -> autre fenetre (PM/NB/continue) : SCH memorise pour la fenetre SB (dans une vraie fenetre SB : 6/2330)
  profil PC (22468 tranches, high-water 0xde92) : 9a80:10% 8240:9% 8380:8% 8200:4% 8300:4% 83c0:4% 8540:4% 9a40:3% a0c0:3% 81c0:3% 82c0:3% 8280:2%
  fn=24953   page=1 insn=13660   IDLE   d_fb_det=0     a_sch=0100 0000 0000 0000 sync=0000 153e ffff  | trames=24955 irq=0 iq=0
  [chrono] fn=24998 sur 1000 trames (ms) : qemu 3.57 | A 0.05 | go 0.37 | B 0.19 | apres DONE 0.53 | trame 4.71 (temps reel 4.62)
  [sbwin] SB #2340 fn=24348 p51=21 tick=25021 : armee=1 one_shot=1 page_prog=64 rif_avant=0 nwin=64 marge=0 -> autre fenetre (PM/NB/continue) : SCH memorise pour la fenetre SB (dans une vraie fenetre SB : 6/2340)
  [sbwin] SB #2350 fn=24450 p51=21 tick=25123 : armee=1 one_shot=1 page_prog=64 rif_avant=0 nwin=64 marge=0 -> autre fenetre (PM/NB/continue) : SCH memorise pour la fenetre SB (dans une vraie fenetre SB : 6/2350)
  profil PC (25694 tranches, high-water 0xde92) : 9a80:11% 8240:9% 8380:8% 8200:4% 8300:4% 83c0:4% 8540:4% 9a40:4% a0c0:3% 81c0:3% 82c0:3% 9a00:2%
  fn=25170   page=1 insn=13780   IDLE   d_fb_det=0     a_sch=0100 0000 0000 0000 sync=0000 153e ffff  | trames=25172 irq=0 iq=0
  [sbwin] SB #2360 fn=24552 p51=21 tick=25225 : armee=1 one_shot=1 page_prog=64 rif_avant=0 nwin=64 marge=0 -> autre fenetre (PM/NB/continue) : SCH memorise pour la fenetre SB (dans une vraie fenetre SB : 6/2360)
  [sbwin] SB #2370 fn=24654 p51=21 tick=25327 : armee=1 one_shot=1 page_prog=64 rif_avant=0 nwin=64 marge=0 -> autre fenetre (PM/NB/continue) : SCH memorise pour la fenetre SB (dans une vraie fenetre SB : 6/2370)
  profil PC (23133 tranches, high-water 0xde92) : 9a80:11% 8240:9% 8380:8% 8200:4% 8300:4% 8540:4% 83c0:4% 9a40:4% a0c0:3% 81c0:3% 82c0:3% 8280:2%
  fn=25387   page=1 insn=121     IDLE   d_fb_det=0     a_sch=0100 0000 0000 0000 sync=0000 153e ffff  | trames=25389 irq=0 iq=0
  [sbwin] SB #2380 fn=24756 p51=21 tick=25429 : armee=1 one_shot=1 page_prog=64 rif_avant=0 nwin=64 marge=0 -> autre fenetre (PM/NB/continue) : SCH memorise pour la fenetre SB (dans une vraie fenetre SB : 6/2380)
  [jalon] fn=25479 d_fb_det=1  hacks=RHEA_DMA
  [sbwin] SB #2385 fn=24807 p51=21 tick=25480 : armee=0 one_shot=0 page_prog=48 rif_avant=0 nwin=0 marge=0 -> DMA NON ARMEE (le RIF jette) : SCH memorise pour la fenetre SB (dans une vraie fenetre SB : 6/2385)
  [jalon] fn=25489 d_fb_det=1  hacks=RHEA_DMA
  [sbwin] SB #2386 fn=24817 p51=31 tick=25490 : armee=0 one_shot=0 page_prog=48 rif_avant=0 nwin=0 marge=0 -> DMA NON ARMEE (le RIF jette) : SCH memorise pour la fenetre SB (dans une vraie fenetre SB : 6/2386)
  [cmd] fn=25498 tache SB postee par l'ARM (W0 md=6 W1 md=0)
  [sb] fn=25498 p51=49 | FB a fn=25489 toa=8743 pm=5424 ang=-1 | TOA-ROM=8743 src=fine | a_sch=0100 crc_ko
  [a_sch] fn=25499 page=0 : 0100 0000 0000 0000 -> 8100 0016 f85d 01fb  (d_dsp_page=0003) TOA=0 PM=5521 SNR=12 crc_ko
  [sbwin] SB #2387 fn=24827 p51=41 tick=25500 : armee=1 one_shot=1 page_prog=191 rif_avant=0 nwin=191 marge=21 -> FENETRE SB (one-shot) (dans une vraie fenetre SB : 7/2387)
  [a_sch] fn=25500 page=1 : 0100 0000 0000 0000 -> 8000 1018 091c 005e  (d_dsp_page=0003) TOA=23 PM=5367 SNR=16384 CRC_OK
  [jalon] fn=25500 SB PLAUSIBLE page=1 BSIC=7 a_sch=8000 1018 091c 005e  hacks=RHEA_DMA
  [a_sch] fn=25501 page=0 : 8100 0016 f85d 01fb -> 0100 0000 0000 0000  (d_dsp_page=0003) TOA=0 PM=0 SNR=0 crc_ko
  [sbwin] SB #2388 fn=24838 p51=1 tick=25511 : armee=0 one_shot=0 page_prog=191 rif_avant=0 nwin=0 marge=0 -> DMA NON ARMEE (le RIF jette) : SCH memorise pour la fenetre SB (dans une vraie fenetre SB : 7/2388)
  [a_sch] fn=25514 page=1 : 8000 1018 091c 005e -> 0100 0000 0000 0000  (d_dsp_page=0003) TOA=0 PM=0 SNR=0 crc_ko
  [sbwin] SB #2389 fn=24848 p51=11 tick=25521 : armee=0 one_shot=0 page_prog=151 rif_avant=0 nwin=0 marge=0 -> DMA NON ARMEE (le RIF jette) : SCH memorise pour la fenetre SB (dans une vraie fenetre SB : 7/2389)
  [sbwin] SB #2390 fn=24858 p51=21 tick=25531 : armee=0 one_shot=0 page_prog=151 rif_avant=0 nwin=0 marge=0 -> DMA NON ARMEE (le RIF jette) : SCH memorise pour la fenetre SB (dans une vraie fenetre SB : 7/2390)
  [sbwin] SB #2391 fn=24868 p51=31 tick=25541 : armee=0 one_shot=0 page_prog=151 rif_avant=0 nwin=0 marge=0 -> DMA NON ARMEE (le RIF jette) : SCH memorise pour la fenetre SB (dans une vraie fenetre SB : 7/2391)
  profil PC (16558 tranches, high-water 0xde92) : 9a80:7% 77c0:6% 8240:6% 8380:6% 7800:3% 7840:3% a680:3% 8200:3% 78c0:3% 8300:3% 83c0:3% 8540:3%
  fn=25604   page=1 insn=121     IDLE   d_fb_det=0     a_sch=0100 0000 0000 0000 sync=0000 1530 ffff  | trames=25606 irq=0 iq=0
  [sbwin] SB #2400 fn=24960 p51=21 tick=25633 : armee=0 one_shot=0 page_prog=151 rif_avant=0 nwin=0 marge=0 -> DMA NON ARMEE (le RIF jette) : SCH memorise pour la fenetre SB (dans une vraie fenetre SB : 7/2400)
  [jalon] fn=25673 d_fb_det=1  hacks=RHEA_DMA
  [sbwin] SB #2404 fn=25001 p51=11 tick=25674 : armee=0 one_shot=0 page_prog=48 rif_avant=0 nwin=0 marge=0 -> DMA NON ARMEE (le RIF jette) : SCH memorise pour la fenetre SB (dans une vraie fenetre SB : 7/2404)
  [jalon] fn=25683 d_fb_det=1  hacks=RHEA_DMA
  [sbwin] SB #2405 fn=25011 p51=21 tick=25684 : armee=0 one_shot=0 page_prog=48 rif_avant=0 nwin=0 marge=0 -> DMA NON ARMEE (le RIF jette) : SCH memorise pour la fenetre SB (dans une vraie fenetre SB : 7/2405)
  [cmd] fn=25692 tache SB postee par l'ARM (W0 md=6 W1 md=0)
  [sb] fn=25692 p51=39 | FB a fn=25683 toa=8743 pm=5424 ang=-1 | TOA-ROM=8743 src=fine | a_sch=0100 crc_ko
  [a_sch] fn=25693 page=0 : 0100 0000 0000 0000 -> 8100 0016 f85d 01fb  (d_dsp_page=0003) TOA=0 PM=5521 SNR=12 crc_ko
  [sbwin] SB #2406 fn=25021 p51=31 tick=25694 : armee=1 one_shot=1 page_prog=191 rif_avant=0 nwin=191 marge=21 -> FENETRE SB (one-shot) (dans une vraie fenetre SB : 8/2406)
  [a_sch] fn=25694 page=1 : 0100 0000 0000 0000 -> 8100 8a82 0b4b 0125  (d_dsp_page=0003) TOA=23 PM=5353 SNR=15091 crc_ko
  [a_sch] fn=25695 page=0 : 8100 0016 f85d 01fb -> 0100 0000 0000 0000  (d_dsp_page=0003) TOA=0 PM=0 SNR=0 crc_ko
  [a_sch] fn=25696 page=1 : 8100 8a82 0b4b 0125 -> 0100 0000 0000 0000  (d_dsp_page=0003) TOA=0 PM=0 SNR=0 crc_ko
  [jalon] fn=25703 d_fb_det=1  hacks=RHEA_DMA
  [sbwin] SB #2407 fn=25031 p51=41 tick=25704 : armee=0 one_shot=0 page_prog=48 rif_avant=0 nwin=0 marge=0 -> DMA NON ARMEE (le RIF jette) : SCH memorise pour la fenetre SB (dans une vraie fenetre SB : 8/2407)
  [jalon] fn=25714 d_fb_det=1  hacks=RHEA_DMA
  [sbwin] SB #2408 fn=25042 p51=1 tick=25715 : armee=0 one_shot=0 page_prog=48 rif_avant=0 nwin=0 marge=0 -> DMA NON ARMEE (le RIF jette) : SCH memorise pour la fenetre SB (dans une vraie fenetre SB : 8/2408)
  [cmd] fn=25723 tache SB postee par l'ARM (W0 md=6 W1 md=0)
  [sb] fn=25723 p51=19 | FB a fn=25714 toa=9995 pm=5438 ang=-1 | TOA-ROM=9995 src=fine | a_sch=0100 crc_ko
  [a_sch] fn=25724 page=0 : 0100 0000 0000 0000 -> 8100 0016 f85d 01fb  (d_dsp_page=0003) TOA=0 PM=5521 SNR=12 crc_ko
  [sbwin] SB #2409 fn=25052 p51=11 tick=25725 : armee=1 one_shot=1 page_prog=191 rif_avant=0 nwin=191 marge=21 -> FENETRE SB (one-shot) (dans une vraie fenetre SB : 9/2409)
  [a_sch] fn=25725 page=1 : 0100 0000 0000 0000 -> 8100 8bb5 0e02 0138  (d_dsp_page=0003) TOA=23 PM=5344 SNR=16384 crc_ko
  [a_sch] fn=25726 page=0 : 8100 0016 f85d 01fb -> 0100 0000 0000 0000  (d_dsp_page=0003) TOA=0 PM=0 SNR=0 crc_ko
  [a_sch] fn=25727 page=1 : 8100 8bb5 0e02 0138 -> 0100 0000 0000 0000  (d_dsp_page=0003) TOA=0 PM=0 SNR=0 crc_ko
  [jalon] fn=25734 d_fb_det=1  hacks=RHEA_DMA
  [sbwin] SB #2410 fn=25062 p51=21 tick=25735 : armee=0 one_shot=0 page_prog=48 rif_avant=0 nwin=0 marge=0 -> DMA NON ARMEE (le RIF jette) : SCH memorise pour la fenetre SB (dans une vraie fenetre SB : 9/2410)
  [jalon] fn=25744 d_fb_det=1  hacks=RHEA_DMA
  [sbwin] SB #2411 fn=25072 p51=31 tick=25745 : armee=0 one_shot=0 page_prog=48 rif_avant=0 nwin=0 marge=0 -> DMA NON ARMEE (le RIF jette) : SCH memorise pour la fenetre SB (dans une vraie fenetre SB : 9/2411)
  [cmd] fn=25753 tache SB postee par l'ARM (W0 md=6 W1 md=0)
  [sb] fn=25753 p51=49 | FB a fn=25744 toa=8743 pm=5424 ang=-1 | TOA-ROM=8743 src=fine | a_sch=0100 crc_ko
  [a_sch] fn=25754 page=0 : 0100 0000 0000 0000 -> 8100 0016 f85d 01fb  (d_dsp_page=0003) TOA=0 PM=5521 SNR=12 crc_ko
  [sbwin] SB #2412 fn=25082 p51=41 tick=25755 : armee=1 one_shot=1 page_prog=191 rif_avant=0 nwin=191 marge=21 -> FENETRE SB (one-shot) (dans une vraie fenetre SB : 10/2412)
  [a_sch] fn=25755 page=1 : 0100 0000 0000 0000 -> 8100 0dfd 091b 004a  (d_dsp_page=0003) TOA=23 PM=5353 SNR=11243 crc_ko
  [a_sch] fn=25756 page=0 : 8100 0016 f85d 01fb -> 0100 0000 0000 0000  (d_dsp_page=0003) TOA=0 PM=0 SNR=0 crc_ko
  [a_sch] fn=25757 page=1 : 8100 0dfd 091b 004a -> 0100 0000 0000 0000  (d_dsp_page=0003) TOA=0 PM=0 SNR=0 crc_ko
  [jalon] fn=25765 d_fb_det=1  hacks=RHEA_DMA
  [sbwin] SB #2413 fn=25093 p51=1 tick=25766 : armee=0 one_shot=0 page_prog=48 rif_avant=0 nwin=0 marge=0 -> DMA NON ARMEE (le RIF jette) : SCH memorise pour la fenetre SB (dans une vraie fenetre SB : 10/2413)
  [jalon] fn=25775 d_fb_det=1  hacks=RHEA_DMA
  [sbwin] SB #2414 fn=25103 p51=11 tick=25776 : armee=0 one_shot=0 page_prog=48 rif_avant=0 nwin=0 marge=0 -> DMA NON ARMEE (le RIF jette) : SCH memorise pour la fenetre SB (dans une vraie fenetre SB : 10/2414)
  [cmd] fn=25784 tache SB postee par l'ARM (W0 md=6 W1 md=0)
  [sb] fn=25784 p51=29 | FB a fn=25775 toa=8743 pm=5431 ang=-1 | TOA-ROM=8743 src=fine | a_sch=0100 crc_ko
  [a_sch] fn=25785 page=0 : 0100 0000 0000 0000 -> 8100 0016 f85d 01fb  (d_dsp_page=0003) TOA=0 PM=5521 SNR=12 crc_ko
  [sbwin] SB #2415 fn=25113 p51=21 tick=25786 : armee=1 one_shot=1 page_prog=191 rif_avant=0 nwin=191 marge=21 -> FENETRE SB (one-shot) (dans une vraie fenetre SB : 11/2415)
  [a_sch] fn=25786 page=1 : 0100 0000 0000 0000 -> 8000 01a8 091c 005d  (d_dsp_page=0003) TOA=23 PM=5353 SNR=16384 CRC_OK
  [jalon] fn=25786 SB PLAUSIBLE page=1 BSIC=7 a_sch=8000 01a8 091c 005d  hacks=RHEA_DMA
  [a_sch] fn=25787 page=0 : 8100 0016 f85d 01fb -> 0100 0000 0000 0000  (d_dsp_page=0003) TOA=0 PM=0 SNR=0 crc_ko
  [afc] fn=25790 w_page=0 relaye=-695 | page0=-695 page1=-700
  [sbwin] SB #2416 fn=25123 p51=31 tick=25796 : armee=0 one_shot=0 page_prog=191 rif_avant=0 nwin=0 marge=0 -> DMA NON ARMEE (le RIF jette) : SCH memorise pour la fenetre SB (dans une vraie fenetre SB : 11/2416)
  [sbwin] SB #2417 fn=25133 p51=41 tick=25806 : armee=0 one_shot=0 page_prog=191 rif_avant=0 nwin=0 marge=0 -> DMA NON ARMEE (le RIF jette) : SCH memorise pour la fenetre SB (dans une vraie fenetre SB : 11/2417)
  [sbwin] SB #2418 fn=25144 p51=1 tick=25817 : armee=0 one_shot=0 page_prog=191 rif_avant=0 nwin=0 marge=0 -> DMA NON ARMEE (le RIF jette) : SCH memorise pour la fenetre SB (dans une vraie fenetre SB : 11/2418)
  [afc] fn=25819 w_page=1 relaye=-695 | page0=-695 page1=-695
  [a_sch] fn=25820 page=1 : 8000 01a8 091c 005d -> 0100 0000 0000 0000  (d_dsp_page=0003) TOA=0 PM=0 SNR=0 crc_ko
  profil PC (26830 tranches, high-water 0xde92) : 77c0:17% 7800:10% 7840:9% 78c0:8% b2c0:4% 7a00:3% a680:3% 8480:2% 7880:2% 75c0:2% 9a80:2% 79c0:2%
  fn=25821   page=1 insn=36037   IDLE   d_fb_det=0     a_sch=0100 0000 0000 0000 sync=0000 1537 ffff  | trames=25823 irq=0 iq=0
  [sbwin] SB #2419 fn=25154 p51=11 tick=25827 : armee=0 one_shot=0 page_prog=151 rif_avant=0 nwin=0 marge=0 -> DMA NON ARMEE (le RIF jette) : SCH memorise pour la fenetre SB (dans une vraie fenetre SB : 11/2419)
  [sbwin] SB #2420 fn=25164 p51=21 tick=25837 : armee=0 one_shot=0 page_prog=151 rif_avant=0 nwin=0 marge=0 -> DMA NON ARMEE (le RIF jette) : SCH memorise pour la fenetre SB (dans une vraie fenetre SB : 11/2420)
  [ts0] tick=25930 fn=25257 p51=12 NB fenetre=151 marge=3 rif_avant=0
  [sbwin] SB #2430 fn=25266 p51=21 tick=25939 : armee=0 one_shot=0 page_prog=151 rif_avant=0 nwin=0 marge=0 -> DMA NON ARMEE (le RIF jette) : SCH memorise pour la fenetre SB (dans une vraie fenetre SB : 11/2430)
  [afc] fn=25981 w_page=0 relaye=-700 | page0=-700 page1=-695
  [afc] fn=25982 w_page=1 relaye=-700 | page0=-700 page1=-700
  [jalon] fn=25989 d_fb_det=1  hacks=RHEA_DMA
  [sbwin] SB #2435 fn=25317 p51=21 tick=25990 : armee=0 one_shot=0 page_prog=48 rif_avant=0 nwin=0 marge=0 -> DMA NON ARMEE (le RIF jette) : SCH memorise pour la fenetre SB (dans une vraie fenetre SB : 11/2435)
  [chrono] fn=25998 sur 1000 trames (ms) : qemu 3.67 | A 0.04 | go 0.22 | B 0.18 | apres DONE 0.51 | trame 4.62 (temps reel 4.62)
  [jalon] fn=25999 d_fb_det=1  hacks=RHEA_DMA
  [sbwin] SB #2436 fn=25327 p51=31 tick=26000 : armee=0 one_shot=0 page_prog=48 rif_avant=0 nwin=0 marge=0 -> DMA NON ARMEE (le RIF jette) : SCH memorise pour la fenetre SB (dans une vraie fenetre SB : 11/2436)
  [cmd] fn=26008 tache SB postee par l'ARM (W0 md=6 W1 md=0)
  [sb] fn=26008 p51=49 | FB a fn=25999 toa=8743 pm=5424 ang=-1 | TOA-ROM=8743 src=fine | a_sch=0100 crc_ko
  [a_sch] fn=26009 page=0 : 0100 0000 0000 0000 -> 8100 0016 f85d 01fb  (d_dsp_page=0003) TOA=0 PM=5521 SNR=12 crc_ko
  [sbwin] SB #2437 fn=25337 p51=41 tick=26010 : armee=1 one_shot=1 page_prog=191 rif_avant=0 nwin=191 marge=21 -> FENETRE SB (one-shot) (dans une vraie fenetre SB : 12/2437)
  [a_sch] fn=26010 page=1 : 0100 0000 0000 0000 -> 8000 086e 091c 00b6  (d_dsp_page=0003) TOA=23 PM=5358 SNR=16384 CRC_OK
  [jalon] fn=26010 SB PLAUSIBLE page=1 BSIC=7 a_sch=8000 086e 091c 00b6  hacks=RHEA_DMA
  [a_sch] fn=26011 page=0 : 8100 0016 f85d 01fb -> 0100 0000 0000 0000  (d_dsp_page=0003) TOA=0 PM=0 SNR=0 crc_ko
  [sbwin] SB #2438 fn=25348 p51=1 tick=26021 : armee=0 one_shot=0 page_prog=191 rif_avant=0 nwin=0 marge=0 -> DMA NON ARMEE (le RIF jette) : SCH memorise pour la fenetre SB (dans une vraie fenetre SB : 12/2438)
  [a_sch] fn=26024 page=1 : 8000 086e 091c 00b6 -> 0100 0000 0000 0000  (d_dsp_page=0003) TOA=0 PM=0 SNR=0 crc_ko
  [sbwin] SB #2439 fn=25358 p51=11 tick=26031 : armee=0 one_shot=0 page_prog=151 rif_avant=0 nwin=0 marge=0 -> DMA NON ARMEE (le RIF jette) : SCH memorise pour la fenetre SB (dans une vraie fenetre SB : 12/2439)
  profil PC (19836 tranches, high-water 0xde92) : 77c0:9% 9a80:7% 8240:7% 8380:6% 7800:5% 83c0:3% 7840:3% 8200:3% a680:3% 8300:3% 8540:2% 78c0:2%
  fn=26038   page=1 insn=121     IDLE   d_fb_det=0     a_sch=0100 0000 0000 0000 sync=0000 1530 ffff  | trames=26040 irq=0 iq=0
  hacks actifs : RHEA_DMA ; cadencement : STREAM LOCKSTEP  ; stimulus : none
  [sbwin] SB #2440 fn=25368 p51=21 tick=26041 : armee=0 one_shot=0 page_prog=151 rif_avant=0 nwin=0 marge=0 -> DMA NON ARMEE (le RIF jette) : SCH memorise pour la fenetre SB (dans une vraie fenetre SB : 12/2440)
  [sbwin] SB #2441 fn=25378 p51=31 tick=26051 : armee=0 one_shot=0 page_prog=151 rif_avant=0 nwin=0 marge=0 -> DMA NON ARMEE (le RIF jette) : SCH memorise pour la fenetre SB (dans une vraie fenetre SB : 12/2441)
  [sbwin] SB #2450 fn=25470 p51=21 tick=26143 : armee=0 one_shot=0 page_prog=151 rif_avant=0 nwin=0 marge=0 -> DMA NON ARMEE (le RIF jette) : SCH memorise pour la fenetre SB (dans une vraie fenetre SB : 12/2450)
  [ts0] attente 1 : fn=25553 (+1 devant la BTS) arrivee en 16.1 ms (servies=1 echues=0, 16 ms au total)
  [ts0] attente 2 : fn=25554 (+1 devant la BTS) arrivee en 3.6 ms (servies=2 echues=0, 20 ms au total)
  [ts0] attente 3 : fn=25555 (+1 devant la BTS) arrivee en 1.7 ms (servies=3 echues=0, 21 ms au total)
  [ts0] attente 4 : fn=25556 (+1 devant la BTS) arrivee en 1.9 ms (servies=4 echues=0, 23 ms au total)
  [ts0] attente 5 : fn=25557 (+1 devant la BTS) arrivee en 2.2 ms (servies=5 echues=0, 26 ms au total)
  [ts0] attente 6 : fn=25559 (+1 devant la BTS) arrivee en 1.0 ms (servies=6 echues=0, 27 ms au total)
  [ts0] attente 7 : fn=25560 (+1 devant la BTS) arrivee en 2.1 ms (servies=7 echues=0, 29 ms au total)
  [ts0] attente 8 : fn=25561 (+1 devant la BTS) arrivee en 2.0 ms (servies=8 echues=0, 31 ms au total)
  [ts0] attente 9 : fn=25563 (+1 devant la BTS) arrivee en 3.4 ms (servies=9 echues=0, 34 ms au total)
  [ts0] attente 10 : fn=25564 (+1 devant la BTS) arrivee en 4.2 ms (servies=10 echues=0, 38 ms au total)
  [sbwin] SB #2460 fn=25572 p51=21 tick=26245 : armee=0 one_shot=0 page_prog=151 rif_avant=0 nwin=0 marge=0 -> DMA NON ARMEE (le RIF jette) : SCH memorise pour la fenetre SB (dans une vraie fenetre SB : 12/2460)
  profil PC (19970 tranches, high-water 0xde92) : 9a80:11% 8240:10% 8380:9% 8200:5% 83c0:4% 8300:4% 8540:4% 9a40:4% a0c0:3% 81c0:3% 82c0:3% 9a00:2%
  fn=26255   page=1 insn=121     IDLE   d_fb_det=0     a_sch=0100 0000 0000 0000 sync=0000 1530 ffff  | trames=26257 irq=0 iq=0
  [sbwin] SB #2470 fn=25674 p51=21 tick=26347 : armee=0 one_shot=0 page_prog=151 rif_avant=0 nwin=0 marge=0 -> DMA NON ARMEE (le RIF jette) : SCH memorise pour la fenetre SB (dans une vraie fenetre SB : 12/2470)
  [sbwin] SB #2480 fn=25776 p51=21 tick=26449 : armee=0 one_shot=0 page_prog=151 rif_avant=0 nwin=0 marge=0 -> DMA NON ARMEE (le RIF jette) : SCH memorise pour la fenetre SB (dans une vraie fenetre SB : 12/2480)
  profil PC (21579 tranches, high-water 0xde92) : 9a80:11% 8240:9% 8380:8% 8200:5% 8300:4% 8540:4% 83c0:4% 9a40:4% a0c0:3% 81c0:3% 82c0:3% 8280:2%
  fn=26472   page=1 insn=121     IDLE   d_fb_det=0     a_sch=0100 0000 0000 0000 sync=0000 1530 ffff  | trames=26474 irq=0 iq=0
  [sbwin] SB #2490 fn=25878 p51=21 tick=26551 : armee=0 one_shot=0 page_prog=151 rif_avant=0 nwin=0 marge=0 -> DMA NON ARMEE (le RIF jette) : SCH memorise pour la fenetre SB (dans une vraie fenetre SB : 12/2490)
  [sbwin] SB #2500 fn=25980 p51=21 tick=26653 : armee=0 one_shot=0 page_prog=151 rif_avant=0 nwin=0 marge=0 -> DMA NON ARMEE (le RIF jette) : SCH memorise pour la fenetre SB (dans une vraie fenetre SB : 12/2500)
  profil PC (22861 tranches, high-water 0xde92) : 9a80:11% 8240:9% 8380:8% 8200:5% 8300:4% 83c0:4% 8540:4% 9a40:4% a0c0:3% 81c0:3% 82c0:3% 9a00:2%
  fn=26689   page=1 insn=38304   IDLE   d_fb_det=0     a_sch=0100 0000 0000 0000 sync=0000 1530 ffff  | trames=26691 irq=0 iq=0
  [sbwin] SB #2510 fn=26082 p51=21 tick=26755 : armee=0 one_shot=0 page_prog=151 rif_avant=0 nwin=0 marge=0 -> DMA NON ARMEE (le RIF jette) : SCH memorise pour la fenetre SB (dans une vraie fenetre SB : 12/2510)
  [sbwin] SB #2520 fn=26184 p51=21 tick=26857 : armee=0 one_shot=0 page_prog=151 rif_avant=0 nwin=0 marge=0 -> DMA NON ARMEE (le RIF jette) : SCH memorise pour la fenetre SB (dans une vraie fenetre SB : 12/2520)
  [jalon] fn=26897 d_fb_det=1  hacks=RHEA_DMA
  [sbwin] SB #2524 fn=26225 p51=11 tick=26898 : armee=0 one_shot=0 page_prog=48 rif_avant=0 nwin=0 marge=0 -> DMA NON ARMEE (le RIF jette) : SCH memorise pour la fenetre SB (dans une vraie fenetre SB : 12/2524)
  profil PC (25928 tranches, high-water 0xde92) : 9a80:8% 8240:7% 8380:7% 77c0:4% 8200:4% 8300:3% 8540:3% 83c0:3% 9a40:3% a0c0:3% 7800:2% 81c0:2%
  fn=26906   page=0 insn=35400   IDLE   d_fb_det=0     a_sch=0100 0000 0000 0000 sync=0000 0000 0000  | trames=26908 irq=0 iq=0
  [jalon] fn=26907 d_fb_det=1  hacks=RHEA_DMA
  [sbwin] SB #2525 fn=26235 p51=21 tick=26908 : armee=0 one_shot=0 page_prog=48 rif_avant=0 nwin=0 marge=0 -> DMA NON ARMEE (le RIF jette) : SCH memorise pour la fenetre SB (dans une vraie fenetre SB : 12/2525)
  [cmd] fn=26916 tache SB postee par l'ARM (W0 md=6 W1 md=0)
  [sb] fn=26916 p51=39 | FB a fn=26907 toa=8743 pm=5424 ang=-1 | TOA-ROM=8743 src=fine | a_sch=0100 crc_ko
  [a_sch] fn=26917 page=0 : 0100 0000 0000 0000 -> 8100 0016 f85d 01fb  (d_dsp_page=0003) TOA=0 PM=5521 SNR=12 crc_ko
  [sbwin] SB #2526 fn=26245 p51=31 tick=26918 : armee=1 one_shot=1 page_prog=191 rif_avant=0 nwin=191 marge=21 -> FENETRE SB (one-shot) (dans une vraie fenetre SB : 13/2526)
  [a_sch] fn=26918 page=1 : 0100 0000 0000 0000 -> 8000 09ce 091c 01ad  (d_dsp_page=0003) TOA=23 PM=5334 SNR=16384 CRC_OK
  [jalon] fn=26918 SB PLAUSIBLE page=1 BSIC=7 a_sch=8000 09ce 091c 01ad  hacks=RHEA_DMA
  [a_sch] fn=26919 page=0 : 8100 0016 f85d 01fb -> 0100 0000 0000 0000  (d_dsp_page=0003) TOA=0 PM=0 SNR=0 crc_ko
  [sbwin] SB #2527 fn=26255 p51=41 tick=26928 : armee=0 one_shot=0 page_prog=191 rif_avant=0 nwin=0 marge=0 -> DMA NON ARMEE (le RIF jette) : SCH memorise pour la fenetre SB (dans une vraie fenetre SB : 13/2527)
  [sbwin] SB #2528 fn=26266 p51=1 tick=26939 : armee=0 one_shot=0 page_prog=191 rif_avant=0 nwin=0 marge=0 -> DMA NON ARMEE (le RIF jette) : SCH memorise pour la fenetre SB (dans une vraie fenetre SB : 13/2528)
  [a_sch] fn=26942 page=1 : 8000 09ce 091c 01ad -> 0100 0000 0000 0000  (d_dsp_page=0003) TOA=0 PM=0 SNR=0 crc_ko
  [sbwin] SB #2529 fn=26276 p51=11 tick=26949 : armee=0 one_shot=0 page_prog=151 rif_avant=0 nwin=0 marge=0 -> DMA NON ARMEE (le RIF jette) : SCH memorise pour la fenetre SB (dans une vraie fenetre SB : 13/2529)
  [sbwin] SB #2530 fn=26286 p51=21 tick=26959 : armee=0 one_shot=0 page_prog=151 rif_avant=0 nwin=0 marge=0 -> DMA NON ARMEE (le RIF jette) : SCH memorise pour la fenetre SB (dans une vraie fenetre SB : 13/2530)
  [chrono] fn=26998 sur 1000 trames (ms) : qemu 3.34 | A 0.04 | go 0.34 | B 0.34 | apres DONE 0.55 | trame 4.61 (temps reel 4.62)
  [sbwin] SB #2540 fn=26388 p51=21 tick=27061 : armee=0 one_shot=0 page_prog=151 rif_avant=0 nwin=0 marge=0 -> DMA NON ARMEE (le RIF jette) : SCH memorise pour la fenetre SB (dans une vraie fenetre SB : 13/2540)
  profil PC (8932 tranches, high-water 0xde92) : 9a80:10% 8240:10% 8380:9% 83c0:5% a680:4% 8200:4% 8300:4% 8540:4% 9a40:3% a0c0:3% 81c0:3% 82c0:2%
  fn=27123   page=1 insn=121     IDLE   d_fb_det=0     a_sch=0100 0000 0000 0000 sync=0000 1530 ffff  | trames=27125 irq=0 iq=0
  [sbwin] SB #2550 fn=26490 p51=21 tick=27163 : armee=0 one_shot=0 page_prog=151 rif_avant=0 nwin=0 marge=0 -> DMA NON ARMEE (le RIF jette) : SCH memorise pour la fenetre SB (dans une vraie fenetre SB : 13/2550)
  [jalon] fn=27203 d_fb_det=1  hacks=RHEA_DMA
  [sbwin] SB #2554 fn=26531 p51=11 tick=27204 : armee=0 one_shot=0 page_prog=48 rif_avant=0 nwin=0 marge=0 -> DMA NON ARMEE (le RIF jette) : SCH memorise pour la fenetre SB (dans une vraie fenetre SB : 13/2554)
  [jalon] fn=27213 d_fb_det=1  hacks=RHEA_DMA
  [sbwin] SB #2555 fn=26541 p51=21 tick=27214 : armee=0 one_shot=0 page_prog=48 rif_avant=0 nwin=0 marge=0 -> DMA NON ARMEE (le RIF jette) : SCH memorise pour la fenetre SB (dans une vraie fenetre SB : 13/2555)
  [cmd] fn=27222 tache SB postee par l'ARM (W0 md=6 W1 md=0)
  [sb] fn=27222 p51=39 | FB a fn=27213 toa=8743 pm=5424 ang=-1 | TOA-ROM=8743 src=fine | a_sch=0100 crc_ko
  [a_sch] fn=27223 page=0 : 0100 0000 0000 0000 -> 8100 0016 f85d 01fb  (d_dsp_page=0003) TOA=0 PM=5521 SNR=12 crc_ko
  [sbwin] SB #2556 fn=26551 p51=31 tick=27224 : armee=1 one_shot=1 page_prog=191 rif_avant=0 nwin=191 marge=21 -> FENETRE SB (one-shot) (dans une vraie fenetre SB : 14/2556)
  [a_sch] fn=27224 page=1 : 0100 0000 0000 0000 -> 8100 8e52 0a12 0115  (d_dsp_page=0003) TOA=23 PM=5349 SNR=16384 crc_ko
  [a_sch] fn=27225 page=0 : 8100 0016 f85d 01fb -> 0100 0000 0000 0000  (d_dsp_page=0003) TOA=0 PM=0 SNR=0 crc_ko
  [a_sch] fn=27226 page=1 : 8100 8e52 0a12 0115 -> 0100 0000 0000 0000  (d_dsp_page=0003) TOA=0 PM=0 SNR=0 crc_ko
  [jalon] fn=27233 d_fb_det=1  hacks=RHEA_DMA
  [sbwin] SB #2557 fn=26561 p51=41 tick=27234 : armee=0 one_shot=0 page_prog=48 rif_avant=0 nwin=0 marge=0 -> DMA NON ARMEE (le RIF jette) : SCH memorise pour la fenetre SB (dans une vraie fenetre SB : 14/2557)
  [jalon] fn=27244 d_fb_det=1  hacks=RHEA_DMA
  [sbwin] SB #2558 fn=26572 p51=1 tick=27245 : armee=0 one_shot=0 page_prog=48 rif_avant=0 nwin=0 marge=0 -> DMA NON ARMEE (le RIF jette) : SCH memorise pour la fenetre SB (dans une vraie fenetre SB : 14/2558)
  [cmd] fn=27253 tache SB postee par l'ARM (W0 md=6 W1 md=0)
  [sb] fn=27253 p51=19 | FB a fn=27244 toa=9995 pm=5438 ang=-1 | TOA-ROM=9995 src=fine | a_sch=0100 crc_ko
  [a_sch] fn=27254 page=0 : 0100 0000 0000 0000 -> 8100 0016 f85d 01fb  (d_dsp_page=0003) TOA=0 PM=5521 SNR=12 crc_ko
  [sbwin] SB #2559 fn=26582 p51=11 tick=27255 : armee=1 one_shot=1 page_prog=191 rif_avant=0 nwin=191 marge=21 -> FENETRE SB (one-shot) (dans une vraie fenetre SB : 15/2559)
  [a_sch] fn=27255 page=1 : 0100 0000 0000 0000 -> 8000 0380 0a1c 0128  (d_dsp_page=0003) TOA=23 PM=5363 SNR=16384 CRC_OK
  [jalon] fn=27255 SB PLAUSIBLE page=1 BSIC=7 a_sch=8000 0380 0a1c 0128  hacks=RHEA_DMA
  [a_sch] fn=27256 page=0 : 8100 0016 f85d 01fb -> 0100 0000 0000 0000  (d_dsp_page=0003) TOA=0 PM=0 SNR=0 crc_ko
  [a_sch] fn=27262 page=1 : 8000 0380 0a1c 0128 -> 0100 0000 0000 0000  (d_dsp_page=0003) TOA=0 PM=0 SNR=0 crc_ko
  [sbwin] SB #2560 fn=26592 p51=21 tick=27265 : armee=0 one_shot=0 page_prog=64 rif_avant=0 nwin=0 marge=0 -> DMA NON ARMEE (le RIF jette) : SCH memorise pour la fenetre SB (dans une vraie fenetre SB : 15/2560)
  [sbwin] SB #2561 fn=26602 p51=31 tick=27275 : armee=0 one_shot=0 page_prog=64 rif_avant=0 nwin=0 marge=0 -> DMA NON ARMEE (le RIF jette) : SCH memorise pour la fenetre SB (dans une vraie fenetre SB : 15/2561)
  [sbwin] SB #2562 fn=26612 p51=41 tick=27285 : armee=0 one_shot=0 page_prog=64 rif_avant=0 nwin=0 marge=0 -> DMA NON ARMEE (le RIF jette) : SCH memorise pour la fenetre SB (dans une vraie fenetre SB : 15/2562)
  [sbwin] SB #2563 fn=26623 p51=1 tick=27296 : armee=0 one_shot=0 page_prog=64 rif_avant=0 nwin=0 marge=0 -> DMA NON ARMEE (le RIF jette) : SCH memorise pour la fenetre SB (dans une vraie fenetre SB : 15/2563)
  profil PC (25993 tranches, high-water 0xde92) : 77c0:10% 9a80:6% 7800:6% 8240:6% 8380:5% 7840:5% 78c0:4% 83c0:2% a680:2% 8200:2% 8300:2% 8540:2%
  fn=27340   page=1 insn=121     IDLE   d_fb_det=0     a_sch=0100 0000 0000 0000 sync=0000 153e ffff  | trames=27342 irq=0 iq=0
  [sbwin] SB #2570 fn=26694 p51=21 tick=27367 : armee=0 one_shot=0 page_prog=64 rif_avant=0 nwin=0 marge=0 -> DMA NON ARMEE (le RIF jette) : SCH memorise pour la fenetre SB (dans une vraie fenetre SB : 15/2570)
  [sbwin] SB #2580 fn=26796 p51=21 tick=27469 : armee=0 one_shot=0 page_prog=64 rif_avant=0 nwin=0 marge=0 -> DMA NON ARMEE (le RIF jette) : SCH memorise pour la fenetre SB (dans une vraie fenetre SB : 15/2580)
  profil PC (22750 tranches, high-water 0xde92) : 9a80:11% 8240:11% 8380:10% 83c0:5% 8200:5% 8300:4% 8540:4% 9a40:4% a0c0:3% 81c0:3% 82c0:3% 9a00:2%
  fn=27557   page=0 insn=13661   IDLE   d_fb_det=0     a_sch=0100 0000 0000 0000 sync=0000 153e ffff  | trames=27559 irq=0 iq=0
  [sbwin] SB #2590 fn=26898 p51=21 tick=27571 : armee=0 one_shot=0 page_prog=64 rif_avant=0 nwin=0 marge=0 -> DMA NON ARMEE (le RIF jette) : SCH memorise pour la fenetre SB (dans une vraie fenetre SB : 15/2590)
  [sbwin] SB #2600 fn=27000 p51=21 tick=27673 : armee=0 one_shot=0 page_prog=64 rif_avant=0 nwin=0 marge=0 -> DMA NON ARMEE (le RIF jette) : SCH memorise pour la fenetre SB (dans une vraie fenetre SB : 15/2600)
  profil PC (24369 tranches, high-water 0xde92) : 9a80:11% 8240:11% 8380:10% 83c0:5% 8200:5% 8300:4% 8540:4% 9a40:4% a0c0:3% 81c0:3% 82c0:3% 9a00:2%
  fn=27774   page=0 insn=1355    IDLE   d_fb_det=0     a_sch=0100 0000 0000 0000 sync=0000 153e ffff  | trames=27776 irq=0 iq=0
  hacks actifs : RHEA_DMA ; cadencement : STREAM LOCKSTEP  ; stimulus : none
  [sbwin] SB #2610 fn=27102 p51=21 tick=27775 : armee=0 one_shot=0 page_prog=64 rif_avant=0 nwin=0 marge=0 -> DMA NON ARMEE (le RIF jette) : SCH memorise pour la fenetre SB (dans une vraie fenetre SB : 15/2610)
  [sbwin] SB #2620 fn=27204 p51=21 tick=27877 : armee=0 one_shot=0 page_prog=64 rif_avant=0 nwin=0 marge=0 -> DMA NON ARMEE (le RIF jette) : SCH memorise pour la fenetre SB (dans une vraie fenetre SB : 15/2620)
  [sbwin] SB #2630 fn=27306 p51=21 tick=27979 : armee=0 one_shot=0 page_prog=64 rif_avant=0 nwin=0 marge=0 -> DMA NON ARMEE (le RIF jette) : SCH memorise pour la fenetre SB (dans une vraie fenetre SB : 15/2630)
  profil PC (21055 tranches, high-water 0xde92) : 9a80:11% 8240:11% 8380:10% 83c0:5% 8200:5% 8300:4% 8540:4% 9a40:4% a0c0:3% 81c0:3% 82c0:3% 9a00:2%
  fn=27991   page=1 insn=121     IDLE   d_fb_det=0     a_sch=0100 0000 0000 0000 sync=0000 153e ffff  | trames=27993 irq=0 iq=0
  [chrono] fn=27998 sur 1000 trames (ms) : qemu 3.67 | A 0.05 | go 0.24 | B 0.16 | apres DONE 0.50 | trame 4.62 (temps reel 4.62)
  [sbwin] SB #2640 fn=27408 p51=21 tick=28081 : armee=0 one_shot=0 page_prog=64 rif_avant=0 nwin=0 marge=0 -> DMA NON ARMEE (le RIF jette) : SCH memorise pour la fenetre SB (dans une vraie fenetre SB : 15/2640)
  [sbwin] SB #2650 fn=27510 p51=21 tick=28183 : armee=0 one_shot=0 page_prog=64 rif_avant=0 nwin=0 marge=0 -> DMA NON ARMEE (le RIF jette) : SCH memorise pour la fenetre SB (dans une vraie fenetre SB : 15/2650)
  profil PC (21052 tranches, high-water 0xde92) : 9a80:11% 8240:11% 8380:10% 83c0:5% 8200:5% 8300:4% 8540:4% 9a40:4% a0c0:3% 81c0:3% 82c0:3% 9a00:2%
  fn=28208   page=0 insn=121     IDLE   d_fb_det=0     a_sch=0100 0000 0000 0000 sync=0000 153e ffff  | trames=28210 irq=0 iq=0
  [sbwin] SB #2660 fn=27612 p51=21 tick=28285 : armee=0 one_shot=0 page_prog=64 rif_avant=0 nwin=0 marge=0 -> DMA NON ARMEE (le RIF jette) : SCH memorise pour la fenetre SB (dans une vraie fenetre SB : 15/2660)
  [sbwin] SB #2670 fn=27714 p51=21 tick=28387 : armee=0 one_shot=0 page_prog=64 rif_avant=0 nwin=0 marge=0 -> DMA NON ARMEE (le RIF jette) : SCH memorise pour la fenetre SB (dans une vraie fenetre SB : 15/2670)
  profil PC (22971 tranches, high-water 0xde92) : 8240:11% 9a80:11% 8380:10% 83c0:5% 8200:5% 8300:4% 8540:4% 9a40:4% a0c0:3% 81c0:3% 82c0:3% 9a00:2%
  fn=28425   page=0 insn=13659   IDLE   d_fb_det=0     a_sch=0100 0000 0000 0000 sync=0000 153e ffff  | trames=28427 irq=0 iq=0
  [sbwin] SB #2680 fn=27816 p51=21 tick=28489 : armee=0 one_shot=0 page_prog=64 rif_avant=0 nwin=0 marge=0 -> DMA NON ARMEE (le RIF jette) : SCH memorise pour la fenetre SB (dans une vraie fenetre SB : 15/2680)
  [sbwin] SB #2690 fn=27918 p51=21 tick=28591 : armee=0 one_shot=0 page_prog=64 rif_avant=0 nwin=0 marge=0 -> DMA NON ARMEE (le RIF jette) : SCH memorise pour la fenetre SB (dans une vraie fenetre SB : 15/2690)
  profil PC (24149 tranches, high-water 0xde92) : 9a80:12% 8240:11% 8380:10% 83c0:5% 8200:5% 8300:4% 8540:4% 9a40:4% a0c0:3% 81c0:3% 82c0:3% 9a00:2%
  fn=28642   page=1 insn=121     IDLE   d_fb_det=0     a_sch=0100 0000 0000 0000 sync=0000 153e ffff  | trames=28644 irq=0 iq=0
  [sbwin] SB #2700 fn=28020 p51=21 tick=28693 : armee=0 one_shot=0 page_prog=64 rif_avant=0 nwin=0 marge=0 -> DMA NON ARMEE (le RIF jette) : SCH memorise pour la fenetre SB (dans une vraie fenetre SB : 15/2700)
  [sbwin] SB #2710 fn=28122 p51=21 tick=28795 : armee=0 one_shot=0 page_prog=64 rif_avant=0 nwin=0 marge=0 -> DMA NON ARMEE (le RIF jette) : SCH memorise pour la fenetre SB (dans une vraie fenetre SB : 15/2710)
  profil PC (21052 tranches, high-water 0xde92) : 9a80:11% 8240:11% 8380:10% 83c0:5% 8200:5% 8300:4% 8540:4% 9a40:4% a0c0:3% 81c0:3% 82c0:3% 9a00:2%
  fn=28859   page=0 insn=121     IDLE   d_fb_det=0     a_sch=0100 0000 0000 0000 sync=0000 153e ffff  | trames=28861 irq=0 iq=0
  [sbwin] SB #2720 fn=28224 p51=21 tick=28897 : armee=0 one_shot=0 page_prog=64 rif_avant=0 nwin=0 marge=0 -> DMA NON ARMEE (le RIF jette) : SCH memorise pour la fenetre SB (dans une vraie fenetre SB : 15/2720)
  [chrono] fn=28998 sur 1000 trames (ms) : qemu 3.51 | A 0.05 | go 0.27 | B 0.18 | apres DONE 0.59 | trame 4.62 (temps reel 4.62)
  [sbwin] SB #2730 fn=28326 p51=21 tick=28999 : armee=0 one_shot=0 page_prog=64 rif_avant=0 nwin=0 marge=0 -> DMA NON ARMEE (le RIF jette) : SCH memorise pour la fenetre SB (dans une vraie fenetre SB : 15/2730)
  profil PC (21055 tranches, high-water 0xde92) : 9a80:11% 8240:11% 8380:10% 83c0:5% 8200:5% 8300:4% 8540:4% 9a40:4% a0c0:3% 81c0:3% 82c0:3% 9a00:2%
  fn=29076   page=1 insn=121     IDLE   d_fb_det=0     a_sch=0100 0000 0000 0000 sync=0000 153e ffff  | trames=29078 irq=0 iq=0
  [sbwin] SB #2740 fn=28428 p51=21 tick=29101 : armee=0 one_shot=0 page_prog=64 rif_avant=0 nwin=0 marge=0 -> DMA NON ARMEE (le RIF jette) : SCH memorise pour la fenetre SB (dans une vraie fenetre SB : 15/2740)
  [sbwin] SB #2750 fn=28530 p51=21 tick=29203 : armee=0 one_shot=0 page_prog=64 rif_avant=0 nwin=0 marge=0 -> DMA NON ARMEE (le RIF jette) : SCH memorise pour la fenetre SB (dans une vraie fenetre SB : 15/2750)
  profil PC (23545 tranches, high-water 0xde92) : 9a80:11% 8240:11% 8380:10% 83c0:5% 8200:5% 8300:4% 8540:4% 9a40:4% a0c0:3% 81c0:3% 82c0:3% 9a00:2%
  fn=29293   page=0 insn=36254   IDLE   d_fb_det=0     a_sch=0100 0000 0000 0000 sync=0000 153e ffff  | trames=29295 irq=0 iq=0
  [sbwin] SB #2760 fn=28632 p51=21 tick=29305 : armee=0 one_shot=0 page_prog=64 rif_avant=0 nwin=0 marge=0 -> DMA NON ARMEE (le RIF jette) : SCH memorise pour la fenetre SB (dans une vraie fenetre SB : 15/2760)
  [sbwin] SB #2770 fn=28734 p51=21 tick=29407 : armee=0 one_shot=0 page_prog=64 rif_avant=0 nwin=0 marge=0 -> DMA NON ARMEE (le RIF jette) : SCH memorise pour la fenetre SB (dans une vraie fenetre SB : 15/2770)
  [sbwin] SB #2780 fn=28836 p51=21 tick=29509 : armee=0 one_shot=0 page_prog=64 rif_avant=0 nwin=0 marge=0 -> DMA NON ARMEE (le RIF jette) : SCH memorise pour la fenetre SB (dans une vraie fenetre SB : 15/2780)
  profil PC (23572 tranches, high-water 0xde92) : 9a80:11% 8240:11% 8380:10% 83c0:5% 8200:5% 8300:4% 8540:4% 9a40:4% a0c0:3% 81c0:3% 82c0:3% 9a00:2%
  fn=29510   page=0 insn=121     IDLE   d_fb_det=0     a_sch=0100 0000 0000 0000 sync=0000 153e ffff  | trames=29512 irq=0 iq=0
  hacks actifs : RHEA_DMA ; cadencement : STREAM LOCKSTEP  ; stimulus : none
  [sbwin] SB #2790 fn=28938 p51=21 tick=29611 : armee=0 one_shot=0 page_prog=64 rif_avant=0 nwin=0 marge=0 -> DMA NON ARMEE (le RIF jette) : SCH memorise pour la fenetre SB (dans une vraie fenetre SB : 15/2790)
  [sbwin] SB #2800 fn=29040 p51=21 tick=29713 : armee=0 one_shot=0 page_prog=64 rif_avant=0 nwin=0 marge=0 -> DMA NON ARMEE (le RIF jette) : SCH memorise pour la fenetre SB (dans une vraie fenetre SB : 15/2800)
  profil PC (21052 tranches, high-water 0xde92) : 9a80:11% 8240:11% 8380:10% 83c0:5% 8200:5% 8300:4% 8540:4% 9a40:4% a0c0:3% 81c0:3% 82c0:3% 9a00:2%
  fn=29727   page=1 insn=121     IDLE   d_fb_det=0     a_sch=0100 0000 0000 0000 sync=0000 153e ffff  | trames=29729 irq=0 iq=0
  [sbwin] SB #2810 fn=29142 p51=21 tick=29815 : armee=0 one_shot=0 page_prog=64 rif_avant=0 nwin=0 marge=0 -> DMA NON ARMEE (le RIF jette) : SCH memorise pour la fenetre SB (dans une vraie fenetre SB : 15/2810)
  [sbwin] SB #2820 fn=29244 p51=21 tick=29917 : armee=0 one_shot=0 page_prog=64 rif_avant=0 nwin=0 marge=0 -> DMA NON ARMEE (le RIF jette) : SCH memorise pour la fenetre SB (dans une vraie fenetre SB : 15/2820)
  profil PC (21055 tranches, high-water 0xde92) : 9a80:11% 8240:11% 8380:10% 83c0:5% 8200:5% 8300:4% 8540:4% 9a40:4% a0c0:3% 81c0:3% 82c0:3% 9a00:2%
  fn=29944   page=0 insn=121     IDLE   d_fb_det=0     a_sch=0100 0000 0000 0000 sync=0000 153e ffff  | trames=29946 irq=0 iq=0
  [chrono] fn=29998 sur 1000 trames (ms) : qemu 3.59 | A 0.05 | go 0.26 | B 0.17 | apres DONE 0.54 | trame 4.62 (temps reel 4.62)
  [sbwin] SB #2830 fn=29346 p51=21 tick=30019 : armee=0 one_shot=0 page_prog=64 rif_avant=0 nwin=0 marge=0 -> DMA NON ARMEE (le RIF jette) : SCH memorise pour la fenetre SB (dans une vraie fenetre SB : 15/2830)
  [sbwin] SB #2840 fn=29448 p51=21 tick=30121 : armee=0 one_shot=0 page_prog=64 rif_avant=0 nwin=0 marge=0 -> DMA NON ARMEE (le RIF jette) : SCH memorise pour la fenetre SB (dans une vraie fenetre SB : 15/2840)
  profil PC (23568 tranches, high-water 0xde92) : 9a80:11% 8240:11% 8380:10% 83c0:5% 8200:5% 8300:4% 8540:4% 9a40:4% a0c0:3% 81c0:3% 82c0:3% 9a00:2%
  fn=30161   page=0 insn=1355    IDLE   d_fb_det=0     a_sch=0100 0000 0000 0000 sync=0000 153e ffff  | trames=30163 irq=0 iq=0
  [sbwin] SB #2850 fn=29550 p51=21 tick=30223 : armee=0 one_shot=0 page_prog=64 rif_avant=0 nwin=0 marge=0 -> DMA NON ARMEE (le RIF jette) : SCH memorise pour la fenetre SB (dans une vraie fenetre SB : 15/2850)
  [sbwin] SB #2860 fn=29652 p51=21 tick=30325 : armee=0 one_shot=0 page_prog=64 rif_avant=0 nwin=0 marge=0 -> DMA NON ARMEE (le RIF jette) : SCH memorise pour la fenetre SB (dans une vraie fenetre SB : 15/2860)
  profil PC (23551 tranches, high-water 0xde92) : 9a80:11% 8240:11% 8380:10% 83c0:5% 8200:5% 8300:4% 8540:4% 9a40:4% a0c0:3% 81c0:3% 82c0:3% 9a00:2%
  fn=30378   page=1 insn=121     IDLE   d_fb_det=0     a_sch=0100 0000 0000 0000 sync=0000 153e ffff  | trames=30380 irq=0 iq=0
  [sbwin] SB #2870 fn=29754 p51=21 tick=30427 : armee=0 one_shot=0 page_prog=64 rif_avant=0 nwin=0 marge=0 -> DMA NON ARMEE (le RIF jette) : SCH memorise pour la fenetre SB (dans une vraie fenetre SB : 15/2870)
  [sbwin] SB #2880 fn=29856 p51=21 tick=30529 : armee=0 one_shot=0 page_prog=64 rif_avant=0 nwin=0 marge=0 -> DMA NON ARMEE (le RIF jette) : SCH memorise pour la fenetre SB (dans une vraie fenetre SB : 15/2880)
  profil PC (21052 tranches, high-water 0xde92) : 9a80:11% 8240:11% 8380:10% 83c0:5% 8200:5% 8300:4% 8540:4% 9a40:4% a0c0:3% 81c0:3% 82c0:3% 9a00:2%
  fn=30595   page=0 insn=121     IDLE   d_fb_det=0     a_sch=0100 0000 0000 0000 sync=0000 153e ffff  | trames=30597 irq=0 iq=0
  [sbwin] SB #2890 fn=29958 p51=21 tick=30631 : armee=0 one_shot=0 page_prog=64 rif_avant=0 nwin=0 marge=0 -> DMA NON ARMEE (le RIF jette) : SCH memorise pour la fenetre SB (dans une vraie fenetre SB : 15/2890)
  [sbwin] SB #2900 fn=30060 p51=21 tick=30733 : armee=0 one_shot=0 page_prog=64 rif_avant=0 nwin=0 marge=0 -> DMA NON ARMEE (le RIF jette) : SCH memorise pour la fenetre SB (dans une vraie fenetre SB : 15/2900)
  profil PC (21055 tranches, high-water 0xde92) : 9a80:11% 8240:11% 8380:10% 83c0:5% 8200:5% 8300:4% 8540:4% 9a40:4% a0c0:3% 81c0:3% 82c0:3% 9a00:2%
  fn=30812   page=1 insn=121     IDLE   d_fb_det=0     a_sch=0100 0000 0000 0000 sync=0000 153e ffff  | trames=30814 irq=0 iq=0
  [sbwin] SB #2910 fn=30162 p51=21 tick=30835 : armee=0 one_shot=0 page_prog=64 rif_avant=0 nwin=0 marge=0 -> DMA NON ARMEE (le RIF jette) : SCH memorise pour la fenetre SB (dans une vraie fenetre SB : 15/2910)
  [ts0] tick=30930 fn=30257 p51=14 NB fenetre=151 marge=3 rif_avant=0
  [sbwin] SB #2920 fn=30264 p51=21 tick=30937 : armee=0 one_shot=0 page_prog=64 rif_avant=0 nwin=0 marge=0 -> DMA NON ARMEE (le RIF jette) : SCH memorise pour la fenetre SB (dans une vraie fenetre SB : 15/2920)
  [chrono] fn=30998 sur 1000 trames (ms) : qemu 3.57 | A 0.06 | go 0.27 | B 0.17 | apres DONE 0.56 | trame 4.62 (temps reel 4.62)
  profil PC (23568 tranches, high-water 0xde92) : 9a80:11% 8240:11% 8380:10% 83c0:5% 8200:5% 8300:4% 8540:4% 9a40:4% a0c0:3% 81c0:3% 82c0:3% 9a00:2%
  fn=31029   page=1 insn=121     IDLE   d_fb_det=0     a_sch=0100 0000 0000 0000 sync=0000 153e ffff  | trames=31031 irq=0 iq=0
  [sbwin] SB #2930 fn=30366 p51=21 tick=31039 : armee=0 one_shot=0 page_prog=64 rif_avant=0 nwin=0 marge=0 -> DMA NON ARMEE (le RIF jette) : SCH memorise pour la fenetre SB (dans une vraie fenetre SB : 15/2930)
  [sbwin] SB #2940 fn=30468 p51=21 tick=31141 : armee=0 one_shot=0 page_prog=64 rif_avant=0 nwin=0 marge=0 -> DMA NON ARMEE (le RIF jette) : SCH memorise pour la fenetre SB (dans une vraie fenetre SB : 15/2940)
  [sbwin] SB #2950 fn=30570 p51=21 tick=31243 : armee=0 one_shot=0 page_prog=64 rif_avant=0 nwin=0 marge=0 -> DMA NON ARMEE (le RIF jette) : SCH memorise pour la fenetre SB (dans une vraie fenetre SB : 15/2950)
  profil PC (23551 tranches, high-water 0xde92) : 9a80:11% 8240:11% 8380:10% 83c0:5% 8200:5% 8300:4% 8540:4% 9a40:4% a0c0:3% 81c0:3% 82c0:3% 9a00:2%
  fn=31246   page=0 insn=121     IDLE   d_fb_det=0     a_sch=0100 0000 0000 0000 sync=0000 153e ffff  | trames=31248 irq=0 iq=0
  hacks actifs : RHEA_DMA ; cadencement : STREAM LOCKSTEP  ; stimulus : none
  [sbwin] SB #2960 fn=30672 p51=21 tick=31345 : armee=0 one_shot=0 page_prog=64 rif_avant=0 nwin=0 marge=0 -> DMA NON ARMEE (le RIF jette) : SCH memorise pour la fenetre SB (dans une vraie fenetre SB : 15/2960)
  [sbwin] SB #2970 fn=30774 p51=21 tick=31447 : armee=0 one_shot=0 page_prog=64 rif_avant=0 nwin=0 marge=0 -> DMA NON ARMEE (le RIF jette) : SCH memorise pour la fenetre SB (dans une vraie fenetre SB : 15/2970)
  profil PC (21052 tranches, high-water 0xde92) : 9a80:11% 8240:11% 8380:10% 83c0:5% 8200:5% 8300:4% 8540:4% 9a40:4% a0c0:3% 81c0:3% 82c0:3% 9a00:2%
  fn=31463   page=1 insn=121     IDLE   d_fb_det=0     a_sch=0100 0000 0000 0000 sync=0000 153e ffff  | trames=31465 irq=0 iq=0
  [sbwin] SB #2980 fn=30876 p51=21 tick=31549 : armee=0 one_shot=0 page_prog=64 rif_avant=0 nwin=0 marge=0 -> DMA NON ARMEE (le RIF jette) : SCH memorise pour la fenetre SB (dans une vraie fenetre SB : 15/2980)
  [sbwin] SB #2990 fn=30978 p51=21 tick=31651 : armee=0 one_shot=0 page_prog=64 rif_avant=0 nwin=0 marge=0 -> DMA NON ARMEE (le RIF jette) : SCH memorise pour la fenetre SB (dans une vraie fenetre SB : 15/2990)
  profil PC (21055 tranches, high-water 0xde92) : 9a80:11% 8240:11% 8380:10% 83c0:5% 8200:5% 8300:4% 8540:4% 9a40:4% a0c0:3% 81c0:3% 82c0:3% 9a00:2%
  fn=31680   page=0 insn=121     IDLE   d_fb_det=0     a_sch=0100 0000 0000 0000 sync=0000 153e ffff  | trames=31682 irq=0 iq=0
  [sbwin] SB #3000 fn=31080 p51=21 tick=31753 : armee=0 one_shot=0 page_prog=64 rif_avant=0 nwin=0 marge=0 -> DMA NON ARMEE (le RIF jette) : SCH memorise pour la fenetre SB (dans une vraie fenetre SB : 15/3000)
  [sbwin] SB #3010 fn=31182 p51=21 tick=31855 : armee=0 one_shot=0 page_prog=64 rif_avant=0 nwin=0 marge=0 -> DMA NON ARMEE (le RIF jette) : SCH memorise pour la fenetre SB (dans une vraie fenetre SB : 15/3010)
  profil PC (23794 tranches, high-water 0xde92) : 9a80:11% 8240:11% 8380:10% 83c0:5% 8200:5% 8300:4% 8540:4% 9a40:4% a0c0:3% 81c0:3% 82c0:3% 9a00:2%
  fn=31897   page=1 insn=13785   IDLE   d_fb_det=0     a_sch=0100 0000 0000 0000 sync=0000 153e ffff  | trames=31899 irq=0 iq=0
  [sbwin] SB #3020 fn=31284 p51=21 tick=31957 : armee=0 one_shot=0 page_prog=64 rif_avant=0 nwin=0 marge=0 -> DMA NON ARMEE (le RIF jette) : SCH memorise pour la fenetre SB (dans une vraie fenetre SB : 15/3020)
  [chrono] fn=31998 sur 1000 trames (ms) : qemu 3.51 | A 0.06 | go 0.28 | B 0.18 | apres DONE 0.59 | trame 4.62 (temps reel 4.62)
  [sbwin] SB #3030 fn=31386 p51=21 tick=32059 : armee=0 one_shot=0 page_prog=64 rif_avant=0 nwin=0 marge=0 -> DMA NON ARMEE (le RIF jette) : SCH memorise pour la fenetre SB (dans une vraie fenetre SB : 15/3030)
  profil PC (23323 tranches, high-water 0xde92) : 9a80:11% 8240:11% 8380:10% 83c0:5% 8200:5% 8300:4% 8540:4% 9a40:4% a0c0:3% 81c0:3% 82c0:3% 9a00:2%
  fn=32114   page=1 insn=121     IDLE   d_fb_det=0     a_sch=0100 0000 0000 0000 sync=0000 153e ffff  | trames=32116 irq=0 iq=0
  [sbwin] SB #3040 fn=31488 p51=21 tick=32161 : armee=0 one_shot=0 page_prog=64 rif_avant=0 nwin=0 marge=0 -> DMA NON ARMEE (le RIF jette) : SCH memorise pour la fenetre SB (dans une vraie fenetre SB : 15/3040)
  [sbwin] SB #3050 fn=31590 p51=21 tick=32263 : armee=0 one_shot=0 page_prog=64 rif_avant=0 nwin=0 marge=0 -> DMA NON ARMEE (le RIF jette) : SCH memorise pour la fenetre SB (dans une vraie fenetre SB : 15/3050)
  profil PC (21055 tranches, high-water 0xde92) : 9a80:11% 8240:11% 8380:10% 83c0:5% 8200:5% 8300:4% 8540:4% 9a40:4% a0c0:3% 81c0:3% 82c0:3% 9a00:2%
  fn=32331   page=0 insn=121     IDLE   d_fb_det=0     a_sch=0100 0000 0000 0000 sync=0000 153e ffff  | trames=32333 irq=0 iq=0
  [sbwin] SB #3060 fn=31692 p51=21 tick=32365 : armee=0 one_shot=0 page_prog=64 rif_avant=0 nwin=0 marge=0 -> DMA NON ARMEE (le RIF jette) : SCH memorise pour la fenetre SB (dans une vraie fenetre SB : 15/3060)
  [sbwin] SB #3070 fn=31794 p51=21 tick=32467 : armee=0 one_shot=0 page_prog=64 rif_avant=0 nwin=0 marge=0 -> DMA NON ARMEE (le RIF jette) : SCH memorise pour la fenetre SB (dans une vraie fenetre SB : 15/3070)
  profil PC (21073 tranches, high-water 0xde92) : 9a80:11% 8240:11% 8380:10% 83c0:5% 8200:5% 8300:4% 8540:4% 9a40:4% a0c0:3% 81c0:3% 82c0:3% 9a00:2%
  fn=32548   page=0 insn=1355    IDLE   d_fb_det=0     a_sch=0100 0000 0000 0000 sync=0000 153e ffff  | trames=32550 irq=0 iq=0
  [sbwin] SB #3080 fn=31896 p51=21 tick=32569 : armee=0 one_shot=0 page_prog=64 rif_avant=0 nwin=0 marge=0 -> DMA NON ARMEE (le RIF jette) : SCH memorise pour la fenetre SB (dans une vraie fenetre SB : 15/3080)
  [sbwin] SB #3090 fn=31998 p51=21 tick=32671 : armee=0 one_shot=0 page_prog=64 rif_avant=0 nwin=0 marge=0 -> DMA NON ARMEE (le RIF jette) : SCH memorise pour la fenetre SB (dans une vraie fenetre SB : 15/3090)
  profil PC (23996 tranches, high-water 0xde92) : 9a80:11% 8240:11% 8380:10% 83c0:5% 8200:5% 8300:4% 8540:4% 9a40:4% a0c0:3% 81c0:3% 82c0:3% 9a00:2%
  fn=32765   page=1 insn=13659   IDLE   d_fb_det=0     a_sch=0100 0000 0000 0000 sync=0000 153e ffff  | trames=32767 irq=0 iq=0
  [sbwin] SB #3100 fn=32100 p51=21 tick=32773 : armee=0 one_shot=0 page_prog=64 rif_avant=0 nwin=0 marge=0 -> DMA NON ARMEE (le RIF jette) : SCH memorise pour la fenetre SB (dans une vraie fenetre SB : 15/3100)
  [sbwin] SB #3110 fn=32202 p51=21 tick=32875 : armee=0 one_shot=0 page_prog=64 rif_avant=0 nwin=0 marge=0 -> DMA NON ARMEE (le RIF jette) : SCH memorise pour la fenetre SB (dans une vraie fenetre SB : 15/3110)
  [sbwin] SB #3120 fn=32304 p51=21 tick=32977 : armee=0 one_shot=0 page_prog=64 rif_avant=0 nwin=0 marge=0 -> DMA NON ARMEE (le RIF jette) : SCH memorise pour la fenetre SB (dans une vraie fenetre SB : 15/3120)
  profil PC (23100 tranches, high-water 0xde92) : 9a80:11% 8240:11% 8380:10% 83c0:5% 8200:5% 8300:4% 8540:4% 9a40:4% a0c0:3% 81c0:3% 82c0:3% 9a00:2%
  fn=32982   page=0 insn=121     IDLE   d_fb_det=0     a_sch=0100 0000 0000 0000 sync=0000 153e ffff  | trames=32984 irq=0 iq=0
  hacks actifs : RHEA_DMA ; cadencement : STREAM LOCKSTEP  ; stimulus : none
  [chrono] fn=32998 sur 1000 trames (ms) : qemu 3.59 | A 0.06 | go 0.26 | B 0.17 | apres DONE 0.54 | trame 4.62 (temps reel 4.62)
  [sbwin] SB #3130 fn=32406 p51=21 tick=33079 : armee=0 one_shot=0 page_prog=64 rif_avant=0 nwin=0 marge=0 -> DMA NON ARMEE (le RIF jette) : SCH memorise pour la fenetre SB (dans une vraie fenetre SB : 15/3130)
  [sbwin] SB #3140 fn=32508 p51=21 tick=33181 : armee=0 one_shot=0 page_prog=64 rif_avant=0 nwin=0 marge=0 -> DMA NON ARMEE (le RIF jette) : SCH memorise pour la fenetre SB (dans une vraie fenetre SB : 15/3140)
  profil PC (21055 tranches, high-water 0xde92) : 9a80:11% 8240:11% 8380:10% 83c0:5% 8200:5% 8300:4% 8540:4% 9a40:4% a0c0:3% 81c0:3% 82c0:3% 9a00:2%
  fn=33199   page=1 insn=121     IDLE   d_fb_det=0     a_sch=0100 0000 0000 0000 sync=0000 153e ffff  | trames=33201 irq=0 iq=0
  [sbwin] SB #3150 fn=32610 p51=21 tick=33283 : armee=0 one_shot=0 page_prog=64 rif_avant=0 nwin=0 marge=0 -> DMA NON ARMEE (le RIF jette) : SCH memorise pour la fenetre SB (dans une vraie fenetre SB : 15/3150)
  [sbwin] SB #3160 fn=32712 p51=21 tick=33385 : armee=0 one_shot=0 page_prog=64 rif_avant=0 nwin=0 marge=0 -> DMA NON ARMEE (le RIF jette) : SCH memorise pour la fenetre SB (dans une vraie fenetre SB : 15/3160)
  profil PC (21073 tranches, high-water 0xde92) : 9a80:11% 8240:11% 8380:10% 83c0:5% 8200:5% 8300:4% 8540:4% 9a40:4% a0c0:3% 81c0:3% 82c0:3% 9a00:2%
  fn=33416   page=1 insn=121     IDLE   d_fb_det=0     a_sch=0100 0000 0000 0000 sync=0000 153e ffff  | trames=33418 irq=0 iq=0
  [sbwin] SB #3170 fn=32814 p51=21 tick=33487 : armee=0 one_shot=0 page_prog=64 rif_avant=0 nwin=0 marge=0 -> DMA NON ARMEE (le RIF jette) : SCH memorise pour la fenetre SB (dans une vraie fenetre SB : 15/3170)
  [sbwin] SB #3180 fn=32916 p51=21 tick=33589 : armee=0 one_shot=0 page_prog=64 rif_avant=0 nwin=0 marge=0 -> DMA NON ARMEE (le RIF jette) : SCH memorise pour la fenetre SB (dans une vraie fenetre SB : 15/3180)
  profil PC (24221 tranches, high-water 0xde92) : 8240:11% 9a80:11% 8380:10% 83c0:5% 8200:5% 8300:4% 8540:4% 9a40:4% a0c0:3% 81c0:3% 82c0:3% 9a00:2%
  fn=33633   page=1 insn=13661   IDLE   d_fb_det=0     a_sch=0100 0000 0000 0000 sync=0000 153e ffff  | trames=33635 irq=0 iq=0
  [sbwin] SB #3190 fn=33018 p51=21 tick=33691 : armee=0 one_shot=0 page_prog=64 rif_avant=0 nwin=0 marge=0 -> DMA NON ARMEE (le RIF jette) : SCH memorise pour la fenetre SB (dans une vraie fenetre SB : 15/3190)
  [sbwin] SB #3200 fn=33120 p51=21 tick=33793 : armee=0 one_shot=0 page_prog=64 rif_avant=0 nwin=0 marge=0 -> DMA NON ARMEE (le RIF jette) : SCH memorise pour la fenetre SB (dans une vraie fenetre SB : 15/3200)
  profil PC (22877 tranches, high-water 0xde92) : 9a80:12% 8240:11% 8380:9% 83c0:5% 8200:5% 8300:4% 8540:4% 9a40:4% a0c0:3% 81c0:3% 82c0:3% 9a00:2%
  fn=33850   page=1 insn=121     IDLE   d_fb_det=0     a_sch=0100 0000 0000 0000 sync=0000 153e ffff  | trames=33852 irq=0 iq=0
  [sbwin] SB #3210 fn=33222 p51=21 tick=33895 : armee=0 one_shot=0 page_prog=64 rif_avant=0 nwin=0 marge=0 -> DMA NON ARMEE (le RIF jette) : SCH memorise pour la fenetre SB (dans une vraie fenetre SB : 15/3210)
  [jalon] fn=33976 d_fb_det=1  hacks=RHEA_DMA
  [sbwin] SB #3218 fn=33304 p51=1 tick=33977 : armee=0 one_shot=0 page_prog=48 rif_avant=0 nwin=0 marge=0 -> DMA NON ARMEE (le RIF jette) : SCH memorise pour la fenetre SB (dans une vraie fenetre SB : 15/3218)
  [jalon] fn=33986 d_fb_det=1  hacks=RHEA_DMA
  [sbwin] SB #3219 fn=33314 p51=11 tick=33987 : armee=0 one_shot=0 page_prog=48 rif_avant=0 nwin=0 marge=0 -> DMA NON ARMEE (le RIF jette) : SCH memorise pour la fenetre SB (dans une vraie fenetre SB : 15/3219)
  [cmd] fn=33995 tache SB postee par l'ARM (W0 md=6 W1 md=0)
  [sb] fn=33995 p51=29 | FB a fn=33986 toa=8743 pm=5424 ang=-1 | TOA-ROM=8743 src=fine | a_sch=0100 crc_ko
  [a_sch] fn=33996 page=0 : 0100 0000 0000 0000 -> 8100 0016 f85d 01fb  (d_dsp_page=0003) TOA=0 PM=5521 SNR=12 crc_ko
  [sbwin] SB #3220 fn=33324 p51=21 tick=33997 : armee=1 one_shot=1 page_prog=191 rif_avant=0 nwin=191 marge=21 -> FENETRE SB (one-shot) (dans une vraie fenetre SB : 16/3220)
  [a_sch] fn=33997 page=1 : 0100 0000 0000 0000 -> 8000 0882 0c1c 00c9  (d_dsp_page=0003) TOA=23 PM=5344 SNR=16384 CRC_OK
  [jalon] fn=33997 SB PLAUSIBLE page=1 BSIC=7 a_sch=8000 0882 0c1c 00c9  hacks=RHEA_DMA
  [chrono] fn=33998 sur 1000 trames (ms) : qemu 3.53 | A 0.05 | go 0.25 | B 0.18 | apres DONE 0.60 | trame 4.62 (temps reel 4.62)
  [a_sch] fn=33998 page=0 : 8100 0016 f85d 01fb -> 0100 0000 0000 0000  (d_dsp_page=0003) TOA=0 PM=0 SNR=0 crc_ko
  [sbwin] SB #3221 fn=33334 p51=31 tick=34007 : armee=0 one_shot=0 page_prog=191 rif_avant=0 nwin=0 marge=0 -> DMA NON ARMEE (le RIF jette) : SCH memorise pour la fenetre SB (dans une vraie fenetre SB : 16/3221)
  [sbwin] SB #3222 fn=33344 p51=41 tick=34017 : armee=0 one_shot=0 page_prog=191 rif_avant=0 nwin=0 marge=0 -> DMA NON ARMEE (le RIF jette) : SCH memorise pour la fenetre SB (dans une vraie fenetre SB : 16/3222)
  [sbwin] SB #3223 fn=33355 p51=1 tick=34028 : armee=0 one_shot=0 page_prog=191 rif_avant=0 nwin=0 marge=0 -> DMA NON ARMEE (le RIF jette) : SCH memorise pour la fenetre SB (dans une vraie fenetre SB : 16/3223)
  [a_sch] fn=34031 page=1 : 8000 0882 0c1c 00c9 -> 0100 0000 0000 0000  (d_dsp_page=0003) TOA=0 PM=0 SNR=0 crc_ko
  [sbwin] SB #3224 fn=33365 p51=11 tick=34038 : armee=0 one_shot=0 page_prog=151 rif_avant=0 nwin=0 marge=0 -> DMA NON ARMEE (le RIF jette) : SCH memorise pour la fenetre SB (dans une vraie fenetre SB : 16/3224)
  [montant] RACH ra=0x14 bsic=7 fn=34049 -> /dev/shm/calypso_rach
  [montant]   declencheur : d_task_ra=RACH_DSP_TASK (task_ra=0x000a d_rach=0x141c)
  profil PC (24326 tranches, high-water 0xde92) : 77c0:9% 9a80:7% 8240:7% 8380:6% 7800:5% 83c0:3% 8200:3% 8300:3% 8540:3% 7840:2% 9a40:2% a680:2%
  fn=34067   page=0 insn=121     IDLE   d_fb_det=0     a_sch=0100 0000 0000 0000 sync=0000 1530 ffff  | trames=34069 irq=0 iq=0
  [sbwin] SB #3230 fn=33426 p51=21 tick=34099 : armee=0 one_shot=0 page_prog=151 rif_avant=0 nwin=0 marge=0 -> DMA NON ARMEE (le RIF jette) : SCH memorise pour la fenetre SB (dans une vraie fenetre SB : 16/3230)
  [montant] canal dedie (side-band seq=3) : arme TS1 SDCCH/8 SS=0
  [a_cd] fn=34133 p51=14 p102=65 etat=8040 FIRE KO L2=05 85 7f f3 | ok=4 ko=5
pont : canal dedie arme : TS1 SDCCH/8 SS=0
  [ts0] tick=34161 fn=33488 p51=32 NB fenetre=151 marge=3 rif_avant=0  <- canal dedie
  [ts0] tick=34162 fn=33489 p51=33 NB fenetre=151 marge=3 rif_avant=0  <- canal dedie
  [ts0] tick=34163 fn=33490 p51=34 NB fenetre=151 marge=3 rif_avant=0  <- canal dedie
  [ts0] tick=34164 fn=33491 p51=35 NB fenetre=151 marge=3 rif_avant=0  <- canal dedie
  [a_cd] fn=34164 p51=45 p102=96 etat=8000 ok L2=07 00 03 03 | ok=5 ko=5
  [ts0] tick=34180 fn=33507 p51=0 NB fenetre=151 marge=3 rif_avant=0  <- canal dedie
  [ts0] tick=34181 fn=33508 p51=1 NB fenetre=151 marge=3 rif_avant=0  <- canal dedie
  [ts0] tick=34182 fn=33509 p51=2 NB fenetre=151 marge=3 rif_avant=0  <- canal dedie
  [ts0] tick=34183 fn=33510 p51=3 NB fenetre=151 marge=3 rif_avant=0  <- canal dedie
  [sbwin] SB #3240 fn=33538 p51=31 tick=34211 : armee=0 one_shot=0 page_prog=151 rif_avant=0 nwin=0 marge=0 -> DMA NON ARMEE (le RIF jette) : SCH memorise pour la fenetre SB (dans une vraie fenetre SB : 16/3240)
  [ts0] tick=34231 fn=33558 p51=0 NB fenetre=151 marge=3 rif_avant=0  <- canal dedie
  [ts0] tick=34232 fn=33559 p51=1 NB fenetre=151 marge=3 rif_avant=0  <- canal dedie
  [ts0] tick=34233 fn=33560 p51=2 NB fenetre=151 marge=3 rif_avant=0  <- canal dedie
  [ts0] tick=34234 fn=33561 p51=3 NB fenetre=151 marge=3 rif_avant=0  <- canal dedie
  [ts0] tick=34263 fn=33590 p51=32 NB fenetre=151 marge=3 rif_avant=0  <- canal dedie
  [ts0] tick=34264 fn=33591 p51=33 NB fenetre=151 marge=3 rif_avant=0  <- canal dedie
  [ts0] tick=34265 fn=33592 p51=34 NB fenetre=151 marge=3 rif_avant=0  <- canal dedie
  [ts0] tick=34266 fn=33593 p51=35 NB fenetre=151 marge=3 rif_avant=0  <- canal dedie
  [ts0] tick=34282 fn=33609 p51=0 NB fenetre=151 marge=3 rif_avant=0  <- canal dedie
  [ts0] tick=34283 fn=33610 p51=1 NB fenetre=151 marge=3 rif_avant=0  <- canal dedie
  [ts0] tick=34284 fn=33611 p51=2 NB fenetre=151 marge=3 rif_avant=0  <- canal dedie
  profil PC (12166 tranches, high-water 0xde92) : 8240:10% 9a80:10% 8380:9% 8200:4% 83c0:4% 8300:4% 8540:4% a680:3% 9a40:3% a0c0:3% 81c0:3% 82c0:3%
  fn=34284   page=1 insn=13656   IDLE   d_fb_det=0     a_sch=0100 0000 0000 0000 sync=0000 1530 ffff  | trames=34286 irq=0 iq=0
  [ts0] tick=34285 fn=33612 p51=3 NB fenetre=151 marge=3 rif_avant=0  <- canal dedie
  [a5-arm] tick=34287 d_a5mode=1 a_kc=bc00 f7d3 11d3 627e
  [montant] chiffrement A5/1 : Kc publie vers /dev/shm/calypso_kc_l1 (seq=4)
  [ts0] tick=34333 fn=33660 p51=0 NB fenetre=151 marge=3 rif_avant=0  <- canal dedie
  [ts0] tick=34334 fn=33661 p51=1 NB fenetre=151 marge=3 rif_avant=0  <- canal dedie
  [ts0] tick=34335 fn=33662 p51=2 NB fenetre=151 marge=3 rif_avant=0  <- canal dedie
  [ts0] tick=34336 fn=33663 p51=3 NB fenetre=151 marge=3 rif_avant=0  <- canal dedie
  [a_cd] fn=34336 p51=13 p102=64 etat=8040 FIRE KO L2=89 f8 67 f4 | ok=5 ko=6
  [sbwin] SB #3250 fn=33671 p51=11 tick=34344 : armee=0 one_shot=0 page_prog=151 rif_avant=0 nwin=0 marge=0 -> DMA NON ARMEE (le RIF jette) : SCH memorise pour la fenetre SB (dans une vraie fenetre SB : 16/3250)
  [ts0] tick=34365 fn=33692 p51=32 NB fenetre=151 marge=3 rif_avant=0  <- canal dedie
  [ts0] tick=34366 fn=33693 p51=33 NB fenetre=151 marge=3 rif_avant=0  <- canal dedie
  [ts0] tick=34367 fn=33694 p51=34 NB fenetre=151 marge=3 rif_avant=0  <- canal dedie
  [ts0] tick=34368 fn=33695 p51=35 NB fenetre=151 marge=3 rif_avant=0  <- canal dedie
  [ts0] tick=34384 fn=33711 p51=0 NB fenetre=151 marge=3 rif_avant=0  <- canal dedie
  [ts0] tick=34385 fn=33712 p51=1 NB fenetre=151 marge=3 rif_avant=0  <- canal dedie
  [ts0] tick=34386 fn=33713 p51=2 NB fenetre=151 marge=3 rif_avant=0  <- canal dedie
  [ts0] tick=34387 fn=33714 p51=3 NB fenetre=151 marge=3 rif_avant=0  <- canal dedie
  [ts0] tick=34435 fn=33762 p51=0 NB fenetre=151 marge=3 rif_avant=0  <- canal dedie
  [ts0] tick=34436 fn=33763 p51=1 NB fenetre=151 marge=3 rif_avant=0  <- canal dedie
  [ts0] tick=34437 fn=33764 p51=2 NB fenetre=151 marge=3 rif_avant=0  <- canal dedie
  [ts0] tick=34438 fn=33765 p51=3 NB fenetre=151 marge=3 rif_avant=0  <- canal dedie
  [a_cd] fn=34438 p51=13 p102=64 etat=8000 ok L2=01 21 01 2b | ok=6 ko=6
  [sbwin] SB #3260 fn=33793 p51=31 tick=34466 : armee=0 one_shot=0 page_prog=151 rif_avant=0 nwin=0 marge=0 -> DMA NON ARMEE (le RIF jette) : SCH memorise pour la fenetre SB (dans une vraie fenetre SB : 16/3260)
  [BSP] dedie : DESACCORD fn=33794 p51=32 p102=32 : table=1 tpu=0 (offset=4083 ref=439, tn_fenetre=6) [1000 fois]
  [ts0] tick=34467 fn=33794 p51=32 NB fenetre=151 marge=3 rif_avant=0  <- canal dedie
  [ts0] tick=34468 fn=33795 p51=33 NB fenetre=151 marge=3 rif_avant=0  <- canal dedie
  [a5] #500 A5/1 fn=33796 (T1=25 T2=22 T3=34) Kc=627e11d3f7d3bc00 | dernier depot BSP fn=33795 (ecart +1)
  [ts0] tick=34469 fn=33796 p51=34 NB fenetre=151 marge=3 rif_avant=0  <- canal dedie
  [ts0] tick=34470 fn=33797 p51=35 NB fenetre=151 marge=3 rif_avant=0  <- canal dedie
  [ts0] tick=34486 fn=33813 p51=0 NB fenetre=151 marge=3 rif_avant=0  <- canal dedie
  [ts0] tick=34487 fn=33814 p51=1 NB fenetre=151 marge=3 rif_avant=0  <- canal dedie
  [ts0] tick=34488 fn=33815 p51=2 NB fenetre=151 marge=3 rif_avant=0  <- canal dedie
  [ts0] tick=34489 fn=33816 p51=3 NB fenetre=151 marge=3 rif_avant=0  <- canal dedie
  profil PC (10203 tranches, high-water 0xde92) : 9a80:10% 8240:9% 8380:8% a680:4% 83c0:4% 8200:4% 8300:3% 8540:3% 9a40:3% a0c0:3% 81c0:2% 82c0:2%
  fn=34501   page=1 insn=7051    IDLE   d_fb_det=0     a_sch=0100 0000 0000 0000 sync=0000 1530 ffff  | trames=34503 irq=0 iq=0
  [ts0] tick=34537 fn=33864 p51=0 NB fenetre=151 marge=3 rif_avant=0  <- canal dedie
  [ts0] tick=34538 fn=33865 p51=1 NB fenetre=151 marge=3 rif_avant=0  <- canal dedie
  [ts0] tick=34539 fn=33866 p51=2 NB fenetre=151 marge=3 rif_avant=0  <- canal dedie
  [ts0] tick=34540 fn=33867 p51=3 NB fenetre=151 marge=3 rif_avant=0  <- canal dedie
  [ts0] tick=34569 fn=33896 p51=32 NB fenetre=151 marge=3 rif_avant=0  <- canal dedie
  [ts0] tick=34570 fn=33897 p51=33 NB fenetre=151 marge=3 rif_avant=0  <- canal dedie
  [ts0] tick=34571 fn=33898 p51=34 NB fenetre=151 marge=3 rif_avant=0  <- canal dedie
  [ts0] tick=34572 fn=33899 p51=35 NB fenetre=151 marge=3 rif_avant=0  <- canal dedie
  [ts0] tick=34588 fn=33915 p51=0 NB fenetre=151 marge=3 rif_avant=0  <- canal dedie
  [ts0] tick=34589 fn=33916 p51=1 NB fenetre=151 marge=3 rif_avant=0  <- canal dedie
  [ts0] tick=34590 fn=33917 p51=2 NB fenetre=151 marge=3 rif_avant=0  <- canal dedie
  [ts0] tick=34591 fn=33918 p51=3 NB fenetre=151 marge=3 rif_avant=0  <- canal dedie
  [sbwin] SB #3270 fn=33926 p51=11 tick=34599 : armee=0 one_shot=0 page_prog=151 rif_avant=0 nwin=0 marge=0 -> DMA NON ARMEE (le RIF jette) : SCH memorise pour la fenetre SB (dans une vraie fenetre SB : 16/3270)
  [ts0] tick=34639 fn=33966 p51=0 NB fenetre=151 marge=3 rif_avant=0  <- canal dedie
  [ts0] tick=34640 fn=33967 p51=1 NB fenetre=151 marge=3 rif_avant=0  <- canal dedie
  [ts0] tick=34641 fn=33968 p51=2 NB fenetre=151 marge=3 rif_avant=0  <- canal dedie
  [ts0] tick=34642 fn=33969 p51=3 NB fenetre=151 marge=3 rif_avant=0  <- canal dedie
  [ts0] tick=34671 fn=33998 p51=32 NB fenetre=151 marge=3 rif_avant=0  <- canal dedie
  [ts0] tick=34672 fn=33999 p51=33 NB fenetre=151 marge=3 rif_avant=0  <- canal dedie
  [ts0] tick=34673 fn=34000 p51=34 NB fenetre=151 marge=3 rif_avant=0  <- canal dedie
  [ts0] tick=34674 fn=34001 p51=35 NB fenetre=151 marge=3 rif_avant=0  <- canal dedie
  [ts0] tick=34690 fn=34017 p51=0 NB fenetre=151 marge=3 rif_avant=0  <- canal dedie
  [ts0] tick=34691 fn=34018 p51=1 NB fenetre=151 marge=3 rif_avant=0  <- canal dedie
  [ts0] tick=34692 fn=34019 p51=2 NB fenetre=151 marge=3 rif_avant=0  <- canal dedie
  [ts0] tick=34693 fn=34020 p51=3 NB fenetre=151 marge=3 rif_avant=0  <- canal dedie
  profil PC (9481 tranches, high-water 0xde92) : 9a80:9% 8240:9% 8380:8% a680:4% 83c0:4% 8200:4% 8300:4% 8540:4% 9a40:3% a0c0:3% 81c0:2% 82c0:2%
  fn=34718   page=0 insn=121     IDLE   d_fb_det=0     a_sch=0100 0000 0000 0000 sync=0000 1530 ffff  | trames=34720 irq=0 iq=0
  hacks actifs : RHEA_DMA ; cadencement : STREAM LOCKSTEP  ; stimulus : none
  [sbwin] SB #3280 fn=34048 p51=31 tick=34721 : armee=0 one_shot=0 page_prog=151 rif_avant=0 nwin=0 marge=0 -> DMA NON ARMEE (le RIF jette) : SCH memorise pour la fenetre SB (dans une vraie fenetre SB : 16/3280)
  [ts0] tick=34741 fn=34068 p51=0 NB fenetre=151 marge=3 rif_avant=0  <- canal dedie
  [ts0] tick=34742 fn=34069 p51=1 NB fenetre=151 marge=3 rif_avant=0  <- canal dedie
  [ts0] tick=34743 fn=34070 p51=2 NB fenetre=151 marge=3 rif_avant=0  <- canal dedie
  [ts0] tick=34744 fn=34071 p51=3 NB fenetre=151 marge=3 rif_avant=0  <- canal dedie
  [ts0] tick=34773 fn=34100 p51=32 NB fenetre=151 marge=3 rif_avant=0  <- canal dedie
  [ts0] tick=34774 fn=34101 p51=33 NB fenetre=151 marge=3 rif_avant=0  <- canal dedie
  [ts0] tick=34775 fn=34102 p51=34 NB fenetre=151 marge=3 rif_avant=0  <- canal dedie
  [ts0] tick=34776 fn=34103 p51=35 NB fenetre=151 marge=3 rif_avant=0  <- canal dedie
  [ts0] tick=34792 fn=34119 p51=0 NB fenetre=151 marge=3 rif_avant=0  <- canal dedie
  [ts0] tick=34793 fn=34120 p51=1 NB fenetre=151 marge=3 rif_avant=0  <- canal dedie
  [ts0] tick=34794 fn=34121 p51=2 NB fenetre=151 marge=3 rif_avant=0  <- canal dedie
  [ts0] tick=34795 fn=34122 p51=3 NB fenetre=151 marge=3 rif_avant=0  <- canal dedie
  [ts0] tick=34843 fn=34170 p51=0 NB fenetre=151 marge=3 rif_avant=0  <- canal dedie
  [ts0] tick=34844 fn=34171 p51=1 NB fenetre=151 marge=3 rif_avant=0  <- canal dedie
  [ts0] tick=34845 fn=34172 p51=2 NB fenetre=151 marge=3 rif_avant=0  <- canal dedie
  [ts0] tick=34846 fn=34173 p51=3 NB fenetre=151 marge=3 rif_avant=0  <- canal dedie
  [sbwin] SB #3290 fn=34181 p51=11 tick=34854 : armee=0 one_shot=0 page_prog=151 rif_avant=0 nwin=0 marge=0 -> DMA NON ARMEE (le RIF jette) : SCH memorise pour la fenetre SB (dans une vraie fenetre SB : 16/3290)
  [ts0] tick=34875 fn=34202 p51=32 NB fenetre=151 marge=3 rif_avant=0  <- canal dedie
  [ts0] tick=34876 fn=34203 p51=33 NB fenetre=151 marge=3 rif_avant=0  <- canal dedie
  [ts0] tick=34877 fn=34204 p51=34 NB fenetre=151 marge=3 rif_avant=0  <- canal dedie
  [ts0] tick=34878 fn=34205 p51=35 NB fenetre=151 marge=3 rif_avant=0  <- canal dedie
  [ts0] tick=34894 fn=34221 p51=0 NB fenetre=151 marge=3 rif_avant=0  <- canal dedie
  [ts0] tick=34895 fn=34222 p51=1 NB fenetre=151 marge=3 rif_avant=0  <- canal dedie
  [ts0] tick=34896 fn=34223 p51=2 NB fenetre=151 marge=3 rif_avant=0  <- canal dedie
  [ts0] tick=34897 fn=34224 p51=3 NB fenetre=151 marge=3 rif_avant=0  <- canal dedie
  profil PC (9418 tranches, high-water 0xde92) : 9a80:9% 8240:9% 8380:8% a680:4% 83c0:4% 8200:4% 8300:4% 8540:4% 9a40:3% a0c0:3% 81c0:2% 82c0:2%
  fn=34935   page=0 insn=121     IDLE   d_fb_det=0     a_sch=0100 0000 0000 0000 sync=0000 1530 ffff  | trames=34937 irq=0 iq=0
  [ts0] tick=34945 fn=34272 p51=0 NB fenetre=151 marge=3 rif_avant=0  <- canal dedie
  [ts0] tick=34946 fn=34273 p51=1 NB fenetre=151 marge=3 rif_avant=0  <- canal dedie
  [ts0] tick=34947 fn=34274 p51=2 NB fenetre=151 marge=3 rif_avant=0  <- canal dedie
  [ts0] tick=34948 fn=34275 p51=3 NB fenetre=151 marge=3 rif_avant=0  <- canal dedie
  [sbwin] SB #3300 fn=34303 p51=31 tick=34976 : armee=0 one_shot=0 page_prog=151 rif_avant=0 nwin=0 marge=0 -> DMA NON ARMEE (le RIF jette) : SCH memorise pour la fenetre SB (dans une vraie fenetre SB : 16/3300)
  [ts0] tick=34977 fn=34304 p51=32 NB fenetre=151 marge=3 rif_avant=0  <- canal dedie
  [ts0] tick=34978 fn=34305 p51=33 NB fenetre=151 marge=3 rif_avant=0  <- canal dedie
  [ts0] tick=34979 fn=34306 p51=34 NB fenetre=151 marge=3 rif_avant=0  <- canal dedie
  [ts0] tick=34980 fn=34307 p51=35 NB fenetre=151 marge=3 rif_avant=0  <- canal dedie
  [ts0] tick=34996 fn=34323 p51=0 NB fenetre=151 marge=3 rif_avant=0  <- canal dedie
  [ts0] tick=34997 fn=34324 p51=1 NB fenetre=151 marge=3 rif_avant=0  <- canal dedie
  [ts0] tick=34998 fn=34325 p51=2 NB fenetre=151 marge=3 rif_avant=0  <- canal dedie
  [chrono] fn=34998 sur 1000 trames (ms) : qemu 3.70 | A 0.10 | go 0.25 | B 0.28 | apres DONE 0.28 | trame 4.62 (temps reel 4.62)
  [ts0] tick=34999 fn=34326 p51=3 NB fenetre=151 marge=3 rif_avant=0  <- canal dedie
  [ts0] tick=35047 fn=34374 p51=0 NB fenetre=151 marge=3 rif_avant=0  <- canal dedie
  [ts0] tick=35048 fn=34375 p51=1 NB fenetre=151 marge=3 rif_avant=0  <- canal dedie
  [ts0] tick=35049 fn=34376 p51=2 NB fenetre=151 marge=3 rif_avant=0  <- canal dedie
  [ts0] tick=35050 fn=34377 p51=3 NB fenetre=151 marge=3 rif_avant=0  <- canal dedie
  [ts0] tick=35079 fn=34406 p51=32 NB fenetre=151 marge=3 rif_avant=0  <- canal dedie
  [ts0] tick=35080 fn=34407 p51=33 NB fenetre=151 marge=3 rif_avant=0  <- canal dedie
  [ts0] tick=35081 fn=34408 p51=34 NB fenetre=151 marge=3 rif_avant=0  <- canal dedie
  [ts0] tick=35082 fn=34409 p51=35 NB fenetre=151 marge=3 rif_avant=0  <- canal dedie
  [a_cd] fn=35082 p51=45 p102=96 etat=8040 FIRE KO L2=76 4e 25 b8 | ok=6 ko=7
  [ts0] tick=35098 fn=34425 p51=0 NB fenetre=151 marge=3 rif_avant=0  <- canal dedie
  [ts0] tick=35099 fn=34426 p51=1 NB fenetre=151 marge=3 rif_avant=0  <- canal dedie
  [ts0] tick=35100 fn=34427 p51=2 NB fenetre=151 marge=3 rif_avant=0  <- canal dedie
  [ts0] tick=35101 fn=34428 p51=3 NB fenetre=151 marge=3 rif_avant=0  <- canal dedie
  [a_cd] fn=35101 p51=13 p102=13 etat=8000 ok L2=03 22 0d 06 | ok=7 ko=7
  [sbwin] SB #3310 fn=34436 p51=11 tick=35109 : armee=0 one_shot=0 page_prog=151 rif_avant=0 nwin=0 marge=0 -> DMA NON ARMEE (le RIF jette) : SCH memorise pour la fenetre SB (dans une vraie fenetre SB : 16/3310)
  [ts0] tick=35149 fn=34476 p51=0 NB fenetre=151 marge=3 rif_avant=0  <- canal dedie
  [ts0] tick=35150 fn=34477 p51=1 NB fenetre=151 marge=3 rif_avant=0  <- canal dedie
  [ts0] tick=35151 fn=34478 p51=2 NB fenetre=151 marge=3 rif_avant=0  <- canal dedie
  [ts0] tick=35152 fn=34479 p51=3 NB fenetre=151 marge=3 rif_avant=0  <- canal dedie
  profil PC (10957 tranches, high-water 0xde92) : 9a80:9% 8240:8% 8380:7% 8200:4% a680:4% 8300:4% 8540:4% 83c0:3% 9a40:3% a0c0:3% 81c0:2% 82c0:2%
  fn=35152   page=1 insn=36641   IDLE   d_fb_det=0     a_sch=0100 0000 0000 0000 sync=0000 1530 ffff  | trames=35154 irq=0 iq=0
  [ts0] tick=35181 fn=34508 p51=32 NB fenetre=151 marge=3 rif_avant=0  <- canal dedie
  [a5] #1000 A5/1 fn=34509 (T1=26 T2=7 T3=33) Kc=627e11d3f7d3bc00 | dernier depot BSP fn=34508 (ecart +1)
  [ts0] tick=35182 fn=34509 p51=33 NB fenetre=151 marge=3 rif_avant=0  <- canal dedie
  [ts0] tick=35183 fn=34510 p51=34 NB fenetre=151 marge=3 rif_avant=0  <- canal dedie
  [ts0] tick=35184 fn=34511 p51=35 NB fenetre=151 marge=3 rif_avant=0  <- canal dedie
  [a_cd] fn=35184 p51=45 p102=96 etat=8040 FIRE KO L2=e0 94 bf a2 | ok=7 ko=8
  [ts0] tick=35200 fn=34527 p51=0 NB fenetre=151 marge=3 rif_avant=0  <- canal dedie
  [ts0] tick=35201 fn=34528 p51=1 NB fenetre=151 marge=3 rif_avant=0  <- canal dedie
  [ts0] tick=35202 fn=34529 p51=2 NB fenetre=151 marge=3 rif_avant=0  <- canal dedie
  [ts0] tick=35203 fn=34530 p51=3 NB fenetre=151 marge=3 rif_avant=0  <- canal dedie
  [a_cd] fn=35203 p51=13 p102=13 etat=8000 ok L2=03 03 01 2b | ok=8 ko=8
  [sbwin] SB #3320 fn=34558 p51=31 tick=35231 : armee=0 one_shot=0 page_prog=151 rif_avant=0 nwin=0 marge=0 -> DMA NON ARMEE (le RIF jette) : SCH memorise pour la fenetre SB (dans une vraie fenetre SB : 16/3320)
  [ts0] tick=35251 fn=34578 p51=0 NB fenetre=151 marge=3 rif_avant=0  <- canal dedie
  [ts0] tick=35252 fn=34579 p51=1 NB fenetre=151 marge=3 rif_avant=0  <- canal dedie
  [ts0] tick=35253 fn=34580 p51=2 NB fenetre=151 marge=3 rif_avant=0  <- canal dedie
  [ts0] tick=35254 fn=34581 p51=3 NB fenetre=151 marge=3 rif_avant=0  <- canal dedie
  [a5-arm] tick=35256 d_a5mode=0 a_kc=bc00 f7d3 11d3 627e
  [montant] retour en clair (seq=5)
  [montant] tache FB postee : le mobile cherche la synchro, canal dedie libere (TS0 rendu au FCCH/SCH)
  [jalon] fn=35271 d_fb_det=1  hacks=RHEA_DMA
  [sbwin] SB #3323 fn=34599 p51=21 tick=35272 : armee=0 one_shot=0 page_prog=48 rif_avant=0 nwin=0 marge=0 -> DMA NON ARMEE (le RIF jette) : SCH memorise pour la fenetre SB (dans une vraie fenetre SB : 16/3323)
  [jalon] fn=35281 d_fb_det=1  hacks=RHEA_DMA
  [sbwin] SB #3324 fn=34609 p51=31 tick=35282 : armee=0 one_shot=0 page_prog=48 rif_avant=0 nwin=0 marge=0 -> DMA NON ARMEE (le RIF jette) : SCH memorise pour la fenetre SB (dans une vraie fenetre SB : 16/3324)
  [cmd] fn=35290 tache SB postee par l'ARM (W0 md=6 W1 md=0)
  [sb] fn=35290 p51=49 | FB a fn=35281 toa=8743 pm=5424 ang=-1 | TOA-ROM=8743 src=fine | a_sch=0100 crc_ko
  [a_sch] fn=35291 page=0 : 0100 0000 0000 0000 -> 8100 0016 f85d 01fb  (d_dsp_page=0003) TOA=0 PM=5521 SNR=12 crc_ko
  [sbwin] SB #3325 fn=34619 p51=41 tick=35292 : armee=1 one_shot=1 page_prog=191 rif_avant=0 nwin=191 marge=21 -> FENETRE SB (one-shot) (dans une vraie fenetre SB : 17/3325)
  [a_sch] fn=35292 page=1 : 0100 0000 0000 0000 -> 8000 0861 0d1c 0036  (d_dsp_page=0003) TOA=23 PM=5363 SNR=16384 CRC_OK
  [jalon] fn=35292 SB PLAUSIBLE page=1 BSIC=7 a_sch=8000 0861 0d1c 0036  hacks=RHEA_DMA
  [a_sch] fn=35293 page=0 : 8100 0016 f85d 01fb -> 0100 0000 0000 0000  (d_dsp_page=0003) TOA=0 PM=0 SNR=0 crc_ko
  [sbwin] SB #3326 fn=34630 p51=1 tick=35303 : armee=0 one_shot=0 page_prog=191 rif_avant=0 nwin=0 marge=0 -> DMA NON ARMEE (le RIF jette) : SCH memorise pour la fenetre SB (dans une vraie fenetre SB : 17/3326)
  [a_sch] fn=35306 page=1 : 8000 0861 0d1c 0036 -> 0100 0000 0000 0000  (d_dsp_page=0003) TOA=0 PM=0 SNR=0 crc_ko
  [sbwin] SB #3327 fn=34640 p51=11 tick=35313 : armee=0 one_shot=0 page_prog=151 rif_avant=0 nwin=0 marge=0 -> DMA NON ARMEE (le RIF jette) : SCH memorise pour la fenetre SB (dans une vraie fenetre SB : 17/3327)
  [sbwin] SB #3328 fn=34650 p51=21 tick=35323 : armee=0 one_shot=0 page_prog=151 rif_avant=0 nwin=0 marge=0 -> DMA NON ARMEE (le RIF jette) : SCH memorise pour la fenetre SB (dans une vraie fenetre SB : 17/3328)
  [sbwin] SB #3329 fn=34660 p51=31 tick=35333 : armee=0 one_shot=0 page_prog=151 rif_avant=0 nwin=0 marge=0 -> DMA NON ARMEE (le RIF jette) : SCH memorise pour la fenetre SB (dans une vraie fenetre SB : 17/3329)
  [sbwin] SB #3330 fn=34670 p51=41 tick=35343 : armee=0 one_shot=0 page_prog=151 rif_avant=0 nwin=0 marge=0 -> DMA NON ARMEE (le RIF jette) : SCH memorise pour la fenetre SB (dans une vraie fenetre SB : 17/3330)
  [montant] canal dedie (side-band seq=4) : libere TS0 SDCCH/4 SS=0
pont : canal dedie libere : TS0 SDCCH/8 SS=0
  profil PC (16257 tranches, high-water 0xde92) : 77c0:13% 7800:7% 9a80:5% 7840:4% a680:4% 8240:3% 8380:3% 78c0:3% b2c0:2% 71c0:2% 8480:2% 8200:2%
  fn=35369   page=1 insn=121     IDLE   d_fb_det=0     a_sch=0100 0000 0000 0000 sync=0000 1530 ffff  | trames=35371 irq=0 iq=0
  [sbwin] SB #3340 fn=34772 p51=41 tick=35445 : armee=0 one_shot=0 page_prog=151 rif_avant=0 nwin=0 marge=0 -> DMA NON ARMEE (le RIF jette) : SCH memorise pour la fenetre SB (dans une vraie fenetre SB : 17/3340)
  [jalon] fn=35465 d_fb_det=1  hacks=RHEA_DMA
  [sbwin] SB #3342 fn=34793 p51=11 tick=35466 : armee=0 one_shot=0 page_prog=48 rif_avant=0 nwin=0 marge=0 -> DMA NON ARMEE (le RIF jette) : SCH memorise pour la fenetre SB (dans une vraie fenetre SB : 17/3342)
  [jalon] fn=35475 d_fb_det=1  hacks=RHEA_DMA
  [sbwin] SB #3343 fn=34803 p51=21 tick=35476 : armee=0 one_shot=0 page_prog=48 rif_avant=0 nwin=0 marge=0 -> DMA NON ARMEE (le RIF jette) : SCH memorise pour la fenetre SB (dans une vraie fenetre SB : 17/3343)
  [cmd] fn=35484 tache SB postee par l'ARM (W0 md=6 W1 md=0)
  [sb] fn=35484 p51=39 | FB a fn=35475 toa=8743 pm=5424 ang=-1 | TOA-ROM=8743 src=fine | a_sch=0100 crc_ko
  [a_sch] fn=35485 page=0 : 0100 0000 0000 0000 -> 8100 0016 f85d 01fb  (d_dsp_page=0003) TOA=0 PM=5521 SNR=12 crc_ko
  [sbwin] SB #3344 fn=34813 p51=31 tick=35486 : armee=1 one_shot=1 page_prog=191 rif_avant=0 nwin=191 marge=21 -> FENETRE SB (one-shot) (dans une vraie fenetre SB : 18/3344)
  [a_sch] fn=35486 page=1 : 0100 0000 0000 0000 -> 8000 0f41 0d1c 0165  (d_dsp_page=0003) TOA=23 PM=5367 SNR=16384 CRC_OK
  [jalon] fn=35486 SB PLAUSIBLE page=1 BSIC=7 a_sch=8000 0f41 0d1c 0165  hacks=RHEA_DMA
  [a_sch] fn=35487 page=0 : 8100 0016 f85d 01fb -> 0100 0000 0000 0000  (d_dsp_page=0003) TOA=0 PM=0 SNR=0 crc_ko
  [sbwin] SB #3345 fn=34823 p51=41 tick=35496 : armee=0 one_shot=0 page_prog=64 rif_avant=0 nwin=0 marge=0 -> DMA NON ARMEE (le RIF jette) : SCH memorise pour la fenetre SB (dans une vraie fenetre SB : 18/3345)
  [sbwin] SB #3346 fn=34834 p51=1 tick=35507 : armee=0 one_shot=0 page_prog=64 rif_avant=0 nwin=0 marge=0 -> DMA NON ARMEE (le RIF jette) : SCH memorise pour la fenetre SB (dans une vraie fenetre SB : 18/3346)
  [a_sch] fn=35507 page=1 : 8000 0f41 0d1c 0165 -> 0100 0000 0000 0000  (d_dsp_page=0002) TOA=0 PM=0 SNR=0 crc_ko
  [sbwin] SB #3347 fn=34844 p51=11 tick=35517 : armee=0 one_shot=0 page_prog=64 rif_avant=0 nwin=0 marge=0 -> DMA NON ARMEE (le RIF jette) : SCH memorise pour la fenetre SB (dans une vraie fenetre SB : 18/3347)
  [sbwin] SB #3348 fn=34854 p51=21 tick=35527 : armee=0 one_shot=0 page_prog=64 rif_avant=0 nwin=0 marge=0 -> DMA NON ARMEE (le RIF jette) : SCH memorise pour la fenetre SB (dans une vraie fenetre SB : 18/3348)
  [sbwin] SB #3350 fn=34874 p51=41 tick=35547 : armee=0 one_shot=0 page_prog=64 rif_avant=0 nwin=0 marge=0 -> DMA NON ARMEE (le RIF jette) : SCH memorise pour la fenetre SB (dans une vraie fenetre SB : 18/3350)
  profil PC (18288 tranches, high-water 0xde92) : 9a80:8% 8240:8% 8380:7% 77c0:5% 83c0:4% 8200:3% 8300:3% 8540:3% 7840:3% 9a40:3% a680:3% 7800:3%
  fn=35586   page=0 insn=121     IDLE   d_fb_det=0     a_sch=0100 0000 0000 0000 sync=0000 1530 ffff  | trames=35588 irq=0 iq=0
  [sbwin] SB #3360 fn=34976 p51=41 tick=35649 : armee=0 one_shot=0 page_prog=64 rif_avant=0 nwin=0 marge=0 -> DMA NON ARMEE (le RIF jette) : SCH memorise pour la fenetre SB (dans une vraie fenetre SB : 18/3360)
  [sbwin] SB #3370 fn=35078 p51=41 tick=35751 : armee=0 one_shot=0 page_prog=64 rif_avant=0 nwin=0 marge=0 -> DMA NON ARMEE (le RIF jette) : SCH memorise pour la fenetre SB (dans une vraie fenetre SB : 18/3370)
  profil PC (21073 tranches, high-water 0xde92) : 9a80:11% 8240:11% 8380:10% 83c0:5% 8200:5% 8300:4% 8540:4% 9a40:4% a0c0:3% 81c0:3% 82c0:3% 9a00:2%
  fn=35803   page=0 insn=121     IDLE   d_fb_det=0     a_sch=0100 0000 0000 0000 sync=0000 1530 ffff  | trames=35805 irq=0 iq=0
  [sbwin] SB #3380 fn=35180 p51=41 tick=35853 : armee=0 one_shot=0 page_prog=64 rif_avant=0 nwin=0 marge=0 -> DMA NON ARMEE (le RIF jette) : SCH memorise pour la fenetre SB (dans une vraie fenetre SB : 18/3380)
  [ts0] tick=35930 fn=35257 p51=16 NB fenetre=151 marge=3 rif_avant=0
  [sbwin] SB #3390 fn=35282 p51=41 tick=35955 : armee=0 one_shot=0 page_prog=64 rif_avant=0 nwin=0 marge=0 -> DMA NON ARMEE (le RIF jette) : SCH memorise pour la fenetre SB (dans une vraie fenetre SB : 18/3390)
  [chrono] fn=35998 sur 1000 trames (ms) : qemu 3.57 | A 0.07 | go 0.25 | B 0.23 | apres DONE 0.50 | trame 4.62 (temps reel 4.62)
  profil PC (21726 tranches, high-water 0xde92) : 8240:11% 9a80:11% 8380:10% 83c0:5% 8200:5% 8300:4% 8540:4% 9a40:4% a0c0:3% 81c0:3% 82c0:3% 9a00:2%
  fn=36020   page=0 insn=13656   IDLE   d_fb_det=0     a_sch=0100 0000 0000 0000 sync=0000 1530 ffff  | trames=36022 irq=0 iq=0
  [sbwin] SB #3400 fn=35384 p51=41 tick=36057 : armee=0 one_shot=0 page_prog=64 rif_avant=0 nwin=0 marge=0 -> DMA NON ARMEE (le RIF jette) : SCH memorise pour la fenetre SB (dans une vraie fenetre SB : 18/3400)
  [sbwin] SB #3410 fn=35486 p51=41 tick=36159 : armee=0 one_shot=0 page_prog=64 rif_avant=0 nwin=0 marge=0 -> DMA NON ARMEE (le RIF jette) : SCH memorise pour la fenetre SB (dans une vraie fenetre SB : 18/3410)
  profil PC (24570 tranches, high-water 0xde92) : 9a80:11% 8240:11% 8380:10% 83c0:5% 8200:5% 8300:4% 8540:4% 9a40:4% a0c0:3% 81c0:3% 82c0:3% 9a00:2%
  fn=36237   page=0 insn=13657   IDLE   d_fb_det=0     a_sch=0100 0000 0000 0000 sync=0000 1530 ffff  | trames=36239 irq=0 iq=0
  [sbwin] SB #3420 fn=35588 p51=41 tick=36261 : armee=0 one_shot=0 page_prog=64 rif_avant=0 nwin=0 marge=0 -> DMA NON ARMEE (le RIF jette) : SCH memorise pour la fenetre SB (dans une vraie fenetre SB : 18/3420)
  [sbwin] SB #3430 fn=35690 p51=41 tick=36363 : armee=0 one_shot=0 page_prog=64 rif_avant=0 nwin=0 marge=0 -> DMA NON ARMEE (le RIF jette) : SCH memorise pour la fenetre SB (dans une vraie fenetre SB : 18/3430)
  profil PC (21876 tranches, high-water 0xde92) : 9a80:11% 8240:11% 8380:9% 83c0:5% 8200:5% 8300:4% 8540:4% 9a40:4% a0c0:3% 81c0:3% 82c0:3% 9a00:2%
  fn=36454   page=0 insn=1355    IDLE   d_fb_det=0     a_sch=0100 0000 0000 0000 sync=0000 1530 ffff  | trames=36456 irq=0 iq=0
  hacks actifs : RHEA_DMA ; cadencement : STREAM LOCKSTEP  ; stimulus : none
  [sbwin] SB #3440 fn=35792 p51=41 tick=36465 : armee=0 one_shot=0 page_prog=64 rif_avant=0 nwin=0 marge=0 -> DMA NON ARMEE (le RIF jette) : SCH memorise pour la fenetre SB (dans une vraie fenetre SB : 18/3440)
  [sbwin] SB #3450 fn=35894 p51=41 tick=36567 : armee=0 one_shot=0 page_prog=64 rif_avant=0 nwin=0 marge=0 -> DMA NON ARMEE (le RIF jette) : SCH memorise pour la fenetre SB (dans une vraie fenetre SB : 18/3450)
  [sbwin] SB #3460 fn=35996 p51=41 tick=36669 : armee=0 one_shot=0 page_prog=64 rif_avant=0 nwin=0 marge=0 -> DMA NON ARMEE (le RIF jette) : SCH memorise pour la fenetre SB (dans une vraie fenetre SB : 18/3460)
  profil PC (21052 tranches, high-water 0xde92) : 9a80:11% 8240:11% 8380:10% 83c0:5% 8200:5% 8300:4% 8540:4% 9a40:4% a0c0:3% 81c0:3% 82c0:3% 9a00:2%
  fn=36671   page=1 insn=121     IDLE   d_fb_det=0     a_sch=0100 0000 0000 0000 sync=0000 1530 ffff  | trames=36673 irq=0 iq=0
  [sbwin] SB #3470 fn=36098 p51=41 tick=36771 : armee=0 one_shot=0 page_prog=64 rif_avant=0 nwin=0 marge=0 -> DMA NON ARMEE (le RIF jette) : SCH memorise pour la fenetre SB (dans une vraie fenetre SB : 18/3470)
  [sbwin] SB #3480 fn=36200 p51=41 tick=36873 : armee=0 one_shot=0 page_prog=64 rif_avant=0 nwin=0 marge=0 -> DMA NON ARMEE (le RIF jette) : SCH memorise pour la fenetre SB (dans une vraie fenetre SB : 18/3480)
  profil PC (22302 tranches, high-water 0xde92) : 9a80:11% 8240:11% 8380:10% 83c0:5% 8200:5% 8300:4% 8540:4% 9a40:4% a0c0:3% 81c0:3% 82c0:3% 9a00:2%
  fn=36888   page=0 insn=36159   IDLE   d_fb_det=0     a_sch=0100 0000 0000 0000 sync=0000 1530 ffff  | trames=36890 irq=0 iq=0
  [sbwin] SB #3490 fn=36302 p51=41 tick=36975 : armee=0 one_shot=0 page_prog=64 rif_avant=0 nwin=0 marge=0 -> DMA NON ARMEE (le RIF jette) : SCH memorise pour la fenetre SB (dans une vraie fenetre SB : 18/3490)
  [chrono] fn=36998 sur 1000 trames (ms) : qemu 3.64 | A 0.05 | go 0.26 | B 0.16 | apres DONE 0.51 | trame 4.62 (temps reel 4.62)
  [sbwin] SB #3500 fn=36404 p51=41 tick=37077 : armee=0 one_shot=0 page_prog=64 rif_avant=0 nwin=0 marge=0 -> DMA NON ARMEE (le RIF jette) : SCH memorise pour la fenetre SB (dans une vraie fenetre SB : 18/3500)
  profil PC (24219 tranches, high-water 0xde92) : 8240:11% 9a80:11% 8380:10% 83c0:5% 8200:5% 8300:4% 8540:4% 9a40:4% a0c0:3% 81c0:3% 82c0:3% 9a00:2%
  fn=37105   page=0 insn=13659   IDLE   d_fb_det=0     a_sch=0100 0000 0000 0000 sync=0000 1530 ffff  | trames=37107 irq=0 iq=0
  [sbwin] SB #3510 fn=36506 p51=41 tick=37179 : armee=0 one_shot=0 page_prog=64 rif_avant=0 nwin=0 marge=0 -> DMA NON ARMEE (le RIF jette) : SCH memorise pour la fenetre SB (dans une vraie fenetre SB : 18/3510)
  [sbwin] SB #3520 fn=36608 p51=41 tick=37281 : armee=0 one_shot=0 page_prog=64 rif_avant=0 nwin=0 marge=0 -> DMA NON ARMEE (le RIF jette) : SCH memorise pour la fenetre SB (dans une vraie fenetre SB : 18/3520)
  profil PC (21653 tranches, high-water 0xde92) : 9a80:12% 8240:11% 8380:9% 83c0:5% 8200:5% 8300:4% 8540:4% 9a40:4% a0c0:3% 81c0:3% 82c0:3% 9a00:2%
  fn=37322   page=1 insn=121     IDLE   d_fb_det=0     a_sch=0100 0000 0000 0000 sync=0000 1530 ffff  | trames=37324 irq=0 iq=0
  [sbwin] SB #3530 fn=36710 p51=41 tick=37383 : armee=0 one_shot=0 page_prog=64 rif_avant=0 nwin=0 marge=0 -> DMA NON ARMEE (le RIF jette) : SCH memorise pour la fenetre SB (dans une vraie fenetre SB : 18/3530)
  [sbwin] SB #3540 fn=36812 p51=41 tick=37485 : armee=0 one_shot=0 page_prog=64 rif_avant=0 nwin=0 marge=0 -> DMA NON ARMEE (le RIF jette) : SCH memorise pour la fenetre SB (dans une vraie fenetre SB : 18/3540)
  profil PC (21052 tranches, high-water 0xde92) : 9a80:11% 8240:11% 8380:10% 83c0:5% 8200:5% 8300:4% 8540:4% 9a40:4% a0c0:3% 81c0:3% 82c0:3% 9a00:2%
  fn=37539   page=0 insn=121     IDLE   d_fb_det=0     a_sch=0100 0000 0000 0000 sync=0000 1530 ffff  | trames=37541 irq=0 iq=0
  [sbwin] SB #3550 fn=36914 p51=41 tick=37587 : armee=0 one_shot=0 page_prog=64 rif_avant=0 nwin=0 marge=0 -> DMA NON ARMEE (le RIF jette) : SCH memorise pour la fenetre SB (dans une vraie fenetre SB : 18/3550)
  [sbwin] SB #3560 fn=37016 p51=41 tick=37689 : armee=0 one_shot=0 page_prog=64 rif_avant=0 nwin=0 marge=0 -> DMA NON ARMEE (le RIF jette) : SCH memorise pour la fenetre SB (dans une vraie fenetre SB : 18/3560)
  profil PC (22527 tranches, high-water 0xde92) : 9a80:11% 8240:11% 8380:10% 83c0:5% 8200:5% 8300:4% 8540:4% 9a40:4% a0c0:3% 81c0:3% 82c0:3% 9a00:2%
  fn=37756   page=0 insn=13777   IDLE   d_fb_det=0     a_sch=0100 0000 0000 0000 sync=0000 1530 ffff  | trames=37758 irq=0 iq=0
  [sbwin] SB #3570 fn=37118 p51=41 tick=37791 : armee=0 one_shot=0 page_prog=64 rif_avant=0 nwin=0 marge=0 -> DMA NON ARMEE (le RIF jette) : SCH memorise pour la fenetre SB (dans une vraie fenetre SB : 18/3570)
  [sbwin] SB #3580 fn=37220 p51=41 tick=37893 : armee=0 one_shot=0 page_prog=64 rif_avant=0 nwin=0 marge=0 -> DMA NON ARMEE (le RIF jette) : SCH memorise pour la fenetre SB (dans une vraie fenetre SB : 18/3580)
  profil PC (24571 tranches, high-water 0xde92) : 9a80:11% 8240:11% 8380:10% 83c0:5% 8200:5% 8300:4% 8540:4% 9a40:4% a0c0:3% 81c0:3% 82c0:3% 9a00:2%
  fn=37973   page=0 insn=36250   IDLE   d_fb_det=0     a_sch=0100 0000 0000 0000 sync=0000 1530 ffff  | trames=37975 irq=0 iq=0
  [sbwin] SB #3590 fn=37322 p51=41 tick=37995 : armee=0 one_shot=0 page_prog=64 rif_avant=0 nwin=0 marge=0 -> DMA NON ARMEE (le RIF jette) : SCH memorise pour la fenetre SB (dans une vraie fenetre SB : 18/3590)
  [chrono] fn=37998 sur 1000 trames (ms) : qemu 3.59 | A 0.06 | go 0.26 | B 0.16 | apres DONE 0.55 | trame 4.61 (temps reel 4.62)
  [sbwin] SB #3600 fn=37424 p51=41 tick=38097 : armee=0 one_shot=0 page_prog=64 rif_avant=0 nwin=0 marge=0 -> DMA NON ARMEE (le RIF jette) : SCH memorise pour la fenetre SB (dans une vraie fenetre SB : 18/3600)
  profil PC (21076 tranches, high-water 0xde92) : 9a80:11% 8240:11% 8380:10% 83c0:5% 8200:5% 8300:4% 8540:4% 9a40:4% a0c0:3% 81c0:3% 82c0:3% 9a00:2%
  fn=38190   page=0 insn=121     IDLE   d_fb_det=0     a_sch=0100 0000 0000 0000 sync=0000 1530 ffff  | trames=38192 irq=0 iq=0
  hacks actifs : RHEA_DMA ; cadencement : STREAM LOCKSTEP  ; stimulus : none
  [sbwin] SB #3610 fn=37526 p51=41 tick=38199 : armee=0 one_shot=0 page_prog=64 rif_avant=0 nwin=0 marge=0 -> DMA NON ARMEE (le RIF jette) : SCH memorise pour la fenetre SB (dans une vraie fenetre SB : 18/3610)
  [sbwin] SB #3620 fn=37628 p51=41 tick=38301 : armee=0 one_shot=0 page_prog=64 rif_avant=0 nwin=0 marge=0 -> DMA NON ARMEE (le RIF jette) : SCH memorise pour la fenetre SB (dans une vraie fenetre SB : 18/3620)
  [sbwin] SB #3630 fn=37730 p51=41 tick=38403 : armee=0 one_shot=0 page_prog=64 rif_avant=0 nwin=0 marge=0 -> DMA NON ARMEE (le RIF jette) : SCH memorise pour la fenetre SB (dans une vraie fenetre SB : 18/3630)
  profil PC (21052 tranches, high-water 0xde92) : 9a80:11% 8240:11% 8380:10% 83c0:5% 8200:5% 8300:4% 8540:4% 9a40:4% a0c0:3% 81c0:3% 82c0:3% 9a00:2%
  fn=38407   page=1 insn=121     IDLE   d_fb_det=0     a_sch=0100 0000 0000 0000 sync=0000 1530 ffff  | trames=38409 irq=0 iq=0
  [sbwin] SB #3640 fn=37832 p51=41 tick=38505 : armee=0 one_shot=0 page_prog=64 rif_avant=0 nwin=0 marge=0 -> DMA NON ARMEE (le RIF jette) : SCH memorise pour la fenetre SB (dans une vraie fenetre SB : 18/3640)
  [sbwin] SB #3650 fn=37934 p51=41 tick=38607 : armee=0 one_shot=0 page_prog=64 rif_avant=0 nwin=0 marge=0 -> DMA NON ARMEE (le RIF jette) : SCH memorise pour la fenetre SB (dans une vraie fenetre SB : 18/3650)
  profil PC (22748 tranches, high-water 0xde92) : 9a80:11% 8240:11% 8380:10% 83c0:5% 8200:5% 8300:4% 8540:4% 9a40:4% a0c0:3% 81c0:3% 82c0:3% 9a00:2%
  fn=38624   page=0 insn=13661   IDLE   d_fb_det=0     a_sch=0100 0000 0000 0000 sync=0000 1530 ffff  | trames=38626 irq=0 iq=0
  [sbwin] SB #3660 fn=38036 p51=41 tick=38709 : armee=0 one_shot=0 page_prog=64 rif_avant=0 nwin=0 marge=0 -> DMA NON ARMEE (le RIF jette) : SCH memorise pour la fenetre SB (dans une vraie fenetre SB : 18/3660)
  [sbwin] SB #3670 fn=38138 p51=41 tick=38811 : armee=0 one_shot=0 page_prog=64 rif_avant=0 nwin=0 marge=0 -> DMA NON ARMEE (le RIF jette) : SCH memorise pour la fenetre SB (dans une vraie fenetre SB : 18/3670)
  profil PC (24372 tranches, high-water 0xde92) : 9a80:11% 8240:11% 8380:10% 83c0:5% 8200:5% 8300:4% 8540:4% 9a40:4% a0c0:3% 81c0:3% 82c0:3% 9a00:2%
  fn=38841   page=0 insn=1355    IDLE   d_fb_det=0     a_sch=0100 0000 0000 0000 sync=0000 1530 ffff  | trames=38843 irq=0 iq=0
  [sbwin] SB #3680 fn=38240 p51=41 tick=38913 : armee=0 one_shot=0 page_prog=64 rif_avant=0 nwin=0 marge=0 -> DMA NON ARMEE (le RIF jette) : SCH memorise pour la fenetre SB (dans une vraie fenetre SB : 18/3680)
  [chrono] fn=38998 sur 1000 trames (ms) : qemu 3.60 | A 0.05 | go 0.25 | B 0.16 | apres DONE 0.55 | trame 4.62 (temps reel 4.62)
  [sbwin] SB #3690 fn=38342 p51=41 tick=39015 : armee=0 one_shot=0 page_prog=64 rif_avant=0 nwin=0 marge=0 -> DMA NON ARMEE (le RIF jette) : SCH memorise pour la fenetre SB (dans une vraie fenetre SB : 18/3690)
  profil PC (21052 tranches, high-water 0xde92) : 9a80:11% 8240:11% 8380:10% 83c0:5% 8200:5% 8300:4% 8540:4% 9a40:4% a0c0:3% 81c0:3% 82c0:3% 9a00:2%
  fn=39058   page=1 insn=121     IDLE   d_fb_det=0     a_sch=0100 0000 0000 0000 sync=0000 1530 ffff  | trames=39060 irq=0 iq=0
  [sbwin] SB #3700 fn=38444 p51=41 tick=39117 : armee=0 one_shot=0 page_prog=64 rif_avant=0 nwin=0 marge=0 -> DMA NON ARMEE (le RIF jette) : SCH memorise pour la fenetre SB (dans une vraie fenetre SB : 18/3700)
  [jalon] fn=39208 d_fb_det=1  hacks=RHEA_DMA
  [sbwin] SB #3709 fn=38536 p51=31 tick=39209 : armee=0 one_shot=0 page_prog=48 rif_avant=0 nwin=0 marge=0 -> DMA NON ARMEE (le RIF jette) : SCH memorise pour la fenetre SB (dans une vraie fenetre SB : 18/3709)
  [jalon] fn=39218 d_fb_det=1  hacks=RHEA_DMA
  [sbwin] SB #3710 fn=38546 p51=41 tick=39219 : armee=0 one_shot=0 page_prog=48 rif_avant=0 nwin=0 marge=0 -> DMA NON ARMEE (le RIF jette) : SCH memorise pour la fenetre SB (dans une vraie fenetre SB : 18/3710)
  [cmd] fn=39227 tache SB postee par l'ARM (W0 md=6 W1 md=0)
  [sb] fn=39227 p51=8 | FB a fn=39218 toa=8743 pm=5424 ang=-1 | TOA-ROM=8743 src=fine | a_sch=0100 crc_ko
  [a_sch] fn=39228 page=0 : 0100 0000 0000 0000 -> 8100 0172 86be 0060  (d_dsp_page=0003) TOA=23 PM=5416 SNR=427 crc_ko
  [a_sch] fn=39229 page=1 : 0100 0000 0000 0000 -> 8100 0016 f85d 01fb  (d_dsp_page=0003) TOA=0 PM=5521 SNR=12 crc_ko
  [sbwin] SB #3711 fn=38557 p51=1 tick=39230 : armee=0 one_shot=0 page_prog=191 rif_avant=0 nwin=0 marge=0 -> DMA NON ARMEE (le RIF jette) : SCH memorise pour la fenetre SB (dans une vraie fenetre SB : 18/3711)
  [a_sch] fn=39230 page=0 : 8100 0172 86be 0060 -> 0100 0000 0000 0000  (d_dsp_page=0003) TOA=0 PM=0 SNR=0 crc_ko
  [a_sch] fn=39231 page=1 : 8100 0016 f85d 01fb -> 0100 0000 0000 0000  (d_dsp_page=0003) TOA=0 PM=0 SNR=0 crc_ko
  [jalon] fn=39239 d_fb_det=1  hacks=RHEA_DMA
  [sbwin] SB #3712 fn=38567 p51=11 tick=39240 : armee=0 one_shot=0 page_prog=48 rif_avant=0 nwin=0 marge=0 -> DMA NON ARMEE (le RIF jette) : SCH memorise pour la fenetre SB (dans une vraie fenetre SB : 18/3712)
  [jalon] fn=39249 d_fb_det=1  hacks=RHEA_DMA
  [sbwin] SB #3713 fn=38577 p51=21 tick=39250 : armee=0 one_shot=0 page_prog=48 rif_avant=0 nwin=0 marge=0 -> DMA NON ARMEE (le RIF jette) : SCH memorise pour la fenetre SB (dans une vraie fenetre SB : 18/3713)
  [cmd] fn=39258 tache SB postee par l'ARM (W0 md=6 W1 md=0)
  [sb] fn=39258 p51=39 | FB a fn=39249 toa=8743 pm=5424 ang=-1 | TOA-ROM=8743 src=fine | a_sch=0100 crc_ko
  [a_sch] fn=39259 page=0 : 0100 0000 0000 0000 -> 8100 0016 f85d 01fb  (d_dsp_page=0003) TOA=0 PM=5521 SNR=12 crc_ko
  [sbwin] SB #3714 fn=38587 p51=31 tick=39260 : armee=1 one_shot=1 page_prog=191 rif_avant=0 nwin=191 marge=21 -> FENETRE SB (one-shot) (dans une vraie fenetre SB : 19/3714)
  [a_sch] fn=39260 page=1 : 0100 0000 0000 0000 -> 8000 03e1 0e1c 018d  (d_dsp_page=0003) TOA=23 PM=5358 SNR=16384 CRC_OK
  [jalon] fn=39260 SB PLAUSIBLE page=1 BSIC=7 a_sch=8000 03e1 0e1c 018d  hacks=RHEA_DMA
  [a_sch] fn=39261 page=0 : 8100 0016 f85d 01fb -> 0100 0000 0000 0000  (d_dsp_page=0003) TOA=0 PM=0 SNR=0 crc_ko
  [sbwin] SB #3715 fn=38597 p51=41 tick=39270 : armee=0 one_shot=0 page_prog=191 rif_avant=0 nwin=0 marge=0 -> DMA NON ARMEE (le RIF jette) : SCH memorise pour la fenetre SB (dans une vraie fenetre SB : 19/3715)
  profil PC (30562 tranches, high-water 0xde92) : 77c0:11% 7800:6% 9a80:6% 8240:5% 8380:5% 7840:4% 78c0:3% 83c0:2% 8200:2% 8300:2% a680:2% b2c0:2%
  fn=39275   page=0 insn=121     IDLE   d_fb_det=0     a_sch=0100 0000 0000 0000 sync=0000 1530 ffff  | trames=39277 irq=0 iq=0
  [sbwin] SB #3716 fn=38608 p51=1 tick=39281 : armee=0 one_shot=0 page_prog=191 rif_avant=0 nwin=0 marge=0 -> DMA NON ARMEE (le RIF jette) : SCH memorise pour la fenetre SB (dans une vraie fenetre SB : 19/3716)
  [a_sch] fn=39284 page=1 : 8000 03e1 0e1c 018d -> 0100 0000 0000 0000  (d_dsp_page=0003) TOA=0 PM=0 SNR=0 crc_ko
  [sbwin] SB #3717 fn=38618 p51=11 tick=39291 : armee=0 one_shot=0 page_prog=151 rif_avant=0 nwin=0 marge=0 -> DMA NON ARMEE (le RIF jette) : SCH memorise pour la fenetre SB (dans une vraie fenetre SB : 19/3717)
  [montant] RACH ra=0x97 bsic=7 fn=39299 -> /dev/shm/calypso_rach
  [montant]   declencheur : d_task_ra=RACH_DSP_TASK (task_ra=0x000a d_rach=0x971c)
  [sbwin] SB #3718 fn=38628 p51=21 tick=39301 : armee=0 one_shot=0 page_prog=151 rif_avant=0 nwin=0 marge=0 -> DMA NON ARMEE (le RIF jette) : SCH memorise pour la fenetre SB (dans une vraie fenetre SB : 19/3718)
  [sbwin] SB #3720 fn=38648 p51=41 tick=39321 : armee=0 one_shot=0 page_prog=151 rif_avant=0 nwin=0 marge=0 -> DMA NON ARMEE (le RIF jette) : SCH memorise pour la fenetre SB (dans une vraie fenetre SB : 19/3720)
  [montant] canal dedie (side-band seq=5) : arme TS1 SDCCH/8 SS=0
  [a_cd] fn=39367 p51=46 p102=97 etat=8040 FIRE KO L2=a3 a7 eb 0b | ok=8 ko=9
pont : canal dedie arme : TS1 SDCCH/8 SS=0
  [ts0] tick=39382 fn=38709 p51=0 NB fenetre=151 marge=3 rif_avant=0  <- canal dedie
  [ts0] tick=39383 fn=38710 p51=1 NB fenetre=151 marge=3 rif_avant=0  <- canal dedie
  [ts0] tick=39384 fn=38711 p51=2 NB fenetre=151 marge=3 rif_avant=0  <- canal dedie
  [ts0] tick=39385 fn=38712 p51=3 NB fenetre=151 marge=3 rif_avant=0  <- canal dedie
  [a_cd] fn=39385 p51=13 p102=13 etat=8000 ok L2=03 03 01 2b | ok=9 ko=9
  [ts0] tick=39433 fn=38760 p51=0 NB fenetre=151 marge=3 rif_avant=0  <- canal dedie
  [ts0] tick=39434 fn=38761 p51=1 NB fenetre=151 marge=3 rif_avant=0  <- canal dedie
  [ts0] tick=39435 fn=38762 p51=2 NB fenetre=151 marge=3 rif_avant=0  <- canal dedie
  [ts0] tick=39436 fn=38763 p51=3 NB fenetre=151 marge=3 rif_avant=0  <- canal dedie
  [sbwin] SB #3730 fn=38771 p51=11 tick=39444 : armee=0 one_shot=0 page_prog=151 rif_avant=0 nwin=0 marge=0 -> DMA NON ARMEE (le RIF jette) : SCH memorise pour la fenetre SB (dans une vraie fenetre SB : 19/3730)
  [ts0] tick=39465 fn=38792 p51=32 NB fenetre=151 marge=3 rif_avant=0  <- canal dedie
  [ts0] tick=39466 fn=38793 p51=33 NB fenetre=151 marge=3 rif_avant=0  <- canal dedie
  [ts0] tick=39467 fn=38794 p51=34 NB fenetre=151 marge=3 rif_avant=0  <- canal dedie
  [ts0] tick=39468 fn=38795 p51=35 NB fenetre=151 marge=3 rif_avant=0  <- canal dedie
  [ts0] tick=39484 fn=38811 p51=0 NB fenetre=151 marge=3 rif_avant=0  <- canal dedie
  [ts0] tick=39485 fn=38812 p51=1 NB fenetre=151 marge=3 rif_avant=0  <- canal dedie
  [ts0] tick=39486 fn=38813 p51=2 NB fenetre=151 marge=3 rif_avant=0  <- canal dedie
  [ts0] tick=39487 fn=38814 p51=3 NB fenetre=151 marge=3 rif_avant=0  <- canal dedie
  profil PC (16504 tranches, high-water 0xde92) : 9a80:11% 8240:9% 8380:8% 8200:4% 83c0:4% 8300:4% 8540:4% 9a40:4% a0c0:3% 81c0:3% 82c0:3% a680:2%
  fn=39492   page=1 insn=121     IDLE   d_fb_det=0     a_sch=0100 0000 0000 0000 sync=0000 1530 ffff  | trames=39494 irq=0 iq=0
  [ts0] tick=39535 fn=38862 p51=0 NB fenetre=151 marge=3 rif_avant=0  <- canal dedie
  [ts0] tick=39536 fn=38863 p51=1 NB fenetre=151 marge=3 rif_avant=0  <- canal dedie
  [ts0] tick=39537 fn=38864 p51=2 NB fenetre=151 marge=3 rif_avant=0  <- canal dedie
  [ts0] tick=39538 fn=38865 p51=3 NB fenetre=151 marge=3 rif_avant=0  <- canal dedie
  [a5-arm] tick=39540 d_a5mode=1 a_kc=bc00 f7d3 11d3 627e
  [montant] chiffrement A5/1 : Kc publie vers /dev/shm/calypso_kc_l1 (seq=6)
  [sbwin] SB #3740 fn=38893 p51=31 tick=39566 : armee=0 one_shot=0 page_prog=151 rif_avant=0 nwin=0 marge=0 -> DMA NON ARMEE (le RIF jette) : SCH memorise pour la fenetre SB (dans une vraie fenetre SB : 19/3740)
  [ts0] tick=39567 fn=38894 p51=32 NB fenetre=151 marge=3 rif_avant=0  <- canal dedie
  [ts0] tick=39568 fn=38895 p51=33 NB fenetre=151 marge=3 rif_avant=0  <- canal dedie
  [ts0] tick=39569 fn=38896 p51=34 NB fenetre=151 marge=3 rif_avant=0  <- canal dedie
  [ts0] tick=39570 fn=38897 p51=35 NB fenetre=151 marge=3 rif_avant=0  <- canal dedie
  [a_cd] fn=39570 p51=45 p102=96 etat=8040 FIRE KO L2=b5 99 e6 9d | ok=9 ko=10
  [ts0] tick=39586 fn=38913 p51=0 NB fenetre=151 marge=3 rif_avant=0  <- canal dedie
  [ts0] tick=39587 fn=38914 p51=1 NB fenetre=151 marge=3 rif_avant=0  <- canal dedie
  [ts0] tick=39588 fn=38915 p51=2 NB fenetre=151 marge=3 rif_avant=0  <- canal dedie
  [ts0] tick=39589 fn=38916 p51=3 NB fenetre=151 marge=3 rif_avant=0  <- canal dedie
  [ts0] tick=39637 fn=38964 p51=0 NB fenetre=151 marge=3 rif_avant=0  <- canal dedie
  [ts0] tick=39638 fn=38965 p51=1 NB fenetre=151 marge=3 rif_avant=0  <- canal dedie
  [ts0] tick=39639 fn=38966 p51=2 NB fenetre=151 marge=3 rif_avant=0  <- canal dedie
  [ts0] tick=39640 fn=38967 p51=3 NB fenetre=151 marge=3 rif_avant=0  <- canal dedie
  [ts0] tick=39669 fn=38996 p51=32 NB fenetre=151 marge=3 rif_avant=0  <- canal dedie
  [ts0] tick=39670 fn=38997 p51=33 NB fenetre=151 marge=3 rif_avant=0  <- canal dedie
  [ts0] tick=39671 fn=38998 p51=34 NB fenetre=151 marge=3 rif_avant=0  <- canal dedie
  [ts0] tick=39672 fn=38999 p51=35 NB fenetre=151 marge=3 rif_avant=0  <- canal dedie
  [a_cd] fn=39672 p51=45 p102=96 etat=8000 ok L2=07 00 03 03 | ok=10 ko=10
  [sbwin] SB #3750 fn=39026 p51=11 tick=39699 : armee=0 one_shot=0 page_prog=151 rif_avant=0 nwin=0 marge=0 -> DMA NON ARMEE (le RIF jette) : SCH memorise pour la fenetre SB (dans une vraie fenetre SB : 19/3750)
  profil PC (9634 tranches, high-water 0xde92) : 9a80:9% 8240:9% 8380:8% a680:4% 83c0:4% 8200:4% 8300:3% 8540:3% 9a40:3% a0c0:3% 81c0:2% 82c0:2%
  fn=39709   page=1 insn=121     IDLE   d_fb_det=0     a_sch=0100 0000 0000 0000 sync=0000 1530 ffff  | trames=39711 irq=0 iq=0
  [sbwin] SB #3760 fn=39148 p51=31 tick=39821 : armee=0 one_shot=0 page_prog=151 rif_avant=0 nwin=0 marge=0 -> DMA NON ARMEE (le RIF jette) : SCH memorise pour la fenetre SB (dans une vraie fenetre SB : 19/3760)
  profil PC (9417 tranches, high-water 0xde91) : 9a80:9% 8240:9% 8380:8% a680:4% 83c0:4% 8200:4% 8300:4% 8540:4% 9a40:3% a0c0:3% 81c0:2% 82c0:2%
  fn=39926   page=1 insn=121     IDLE   d_fb_det=0     a_sch=0100 0000 0000 0000 sync=0000 1530 ffff  | trames=39928 irq=0 iq=0
  hacks actifs : RHEA_DMA ; cadencement : STREAM LOCKSTEP  ; stimulus : none
  [sbwin] SB #3770 fn=39281 p51=11 tick=39954 : armee=0 one_shot=0 page_prog=151 rif_avant=0 nwin=0 marge=0 -> DMA NON ARMEE (le RIF jette) : SCH memorise pour la fenetre SB (dans une vraie fenetre SB : 19/3770)
  [chrono] fn=39998 sur 1000 trames (ms) : qemu 3.65 | A 0.08 | go 0.26 | B 0.23 | apres DONE 0.38 | trame 4.62 (temps reel 4.62)
  [sbwin] SB #3780 fn=39403 p51=31 tick=40076 : armee=0 one_shot=0 page_prog=151 rif_avant=0 nwin=0 marge=0 -> DMA NON ARMEE (le RIF jette) : SCH memorise pour la fenetre SB (dans une vraie fenetre SB : 19/3780)
  profil PC (9414 tranches, high-water 0xde92) : 9a80:9% 8240:9% 8380:8% a680:4% 83c0:4% 8200:4% 8300:4% 8540:4% 9a40:3% a0c0:3% 81c0:2% 82c0:2%
  fn=40143   page=1 insn=121     IDLE   d_fb_det=0     a_sch=0100 0000 0000 0000 sync=0000 1530 ffff  | trames=40145 irq=0 iq=0
  [a5] #1500 A5/1 fn=39506 (T1=29 T2=12 T3=32) Kc=627e11d3f7d3bc00 | dernier depot BSP fn=39505 (ecart +1)
  [sbwin] SB #3790 fn=39536 p51=11 tick=40209 : armee=0 one_shot=0 page_prog=151 rif_avant=0 nwin=0 marge=0 -> DMA NON ARMEE (le RIF jette) : SCH memorise pour la fenetre SB (dans une vraie fenetre SB : 19/3790)
  [BSP] dedie : DESACCORD fn=39608 p51=32 p102=32 : table=1 tpu=0 (offset=3760 ref=4083, tn_fenetre=7) [1200 fois]
  [a_cd] fn=40284 p51=45 p102=96 etat=8040 FIRE KO L2=01 61 9d 9f | ok=10 ko=11
  [a_cd] fn=40303 p51=13 p102=13 etat=8000 ok L2=03 22 0d 06 | ok=11 ko=11
  [sbwin] SB #3800 fn=39658 p51=31 tick=40331 : armee=0 one_shot=0 page_prog=151 rif_avant=0 nwin=0 marge=0 -> DMA NON ARMEE (le RIF jette) : SCH memorise pour la fenetre SB (dans une vraie fenetre SB : 19/3800)
  profil PC (10961 tranches, high-water 0xde92) : 9a80:9% 8240:8% 8380:7% 8200:4% a680:4% 8300:4% 8540:4% 83c0:3% 9a40:3% a0c0:3% 81c0:2% 82c0:2%
  fn=40360   page=0 insn=121     IDLE   d_fb_det=0     a_sch=0100 0000 0000 0000 sync=0000 1530 ffff  | trames=40362 irq=0 iq=0
  [a_cd] fn=40386 p51=45 p102=96 etat=8040 FIRE KO L2=9d 7f 2f 88 | ok=11 ko=12
  [a_cd] fn=40405 p51=13 p102=13 etat=8000 ok L2=03 03 01 2b | ok=12 ko=12
  [a5-arm] tick=40458 d_a5mode=0 a_kc=bc00 f7d3 11d3 627e
  [montant] retour en clair (seq=7)
  [montant] tache FB postee : le mobile cherche la synchro, canal dedie libere (TS0 rendu au FCCH/SCH)
  [sbwin] SB #3810 fn=39791 p51=11 tick=40464 : armee=1 one_shot=0 page_prog=48 rif_avant=0 nwin=0 marge=0 -> autre fenetre (PM/NB/continue) : SCH memorise pour la fenetre SB (dans une vraie fenetre SB : 19/3810)
  [jalon] fn=40473 d_fb_det=1  hacks=RHEA_DMA
  [sbwin] SB #3811 fn=39801 p51=21 tick=40474 : armee=0 one_shot=0 page_prog=48 rif_avant=0 nwin=0 marge=0 -> DMA NON ARMEE (le RIF jette) : SCH memorise pour la fenetre SB (dans une vraie fenetre SB : 19/3811)
  [jalon] fn=40483 d_fb_det=1  hacks=RHEA_DMA
  [sbwin] SB #3812 fn=39811 p51=31 tick=40484 : armee=0 one_shot=0 page_prog=48 rif_avant=0 nwin=0 marge=0 -> DMA NON ARMEE (le RIF jette) : SCH memorise pour la fenetre SB (dans une vraie fenetre SB : 19/3812)
  [cmd] fn=40492 tache SB postee par l'ARM (W0 md=6 W1 md=0)
  [sb] fn=40492 p51=49 | FB a fn=40483 toa=8743 pm=5424 ang=-1 | TOA-ROM=8743 src=fine | a_sch=0100 crc_ko
  [a_sch] fn=40493 page=0 : 0100 0000 0000 0000 -> 8100 0016 f85d 01fb  (d_dsp_page=0003) TOA=0 PM=5521 SNR=12 crc_ko
  [sbwin] SB #3813 fn=39821 p51=41 tick=40494 : armee=1 one_shot=1 page_prog=191 rif_avant=0 nwin=191 marge=21 -> FENETRE SB (one-shot) (dans une vraie fenetre SB : 20/3813)
  [a_sch] fn=40494 page=1 : 0100 0000 0000 0000 -> 8100 8aff 0f29 003e  (d_dsp_page=0003) TOA=23 PM=5363 SNR=16384 crc_ko
  [a_sch] fn=40495 page=0 : 8100 0016 f85d 01fb -> 0100 0000 0000 0000  (d_dsp_page=0003) TOA=0 PM=0 SNR=0 crc_ko
  [a_sch] fn=40496 page=1 : 8100 8aff 0f29 003e -> 0100 0000 0000 0000  (d_dsp_page=0003) TOA=0 PM=0 SNR=0 crc_ko
  [jalon] fn=40504 d_fb_det=1  hacks=RHEA_DMA
  [sbwin] SB #3814 fn=39832 p51=1 tick=40505 : armee=0 one_shot=0 page_prog=48 rif_avant=0 nwin=0 marge=0 -> DMA NON ARMEE (le RIF jette) : SCH memorise pour la fenetre SB (dans une vraie fenetre SB : 20/3814)
  [jalon] fn=40514 d_fb_det=1  hacks=RHEA_DMA
  [sbwin] SB #3815 fn=39842 p51=11 tick=40515 : armee=0 one_shot=0 page_prog=48 rif_avant=0 nwin=0 marge=0 -> DMA NON ARMEE (le RIF jette) : SCH memorise pour la fenetre SB (dans une vraie fenetre SB : 20/3815)
  [cmd] fn=40523 tache SB postee par l'ARM (W0 md=6 W1 md=0)
  [sb] fn=40523 p51=29 | FB a fn=40514 toa=8743 pm=5431 ang=-1 | TOA-ROM=8743 src=fine | a_sch=0100 crc_ko
  [a_sch] fn=40524 page=0 : 0100 0000 0000 0000 -> 8100 0016 f85d 01fb  (d_dsp_page=0003) TOA=0 PM=5521 SNR=12 crc_ko
  [sbwin] SB #3816 fn=39852 p51=21 tick=40525 : armee=1 one_shot=1 page_prog=191 rif_avant=0 nwin=191 marge=21 -> FENETRE SB (one-shot) (dans une vraie fenetre SB : 21/3816)
  [a_sch] fn=40525 page=1 : 0100 0000 0000 0000 -> 8000 045a 0f1c 0051  (d_dsp_page=0003) TOA=23 PM=5353 SNR=16384 CRC_OK
  [jalon] fn=40525 SB PLAUSIBLE page=1 BSIC=7 a_sch=8000 045a 0f1c 0051  hacks=RHEA_DMA
  [a_sch] fn=40526 page=0 : 8100 0016 f85d 01fb -> 0100 0000 0000 0000  (d_dsp_page=0003) TOA=0 PM=0 SNR=0 crc_ko
  [afc] fn=40529 w_page=0 relaye=-693 | page0=-693 page1=-700
  [sbwin] SB #3817 fn=39862 p51=31 tick=40535 : armee=0 one_shot=0 page_prog=191 rif_avant=0 nwin=0 marge=0 -> DMA NON ARMEE (le RIF jette) : SCH memorise pour la fenetre SB (dans une vraie fenetre SB : 21/3817)
  [sbwin] SB #3818 fn=39872 p51=41 tick=40545 : armee=0 one_shot=0 page_prog=191 rif_avant=0 nwin=0 marge=0 -> DMA NON ARMEE (le RIF jette) : SCH memorise pour la fenetre SB (dans une vraie fenetre SB : 21/3818)
  [sbwin] SB #3819 fn=39883 p51=1 tick=40556 : armee=0 one_shot=0 page_prog=191 rif_avant=0 nwin=0 marge=0 -> DMA NON ARMEE (le RIF jette) : SCH memorise pour la fenetre SB (dans une vraie fenetre SB : 21/3819)
  [afc] fn=40558 w_page=1 relaye=-693 | page0=-693 page1=-693
  [a_sch] fn=40559 page=1 : 8000 045a 0f1c 0051 -> 0100 0000 0000 0000  (d_dsp_page=0003) TOA=0 PM=0 SNR=0 crc_ko
  [montant] canal dedie (side-band seq=6) : libere TS0 SDCCH/4 SS=0
pont : canal dedie libere : TS0 SDCCH/8 SS=0
  [sbwin] SB #3820 fn=39893 p51=11 tick=40566 : armee=0 one_shot=0 page_prog=151 rif_avant=0 nwin=0 marge=0 -> DMA NON ARMEE (le RIF jette) : SCH memorise pour la fenetre SB (dans une vraie fenetre SB : 21/3820)
  profil PC (22885 tranches, high-water 0xde92) : 77c0:14% 7800:8% 7840:5% 78c0:4% 9a80:4% a680:3% 8240:3% 8380:3% b2c0:3% 8480:2% 7a00:2% 71c0:2%
  fn=40577   page=1 insn=121     IDLE   d_fb_det=0     a_sch=0100 0000 0000 0000 sync=0000 1537 ffff  | trames=40579 irq=0 iq=0
  [sbwin] SB #3830 fn=39995 p51=11 tick=40668 : armee=0 one_shot=0 page_prog=151 rif_avant=0 nwin=0 marge=0 -> DMA NON ARMEE (le RIF jette) : SCH memorise pour la fenetre SB (dans une vraie fenetre SB : 21/3830)
  [afc] fn=40716 w_page=0 relaye=-700 | page0=-700 page1=-693
  [afc] fn=40717 w_page=1 relaye=-700 | page0=-700 page1=-700
  [jalon] fn=40718 d_fb_det=1  hacks=RHEA_DMA
  [sbwin] SB #3835 fn=40046 p51=11 tick=40719 : armee=0 one_shot=0 page_prog=48 rif_avant=0 nwin=0 marge=0 -> DMA NON ARMEE (le RIF jette) : SCH memorise pour la fenetre SB (dans une vraie fenetre SB : 21/3835)
  [jalon] fn=40728 d_fb_det=1  hacks=RHEA_DMA
  [sbwin] SB #3836 fn=40056 p51=21 tick=40729 : armee=0 one_shot=0 page_prog=48 rif_avant=0 nwin=0 marge=0 -> DMA NON ARMEE (le RIF jette) : SCH memorise pour la fenetre SB (dans une vraie fenetre SB : 21/3836)
  [cmd] fn=40737 tache SB postee par l'ARM (W0 md=6 W1 md=0)
  [sb] fn=40737 p51=39 | FB a fn=40728 toa=8743 pm=5424 ang=-1 | TOA-ROM=8743 src=fine | a_sch=0100 crc_ko
  [a_sch] fn=40738 page=0 : 0100 0000 0000 0000 -> 8100 0016 f85d 01fb  (d_dsp_page=0003) TOA=0 PM=5521 SNR=12 crc_ko
  [sbwin] SB #3837 fn=40066 p51=31 tick=40739 : armee=1 one_shot=1 page_prog=191 rif_avant=0 nwin=191 marge=21 -> FENETRE SB (one-shot) (dans une vraie fenetre SB : 22/3837)
  [a_sch] fn=40739 page=1 : 0100 0000 0000 0000 -> 8000 0397 0f1c 0101  (d_dsp_page=0003) TOA=23 PM=5353 SNR=16384 CRC_OK
  [jalon] fn=40739 SB PLAUSIBLE page=1 BSIC=7 a_sch=8000 0397 0f1c 0101  hacks=RHEA_DMA
  [a_sch] fn=40740 page=0 : 8100 0016 f85d 01fb -> 0100 0000 0000 0000  (d_dsp_page=0003) TOA=0 PM=0 SNR=0 crc_ko
  [sbwin] SB #3838 fn=40076 p51=41 tick=40749 : armee=0 one_shot=0 page_prog=64 rif_avant=0 nwin=0 marge=0 -> DMA NON ARMEE (le RIF jette) : SCH memorise pour la fenetre SB (dans une vraie fenetre SB : 22/3838)
  [sbwin] SB #3839 fn=40087 p51=1 tick=40760 : armee=0 one_shot=0 page_prog=64 rif_avant=0 nwin=0 marge=0 -> DMA NON ARMEE (le RIF jette) : SCH memorise pour la fenetre SB (dans une vraie fenetre SB : 22/3839)
  [a_sch] fn=40760 page=1 : 8000 0397 0f1c 0101 -> 0100 0000 0000 0000  (d_dsp_page=0002) TOA=0 PM=0 SNR=0 crc_ko
  [sbwin] SB #3840 fn=40097 p51=11 tick=40770 : armee=0 one_shot=0 page_prog=64 rif_avant=0 nwin=0 marge=0 -> DMA NON ARMEE (le RIF jette) : SCH memorise pour la fenetre SB (dans une vraie fenetre SB : 22/3840)
  [sbwin] SB #3841 fn=40107 p51=21 tick=40780 : armee=0 one_shot=0 page_prog=64 rif_avant=0 nwin=0 marge=0 -> DMA NON ARMEE (le RIF jette) : SCH memorise pour la fenetre SB (dans une vraie fenetre SB : 22/3841)
  profil PC (22571 tranches, high-water 0xde92) : 9a80:9% 8240:8% 8380:7% 77c0:4% 83c0:4% 8200:4% 8300:3% 8540:3% 9a40:3% a0c0:2% 7800:2% 81c0:2%
  fn=40794   page=0 insn=121     IDLE   d_fb_det=0     a_sch=0100 0000 0000 0000 sync=0000 1530 ffff  | trames=40796 irq=0 iq=0
  [sbwin] SB #3850 fn=40199 p51=11 tick=40872 : armee=0 one_shot=0 page_prog=64 rif_avant=0 nwin=0 marge=0 -> DMA NON ARMEE (le RIF jette) : SCH memorise pour la fenetre SB (dans une vraie fenetre SB : 22/3850)
  [ts0] tick=40930 fn=40257 p51=18 NB fenetre=151 marge=3 rif_avant=0
  [sbwin] SB #3860 fn=40301 p51=11 tick=40974 : armee=0 one_shot=0 page_prog=64 rif_avant=0 nwin=0 marge=0 -> DMA NON ARMEE (le RIF jette) : SCH memorise pour la fenetre SB (dans une vraie fenetre SB : 22/3860)
  [chrono] fn=40998 sur 1000 trames (ms) : qemu 3.54 | A 0.08 | go 0.26 | B 0.25 | apres DONE 0.49 | trame 4.62 (temps reel 4.62)
  profil PC (21055 tranches, high-water 0xde92) : 9a80:11% 8240:11% 8380:10% 83c0:5% 8200:5% 8300:4% 8540:4% 9a40:4% a0c0:3% 81c0:3% 82c0:3% 9a00:2%
  fn=41011   page=1 insn=121     IDLE   d_fb_det=0     a_sch=0100 0000 0000 0000 sync=0000 1530 ffff  | trames=41013 irq=0 iq=0
  [sbwin] SB #3870 fn=40403 p51=11 tick=41076 : armee=0 one_shot=0 page_prog=64 rif_avant=0 nwin=0 marge=0 -> DMA NON ARMEE (le RIF jette) : SCH memorise pour la fenetre SB (dans une vraie fenetre SB : 22/3870)
  [sbwin] SB #3880 fn=40505 p51=11 tick=41178 : armee=0 one_shot=0 page_prog=64 rif_avant=0 nwin=0 marge=0 -> DMA NON ARMEE (le RIF jette) : SCH memorise pour la fenetre SB (dans une vraie fenetre SB : 22/3880)
  profil PC (23568 tranches, high-water 0xde92) : 9a80:11% 8240:11% 8380:10% 83c0:5% 8200:5% 8300:4% 8540:4% 9a40:4% a0c0:3% 81c0:3% 82c0:3% 9a00:2%
  fn=41228   page=1 insn=1357    IDLE   d_fb_det=0     a_sch=0100 0000 0000 0000 sync=0000 1530 ffff  | trames=41230 irq=0 iq=0
  [sbwin] SB #3890 fn=40607 p51=11 tick=41280 : armee=0 one_shot=0 page_prog=64 rif_avant=0 nwin=0 marge=0 -> DMA NON ARMEE (le RIF jette) : SCH memorise pour la fenetre SB (dans une vraie fenetre SB : 22/3890)
  [sbwin] SB #3900 fn=40709 p51=11 tick=41382 : armee=0 one_shot=0 page_prog=64 rif_avant=0 nwin=0 marge=0 -> DMA NON ARMEE (le RIF jette) : SCH memorise pour la fenetre SB (dans une vraie fenetre SB : 22/3900)
  profil PC (23551 tranches, high-water 0xde92) : 9a80:11% 8240:11% 8380:10% 83c0:5% 8200:5% 8300:4% 8540:4% 9a40:4% a0c0:3% 81c0:3% 82c0:3% 9a00:2%
  fn=41445   page=0 insn=121     IDLE   d_fb_det=0     a_sch=0100 0000 0000 0000 sync=0000 1530 ffff  | trames=41447 irq=0 iq=0
  [sbwin] SB #3910 fn=40811 p51=11 tick=41484 : armee=0 one_shot=0 page_prog=64 rif_avant=0 nwin=0 marge=0 -> DMA NON ARMEE (le RIF jette) : SCH memorise pour la fenetre SB (dans une vraie fenetre SB : 22/3910)
  [sbwin] SB #3920 fn=40913 p51=11 tick=41586 : armee=0 one_shot=0 page_prog=64 rif_avant=0 nwin=0 marge=0 -> DMA NON ARMEE (le RIF jette) : SCH memorise pour la fenetre SB (dans une vraie fenetre SB : 22/3920)
  profil PC (21052 tranches, high-water 0xde92) : 9a80:11% 8240:11% 8380:10% 83c0:5% 8200:5% 8300:4% 8540:4% 9a40:4% a0c0:3% 81c0:3% 82c0:3% 9a00:2%
  fn=41662   page=1 insn=121     IDLE   d_fb_det=0     a_sch=0100 0000 0000 0000 sync=0000 1530 ffff  | trames=41664 irq=0 iq=0
  hacks actifs : RHEA_DMA ; cadencement : STREAM LOCKSTEP  ; stimulus : none
  [sbwin] SB #3930 fn=41015 p51=11 tick=41688 : armee=0 one_shot=0 page_prog=64 rif_avant=0 nwin=0 marge=0 -> DMA NON ARMEE (le RIF jette) : SCH memorise pour la fenetre SB (dans une vraie fenetre SB : 22/3930)
  [sbwin] SB #3940 fn=41117 p51=11 tick=41790 : armee=0 one_shot=0 page_prog=64 rif_avant=0 nwin=0 marge=0 -> DMA NON ARMEE (le RIF jette) : SCH memorise pour la fenetre SB (dans une vraie fenetre SB : 22/3940)
  profil PC (21055 tranches, high-water 0xde92) : 9a80:11% 8240:11% 8380:10% 83c0:5% 8200:5% 8300:4% 8540:4% 9a40:4% a0c0:3% 81c0:3% 82c0:3% 9a00:2%
  fn=41879   page=0 insn=121     IDLE   d_fb_det=0     a_sch=0100 0000 0000 0000 sync=0000 1530 ffff  | trames=41881 irq=0 iq=0
  [sbwin] SB #3950 fn=41219 p51=11 tick=41892 : armee=0 one_shot=0 page_prog=64 rif_avant=0 nwin=0 marge=0 -> DMA NON ARMEE (le RIF jette) : SCH memorise pour la fenetre SB (dans une vraie fenetre SB : 22/3950)
  [sbwin] SB #3960 fn=41321 p51=11 tick=41994 : armee=0 one_shot=0 page_prog=64 rif_avant=0 nwin=0 marge=0 -> DMA NON ARMEE (le RIF jette) : SCH memorise pour la fenetre SB (dans une vraie fenetre SB : 22/3960)
  [chrono] fn=41998 sur 1000 trames (ms) : qemu 3.63 | A 0.05 | go 0.26 | B 0.17 | apres DONE 0.52 | trame 4.62 (temps reel 4.62)
  [sbwin] SB #3970 fn=41423 p51=11 tick=42096 : armee=0 one_shot=0 page_prog=64 rif_avant=0 nwin=0 marge=0 -> DMA NON ARMEE (le RIF jette) : SCH memorise pour la fenetre SB (dans une vraie fenetre SB : 22/3970)
  profil PC (23569 tranches, high-water 0xde92) : 9a80:11% 8240:11% 8380:10% 83c0:5% 8200:5% 8300:4% 8540:4% 9a40:4% a0c0:3% 81c0:3% 82c0:3% 9a00:2%
  fn=42096   page=0 insn=121     IDLE   d_fb_det=0     a_sch=0100 0000 0000 0000 sync=0000 1530 ffff  | trames=42098 irq=0 iq=0
  [sbwin] SB #3980 fn=41525 p51=11 tick=42198 : armee=0 one_shot=0 page_prog=64 rif_avant=0 nwin=0 marge=0 -> DMA NON ARMEE (le RIF jette) : SCH memorise pour la fenetre SB (dans une vraie fenetre SB : 22/3980)
  [sbwin] SB #3990 fn=41627 p51=11 tick=42300 : armee=0 one_shot=0 page_prog=64 rif_avant=0 nwin=0 marge=0 -> DMA NON ARMEE (le RIF jette) : SCH memorise pour la fenetre SB (dans une vraie fenetre SB : 22/3990)
  profil PC (23548 tranches, high-water 0xde92) : 9a80:11% 8240:11% 8380:10% 83c0:5% 8200:5% 8300:4% 8540:4% 9a40:4% a0c0:3% 81c0:3% 82c0:3% 9a00:2%
  fn=42313   page=1 insn=121     IDLE   d_fb_det=0     a_sch=0100 0000 0000 0000 sync=0000 1530 ffff  | trames=42315 irq=0 iq=0
  [sbwin] SB #4000 fn=41729 p51=11 tick=42402 : armee=0 one_shot=0 page_prog=64 rif_avant=0 nwin=0 marge=0 -> DMA NON ARMEE (le RIF jette) : SCH memorise pour la fenetre SB (dans une vraie fenetre SB : 22/4000)
  [sbwin] SB #4010 fn=41831 p51=11 tick=42504 : armee=0 one_shot=0 page_prog=64 rif_avant=0 nwin=0 marge=0 -> DMA NON ARMEE (le RIF jette) : SCH memorise pour la fenetre SB (dans une vraie fenetre SB : 22/4010)
  profil PC (21055 tranches, high-water 0xde92) : 9a80:11% 8240:11% 8380:10% 83c0:5% 8200:5% 8300:4% 8540:4% 9a40:4% a0c0:3% 81c0:3% 82c0:3% 9a00:2%
  fn=42530   page=0 insn=121     IDLE   d_fb_det=0     a_sch=0100 0000 0000 0000 sync=0000 1530 ffff  | trames=42532 irq=0 iq=0
  [sbwin] SB #4020 fn=41933 p51=11 tick=42606 : armee=0 one_shot=0 page_prog=64 rif_avant=0 nwin=0 marge=0 -> DMA NON ARMEE (le RIF jette) : SCH memorise pour la fenetre SB (dans une vraie fenetre SB : 22/4020)
  [sbwin] SB #4030 fn=42035 p51=11 tick=42708 : armee=0 one_shot=0 page_prog=64 rif_avant=0 nwin=0 marge=0 -> DMA NON ARMEE (le RIF jette) : SCH memorise pour la fenetre SB (dans une vraie fenetre SB : 22/4030)
  profil PC (21052 tranches, high-water 0xde92) : 9a80:11% 8240:11% 8380:10% 83c0:5% 8200:5% 8300:4% 8540:4% 9a40:4% a0c0:3% 81c0:3% 82c0:3% 9a00:2%
  fn=42747   page=1 insn=121     IDLE   d_fb_det=0     a_sch=0100 0000 0000 0000 sync=0000 1530 ffff  | trames=42749 irq=0 iq=0
  [sbwin] SB #4040 fn=42137 p51=11 tick=42810 : armee=0 one_shot=0 page_prog=64 rif_avant=0 nwin=0 marge=0 -> DMA NON ARMEE (le RIF jette) : SCH memorise pour la fenetre SB (dans une vraie fenetre SB : 22/4040)
  [sbwin] SB #4050 fn=42239 p51=11 tick=42912 : armee=0 one_shot=0 page_prog=64 rif_avant=0 nwin=0 marge=0 -> DMA NON ARMEE (le RIF jette) : SCH memorise pour la fenetre SB (dans une vraie fenetre SB : 22/4050)
  profil PC (23794 tranches, high-water 0xde92) : 9a80:11% 8240:11% 8380:10% 83c0:5% 8200:5% 8300:4% 8540:4% 9a40:4% a0c0:3% 81c0:3% 82c0:3% 9a00:2%
  fn=42964   page=0 insn=13783   IDLE   d_fb_det=0     a_sch=0100 0000 0000 0000 sync=0000 1530 ffff  | trames=42966 irq=0 iq=0
  [chrono] fn=42998 sur 1000 trames (ms) : qemu 3.65 | A 0.05 | go 0.25 | B 0.15 | apres DONE 0.52 | trame 4.61 (temps reel 4.62)
  [sbwin] SB #4060 fn=42341 p51=11 tick=43014 : armee=0 one_shot=0 page_prog=64 rif_avant=0 nwin=0 marge=0 -> DMA NON ARMEE (le RIF jette) : SCH memorise pour la fenetre SB (dans une vraie fenetre SB : 22/4060)
  [jalon] fn=43084 d_fb_det=1  hacks=RHEA_DMA
  [sbwin] SB #4067 fn=42412 p51=31 tick=43085 : armee=0 one_shot=0 page_prog=48 rif_avant=0 nwin=0 marge=0 -> DMA NON ARMEE (le RIF jette) : SCH memorise pour la fenetre SB (dans une vraie fenetre SB : 22/4067)
  [jalon] fn=43094 d_fb_det=1  hacks=RHEA_DMA
  [sbwin] SB #4068 fn=42422 p51=41 tick=43095 : armee=0 one_shot=0 page_prog=48 rif_avant=0 nwin=0 marge=0 -> DMA NON ARMEE (le RIF jette) : SCH memorise pour la fenetre SB (dans une vraie fenetre SB : 22/4068)
  [cmd] fn=43103 tache SB postee par l'ARM (W0 md=6 W1 md=0)
  [sb] fn=43103 p51=8 | FB a fn=43094 toa=8743 pm=5424 ang=-1 | TOA-ROM=8743 src=fine | a_sch=0100 crc_ko
  [a_sch] fn=43104 page=0 : 0100 0000 0000 0000 -> 8100 0172 86be 0060  (d_dsp_page=0003) TOA=23 PM=5416 SNR=427 crc_ko
  [a_sch] fn=43105 page=1 : 0100 0000 0000 0000 -> 8100 0016 f85d 01fb  (d_dsp_page=0003) TOA=0 PM=5521 SNR=12 crc_ko
  [sbwin] SB #4069 fn=42433 p51=1 tick=43106 : armee=0 one_shot=0 page_prog=191 rif_avant=0 nwin=0 marge=0 -> DMA NON ARMEE (le RIF jette) : SCH memorise pour la fenetre SB (dans une vraie fenetre SB : 22/4069)
  [a_sch] fn=43106 page=0 : 8100 0172 86be 0060 -> 0100 0000 0000 0000  (d_dsp_page=0003) TOA=0 PM=0 SNR=0 crc_ko
  [a_sch] fn=43107 page=1 : 8100 0016 f85d 01fb -> 0100 0000 0000 0000  (d_dsp_page=0003) TOA=0 PM=0 SNR=0 crc_ko
  [jalon] fn=43115 d_fb_det=1  hacks=RHEA_DMA
  [sbwin] SB #4070 fn=42443 p51=11 tick=43116 : armee=0 one_shot=0 page_prog=48 rif_avant=0 nwin=0 marge=0 -> DMA NON ARMEE (le RIF jette) : SCH memorise pour la fenetre SB (dans une vraie fenetre SB : 22/4070)
  [jalon] fn=43125 d_fb_det=1  hacks=RHEA_DMA
  [sbwin] SB #4071 fn=42453 p51=21 tick=43126 : armee=0 one_shot=0 page_prog=48 rif_avant=0 nwin=0 marge=0 -> DMA NON ARMEE (le RIF jette) : SCH memorise pour la fenetre SB (dans une vraie fenetre SB : 22/4071)
  [cmd] fn=43134 tache SB postee par l'ARM (W0 md=6 W1 md=0)
  [sb] fn=43134 p51=39 | FB a fn=43125 toa=8743 pm=5424 ang=-1 | TOA-ROM=8743 src=fine | a_sch=0100 crc_ko
  [a_sch] fn=43135 page=0 : 0100 0000 0000 0000 -> 8100 0016 f85d 01fb  (d_dsp_page=0003) TOA=0 PM=5521 SNR=12 crc_ko
  [sbwin] SB #4072 fn=42463 p51=31 tick=43136 : armee=1 one_shot=1 page_prog=191 rif_avant=0 nwin=191 marge=21 -> FENETRE SB (one-shot) (dans une vraie fenetre SB : 23/4072)
  [a_sch] fn=43136 page=1 : 0100 0000 0000 0000 -> 8100 0608 d401 011c  (d_dsp_page=0003) TOA=23 PM=5353 SNR=14234 crc_ko
  [a_sch] fn=43137 page=0 : 8100 0016 f85d 01fb -> 0100 0000 0000 0000  (d_dsp_page=0003) TOA=0 PM=0 SNR=0 crc_ko
  [a_sch] fn=43138 page=1 : 8100 0608 d401 011c -> 0100 0000 0000 0000  (d_dsp_page=0003) TOA=0 PM=0 SNR=0 crc_ko
  [jalon] fn=43145 d_fb_det=1  hacks=RHEA_DMA
  [sbwin] SB #4073 fn=42473 p51=41 tick=43146 : armee=0 one_shot=0 page_prog=48 rif_avant=0 nwin=0 marge=0 -> DMA NON ARMEE (le RIF jette) : SCH memorise pour la fenetre SB (dans une vraie fenetre SB : 23/4073)
  [jalon] fn=43156 d_fb_det=1  hacks=RHEA_DMA
  [sbwin] SB #4074 fn=42484 p51=1 tick=43157 : armee=0 one_shot=0 page_prog=48 rif_avant=0 nwin=0 marge=0 -> DMA NON ARMEE (le RIF jette) : SCH memorise pour la fenetre SB (dans une vraie fenetre SB : 23/4074)
  [cmd] fn=43165 tache SB postee par l'ARM (W0 md=6 W1 md=0)
  [sb] fn=43165 p51=19 | FB a fn=43156 toa=9995 pm=5438 ang=-1 | TOA-ROM=9995 src=fine | a_sch=0100 crc_ko
  [a_sch] fn=43166 page=0 : 0100 0000 0000 0000 -> 8100 0016 f85d 01fb  (d_dsp_page=0003) TOA=0 PM=5521 SNR=12 crc_ko
  [sbwin] SB #4075 fn=42494 p51=11 tick=43167 : armee=1 one_shot=1 page_prog=191 rif_avant=0 nwin=191 marge=21 -> FENETRE SB (one-shot) (dans une vraie fenetre SB : 24/4075)
  [a_sch] fn=43167 page=1 : 0100 0000 0000 0000 -> 8000 036b 101c 0128  (d_dsp_page=0003) TOA=23 PM=5376 SNR=16384 CRC_OK
  [jalon] fn=43167 SB PLAUSIBLE page=1 BSIC=7 a_sch=8000 036b 101c 0128  hacks=RHEA_DMA
  [a_sch] fn=43168 page=0 : 8100 0016 f85d 01fb -> 0100 0000 0000 0000  (d_dsp_page=0003) TOA=0 PM=0 SNR=0 crc_ko
  [sbwin] SB #4076 fn=42504 p51=21 tick=43177 : armee=0 one_shot=0 page_prog=191 rif_avant=0 nwin=0 marge=0 -> DMA NON ARMEE (le RIF jette) : SCH memorise pour la fenetre SB (dans une vraie fenetre SB : 24/4076)
  profil PC (30640 tranches, high-water 0xde92) : 77c0:12% 7800:7% 7840:6% 78c0:5% 9a80:5% 8240:4% 8380:4% a680:2% b2c0:2% 7a00:2% 83c0:2% 8300:2%
  fn=43181   page=0 insn=121     IDLE   d_fb_det=0     a_sch=0100 0000 0000 0000 sync=0000 153e ffff  | trames=43183 irq=0 iq=0
  [sbwin] SB #4077 fn=42514 p51=31 tick=43187 : armee=0 one_shot=0 page_prog=191 rif_avant=0 nwin=0 marge=0 -> DMA NON ARMEE (le RIF jette) : SCH memorise pour la fenetre SB (dans une vraie fenetre SB : 24/4077)
  [sbwin] SB #4078 fn=42524 p51=41 tick=43197 : armee=0 one_shot=0 page_prog=191 rif_avant=0 nwin=0 marge=0 -> DMA NON ARMEE (le RIF jette) : SCH memorise pour la fenetre SB (dans une vraie fenetre SB : 24/4078)
  [sbwin] SB #4079 fn=42535 p51=1 tick=43208 : armee=0 one_shot=0 page_prog=191 rif_avant=0 nwin=0 marge=0 -> DMA NON ARMEE (le RIF jette) : SCH memorise pour la fenetre SB (dans une vraie fenetre SB : 24/4079)
  [a_sch] fn=43211 page=1 : 8000 036b 101c 0128 -> 0100 0000 0000 0000  (d_dsp_page=0003) TOA=0 PM=0 SNR=0 crc_ko
  [sbwin] SB #4080 fn=42545 p51=11 tick=43218 : armee=0 one_shot=0 page_prog=151 rif_avant=0 nwin=0 marge=0 -> DMA NON ARMEE (le RIF jette) : SCH memorise pour la fenetre SB (dans une vraie fenetre SB : 24/4080)
  [sbwin] SB #4090 fn=42647 p51=11 tick=43320 : armee=0 one_shot=0 page_prog=151 rif_avant=0 nwin=0 marge=0 -> DMA NON ARMEE (le RIF jette) : SCH memorise pour la fenetre SB (dans une vraie fenetre SB : 24/4090)
  profil PC (19366 tranches, high-water 0xde92) : 9a80:11% 8240:11% 8380:10% 83c0:5% 8200:5% 8300:4% 8540:4% 9a40:4% a0c0:3% 81c0:3% 82c0:3% 9a00:2%
  fn=43398   page=1 insn=121     IDLE   d_fb_det=0     a_sch=0100 0000 0000 0000 sync=0000 153e ffff  | trames=43400 irq=0 iq=0
  hacks actifs : RHEA_DMA ; cadencement : STREAM LOCKSTEP  ; stimulus : none
  [sbwin] SB #4100 fn=42749 p51=11 tick=43422 : armee=0 one_shot=0 page_prog=151 rif_avant=0 nwin=0 marge=0 -> DMA NON ARMEE (le RIF jette) : SCH memorise pour la fenetre SB (dans une vraie fenetre SB : 24/4100)
  [jalon] fn=43523 d_fb_det=1  hacks=RHEA_DMA
  [sbwin] SB #4110 fn=42851 p51=11 tick=43524 : armee=0 one_shot=0 page_prog=48 rif_avant=0 nwin=0 marge=0 -> DMA NON ARMEE (le RIF jette) : SCH memorise pour la fenetre SB (dans une vraie fenetre SB : 24/4110)
  [jalon] fn=43533 d_fb_det=1  hacks=RHEA_DMA
  [sbwin] SB #4111 fn=42861 p51=21 tick=43534 : armee=0 one_shot=0 page_prog=48 rif_avant=0 nwin=0 marge=0 -> DMA NON ARMEE (le RIF jette) : SCH memorise pour la fenetre SB (dans une vraie fenetre SB : 24/4111)
  [cmd] fn=43542 tache SB postee par l'ARM (W0 md=6 W1 md=0)
  [sb] fn=43542 p51=39 | FB a fn=43533 toa=8743 pm=5424 ang=-1 | TOA-ROM=8743 src=fine | a_sch=0100 crc_ko
  [a_sch] fn=43543 page=0 : 0100 0000 0000 0000 -> 8100 0016 f85d 01fb  (d_dsp_page=0003) TOA=0 PM=5521 SNR=12 crc_ko
  [sbwin] SB #4112 fn=42871 p51=31 tick=43544 : armee=1 one_shot=1 page_prog=191 rif_avant=0 nwin=191 marge=21 -> FENETRE SB (one-shot) (dans une vraie fenetre SB : 25/4112)
  [a_sch] fn=43544 page=1 : 0100 0000 0000 0000 -> 8000 04d7 101c 015d  (d_dsp_page=0003) TOA=23 PM=5349 SNR=16384 CRC_OK
  [jalon] fn=43544 SB PLAUSIBLE page=1 BSIC=7 a_sch=8000 04d7 101c 015d  hacks=RHEA_DMA
  [a_sch] fn=43545 page=0 : 8100 0016 f85d 01fb -> 0100 0000 0000 0000  (d_dsp_page=0003) TOA=0 PM=0 SNR=0 crc_ko
  [sbwin] SB #4113 fn=42881 p51=41 tick=43554 : armee=0 one_shot=0 page_prog=64 rif_avant=0 nwin=0 marge=0 -> DMA NON ARMEE (le RIF jette) : SCH memorise pour la fenetre SB (dans une vraie fenetre SB : 25/4113)
  [sbwin] SB #4114 fn=42892 p51=1 tick=43565 : armee=0 one_shot=0 page_prog=64 rif_avant=0 nwin=0 marge=0 -> DMA NON ARMEE (le RIF jette) : SCH memorise pour la fenetre SB (dans une vraie fenetre SB : 25/4114)
  [a_sch] fn=43565 page=1 : 8000 04d7 101c 015d -> 0100 0000 0000 0000  (d_dsp_page=0002) TOA=0 PM=0 SNR=0 crc_ko
  [sbwin] SB #4115 fn=42902 p51=11 tick=43575 : armee=0 one_shot=0 page_prog=64 rif_avant=0 nwin=0 marge=0 -> DMA NON ARMEE (le RIF jette) : SCH memorise pour la fenetre SB (dans une vraie fenetre SB : 25/4115)
  [sbwin] SB #4116 fn=42912 p51=21 tick=43585 : armee=0 one_shot=0 page_prog=64 rif_avant=0 nwin=0 marge=0 -> DMA NON ARMEE (le RIF jette) : SCH memorise pour la fenetre SB (dans une vraie fenetre SB : 25/4116)
  profil PC (22605 tranches, high-water 0xde92) : 9a80:9% 8240:8% 8380:7% 77c0:4% 83c0:4% 8200:4% 8300:3% 8540:3% 9a40:3% a0c0:2% 7800:2% 81c0:2%
  fn=43615   page=0 insn=1355    IDLE   d_fb_det=0     a_sch=0100 0000 0000 0000 sync=0000 1530 ffff  | trames=43617 irq=0 iq=0
  [sbwin] SB #4120 fn=42953 p51=11 tick=43626 : armee=0 one_shot=0 page_prog=64 rif_avant=0 nwin=0 marge=0 -> DMA NON ARMEE (le RIF jette) : SCH memorise pour la fenetre SB (dans une vraie fenetre SB : 25/4120)
  [sbwin] SB #4130 fn=43055 p51=11 tick=43728 : armee=0 one_shot=0 page_prog=64 rif_avant=0 nwin=0 marge=0 -> DMA NON ARMEE (le RIF jette) : SCH memorise pour la fenetre SB (dans une vraie fenetre SB : 25/4130)
  [sbwin] SB #4140 fn=43157 p51=11 tick=43830 : armee=0 one_shot=0 page_prog=64 rif_avant=0 nwin=0 marge=0 -> DMA NON ARMEE (le RIF jette) : SCH memorise pour la fenetre SB (dans une vraie fenetre SB : 25/4140)
  profil PC (23998 tranches, high-water 0xde92) : 9a80:11% 8240:11% 8380:10% 83c0:5% 8200:5% 8300:4% 8540:4% 9a40:4% a0c0:3% 81c0:3% 82c0:3% 9a00:2%
  fn=43832   page=1 insn=13659   IDLE   d_fb_det=0     a_sch=0100 0000 0000 0000 sync=0000 1530 ffff  | trames=43834 irq=0 iq=0
  [sbwin] SB #4150 fn=43259 p51=11 tick=43932 : armee=0 one_shot=0 page_prog=64 rif_avant=0 nwin=0 marge=0 -> DMA NON ARMEE (le RIF jette) : SCH memorise pour la fenetre SB (dans une vraie fenetre SB : 25/4150)
  [chrono] fn=43998 sur 1000 trames (ms) : qemu 3.55 | A 0.04 | go 0.25 | B 0.18 | apres DONE 0.59 | trame 4.62 (temps reel 4.62)
  [sbwin] SB #4160 fn=43361 p51=11 tick=44034 : armee=0 one_shot=0 page_prog=64 rif_avant=0 nwin=0 marge=0 -> DMA NON ARMEE (le RIF jette) : SCH memorise pour la fenetre SB (dans une vraie fenetre SB : 25/4160)
  profil PC (23100 tranches, high-water 0xde92) : 9a80:11% 8240:11% 8380:10% 83c0:5% 8200:5% 8300:4% 8540:4% 9a40:4% a0c0:3% 81c0:3% 82c0:3% 9a00:2%
  fn=44049   page=0 insn=121     IDLE   d_fb_det=0     a_sch=0100 0000 0000 0000 sync=0000 1530 ffff  | trames=44051 irq=0 iq=0
  [sbwin] SB #4170 fn=43463 p51=11 tick=44136 : armee=0 one_shot=0 page_prog=64 rif_avant=0 nwin=0 marge=0 -> DMA NON ARMEE (le RIF jette) : SCH memorise pour la fenetre SB (dans une vraie fenetre SB : 25/4170)
  [sbwin] SB #4180 fn=43565 p51=11 tick=44238 : armee=0 one_shot=0 page_prog=64 rif_avant=0 nwin=0 marge=0 -> DMA NON ARMEE (le RIF jette) : SCH memorise pour la fenetre SB (dans une vraie fenetre SB : 25/4180)
  profil PC (21055 tranches, high-water 0xde92) : 9a80:11% 8240:11% 8380:10% 83c0:5% 8200:5% 8300:4% 8540:4% 9a40:4% a0c0:3% 81c0:3% 82c0:3% 9a00:2%
  fn=44266   page=1 insn=121     IDLE   d_fb_det=0     a_sch=0100 0000 0000 0000 sync=0000 1530 ffff  | trames=44268 irq=0 iq=0
  [sbwin] SB #4190 fn=43667 p51=11 tick=44340 : armee=0 one_shot=0 page_prog=64 rif_avant=0 nwin=0 marge=0 -> DMA NON ARMEE (le RIF jette) : SCH memorise pour la fenetre SB (dans une vraie fenetre SB : 25/4190)
  [sbwin] SB #4200 fn=43769 p51=11 tick=44442 : armee=0 one_shot=0 page_prog=64 rif_avant=0 nwin=0 marge=0 -> DMA NON ARMEE (le RIF jette) : SCH memorise pour la fenetre SB (dans une vraie fenetre SB : 25/4200)
  profil PC (21073 tranches, high-water 0xde92) : 9a80:11% 8240:11% 8380:10% 83c0:5% 8200:5% 8300:4% 8540:4% 9a40:4% a0c0:3% 81c0:3% 82c0:3% 9a00:2%
  fn=44483   page=1 insn=121     IDLE   d_fb_det=0     a_sch=0100 0000 0000 0000 sync=0000 1530 ffff  | trames=44485 irq=0 iq=0
  [sbwin] SB #4210 fn=43871 p51=11 tick=44544 : armee=0 one_shot=0 page_prog=64 rif_avant=0 nwin=0 marge=0 -> DMA NON ARMEE (le RIF jette) : SCH memorise pour la fenetre SB (dans une vraie fenetre SB : 25/4210)
  [sbwin] SB #4220 fn=43973 p51=11 tick=44646 : armee=0 one_shot=0 page_prog=64 rif_avant=0 nwin=0 marge=0 -> DMA NON ARMEE (le RIF jette) : SCH memorise pour la fenetre SB (dans une vraie fenetre SB : 25/4220)
  profil PC (24221 tranches, high-water 0xde92) : 8240:11% 9a80:11% 8380:10% 83c0:5% 8200:5% 8300:4% 8540:4% 9a40:4% a0c0:3% 81c0:3% 82c0:3% 9a00:2%
  fn=44700   page=1 insn=13661   IDLE   d_fb_det=0     a_sch=0100 0000 0000 0000 sync=0000 1530 ffff  | trames=44702 irq=0 iq=0
  [sbwin] SB #4230 fn=44075 p51=11 tick=44748 : armee=0 one_shot=0 page_prog=64 rif_avant=0 nwin=0 marge=0 -> DMA NON ARMEE (le RIF jette) : SCH memorise pour la fenetre SB (dans une vraie fenetre SB : 25/4230)
  [sbwin] SB #4240 fn=44177 p51=11 tick=44850 : armee=0 one_shot=0 page_prog=64 rif_avant=0 nwin=0 marge=0 -> DMA NON ARMEE (le RIF jette) : SCH memorise pour la fenetre SB (dans une vraie fenetre SB : 25/4240)
  profil PC (22877 tranches, high-water 0xde92) : 9a80:12% 8240:11% 8380:9% 83c0:5% 8200:5% 8300:4% 8540:4% 9a40:4% a0c0:3% 81c0:3% 82c0:3% 9a00:2%
  fn=44917   page=1 insn=121     IDLE   d_fb_det=0     a_sch=0100 0000 0000 0000 sync=0000 1530 ffff  | trames=44919 irq=0 iq=0
  [sbwin] SB #4250 fn=44279 p51=11 tick=44952 : armee=0 one_shot=0 page_prog=64 rif_avant=0 nwin=0 marge=0 -> DMA NON ARMEE (le RIF jette) : SCH memorise pour la fenetre SB (dans une vraie fenetre SB : 25/4250)
  [chrono] fn=44998 sur 1000 trames (ms) : qemu 3.66 | A 0.05 | go 0.24 | B 0.15 | apres DONE 0.51 | trame 4.62 (temps reel 4.62)
  [sbwin] SB #4260 fn=44381 p51=11 tick=45054 : armee=0 one_shot=0 page_prog=64 rif_avant=0 nwin=0 marge=0 -> DMA NON ARMEE (le RIF jette) : SCH memorise pour la fenetre SB (dans une vraie fenetre SB : 25/4260)
  profil PC (21076 tranches, high-water 0xde92) : 9a80:11% 8240:11% 8380:10% 83c0:5% 8200:5% 8300:4% 8540:4% 9a40:4% a0c0:3% 81c0:3% 82c0:3% 9a00:2%
  fn=45134   page=1 insn=1357    IDLE   d_fb_det=0     a_sch=0100 0000 0000 0000 sync=0000 1530 ffff  | trames=45136 irq=0 iq=0
  hacks actifs : RHEA_DMA ; cadencement : STREAM LOCKSTEP  ; stimulus : none
  [sbwin] SB #4270 fn=44483 p51=11 tick=45156 : armee=0 one_shot=0 page_prog=64 rif_avant=0 nwin=0 marge=0 -> DMA NON ARMEE (le RIF jette) : SCH memorise pour la fenetre SB (dans une vraie fenetre SB : 25/4270)
  [sbwin] SB #4280 fn=44585 p51=11 tick=45258 : armee=0 one_shot=0 page_prog=64 rif_avant=0 nwin=0 marge=0 -> DMA NON ARMEE (le RIF jette) : SCH memorise pour la fenetre SB (dans une vraie fenetre SB : 25/4280)
  profil PC (21277 tranches, high-water 0xde92) : 9a80:11% 8240:11% 8380:10% 83c0:5% 8200:5% 8300:4% 8540:4% 9a40:4% a0c0:3% 81c0:3% 82c0:3% 9a00:2%
  fn=45351   page=1 insn=13778   IDLE   d_fb_det=0     a_sch=0100 0000 0000 0000 sync=0000 1530 ffff  | trames=45353 irq=0 iq=0
  [sbwin] SB #4290 fn=44687 p51=11 tick=45360 : armee=0 one_shot=0 page_prog=64 rif_avant=0 nwin=0 marge=0 -> DMA NON ARMEE (le RIF jette) : SCH memorise pour la fenetre SB (dans une vraie fenetre SB : 25/4290)
  [sbwin] SB #4300 fn=44789 p51=11 tick=45462 : armee=0 one_shot=0 page_prog=64 rif_avant=0 nwin=0 marge=0 -> DMA NON ARMEE (le RIF jette) : SCH memorise pour la fenetre SB (dans une vraie fenetre SB : 25/4300)
  [sbwin] SB #4310 fn=44891 p51=11 tick=45564 : armee=0 one_shot=0 page_prog=64 rif_avant=0 nwin=0 marge=0 -> DMA NON ARMEE (le RIF jette) : SCH memorise pour la fenetre SB (dans une vraie fenetre SB : 25/4310)
  profil PC (24571 tranches, high-water 0xde92) : 9a80:11% 8240:11% 8380:10% 83c0:5% 8200:5% 8300:4% 8540:4% 9a40:4% a0c0:3% 81c0:3% 82c0:3% 9a00:2%
  fn=45568   page=1 insn=36252   IDLE   d_fb_det=0     a_sch=0100 0000 0000 0000 sync=0000 1530 ffff  | trames=45570 irq=0 iq=0
  [sbwin] SB #4320 fn=44993 p51=11 tick=45666 : armee=0 one_shot=0 page_prog=64 rif_avant=0 nwin=0 marge=0 -> DMA NON ARMEE (le RIF jette) : SCH memorise pour la fenetre SB (dans une vraie fenetre SB : 25/4320)
  [sbwin] SB #4330 fn=45095 p51=11 tick=45768 : armee=0 one_shot=0 page_prog=64 rif_avant=0 nwin=0 marge=0 -> DMA NON ARMEE (le RIF jette) : SCH memorise pour la fenetre SB (dans une vraie fenetre SB : 25/4330)
  profil PC (22303 tranches, high-water 0xde92) : 9a80:11% 8240:11% 8380:10% 83c0:5% 8200:5% 8300:4% 8540:4% 9a40:4% a0c0:3% 81c0:3% 82c0:3% 9a00:2%
  fn=45785   page=0 insn=121     IDLE   d_fb_det=0     a_sch=0100 0000 0000 0000 sync=0000 1530 ffff  | trames=45787 irq=0 iq=0
  [sbwin] SB #4340 fn=45197 p51=11 tick=45870 : armee=0 one_shot=0 page_prog=64 rif_avant=0 nwin=0 marge=0 -> DMA NON ARMEE (le RIF jette) : SCH memorise pour la fenetre SB (dans une vraie fenetre SB : 25/4340)
  [ts0] tick=45930 fn=45257 p51=20 FCCH fenetre=64 marge=0 rif_avant=0
  [sbwin] SB #4350 fn=45299 p51=11 tick=45972 : armee=0 one_shot=0 page_prog=64 rif_avant=0 nwin=0 marge=0 -> DMA NON ARMEE (le RIF jette) : SCH memorise pour la fenetre SB (dans une vraie fenetre SB : 25/4350)
  [chrono] fn=45998 sur 1000 trames (ms) : qemu 3.57 | A 0.05 | go 0.25 | B 0.18 | apres DONE 0.57 | trame 4.61 (temps reel 4.62)
  profil PC (21073 tranches, high-water 0xde92) : 9a80:11% 8240:11% 8380:10% 83c0:5% 8200:5% 8300:4% 8540:4% 9a40:4% a0c0:3% 81c0:3% 82c0:3% 9a00:2%
  fn=46002   page=0 insn=121     IDLE   d_fb_det=0     a_sch=0100 0000 0000 0000 sync=0000 1530 ffff  | trames=46004 irq=0 iq=0
  [sbwin] SB #4360 fn=45401 p51=11 tick=46074 : armee=0 one_shot=0 page_prog=64 rif_avant=0 nwin=0 marge=0 -> DMA NON ARMEE (le RIF jette) : SCH memorise pour la fenetre SB (dans une vraie fenetre SB : 25/4360)
  [jalon] fn=46124 d_fb_det=1  hacks=RHEA_DMA
  [sbwin] SB #4365 fn=45452 p51=11 tick=46125 : armee=0 one_shot=0 page_prog=48 rif_avant=0 nwin=0 marge=0 -> DMA NON ARMEE (le RIF jette) : SCH memorise pour la fenetre SB (dans une vraie fenetre SB : 25/4365)
  [jalon] fn=46134 d_fb_det=1  hacks=RHEA_DMA
  [sbwin] SB #4366 fn=45462 p51=21 tick=46135 : armee=0 one_shot=0 page_prog=48 rif_avant=0 nwin=0 marge=0 -> DMA NON ARMEE (le RIF jette) : SCH memorise pour la fenetre SB (dans une vraie fenetre SB : 25/4366)
  [cmd] fn=46143 tache SB postee par l'ARM (W0 md=6 W1 md=0)
  [sb] fn=46143 p51=39 | FB a fn=46134 toa=8743 pm=5424 ang=-1 | TOA-ROM=8743 src=fine | a_sch=0100 crc_ko
  [a_sch] fn=46144 page=0 : 0100 0000 0000 0000 -> 8100 0016 f85d 01fb  (d_dsp_page=0003) TOA=0 PM=5521 SNR=12 crc_ko
  [sbwin] SB #4367 fn=45472 p51=31 tick=46145 : armee=1 one_shot=1 page_prog=191 rif_avant=0 nwin=191 marge=21 -> FENETRE SB (one-shot) (dans une vraie fenetre SB : 26/4367)
  [a_sch] fn=46145 page=1 : 0100 0000 0000 0000 -> 8100 89d6 15b1 0161  (d_dsp_page=0003) TOA=23 PM=5363 SNR=9114 crc_ko
  [a_sch] fn=46146 page=0 : 8100 0016 f85d 01fb -> 0100 0000 0000 0000  (d_dsp_page=0003) TOA=0 PM=0 SNR=0 crc_ko
  [a_sch] fn=46147 page=1 : 8100 89d6 15b1 0161 -> 0100 0000 0000 0000  (d_dsp_page=0003) TOA=0 PM=0 SNR=0 crc_ko
  [jalon] fn=46154 d_fb_det=1  hacks=RHEA_DMA
  [sbwin] SB #4368 fn=45482 p51=41 tick=46155 : armee=0 one_shot=0 page_prog=48 rif_avant=0 nwin=0 marge=0 -> DMA NON ARMEE (le RIF jette) : SCH memorise pour la fenetre SB (dans une vraie fenetre SB : 26/4368)
  [jalon] fn=46165 d_fb_det=1  hacks=RHEA_DMA
  [sbwin] SB #4369 fn=45493 p51=1 tick=46166 : armee=0 one_shot=0 page_prog=48 rif_avant=0 nwin=0 marge=0 -> DMA NON ARMEE (le RIF jette) : SCH memorise pour la fenetre SB (dans une vraie fenetre SB : 26/4369)
  [cmd] fn=46174 tache SB postee par l'ARM (W0 md=6 W1 md=0)
  [sb] fn=46174 p51=19 | FB a fn=46165 toa=9995 pm=5438 ang=-1 | TOA-ROM=9995 src=fine | a_sch=0100 crc_ko
  [a_sch] fn=46175 page=0 : 0100 0000 0000 0000 -> 8100 0016 f85d 01fb  (d_dsp_page=0003) TOA=0 PM=5521 SNR=12 crc_ko
  [sbwin] SB #4370 fn=45503 p51=11 tick=46176 : armee=1 one_shot=1 page_prog=191 rif_avant=0 nwin=191 marge=21 -> FENETRE SB (one-shot) (dans une vraie fenetre SB : 27/4370)
  [a_sch] fn=46176 page=1 : 0100 0000 0000 0000 -> 8100 0c89 1169 010c  (d_dsp_page=0003) TOA=23 PM=5367 SNR=16384 crc_ko
  [a_sch] fn=46177 page=0 : 8100 0016 f85d 01fb -> 0100 0000 0000 0000  (d_dsp_page=0003) TOA=0 PM=0 SNR=0 crc_ko
  [a_sch] fn=46178 page=1 : 8100 0c89 1169 010c -> 0100 0000 0000 0000  (d_dsp_page=0003) TOA=0 PM=0 SNR=0 crc_ko
  [sbwin] SB #4371 fn=45513 p51=21 tick=46186 : armee=1 one_shot=0 page_prog=48 rif_avant=0 nwin=0 marge=0 -> autre fenetre (PM/NB/continue) : SCH memorise pour la fenetre SB (dans une vraie fenetre SB : 27/4371)
  [jalon] fn=46195 d_fb_det=1  hacks=RHEA_DMA
  [sbwin] SB #4372 fn=45523 p51=31 tick=46196 : armee=0 one_shot=0 page_prog=48 rif_avant=0 nwin=0 marge=0 -> DMA NON ARMEE (le RIF jette) : SCH memorise pour la fenetre SB (dans une vraie fenetre SB : 27/4372)
  [jalon] fn=46205 d_fb_det=1  hacks=RHEA_DMA
  [sbwin] SB #4373 fn=45533 p51=41 tick=46206 : armee=0 one_shot=0 page_prog=48 rif_avant=0 nwin=0 marge=0 -> DMA NON ARMEE (le RIF jette) : SCH memorise pour la fenetre SB (dans une vraie fenetre SB : 27/4373)
  [cmd] fn=46214 tache SB postee par l'ARM (W0 md=6 W1 md=0)
  [sb] fn=46214 p51=8 | FB a fn=46205 toa=8743 pm=5424 ang=-1 | TOA-ROM=8743 src=fine | a_sch=0100 crc_ko
  [a_sch] fn=46215 page=0 : 0100 0000 0000 0000 -> 8100 0172 86be 0060  (d_dsp_page=0003) TOA=23 PM=5416 SNR=427 crc_ko
  [a_sch] fn=46216 page=1 : 0100 0000 0000 0000 -> 8100 0016 f85d 01fb  (d_dsp_page=0003) TOA=0 PM=5521 SNR=12 crc_ko
  [sbwin] SB #4374 fn=45544 p51=1 tick=46217 : armee=0 one_shot=0 page_prog=191 rif_avant=0 nwin=0 marge=0 -> DMA NON ARMEE (le RIF jette) : SCH memorise pour la fenetre SB (dans une vraie fenetre SB : 27/4374)
  [a_sch] fn=46217 page=0 : 8100 0172 86be 0060 -> 0100 0000 0000 0000  (d_dsp_page=0003) TOA=0 PM=0 SNR=0 crc_ko
  [a_sch] fn=46218 page=1 : 8100 0016 f85d 01fb -> 0100 0000 0000 0000  (d_dsp_page=0003) TOA=0 PM=0 SNR=0 crc_ko
  profil PC (33461 tranches, high-water 0xde92) : 77c0:16% 7800:9% 7840:6% 78c0:5% 9a80:4% 8240:3% 8380:3% b2c0:3% a680:3% 7a00:2% 7880:2% 75c0:2%
  fn=46219   page=0 insn=121     IDLE   d_fb_det=0     a_sch=0100 0000 0000 0000 sync=0000 1530 ffff  | trames=46221 irq=0 iq=0
  [jalon] fn=46226 d_fb_det=1  hacks=RHEA_DMA
  [sbwin] SB #4375 fn=45554 p51=11 tick=46227 : armee=0 one_shot=0 page_prog=48 rif_avant=0 nwin=0 marge=0 -> DMA NON ARMEE (le RIF jette) : SCH memorise pour la fenetre SB (dans une vraie fenetre SB : 27/4375)
  [jalon] fn=46236 d_fb_det=1  hacks=RHEA_DMA
  [sbwin] SB #4376 fn=45564 p51=21 tick=46237 : armee=0 one_shot=0 page_prog=48 rif_avant=0 nwin=0 marge=0 -> DMA NON ARMEE (le RIF jette) : SCH memorise pour la fenetre SB (dans une vraie fenetre SB : 27/4376)
  [cmd] fn=46245 tache SB postee par l'ARM (W0 md=6 W1 md=0)
  [sb] fn=46245 p51=39 | FB a fn=46236 toa=8743 pm=5424 ang=-1 | TOA-ROM=8743 src=fine | a_sch=0100 crc_ko
  [a_sch] fn=46246 page=0 : 0100 0000 0000 0000 -> 8100 0016 f85d 01fb  (d_dsp_page=0003) TOA=0 PM=5521 SNR=12 crc_ko
  [sbwin] SB #4377 fn=45574 p51=31 tick=46247 : armee=1 one_shot=1 page_prog=191 rif_avant=0 nwin=191 marge=21 -> FENETRE SB (one-shot) (dans une vraie fenetre SB : 28/4377)
  [a_sch] fn=46247 page=1 : 0100 0000 0000 0000 -> 8000 90c7 111c 0159  (d_dsp_page=0003) TOA=23 PM=5376 SNR=7621 CRC_OK
  [jalon] fn=46247 SB PLAUSIBLE page=1 BSIC=7 a_sch=8000 90c7 111c 0159  hacks=RHEA_DMA
  [a_sch] fn=46248 page=0 : 8100 0016 f85d 01fb -> 0100 0000 0000 0000  (d_dsp_page=0003) TOA=0 PM=0 SNR=0 crc_ko
  [sbwin] SB #4378 fn=45584 p51=41 tick=46257 : armee=0 one_shot=0 page_prog=191 rif_avant=0 nwin=0 marge=0 -> DMA NON ARMEE (le RIF jette) : SCH memorise pour la fenetre SB (dans une vraie fenetre SB : 28/4378)
  [sbwin] SB #4379 fn=45595 p51=1 tick=46268 : armee=0 one_shot=0 page_prog=191 rif_avant=0 nwin=0 marge=0 -> DMA NON ARMEE (le RIF jette) : SCH memorise pour la fenetre SB (dans une vraie fenetre SB : 28/4379)
  [a_sch] fn=46271 page=1 : 8000 90c7 111c 0159 -> 0100 0000 0000 0000  (d_dsp_page=0003) TOA=0 PM=0 SNR=0 crc_ko
  [sbwin] SB #4380 fn=45605 p51=11 tick=46278 : armee=0 one_shot=0 page_prog=151 rif_avant=0 nwin=0 marge=0 -> DMA NON ARMEE (le RIF jette) : SCH memorise pour la fenetre SB (dans une vraie fenetre SB : 28/4380)
  [sbwin] SB #4381 fn=45615 p51=21 tick=46288 : armee=0 one_shot=0 page_prog=151 rif_avant=0 nwin=0 marge=0 -> DMA NON ARMEE (le RIF jette) : SCH memorise pour la fenetre SB (dans une vraie fenetre SB : 28/4381)
  [sbwin] SB #4390 fn=45707 p51=11 tick=46380 : armee=0 one_shot=0 page_prog=151 rif_avant=0 nwin=0 marge=0 -> DMA NON ARMEE (le RIF jette) : SCH memorise pour la fenetre SB (dans une vraie fenetre SB : 28/4390)
  profil PC (22833 tranches, high-water 0xde92) : 9a80:8% 8240:8% 77c0:7% 8380:7% 7800:4% 83c0:3% 8200:3% 8300:3% 8540:3% 9a40:2% 7840:2% a680:2%
  fn=46436   page=1 insn=23362   IDLE   d_fb_det=0     a_sch=0100 0000 0000 0000 sync=0000 0000 0000  | trames=46438 irq=0 iq=0
  [jalon] fn=46440 d_fb_det=1  hacks=RHEA_DMA
  [sbwin] SB #4396 fn=45768 p51=21 tick=46441 : armee=0 one_shot=0 page_prog=48 rif_avant=0 nwin=0 marge=0 -> DMA NON ARMEE (le RIF jette) : SCH memorise pour la fenetre SB (dans une vraie fenetre SB : 28/4396)
  [jalon] fn=46450 d_fb_det=1  hacks=RHEA_DMA
  [sbwin] SB #4397 fn=45778 p51=31 tick=46451 : armee=0 one_shot=0 page_prog=48 rif_avant=0 nwin=0 marge=0 -> DMA NON ARMEE (le RIF jette) : SCH memorise pour la fenetre SB (dans une vraie fenetre SB : 28/4397)
  [cmd] fn=46459 tache SB postee par l'ARM (W0 md=6 W1 md=0)
  [sb] fn=46459 p51=49 | FB a fn=46450 toa=8743 pm=5424 ang=-1 | TOA-ROM=8743 src=fine | a_sch=0100 crc_ko
  [a_sch] fn=46460 page=0 : 0100 0000 0000 0000 -> 8100 0016 f85d 01fb  (d_dsp_page=0003) TOA=0 PM=5521 SNR=12 crc_ko
  [sbwin] SB #4398 fn=45788 p51=41 tick=46461 : armee=1 one_shot=1 page_prog=191 rif_avant=0 nwin=191 marge=21 -> FENETRE SB (one-shot) (dans une vraie fenetre SB : 29/4398)
  [a_sch] fn=46461 page=1 : 0100 0000 0000 0000 -> 8100 8a6d 103a 000a  (d_dsp_page=0003) TOA=23 PM=5363 SNR=16384 crc_ko
  [a_sch] fn=46462 page=0 : 8100 0016 f85d 01fb -> 0100 0000 0000 0000  (d_dsp_page=0003) TOA=0 PM=0 SNR=0 crc_ko
  [a_sch] fn=46463 page=1 : 8100 8a6d 103a 000a -> 0100 0000 0000 0000  (d_dsp_page=0003) TOA=0 PM=0 SNR=0 crc_ko
  [jalon] fn=46471 d_fb_det=1  hacks=RHEA_DMA
  [sbwin] SB #4399 fn=45799 p51=1 tick=46472 : armee=0 one_shot=0 page_prog=48 rif_avant=0 nwin=0 marge=0 -> DMA NON ARMEE (le RIF jette) : SCH memorise pour la fenetre SB (dans une vraie fenetre SB : 29/4399)
  [jalon] fn=46481 d_fb_det=1  hacks=RHEA_DMA
  [sbwin] SB #4400 fn=45809 p51=11 tick=46482 : armee=0 one_shot=0 page_prog=48 rif_avant=0 nwin=0 marge=0 -> DMA NON ARMEE (le RIF jette) : SCH memorise pour la fenetre SB (dans une vraie fenetre SB : 29/4400)
  [cmd] fn=46490 tache SB postee par l'ARM (W0 md=6 W1 md=0)
  [sb] fn=46490 p51=29 | FB a fn=46481 toa=8743 pm=5431 ang=-1 | TOA-ROM=8743 src=fine | a_sch=0100 crc_ko
  [a_sch] fn=46491 page=0 : 0100 0000 0000 0000 -> 8100 0016 f85d 01fb  (d_dsp_page=0003) TOA=0 PM=5521 SNR=12 crc_ko
  [sbwin] SB #4401 fn=45819 p51=21 tick=46492 : armee=1 one_shot=1 page_prog=191 rif_avant=0 nwin=191 marge=21 -> FENETRE SB (one-shot) (dans une vraie fenetre SB : 30/4401)
  [a_sch] fn=46492 page=1 : 0100 0000 0000 0000 -> 8000 0435 111c 001d  (d_dsp_page=0003) TOA=23 PM=5363 SNR=16384 CRC_OK
  [jalon] fn=46492 SB PLAUSIBLE page=1 BSIC=7 a_sch=8000 0435 111c 001d  hacks=RHEA_DMA
  [a_sch] fn=46493 page=0 : 8100 0016 f85d 01fb -> 0100 0000 0000 0000  (d_dsp_page=0003) TOA=0 PM=0 SNR=0 crc_ko
  [sbwin] SB #4402 fn=45829 p51=31 tick=46502 : armee=0 one_shot=0 page_prog=191 rif_avant=0 nwin=0 marge=0 -> DMA NON ARMEE (le RIF jette) : SCH memorise pour la fenetre SB (dans une vraie fenetre SB : 30/4402)
  [sbwin] SB #4403 fn=45839 p51=41 tick=46512 : armee=0 one_shot=0 page_prog=191 rif_avant=0 nwin=0 marge=0 -> DMA NON ARMEE (le RIF jette) : SCH memorise pour la fenetre SB (dans une vraie fenetre SB : 30/4403)
  [sbwin] SB #4404 fn=45850 p51=1 tick=46523 : armee=0 one_shot=0 page_prog=191 rif_avant=0 nwin=0 marge=0 -> DMA NON ARMEE (le RIF jette) : SCH memorise pour la fenetre SB (dans une vraie fenetre SB : 30/4404)
  [a_sch] fn=46526 page=1 : 8000 0435 111c 001d -> 0100 0000 0000 0000  (d_dsp_page=0003) TOA=0 PM=0 SNR=0 crc_ko
  [sbwin] SB #4405 fn=45860 p51=11 tick=46533 : armee=0 one_shot=0 page_prog=151 rif_avant=0 nwin=0 marge=0 -> DMA NON ARMEE (le RIF jette) : SCH memorise pour la fenetre SB (dans une vraie fenetre SB : 30/4405)
  [sbwin] SB #4410 fn=45911 p51=11 tick=46584 : armee=0 one_shot=0 page_prog=151 rif_avant=0 nwin=0 marge=0 -> DMA NON ARMEE (le RIF jette) : SCH memorise pour la fenetre SB (dans une vraie fenetre SB : 30/4410)
  profil PC (17429 tranches, high-water 0xde92) : 77c0:17% 7800:10% 7840:7% 78c0:6% a680:4% b2c0:3% 9a80:3% 7a00:2% 8240:2% 8380:2% 7880:2% 71c0:2%
  fn=46653   page=1 insn=121     IDLE   d_fb_det=0     a_sch=0100 0000 0000 0000 sync=0000 1537 ffff  | trames=46655 irq=0 iq=0
  [sbwin] SB #4420 fn=46013 p51=11 tick=46686 : armee=0 one_shot=0 page_prog=151 rif_avant=0 nwin=0 marge=0 -> DMA NON ARMEE (le RIF jette) : SCH memorise pour la fenetre SB (dans une vraie fenetre SB : 30/4420)
  [jalon] fn=46787 d_fb_det=1  hacks=RHEA_DMA
  [sbwin] SB #4430 fn=46115 p51=11 tick=46788 : armee=0 one_shot=0 page_prog=48 rif_avant=0 nwin=0 marge=0 -> DMA NON ARMEE (le RIF jette) : SCH memorise pour la fenetre SB (dans une vraie fenetre SB : 30/4430)
  [jalon] fn=46797 d_fb_det=1  hacks=RHEA_DMA
  [sbwin] SB #4431 fn=46125 p51=21 tick=46798 : armee=0 one_shot=0 page_prog=48 rif_avant=0 nwin=0 marge=0 -> DMA NON ARMEE (le RIF jette) : SCH memorise pour la fenetre SB (dans une vraie fenetre SB : 30/4431)
  [cmd] fn=46806 tache SB postee par l'ARM (W0 md=6 W1 md=0)
  [sb] fn=46806 p51=39 | FB a fn=46797 toa=8743 pm=5424 ang=-1 | TOA-ROM=8743 src=fine | a_sch=0100 crc_ko
  [a_sch] fn=46807 page=0 : 0100 0000 0000 0000 -> 8100 0016 f85d 01fb  (d_dsp_page=0003) TOA=0 PM=5521 SNR=12 crc_ko
  [sbwin] SB #4432 fn=46135 p51=31 tick=46808 : armee=1 one_shot=1 page_prog=191 rif_avant=0 nwin=191 marge=21 -> FENETRE SB (one-shot) (dans une vraie fenetre SB : 31/4432)
  [a_sch] fn=46808 page=1 : 0100 0000 0000 0000 -> 8000 0485 111c 012d  (d_dsp_page=0003) TOA=23 PM=5367 SNR=16384 CRC_OK
  [jalon] fn=46808 SB PLAUSIBLE page=1 BSIC=7 a_sch=8000 0485 111c 012d  hacks=RHEA_DMA
  [a_sch] fn=46809 page=0 : 8100 0016 f85d 01fb -> 0100 0000 0000 0000  (d_dsp_page=0003) TOA=0 PM=0 SNR=0 crc_ko
  [sbwin] SB #4433 fn=46145 p51=41 tick=46818 : armee=0 one_shot=0 page_prog=64 rif_avant=0 nwin=0 marge=0 -> DMA NON ARMEE (le RIF jette) : SCH memorise pour la fenetre SB (dans une vraie fenetre SB : 31/4433)
  [sbwin] SB #4434 fn=46156 p51=1 tick=46829 : armee=0 one_shot=0 page_prog=64 rif_avant=0 nwin=0 marge=0 -> DMA NON ARMEE (le RIF jette) : SCH memorise pour la fenetre SB (dans une vraie fenetre SB : 31/4434)
  [a_sch] fn=46829 page=1 : 8000 0485 111c 012d -> 0100 0000 0000 0000  (d_dsp_page=0002) TOA=0 PM=0 SNR=0 crc_ko
  [sbwin] SB #4435 fn=46166 p51=11 tick=46839 : armee=0 one_shot=0 page_prog=64 rif_avant=0 nwin=0 marge=0 -> DMA NON ARMEE (le RIF jette) : SCH memorise pour la fenetre SB (dans une vraie fenetre SB : 31/4435)
  [sbwin] SB #4436 fn=46176 p51=21 tick=46849 : armee=0 one_shot=0 page_prog=64 rif_avant=0 nwin=0 marge=0 -> DMA NON ARMEE (le RIF jette) : SCH memorise pour la fenetre SB (dans une vraie fenetre SB : 31/4436)
  profil PC (21342 tranches, high-water 0xde92) : 9a80:8% 8240:8% 8380:7% 77c0:5% 83c0:4% 8200:3% 8300:3% 8540:3% 9a40:3% 7800:2% 7840:2% a0c0:2%
  fn=46870   page=1 insn=121     IDLE   d_fb_det=0     a_sch=0100 0000 0000 0000 sync=0000 1530 ffff  | trames=46872 irq=0 iq=0
  hacks actifs : RHEA_DMA ; cadencement : STREAM LOCKSTEP  ; stimulus : none
  [sbwin] SB #4440 fn=46217 p51=11 tick=46890 : armee=0 one_shot=0 page_prog=64 rif_avant=0 nwin=0 marge=0 -> DMA NON ARMEE (le RIF jette) : SCH memorise pour la fenetre SB (dans une vraie fenetre SB : 31/4440)
  [sbwin] SB #4450 fn=46319 p51=11 tick=46992 : armee=0 one_shot=0 page_prog=64 rif_avant=0 nwin=0 marge=0 -> DMA NON ARMEE (le RIF jette) : SCH memorise pour la fenetre SB (dans une vraie fenetre SB : 31/4450)
  [chrono] fn=46998 sur 1000 trames (ms) : qemu 3.55 | A 0.04 | go 0.25 | B 0.20 | apres DONE 0.58 | trame 4.62 (temps reel 4.62)
  profil PC (21726 tranches, high-water 0xde92) : 8240:11% 9a80:11% 8380:10% 83c0:5% 8200:5% 8300:4% 8540:4% 9a40:4% a0c0:3% 81c0:3% 82c0:3% 9a00:2%
  fn=47087   page=1 insn=13663   IDLE   d_fb_det=0     a_sch=0100 0000 0000 0000 sync=0000 1530 ffff  | trames=47089 irq=0 iq=0
  [sbwin] SB #4460 fn=46421 p51=11 tick=47094 : armee=0 one_shot=0 page_prog=64 rif_avant=0 nwin=0 marge=0 -> DMA NON ARMEE (le RIF jette) : SCH memorise pour la fenetre SB (dans une vraie fenetre SB : 31/4460)
  [sbwin] SB #4470 fn=46523 p51=11 tick=47196 : armee=0 one_shot=0 page_prog=64 rif_avant=0 nwin=0 marge=0 -> DMA NON ARMEE (le RIF jette) : SCH memorise pour la fenetre SB (dans une vraie fenetre SB : 31/4470)
  [sbwin] SB #4480 fn=46625 p51=11 tick=47298 : armee=0 one_shot=0 page_prog=64 rif_avant=0 nwin=0 marge=0 -> DMA NON ARMEE (le RIF jette) : SCH memorise pour la fenetre SB (dans une vraie fenetre SB : 31/4480)
  profil PC (24572 tranches, high-water 0xde92) : 9a80:11% 8240:11% 8380:10% 83c0:5% 8200:5% 8300:4% 8540:4% 9a40:4% a0c0:3% 81c0:3% 82c0:3% 9a00:2%
  fn=47304   page=1 insn=13659   IDLE   d_fb_det=0     a_sch=0100 0000 0000 0000 sync=0000 1530 ffff  | trames=47306 irq=0 iq=0
  [sbwin] SB #4490 fn=46727 p51=11 tick=47400 : armee=0 one_shot=0 page_prog=64 rif_avant=0 nwin=0 marge=0 -> DMA NON ARMEE (le RIF jette) : SCH memorise pour la fenetre SB (dans une vraie fenetre SB : 31/4490)
  [sbwin] SB #4500 fn=46829 p51=11 tick=47502 : armee=0 one_shot=0 page_prog=64 rif_avant=0 nwin=0 marge=0 -> DMA NON ARMEE (le RIF jette) : SCH memorise pour la fenetre SB (dans une vraie fenetre SB : 31/4500)
  profil PC (21876 tranches, high-water 0xde92) : 9a80:11% 8240:11% 8380:9% 83c0:5% 8200:5% 8300:4% 8540:4% 9a40:4% a0c0:3% 81c0:3% 82c0:3% 9a00:2%
  fn=47521   page=1 insn=1357    IDLE   d_fb_det=0     a_sch=0100 0000 0000 0000 sync=0000 1530 ffff  | trames=47523 irq=0 iq=0
  [sbwin] SB #4510 fn=46931 p51=11 tick=47604 : armee=0 one_shot=0 page_prog=64 rif_avant=0 nwin=0 marge=0 -> DMA NON ARMEE (le RIF jette) : SCH memorise pour la fenetre SB (dans une vraie fenetre SB : 31/4510)
  [sbwin] SB #4520 fn=47033 p51=11 tick=47706 : armee=0 one_shot=0 page_prog=64 rif_avant=0 nwin=0 marge=0 -> DMA NON ARMEE (le RIF jette) : SCH memorise pour la fenetre SB (dans une vraie fenetre SB : 31/4520)
  profil PC (21052 tranches, high-water 0xde92) : 9a80:11% 8240:11% 8380:10% 83c0:5% 8200:5% 8300:4% 8540:4% 9a40:4% a0c0:3% 81c0:3% 82c0:3% 9a00:2%
  fn=47738   page=0 insn=121     IDLE   d_fb_det=0     a_sch=0100 0000 0000 0000 sync=0000 1530 ffff  | trames=47740 irq=0 iq=0
  [sbwin] SB #4530 fn=47135 p51=11 tick=47808 : armee=0 one_shot=0 page_prog=64 rif_avant=0 nwin=0 marge=0 -> DMA NON ARMEE (le RIF jette) : SCH memorise pour la fenetre SB (dans une vraie fenetre SB : 31/4530)
  [sbwin] SB #4540 fn=47237 p51=11 tick=47910 : armee=0 one_shot=0 page_prog=64 rif_avant=0 nwin=0 marge=0 -> DMA NON ARMEE (le RIF jette) : SCH memorise pour la fenetre SB (dans une vraie fenetre SB : 31/4540)
  profil PC (21726 tranches, high-water 0xde92) : 8240:11% 9a80:11% 8380:10% 83c0:5% 8200:5% 8300:4% 8540:4% 9a40:4% a0c0:3% 81c0:3% 82c0:3% 9a00:2%
  fn=47955   page=0 insn=13666   IDLE   d_fb_det=0     a_sch=0100 0000 0000 0000 sync=0000 1530 ffff  | trames=47957 irq=0 iq=0
  [chrono] fn=47998 sur 1000 trames (ms) : qemu 3.41 | A 0.05 | go 0.35 | B 0.20 | apres DONE 0.60 | trame 4.61 (temps reel 4.62)
  [sbwin] SB #4550 fn=47339 p51=11 tick=48012 : armee=1 one_shot=1 page_prog=64 rif_avant=0 nwin=64 marge=0 -> autre fenetre (PM/NB/continue) : SCH memorise pour la fenetre SB (dans une vraie fenetre SB : 31/4550)
  [sbwin] SB #4560 fn=47441 p51=11 tick=48114 : armee=1 one_shot=1 page_prog=64 rif_avant=0 nwin=64 marge=0 -> autre fenetre (PM/NB/continue) : SCH memorise pour la fenetre SB (dans une vraie fenetre SB : 31/4560)
  profil PC (25694 tranches, high-water 0xde92) : 9a80:11% 8240:9% 8380:8% 8200:4% 8300:4% 83c0:4% 8540:4% 9a40:4% a0c0:3% 81c0:3% 82c0:3% 9a00:2%
  fn=48172   page=0 insn=13657   IDLE   d_fb_det=0     a_sch=0100 0000 0000 0000 sync=0000 1530 ffff  | trames=48174 irq=0 iq=0
  [sbwin] SB #4570 fn=47543 p51=11 tick=48216 : armee=1 one_shot=1 page_prog=64 rif_avant=0 nwin=64 marge=0 -> autre fenetre (PM/NB/continue) : SCH memorise pour la fenetre SB (dans une vraie fenetre SB : 31/4570)
  [sbwin] SB #4580 fn=47645 p51=11 tick=48318 : armee=1 one_shot=1 page_prog=64 rif_avant=0 nwin=64 marge=0 -> autre fenetre (PM/NB/continue) : SCH memorise pour la fenetre SB (dans une vraie fenetre SB : 31/4580)
  profil PC (22931 tranches, high-water 0xde92) : 9a80:11% 8240:9% 8380:8% 8200:4% 8300:4% 8540:4% 83c0:4% 9a40:4% a0c0:3% 81c0:3% 82c0:3% 8280:2%
  fn=48389   page=0 insn=1355    IDLE   d_fb_det=0     a_sch=0100 0000 0000 0000 sync=0000 1530 ffff  | trames=48391 irq=0 iq=0
  [sbwin] SB #4590 fn=47747 p51=11 tick=48420 : armee=1 one_shot=1 page_prog=64 rif_avant=0 nwin=64 marge=0 -> autre fenetre (PM/NB/continue) : SCH memorise pour la fenetre SB (dans une vraie fenetre SB : 31/4590)
  [sbwin] SB #4600 fn=47849 p51=11 tick=48522 : armee=1 one_shot=1 page_prog=64 rif_avant=0 nwin=64 marge=0 -> autre fenetre (PM/NB/continue) : SCH memorise pour la fenetre SB (dans une vraie fenetre SB : 31/4600)
  profil PC (22020 tranches, high-water 0xde92) : 9a80:11% 8240:9% 8380:8% 8200:4% 8300:4% 8540:4% 83c0:4% 9a40:4% a0c0:3% 81c0:3% 82c0:3% 8280:2%
  fn=48606   page=1 insn=121     IDLE   d_fb_det=0     a_sch=0100 0000 0000 0000 sync=0000 1530 ffff  | trames=48608 irq=0 iq=0
  hacks actifs : RHEA_DMA ; cadencement : STREAM LOCKSTEP  ; stimulus : none
  [sbwin] SB #4610 fn=47951 p51=11 tick=48624 : armee=1 one_shot=1 page_prog=64 rif_avant=0 nwin=64 marge=0 -> autre fenetre (PM/NB/continue) : SCH memorise pour la fenetre SB (dans une vraie fenetre SB : 31/4610)
  [sbwin] SB #4620 fn=48053 p51=11 tick=48726 : armee=1 one_shot=1 page_prog=64 rif_avant=0 nwin=64 marge=0 -> autre fenetre (PM/NB/continue) : SCH memorise pour la fenetre SB (dans une vraie fenetre SB : 31/4620)
  profil PC (23300 tranches, high-water 0xde92) : 9a80:11% 8240:9% 8380:8% 8200:4% 8300:4% 83c0:4% 8540:4% 9a40:4% a0c0:3% 81c0:3% 82c0:3% 9a00:2%
  fn=48823   page=0 insn=38154   IDLE   d_fb_det=0     a_sch=0100 0000 0000 0000 sync=0000 1530 ffff  | trames=48825 irq=0 iq=0
  [sbwin] SB #4630 fn=48155 p51=11 tick=48828 : armee=1 one_shot=1 page_prog=64 rif_avant=0 nwin=64 marge=0 -> autre fenetre (PM/NB/continue) : SCH memorise pour la fenetre SB (dans une vraie fenetre SB : 31/4630)
  [sbwin] SB #4640 fn=48257 p51=11 tick=48930 : armee=1 one_shot=1 page_prog=64 rif_avant=0 nwin=64 marge=0 -> autre fenetre (PM/NB/continue) : SCH memorise pour la fenetre SB (dans une vraie fenetre SB : 31/4640)
  [chrono] fn=48998 sur 1000 trames (ms) : qemu 3.47 | A 0.06 | go 0.28 | B 0.19 | apres DONE 0.62 | trame 4.62 (temps reel 4.62)
  [sbwin] SB #4650 fn=48359 p51=11 tick=49032 : armee=1 one_shot=1 page_prog=64 rif_avant=0 nwin=64 marge=0 -> autre fenetre (PM/NB/continue) : SCH memorise pour la fenetre SB (dans une vraie fenetre SB : 31/4650)
  profil PC (25310 tranches, high-water 0xde92) : 9a80:10% 8240:9% 8380:8% 8200:4% 8300:4% 83c0:4% 8540:4% 9a40:3% a0c0:3% 81c0:3% 82c0:3% 8280:2%
  fn=49040   page=0 insn=13663   IDLE   d_fb_det=0     a_sch=0100 0000 0000 0000 sync=0000 1530 ffff  | trames=49042 irq=0 iq=0
  [jalon] fn=49092 d_fb_det=1  hacks=RHEA_DMA
  [sbwin] SB #4656 fn=48420 p51=21 tick=49093 : armee=0 one_shot=0 page_prog=48 rif_avant=0 nwin=0 marge=0 -> DMA NON ARMEE (le RIF jette) : SCH memorise pour la fenetre SB (dans une vraie fenetre SB : 31/4656)
  [jalon] fn=49102 d_fb_det=1  hacks=RHEA_DMA
  [sbwin] SB #4657 fn=48430 p51=31 tick=49103 : armee=0 one_shot=0 page_prog=48 rif_avant=0 nwin=0 marge=0 -> DMA NON ARMEE (le RIF jette) : SCH memorise pour la fenetre SB (dans une vraie fenetre SB : 31/4657)
  [cmd] fn=49111 tache SB postee par l'ARM (W0 md=6 W1 md=0)
  [sb] fn=49111 p51=49 | FB a fn=49102 toa=8743 pm=5424 ang=-1 | TOA-ROM=8743 src=fine | a_sch=0100 crc_ko
  [a_sch] fn=49112 page=0 : 0100 0000 0000 0000 -> 8100 0016 f85d 01fb  (d_dsp_page=0003) TOA=0 PM=5521 SNR=12 crc_ko
  [sbwin] SB #4658 fn=48440 p51=41 tick=49113 : armee=1 one_shot=1 page_prog=191 rif_avant=0 nwin=191 marge=21 -> FENETRE SB (one-shot) (dans une vraie fenetre SB : 32/4658)
  [a_sch] fn=49113 page=1 : 0100 0000 0000 0000 -> 8100 8bc0 1192 000a  (d_dsp_page=0003) TOA=23 PM=5358 SNR=9256 crc_ko
  [a_sch] fn=49114 page=0 : 8100 0016 f85d 01fb -> 0100 0000 0000 0000  (d_dsp_page=0003) TOA=0 PM=0 SNR=0 crc_ko
  [a_sch] fn=49115 page=1 : 8100 8bc0 1192 000a -> 0100 0000 0000 0000  (d_dsp_page=0003) TOA=0 PM=0 SNR=0 crc_ko
  [jalon] fn=49123 d_fb_det=1  hacks=RHEA_DMA
  [sbwin] SB #4659 fn=48451 p51=1 tick=49124 : armee=0 one_shot=0 page_prog=48 rif_avant=0 nwin=0 marge=0 -> DMA NON ARMEE (le RIF jette) : SCH memorise pour la fenetre SB (dans une vraie fenetre SB : 32/4659)
  [jalon] fn=49133 d_fb_det=1  hacks=RHEA_DMA
  [sbwin] SB #4660 fn=48461 p51=11 tick=49134 : armee=0 one_shot=0 page_prog=48 rif_avant=0 nwin=0 marge=0 -> DMA NON ARMEE (le RIF jette) : SCH memorise pour la fenetre SB (dans une vraie fenetre SB : 32/4660)
  [cmd] fn=49142 tache SB postee par l'ARM (W0 md=6 W1 md=0)
  [sb] fn=49142 p51=29 | FB a fn=49133 toa=8743 pm=5431 ang=-1 | TOA-ROM=8743 src=fine | a_sch=0100 crc_ko
  [a_sch] fn=49143 page=0 : 0100 0000 0000 0000 -> 8100 0016 f85d 01fb  (d_dsp_page=0003) TOA=0 PM=5521 SNR=12 crc_ko
  [sbwin] SB #4661 fn=48471 p51=21 tick=49144 : armee=1 one_shot=1 page_prog=191 rif_avant=0 nwin=191 marge=21 -> FENETRE SB (one-shot) (dans une vraie fenetre SB : 33/4661)
  [a_sch] fn=49144 page=1 : 0100 0000 0000 0000 -> 8100 0bc4 12c2 001d  (d_dsp_page=0003) TOA=23 PM=5353 SNR=16384 crc_ko
  [a_sch] fn=49145 page=0 : 8100 0016 f85d 01fb -> 0100 0000 0000 0000  (d_dsp_page=0003) TOA=0 PM=0 SNR=0 crc_ko
  [a_sch] fn=49146 page=1 : 8100 0bc4 12c2 001d -> 0100 0000 0000 0000  (d_dsp_page=0003) TOA=0 PM=0 SNR=0 crc_ko
  [jalon] fn=49153 d_fb_det=1  hacks=RHEA_DMA
  [sbwin] SB #4662 fn=48481 p51=31 tick=49154 : armee=0 one_shot=0 page_prog=48 rif_avant=0 nwin=0 marge=0 -> DMA NON ARMEE (le RIF jette) : SCH memorise pour la fenetre SB (dans une vraie fenetre SB : 33/4662)
  [jalon] fn=49163 d_fb_det=1  hacks=RHEA_DMA
  [sbwin] SB #4663 fn=48491 p51=41 tick=49164 : armee=0 one_shot=0 page_prog=48 rif_avant=0 nwin=0 marge=0 -> DMA NON ARMEE (le RIF jette) : SCH memorise pour la fenetre SB (dans une vraie fenetre SB : 33/4663)
  [cmd] fn=49172 tache SB postee par l'ARM (W0 md=6 W1 md=0)
  [sb] fn=49172 p51=8 | FB a fn=49163 toa=8743 pm=5424 ang=-1 | TOA-ROM=8743 src=fine | a_sch=0100 crc_ko
  [a_sch] fn=49173 page=0 : 0100 0000 0000 0000 -> 8100 0172 86be 0060  (d_dsp_page=0003) TOA=23 PM=5416 SNR=427 crc_ko
  [a_sch] fn=49174 page=1 : 0100 0000 0000 0000 -> 8100 0016 f85d 01fb  (d_dsp_page=0003) TOA=0 PM=5521 SNR=12 crc_ko
  [sbwin] SB #4664 fn=48502 p51=1 tick=49175 : armee=0 one_shot=0 page_prog=191 rif_avant=0 nwin=0 marge=0 -> DMA NON ARMEE (le RIF jette) : SCH memorise pour la fenetre SB (dans une vraie fenetre SB : 33/4664)
  [a_sch] fn=49175 page=0 : 8100 0172 86be 0060 -> 0100 0000 0000 0000  (d_dsp_page=0003) TOA=0 PM=0 SNR=0 crc_ko
  [a_sch] fn=49176 page=1 : 8100 0016 f85d 01fb -> 0100 0000 0000 0000  (d_dsp_page=0003) TOA=0 PM=0 SNR=0 crc_ko
  [jalon] fn=49184 d_fb_det=1  hacks=RHEA_DMA
  [sbwin] SB #4665 fn=48512 p51=11 tick=49185 : armee=0 one_shot=0 page_prog=48 rif_avant=0 nwin=0 marge=0 -> DMA NON ARMEE (le RIF jette) : SCH memorise pour la fenetre SB (dans une vraie fenetre SB : 33/4665)
  [jalon] fn=49194 d_fb_det=1  hacks=RHEA_DMA
  [sbwin] SB #4666 fn=48522 p51=21 tick=49195 : armee=0 one_shot=0 page_prog=48 rif_avant=0 nwin=0 marge=0 -> DMA NON ARMEE (le RIF jette) : SCH memorise pour la fenetre SB (dans une vraie fenetre SB : 33/4666)
  [cmd] fn=49203 tache SB postee par l'ARM (W0 md=6 W1 md=0)
  [sb] fn=49203 p51=39 | FB a fn=49194 toa=8743 pm=5424 ang=-1 | TOA-ROM=8743 src=fine | a_sch=0100 crc_ko
  [a_sch] fn=49204 page=0 : 0100 0000 0000 0000 -> 8100 0016 f85d 01fb  (d_dsp_page=0003) TOA=0 PM=5521 SNR=12 crc_ko
  [sbwin] SB #4667 fn=48532 p51=31 tick=49205 : armee=1 one_shot=1 page_prog=191 rif_avant=0 nwin=191 marge=21 -> FENETRE SB (one-shot) (dans une vraie fenetre SB : 34/4667)
  [a_sch] fn=49205 page=1 : 0100 0000 0000 0000 -> 8000 069f 121c 0141  (d_dsp_page=0003) TOA=23 PM=5353 SNR=16384 CRC_OK
  [jalon] fn=49205 SB PLAUSIBLE page=1 BSIC=7 a_sch=8000 069f 121c 0141  hacks=RHEA_DMA
  [a_sch] fn=49206 page=0 : 8100 0016 f85d 01fb -> 0100 0000 0000 0000  (d_dsp_page=0003) TOA=0 PM=0 SNR=0 crc_ko
  [sbwin] SB #4668 fn=48542 p51=41 tick=49215 : armee=0 one_shot=0 page_prog=191 rif_avant=0 nwin=0 marge=0 -> DMA NON ARMEE (le RIF jette) : SCH memorise pour la fenetre SB (dans une vraie fenetre SB : 34/4668)
  [sbwin] SB #4669 fn=48553 p51=1 tick=49226 : armee=0 one_shot=0 page_prog=191 rif_avant=0 nwin=0 marge=0 -> DMA NON ARMEE (le RIF jette) : SCH memorise pour la fenetre SB (dans une vraie fenetre SB : 34/4669)
  [a_sch] fn=49229 page=1 : 8000 069f 121c 0141 -> 0100 0000 0000 0000  (d_dsp_page=0003) TOA=0 PM=0 SNR=0 crc_ko
  [sbwin] SB #4670 fn=48563 p51=11 tick=49236 : armee=0 one_shot=0 page_prog=151 rif_avant=0 nwin=0 marge=0 -> DMA NON ARMEE (le RIF jette) : SCH memorise pour la fenetre SB (dans une vraie fenetre SB : 34/4670)
  [sbwin] SB #4671 fn=48573 p51=21 tick=49246 : armee=0 one_shot=0 page_prog=151 rif_avant=0 nwin=0 marge=0 -> DMA NON ARMEE (le RIF jette) : SCH memorise pour la fenetre SB (dans une vraie fenetre SB : 34/4671)
  profil PC (26861 tranches, high-water 0xde92) : 77c0:16% 7800:9% 7840:9% 78c0:8% b2c0:3% 7a00:3% a680:3% 8480:3% 9a80:3% 7880:2% 75c0:2% 79c0:2%
  fn=49257   page=1 insn=121     IDLE   d_fb_det=0     a_sch=0100 0000 0000 0000 sync=0000 1530 ffff  | trames=49259 irq=0 iq=0
  [sbwin] SB #4680 fn=48665 p51=11 tick=49338 : armee=0 one_shot=0 page_prog=64 rif_avant=0 nwin=0 marge=0 -> DMA NON ARMEE (le RIF jette) : SCH memorise pour la fenetre SB (dans une vraie fenetre SB : 34/4680)
  [jalon] fn=49347 d_fb_det=1  hacks=RHEA_DMA
  [sbwin] SB #4681 fn=48675 p51=21 tick=49348 : armee=0 one_shot=0 page_prog=48 rif_avant=0 nwin=0 marge=0 -> DMA NON ARMEE (le RIF jette) : SCH memorise pour la fenetre SB (dans une vraie fenetre SB : 34/4681)
  [jalon] fn=49357 d_fb_det=1  hacks=RHEA_DMA
  [sbwin] SB #4682 fn=48685 p51=31 tick=49358 : armee=0 one_shot=0 page_prog=48 rif_avant=0 nwin=0 marge=0 -> DMA NON ARMEE (le RIF jette) : SCH memorise pour la fenetre SB (dans une vraie fenetre SB : 34/4682)
  [cmd] fn=49366 tache SB postee par l'ARM (W0 md=6 W1 md=0)
  [sb] fn=49366 p51=49 | FB a fn=49357 toa=8743 pm=5424 ang=-1 | TOA-ROM=8743 src=fine | a_sch=0100 crc_ko
  [a_sch] fn=49367 page=0 : 0100 0000 0000 0000 -> 8100 0016 f85d 01fb  (d_dsp_page=0003) TOA=0 PM=5521 SNR=12 crc_ko
  [sbwin] SB #4683 fn=48695 p51=41 tick=49368 : armee=1 one_shot=1 page_prog=191 rif_avant=0 nwin=191 marge=21 -> FENETRE SB (one-shot) (dans une vraie fenetre SB : 35/4683)
  [a_sch] fn=49368 page=1 : 0100 0000 0000 0000 -> 8000 034a 121c 005e  (d_dsp_page=0003) TOA=23 PM=5358 SNR=16384 CRC_OK
  [jalon] fn=49368 SB PLAUSIBLE page=1 BSIC=7 a_sch=8000 034a 121c 005e  hacks=RHEA_DMA
  [a_sch] fn=49369 page=0 : 8100 0016 f85d 01fb -> 0100 0000 0000 0000  (d_dsp_page=0003) TOA=0 PM=0 SNR=0 crc_ko
  [afc] fn=49372 w_page=0 relaye=-693 | page0=-693 page1=-700
  [sbwin] SB #4684 fn=48706 p51=1 tick=49379 : armee=0 one_shot=0 page_prog=191 rif_avant=0 nwin=0 marge=0 -> DMA NON ARMEE (le RIF jette) : SCH memorise pour la fenetre SB (dans une vraie fenetre SB : 35/4684)
  [afc] fn=49381 w_page=1 relaye=-693 | page0=-693 page1=-693
  [a_sch] fn=49382 page=1 : 8000 034a 121c 005e -> 0100 0000 0000 0000  (d_dsp_page=0003) TOA=0 PM=0 SNR=0 crc_ko
  [sbwin] SB #4685 fn=48716 p51=11 tick=49389 : armee=0 one_shot=0 page_prog=151 rif_avant=0 nwin=0 marge=0 -> DMA NON ARMEE (le RIF jette) : SCH memorise pour la fenetre SB (dans une vraie fenetre SB : 35/4685)
  [sbwin] SB #4686 fn=48726 p51=21 tick=49399 : armee=0 one_shot=0 page_prog=151 rif_avant=0 nwin=0 marge=0 -> DMA NON ARMEE (le RIF jette) : SCH memorise pour la fenetre SB (dans une vraie fenetre SB : 35/4686)
  [sbwin] SB #4687 fn=48736 p51=31 tick=49409 : armee=0 one_shot=0 page_prog=151 rif_avant=0 nwin=0 marge=0 -> DMA NON ARMEE (le RIF jette) : SCH memorise pour la fenetre SB (dans une vraie fenetre SB : 35/4687)
  [sbwin] SB #4690 fn=48767 p51=11 tick=49440 : armee=0 one_shot=0 page_prog=151 rif_avant=0 nwin=0 marge=0 -> DMA NON ARMEE (le RIF jette) : SCH memorise pour la fenetre SB (dans une vraie fenetre SB : 35/4690)
  profil PC (13350 tranches, high-water 0xde92) : 77c0:14% 7800:8% 7840:5% 9a80:5% a680:4% 8240:4% 8380:4% 78c0:4% b2c0:3% 71c0:2% 83c0:2% 8300:2%
  fn=49474   page=1 insn=121     IDLE   d_fb_det=0     a_sch=0100 0000 0000 0000 sync=0000 1530 ffff  | trames=49476 irq=0 iq=0
  [sbwin] SB #4700 fn=48869 p51=11 tick=49542 : armee=0 one_shot=0 page_prog=151 rif_avant=0 nwin=0 marge=0 -> DMA NON ARMEE (le RIF jette) : SCH memorise pour la fenetre SB (dans une vraie fenetre SB : 35/4700)
  [afc] fn=49641 w_page=0 relaye=-700 | page0=-700 page1=-693
  [afc] fn=49642 w_page=1 relaye=-700 | page0=-700 page1=-700
  [jalon] fn=49643 d_fb_det=1  hacks=RHEA_DMA
  [sbwin] SB #4710 fn=48971 p51=11 tick=49644 : armee=0 one_shot=0 page_prog=48 rif_avant=0 nwin=0 marge=0 -> DMA NON ARMEE (le RIF jette) : SCH memorise pour la fenetre SB (dans une vraie fenetre SB : 35/4710)
  [jalon] fn=49653 d_fb_det=1  hacks=RHEA_DMA
  [sbwin] SB #4711 fn=48981 p51=21 tick=49654 : armee=0 one_shot=0 page_prog=48 rif_avant=0 nwin=0 marge=0 -> DMA NON ARMEE (le RIF jette) : SCH memorise pour la fenetre SB (dans une vraie fenetre SB : 35/4711)
  [cmd] fn=49662 tache SB postee par l'ARM (W0 md=6 W1 md=0)
  [sb] fn=49662 p51=39 | FB a fn=49653 toa=8743 pm=5424 ang=-1 | TOA-ROM=8743 src=fine | a_sch=0100 crc_ko
  [a_sch] fn=49663 page=0 : 0100 0000 0000 0000 -> 8100 0016 f85d 01fb  (d_dsp_page=0003) TOA=0 PM=5521 SNR=12 crc_ko
  [sbwin] SB #4712 fn=48991 p51=31 tick=49664 : armee=1 one_shot=1 page_prog=191 rif_avant=0 nwin=191 marge=21 -> FENETRE SB (one-shot) (dans une vraie fenetre SB : 36/4712)
  [a_sch] fn=49664 page=1 : 0100 0000 0000 0000 -> 8000 04a2 121c 011d  (d_dsp_page=0003) TOA=23 PM=5344 SNR=16384 CRC_OK
  [jalon] fn=49664 SB PLAUSIBLE page=1 BSIC=7 a_sch=8000 04a2 121c 011d  hacks=RHEA_DMA
  [a_sch] fn=49665 page=0 : 8100 0016 f85d 01fb -> 0100 0000 0000 0000  (d_dsp_page=0003) TOA=0 PM=0 SNR=0 crc_ko
  [sbwin] SB #4713 fn=49001 p51=41 tick=49674 : armee=0 one_shot=0 page_prog=64 rif_avant=0 nwin=0 marge=0 -> DMA NON ARMEE (le RIF jette) : SCH memorise pour la fenetre SB (dans une vraie fenetre SB : 36/4713)
  [sbwin] SB #4714 fn=49012 p51=1 tick=49685 : armee=0 one_shot=0 page_prog=64 rif_avant=0 nwin=0 marge=0 -> DMA NON ARMEE (le RIF jette) : SCH memorise pour la fenetre SB (dans une vraie fenetre SB : 36/4714)
  [a_sch] fn=49685 page=1 : 8000 04a2 121c 011d -> 0100 0000 0000 0000  (d_dsp_page=0002) TOA=0 PM=0 SNR=0 crc_ko
  profil PC (19208 tranches, high-water 0xde92) : 8240:8% 9a80:8% 8380:7% 77c0:5% 83c0:4% 8200:3% 8300:3% 8540:3% 7800:3% 7840:3% a680:3% 9a40:2%
  fn=49691   page=1 insn=13663   IDLE   d_fb_det=0     a_sch=0100 0000 0000 0000 sync=0000 1530 ffff  | trames=49693 irq=0 iq=0
  [sbwin] SB #4715 fn=49022 p51=11 tick=49695 : armee=0 one_shot=0 page_prog=64 rif_avant=0 nwin=0 marge=0 -> DMA NON ARMEE (le RIF jette) : SCH memorise pour la fenetre SB (dans une vraie fenetre SB : 36/4715)
  [sbwin] SB #4716 fn=49032 p51=21 tick=49705 : armee=0 one_shot=0 page_prog=64 rif_avant=0 nwin=0 marge=0 -> DMA NON ARMEE (le RIF jette) : SCH memorise pour la fenetre SB (dans une vraie fenetre SB : 36/4716)
  [sbwin] SB #4720 fn=49073 p51=11 tick=49746 : armee=0 one_shot=0 page_prog=64 rif_avant=0 nwin=0 marge=0 -> DMA NON ARMEE (le RIF jette) : SCH memorise pour la fenetre SB (dans une vraie fenetre SB : 36/4720)
  [sbwin] SB #4730 fn=49175 p51=11 tick=49848 : armee=0 one_shot=0 page_prog=64 rif_avant=0 nwin=0 marge=0 -> DMA NON ARMEE (le RIF jette) : SCH memorise pour la fenetre SB (dans une vraie fenetre SB : 36/4730)
  profil PC (24372 tranches, high-water 0xde92) : 9a80:11% 8240:11% 8380:10% 83c0:5% 8200:5% 8300:4% 8540:4% 9a40:4% a0c0:3% 81c0:3% 82c0:3% 9a00:2%
  fn=49908   page=1 insn=1357    IDLE   d_fb_det=0     a_sch=0100 0000 0000 0000 sync=0000 1530 ffff  | trames=49910 irq=0 iq=0
  [sbwin] SB #4740 fn=49277 p51=11 tick=49950 : armee=0 one_shot=0 page_prog=64 rif_avant=0 nwin=0 marge=0 -> DMA NON ARMEE (le RIF jette) : SCH memorise pour la fenetre SB (dans une vraie fenetre SB : 36/4740)
  [chrono] fn=49998 sur 1000 trames (ms) : qemu 3.58 | A 0.04 | go 0.25 | B 0.23 | apres DONE 0.53 | trame 4.62 (temps reel 4.62)
  [sbwin] SB #4750 fn=49379 p51=11 tick=50052 : armee=0 one_shot=0 page_prog=64 rif_avant=0 nwin=0 marge=0 -> DMA NON ARMEE (le RIF jette) : SCH memorise pour la fenetre SB (dans une vraie fenetre SB : 36/4750)
  profil PC (21052 tranches, high-water 0xde92) : 9a80:11% 8240:11% 8380:10% 83c0:5% 8200:5% 8300:4% 8540:4% 9a40:4% a0c0:3% 81c0:3% 82c0:3% 9a00:2%
  fn=50125   page=0 insn=121     IDLE   d_fb_det=0     a_sch=0100 0000 0000 0000 sync=0000 1530 ffff  | trames=50127 irq=0 iq=0
  [sbwin] SB #4760 fn=49481 p51=11 tick=50154 : armee=0 one_shot=0 page_prog=64 rif_avant=0 nwin=0 marge=0 -> DMA NON ARMEE (le RIF jette) : SCH memorise pour la fenetre SB (dans une vraie fenetre SB : 36/4760)
  [sbwin] SB #4770 fn=49583 p51=11 tick=50256 : armee=0 one_shot=0 page_prog=64 rif_avant=0 nwin=0 marge=0 -> DMA NON ARMEE (le RIF jette) : SCH memorise pour la fenetre SB (dans une vraie fenetre SB : 36/4770)
  profil PC (21055 tranches, high-water 0xde92) : 9a80:11% 8240:11% 8380:10% 83c0:5% 8200:5% 8300:4% 8540:4% 9a40:4% a0c0:3% 81c0:3% 82c0:3% 9a00:2%
  fn=50342   page=1 insn=121     IDLE   d_fb_det=0     a_sch=0100 0000 0000 0000 sync=0000 1530 ffff  | trames=50344 irq=0 iq=0
  hacks actifs : RHEA_DMA ; cadencement : STREAM LOCKSTEP  ; stimulus : none
  [sbwin] SB #4780 fn=49685 p51=11 tick=50358 : armee=0 one_shot=0 page_prog=64 rif_avant=0 nwin=0 marge=0 -> DMA NON ARMEE (le RIF jette) : SCH memorise pour la fenetre SB (dans une vraie fenetre SB : 36/4780)
  [sbwin] SB #4790 fn=49787 p51=11 tick=50460 : armee=0 one_shot=0 page_prog=64 rif_avant=0 nwin=0 marge=0 -> DMA NON ARMEE (le RIF jette) : SCH memorise pour la fenetre SB (dans une vraie fenetre SB : 36/4790)
  profil PC (22970 tranches, high-water 0xde92) : 8240:11% 9a80:11% 8380:10% 83c0:5% 8200:5% 8300:4% 8540:4% 9a40:4% a0c0:3% 81c0:3% 82c0:3% 9a00:2%
  fn=50559   page=1 insn=13661   IDLE   d_fb_det=0     a_sch=0100 0000 0000 0000 sync=0000 1530 ffff  | trames=50561 irq=0 iq=0
  [sbwin] SB #4800 fn=49889 p51=11 tick=50562 : armee=0 one_shot=0 page_prog=64 rif_avant=0 nwin=0 marge=0 -> DMA NON ARMEE (le RIF jette) : SCH memorise pour la fenetre SB (dans une vraie fenetre SB : 36/4800)
  [sbwin] SB #4810 fn=49991 p51=11 tick=50664 : armee=0 one_shot=0 page_prog=64 rif_avant=0 nwin=0 marge=0 -> DMA NON ARMEE (le RIF jette) : SCH memorise pour la fenetre SB (dans une vraie fenetre SB : 36/4810)
  [sbwin] SB #4820 fn=50093 p51=11 tick=50766 : armee=0 one_shot=0 page_prog=64 rif_avant=0 nwin=0 marge=0 -> DMA NON ARMEE (le RIF jette) : SCH memorise pour la fenetre SB (dans une vraie fenetre SB : 36/4820)
  profil PC (24149 tranches, high-water 0xde92) : 9a80:12% 8240:11% 8380:10% 83c0:5% 8200:5% 8300:4% 8540:4% 9a40:4% a0c0:3% 81c0:3% 82c0:3% 9a00:2%
  fn=50776   page=0 insn=121     IDLE   d_fb_det=0     a_sch=0100 0000 0000 0000 sync=0000 1530 ffff  | trames=50778 irq=0 iq=0
  [sbwin] SB #4830 fn=50195 p51=11 tick=50868 : armee=0 one_shot=0 page_prog=64 rif_avant=0 nwin=0 marge=0 -> DMA NON ARMEE (le RIF jette) : SCH memorise pour la fenetre SB (dans une vraie fenetre SB : 36/4830)
  [ts0] tick=50930 fn=50257 p51=22 NB fenetre=0 marge=0 rif_avant=0
  [sbwin] SB #4840 fn=50297 p51=11 tick=50970 : armee=0 one_shot=0 page_prog=64 rif_avant=0 nwin=0 marge=0 -> DMA NON ARMEE (le RIF jette) : SCH memorise pour la fenetre SB (dans une vraie fenetre SB : 36/4840)
  profil PC (21052 tranches, high-water 0xde92) : 9a80:11% 8240:11% 8380:10% 83c0:5% 8200:5% 8300:4% 8540:4% 9a40:4% a0c0:3% 81c0:3% 82c0:3% 9a00:2%
  fn=50993   page=1 insn=121     IDLE   d_fb_det=0     a_sch=0100 0000 0000 0000 sync=0000 1530 ffff  | trames=50995 irq=0 iq=0
  [chrono] fn=50998 sur 1000 trames (ms) : qemu 3.57 | A 0.05 | go 0.25 | B 0.17 | apres DONE 0.57 | trame 4.61 (temps reel 4.62)
  [sbwin] SB #4850 fn=50399 p51=11 tick=51072 : armee=0 one_shot=0 page_prog=64 rif_avant=0 nwin=0 marge=0 -> DMA NON ARMEE (le RIF jette) : SCH memorise pour la fenetre SB (dans une vraie fenetre SB : 36/4850)
  [sbwin] SB #4860 fn=50501 p51=11 tick=51174 : armee=0 one_shot=0 page_prog=64 rif_avant=0 nwin=0 marge=0 -> DMA NON ARMEE (le RIF jette) : SCH memorise pour la fenetre SB (dans une vraie fenetre SB : 36/4860)
  profil PC (21055 tranches, high-water 0xde92) : 9a80:11% 8240:11% 8380:10% 83c0:5% 8200:5% 8300:4% 8540:4% 9a40:4% a0c0:3% 81c0:3% 82c0:3% 9a00:2%
  fn=51210   page=0 insn=121     IDLE   d_fb_det=0     a_sch=0100 0000 0000 0000 sync=0000 1530 ffff  | trames=51212 irq=0 iq=0
  [sbwin] SB #4870 fn=50603 p51=11 tick=51276 : armee=0 one_shot=0 page_prog=64 rif_avant=0 nwin=0 marge=0 -> DMA NON ARMEE (le RIF jette) : SCH memorise pour la fenetre SB (dans une vraie fenetre SB : 36/4870)
  [sbwin] SB #4880 fn=50705 p51=11 tick=51378 : armee=0 one_shot=0 page_prog=64 rif_avant=0 nwin=0 marge=0 -> DMA NON ARMEE (le RIF jette) : SCH memorise pour la fenetre SB (dans une vraie fenetre SB : 36/4880)
  profil PC (23547 tranches, high-water 0xde92) : 9a80:11% 8240:11% 8380:10% 83c0:5% 8200:5% 8300:4% 8540:4% 9a40:4% a0c0:3% 81c0:3% 82c0:3% 9a00:2%
  fn=51427   page=1 insn=36256   IDLE   d_fb_det=0     a_sch=0100 0000 0000 0000 sync=0000 1530 ffff  | trames=51429 irq=0 iq=0
  [sbwin] SB #4890 fn=50807 p51=11 tick=51480 : armee=0 one_shot=0 page_prog=64 rif_avant=0 nwin=0 marge=0 -> DMA NON ARMEE (le RIF jette) : SCH memorise pour la fenetre SB (dans une vraie fenetre SB : 36/4890)
  [sbwin] SB #4900 fn=50909 p51=11 tick=51582 : armee=0 one_shot=0 page_prog=64 rif_avant=0 nwin=0 marge=0 -> DMA NON ARMEE (le RIF jette) : SCH memorise pour la fenetre SB (dans une vraie fenetre SB : 36/4900)
  profil PC (23572 tranches, high-water 0xde92) : 9a80:11% 8240:11% 8380:10% 83c0:5% 8200:5% 8300:4% 8540:4% 9a40:4% a0c0:3% 81c0:3% 82c0:3% 9a00:2%
  fn=51644   page=1 insn=121     IDLE   d_fb_det=0     a_sch=0100 0000 0000 0000 sync=0000 1530 ffff  | trames=51646 irq=0 iq=0
  [sbwin] SB #4910 fn=51011 p51=11 tick=51684 : armee=0 one_shot=0 page_prog=64 rif_avant=0 nwin=0 marge=0 -> DMA NON ARMEE (le RIF jette) : SCH memorise pour la fenetre SB (dans une vraie fenetre SB : 36/4910)
  [sbwin] SB #4920 fn=51113 p51=11 tick=51786 : armee=0 one_shot=0 page_prog=64 rif_avant=0 nwin=0 marge=0 -> DMA NON ARMEE (le RIF jette) : SCH memorise pour la fenetre SB (dans une vraie fenetre SB : 36/4920)
  profil PC (21052 tranches, high-water 0xde92) : 9a80:11% 8240:11% 8380:10% 83c0:5% 8200:5% 8300:4% 8540:4% 9a40:4% a0c0:3% 81c0:3% 82c0:3% 9a00:2%
  fn=51861   page=0 insn=121     IDLE   d_fb_det=0     a_sch=0100 0000 0000 0000 sync=0000 1530 ffff  | trames=51863 irq=0 iq=0
  [sbwin] SB #4930 fn=51215 p51=11 tick=51888 : armee=0 one_shot=0 page_prog=64 rif_avant=0 nwin=0 marge=0 -> DMA NON ARMEE (le RIF jette) : SCH memorise pour la fenetre SB (dans une vraie fenetre SB : 36/4930)
  [sbwin] SB #4940 fn=51317 p51=11 tick=51990 : armee=0 one_shot=0 page_prog=64 rif_avant=0 nwin=0 marge=0 -> DMA NON ARMEE (le RIF jette) : SCH memorise pour la fenetre SB (dans une vraie fenetre SB : 36/4940)
  [chrono] fn=51998 sur 1000 trames (ms) : qemu 3.62 | A 0.05 | go 0.25 | B 0.16 | apres DONE 0.53 | trame 4.62 (temps reel 4.62)
  profil PC (21055 tranches, high-water 0xde92) : 9a80:11% 8240:11% 8380:10% 83c0:5% 8200:5% 8300:4% 8540:4% 9a40:4% a0c0:3% 81c0:3% 82c0:3% 9a00:2%
  fn=52078   page=1 insn=121     IDLE   d_fb_det=0     a_sch=0100 0000 0000 0000 sync=0000 1530 ffff  | trames=52080 irq=0 iq=0
  hacks actifs : RHEA_DMA ; cadencement : STREAM LOCKSTEP  ; stimulus : none
  [sbwin] SB #4950 fn=51419 p51=11 tick=52092 : armee=0 one_shot=0 page_prog=64 rif_avant=0 nwin=0 marge=0 -> DMA NON ARMEE (le RIF jette) : SCH memorise pour la fenetre SB (dans une vraie fenetre SB : 36/4950)
  [sbwin] SB #4960 fn=51521 p51=11 tick=52194 : armee=0 one_shot=0 page_prog=64 rif_avant=0 nwin=0 marge=0 -> DMA NON ARMEE (le RIF jette) : SCH memorise pour la fenetre SB (dans une vraie fenetre SB : 36/4960)
  profil PC (23569 tranches, high-water 0xde92) : 9a80:11% 8240:11% 8380:10% 83c0:5% 8200:5% 8300:4% 8540:4% 9a40:4% a0c0:3% 81c0:3% 82c0:3% 9a00:2%
  fn=52295   page=1 insn=1357    IDLE   d_fb_det=0     a_sch=0100 0000 0000 0000 sync=0000 1530 ffff  | trames=52297 irq=0 iq=0
  [sbwin] SB #4970 fn=51623 p51=11 tick=52296 : armee=0 one_shot=0 page_prog=64 rif_avant=0 nwin=0 marge=0 -> DMA NON ARMEE (le RIF jette) : SCH memorise pour la fenetre SB (dans une vraie fenetre SB : 36/4970)
  [sbwin] SB #4980 fn=51725 p51=11 tick=52398 : armee=0 one_shot=0 page_prog=64 rif_avant=0 nwin=0 marge=0 -> DMA NON ARMEE (le RIF jette) : SCH memorise pour la fenetre SB (dans une vraie fenetre SB : 36/4980)
  [sbwin] SB #4990 fn=51827 p51=11 tick=52500 : armee=0 one_shot=0 page_prog=64 rif_avant=0 nwin=0 marge=0 -> DMA NON ARMEE (le RIF jette) : SCH memorise pour la fenetre SB (dans une vraie fenetre SB : 36/4990)
  profil PC (23548 tranches, high-water 0xde92) : 9a80:11% 8240:11% 8380:10% 83c0:5% 8200:5% 8300:4% 8540:4% 9a40:4% a0c0:3% 81c0:3% 82c0:3% 9a00:2%
  fn=52512   page=0 insn=121     IDLE   d_fb_det=0     a_sch=0100 0000 0000 0000 sync=0000 1530 ffff  | trames=52514 irq=0 iq=0
  [sbwin] SB #5000 fn=51929 p51=11 tick=52602 : armee=0 one_shot=0 page_prog=64 rif_avant=0 nwin=0 marge=0 -> DMA NON ARMEE (le RIF jette) : SCH memorise pour la fenetre SB (dans une vraie fenetre SB : 36/5000)
  [sbwin] SB #5010 fn=52031 p51=11 tick=52704 : armee=0 one_shot=0 page_prog=64 rif_avant=0 nwin=0 marge=0 -> DMA NON ARMEE (le RIF jette) : SCH memorise pour la fenetre SB (dans une vraie fenetre SB : 36/5010)
  profil PC (21055 tranches, high-water 0xde92) : 9a80:11% 8240:11% 8380:10% 83c0:5% 8200:5% 8300:4% 8540:4% 9a40:4% a0c0:3% 81c0:3% 82c0:3% 9a00:2%
  fn=52729   page=1 insn=121     IDLE   d_fb_det=0     a_sch=0100 0000 0000 0000 sync=0000 1530 ffff  | trames=52731 irq=0 iq=0
  [sbwin] SB #5020 fn=52133 p51=11 tick=52806 : armee=0 one_shot=0 page_prog=64 rif_avant=0 nwin=0 marge=0 -> DMA NON ARMEE (le RIF jette) : SCH memorise pour la fenetre SB (dans une vraie fenetre SB : 36/5020)
  [sbwin] SB #5030 fn=52235 p51=11 tick=52908 : armee=0 one_shot=0 page_prog=64 rif_avant=0 nwin=0 marge=0 -> DMA NON ARMEE (le RIF jette) : SCH memorise pour la fenetre SB (dans une vraie fenetre SB : 36/5030)
  profil PC (21052 tranches, high-water 0xde92) : 9a80:11% 8240:11% 8380:10% 83c0:5% 8200:5% 8300:4% 8540:4% 9a40:4% a0c0:3% 81c0:3% 82c0:3% 9a00:2%
  fn=52946   page=0 insn=121     IDLE   d_fb_det=0     a_sch=0100 0000 0000 0000 sync=0000 1530 ffff  | trames=52948 irq=0 iq=0
  [chrono] fn=52998 sur 1000 trames (ms) : qemu 3.60 | A 0.05 | go 0.26 | B 0.17 | apres DONE 0.52 | trame 4.61 (temps reel 4.62)
  [sbwin] SB #5040 fn=52337 p51=11 tick=53010 : armee=0 one_shot=0 page_prog=64 rif_avant=0 nwin=0 marge=0 -> DMA NON ARMEE (le RIF jette) : SCH memorise pour la fenetre SB (dans une vraie fenetre SB : 36/5040)
  [sbwin] SB #5050 fn=52439 p51=11 tick=53112 : armee=0 one_shot=0 page_prog=64 rif_avant=0 nwin=0 marge=0 -> DMA NON ARMEE (le RIF jette) : SCH memorise pour la fenetre SB (dans une vraie fenetre SB : 36/5050)
  profil PC (23569 tranches, high-water 0xde92) : 9a80:11% 8240:11% 8380:10% 83c0:5% 8200:5% 8300:4% 8540:4% 9a40:4% a0c0:3% 81c0:3% 82c0:3% 9a00:2%
  fn=53163   page=0 insn=121     IDLE   d_fb_det=0     a_sch=0100 0000 0000 0000 sync=0000 1530 ffff  | trames=53165 irq=0 iq=0
  [sbwin] SB #5060 fn=52541 p51=11 tick=53214 : armee=0 one_shot=0 page_prog=64 rif_avant=0 nwin=0 marge=0 -> DMA NON ARMEE (le RIF jette) : SCH memorise pour la fenetre SB (dans une vraie fenetre SB : 36/5060)
  [sbwin] SB #5070 fn=52643 p51=11 tick=53316 : armee=0 one_shot=0 page_prog=64 rif_avant=0 nwin=0 marge=0 -> DMA NON ARMEE (le RIF jette) : SCH memorise pour la fenetre SB (dans une vraie fenetre SB : 36/5070)
  profil PC (23548 tranches, high-water 0xde92) : 9a80:11% 8240:11% 8380:10% 83c0:5% 8200:5% 8300:4% 8540:4% 9a40:4% a0c0:3% 81c0:3% 82c0:3% 9a00:2%
  fn=53380   page=1 insn=121     IDLE   d_fb_det=0     a_sch=0100 0000 0000 0000 sync=0000 1530 ffff  | trames=53382 irq=0 iq=0
  [sbwin] SB #5080 fn=52745 p51=11 tick=53418 : armee=0 one_shot=0 page_prog=64 rif_avant=0 nwin=0 marge=0 -> DMA NON ARMEE (le RIF jette) : SCH memorise pour la fenetre SB (dans une vraie fenetre SB : 36/5080)
  [sbwin] SB #5090 fn=52847 p51=11 tick=53520 : armee=0 one_shot=0 page_prog=64 rif_avant=0 nwin=0 marge=0 -> DMA NON ARMEE (le RIF jette) : SCH memorise pour la fenetre SB (dans une vraie fenetre SB : 36/5090)
  profil PC (21055 tranches, high-water 0xde92) : 9a80:11% 8240:11% 8380:10% 83c0:5% 8200:5% 8300:4% 8540:4% 9a40:4% a0c0:3% 81c0:3% 82c0:3% 9a00:2%
  fn=53597   page=0 insn=121     IDLE   d_fb_det=0     a_sch=0100 0000 0000 0000 sync=0000 1530 ffff  | trames=53599 irq=0 iq=0
  [sbwin] SB #5100 fn=52949 p51=11 tick=53622 : armee=0 one_shot=0 page_prog=64 rif_avant=0 nwin=0 marge=0 -> DMA NON ARMEE (le RIF jette) : SCH memorise pour la fenetre SB (dans une vraie fenetre SB : 36/5100)
  [sbwin] SB #5110 fn=53051 p51=11 tick=53724 : armee=0 one_shot=0 page_prog=64 rif_avant=0 nwin=0 marge=0 -> DMA NON ARMEE (le RIF jette) : SCH memorise pour la fenetre SB (dans une vraie fenetre SB : 36/5110)
  profil PC (21052 tranches, high-water 0xde92) : 9a80:11% 8240:11% 8380:10% 83c0:5% 8200:5% 8300:4% 8540:4% 9a40:4% a0c0:3% 81c0:3% 82c0:3% 9a00:2%
  fn=53814   page=1 insn=121     IDLE   d_fb_det=0     a_sch=0100 0000 0000 0000 sync=0000 1530 ffff  | trames=53816 irq=0 iq=0
  hacks actifs : RHEA_DMA ; cadencement : STREAM LOCKSTEP  ; stimulus : none
  [sbwin] SB #5120 fn=53153 p51=11 tick=53826 : armee=0 one_shot=0 page_prog=64 rif_avant=0 nwin=0 marge=0 -> DMA NON ARMEE (le RIF jette) : SCH memorise pour la fenetre SB (dans une vraie fenetre SB : 36/5120)
  [sbwin] SB #5130 fn=53255 p51=11 tick=53928 : armee=0 one_shot=0 page_prog=64 rif_avant=0 nwin=0 marge=0 -> DMA NON ARMEE (le RIF jette) : SCH memorise pour la fenetre SB (dans une vraie fenetre SB : 36/5130)
  [chrono] fn=53998 sur 1000 trames (ms) : qemu 3.56 | A 0.06 | go 0.27 | B 0.16 | apres DONE 0.57 | trame 4.62 (temps reel 4.62)
  [sbwin] SB #5140 fn=53357 p51=11 tick=54030 : armee=0 one_shot=0 page_prog=64 rif_avant=0 nwin=0 marge=0 -> DMA NON ARMEE (le RIF jette) : SCH memorise pour la fenetre SB (dans une vraie fenetre SB : 36/5140)
  profil PC (23796 tranches, high-water 0xde92) : 9a80:11% 8240:11% 8380:10% 83c0:5% 8200:5% 8300:4% 8540:4% 9a40:4% a0c0:3% 81c0:3% 82c0:3% 9a00:2%
  fn=54031   page=0 insn=13783   IDLE   d_fb_det=0     a_sch=0100 0000 0000 0000 sync=0000 1530 ffff  | trames=54033 irq=0 iq=0
  [sbwin] SB #5150 fn=53459 p51=11 tick=54132 : armee=0 one_shot=0 page_prog=64 rif_avant=0 nwin=0 marge=0 -> DMA NON ARMEE (le RIF jette) : SCH memorise pour la fenetre SB (dans une vraie fenetre SB : 36/5150)
  [sbwin] SB #5160 fn=53561 p51=11 tick=54234 : armee=0 one_shot=0 page_prog=64 rif_avant=0 nwin=0 marge=0 -> DMA NON ARMEE (le RIF jette) : SCH memorise pour la fenetre SB (dans une vraie fenetre SB : 36/5160)
  profil PC (23323 tranches, high-water 0xde92) : 9a80:11% 8240:11% 8380:10% 83c0:5% 8200:5% 8300:4% 8540:4% 9a40:4% a0c0:3% 81c0:3% 82c0:3% 9a00:2%
  fn=54248   page=0 insn=121     IDLE   d_fb_det=0     a_sch=0100 0000 0000 0000 sync=0000 1530 ffff  | trames=54250 irq=0 iq=0
  [sbwin] SB #5170 fn=53663 p51=11 tick=54336 : armee=0 one_shot=0 page_prog=64 rif_avant=0 nwin=0 marge=0 -> DMA NON ARMEE (le RIF jette) : SCH memorise pour la fenetre SB (dans une vraie fenetre SB : 36/5170)
  [sbwin] SB #5180 fn=53765 p51=11 tick=54438 : armee=0 one_shot=0 page_prog=64 rif_avant=0 nwin=0 marge=0 -> DMA NON ARMEE (le RIF jette) : SCH memorise pour la fenetre SB (dans une vraie fenetre SB : 36/5180)
  profil PC (21055 tranches, high-water 0xde92) : 9a80:11% 8240:11% 8380:10% 83c0:5% 8200:5% 8300:4% 8540:4% 9a40:4% a0c0:3% 81c0:3% 82c0:3% 9a00:2%
  fn=54465   page=1 insn=121     IDLE   d_fb_det=0     a_sch=0100 0000 0000 0000 sync=0000 1530 ffff  | trames=54467 irq=0 iq=0
  [sbwin] SB #5190 fn=53867 p51=11 tick=54540 : armee=0 one_shot=0 page_prog=64 rif_avant=0 nwin=0 marge=0 -> DMA NON ARMEE (le RIF jette) : SCH memorise pour la fenetre SB (dans une vraie fenetre SB : 36/5190)
  [sbwin] SB #5200 fn=53969 p51=11 tick=54642 : armee=0 one_shot=0 page_prog=64 rif_avant=0 nwin=0 marge=0 -> DMA NON ARMEE (le RIF jette) : SCH memorise pour la fenetre SB (dans une vraie fenetre SB : 36/5200)
  profil PC (21073 tranches, high-water 0xde92) : 9a80:11% 8240:11% 8380:10% 83c0:5% 8200:5% 8300:4% 8540:4% 9a40:4% a0c0:3% 81c0:3% 82c0:3% 9a00:2%
  fn=54682   page=1 insn=1357    IDLE   d_fb_det=0     a_sch=0100 0000 0000 0000 sync=0000 1530 ffff  | trames=54684 irq=0 iq=0
  [sbwin] SB #5210 fn=54071 p51=11 tick=54744 : armee=0 one_shot=0 page_prog=64 rif_avant=0 nwin=0 marge=0 -> DMA NON ARMEE (le RIF jette) : SCH memorise pour la fenetre SB (dans une vraie fenetre SB : 36/5210)
  [sbwin] SB #5220 fn=54173 p51=11 tick=54846 : armee=0 one_shot=0 page_prog=64 rif_avant=0 nwin=0 marge=0 -> DMA NON ARMEE (le RIF jette) : SCH memorise pour la fenetre SB (dans une vraie fenetre SB : 36/5220)
  profil PC (23998 tranches, high-water 0xde92) : 9a80:11% 8240:11% 8380:10% 83c0:5% 8200:5% 8300:4% 8540:4% 9a40:4% a0c0:3% 81c0:3% 82c0:3% 9a00:2%
  fn=54899   page=0 insn=13657   IDLE   d_fb_det=0     a_sch=0100 0000 0000 0000 sync=0000 1530 ffff  | trames=54901 irq=0 iq=0
  [sbwin] SB #5230 fn=54275 p51=11 tick=54948 : armee=0 one_shot=0 page_prog=64 rif_avant=0 nwin=0 marge=0 -> DMA NON ARMEE (le RIF jette) : SCH memorise pour la fenetre SB (dans une vraie fenetre SB : 36/5230)
  [chrono] fn=54998 sur 1000 trames (ms) : qemu 3.64 | A 0.05 | go 0.24 | B 0.17 | apres DONE 0.51 | trame 4.62 (temps reel 4.62)
  [jalon] fn=55018 d_fb_det=1  hacks=RHEA_DMA
  [sbwin] SB #5237 fn=54346 p51=31 tick=55019 : armee=0 one_shot=0 page_prog=48 rif_avant=0 nwin=0 marge=0 -> DMA NON ARMEE (le RIF jette) : SCH memorise pour la fenetre SB (dans une vraie fenetre SB : 36/5237)
  [jalon] fn=55028 d_fb_det=1  hacks=RHEA_DMA
  [sbwin] SB #5238 fn=54356 p51=41 tick=55029 : armee=0 one_shot=0 page_prog=48 rif_avant=0 nwin=0 marge=0 -> DMA NON ARMEE (le RIF jette) : SCH memorise pour la fenetre SB (dans une vraie fenetre SB : 36/5238)
  [cmd] fn=55037 tache SB postee par l'ARM (W0 md=6 W1 md=0)
  [sb] fn=55037 p51=8 | FB a fn=55028 toa=8743 pm=5424 ang=-1 | TOA-ROM=8743 src=fine | a_sch=0100 crc_ko
  [a_sch] fn=55038 page=0 : 0100 0000 0000 0000 -> 8100 0172 86be 0060  (d_dsp_page=0003) TOA=23 PM=5416 SNR=427 crc_ko
  [a_sch] fn=55039 page=1 : 0100 0000 0000 0000 -> 8100 0016 f85d 01fb  (d_dsp_page=0003) TOA=0 PM=5521 SNR=12 crc_ko
  [sbwin] SB #5239 fn=54367 p51=1 tick=55040 : armee=0 one_shot=0 page_prog=191 rif_avant=0 nwin=0 marge=0 -> DMA NON ARMEE (le RIF jette) : SCH memorise pour la fenetre SB (dans une vraie fenetre SB : 36/5239)
  [a_sch] fn=55040 page=0 : 8100 0172 86be 0060 -> 0100 0000 0000 0000  (d_dsp_page=0003) TOA=0 PM=0 SNR=0 crc_ko
  [a_sch] fn=55041 page=1 : 8100 0016 f85d 01fb -> 0100 0000 0000 0000  (d_dsp_page=0003) TOA=0 PM=0 SNR=0 crc_ko
  [jalon] fn=55049 d_fb_det=1  hacks=RHEA_DMA
  [sbwin] SB #5240 fn=54377 p51=11 tick=55050 : armee=0 one_shot=0 page_prog=48 rif_avant=0 nwin=0 marge=0 -> DMA NON ARMEE (le RIF jette) : SCH memorise pour la fenetre SB (dans une vraie fenetre SB : 36/5240)
  [jalon] fn=55059 d_fb_det=1  hacks=RHEA_DMA
  [sbwin] SB #5241 fn=54387 p51=21 tick=55060 : armee=0 one_shot=0 page_prog=48 rif_avant=0 nwin=0 marge=0 -> DMA NON ARMEE (le RIF jette) : SCH memorise pour la fenetre SB (dans une vraie fenetre SB : 36/5241)
  [cmd] fn=55068 tache SB postee par l'ARM (W0 md=6 W1 md=0)
  [sb] fn=55068 p51=39 | FB a fn=55059 toa=8743 pm=5424 ang=-1 | TOA-ROM=8743 src=fine | a_sch=0100 crc_ko
  [a_sch] fn=55069 page=0 : 0100 0000 0000 0000 -> 8100 0016 f85d 01fb  (d_dsp_page=0003) TOA=0 PM=5521 SNR=12 crc_ko
  [sbwin] SB #5242 fn=54397 p51=31 tick=55070 : armee=1 one_shot=1 page_prog=191 rif_avant=0 nwin=191 marge=21 -> FENETRE SB (one-shot) (dans une vraie fenetre SB : 37/5242)
  [a_sch] fn=55070 page=1 : 0100 0000 0000 0000 -> 8000 0740 141c 0195  (d_dsp_page=0003) TOA=23 PM=5372 SNR=16384 CRC_OK
  [jalon] fn=55070 SB PLAUSIBLE page=1 BSIC=7 a_sch=8000 0740 141c 0195  hacks=RHEA_DMA
  [a_sch] fn=55071 page=0 : 8100 0016 f85d 01fb -> 0100 0000 0000 0000  (d_dsp_page=0003) TOA=0 PM=0 SNR=0 crc_ko
  [sbwin] SB #5243 fn=54407 p51=41 tick=55080 : armee=0 one_shot=0 page_prog=191 rif_avant=0 nwin=0 marge=0 -> DMA NON ARMEE (le RIF jette) : SCH memorise pour la fenetre SB (dans une vraie fenetre SB : 37/5243)
  [sbwin] SB #5244 fn=54418 p51=1 tick=55091 : armee=0 one_shot=0 page_prog=191 rif_avant=0 nwin=0 marge=0 -> DMA NON ARMEE (le RIF jette) : SCH memorise pour la fenetre SB (dans une vraie fenetre SB : 37/5244)
  [a_sch] fn=55094 page=1 : 8000 0740 141c 0195 -> 0100 0000 0000 0000  (d_dsp_page=0003) TOA=0 PM=0 SNR=0 crc_ko
  [sbwin] SB #5245 fn=54428 p51=11 tick=55101 : armee=0 one_shot=0 page_prog=151 rif_avant=0 nwin=0 marge=0 -> DMA NON ARMEE (le RIF jette) : SCH memorise pour la fenetre SB (dans une vraie fenetre SB : 37/5245)
  [sbwin] SB #5246 fn=54438 p51=21 tick=55111 : armee=0 one_shot=0 page_prog=151 rif_avant=0 nwin=0 marge=0 -> DMA NON ARMEE (le RIF jette) : SCH memorise pour la fenetre SB (dans une vraie fenetre SB : 37/5246)
  [montant] RACH ra=0x12 bsic=7 fn=55115 -> /dev/shm/calypso_rach
  [montant]   declencheur : d_task_ra=RACH_DSP_TASK (task_ra=0x000a d_rach=0x121c)
  profil PC (32339 tranches, high-water 0xde92) : 77c0:11% 7800:6% 9a80:6% 8240:6% 8380:5% 7840:4% 78c0:3% 83c0:3% 8200:2% 8300:2% 8540:2% a680:2%
  fn=55116   page=0 insn=678     IDLE   d_fb_det=0     a_sch=0100 0000 0000 0000 sync=0000 1530 ffff  | trames=55118 irq=0 iq=0
  [sbwin] SB #5250 fn=54479 p51=11 tick=55152 : armee=0 one_shot=0 page_prog=151 rif_avant=0 nwin=0 marge=0 -> DMA NON ARMEE (le RIF jette) : SCH memorise pour la fenetre SB (dans une vraie fenetre SB : 37/5250)
  [montant] canal dedie (side-band seq=7) : arme TS1 SDCCH/8 SS=0
  [a_cd] fn=55177 p51=46 p102=97 etat=8040 FIRE KO L2=a3 a7 eb 0b | ok=12 ko=13
pont : canal dedie arme : TS1 SDCCH/8 SS=0
  [a_cd] fn=55195 p51=13 p102=13 etat=8000 ok L2=03 03 01 2b | ok=13 ko=13
  [sbwin] SB #5260 fn=54601 p51=31 tick=55274 : armee=0 one_shot=0 page_prog=151 rif_avant=0 nwin=0 marge=0 -> DMA NON ARMEE (le RIF jette) : SCH memorise pour la fenetre SB (dans une vraie fenetre SB : 37/5260)
  profil PC (11655 tranches, high-water 0xde92) : 9a80:10% 8240:8% 8380:7% 8200:4% 8300:4% 83c0:4% 8540:4% a680:3% 9a40:3% a0c0:3% 81c0:3% 82c0:2%
  fn=55333   page=1 insn=121     IDLE   d_fb_det=0     a_sch=0100 0000 0000 0000 sync=0000 1530 ffff  | trames=55335 irq=0 iq=0
  [a5-arm] tick=55350 d_a5mode=1 a_kc=bc00 f7d3 11d3 627e
  [montant] chiffrement A5/1 : Kc publie vers /dev/shm/calypso_kc_l1 (seq=8)
  [a_cd] fn=55380 p51=45 p102=96 etat=8040 FIRE KO L2=d4 82 77 86 | ok=13 ko=14
  [sbwin] SB #5270 fn=54734 p51=11 tick=55407 : armee=0 one_shot=0 page_prog=151 rif_avant=0 nwin=0 marge=0 -> DMA NON ARMEE (le RIF jette) : SCH memorise pour la fenetre SB (dans une vraie fenetre SB : 37/5270)
  [a_cd] fn=55482 p51=45 p102=96 etat=8000 ok L2=07 00 03 03 | ok=14 ko=14
  [sbwin] SB #5280 fn=54856 p51=31 tick=55529 : armee=0 one_shot=0 page_prog=151 rif_avant=0 nwin=0 marge=0 -> DMA NON ARMEE (le RIF jette) : SCH memorise pour la fenetre SB (dans une vraie fenetre SB : 37/5280)
  profil PC (9971 tranches, high-water 0xde92) : 8240:9% 9a80:9% 8380:8% 83c0:4% a680:4% 8200:4% 8300:4% 8540:4% 9a40:3% a0c0:3% 81c0:2% 82c0:2%
  fn=55550   page=0 insn=14037   IDLE   d_fb_det=0     a_sch=0100 0000 0000 0000 sync=0000 1530 ffff  | trames=55552 irq=0 iq=0
  hacks actifs : RHEA_DMA ; cadencement : STREAM LOCKSTEP  ; stimulus : none
  [sbwin] SB #5290 fn=54989 p51=11 tick=55662 : armee=0 one_shot=0 page_prog=151 rif_avant=0 nwin=0 marge=0 -> DMA NON ARMEE (le RIF jette) : SCH memorise pour la fenetre SB (dans une vraie fenetre SB : 37/5290)
  [a_cd] fn=55686 p51=45 p102=96 etat=8040 FIRE KO L2=01 83 ef 54 | ok=14 ko=15
  [a_cd] fn=55705 p51=13 p102=13 etat=8000 ok L2=01 61 01 2b | ok=15 ko=15
  profil PC (10476 tranches, high-water 0xde92) : 9a80:10% 8240:7% 8380:6% a680:4% 8200:4% 8300:3% 8540:3% 83c0:3% 9a40:3% a0c0:3% 81c0:2% 82c0:2%
  fn=55767   page=0 insn=121     IDLE   d_fb_det=0     a_sch=0100 0000 0000 0000 sync=0000 1530 ffff  | trames=55769 irq=0 iq=0
  [a5] #2000 A5/1 fn=55097 (T1=41 T2=3 T3=17) Kc=627e11d3f7d3bc00 | dernier depot BSP fn=55096 (ecart +1)
  [a5-hist] #2000 recales=0 ecart(-1/0/+1/+2/autre) par fn%26 : 0:0/0/66/0/0 1:0/0/78/0/0 2:0/0/78/0/0 3:0/0/87/0/0 4:0/0/81/0/0 5:0/0/84/0/0 6:0/0/87/0/0 7:0/0/87/0/0 8:0/0/87/0/0 9:0/0/87/0/0 10:0/0/84/0/0 11:0/0/81/0/0 12:0/0/81/0/0 13:0/0/78/0/0 14:0/0/81/0/0 15:0/0/81/0/0 16:0/0/87/0/0 17:0/0/81/0/0 18:0/0/81/0/0 19:0/0/72/0/0 20:0/0/69/0/0 21:0/0/63/0/0 22:0/0/60/0/0 23:0/0/60/0/0 24:0/0/57/0/0 25:0/0/63/0/0
  [sbwin] SB #5300 fn=55111 p51=31 tick=55784 : armee=0 one_shot=0 page_prog=151 rif_avant=0 nwin=0 marge=0 -> DMA NON ARMEE (le RIF jette) : SCH memorise pour la fenetre SB (dans une vraie fenetre SB : 37/5300)
  [a_cd] fn=55788 p51=45 p102=96 etat=8040 FIRE KO L2=af 17 25 06 | ok=15 ko=16
  [a_cd] fn=55807 p51=13 p102=13 etat=8000 ok L2=03 03 01 2b | ok=16 ko=16
  [a_cd] fn=55890 p51=45 p102=96 etat=8040 FIRE KO L2=08 0a 28 6d | ok=16 ko=17
  [a_cd] fn=55909 p51=13 p102=13 etat=8000 ok L2=03 03 01 2b | ok=17 ko=17
  [sbwin] SB #5310 fn=55244 p51=11 tick=55917 : armee=0 one_shot=0 page_prog=151 rif_avant=0 nwin=0 marge=0 -> DMA NON ARMEE (le RIF jette) : SCH memorise pour la fenetre SB (dans une vraie fenetre SB : 37/5310)
  [ts0] tick=55930 fn=55257 p51=24 NB fenetre=0 marge=0 rif_avant=0
  profil PC (10085 tranches, high-water 0xde92) : 9a80:9% 8240:5% 8380:5% 8280:5% a680:4% 8200:4% 8480:3% 8300:3% 8540:3% 9a40:3% a0c0:3% 83c0:2%
  fn=55984   page=0 insn=121     IDLE   d_fb_det=0     a_sch=0100 0000 0000 0000 sync=0000 1530 ffff  | trames=55986 irq=0 iq=0
  [a_cd] fn=55992 p51=45 p102=96 etat=8040 FIRE KO L2=76 fe 4f ec | ok=17 ko=18
  [chrono] fn=55998 sur 1000 trames (ms) : qemu 3.71 | A 0.09 | go 0.23 | B 0.24 | apres DONE 0.35 | trame 4.62 (temps reel 4.62)
  [a_cd] fn=56011 p51=13 p102=13 etat=8000 ok L2=03 03 01 2b | ok=18 ko=18
  [sbwin] SB #5320 fn=55366 p51=31 tick=56039 : armee=0 one_shot=0 page_prog=151 rif_avant=0 nwin=0 marge=0 -> DMA NON ARMEE (le RIF jette) : SCH memorise pour la fenetre SB (dans une vraie fenetre SB : 37/5320)
  [a_cd] fn=56094 p51=45 p102=96 etat=8040 FIRE KO L2=0c d5 37 01 | ok=18 ko=19
  [sbwin] SB #5330 fn=55499 p51=11 tick=56172 : armee=0 one_shot=0 page_prog=151 rif_avant=0 nwin=0 marge=0 -> DMA NON ARMEE (le RIF jette) : SCH memorise pour la fenetre SB (dans une vraie fenetre SB : 37/5330)
  profil PC (11921 tranches, high-water 0xde91) : 8280:10% 9a80:8% 8480:8% 8440:4% 8200:3% a680:3% 8300:3% 8540:3% 9a40:3% a0c0:3% 81c0:2% 82c0:2%
  fn=56201   page=0 insn=121     IDLE   d_fb_det=0     a_sch=0100 0000 0000 0000 sync=0000 1530 ffff  | trames=56203 irq=0 iq=0
  [sbwin] SB #5340 fn=55621 p51=31 tick=56294 : armee=0 one_shot=0 page_prog=151 rif_avant=0 nwin=0 marge=0 -> DMA NON ARMEE (le RIF jette) : SCH memorise pour la fenetre SB (dans une vraie fenetre SB : 37/5340)
  [a5-arm] tick=56389 d_a5mode=0 a_kc=bc00 f7d3 11d3 627e
  [montant] retour en clair (seq=9)
  [montant] tache FB postee : le mobile cherche la synchro, canal dedie libere (TS0 rendu au FCCH/SCH)
  [jalon] fn=56395 d_fb_det=1  hacks=RHEA_DMA
  [sbwin] SB #5348 fn=55723 p51=31 tick=56396 : armee=0 one_shot=0 page_prog=48 rif_avant=0 nwin=0 marge=0 -> DMA NON ARMEE (le RIF jette) : SCH memorise pour la fenetre SB (dans une vraie fenetre SB : 37/5348)
  [jalon] fn=56405 d_fb_det=1  hacks=RHEA_DMA
  [sbwin] SB #5349 fn=55733 p51=41 tick=56406 : armee=0 one_shot=0 page_prog=48 rif_avant=0 nwin=0 marge=0 -> DMA NON ARMEE (le RIF jette) : SCH memorise pour la fenetre SB (dans une vraie fenetre SB : 37/5349)
  [cmd] fn=56414 tache SB postee par l'ARM (W0 md=6 W1 md=0)
  [sb] fn=56414 p51=8 | FB a fn=56405 toa=8743 pm=5424 ang=-1 | TOA-ROM=8743 src=fine | a_sch=0100 crc_ko
  [a_sch] fn=56415 page=0 : 0100 0000 0000 0000 -> 8100 0172 86be 0060  (d_dsp_page=0003) TOA=23 PM=5416 SNR=427 crc_ko
  [a_sch] fn=56416 page=1 : 0100 0000 0000 0000 -> 8100 0016 f85d 01fb  (d_dsp_page=0003) TOA=0 PM=5521 SNR=12 crc_ko
  [sbwin] SB #5350 fn=55744 p51=1 tick=56417 : armee=0 one_shot=0 page_prog=191 rif_avant=0 nwin=0 marge=0 -> DMA NON ARMEE (le RIF jette) : SCH memorise pour la fenetre SB (dans une vraie fenetre SB : 37/5350)
  [a_sch] fn=56417 page=0 : 8100 0172 86be 0060 -> 0100 0000 0000 0000  (d_dsp_page=0003) TOA=0 PM=0 SNR=0 crc_ko
  [a_sch] fn=56418 page=1 : 8100 0016 f85d 01fb -> 0100 0000 0000 0000  (d_dsp_page=0003) TOA=0 PM=0 SNR=0 crc_ko
  profil PC (14414 tranches, high-water 0xde91) : 8280:9% 8480:8% 77c0:6% 9a80:5% 8440:4% a680:4% 7840:4% 7800:3% 78c0:3% 8200:2% 8300:2% 71c0:2%
  fn=56418   page=1 insn=121     IDLE   d_fb_det=0     a_sch=0100 0000 0000 0000 sync=0000 1530 ffff  | trames=56420 irq=0 iq=0
  [jalon] fn=56426 d_fb_det=1  hacks=RHEA_DMA
  [sbwin] SB #5351 fn=55754 p51=11 tick=56427 : armee=0 one_shot=0 page_prog=48 rif_avant=0 nwin=0 marge=0 -> DMA NON ARMEE (le RIF jette) : SCH memorise pour la fenetre SB (dans une vraie fenetre SB : 37/5351)
  [jalon] fn=56436 d_fb_det=1  hacks=RHEA_DMA
  [sbwin] SB #5352 fn=55764 p51=21 tick=56437 : armee=0 one_shot=0 page_prog=48 rif_avant=0 nwin=0 marge=0 -> DMA NON ARMEE (le RIF jette) : SCH memorise pour la fenetre SB (dans une vraie fenetre SB : 37/5352)
  [cmd] fn=56445 tache SB postee par l'ARM (W0 md=6 W1 md=0)
  [sb] fn=56445 p51=39 | FB a fn=56436 toa=8743 pm=5424 ang=-1 | TOA-ROM=8743 src=fine | a_sch=0100 crc_ko
  [a_sch] fn=56446 page=0 : 0100 0000 0000 0000 -> 8100 0016 f85d 01fb  (d_dsp_page=0003) TOA=0 PM=5521 SNR=12 crc_ko
  [sbwin] SB #5353 fn=55774 p51=31 tick=56447 : armee=1 one_shot=1 page_prog=191 rif_avant=0 nwin=191 marge=21 -> FENETRE SB (one-shot) (dans une vraie fenetre SB : 38/5353)
  [a_sch] fn=56447 page=1 : 0100 0000 0000 0000 -> 8100 86fc e06d 011f  (d_dsp_page=0003) TOA=23 PM=5376 SNR=16384 crc_ko
  [a_sch] fn=56448 page=0 : 8100 0016 f85d 01fb -> 0100 0000 0000 0000  (d_dsp_page=0003) TOA=0 PM=0 SNR=0 crc_ko
  [a_sch] fn=56449 page=1 : 8100 86fc e06d 011f -> 0100 0000 0000 0000  (d_dsp_page=0003) TOA=0 PM=0 SNR=0 crc_ko
  [jalon] fn=56456 d_fb_det=1  hacks=RHEA_DMA
  [sbwin] SB #5354 fn=55784 p51=41 tick=56457 : armee=0 one_shot=0 page_prog=48 rif_avant=0 nwin=0 marge=0 -> DMA NON ARMEE (le RIF jette) : SCH memorise pour la fenetre SB (dans une vraie fenetre SB : 38/5354)
  [jalon] fn=56467 d_fb_det=1  hacks=RHEA_DMA
  [sbwin] SB #5355 fn=55795 p51=1 tick=56468 : armee=0 one_shot=0 page_prog=48 rif_avant=0 nwin=0 marge=0 -> DMA NON ARMEE (le RIF jette) : SCH memorise pour la fenetre SB (dans une vraie fenetre SB : 38/5355)
  [cmd] fn=56476 tache SB postee par l'ARM (W0 md=6 W1 md=0)
  [sb] fn=56476 p51=19 | FB a fn=56467 toa=9995 pm=5438 ang=-1 | TOA-ROM=9995 src=fine | a_sch=0100 crc_ko
  [a_sch] fn=56477 page=0 : 0100 0000 0000 0000 -> 8100 0016 f85d 01fb  (d_dsp_page=0003) TOA=0 PM=5521 SNR=12 crc_ko
  [sbwin] SB #5356 fn=55805 p51=11 tick=56478 : armee=1 one_shot=1 page_prog=191 rif_avant=0 nwin=191 marge=21 -> FENETRE SB (one-shot) (dans une vraie fenetre SB : 39/5356)
  [a_sch] fn=56478 page=1 : 0100 0000 0000 0000 -> 8000 03fd 151c 0124  (d_dsp_page=0003) TOA=23 PM=5344 SNR=16384 CRC_OK
  [jalon] fn=56478 SB PLAUSIBLE page=1 BSIC=7 a_sch=8000 03fd 151c 0124  hacks=RHEA_DMA
  [a_sch] fn=56479 page=0 : 8100 0016 f85d 01fb -> 0100 0000 0000 0000  (d_dsp_page=0003) TOA=0 PM=0 SNR=0 crc_ko
  [sbwin] SB #5357 fn=55815 p51=21 tick=56488 : armee=0 one_shot=0 page_prog=191 rif_avant=0 nwin=0 marge=0 -> DMA NON ARMEE (le RIF jette) : SCH memorise pour la fenetre SB (dans une vraie fenetre SB : 39/5357)
  [sbwin] SB #5358 fn=55825 p51=31 tick=56498 : armee=0 one_shot=0 page_prog=191 rif_avant=0 nwin=0 marge=0 -> DMA NON ARMEE (le RIF jette) : SCH memorise pour la fenetre SB (dans une vraie fenetre SB : 39/5358)
  [sbwin] SB #5359 fn=55835 p51=41 tick=56508 : armee=0 one_shot=0 page_prog=191 rif_avant=0 nwin=0 marge=0 -> DMA NON ARMEE (le RIF jette) : SCH memorise pour la fenetre SB (dans une vraie fenetre SB : 39/5359)
  [sbwin] SB #5360 fn=55846 p51=1 tick=56519 : armee=0 one_shot=0 page_prog=191 rif_avant=0 nwin=0 marge=0 -> DMA NON ARMEE (le RIF jette) : SCH memorise pour la fenetre SB (dans une vraie fenetre SB : 39/5360)
  [a_sch] fn=56522 page=1 : 8000 03fd 151c 0124 -> 0100 0000 0000 0000  (d_dsp_page=0003) TOA=0 PM=0 SNR=0 crc_ko
  [montant] canal dedie (side-band seq=8) : libere TS0 SDCCH/4 SS=0
pont : canal dedie libere : TS0 SDCCH/8 SS=0
  [sbwin] SB #5370 fn=55948 p51=1 tick=56621 : armee=0 one_shot=0 page_prog=151 rif_avant=0 nwin=0 marge=0 -> DMA NON ARMEE (le RIF jette) : SCH memorise pour la fenetre SB (dans une vraie fenetre SB : 39/5370)
  profil PC (15350 tranches, high-water 0xde92) : 77c0:14% 7840:8% 7800:8% 78c0:7% a680:4% 9a80:3% 7a00:3% b2c0:3% 8240:3% 8380:3% 8480:2% 7880:2%
  fn=56635   page=1 insn=121     IDLE   d_fb_det=0     a_sch=0100 0000 0000 0000 sync=0000 153e ffff  | trames=56637 irq=0 iq=0
  [jalon] fn=56691 d_fb_det=1  hacks=RHEA_DMA
  [sbwin] SB #5377 fn=56019 p51=21 tick=56692 : armee=0 one_shot=0 page_prog=48 rif_avant=0 nwin=0 marge=0 -> DMA NON ARMEE (le RIF jette) : SCH memorise pour la fenetre SB (dans une vraie fenetre SB : 39/5377)
  [jalon] fn=56701 d_fb_det=1  hacks=RHEA_DMA
  [sbwin] SB #5378 fn=56029 p51=31 tick=56702 : armee=0 one_shot=0 page_prog=48 rif_avant=0 nwin=0 marge=0 -> DMA NON ARMEE (le RIF jette) : SCH memorise pour la fenetre SB (dans une vraie fenetre SB : 39/5378)
  [cmd] fn=56710 tache SB postee par l'ARM (W0 md=6 W1 md=0)
  [sb] fn=56710 p51=49 | FB a fn=56701 toa=8743 pm=5424 ang=-1 | TOA-ROM=8743 src=fine | a_sch=0100 crc_ko
  [a_sch] fn=56711 page=0 : 0100 0000 0000 0000 -> 8100 0016 f85d 01fb  (d_dsp_page=0003) TOA=0 PM=5521 SNR=12 crc_ko
  [sbwin] SB #5379 fn=56039 p51=41 tick=56712 : armee=1 one_shot=1 page_prog=191 rif_avant=0 nwin=191 marge=21 -> FENETRE SB (one-shot) (dans une vraie fenetre SB : 40/5379)
  [a_sch] fn=56712 page=1 : 0100 0000 0000 0000 -> 8000 0411 151c 0026  (d_dsp_page=0003) TOA=23 PM=5349 SNR=16384 CRC_OK
  [jalon] fn=56712 SB PLAUSIBLE page=1 BSIC=7 a_sch=8000 0411 151c 0026  hacks=RHEA_DMA
  [a_sch] fn=56713 page=0 : 8100 0016 f85d 01fb -> 0100 0000 0000 0000  (d_dsp_page=0003) TOA=0 PM=0 SNR=0 crc_ko
  [sbwin] SB #5380 fn=56050 p51=1 tick=56723 : armee=0 one_shot=0 page_prog=191 rif_avant=0 nwin=0 marge=0 -> DMA NON ARMEE (le RIF jette) : SCH memorise pour la fenetre SB (dans une vraie fenetre SB : 40/5380)
  [a_sch] fn=56726 page=1 : 8000 0411 151c 0026 -> 0100 0000 0000 0000  (d_dsp_page=0003) TOA=0 PM=0 SNR=0 crc_ko
  [sbwin] SB #5381 fn=56060 p51=11 tick=56733 : armee=0 one_shot=0 page_prog=151 rif_avant=0 nwin=0 marge=0 -> DMA NON ARMEE (le RIF jette) : SCH memorise pour la fenetre SB (dans une vraie fenetre SB : 40/5381)
  [sbwin] SB #5382 fn=56070 p51=21 tick=56743 : armee=0 one_shot=0 page_prog=151 rif_avant=0 nwin=0 marge=0 -> DMA NON ARMEE (le RIF jette) : SCH memorise pour la fenetre SB (dans une vraie fenetre SB : 40/5382)
  [sbwin] SB #5383 fn=56080 p51=31 tick=56753 : armee=0 one_shot=0 page_prog=151 rif_avant=0 nwin=0 marge=0 -> DMA NON ARMEE (le RIF jette) : SCH memorise pour la fenetre SB (dans une vraie fenetre SB : 40/5383)
  [sbwin] SB #5390 fn=56152 p51=1 tick=56825 : armee=0 one_shot=0 page_prog=151 rif_avant=0 nwin=0 marge=0 -> DMA NON ARMEE (le RIF jette) : SCH memorise pour la fenetre SB (dans une vraie fenetre SB : 40/5390)
  profil PC (13353 tranches, high-water 0xde92) : 77c0:14% 7800:8% 7840:5% 9a80:4% a680:4% 8240:4% 8380:4% 78c0:4% b2c0:3% 71c0:2% 83c0:2% 8300:2%
  fn=56852   page=1 insn=121     IDLE   d_fb_det=0     a_sch=0100 0000 0000 0000 sync=0000 1530 ffff  | trames=56854 irq=0 iq=0
  [sbwin] SB #5400 fn=56254 p51=1 tick=56927 : armee=0 one_shot=0 page_prog=151 rif_avant=0 nwin=0 marge=0 -> DMA NON ARMEE (le RIF jette) : SCH memorise pour la fenetre SB (dans une vraie fenetre SB : 40/5400)
  [jalon] fn=56987 d_fb_det=1  hacks=RHEA_DMA
  [sbwin] SB #5406 fn=56315 p51=11 tick=56988 : armee=0 one_shot=0 page_prog=48 rif_avant=0 nwin=0 marge=0 -> DMA NON ARMEE (le RIF jette) : SCH memorise pour la fenetre SB (dans une vraie fenetre SB : 40/5406)
  [jalon] fn=56997 d_fb_det=1  hacks=RHEA_DMA
  [sbwin] SB #5407 fn=56325 p51=21 tick=56998 : armee=0 one_shot=0 page_prog=48 rif_avant=0 nwin=0 marge=0 -> DMA NON ARMEE (le RIF jette) : SCH memorise pour la fenetre SB (dans une vraie fenetre SB : 40/5407)
  [chrono] fn=56998 sur 1000 trames (ms) : qemu 3.70 | A 0.06 | go 0.25 | B 0.25 | apres DONE 0.37 | trame 4.62 (temps reel 4.62)
  [cmd] fn=57006 tache SB postee par l'ARM (W0 md=6 W1 md=0)
  [sb] fn=57006 p51=39 | FB a fn=56997 toa=8743 pm=5424 ang=-1 | TOA-ROM=8743 src=fine | a_sch=0100 crc_ko
  [a_sch] fn=57007 page=0 : 0100 0000 0000 0000 -> 8100 0016 f85d 01fb  (d_dsp_page=0003) TOA=0 PM=5521 SNR=12 crc_ko
  [sbwin] SB #5408 fn=56335 p51=31 tick=57008 : armee=1 one_shot=1 page_prog=191 rif_avant=0 nwin=191 marge=21 -> FENETRE SB (one-shot) (dans une vraie fenetre SB : 41/5408)
  [a_sch] fn=57008 page=1 : 0100 0000 0000 0000 -> 8100 00b0 cb59 018d  (d_dsp_page=0003) TOA=23 PM=5339 SNR=16384 crc_ko
  [a_sch] fn=57009 page=0 : 8100 0016 f85d 01fb -> 0100 0000 0000 0000  (d_dsp_page=0003) TOA=0 PM=0 SNR=0 crc_ko
  [a_sch] fn=57010 page=1 : 8100 00b0 cb59 018d -> 0100 0000 0000 0000  (d_dsp_page=0003) TOA=0 PM=0 SNR=0 crc_ko
  [jalon] fn=57017 d_fb_det=1  hacks=RHEA_DMA
  [sbwin] SB #5409 fn=56345 p51=41 tick=57018 : armee=0 one_shot=0 page_prog=48 rif_avant=0 nwin=0 marge=0 -> DMA NON ARMEE (le RIF jette) : SCH memorise pour la fenetre SB (dans une vraie fenetre SB : 41/5409)
  [jalon] fn=57028 d_fb_det=1  hacks=RHEA_DMA
  [sbwin] SB #5410 fn=56356 p51=1 tick=57029 : armee=0 one_shot=0 page_prog=48 rif_avant=0 nwin=0 marge=0 -> DMA NON ARMEE (le RIF jette) : SCH memorise pour la fenetre SB (dans une vraie fenetre SB : 41/5410)
  [cmd] fn=57037 tache SB postee par l'ARM (W0 md=6 W1 md=0)
  [sb] fn=57037 p51=19 | FB a fn=57028 toa=9995 pm=5438 ang=-1 | TOA-ROM=9995 src=fine | a_sch=0100 crc_ko
  [a_sch] fn=57038 page=0 : 0100 0000 0000 0000 -> 8100 0016 f85d 01fb  (d_dsp_page=0003) TOA=0 PM=5521 SNR=12 crc_ko
  [sbwin] SB #5411 fn=56366 p51=11 tick=57039 : armee=1 one_shot=1 page_prog=191 rif_avant=0 nwin=191 marge=21 -> FENETRE SB (one-shot) (dans une vraie fenetre SB : 42/5411)
  [a_sch] fn=57039 page=1 : 0100 0000 0000 0000 -> 8100 8e09 151f 0160  (d_dsp_page=0003) TOA=23 PM=5349 SNR=16384 crc_ko
  [a_sch] fn=57040 page=0 : 8100 0016 f85d 01fb -> 0100 0000 0000 0000  (d_dsp_page=0003) TOA=0 PM=0 SNR=0 crc_ko
  [a_sch] fn=57041 page=1 : 8100 8e09 151f 0160 -> 0100 0000 0000 0000  (d_dsp_page=0000) TOA=0 PM=0 SNR=0 crc_ko
  [jalon] fn=57048 d_fb_det=1  hacks=RHEA_DMA
  [sbwin] SB #5412 fn=56376 p51=21 tick=57049 : armee=0 one_shot=0 page_prog=48 rif_avant=0 nwin=0 marge=0 -> DMA NON ARMEE (le RIF jette) : SCH memorise pour la fenetre SB (dans une vraie fenetre SB : 42/5412)
  [jalon] fn=57058 d_fb_det=1  hacks=RHEA_DMA
  [sbwin] SB #5413 fn=56386 p51=31 tick=57059 : armee=0 one_shot=0 page_prog=48 rif_avant=0 nwin=0 marge=0 -> DMA NON ARMEE (le RIF jette) : SCH memorise pour la fenetre SB (dans une vraie fenetre SB : 42/5413)
  [cmd] fn=57067 tache SB postee par l'ARM (W0 md=6 W1 md=0)
  [sb] fn=57067 p51=49 | FB a fn=57058 toa=8743 pm=5424 ang=-1 | TOA-ROM=8743 src=fine | a_sch=0100 crc_ko
  [a_sch] fn=57068 page=0 : 0100 0000 0000 0000 -> 8100 0016 f85d 01fb  (d_dsp_page=0003) TOA=0 PM=5521 SNR=12 crc_ko
  [sbwin] SB #5414 fn=56396 p51=41 tick=57069 : armee=1 one_shot=1 page_prog=191 rif_avant=0 nwin=191 marge=21 -> FENETRE SB (one-shot) (dans une vraie fenetre SB : 43/5414)
  [a_sch] fn=57069 page=1 : 0100 0000 0000 0000 -> 8000 09ef 151c 000a  (d_dsp_page=0003) TOA=23 PM=5363 SNR=4277 CRC_OK
  [jalon] fn=57069 SB PLAUSIBLE page=1 BSIC=7 a_sch=8000 09ef 151c 000a  hacks=RHEA_DMA
  profil PC (28326 tranches, high-water 0xde92) : 77c0:13% 7800:7% 7840:6% 78c0:6% 9a80:4% 8240:4% 8380:4% a680:3% b2c0:3% 7a00:2% 83c0:2% 8300:2%
  fn=57069   page=1 insn=14001   IDLE   d_fb_det=0     a_sch=8100 0016 0000 f85d sync=0000 1530 ffff  | trames=57071 irq=0 iq=0
  [a_sch] fn=57070 page=0 : 8100 0016 f85d 01fb -> 0100 0000 0000 0000  (d_dsp_page=0003) TOA=0 PM=0 SNR=0 crc_ko
  [sbwin] SB #5415 fn=56407 p51=1 tick=57080 : armee=0 one_shot=0 page_prog=191 rif_avant=0 nwin=0 marge=0 -> DMA NON ARMEE (le RIF jette) : SCH memorise pour la fenetre SB (dans une vraie fenetre SB : 43/5415)
  [a_sch] fn=57083 page=1 : 8000 09ef 151c 000a -> 0100 0000 0000 0000  (d_dsp_page=0003) TOA=0 PM=0 SNR=0 crc_ko
  [sbwin] SB #5416 fn=56417 p51=11 tick=57090 : armee=0 one_shot=0 page_prog=151 rif_avant=0 nwin=0 marge=0 -> DMA NON ARMEE (le RIF jette) : SCH memorise pour la fenetre SB (dans une vraie fenetre SB : 43/5416)
  [sbwin] SB #5417 fn=56427 p51=21 tick=57100 : armee=0 one_shot=0 page_prog=151 rif_avant=0 nwin=0 marge=0 -> DMA NON ARMEE (le RIF jette) : SCH memorise pour la fenetre SB (dans une vraie fenetre SB : 43/5417)
  [sbwin] SB #5418 fn=56437 p51=31 tick=57110 : armee=0 one_shot=0 page_prog=151 rif_avant=0 nwin=0 marge=0 -> DMA NON ARMEE (le RIF jette) : SCH memorise pour la fenetre SB (dans une vraie fenetre SB : 43/5418)
  [sbwin] SB #5420 fn=56458 p51=1 tick=57131 : armee=0 one_shot=0 page_prog=151 rif_avant=0 nwin=0 marge=0 -> DMA NON ARMEE (le RIF jette) : SCH memorise pour la fenetre SB (dans une vraie fenetre SB : 43/5420)
  [sbwin] SB #5430 fn=56560 p51=1 tick=57233 : armee=0 one_shot=0 page_prog=151 rif_avant=0 nwin=0 marge=0 -> DMA NON ARMEE (le RIF jette) : SCH memorise pour la fenetre SB (dans une vraie fenetre SB : 43/5430)
  profil PC (19814 tranches, high-water 0xde92) : 9a80:11% 8240:11% 8380:10% 83c0:5% 8200:5% 8300:5% 8540:4% 9a40:4% a0c0:3% 81c0:3% 82c0:3% 9a00:2%
  fn=57286   page=1 insn=13662   IDLE   d_fb_det=0     a_sch=0100 0000 0000 0000 sync=0000 1530 ffff  | trames=57288 irq=0 iq=0
  hacks actifs : RHEA_DMA ; cadencement : STREAM LOCKSTEP  ; stimulus : none
  [sbwin] SB #5440 fn=56662 p51=1 tick=57335 : armee=0 one_shot=0 page_prog=151 rif_avant=0 nwin=0 marge=0 -> DMA NON ARMEE (le RIF jette) : SCH memorise pour la fenetre SB (dans une vraie fenetre SB : 43/5440)
  [jalon] fn=57395 d_fb_det=1  hacks=RHEA_DMA
  [sbwin] SB #5446 fn=56723 p51=11 tick=57396 : armee=0 one_shot=0 page_prog=48 rif_avant=0 nwin=0 marge=0 -> DMA NON ARMEE (le RIF jette) : SCH memorise pour la fenetre SB (dans une vraie fenetre SB : 43/5446)
  [jalon] fn=57405 d_fb_det=1  hacks=RHEA_DMA
  [sbwin] SB #5447 fn=56733 p51=21 tick=57406 : armee=0 one_shot=0 page_prog=48 rif_avant=0 nwin=0 marge=0 -> DMA NON ARMEE (le RIF jette) : SCH memorise pour la fenetre SB (dans une vraie fenetre SB : 43/5447)
  [cmd] fn=57414 tache SB postee par l'ARM (W0 md=6 W1 md=0)
  [sb] fn=57414 p51=39 | FB a fn=57405 toa=8743 pm=5424 ang=-1 | TOA-ROM=8743 src=fine | a_sch=0100 crc_ko
  [a_sch] fn=57415 page=0 : 0100 0000 0000 0000 -> 8100 0016 f85d 01fb  (d_dsp_page=0003) TOA=0 PM=5521 SNR=12 crc_ko
  [sbwin] SB #5448 fn=56743 p51=31 tick=57416 : armee=1 one_shot=1 page_prog=191 rif_avant=0 nwin=191 marge=21 -> FENETRE SB (one-shot) (dans une vraie fenetre SB : 44/5448)
  [a_sch] fn=57416 page=1 : 0100 0000 0000 0000 -> 8000 8e48 151c 012d  (d_dsp_page=0003) TOA=23 PM=5353 SNR=16384 CRC_OK
  [jalon] fn=57416 SB PLAUSIBLE page=1 BSIC=7 a_sch=8000 8e48 151c 012d  hacks=RHEA_DMA
  [a_sch] fn=57417 page=0 : 8100 0016 f85d 01fb -> 0100 0000 0000 0000  (d_dsp_page=0003) TOA=0 PM=0 SNR=0 crc_ko
  [sbwin] SB #5449 fn=56753 p51=41 tick=57426 : armee=0 one_shot=0 page_prog=64 rif_avant=0 nwin=0 marge=0 -> DMA NON ARMEE (le RIF jette) : SCH memorise pour la fenetre SB (dans une vraie fenetre SB : 44/5449)
  [sbwin] SB #5450 fn=56764 p51=1 tick=57437 : armee=0 one_shot=0 page_prog=64 rif_avant=0 nwin=0 marge=0 -> DMA NON ARMEE (le RIF jette) : SCH memorise pour la fenetre SB (dans une vraie fenetre SB : 44/5450)
  [a_sch] fn=57437 page=1 : 8000 8e48 151c 012d -> 0100 0000 0000 0000  (d_dsp_page=0002) TOA=0 PM=0 SNR=0 crc_ko
  [sbwin] SB #5451 fn=56774 p51=11 tick=57447 : armee=0 one_shot=0 page_prog=64 rif_avant=0 nwin=0 marge=0 -> DMA NON ARMEE (le RIF jette) : SCH memorise pour la fenetre SB (dans une vraie fenetre SB : 44/5451)
  [sbwin] SB #5452 fn=56784 p51=21 tick=57457 : armee=0 one_shot=0 page_prog=64 rif_avant=0 nwin=0 marge=0 -> DMA NON ARMEE (le RIF jette) : SCH memorise pour la fenetre SB (dans une vraie fenetre SB : 44/5452)
  profil PC (26152 tranches, high-water 0xde92) : 9a80:9% 8240:9% 8380:8% 83c0:4% 77c0:4% 8200:4% 8300:4% 8540:3% 9a40:3% a0c0:3% 81c0:2% 82c0:2%
  fn=57503   page=0 insn=13783   IDLE   d_fb_det=0     a_sch=0100 0000 0000 0000 sync=0000 1530 ffff  | trames=57505 irq=0 iq=0
  [sbwin] SB #5460 fn=56866 p51=1 tick=57539 : armee=0 one_shot=0 page_prog=64 rif_avant=0 nwin=0 marge=0 -> DMA NON ARMEE (le RIF jette) : SCH memorise pour la fenetre SB (dans une vraie fenetre SB : 44/5460)
  [sbwin] SB #5470 fn=56968 p51=1 tick=57641 : armee=0 one_shot=0 page_prog=64 rif_avant=0 nwin=0 marge=0 -> DMA NON ARMEE (le RIF jette) : SCH memorise pour la fenetre SB (dans une vraie fenetre SB : 44/5470)
  profil PC (22078 tranches, high-water 0xde92) : 9a80:11% 8240:11% 8380:10% 83c0:5% 8200:5% 8300:4% 8540:4% 9a40:4% a0c0:3% 81c0:3% 82c0:3% 9a00:2%
  fn=57720   page=0 insn=121     IDLE   d_fb_det=0     a_sch=0100 0000 0000 0000 sync=0000 1530 ffff  | trames=57722 irq=0 iq=0
  [sbwin] SB #5480 fn=57070 p51=1 tick=57743 : armee=0 one_shot=0 page_prog=64 rif_avant=0 nwin=0 marge=0 -> DMA NON ARMEE (le RIF jette) : SCH memorise pour la fenetre SB (dans une vraie fenetre SB : 44/5480)
  [sbwin] SB #5490 fn=57172 p51=1 tick=57845 : armee=0 one_shot=0 page_prog=64 rif_avant=0 nwin=0 marge=0 -> DMA NON ARMEE (le RIF jette) : SCH memorise pour la fenetre SB (dans une vraie fenetre SB : 44/5490)
  profil PC (21073 tranches, high-water 0xde92) : 9a80:11% 8240:11% 8380:10% 83c0:5% 8200:5% 8300:4% 8540:4% 9a40:4% a0c0:3% 81c0:3% 82c0:3% 9a00:2%
  fn=57937   page=0 insn=121     IDLE   d_fb_det=0     a_sch=0100 0000 0000 0000 sync=0000 1530 ffff  | trames=57939 irq=0 iq=0
  [sbwin] SB #5500 fn=57274 p51=1 tick=57947 : armee=0 one_shot=0 page_prog=64 rif_avant=0 nwin=0 marge=0 -> DMA NON ARMEE (le RIF jette) : SCH memorise pour la fenetre SB (dans une vraie fenetre SB : 44/5500)
  [chrono] fn=57998 sur 1000 trames (ms) : qemu 3.48 | A 0.05 | go 0.28 | B 0.21 | apres DONE 0.60 | trame 4.62 (temps reel 4.62)
  [jalon] fn=58048 d_fb_det=1  hacks=RHEA_DMA
  [sbwin] SB #5510 fn=57376 p51=1 tick=58049 : armee=0 one_shot=0 page_prog=48 rif_avant=0 nwin=0 marge=0 -> DMA NON ARMEE (le RIF jette) : SCH memorise pour la fenetre SB (dans une vraie fenetre SB : 44/5510)
  [jalon] fn=58058 d_fb_det=1  hacks=RHEA_DMA
  [sbwin] SB #5511 fn=57386 p51=11 tick=58059 : armee=0 one_shot=0 page_prog=48 rif_avant=0 nwin=0 marge=0 -> DMA NON ARMEE (le RIF jette) : SCH memorise pour la fenetre SB (dans une vraie fenetre SB : 44/5511)
  [cmd] fn=58067 tache SB postee par l'ARM (W0 md=6 W1 md=0)
  [sb] fn=58067 p51=29 | FB a fn=58058 toa=8743 pm=5431 ang=-1 | TOA-ROM=8743 src=fine | a_sch=0100 crc_ko
  [a_sch] fn=58068 page=0 : 0100 0000 0000 0000 -> 8100 0016 f85d 01fb  (d_dsp_page=0003) TOA=0 PM=5521 SNR=12 crc_ko
  [sbwin] SB #5512 fn=57396 p51=21 tick=58069 : armee=1 one_shot=1 page_prog=191 rif_avant=0 nwin=191 marge=21 -> FENETRE SB (one-shot) (dans une vraie fenetre SB : 45/5512)
  [a_sch] fn=58069 page=1 : 0100 0000 0000 0000 -> 8100 07ff cdd6 00b7  (d_dsp_page=0003) TOA=23 PM=5358 SNR=16384 crc_ko
  [a_sch] fn=58070 page=0 : 8100 0016 f85d 01fb -> 0100 0000 0000 0000  (d_dsp_page=0003) TOA=0 PM=0 SNR=0 crc_ko
  [a_sch] fn=58071 page=1 : 8100 07ff cdd6 00b7 -> 0100 0000 0000 0000  (d_dsp_page=0003) TOA=0 PM=0 SNR=0 crc_ko
  [jalon] fn=58078 d_fb_det=1  hacks=RHEA_DMA
  [sbwin] SB #5513 fn=57406 p51=31 tick=58079 : armee=0 one_shot=0 page_prog=48 rif_avant=0 nwin=0 marge=0 -> DMA NON ARMEE (le RIF jette) : SCH memorise pour la fenetre SB (dans une vraie fenetre SB : 45/5513)
  [jalon] fn=58088 d_fb_det=1  hacks=RHEA_DMA
  [sbwin] SB #5514 fn=57416 p51=41 tick=58089 : armee=0 one_shot=0 page_prog=48 rif_avant=0 nwin=0 marge=0 -> DMA NON ARMEE (le RIF jette) : SCH memorise pour la fenetre SB (dans une vraie fenetre SB : 45/5514)
  [cmd] fn=58097 tache SB postee par l'ARM (W0 md=6 W1 md=0)
  [sb] fn=58097 p51=8 | FB a fn=58088 toa=8743 pm=5424 ang=-1 | TOA-ROM=8743 src=fine | a_sch=0100 crc_ko
  [a_sch] fn=58098 page=0 : 0100 0000 0000 0000 -> 8100 0172 86be 0060  (d_dsp_page=0003) TOA=23 PM=5416 SNR=427 crc_ko
  [a_sch] fn=58099 page=1 : 0100 0000 0000 0000 -> 8100 0016 f85d 01fb  (d_dsp_page=0003) TOA=0 PM=5521 SNR=12 crc_ko
  [sbwin] SB #5515 fn=57427 p51=1 tick=58100 : armee=0 one_shot=0 page_prog=191 rif_avant=0 nwin=0 marge=0 -> DMA NON ARMEE (le RIF jette) : SCH memorise pour la fenetre SB (dans une vraie fenetre SB : 45/5515)
  [a_sch] fn=58100 page=0 : 8100 0172 86be 0060 -> 0100 0000 0000 0000  (d_dsp_page=0003) TOA=0 PM=0 SNR=0 crc_ko
  [a_sch] fn=58101 page=1 : 8100 0016 f85d 01fb -> 0100 0000 0000 0000  (d_dsp_page=0003) TOA=0 PM=0 SNR=0 crc_ko
  [jalon] fn=58109 d_fb_det=1  hacks=RHEA_DMA
  [sbwin] SB #5516 fn=57437 p51=11 tick=58110 : armee=0 one_shot=0 page_prog=48 rif_avant=0 nwin=0 marge=0 -> DMA NON ARMEE (le RIF jette) : SCH memorise pour la fenetre SB (dans une vraie fenetre SB : 45/5516)
  [jalon] fn=58119 d_fb_det=1  hacks=RHEA_DMA
  [sbwin] SB #5517 fn=57447 p51=21 tick=58120 : armee=0 one_shot=0 page_prog=48 rif_avant=0 nwin=0 marge=0 -> DMA NON ARMEE (le RIF jette) : SCH memorise pour la fenetre SB (dans une vraie fenetre SB : 45/5517)
  [cmd] fn=58128 tache SB postee par l'ARM (W0 md=6 W1 md=0)
  [sb] fn=58128 p51=39 | FB a fn=58119 toa=8743 pm=5424 ang=-1 | TOA-ROM=8743 src=fine | a_sch=0100 crc_ko
  [a_sch] fn=58129 page=0 : 0100 0000 0000 0000 -> 8100 0016 f85d 01fb  (d_dsp_page=0003) TOA=0 PM=5521 SNR=12 crc_ko
  [sbwin] SB #5518 fn=57457 p51=31 tick=58130 : armee=1 one_shot=1 page_prog=191 rif_avant=0 nwin=191 marge=21 -> FENETRE SB (one-shot) (dans une vraie fenetre SB : 46/5518)
  [a_sch] fn=58130 page=1 : 0100 0000 0000 0000 -> 8000 0431 151c 01dd  (d_dsp_page=0003) TOA=23 PM=5339 SNR=16384 CRC_OK
  [jalon] fn=58130 SB PLAUSIBLE page=1 BSIC=7 a_sch=8000 0431 151c 01dd  hacks=RHEA_DMA
  [a_sch] fn=58131 page=0 : 8100 0016 f85d 01fb -> 0100 0000 0000 0000  (d_dsp_page=0003) TOA=0 PM=0 SNR=0 crc_ko
  [sbwin] SB #5519 fn=57467 p51=41 tick=58140 : armee=0 one_shot=0 page_prog=191 rif_avant=0 nwin=0 marge=0 -> DMA NON ARMEE (le RIF jette) : SCH memorise pour la fenetre SB (dans une vraie fenetre SB : 46/5519)
  [sbwin] SB #5520 fn=57478 p51=1 tick=58151 : armee=0 one_shot=0 page_prog=191 rif_avant=0 nwin=0 marge=0 -> DMA NON ARMEE (le RIF jette) : SCH memorise pour la fenetre SB (dans une vraie fenetre SB : 46/5520)
  [a_sch] fn=58154 page=1 : 8000 0431 151c 01dd -> 0100 0000 0000 0000  (d_dsp_page=0003) TOA=0 PM=0 SNR=0 crc_ko
  profil PC (29610 tranches, high-water 0xde92) : 77c0:13% 7800:7% 7840:6% 78c0:5% 9a80:4% 8240:4% 8380:4% a680:3% b2c0:2% 7a00:2% 83c0:2% 8300:2%
  fn=58154   page=0 insn=13661   IDLE   d_fb_det=0     a_sch=0100 0000 0000 0000 sync=0000 1530 ffff  | trames=58156 irq=0 iq=0
  [sbwin] SB #5521 fn=57488 p51=11 tick=58161 : armee=0 one_shot=0 page_prog=151 rif_avant=0 nwin=0 marge=0 -> DMA NON ARMEE (le RIF jette) : SCH memorise pour la fenetre SB (dans une vraie fenetre SB : 46/5521)
  [sbwin] SB #5522 fn=57498 p51=21 tick=58171 : armee=0 one_shot=0 page_prog=151 rif_avant=0 nwin=0 marge=0 -> DMA NON ARMEE (le RIF jette) : SCH memorise pour la fenetre SB (dans une vraie fenetre SB : 46/5522)
  [sbwin] SB #5530 fn=57580 p51=1 tick=58253 : armee=0 one_shot=0 page_prog=151 rif_avant=0 nwin=0 marge=0 -> DMA NON ARMEE (le RIF jette) : SCH memorise pour la fenetre SB (dans une vraie fenetre SB : 46/5530)
  [jalon] fn=58313 d_fb_det=1  hacks=RHEA_DMA
  [sbwin] SB #5536 fn=57641 p51=11 tick=58314 : armee=0 one_shot=0 page_prog=48 rif_avant=0 nwin=0 marge=0 -> DMA NON ARMEE (le RIF jette) : SCH memorise pour la fenetre SB (dans une vraie fenetre SB : 46/5536)
  [jalon] fn=58323 d_fb_det=1  hacks=RHEA_DMA
  [sbwin] SB #5537 fn=57651 p51=21 tick=58324 : armee=0 one_shot=0 page_prog=48 rif_avant=0 nwin=0 marge=0 -> DMA NON ARMEE (le RIF jette) : SCH memorise pour la fenetre SB (dans une vraie fenetre SB : 46/5537)
  [cmd] fn=58332 tache SB postee par l'ARM (W0 md=6 W1 md=0)
  [sb] fn=58332 p51=39 | FB a fn=58323 toa=8743 pm=5424 ang=-1 | TOA-ROM=8743 src=fine | a_sch=0100 crc_ko
  [a_sch] fn=58333 page=0 : 0100 0000 0000 0000 -> 8100 0016 f85d 01fb  (d_dsp_page=0003) TOA=0 PM=5521 SNR=12 crc_ko
  [sbwin] SB #5538 fn=57661 p51=31 tick=58334 : armee=1 one_shot=1 page_prog=191 rif_avant=0 nwin=191 marge=21 -> FENETRE SB (one-shot) (dans une vraie fenetre SB : 47/5538)
  [a_sch] fn=58334 page=1 : 0100 0000 0000 0000 -> 8000 03f6 151c 01cd  (d_dsp_page=0003) TOA=23 PM=5339 SNR=16384 CRC_OK
  [jalon] fn=58334 SB PLAUSIBLE page=1 BSIC=7 a_sch=8000 03f6 151c 01cd  hacks=RHEA_DMA
  [a_sch] fn=58335 page=0 : 8100 0016 f85d 01fb -> 0100 0000 0000 0000  (d_dsp_page=0003) TOA=0 PM=0 SNR=0 crc_ko
  [afc] fn=58338 w_page=0 relaye=-694 | page0=-694 page1=-700
  [afc] fn=58344 w_page=0 relaye=-694 | page0=-694 page1=-694
  [sbwin] SB #5539 fn=57671 p51=41 tick=58344 : armee=0 one_shot=0 page_prog=64 rif_avant=0 nwin=0 marge=0 -> DMA NON ARMEE (le RIF jette) : SCH memorise pour la fenetre SB (dans une vraie fenetre SB : 47/5539)
  [sbwin] SB #5540 fn=57682 p51=1 tick=58355 : armee=0 one_shot=0 page_prog=64 rif_avant=0 nwin=0 marge=0 -> DMA NON ARMEE (le RIF jette) : SCH memorise pour la fenetre SB (dans une vraie fenetre SB : 47/5540)
  [a_sch] fn=58355 page=1 : 8000 03f6 151c 01cd -> 0100 0000 0000 0000  (d_dsp_page=0002) TOA=0 PM=0 SNR=0 crc_ko
  [sbwin] SB #5541 fn=57692 p51=11 tick=58365 : armee=0 one_shot=0 page_prog=64 rif_avant=0 nwin=0 marge=0 -> DMA NON ARMEE (le RIF jette) : SCH memorise pour la fenetre SB (dans une vraie fenetre SB : 47/5541)
  profil PC (14579 tranches, high-water 0xde92) : 9a80:7% 77c0:7% 8240:7% 8380:6% 7800:4% 7840:4% a680:3% 78c0:3% 83c0:3% 8200:3% 8300:3% 8540:2%
  fn=58371   page=0 insn=13661   IDLE   d_fb_det=0     a_sch=0100 0000 0000 0000 sync=0000 1530 ffff  | trames=58373 irq=0 iq=0
  [sbwin] SB #5542 fn=57702 p51=21 tick=58375 : armee=0 one_shot=0 page_prog=64 rif_avant=0 nwin=0 marge=0 -> DMA NON ARMEE (le RIF jette) : SCH memorise pour la fenetre SB (dans une vraie fenetre SB : 47/5542)
  [sbwin] SB #5550 fn=57784 p51=1 tick=58457 : armee=0 one_shot=0 page_prog=64 rif_avant=0 nwin=0 marge=0 -> DMA NON ARMEE (le RIF jette) : SCH memorise pour la fenetre SB (dans une vraie fenetre SB : 47/5550)
  [sbwin] SB #5560 fn=57886 p51=1 tick=58559 : armee=0 one_shot=0 page_prog=64 rif_avant=0 nwin=0 marge=0 -> DMA NON ARMEE (le RIF jette) : SCH memorise pour la fenetre SB (dans une vraie fenetre SB : 47/5560)
  profil PC (21880 tranches, high-water 0xde92) : 9a80:11% 8240:11% 8380:9% 83c0:5% 8200:5% 8300:4% 8540:4% 9a40:4% a0c0:3% 81c0:3% 82c0:3% 9a00:2%
  fn=58588   page=0 insn=1355    IDLE   d_fb_det=0     a_sch=0100 0000 0000 0000 sync=0000 1530 ffff  | trames=58590 irq=0 iq=0
  [sbwin] SB #5570 fn=57988 p51=1 tick=58661 : armee=0 one_shot=0 page_prog=64 rif_avant=0 nwin=0 marge=0 -> DMA NON ARMEE (le RIF jette) : SCH memorise pour la fenetre SB (dans une vraie fenetre SB : 47/5570)
  [sbwin] SB #5580 fn=58090 p51=1 tick=58763 : armee=0 one_shot=0 page_prog=64 rif_avant=0 nwin=0 marge=0 -> DMA NON ARMEE (le RIF jette) : SCH memorise pour la fenetre SB (dans une vraie fenetre SB : 47/5580)
  profil PC (21056 tranches, high-water 0xde92) : 9a80:11% 8240:11% 8380:10% 83c0:5% 8200:5% 8300:4% 8540:4% 9a40:4% a0c0:3% 81c0:3% 82c0:3% 9a00:2%
  fn=58805   page=1 insn=121     IDLE   d_fb_det=0     a_sch=0100 0000 0000 0000 sync=0000 1530 ffff  | trames=58807 irq=0 iq=0
  [sbwin] SB #5590 fn=58192 p51=1 tick=58865 : armee=0 one_shot=0 page_prog=64 rif_avant=0 nwin=0 marge=0 -> DMA NON ARMEE (le RIF jette) : SCH memorise pour la fenetre SB (dans une vraie fenetre SB : 47/5590)
  [sbwin] SB #5600 fn=58294 p51=1 tick=58967 : armee=0 one_shot=0 page_prog=64 rif_avant=0 nwin=0 marge=0 -> DMA NON ARMEE (le RIF jette) : SCH memorise pour la fenetre SB (dans une vraie fenetre SB : 47/5600)
  [chrono] fn=58998 sur 1000 trames (ms) : qemu 3.52 | A 0.05 | go 0.25 | B 0.20 | apres DONE 0.60 | trame 4.62 (temps reel 4.62)
  profil PC (22304 tranches, high-water 0xde92) : 9a80:11% 8240:11% 8380:10% 83c0:5% 8200:5% 8300:4% 8540:4% 9a40:4% a0c0:3% 81c0:3% 82c0:3% 9a00:2%
  fn=59022   page=0 insn=36007   IDLE   d_fb_det=0     a_sch=0100 0000 0000 0000 sync=0000 1530 ffff  | trames=59024 irq=0 iq=0
  hacks actifs : RHEA_DMA ; cadencement : STREAM LOCKSTEP  ; stimulus : none
  [sbwin] SB #5610 fn=58396 p51=1 tick=59069 : armee=0 one_shot=0 page_prog=64 rif_avant=0 nwin=0 marge=0 -> DMA NON ARMEE (le RIF jette) : SCH memorise pour la fenetre SB (dans une vraie fenetre SB : 47/5610)
  [sbwin] SB #5620 fn=58498 p51=1 tick=59171 : armee=0 one_shot=0 page_prog=64 rif_avant=0 nwin=0 marge=0 -> DMA NON ARMEE (le RIF jette) : SCH memorise pour la fenetre SB (dans une vraie fenetre SB : 47/5620)
  profil PC (24227 tranches, high-water 0xde92) : 8240:11% 9a80:11% 8380:10% 83c0:5% 8200:5% 8300:4% 8540:4% 9a40:4% a0c0:3% 81c0:3% 82c0:3% 9a00:2%
  fn=59239   page=0 insn=13663   IDLE   d_fb_det=0     a_sch=0100 0000 0000 0000 sync=0000 1530 ffff  | trames=59241 irq=0 iq=0
  [sbwin] SB #5630 fn=58600 p51=1 tick=59273 : armee=0 one_shot=0 page_prog=64 rif_avant=0 nwin=0 marge=0 -> DMA NON ARMEE (le RIF jette) : SCH memorise pour la fenetre SB (dans une vraie fenetre SB : 47/5630)
  [sbwin] SB #5640 fn=58702 p51=1 tick=59375 : armee=0 one_shot=0 page_prog=64 rif_avant=0 nwin=0 marge=0 -> DMA NON ARMEE (le RIF jette) : SCH memorise pour la fenetre SB (dans une vraie fenetre SB : 47/5640)
  profil PC (21654 tranches, high-water 0xde92) : 9a80:12% 8240:11% 8380:9% 83c0:5% 8200:5% 8300:4% 8540:4% 9a40:4% a0c0:3% 81c0:3% 82c0:3% 9a00:2%
  fn=59456   page=1 insn=121     IDLE   d_fb_det=0     a_sch=0100 0000 0000 0000 sync=0000 1530 ffff  | trames=59458 irq=0 iq=0
  [sbwin] SB #5650 fn=58804 p51=1 tick=59477 : armee=0 one_shot=0 page_prog=64 rif_avant=0 nwin=0 marge=0 -> DMA NON ARMEE (le RIF jette) : SCH memorise pour la fenetre SB (dans une vraie fenetre SB : 47/5650)
  [sbwin] SB #5660 fn=58906 p51=1 tick=59579 : armee=0 one_shot=0 page_prog=64 rif_avant=0 nwin=0 marge=0 -> DMA NON ARMEE (le RIF jette) : SCH memorise pour la fenetre SB (dans une vraie fenetre SB : 47/5660)
  profil PC (21059 tranches, high-water 0xde92) : 9a80:11% 8240:11% 8380:10% 83c0:5% 8200:5% 8300:4% 8540:4% 9a40:4% a0c0:3% 81c0:3% 82c0:3% 9a00:2%
  fn=59673   page=0 insn=121     IDLE   d_fb_det=0     a_sch=0100 0000 0000 0000 sync=0000 1530 ffff  | trames=59675 irq=0 iq=0
  [sbwin] SB #5670 fn=59008 p51=1 tick=59681 : armee=0 one_shot=0 page_prog=64 rif_avant=0 nwin=0 marge=0 -> DMA NON ARMEE (le RIF jette) : SCH memorise pour la fenetre SB (dans une vraie fenetre SB : 47/5670)
  [sbwin] SB #5680 fn=59110 p51=1 tick=59783 : armee=0 one_shot=0 page_prog=64 rif_avant=0 nwin=0 marge=0 -> DMA NON ARMEE (le RIF jette) : SCH memorise pour la fenetre SB (dans une vraie fenetre SB : 47/5680)
  [sbwin] SB #5690 fn=59212 p51=1 tick=59885 : armee=0 one_shot=0 page_prog=64 rif_avant=0 nwin=0 marge=0 -> DMA NON ARMEE (le RIF jette) : SCH memorise pour la fenetre SB (dans une vraie fenetre SB : 47/5690)
  profil PC (22526 tranches, high-water 0xde92) : 9a80:11% 8240:11% 8380:10% 83c0:5% 8200:5% 8300:4% 8540:4% 9a40:4% a0c0:3% 81c0:3% 82c0:3% 9a00:2%
  fn=59890   page=0 insn=13774   IDLE   d_fb_det=0     a_sch=0100 0000 0000 0000 sync=0000 1530 ffff  | trames=59892 irq=0 iq=0
  [sbwin] SB #5700 fn=59314 p51=1 tick=59987 : armee=0 one_shot=0 page_prog=64 rif_avant=0 nwin=0 marge=0 -> DMA NON ARMEE (le RIF jette) : SCH memorise pour la fenetre SB (dans une vraie fenetre SB : 47/5700)
  [chrono] fn=59998 sur 1000 trames (ms) : qemu 3.52 | A 0.06 | go 0.27 | B 0.19 | apres DONE 0.58 | trame 4.62 (temps reel 4.62)
  [sbwin] SB #5710 fn=59416 p51=1 tick=60089 : armee=0 one_shot=0 page_prog=64 rif_avant=0 nwin=0 marge=0 -> DMA NON ARMEE (le RIF jette) : SCH memorise pour la fenetre SB (dans une vraie fenetre SB : 47/5710)
  profil PC (24579 tranches, high-water 0xde92) : 9a80:11% 8240:11% 8380:10% 83c0:5% 8200:5% 8300:4% 8540:4% 9a40:4% a0c0:3% 81c0:3% 82c0:3% 9a00:2%
  fn=60107   page=0 insn=36248   IDLE   d_fb_det=0     a_sch=0100 0000 0000 0000 sync=0000 1530 ffff  | trames=60109 irq=0 iq=0
  [sbwin] SB #5720 fn=59518 p51=1 tick=60191 : armee=0 one_shot=0 page_prog=64 rif_avant=0 nwin=0 marge=0 -> DMA NON ARMEE (le RIF jette) : SCH memorise pour la fenetre SB (dans une vraie fenetre SB : 47/5720)
  [sbwin] SB #5730 fn=59620 p51=1 tick=60293 : armee=0 one_shot=0 page_prog=64 rif_avant=0 nwin=0 marge=0 -> DMA NON ARMEE (le RIF jette) : SCH memorise pour la fenetre SB (dans une vraie fenetre SB : 47/5730)
  profil PC (21077 tranches, high-water 0xde92) : 9a80:11% 8240:11% 8380:10% 83c0:5% 8200:5% 8300:4% 8540:4% 9a40:4% a0c0:3% 81c0:3% 82c0:3% 9a00:2%
  fn=60324   page=0 insn=121     IDLE   d_fb_det=0     a_sch=0100 0000 0000 0000 sync=0000 1530 ffff  | trames=60326 irq=0 iq=0
  [sbwin] SB #5740 fn=59722 p51=1 tick=60395 : armee=0 one_shot=0 page_prog=64 rif_avant=0 nwin=0 marge=0 -> DMA NON ARMEE (le RIF jette) : SCH memorise pour la fenetre SB (dans une vraie fenetre SB : 47/5740)
  [sbwin] SB #5750 fn=59824 p51=1 tick=60497 : armee=0 one_shot=0 page_prog=64 rif_avant=0 nwin=0 marge=0 -> DMA NON ARMEE (le RIF jette) : SCH memorise pour la fenetre SB (dans une vraie fenetre SB : 47/5750)
  profil PC (21059 tranches, high-water 0xde92) : 9a80:11% 8240:11% 8380:10% 83c0:5% 8200:5% 8300:4% 8540:4% 9a40:4% a0c0:3% 81c0:3% 82c0:3% 9a00:2%
  fn=60541   page=1 insn=121     IDLE   d_fb_det=0     a_sch=0100 0000 0000 0000 sync=0000 1530 ffff  | trames=60543 irq=0 iq=0
  [sbwin] SB #5760 fn=59926 p51=1 tick=60599 : armee=0 one_shot=0 page_prog=64 rif_avant=0 nwin=0 marge=0 -> DMA NON ARMEE (le RIF jette) : SCH memorise pour la fenetre SB (dans une vraie fenetre SB : 47/5760)
  [sbwin] SB #5770 fn=60028 p51=1 tick=60701 : armee=0 one_shot=0 page_prog=64 rif_avant=0 nwin=0 marge=0 -> DMA NON ARMEE (le RIF jette) : SCH memorise pour la fenetre SB (dans une vraie fenetre SB : 47/5770)
  profil PC (22751 tranches, high-water 0xde92) : 9a80:11% 8240:11% 8380:10% 83c0:5% 8200:5% 8300:4% 8540:4% 9a40:4% a0c0:3% 81c0:3% 82c0:3% 9a00:2%
  fn=60758   page=0 insn=13662   IDLE   d_fb_det=0     a_sch=0100 0000 0000 0000 sync=0000 1530 ffff  | trames=60760 irq=0 iq=0
  hacks actifs : RHEA_DMA ; cadencement : STREAM LOCKSTEP  ; stimulus : none
  [sbwin] SB #5780 fn=60130 p51=1 tick=60803 : armee=0 one_shot=0 page_prog=64 rif_avant=0 nwin=0 marge=0 -> DMA NON ARMEE (le RIF jette) : SCH memorise pour la fenetre SB (dans une vraie fenetre SB : 47/5780)
  [sbwin] SB #5790 fn=60232 p51=1 tick=60905 : armee=0 one_shot=0 page_prog=64 rif_avant=0 nwin=0 marge=0 -> DMA NON ARMEE (le RIF jette) : SCH memorise pour la fenetre SB (dans une vraie fenetre SB : 47/5790)
  [ts0] tick=60930 fn=60257 p51=26 NB fenetre=0 marge=0 rif_avant=0
  profil PC (24377 tranches, high-water 0xde92) : 9a80:11% 8240:11% 8380:10% 83c0:5% 8200:5% 8300:4% 8540:4% 9a40:4% a0c0:3% 81c0:3% 82c0:3% 9a00:2%
  fn=60975   page=0 insn=1355    IDLE   d_fb_det=0     a_sch=0100 0000 0000 0000 sync=0000 1530 ffff  | trames=60977 irq=0 iq=0
  [chrono] fn=60998 sur 1000 trames (ms) : qemu 3.50 | A 0.06 | go 0.26 | B 0.21 | apres DONE 0.59 | trame 4.61 (temps reel 4.62)
  [sbwin] SB #5800 fn=60334 p51=1 tick=61007 : armee=0 one_shot=0 page_prog=64 rif_avant=0 nwin=0 marge=0 -> DMA NON ARMEE (le RIF jette) : SCH memorise pour la fenetre SB (dans une vraie fenetre SB : 47/5800)
  [sbwin] SB #5810 fn=60436 p51=1 tick=61109 : armee=0 one_shot=0 page_prog=64 rif_avant=0 nwin=0 marge=0 -> DMA NON ARMEE (le RIF jette) : SCH memorise pour la fenetre SB (dans une vraie fenetre SB : 47/5810)
  profil PC (21056 tranches, high-water 0xde92) : 9a80:11% 8240:11% 8380:10% 83c0:5% 8200:5% 8300:4% 8540:4% 9a40:4% a0c0:3% 81c0:3% 82c0:3% 9a00:2%
  fn=61192   page=1 insn=121     IDLE   d_fb_det=0     a_sch=0100 0000 0000 0000 sync=0000 1530 ffff  | trames=61194 irq=0 iq=0
  [sbwin] SB #5820 fn=60538 p51=1 tick=61211 : armee=0 one_shot=0 page_prog=64 rif_avant=0 nwin=0 marge=0 -> DMA NON ARMEE (le RIF jette) : SCH memorise pour la fenetre SB (dans une vraie fenetre SB : 47/5820)
  [sbwin] SB #5830 fn=60640 p51=1 tick=61313 : armee=0 one_shot=0 page_prog=64 rif_avant=0 nwin=0 marge=0 -> DMA NON ARMEE (le RIF jette) : SCH memorise pour la fenetre SB (dans une vraie fenetre SB : 47/5830)
  profil PC (21059 tranches, high-water 0xde92) : 9a80:11% 8240:11% 8380:10% 83c0:5% 8200:5% 8300:4% 8540:4% 9a40:4% a0c0:3% 81c0:3% 82c0:3% 9a00:2%
  fn=61409   page=0 insn=121     IDLE   d_fb_det=0     a_sch=0100 0000 0000 0000 sync=0000 1530 ffff  | trames=61411 irq=0 iq=0
  [sbwin] SB #5840 fn=60742 p51=1 tick=61415 : armee=0 one_shot=0 page_prog=64 rif_avant=0 nwin=0 marge=0 -> DMA NON ARMEE (le RIF jette) : SCH memorise pour la fenetre SB (dans une vraie fenetre SB : 47/5840)
  [sbwin] SB #5850 fn=60844 p51=1 tick=61517 : armee=0 one_shot=0 page_prog=64 rif_avant=0 nwin=0 marge=0 -> DMA NON ARMEE (le RIF jette) : SCH memorise pour la fenetre SB (dans une vraie fenetre SB : 47/5850)
  [sbwin] SB #5860 fn=60946 p51=1 tick=61619 : armee=0 one_shot=0 page_prog=64 rif_avant=0 nwin=0 marge=0 -> DMA NON ARMEE (le RIF jette) : SCH memorise pour la fenetre SB (dans une vraie fenetre SB : 47/5860)
  profil PC (22974 tranches, high-water 0xde92) : 8240:11% 9a80:11% 8380:10% 83c0:5% 8200:5% 8300:4% 8540:4% 9a40:4% a0c0:3% 81c0:3% 82c0:3% 9a00:2%
  fn=61626   page=0 insn=13659   IDLE   d_fb_det=0     a_sch=0100 0000 0000 0000 sync=0000 1530 ffff  | trames=61628 irq=0 iq=0
  [sbwin] SB #5870 fn=61048 p51=1 tick=61721 : armee=0 one_shot=0 page_prog=64 rif_avant=0 nwin=0 marge=0 -> DMA NON ARMEE (le RIF jette) : SCH memorise pour la fenetre SB (dans une vraie fenetre SB : 47/5870)
  [sbwin] SB #5880 fn=61150 p51=1 tick=61823 : armee=0 one_shot=0 page_prog=64 rif_avant=0 nwin=0 marge=0 -> DMA NON ARMEE (le RIF jette) : SCH memorise pour la fenetre SB (dans une vraie fenetre SB : 47/5880)
  profil PC (24154 tranches, high-water 0xde92) : 9a80:12% 8240:11% 8380:10% 83c0:5% 8200:5% 8300:4% 8540:4% 9a40:4% a0c0:3% 81c0:3% 82c0:3% 9a00:2%
  fn=61843   page=1 insn=121     IDLE   d_fb_det=0     a_sch=0100 0000 0000 0000 sync=0000 1530 ffff  | trames=61845 irq=0 iq=0
  [sbwin] SB #5890 fn=61252 p51=1 tick=61925 : armee=0 one_shot=0 page_prog=64 rif_avant=0 nwin=0 marge=0 -> DMA NON ARMEE (le RIF jette) : SCH memorise pour la fenetre SB (dans une vraie fenetre SB : 47/5890)
  [chrono] fn=61998 sur 1000 trames (ms) : qemu 3.50 | A 0.06 | go 0.27 | B 0.19 | apres DONE 0.59 | trame 4.62 (temps reel 4.62)
  [sbwin] SB #5900 fn=61354 p51=1 tick=62027 : armee=0 one_shot=0 page_prog=64 rif_avant=0 nwin=0 marge=0 -> DMA NON ARMEE (le RIF jette) : SCH memorise pour la fenetre SB (dans une vraie fenetre SB : 47/5900)
  profil PC (21056 tranches, high-water 0xde92) : 9a80:11% 8240:11% 8380:10% 83c0:5% 8200:5% 8300:4% 8540:4% 9a40:4% a0c0:3% 81c0:3% 82c0:3% 9a00:2%
  fn=62060   page=0 insn=121     IDLE   d_fb_det=0     a_sch=0100 0000 0000 0000 sync=0000 1530 ffff  | trames=62062 irq=0 iq=0
  [sbwin] SB #5910 fn=61456 p51=1 tick=62129 : armee=0 one_shot=0 page_prog=64 rif_avant=0 nwin=0 marge=0 -> DMA NON ARMEE (le RIF jette) : SCH memorise pour la fenetre SB (dans une vraie fenetre SB : 47/5910)
  [sbwin] SB #5920 fn=61558 p51=1 tick=62231 : armee=0 one_shot=0 page_prog=64 rif_avant=0 nwin=0 marge=0 -> DMA NON ARMEE (le RIF jette) : SCH memorise pour la fenetre SB (dans une vraie fenetre SB : 47/5920)
  profil PC (21059 tranches, high-water 0xde92) : 9a80:11% 8240:11% 8380:10% 83c0:5% 8200:5% 8300:4% 8540:4% 9a40:4% a0c0:3% 81c0:3% 82c0:3% 9a00:2%
  fn=62277   page=1 insn=121     IDLE   d_fb_det=0     a_sch=0100 0000 0000 0000 sync=0000 1530 ffff  | trames=62279 irq=0 iq=0
  [sbwin] SB #5930 fn=61660 p51=1 tick=62333 : armee=0 one_shot=0 page_prog=64 rif_avant=0 nwin=0 marge=0 -> DMA NON ARMEE (le RIF jette) : SCH memorise pour la fenetre SB (dans une vraie fenetre SB : 47/5930)
  [sbwin] SB #5940 fn=61762 p51=1 tick=62435 : armee=0 one_shot=0 page_prog=64 rif_avant=0 nwin=0 marge=0 -> DMA NON ARMEE (le RIF jette) : SCH memorise pour la fenetre SB (dans une vraie fenetre SB : 47/5940)
  profil PC (23553 tranches, high-water 0xde92) : 9a80:11% 8240:11% 8380:10% 83c0:5% 8200:5% 8300:4% 8540:4% 9a40:4% a0c0:3% 81c0:3% 82c0:3% 9a00:2%
  fn=62494   page=0 insn=36259   IDLE   d_fb_det=0     a_sch=0100 0000 0000 0000 sync=0000 1530 ffff  | trames=62496 irq=0 iq=0
  hacks actifs : RHEA_DMA ; cadencement : STREAM LOCKSTEP  ; stimulus : none
  [sbwin] SB #5950 fn=61864 p51=1 tick=62537 : armee=0 one_shot=0 page_prog=64 rif_avant=0 nwin=0 marge=0 -> DMA NON ARMEE (le RIF jette) : SCH memorise pour la fenetre SB (dans une vraie fenetre SB : 47/5950)
  [sbwin] SB #5960 fn=61966 p51=1 tick=62639 : armee=0 one_shot=0 page_prog=64 rif_avant=0 nwin=0 marge=0 -> DMA NON ARMEE (le RIF jette) : SCH memorise pour la fenetre SB (dans une vraie fenetre SB : 47/5960)
  profil PC (23573 tranches, high-water 0xde92) : 9a80:11% 8240:11% 8380:10% 83c0:5% 8200:5% 8300:4% 8540:4% 9a40:4% a0c0:3% 81c0:3% 82c0:3% 9a00:2%
  fn=62711   page=0 insn=121     IDLE   d_fb_det=0     a_sch=0100 0000 0000 0000 sync=0000 1530 ffff  | trames=62713 irq=0 iq=0
  [sbwin] SB #5970 fn=62068 p51=1 tick=62741 : armee=0 one_shot=0 page_prog=64 rif_avant=0 nwin=0 marge=0 -> DMA NON ARMEE (le RIF jette) : SCH memorise pour la fenetre SB (dans une vraie fenetre SB : 47/5970)
  [sbwin] SB #5980 fn=62170 p51=1 tick=62843 : armee=0 one_shot=0 page_prog=64 rif_avant=0 nwin=0 marge=0 -> DMA NON ARMEE (le RIF jette) : SCH memorise pour la fenetre SB (dans une vraie fenetre SB : 47/5980)
  profil PC (21059 tranches, high-water 0xde92) : 9a80:11% 8240:11% 8380:10% 83c0:5% 8200:5% 8300:4% 8540:4% 9a40:4% a0c0:3% 81c0:3% 82c0:3% 9a00:2%
  fn=62928   page=1 insn=121     IDLE   d_fb_det=0     a_sch=0100 0000 0000 0000 sync=0000 1530 ffff  | trames=62930 irq=0 iq=0
  [sbwin] SB #5990 fn=62272 p51=1 tick=62945 : armee=0 one_shot=0 page_prog=64 rif_avant=0 nwin=0 marge=0 -> DMA NON ARMEE (le RIF jette) : SCH memorise pour la fenetre SB (dans une vraie fenetre SB : 47/5990)
  [chrono] fn=62998 sur 1000 trames (ms) : qemu 3.58 | A 0.05 | go 0.25 | B 0.20 | apres DONE 0.53 | trame 4.62 (temps reel 4.62)
  [sbwin] SB #6000 fn=62374 p51=1 tick=63047 : armee=0 one_shot=0 page_prog=64 rif_avant=0 nwin=0 marge=0 -> DMA NON ARMEE (le RIF jette) : SCH memorise pour la fenetre SB (dans une vraie fenetre SB : 47/6000)
  profil PC (21056 tranches, high-water 0xde92) : 9a80:11% 8240:11% 8380:10% 83c0:5% 8200:5% 8300:4% 8540:4% 9a40:4% a0c0:3% 81c0:3% 82c0:3% 9a00:2%
  fn=63145   page=0 insn=121     IDLE   d_fb_det=0     a_sch=0100 0000 0000 0000 sync=0000 1530 ffff  | trames=63147 irq=0 iq=0
  [sbwin] SB #6010 fn=62476 p51=1 tick=63149 : armee=0 one_shot=0 page_prog=64 rif_avant=0 nwin=0 marge=0 -> DMA NON ARMEE (le RIF jette) : SCH memorise pour la fenetre SB (dans une vraie fenetre SB : 47/6010)
  [sbwin] SB #6020 fn=62578 p51=1 tick=63251 : armee=0 one_shot=0 page_prog=64 rif_avant=0 nwin=0 marge=0 -> DMA NON ARMEE (le RIF jette) : SCH memorise pour la fenetre SB (dans une vraie fenetre SB : 47/6020)
  [sbwin] SB #6030 fn=62680 p51=1 tick=63353 : armee=0 one_shot=0 page_prog=64 rif_avant=0 nwin=0 marge=0 -> DMA NON ARMEE (le RIF jette) : SCH memorise pour la fenetre SB (dans une vraie fenetre SB : 47/6030)
  profil PC (23574 tranches, high-water 0xde92) : 9a80:11% 8240:11% 8380:10% 83c0:5% 8200:5% 8300:4% 8540:4% 9a40:4% a0c0:3% 81c0:3% 82c0:3% 9a00:2%
  fn=63362   page=0 insn=1355    IDLE   d_fb_det=0     a_sch=0100 0000 0000 0000 sync=0000 1530 ffff  | trames=63364 irq=0 iq=0
  [sbwin] SB #6040 fn=62782 p51=1 tick=63455 : armee=0 one_shot=0 page_prog=64 rif_avant=0 nwin=0 marge=0 -> DMA NON ARMEE (le RIF jette) : SCH memorise pour la fenetre SB (dans une vraie fenetre SB : 47/6040)
  [sbwin] SB #6050 fn=62884 p51=1 tick=63557 : armee=0 one_shot=0 page_prog=64 rif_avant=0 nwin=0 marge=0 -> DMA NON ARMEE (le RIF jette) : SCH memorise pour la fenetre SB (dans une vraie fenetre SB : 47/6050)
  profil PC (23552 tranches, high-water 0xde92) : 9a80:11% 8240:11% 8380:10% 83c0:5% 8200:5% 8300:4% 8540:4% 9a40:4% a0c0:3% 81c0:3% 82c0:3% 9a00:2%
  fn=63579   page=1 insn=121     IDLE   d_fb_det=0     a_sch=0100 0000 0000 0000 sync=0000 1530 ffff  | trames=63581 irq=0 iq=0
  [sbwin] SB #6060 fn=62986 p51=1 tick=63659 : armee=0 one_shot=0 page_prog=64 rif_avant=0 nwin=0 marge=0 -> DMA NON ARMEE (le RIF jette) : SCH memorise pour la fenetre SB (dans une vraie fenetre SB : 47/6060)
  [sbwin] SB #6070 fn=63088 p51=1 tick=63761 : armee=0 one_shot=0 page_prog=64 rif_avant=0 nwin=0 marge=0 -> DMA NON ARMEE (le RIF jette) : SCH memorise pour la fenetre SB (dans une vraie fenetre SB : 47/6070)
  profil PC (21059 tranches, high-water 0xde92) : 9a80:11% 8240:11% 8380:10% 83c0:5% 8200:5% 8300:4% 8540:4% 9a40:4% a0c0:3% 81c0:3% 82c0:3% 9a00:2%
  fn=63796   page=0 insn=121     IDLE   d_fb_det=0     a_sch=0100 0000 0000 0000 sync=0000 1530 ffff  | trames=63798 irq=0 iq=0
  [sbwin] SB #6080 fn=63190 p51=1 tick=63863 : armee=0 one_shot=0 page_prog=64 rif_avant=0 nwin=0 marge=0 -> DMA NON ARMEE (le RIF jette) : SCH memorise pour la fenetre SB (dans une vraie fenetre SB : 47/6080)
  [sbwin] SB #6090 fn=63292 p51=1 tick=63965 : armee=0 one_shot=0 page_prog=64 rif_avant=0 nwin=0 marge=0 -> DMA NON ARMEE (le RIF jette) : SCH memorise pour la fenetre SB (dans une vraie fenetre SB : 47/6090)
  [chrono] fn=63998 sur 1000 trames (ms) : qemu 3.57 | A 0.05 | go 0.25 | B 0.20 | apres DONE 0.54 | trame 4.61 (temps reel 4.62)
  profil PC (21056 tranches, high-water 0xde92) : 9a80:11% 8240:11% 8380:10% 83c0:5% 8200:5% 8300:4% 8540:4% 9a40:4% a0c0:3% 81c0:3% 82c0:3% 9a00:2%
  fn=64013   page=1 insn=121     IDLE   d_fb_det=0     a_sch=0100 0000 0000 0000 sync=0000 1530 ffff  | trames=64015 irq=0 iq=0
  [sbwin] SB #6100 fn=63394 p51=1 tick=64067 : armee=0 one_shot=0 page_prog=64 rif_avant=0 nwin=0 marge=0 -> DMA NON ARMEE (le RIF jette) : SCH memorise pour la fenetre SB (dans une vraie fenetre SB : 47/6100)
  [sbwin] SB #6110 fn=63496 p51=1 tick=64169 : armee=0 one_shot=0 page_prog=64 rif_avant=0 nwin=0 marge=0 -> DMA NON ARMEE (le RIF jette) : SCH memorise pour la fenetre SB (dans une vraie fenetre SB : 47/6110)
  profil PC (23576 tranches, high-water 0xde92) : 9a80:11% 8240:11% 8380:10% 83c0:5% 8200:5% 8300:4% 8540:4% 9a40:4% a0c0:3% 81c0:3% 82c0:3% 9a00:2%
  fn=64230   page=1 insn=121     IDLE   d_fb_det=0     a_sch=0100 0000 0000 0000 sync=0000 1530 ffff  | trames=64232 irq=0 iq=0
  hacks actifs : RHEA_DMA ; cadencement : STREAM LOCKSTEP  ; stimulus : none
  [sbwin] SB #6120 fn=63598 p51=1 tick=64271 : armee=0 one_shot=0 page_prog=64 rif_avant=0 nwin=0 marge=0 -> DMA NON ARMEE (le RIF jette) : SCH memorise pour la fenetre SB (dans une vraie fenetre SB : 47/6120)
  [sbwin] SB #6130 fn=63700 p51=1 tick=64373 : armee=0 one_shot=0 page_prog=64 rif_avant=0 nwin=0 marge=0 -> DMA NON ARMEE (le RIF jette) : SCH memorise pour la fenetre SB (dans une vraie fenetre SB : 47/6130)
  profil PC (23552 tranches, high-water 0xde92) : 9a80:11% 8240:11% 8380:10% 83c0:5% 8200:5% 8300:4% 8540:4% 9a40:4% a0c0:3% 81c0:3% 82c0:3% 9a00:2%
  fn=64447   page=0 insn=121     IDLE   d_fb_det=0     a_sch=0100 0000 0000 0000 sync=0000 1530 ffff  | trames=64449 irq=0 iq=0
  [sbwin] SB #6140 fn=63802 p51=1 tick=64475 : armee=0 one_shot=0 page_prog=64 rif_avant=0 nwin=0 marge=0 -> DMA NON ARMEE (le RIF jette) : SCH memorise pour la fenetre SB (dans une vraie fenetre SB : 47/6140)
  [sbwin] SB #6150 fn=63904 p51=1 tick=64577 : armee=0 one_shot=0 page_prog=64 rif_avant=0 nwin=0 marge=0 -> DMA NON ARMEE (le RIF jette) : SCH memorise pour la fenetre SB (dans une vraie fenetre SB : 47/6150)
  profil PC (21059 tranches, high-water 0xde92) : 9a80:11% 8240:11% 8380:10% 83c0:5% 8200:5% 8300:4% 8540:4% 9a40:4% a0c0:3% 81c0:3% 82c0:3% 9a00:2%
  fn=64664   page=1 insn=121     IDLE   d_fb_det=0     a_sch=0100 0000 0000 0000 sync=0000 1530 ffff  | trames=64666 irq=0 iq=0
  [sbwin] SB #6160 fn=64006 p51=1 tick=64679 : armee=0 one_shot=0 page_prog=64 rif_avant=0 nwin=0 marge=0 -> DMA NON ARMEE (le RIF jette) : SCH memorise pour la fenetre SB (dans une vraie fenetre SB : 47/6160)
  [sbwin] SB #6170 fn=64108 p51=1 tick=64781 : armee=0 one_shot=0 page_prog=64 rif_avant=0 nwin=0 marge=0 -> DMA NON ARMEE (le RIF jette) : SCH memorise pour la fenetre SB (dans une vraie fenetre SB : 47/6170)
  profil PC (21056 tranches, high-water 0xde92) : 9a80:11% 8240:11% 8380:10% 83c0:5% 8200:5% 8300:4% 8540:4% 9a40:4% a0c0:3% 81c0:3% 82c0:3% 9a00:2%
  fn=64881   page=0 insn=121     IDLE   d_fb_det=0     a_sch=0100 0000 0000 0000 sync=0000 1530 ffff  | trames=64883 irq=0 iq=0
  [sbwin] SB #6180 fn=64210 p51=1 tick=64883 : armee=0 one_shot=0 page_prog=64 rif_avant=0 nwin=0 marge=0 -> DMA NON ARMEE (le RIF jette) : SCH memorise pour la fenetre SB (dans une vraie fenetre SB : 47/6180)
  [sbwin] SB #6190 fn=64312 p51=1 tick=64985 : armee=0 one_shot=0 page_prog=64 rif_avant=0 nwin=0 marge=0 -> DMA NON ARMEE (le RIF jette) : SCH memorise pour la fenetre SB (dans une vraie fenetre SB : 47/6190)
  [chrono] fn=64998 sur 1000 trames (ms) : qemu 3.55 | A 0.05 | go 0.26 | B 0.19 | apres DONE 0.56 | trame 4.62 (temps reel 4.62)
  [sbwin] SB #6200 fn=64414 p51=1 tick=65087 : armee=0 one_shot=0 page_prog=64 rif_avant=0 nwin=0 marge=0 -> DMA NON ARMEE (le RIF jette) : SCH memorise pour la fenetre SB (dans une vraie fenetre SB : 47/6200)
  profil PC (23801 tranches, high-water 0xde92) : 9a80:11% 8240:11% 8380:10% 83c0:5% 8200:5% 8300:4% 8540:4% 9a40:4% a0c0:3% 81c0:3% 82c0:3% 9a00:2%
  fn=65098   page=1 insn=13782   IDLE   d_fb_det=0     a_sch=0100 0000 0000 0000 sync=0000 1530 ffff  | trames=65100 irq=0 iq=0
  [sbwin] SB #6210 fn=64516 p51=1 tick=65189 : armee=0 one_shot=0 page_prog=64 rif_avant=0 nwin=0 marge=0 -> DMA NON ARMEE (le RIF jette) : SCH memorise pour la fenetre SB (dans une vraie fenetre SB : 47/6210)
  [sbwin] SB #6220 fn=64618 p51=1 tick=65291 : armee=0 one_shot=0 page_prog=64 rif_avant=0 nwin=0 marge=0 -> DMA NON ARMEE (le RIF jette) : SCH memorise pour la fenetre SB (dans une vraie fenetre SB : 47/6220)
  profil PC (23327 tranches, high-water 0xde92) : 9a80:11% 8240:11% 8380:10% 83c0:5% 8200:5% 8300:4% 8540:4% 9a40:4% a0c0:3% 81c0:3% 82c0:3% 9a00:2%
  fn=65315   page=1 insn=121     IDLE   d_fb_det=0     a_sch=0100 0000 0000 0000 sync=0000 1530 ffff  | trames=65317 irq=0 iq=0
  [sbwin] SB #6230 fn=64720 p51=1 tick=65393 : armee=0 one_shot=0 page_prog=64 rif_avant=0 nwin=0 marge=0 -> DMA NON ARMEE (le RIF jette) : SCH memorise pour la fenetre SB (dans une vraie fenetre SB : 47/6230)
  [sbwin] SB #6240 fn=64822 p51=1 tick=65495 : armee=0 one_shot=0 page_prog=64 rif_avant=0 nwin=0 marge=0 -> DMA NON ARMEE (le RIF jette) : SCH memorise pour la fenetre SB (dans une vraie fenetre SB : 47/6240)
  profil PC (21059 tranches, high-water 0xde92) : 9a80:11% 8240:11% 8380:10% 83c0:5% 8200:5% 8300:4% 8540:4% 9a40:4% a0c0:3% 81c0:3% 82c0:3% 9a00:2%
  fn=65532   page=0 insn=121     IDLE   d_fb_det=0     a_sch=0100 0000 0000 0000 sync=0000 1530 ffff  | trames=65534 irq=0 iq=0
  [sbwin] SB #6250 fn=64924 p51=1 tick=65597 : armee=0 one_shot=0 page_prog=64 rif_avant=0 nwin=0 marge=0 -> DMA NON ARMEE (le RIF jette) : SCH memorise pour la fenetre SB (dans une vraie fenetre SB : 47/6250)
  [sbwin] SB #6260 fn=65026 p51=1 tick=65699 : armee=0 one_shot=0 page_prog=64 rif_avant=0 nwin=0 marge=0 -> DMA NON ARMEE (le RIF jette) : SCH memorise pour la fenetre SB (dans une vraie fenetre SB : 47/6260)
  profil PC (21077 tranches, high-water 0xde92) : 9a80:11% 8240:11% 8380:10% 83c0:5% 8200:5% 8300:4% 8540:4% 9a40:4% a0c0:3% 81c0:3% 82c0:3% 9a00:2%
  fn=65749   page=0 insn=1355    IDLE   d_fb_det=0     a_sch=0100 0000 0000 0000 sync=0000 1530 ffff  | trames=65751 irq=0 iq=0
  [sbwin] SB #6270 fn=65128 p51=1 tick=65801 : armee=0 one_shot=0 page_prog=64 rif_avant=0 nwin=0 marge=0 -> DMA NON ARMEE (le RIF jette) : SCH memorise pour la fenetre SB (dans une vraie fenetre SB : 47/6270)
  [sbwin] SB #6280 fn=65230 p51=1 tick=65903 : armee=0 one_shot=0 page_prog=64 rif_avant=0 nwin=0 marge=0 -> DMA NON ARMEE (le RIF jette) : SCH memorise pour la fenetre SB (dans une vraie fenetre SB : 47/6280)
  [ts0] tick=65930 fn=65257 p51=28 NB fenetre=0 marge=0 rif_avant=0
  profil PC (24001 tranches, high-water 0xde92) : 9a80:11% 8240:11% 8380:10% 83c0:5% 8200:5% 8300:4% 8540:4% 9a40:4% a0c0:3% 81c0:3% 82c0:3% 9a00:2%
  fn=65966   page=1 insn=13663   IDLE   d_fb_det=0     a_sch=0100 0000 0000 0000 sync=0000 1530 ffff  | trames=65968 irq=0 iq=0
  hacks actifs : RHEA_DMA ; cadencement : STREAM LOCKSTEP  ; stimulus : none
  [chrono] fn=65998 sur 1000 trames (ms) : qemu 3.47 | A 0.06 | go 0.27 | B 0.21 | apres DONE 0.61 | trame 4.61 (temps reel 4.62)
  [sbwin] SB #6290 fn=65332 p51=1 tick=66005 : armee=0 one_shot=0 page_prog=64 rif_avant=0 nwin=0 marge=0 -> DMA NON ARMEE (le RIF jette) : SCH memorise pour la fenetre SB (dans une vraie fenetre SB : 47/6290)
  [sbwin] SB #6300 fn=65434 p51=1 tick=66107 : armee=0 one_shot=0 page_prog=64 rif_avant=0 nwin=0 marge=0 -> DMA NON ARMEE (le RIF jette) : SCH memorise pour la fenetre SB (dans une vraie fenetre SB : 47/6300)
  profil PC (23107 tranches, high-water 0xde92) : 9a80:11% 8240:11% 8380:10% 83c0:5% 8200:5% 8300:4% 8540:4% 9a40:4% a0c0:3% 81c0:3% 82c0:3% 9a00:2%
  fn=66183   page=0 insn=121     IDLE   d_fb_det=0     a_sch=0100 0000 0000 0000 sync=0000 1530 ffff  | trames=66185 irq=0 iq=0
  [sbwin] SB #6310 fn=65536 p51=1 tick=66209 : armee=0 one_shot=0 page_prog=64 rif_avant=0 nwin=0 marge=0 -> DMA NON ARMEE (le RIF jette) : SCH memorise pour la fenetre SB (dans une vraie fenetre SB : 47/6310)
  [afc] fn=66288 w_page=0 relaye=-700 | page0=-700 page1=-694
  [afc] fn=66289 w_page=1 relaye=-700 | page0=-700 page1=-700
  [jalon] fn=66289 d_fb_det=1  hacks=RHEA_DMA
  [sbwin] SB #6318 fn=65617 p51=31 tick=66290 : armee=0 one_shot=0 page_prog=48 rif_avant=0 nwin=0 marge=0 -> DMA NON ARMEE (le RIF jette) : SCH memorise pour la fenetre SB (dans une vraie fenetre SB : 47/6318)
  [jalon] fn=66299 d_fb_det=1  hacks=RHEA_DMA
  [sbwin] SB #6319 fn=65627 p51=41 tick=66300 : armee=0 one_shot=0 page_prog=48 rif_avant=0 nwin=0 marge=0 -> DMA NON ARMEE (le RIF jette) : SCH memorise pour la fenetre SB (dans une vraie fenetre SB : 47/6319)
  [cmd] fn=66308 tache SB postee par l'ARM (W0 md=6 W1 md=0)
  [sb] fn=66308 p51=8 | FB a fn=66299 toa=8743 pm=5424 ang=-1 | TOA-ROM=8743 src=fine | a_sch=0100 crc_ko
  [a_sch] fn=66309 page=0 : 0100 0000 0000 0000 -> 8100 0172 86be 0060  (d_dsp_page=0003) TOA=23 PM=5416 SNR=427 crc_ko
  [a_sch] fn=66310 page=1 : 0100 0000 0000 0000 -> 8100 0016 f85d 01fb  (d_dsp_page=0003) TOA=0 PM=5521 SNR=12 crc_ko
  [sbwin] SB #6320 fn=65638 p51=1 tick=66311 : armee=0 one_shot=0 page_prog=191 rif_avant=0 nwin=0 marge=0 -> DMA NON ARMEE (le RIF jette) : SCH memorise pour la fenetre SB (dans une vraie fenetre SB : 47/6320)
  [a_sch] fn=66311 page=0 : 8100 0172 86be 0060 -> 0100 0000 0000 0000  (d_dsp_page=0003) TOA=0 PM=0 SNR=0 crc_ko
  [a_sch] fn=66312 page=1 : 8100 0016 f85d 01fb -> 0100 0000 0000 0000  (d_dsp_page=0003) TOA=0 PM=0 SNR=0 crc_ko
  [jalon] fn=66320 d_fb_det=1  hacks=RHEA_DMA
  [sbwin] SB #6321 fn=65648 p51=11 tick=66321 : armee=0 one_shot=0 page_prog=48 rif_avant=0 nwin=0 marge=0 -> DMA NON ARMEE (le RIF jette) : SCH memorise pour la fenetre SB (dans une vraie fenetre SB : 47/6321)
  [jalon] fn=66330 d_fb_det=1  hacks=RHEA_DMA
  [sbwin] SB #6322 fn=65658 p51=21 tick=66331 : armee=0 one_shot=0 page_prog=48 rif_avant=0 nwin=0 marge=0 -> DMA NON ARMEE (le RIF jette) : SCH memorise pour la fenetre SB (dans une vraie fenetre SB : 47/6322)
  [cmd] fn=66339 tache SB postee par l'ARM (W0 md=6 W1 md=0)
  [sb] fn=66339 p51=39 | FB a fn=66330 toa=8743 pm=5424 ang=-1 | TOA-ROM=8743 src=fine | a_sch=0100 crc_ko
  [a_sch] fn=66340 page=0 : 0100 0000 0000 0000 -> 8100 0016 f85d 01fb  (d_dsp_page=0003) TOA=0 PM=5521 SNR=12 crc_ko
  [sbwin] SB #6323 fn=65668 p51=31 tick=66341 : armee=1 one_shot=1 page_prog=191 rif_avant=0 nwin=191 marge=21 -> FENETRE SB (one-shot) (dans une vraie fenetre SB : 48/6323)
  [a_sch] fn=66341 page=1 : 0100 0000 0000 0000 -> 8000 072a 181c 01c9  (d_dsp_page=0003) TOA=23 PM=5344 SNR=16384 CRC_OK
  [jalon] fn=66341 SB PLAUSIBLE page=1 BSIC=7 a_sch=8000 072a 181c 01c9  hacks=RHEA_DMA
  [a_sch] fn=66342 page=0 : 8100 0016 f85d 01fb -> 0100 0000 0000 0000  (d_dsp_page=0003) TOA=0 PM=0 SNR=0 crc_ko
  [sbwin] SB #6324 fn=65678 p51=41 tick=66351 : armee=0 one_shot=0 page_prog=191 rif_avant=0 nwin=0 marge=0 -> DMA NON ARMEE (le RIF jette) : SCH memorise pour la fenetre SB (dans une vraie fenetre SB : 48/6324)
  [sbwin] SB #6325 fn=65689 p51=1 tick=66362 : armee=0 one_shot=0 page_prog=191 rif_avant=0 nwin=0 marge=0 -> DMA NON ARMEE (le RIF jette) : SCH memorise pour la fenetre SB (dans une vraie fenetre SB : 48/6325)
  [a_sch] fn=66365 page=1 : 8000 072a 181c 01c9 -> 0100 0000 0000 0000  (d_dsp_page=0003) TOA=0 PM=0 SNR=0 crc_ko
  [sbwin] SB #6326 fn=65699 p51=11 tick=66372 : armee=0 one_shot=0 page_prog=151 rif_avant=0 nwin=0 marge=0 -> DMA NON ARMEE (le RIF jette) : SCH memorise pour la fenetre SB (dans une vraie fenetre SB : 48/6326)
  [sbwin] SB #6327 fn=65709 p51=21 tick=66382 : armee=0 one_shot=0 page_prog=151 rif_avant=0 nwin=0 marge=0 -> DMA NON ARMEE (le RIF jette) : SCH memorise pour la fenetre SB (dans une vraie fenetre SB : 48/6327)
  [montant] RACH ra=0xf2 bsic=7 fn=66385 -> /dev/shm/calypso_rach
  [montant]   declencheur : d_task_ra=RACH_DSP_TASK (task_ra=0x000a d_rach=0xf21c)
  profil PC (27765 tranches, high-water 0xde92) : 77c0:9% 9a80:7% 8240:6% 8380:5% 7800:5% 7840:4% 78c0:3% 83c0:3% 8200:3% 8300:3% 8540:2% a680:2%
  fn=66400   page=0 insn=121     IDLE   d_fb_det=0     a_sch=0100 0000 0000 0000 sync=0000 1530 ffff  | trames=66402 irq=0 iq=0
  [sbwin] SB #6330 fn=65740 p51=1 tick=66413 : armee=0 one_shot=0 page_prog=151 rif_avant=0 nwin=0 marge=0 -> DMA NON ARMEE (le RIF jette) : SCH memorise pour la fenetre SB (dans une vraie fenetre SB : 48/6330)
  [montant] canal dedie (side-band seq=9) : arme TS1 SDCCH/8 SS=0
pont : canal dedie arme : TS1 SDCCH/8 SS=0
  [a_cd] fn=66498 p51=45 p102=96 etat=8000 ok L2=07 00 03 03 | ok=19 ko=19
  [sbwin] SB #6340 fn=65852 p51=11 tick=66525 : armee=0 one_shot=0 page_prog=151 rif_avant=0 nwin=0 marge=0 -> DMA NON ARMEE (le RIF jette) : SCH memorise pour la fenetre SB (dans une vraie fenetre SB : 48/6340)
  profil PC (11943 tranches, high-water 0xde92) : 9a80:10% 8240:10% 8380:9% 8200:4% 83c0:4% 8300:4% 8540:4% a680:3% 9a40:3% a0c0:3% 81c0:3% 82c0:3%
  fn=66617   page=0 insn=13657   IDLE   d_fb_det=0     a_sch=0100 0000 0000 0000 sync=0000 1530 ffff  | trames=66619 irq=0 iq=0
  [sbwin] SB #6350 fn=65974 p51=31 tick=66647 : armee=0 one_shot=0 page_prog=151 rif_avant=0 nwin=0 marge=0 -> DMA NON ARMEE (le RIF jette) : SCH memorise pour la fenetre SB (dans une vraie fenetre SB : 48/6350)
  [sbwin] SB #6360 fn=66107 p51=11 tick=66780 : armee=0 one_shot=0 page_prog=151 rif_avant=0 nwin=0 marge=0 -> DMA NON ARMEE (le RIF jette) : SCH memorise pour la fenetre SB (dans une vraie fenetre SB : 48/6360)
  [BSP] dedie : DESACCORD fn=66128 p51=32 p102=32 : table=1 tpu=0 (offset=210 ref=1587, tn_fenetre=6) [1400 fois]
  [a5-arm] tick=66825 d_a5mode=1 a_kc=3800 75ac 2209 bf24
  [montant] chiffrement A5/1 : Kc publie vers /dev/shm/calypso_kc_l1 (seq=10)
  profil PC (9880 tranches, high-water 0xde92) : 9a80:10% 8240:9% 8380:8% 83c0:4% a680:4% 8200:4% 8300:4% 8540:4% 9a40:3% a0c0:3% 81c0:2% 82c0:2%
  fn=66834   page=0 insn=121     IDLE   d_fb_det=0     a_sch=0100 0000 0000 0000 sync=0000 1530 ffff  | trames=66836 irq=0 iq=0
  [a5] #2436 A5/1 fn=66162 (T1=49 T2=18 T3=15) Kc=bf24220975ac3800 (NOUVEAU Kc) | dernier depot BSP fn=66161 (ecart +1)
  [a_cd] fn=66874 p51=13 p102=64 etat=8040 FIRE KO L2=d8 20 e4 42 | ok=19 ko=20
  [sbwin] SB #6370 fn=66229 p51=31 tick=66902 : armee=0 one_shot=0 page_prog=151 rif_avant=0 nwin=0 marge=0 -> DMA NON ARMEE (le RIF jette) : SCH memorise pour la fenetre SB (dans une vraie fenetre SB : 48/6370)
  [a5] #2500 A5/1 fn=66250 (T1=49 T2=2 T3=1) Kc=bf24220975ac3800 | dernier depot BSP fn=66249 (ecart +1)
  [a_cd] fn=66976 p51=13 p102=64 etat=8000 ok L2=01 41 01 2b | ok=20 ko=20
  [chrono] fn=66998 sur 1000 trames (ms) : qemu 3.73 | A 0.07 | go 0.24 | B 0.22 | apres DONE 0.36 | trame 4.62 (temps reel 4.62)
  [sbwin] SB #6380 fn=66362 p51=11 tick=67035 : armee=0 one_shot=0 page_prog=151 rif_avant=0 nwin=0 marge=0 -> DMA NON ARMEE (le RIF jette) : SCH memorise pour la fenetre SB (dans une vraie fenetre SB : 48/6380)
  profil PC (9688 tranches, high-water 0xde92) : 9a80:9% 8240:9% 8380:8% a680:4% 83c0:4% 8200:4% 8300:3% 8540:3% 9a40:3% a0c0:3% 81c0:2% 82c0:2%
  fn=67051   page=0 insn=121     IDLE   d_fb_det=0     a_sch=0100 0000 0000 0000 sync=0000 1530 ffff  | trames=67053 irq=0 iq=0
  [montant] TCH (seq=1) : TS2 TSC=7 annonce par le pont, bascule du BSP a la premiere tache TCH du firmware
  [montant] TCH : le firmware poste la tache 13 a fn=67132, BSP bascule sur TS2 (TSC=7)
  [ts0] canal dedie arme : TCH TS2 (toutes les trames)
  [montant] FACCH UL fn=67132 task=0x000d
  [depot_tch] fn=67133 phase A : 1870 insn, idle=1, fenetre armee=1
  [depot_tch] fn=67134 phase A : 1464 insn, idle=1, fenetre armee=1
  [depot_tch] fn=67135 phase A : 1491 insn, idle=1, fenetre armee=1
  [depot_tch] fn=67136 phase A : 1476 insn, idle=1, fenetre armee=1
  [a_dd] fn=67136 etat=c214 FIRE=0 BFI=1 err=0 (ecart 67136 trames) | vues=1 ko=0 bfi=1
  [depot_tch] fn=67137 phase A : 1496 insn, idle=1, fenetre armee=1
  [depot_tch] fn=67138 phase A : 1476 insn, idle=1, fenetre armee=1
  [depot_tch] fn=67139 phase A : 1466 insn, idle=1, fenetre armee=1
  [depot_tch] fn=67140 phase A : 1470 insn, idle=1, fenetre armee=1
  [d_fn] tick=67140 tache=14 fn_report=90 fn%104=12
  [a_dd] fn=67140 etat=c214 FIRE=0 BFI=1 err=0 (ecart 4 trames) | vues=2 ko=0 bfi=2
  [depot_tch] fn=67141 phase A : 1453 insn, idle=1, fenetre armee=1
  [sacch_tf] tick=67141 fn=66468 fn%104=12 TS2 burst=oui uns=85 one_shot=1 nwin=151
  [a_cd] fn=67141 p51=25 p102=25 etat=8040 FIRE KO L2=00 00 00 00 | ok=20 ko=21
  [depot_tch] fn=67142 phase A : 1469 insn, idle=1, fenetre armee=1
  [depot_tch] fn=67143 phase A : 1465 insn, idle=1, fenetre armee=1
  [depot_tch] fn=67144 phase A : 1465 insn, idle=1, fenetre armee=1
  [depot_tch] fn=67145 phase A : 1465 insn, idle=1, fenetre armee=1
  [a_dd] fn=67145 etat=c214 FIRE=0 BFI=1 err=0 (ecart 5 trames) | vues=3 ko=0 bfi=3
  [depot_tch] fn=67146 phase A : 1469 insn, idle=1, fenetre armee=1
  [depot_tch] fn=67147 phase A : 1465 insn, idle=1, fenetre armee=1
  [depot_tch] fn=67148 phase A : 1467 insn, idle=1, fenetre armee=1
  [depot_tch] fn=67149 phase A : 1465 insn, idle=1, fenetre armee=1
  [a_dd] fn=67149 etat=c214 FIRE=0 BFI=1 err=0 (ecart 4 trames) | vues=4 ko=0 bfi=4
  [depot_tch] fn=67150 phase A : 1469 insn, idle=1, fenetre armee=1
  [depot_tch] fn=67151 phase A : 1465 insn, idle=1, fenetre armee=1
  [depot_tch] fn=67152 phase A : 1467 insn, idle=1, fenetre armee=1
  [depot_tch] fn=67153 phase A : 1467 insn, idle=1, fenetre armee=1
  [a_dd] fn=67153 etat=c214 FIRE=0 BFI=1 err=0 (ecart 4 trames) | vues=5 ko=0 bfi=5
  [depot_tch] fn=67154 phase A : 668 insn, idle=1, fenetre armee=1
  [depot_tch] fn=67155 phase A : 1467 insn, idle=1, fenetre armee=1
  [depot_tch] fn=67156 phase A : 1467 insn, idle=1, fenetre armee=1
  [depot_tch] fn=67157 phase A : 1463 insn, idle=1, fenetre armee=1
  [depot_tch] fn=67158 phase A : 1467 insn, idle=1, fenetre armee=1
  [a_dd] fn=67158 etat=c214 FIRE=0 BFI=1 err=0 (ecart 5 trames) | vues=6 ko=0 bfi=6
  [depot_tch] fn=67159 phase A : 1467 insn, idle=1, fenetre armee=1
  [depot_tch] fn=67160 phase A : 1467 insn, idle=1, fenetre armee=1
  [depot_tch] fn=67161 phase A : 1465 insn, idle=1, fenetre armee=1
  [montant] FACCH UL fn=67161 task=0x000d
  [depot_tch] fn=67162 phase A : 1467 insn, idle=1, fenetre armee=1
  [a_dd] fn=67162 etat=c214 FIRE=0 BFI=1 err=0 (ecart 4 trames) | vues=7 ko=0 bfi=7
  [d_fn] tick=67166 tache=14 fn_report=12 fn%104=38
  [a_dd] fn=67166 etat=c214 FIRE=0 BFI=1 err=0 (ecart 4 trames) | vues=8 ko=0 bfi=8
  [montant] SACCH UL fn=67166 task=0x000e
  [sacch_tf] tick=67167 fn=66494 fn%104=38 TS2 burst=oui uns=75 one_shot=1 nwin=151
  [a_dd] fn=67171 etat=c214 FIRE=0 BFI=1 err=0 (ecart 5 trames) | vues=9 ko=0 bfi=9
  [a_dd] fn=67175 etat=c214 FIRE=0 BFI=1 err=0 (ecart 4 trames) | vues=10 ko=0 bfi=10
  [a_dd] fn=67179 etat=c214 FIRE=0 BFI=1 err=0 (ecart 4 trames) | vues=11 ko=0 bfi=11
  [a_dd] fn=67184 etat=c214 FIRE=0 BFI=1 err=0 (ecart 5 trames) | vues=12 ko=0 bfi=12
  [a_dd] fn=67188 etat=c214 FIRE=0 BFI=1 err=0 (ecart 4 trames) | vues=13 ko=0 bfi=13
  [d_fn] tick=67192 tache=14 fn_report=38 fn%104=64
  [a_dd] fn=67192 etat=c214 FIRE=0 BFI=1 err=0 (ecart 4 trames) | vues=14 ko=0 bfi=14
  [sacch_tf] tick=67193 fn=66520 fn%104=64 TS2 burst=oui uns=78 one_shot=1 nwin=151
  [a_dd] fn=67197 etat=c214 FIRE=0 BFI=1 err=0 (ecart 5 trames) | vues=15 ko=0 bfi=15
  [a_dd] fn=67201 etat=c214 FIRE=0 BFI=1 err=0 (ecart 4 trames) | vues=16 ko=0 bfi=16
  [a_dd] fn=67205 etat=c214 FIRE=0 BFI=1 err=0 (ecart 4 trames) | vues=17 ko=0 bfi=17
  [a_fd] fn=67210 fn%13=0 etat=8080 BLUD=1 FIRE=0 d_tch_mode=ca00 L2=01 73 01 2b | ok=1 ko=0
  [a_dd] fn=67210 etat=8084 FIRE=0 BFI=1 err=58 (ecart 5 trames) | vues=18 ko=0 bfi=18
  [montant] canal dedie (side-band seq=10) : TCH/F TS2 SS=0, firmware sur le TCH (BSP deja sur le TCH, SDCCH memorise)
  [montant] FACCH UL fn=67213 task=0x000d
  [a_dd] fn=67214 etat=c214 FIRE=0 BFI=1 err=0 (ecart 4 trames) | vues=19 ko=0 bfi=19
  [d_fn] tick=67218 tache=14 fn_report=64 fn%104=90
  [a_dd] fn=67218 etat=c214 FIRE=0 BFI=1 err=0 (ecart 4 trames) | vues=20 ko=0 bfi=20
  [sacch_tf] tick=67219 fn=66546 fn%104=90 TS2 burst=oui uns=76 one_shot=1 nwin=151
  [d_fn] tick=67244 tache=14 fn_report=90 fn%104=12
  [sacch_tf] tick=67245 fn=66572 fn%104=12 TS2 burst=oui uns=70 one_shot=1 nwin=151
  [a_cd] fn=67245 p51=27 p102=27 etat=8000 ok L2=07 00 03 03 | ok=21 ko=21
  [a5] #3000 A5/1 fn=66580 (T1=50 T2=20 T3=25) Kc=bf24220975ac3800 | dernier depot BSP fn=66579 (ecart +1)
  [a_fd] fn=67253 fn%13=4 etat=8080 BLUD=1 FIRE=0 d_tch_mode=ca00 L2=01 21 01 2b | ok=2 ko=0
  [a_fd] fn=67257 fn%13=8 etat=8080 BLUD=1 FIRE=0 d_tch_mode=ca00 L2=03 20 09 83 | ok=3 ko=0
  [montant] FACCH UL fn=67261 task=0x000d
  profil PC (71575 tranches, high-water 0xefc8) : e980:9% 8240:7% 9a80:7% 8380:6% ecc0:4% 83c0:3% 8300:3% 8200:3% 8540:3% e940:2% 9a40:2% 81c0:2%
  fn=67268   page=1 insn=14415   IDLE   d_fb_det=0     a_sch=0100 0000 0000 0000 sync=0000 1530 ffff  | trames=67270 irq=0 iq=0
  [d_fn] tick=67270 tache=14 fn_report=12 fn%104=38
  [montant] SACCH UL fn=67270 task=0x000e
  [sacch_tf] tick=67271 fn=66598 fn%104=38 TS2 burst=oui uns=72 one_shot=1 nwin=151
  [BSP] dedie : DESACCORD fn=66616 p51=10 p102=10 : table=1 tpu=0 (offset=835 ref=1587, tn_fenetre=7) [1600 fois]
  [a_fd] fn=67292 fn%13=4 etat=8080 BLUD=1 FIRE=0 d_tch_mode=ca00 L2=03 30 09 83 | ok=4 ko=0
  [montant] FACCH UL fn=67295 task=0x000d
  [d_fn] tick=67296 tache=14 fn_report=38 fn%104=64
  [sacch_tf] tick=67297 fn=66624 fn%104=64 TS2 burst=oui uns=86 one_shot=1 nwin=151
  [d_fn] tick=67322 tache=14 fn_report=64 fn%104=90
  [sacch_tf] tick=67323 fn=66650 fn%104=90 TS2 burst=oui uns=74 one_shot=1 nwin=151
  [a_fd] fn=67327 fn%13=0 etat=8080 BLUD=1 FIRE=0 d_tch_mode=ca00 L2=03 31 01 2b | ok=5 ko=0
  [a_fd] fn=67335 fn%13=8 etat=8080 BLUD=1 FIRE=0 d_tch_mode=ca00 L2=03 22 09 83 | ok=6 ko=0
  [montant] parole UL fn=67347
  [d_fn] tick=67348 tache=14 fn_report=90 fn%104=12
  [sacch_tf] tick=67349 fn=66676 fn%104=12 TS2 burst=oui uns=84 one_shot=1 nwin=151
  [a_cd] fn=67349 p51=29 p102=29 etat=8040 FIRE KO L2=00 00 00 00 | ok=21 ko=22
  [montant] parole UL fn=67352
  [montant] parole UL fn=67356
  [montant] parole UL fn=67360
  [montant] parole UL fn=67365
  [montant] FACCH UL fn=67369 task=0x000d
  [montant] parole UL fn=67369
  [a_fd] fn=67370 fn%13=4 etat=8080 BLUD=1 FIRE=0 d_tch_mode=ca08 L2=03 32 09 83 | ok=7 ko=0
  [montant] FACCH UL fn=67373 task=0x000d
  [d_fn] tick=67374 tache=14 fn_report=12 fn%104=38
  [montant] SACCH UL fn=67374 task=0x000e
  [sacch_tf] tick=67375 fn=66702 fn%104=38 TS2 burst=oui uns=73 one_shot=1 nwin=151
  [montant] FACCH UL fn=67378 task=0x000d
  [montant] parole UL fn=67378
  [montant] parole UL fn=67382
  [montant] parole UL fn=67386
  [montant] parole UL fn=67391
  [montant] parole UL fn=67395
  [montant] parole UL fn=67399
  [d_fn] tick=67400 tache=14 fn_report=38 fn%104=64
  [sacch_tf] tick=67401 fn=66728 fn%104=64 TS2 burst=oui uns=85 one_shot=1 nwin=151
  [montant] parole UL fn=67404
  [a_fd] fn=67405 fn%13=0 etat=8080 BLUD=1 FIRE=0 d_tch_mode=ca08 L2=03 32 09 83 | ok=8 ko=0
  [montant] parole UL fn=67412
  [a_fd] fn=67413 fn%13=8 etat=8080 BLUD=1 FIRE=0 d_tch_mode=ca08 L2=01 41 01 2b | ok=9 ko=0
  [montant] parole UL fn=67421
  [montant] parole UL fn=67425
  [a5] #3500 A5/1 fn=66753 (T1=50 T2=11 T3=45) Kc=bf24220975ac3800 | dernier depot BSP fn=66752 (ecart +1)
  [d_fn] tick=67426 tache=14 fn_report=64 fn%104=90
  [sacch_tf] tick=67427 fn=66754 fn%104=90 TS2 burst=oui uns=80 one_shot=1 nwin=151
  [montant] parole UL fn=67430
  [montant] parole UL fn=67434
  [montant] parole UL fn=67438
  [montant] parole UL fn=67443
  [d_fn] tick=67452 tache=14 fn_report=90 fn%104=12
  [sacch_tf] tick=67453 fn=66780 fn%104=12 TS2 burst=oui uns=81 one_shot=1 nwin=151
  [a_cd] fn=67453 p51=31 p102=31 etat=8000 ok L2=08 00 03 03 | ok=22 ko=22
  [d_fn] tick=67478 tache=14 fn_report=12 fn%104=38
  [montant] SACCH UL fn=67478 task=0x000e
  [sacch_tf] tick=67479 fn=66806 fn%104=38 TS2 burst=oui uns=76 one_shot=1 nwin=151
  profil PC (107422 tranches, high-water 0xefcd) : e980:9% 8240:6% 9a80:6% 8380:6% ecc0:4% 83c0:3% e940:3% 8300:3% 8200:3% 8540:2% 9a40:2% 81c0:2%
  fn=67485   page=0 insn=14412   IDLE   d_fb_det=0     a_sch=0100 0000 0000 0000 sync=0000 1530 ffff  | trames=67487 irq=0 iq=0
  [BSP] dedie : DESACCORD fn=66816 p51=6 p102=6 : table=1 tpu=0 (offset=835 ref=1587, tn_fenetre=7) [1800 fois]
  [d_fn] tick=67504 tache=14 fn_report=38 fn%104=64
  [sacch_tf] tick=67505 fn=66832 fn%104=64 TS2 burst=oui uns=81 one_shot=1 nwin=151
  [d_fn] tick=67530 tache=14 fn_report=64 fn%104=90
  [sacch_tf] tick=67531 fn=66858 fn%104=90 TS2 burst=oui uns=83 one_shot=1 nwin=151
  [d_fn] tick=67556 tache=14 fn_report=90 fn%104=12
  [sacch_tf] tick=67557 fn=66884 fn%104=12 TS2 burst=oui uns=77 one_shot=1 nwin=151
  [a_cd] fn=67557 p51=33 p102=33 etat=8000 ok L2=08 00 03 03 | ok=23 ko=22
  [a_dd] fn=67569 etat=c204 FIRE=0 BFI=1 err=24 (ecart 4 trames) | vues=100 ko=0 bfi=100
  [d_fn] tick=67582 tache=14 fn_report=12 fn%104=38
  [montant] SACCH UL fn=67582 task=0x000e
  [sacch_tf] tick=67583 fn=66910 fn%104=38 TS2 burst=oui uns=69 one_shot=1 nwin=151
  [a5] #4000 A5/1 fn=66927 (T1=50 T2=3 T3=15) Kc=bf24220975ac3800 | dernier depot BSP fn=66926 (ecart +1)
  [a5-hist] #4000 recales=0 ecart(-1/0/+1/+2/autre) par fn%26 : 0:0/0/90/0/0 1:0/0/87/0/0 2:0/0/87/0/0 3:0/0/83/0/0 4:0/0/84/0/0 5:0/0/78/0/0 6:0/0/78/0/0 7:0/0/78/0/0 8:0/0/81/0/0 9:0/0/78/0/0 10:0/0/78/0/0 11:0/0/75/0/0 12:0/0/69/0/0 13:0/0/69/0/0 14:0/0/69/0/0 15:0/0/72/0/0 16:0/0/78/0/0 17:0/0/81/0/0 18:0/0/84/0/0 19:0/0/84/0/0 20:0/0/78/0/0 21:0/0/78/0/0 22:0/0/72/0/0 23:0/0/78/0/0 24:0/0/81/0/0 25:0/0/30/0/0
  [d_fn] tick=67608 tache=14 fn_report=38 fn%104=64
  [sacch_tf] tick=67609 fn=66936 fn%104=64 TS2 burst=oui uns=67 one_shot=1 nwin=151
  [d_fn] tick=67634 tache=14 fn_report=64 fn%104=90
  [sacch_tf] tick=67635 fn=66962 fn%104=90 TS2 burst=oui uns=69 one_shot=1 nwin=151
  [d_fn] tick=67660 tache=14 fn_report=90 fn%104=12
  [sacch_tf] tick=67661 fn=66988 fn%104=12 TS2 burst=oui uns=69 one_shot=1 nwin=151
  [a_cd] fn=67661 p51=35 p102=35 etat=8000 ok L2=08 00 03 03 | ok=24 ko=22
  [d_fn] tick=67686 tache=14 fn_report=12 fn%104=38
  [montant] SACCH UL fn=67686 task=0x000e
  [sacch_tf] tick=67687 fn=67014 fn%104=38 TS2 burst=oui uns=69 one_shot=1 nwin=151
  [BSP] dedie : DESACCORD fn=67016 p51=2 p102=2 : table=1 tpu=0 (offset=835 ref=1587, tn_fenetre=7) [2000 fois]
  profil PC (108098 tranches, high-water 0xefce) : e980:10% 8240:6% 9a80:6% 8380:6% ecc0:4% 83c0:3% e940:3% 8300:3% 8200:3% 8540:2% 9a40:2% 81c0:2%
  fn=67702   page=1 insn=14413   IDLE   d_fb_det=0     a_sch=0100 0000 0000 0000 sync=0000 1530 ffff  | trames=67704 irq=0 iq=0
  hacks actifs : RHEA_DMA ; cadencement : STREAM LOCKSTEP  ; stimulus : none
  [d_fn] tick=67712 tache=14 fn_report=38 fn%104=64
  [sacch_tf] tick=67713 fn=67040 fn%104=64 TS2 burst=oui uns=69 one_shot=1 nwin=151
  [d_fn] tick=67738 tache=14 fn_report=64 fn%104=90
  [sacch_tf] tick=67739 fn=67066 fn%104=90 TS2 burst=oui uns=70 one_shot=1 nwin=151
  [a_cd] fn=67765 p51=37 p102=37 etat=8000 ok L2=08 00 03 03 | ok=25 ko=22
  [a5] #4500 A5/1 fn=67100 (T1=50 T2=20 T3=35) Kc=bf24220975ac3800 | dernier depot BSP fn=67099 (ecart +1)
  [montant] SACCH UL fn=67790 task=0x000e
  [a_cd] fn=67869 p51=39 p102=39 etat=8000 ok L2=09 00 03 03 | ok=26 ko=22
  [BSP] dedie : DESACCORD fn=67216 p51=49 p102=100 : table=1 tpu=0 (offset=835 ref=1587, tn_fenetre=7) [2200 fois]
  [montant] SACCH UL fn=67894 task=0x000e
  profil PC (108307 tranches, high-water 0xefcb) : e980:10% 8240:6% 9a80:6% 8380:6% ecc0:4% 83c0:3% e940:3% 8300:3% 8200:3% 8540:2% 9a40:2% 81c0:2%
  fn=67919   page=0 insn=14395   IDLE   d_fb_det=0     a_sch=0100 0000 0000 0000 sync=0000 1530 ffff  | trames=67921 irq=0 iq=0
  [a5] #5000 A5/1 fn=67273 (T1=50 T2=11 T3=4) Kc=bf24220975ac3800 | dernier depot BSP fn=67272 (ecart +1)
  [a_cd] fn=67973 p51=41 p102=41 etat=8000 ok L2=09 00 03 03 | ok=27 ko=22
  [montant] SACCH UL fn=67998 task=0x000e
  [chrono] fn=67998 sur 1000 trames (ms) : qemu 2.30 | A 0.19 | go 0.27 | B 0.11 | apres DONE 1.76 | trame 4.62 (temps reel 4.62)
  [a_dd] fn=68003 etat=c204 FIRE=0 BFI=1 err=23 (ecart 5 trames) | vues=200 ko=0 bfi=200
  [a_cd] fn=68077 p51=43 p102=43 etat=8000 ok L2=09 00 03 03 | ok=28 ko=22
  [BSP] dedie : DESACCORD fn=67416 p51=45 p102=96 : table=1 tpu=0 (offset=835 ref=1587, tn_fenetre=7) [2400 fois]
  [montant] SACCH UL fn=68102 task=0x000e
  [a5] #5500 A5/1 fn=67447 (T1=50 T2=3 T3=25) Kc=bf24220975ac3800 | dernier depot BSP fn=67446 (ecart +1)
  profil PC (108303 tranches, high-water 0xefce) : e980:10% 8240:6% 9a80:6% 8380:6% ecc0:4% 83c0:3% e940:3% 8300:3% 8200:3% 8540:2% 9a40:2% 81c0:2%
  fn=68136   page=1 insn=14402   IDLE   d_fb_det=0     a_sch=0100 0000 0000 0000 sync=0000 1530 ffff  | trames=68138 irq=0 iq=0
  [a_cd] fn=68181 p51=45 p102=45 etat=8000 ok L2=09 00 03 03 | ok=29 ko=22
  [montant] SACCH UL fn=68206 task=0x000e
  [a_cd] fn=68285 p51=47 p102=47 etat=8000 ok L2=0a 00 03 03 | ok=30 ko=22
  [BSP] dedie : DESACCORD fn=67616 p51=41 p102=92 : table=1 tpu=0 (offset=835 ref=1587, tn_fenetre=7) [2600 fois]
  [a5] #6000 A5/1 fn=67620 (T1=50 T2=20 T3=45) Kc=bf24220975ac3800 | dernier depot BSP fn=67619 (ecart +1)
  [a5-hist] #6000 recales=0 ecart(-1/0/+1/+2/autre) par fn%26 : 0:0/0/78/0/0 1:0/0/78/0/0 2:0/0/78/0/0 3:0/0/79/0/0 4:0/0/81/0/0 5:0/0/81/0/0 6:0/0/81/0/0 7:0/0/81/0/0 8:0/0/81/0/0 9:0/0/81/0/0 10:0/0/81/0/0 11:0/0/81/0/0 12:0/0/81/0/0 13:0/0/81/0/0 14:0/0/81/0/0 15:0/0/81/0/0 16:0/0/81/0/0 17:0/0/81/0/0 18:0/0/81/0/0 19:0/0/81/0/0 20:0/0/79/0/0 21:0/0/78/0/0 22:0/0/78/0/0 23:0/0/78/0/0 24:0/0/78/0/0
  [montant] SACCH UL fn=68310 task=0x000e
  profil PC (108093 tranches, high-water 0xefcb) : e980:10% 8240:6% 9a80:6% 8380:6% ecc0:4% 83c0:3% e940:3% 8300:3% 8200:3% 8540:2% 9a40:2% 81c0:2%
  fn=68353   page=0 insn=14397   IDLE   d_fb_det=0     a_sch=0100 0000 0000 0000 sync=0000 1530 ffff  | trames=68355 irq=0 iq=0
  [a_cd] fn=68389 p51=49 p102=49 etat=8000 ok L2=0a 00 03 03 | ok=31 ko=22
  [montant] SACCH UL fn=68414 task=0x000e
  [a_dd] fn=68436 etat=c204 FIRE=0 BFI=1 err=29 (ecart 4 trames) | vues=300 ko=0 bfi=300
  [a5] #6500 A5/1 fn=67793 (T1=51 T2=11 T3=14) Kc=bf24220975ac3800 | dernier depot BSP fn=67792 (ecart +1)
  [BSP] dedie : DESACCORD fn=67816 p51=37 p102=88 : table=1 tpu=0 (offset=835 ref=1587, tn_fenetre=7) [2800 fois]
  [a_cd] fn=68493 p51=0 p102=51 etat=8000 ok L2=0a 00 03 03 | ok=32 ko=22
  [montant] SACCH UL fn=68518 task=0x000e
  profil PC (109445 tranches, high-water 0xefce) : e980:10% 8240:6% 9a80:6% 8380:6% ecc0:4% 83c0:3% e940:3% 8300:3% 8200:3% 8540:2% 9a40:2% 81c0:2%
  fn=68570   page=1 insn=85658   IDLE   d_fb_det=0     a_sch=0100 0000 0000 0000 sync=0000 1530 ffff  | trames=68572 irq=0 iq=0
  [a_cd] fn=68597 p51=2 p102=53 etat=8000 ok L2=0a 00 03 03 | ok=33 ko=22
  [montant] SACCH UL fn=68622 task=0x000e
  [a5] #7000 A5/1 fn=67967 (T1=51 T2=3 T3=35) Kc=bf24220975ac3800 | dernier depot BSP fn=67966 (ecart +1)
  [BSP] dedie : DESACCORD fn=68016 p51=33 p102=84 : table=1 tpu=0 (offset=835 ref=1587, tn_fenetre=7) [3000 fois]
  [a_cd] fn=68701 p51=4 p102=55 etat=8000 ok L2=0a 00 03 03 | ok=34 ko=22
  [montant] SACCH UL fn=68726 task=0x000e
  profil PC (108313 tranches, high-water 0xefce) : e980:10% 8240:6% 9a80:6% 8380:6% ecc0:4% 83c0:3% e940:3% 8300:3% 8200:3% 8540:2% 9a40:2% 81c0:2%
  fn=68787   page=0 insn=85650   IDLE   d_fb_det=0     a_sch=0100 0000 0000 0000 sync=0000 1530 ffff  | trames=68789 irq=0 iq=0
  [a_cd] fn=68805 p51=6 p102=57 etat=8000 ok L2=0a 00 03 03 | ok=35 ko=22
  [a5] #7500 A5/1 fn=68140 (T1=51 T2=20 T3=4) Kc=bf24220975ac3800 | dernier depot BSP fn=68139 (ecart +1)
  [montant] SACCH UL fn=68830 task=0x000e
  [a_dd] fn=68869 etat=c204 FIRE=0 BFI=1 err=26 (ecart 4 trames) | vues=400 ko=0 bfi=400
  [BSP] dedie : DESACCORD fn=68216 p51=29 p102=80 : table=1 tpu=0 (offset=835 ref=1587, tn_fenetre=7) [3200 fois]
  [a_cd] fn=68909 p51=8 p102=59 etat=8000 ok L2=0a 00 03 03 | ok=36 ko=22
  [montant] SACCH UL fn=68934 task=0x000e
  [a5] #8000 A5/1 fn=68313 (T1=51 T2=11 T3=24) Kc=bf24220975ac3800 | dernier depot BSP fn=68312 (ecart +1)
  [a5-hist] #8000 recales=0 ecart(-1/0/+1/+2/autre) par fn%26 : 0:0/0/81/0/0 1:0/0/81/0/0 2:0/0/81/0/0 3:0/0/81/0/0 4:0/0/81/0/0 5:0/0/81/0/0 6:0/0/81/0/0 7:0/0/81/0/0 8:0/0/81/0/0 9:0/0/81/0/0 10:0/0/81/0/0 11:0/0/81/0/0 12:0/0/78/0/0 13:0/0/78/0/0 14:0/0/78/0/0 15:0/0/78/0/0 16:0/0/78/0/0 17:0/0/78/0/0 18:0/0/78/0/0 19:0/0/78/0/0 20:0/0/80/0/0 21:0/0/81/0/0 22:0/0/81/0/0 23:0/0/81/0/0 24:0/0/81/0/0
  [chrono] fn=68998 sur 1000 trames (ms) : qemu 1.89 | A 0.21 | go 0.30 | B 0.10 | apres DONE 2.12 | trame 4.61 (temps reel 4.62)
  profil PC (108095 tranches, high-water 0xefce) : e980:10% 8240:6% 9a80:6% 8380:6% ecc0:4% 83c0:3% e940:3% 8300:3% 8200:3% 8540:2% 9a40:2% 81c0:2%
  fn=69004   page=1 insn=85639   IDLE   d_fb_det=0     a_sch=0100 0000 0000 0000 sync=0000 1530 ffff  | trames=69006 irq=0 iq=0
  [a_cd] fn=69013 p51=10 p102=61 etat=8000 ok L2=0a 00 03 03 | ok=37 ko=22
  [montant] SACCH UL fn=69038 task=0x000e
  [BSP] dedie : DESACCORD fn=68416 p51=25 p102=76 : table=1 tpu=0 (offset=835 ref=1587, tn_fenetre=7) [3400 fois]
  [a_cd] fn=69117 p51=12 p102=63 etat=8000 ok L2=0b 00 03 03 | ok=38 ko=22
  [montant] SACCH UL fn=69142 task=0x000e
  [a5] #8500 A5/1 fn=68487 (T1=51 T2=3 T3=45) Kc=bf24220975ac3800 | dernier depot BSP fn=68486 (ecart +1)
  profil PC (108667 tranches, high-water 0xefce) : e980:10% 8240:6% 9a80:6% 8380:6% ecc0:4% 83c0:3% e940:3% 8300:3% 8200:3% 8540:2% 9a40:2% 81c0:2%
  fn=69221   page=0 insn=36704   IDLE   d_fb_det=0     a_sch=0100 0000 0000 0000 sync=0000 1530 ffff  | trames=69223 irq=0 iq=0
  [BSP] dedie : DESACCORD fn=68616 p51=21 p102=72 : table=1 tpu=0 (offset=835 ref=1587, tn_fenetre=7) [3600 fois]
  [a_dd] fn=69303 etat=c204 FIRE=0 BFI=1 err=33 (ecart 5 trames) | vues=500 ko=0 bfi=500
  [a5] #9000 A5/1 fn=68660 (T1=51 T2=20 T3=14) Kc=bf24220975ac3800 | dernier depot BSP fn=68659 (ecart +1)
  profil PC (108309 tranches, high-water 0xefce) : e980:10% 8240:6% 9a80:6% 8380:6% ecc0:4% 83c0:3% e940:3% 8300:3% 8200:3% 8540:2% 9a40:2% 81c0:2%
  fn=69438   page=1 insn=14404   IDLE   d_fb_det=0     a_sch=0100 0000 0000 0000 sync=0000 1530 ffff  | trames=69440 irq=0 iq=0
  hacks actifs : RHEA_DMA ; cadencement : STREAM LOCKSTEP  ; stimulus : none
  [BSP] dedie : DESACCORD fn=68816 p51=17 p102=68 : table=1 tpu=0 (offset=835 ref=1587, tn_fenetre=7) [3800 fois]
  [a5] #9500 A5/1 fn=68833 (T1=51 T2=11 T3=34) Kc=bf24220975ac3800 | dernier depot BSP fn=68832 (ecart +1)
  profil PC (108098 tranches, high-water 0xefce) : e980:10% 8240:6% 9a80:6% 8380:6% ecc0:4% 83c0:3% e940:3% 8300:3% 8200:3% 8540:2% 9a40:2% 81c0:2%
  fn=69655   page=0 insn=14396   IDLE   d_fb_det=0     a_sch=0100 0000 0000 0000 sync=0000 1530 ffff  | trames=69657 irq=0 iq=0
  [a5] #10000 A5/1 fn=69007 (T1=52 T2=3 T3=4) Kc=bf24220975ac3800 | dernier depot BSP fn=69006 (ecart +1)
  [a5-hist] #10000 recales=0 ecart(-1/0/+1/+2/autre) par fn%26 : 0:0/0/81/0/0 1:0/0/81/0/0 2:0/0/81/0/0 3:0/0/80/0/0 4:0/0/78/0/0 5:0/0/78/0/0 6:0/0/78/0/0 7:0/0/78/0/0 8:0/0/78/0/0 9:0/0/78/0/0 10:0/0/78/0/0 11:0/0/78/0/0 12:0/0/81/0/0 13:0/0/81/0/0 14:0/0/81/0/0 15:0/0/81/0/0 16:0/0/81/0/0 17:0/0/81/0/0 18:0/0/81/0/0 19:0/0/81/0/0 20:0/0/81/0/0 21:0/0/81/0/0 22:0/0/81/0/0 23:0/0/81/0/0 24:0/0/81/0/0
  [BSP] dedie : DESACCORD fn=69016 p51=13 p102=64 : table=1 tpu=0 (offset=835 ref=1587, tn_fenetre=7) [4000 fois]
  [a_dd] fn=69736 etat=c204 FIRE=0 BFI=1 err=29 (ecart 4 trames) | vues=600 ko=0 bfi=600
  [a5] #10500 A5/1 fn=69180 (T1=52 T2=20 T3=24) Kc=bf24220975ac3800 | dernier depot BSP fn=69179 (ecart +1)
  profil PC (108395 tranches, high-water 0xefcd) : e980:10% 8240:6% 9a80:6% 8380:6% ecc0:4% 83c0:3% e940:3% 8300:3% 8200:3% 8540:2% 9a40:2% 81c0:2%
  fn=69872   page=1 insn=14403   IDLE   d_fb_det=0     a_sch=0100 0000 0000 0000 sync=0000 1530 ffff  | trames=69874 irq=0 iq=0
  [BSP] dedie : DESACCORD fn=69216 p51=9 p102=60 : table=1 tpu=0 (offset=835 ref=1587, tn_fenetre=7) [4200 fois]
  [chrono] fn=69998 sur 1000 trames (ms) : qemu 2.03 | A 0.20 | go 0.28 | B 0.09 | apres DONE 2.02 | trame 4.61 (temps reel 4.62)
  [a5] #11000 A5/1 fn=69353 (T1=52 T2=11 T3=44) Kc=bf24220975ac3800 | dernier depot BSP fn=69352 (ecart +1)
  [BSP] dedie : DESACCORD fn=69416 p51=5 p102=56 : table=1 tpu=0 (offset=835 ref=1587, tn_fenetre=7) [4400 fois]
  profil PC (108303 tranches, high-water 0xefce) : e980:10% 8240:6% 9a80:6% 8380:6% ecc0:4% 83c0:3% e940:3% 8300:3% 8200:3% 8540:2% 9a40:2% 81c0:2%
  fn=70089   page=0 insn=14413   IDLE   d_fb_det=0     a_sch=0100 0000 0000 0000 sync=0000 1530 ffff  | trames=70091 irq=0 iq=0
  [a_dd] fn=70169 etat=c204 FIRE=0 BFI=1 err=37 (ecart 4 trames) | vues=700 ko=0 bfi=700
  [a5] #11500 A5/1 fn=69527 (T1=52 T2=3 T3=14) Kc=bf24220975ac3800 | dernier depot BSP fn=69526 (ecart +1)
  [BSP] dedie : DESACCORD fn=69616 p51=1 p102=52 : table=1 tpu=0 (offset=835 ref=1587, tn_fenetre=7) [4600 fois]
  profil PC (108093 tranches, high-water 0xefce) : e980:10% 8240:6% 9a80:6% 8380:6% ecc0:4% 83c0:3% e940:3% 8300:3% 8200:3% 8540:2% 9a40:2% 81c0:2%
  fn=70306   page=1 insn=14419   IDLE   d_fb_det=0     a_sch=0100 0000 0000 0000 sync=0000 1530 ffff  | trames=70308 irq=0 iq=0
  [a5] #12000 A5/1 fn=69700 (T1=52 T2=20 T3=34) Kc=bf24220975ac3800 | dernier depot BSP fn=69699 (ecart +1)
  [a5-hist] #12000 recales=0 ecart(-1/0/+1/+2/autre) par fn%26 : 0:0/0/78/0/0 1:0/0/78/0/0 2:0/0/78/0/0 3:0/0/79/0/0 4:0/0/81/0/0 5:0/0/81/0/0 6:0/0/81/0/0 7:0/0/81/0/0 8:0/0/81/0/0 9:0/0/81/0/0 10:0/0/81/0/0 11:0/0/81/0/0 12:0/0/81/0/0 13:0/0/81/0/0 14:0/0/81/0/0 15:0/0/81/0/0 16:0/0/81/0/0 17:0/0/81/0/0 18:0/0/81/0/0 19:0/0/81/0/0 20:0/0/79/0/0 21:0/0/78/0/0 22:0/0/78/0/0 23:0/0/78/0/0 24:0/0/78/0/0
  [BSP] dedie : DESACCORD fn=69816 p51=48 p102=48 : table=1 tpu=0 (offset=835 ref=1587, tn_fenetre=7) [4800 fois]
  profil PC (108307 tranches, high-water 0xefcd) : e980:10% 8240:6% 9a80:6% 8380:6% ecc0:4% 83c0:3% e940:3% 8300:3% 8200:3% 8540:2% 9a40:2% 81c0:2%
  fn=70523   page=0 insn=14417   IDLE   d_fb_det=0     a_sch=0100 0000 0000 0000 sync=0000 1530 ffff  | trames=70525 irq=0 iq=0
  [a5] #12500 A5/1 fn=69873 (T1=52 T2=11 T3=3) Kc=bf24220975ac3800 | dernier depot BSP fn=69872 (ecart +1)
  [a_dd] fn=70603 etat=c204 FIRE=0 BFI=1 err=19 (ecart 5 trames) | vues=800 ko=0 bfi=800
  [BSP] dedie : DESACCORD fn=70016 p51=44 p102=44 : table=1 tpu=0 (offset=835 ref=1587, tn_fenetre=7) [5000 fois]
  [a5] #13000 A5/1 fn=70047 (T1=52 T2=3 T3=24) Kc=bf24220975ac3800 | dernier depot BSP fn=70046 (ecart +1)
  profil PC (108311 tranches, high-water 0xefce) : e980:10% 8240:6% 9a80:6% 8380:6% ecc0:4% 83c0:3% e940:3% 8300:3% 8200:3% 8540:2% 9a40:2% 81c0:2%
  fn=70740   page=1 insn=14401   IDLE   d_fb_det=0     a_sch=0100 0000 0000 0000 sync=0000 1530 ffff  | trames=70742 irq=0 iq=0
  [BSP] dedie : DESACCORD fn=70216 p51=40 p102=40 : table=1 tpu=0 (offset=835 ref=1587, tn_fenetre=7) [5200 fois]
  [a5] #13500 A5/1 fn=70220 (T1=52 T2=20 T3=44) Kc=bf24220975ac3800 | dernier depot BSP fn=70219 (ecart +1)
  [ts0] tick=70930 fn=70257 p51=30 NB fenetre=151 marge=3 rif_avant=0  <- canal dedie
  profil PC (108094 tranches, high-water 0xefce) : e980:10% 8240:6% 9a80:6% 8380:6% ecc0:4% 83c0:3% e940:3% 8300:3% 8200:3% 8540:2% 9a40:2% 81c0:2%
  fn=70957   page=0 insn=14400   IDLE   d_fb_det=0     a_sch=0100 0000 0000 0000 sync=0000 1530 ffff  | trames=70959 irq=0 iq=0
  [chrono] fn=70998 sur 1000 trames (ms) : qemu 2.12 | A 0.20 | go 0.27 | B 0.09 | apres DONE 1.94 | trame 4.62 (temps reel 4.62)
  [a_dd] fn=71036 etat=c204 FIRE=0 BFI=1 err=35 (ecart 4 trames) | vues=900 ko=0 bfi=900
  [a5] #14000 A5/1 fn=70393 (T1=53 T2=11 T3=13) Kc=bf24220975ac3800 | dernier depot BSP fn=70392 (ecart +1)
  [a5-hist] #14000 recales=0 ecart(-1/0/+1/+2/autre) par fn%26 : 0:0/0/81/0/0 1:0/0/81/0/0 2:0/0/81/0/0 3:0/0/81/0/0 4:0/0/81/0/0 5:0/0/81/0/0 6:0/0/81/0/0 7:0/0/81/0/0 8:0/0/81/0/0 9:0/0/81/0/0 10:0/0/81/0/0 11:0/0/81/0/0 12:0/0/78/0/0 13:0/0/78/0/0 14:0/0/78/0/0 15:0/0/78/0/0 16:0/0/78/0/0 17:0/0/78/0/0 18:0/0/78/0/0 19:0/0/78/0/0 20:0/0/80/0/0 21:0/0/81/0/0 22:0/0/81/0/0 23:0/0/81/0/0 24:0/0/81/0/0
  [BSP] dedie : DESACCORD fn=70416 p51=36 p102=36 : table=1 tpu=0 (offset=835 ref=1587, tn_fenetre=7) [5400 fois]
  profil PC (108306 tranches, high-water 0xefce) : e980:10% 8240:6% 9a80:6% 8380:6% ecc0:4% 83c0:3% e940:3% 8300:3% 8200:3% 8540:2% 9a40:2% 81c0:2%
  fn=71174   page=1 insn=14393   IDLE   d_fb_det=0     a_sch=0100 0000 0000 0000 sync=0000 1530 ffff  | trames=71176 irq=0 iq=0
  hacks actifs : RHEA_DMA ; cadencement : STREAM LOCKSTEP  ; stimulus : none
  [a5] #14500 A5/1 fn=70567 (T1=53 T2=3 T3=34) Kc=bf24220975ac3800 | dernier depot BSP fn=70566 (ecart +1)
  [BSP] dedie : DESACCORD fn=70616 p51=32 p102=32 : table=1 tpu=0 (offset=835 ref=1587, tn_fenetre=7) [5600 fois]
  profil PC (109441 tranches, high-water 0xefce) : e980:10% 8240:6% 9a80:6% 8380:6% ecc0:4% 83c0:3% e940:3% 8300:3% 8200:3% 8540:2% 9a40:2% 81c0:2%
  fn=71391   page=0 insn=85657   IDLE   d_fb_det=0     a_sch=0100 0000 0000 0000 sync=0000 1530 ffff  | trames=71393 irq=0 iq=0
  [a5] #15000 A5/1 fn=70740 (T1=53 T2=20 T3=3) Kc=bf24220975ac3800 | dernier depot BSP fn=70739 (ecart +1)
  [a_dd] fn=71469 etat=c204 FIRE=0 BFI=1 err=29 (ecart 4 trames) | vues=1000 ko=0 bfi=1000
  [BSP] dedie : DESACCORD fn=70816 p51=28 p102=28 : table=1 tpu=0 (offset=835 ref=1587, tn_fenetre=7) [5800 fois]
  [montant] FACCH UL fn=71490 task=0x000d
  [a_fd] fn=71530 fn%13=4 etat=8080 BLUD=1 FIRE=0 d_tch_mode=ca08 L2=01 61 01 2b | ok=10 ko=0
  [a_fd] fn=71534 fn%13=8 etat=8080 BLUD=1 FIRE=0 d_tch_mode=ca00 L2=03 64 19 83 | ok=11 ko=0
  [montant] FACCH UL fn=71538 task=0x000d
  [montant] FACCH UL fn=71542 task=0x000d
  [a_fd] fn=71569 fn%13=4 etat=8080 BLUD=1 FIRE=0 d_tch_mode=ca00 L2=03 74 19 83 | ok=12 ko=0
  [montant] FACCH UL fn=71572 task=0x000d
  [a5] #15500 A5/1 fn=70913 (T1=53 T2=11 T3=23) Kc=bf24220975ac3800 | dernier depot BSP fn=70912 (ecart +1)
  [a_fd] fn=71586 fn%13=8 etat=8080 BLUD=1 FIRE=0 d_tch_mode=ca00 L2=01 81 01 2b | ok=13 ko=0
  [a_fd] fn=71604 fn%13=0 etat=8080 BLUD=1 FIRE=0 d_tch_mode=ca00 L2=03 91 01 2b | ok=14 ko=0
  profil PC (108150 tranches, high-water 0xefcd) : e980:10% 8240:6% 9a80:6% 8380:6% ecc0:4% 83c0:3% e940:3% 8300:3% 8200:3% 8540:2% 9a40:2% 81c0:2%
  fn=71608   page=1 insn=85318   IDLE   d_fb_det=0     a_sch=0100 0000 0000 0000 sync=0000 1530 ffff  | trames=71610 irq=0 iq=0
  [a_fd] fn=71612 fn%13=8 etat=8080 BLUD=1 FIRE=0 d_tch_mode=ca00 L2=03 86 0d 06 | ok=15 ko=0
  [montant] FACCH UL fn=71616 task=0x000d
  [montant] FACCH UL fn=71620 task=0x000d
  [a_fd] fn=71647 fn%13=4 etat=8080 BLUD=1 FIRE=0 d_tch_mode=ca00 L2=03 96 0d 06 | ok=16 ko=0
  [a_fd] fn=71660 fn%13=4 etat=8080 BLUD=1 FIRE=0 d_tch_mode=ca00 L2=01 73 01 2b | ok=17 ko=0
  [a5-arm] tick=71661 d_a5mode=0 a_kc=3800 75ac 2209 bf24  (BSP sur le TCH)
  [montant] retour en clair (seq=11)
  [montant] tache FB postee : le mobile cherche la synchro, canal dedie libere (TS0 rendu au FCCH/SCH)
  [jalon] fn=71675 d_fb_det=1  hacks=RHEA_DMA
  [sbwin] SB #6388 fn=71003 p51=11 tick=71676 : armee=0 one_shot=0 page_prog=48 rif_avant=0 nwin=0 marge=0 -> DMA NON ARMEE (le RIF jette) : SCH memorise pour la fenetre SB (dans une vraie fenetre SB : 48/6388)
  [jalon] fn=71685 d_fb_det=1  hacks=RHEA_DMA
  [sbwin] SB #6389 fn=71013 p51=21 tick=71686 : armee=0 one_shot=0 page_prog=48 rif_avant=0 nwin=0 marge=0 -> DMA NON ARMEE (le RIF jette) : SCH memorise pour la fenetre SB (dans une vraie fenetre SB : 48/6389)
  [cmd] fn=71694 tache SB postee par l'ARM (W0 md=6 W1 md=0)
  [sb] fn=71694 p51=39 | FB a fn=71685 toa=8743 pm=5424 ang=-1 | TOA-ROM=8743 src=fine | a_sch=0100 crc_ko
  [a_sch] fn=71695 page=0 : 0100 0000 0000 0000 -> 8100 0016 f85d 01fb  (d_dsp_page=0003) TOA=0 PM=5521 SNR=12 crc_ko
  [sbwin] SB #6390 fn=71023 p51=31 tick=71696 : armee=1 one_shot=1 page_prog=191 rif_avant=0 nwin=191 marge=21 -> FENETRE SB (one-shot) (dans une vraie fenetre SB : 49/6390)
  [a_sch] fn=71696 page=1 : 0100 0000 0000 0000 -> 8000 062a 1a1c 01c5  (d_dsp_page=0003) TOA=23 PM=5349 SNR=2583 CRC_OK
  [jalon] fn=71696 SB PLAUSIBLE page=1 BSIC=7 a_sch=8000 062a 1a1c 01c5  hacks=RHEA_DMA
  [a_sch] fn=71697 page=0 : 8100 0016 f85d 01fb -> 0100 0000 0000 0000  (d_dsp_page=0003) TOA=0 PM=0 SNR=0 crc_ko
  [sbwin] SB #6391 fn=71033 p51=41 tick=71706 : armee=0 one_shot=0 page_prog=191 rif_avant=0 nwin=0 marge=0 -> DMA NON ARMEE (le RIF jette) : SCH memorise pour la fenetre SB (dans une vraie fenetre SB : 49/6391)
  [sbwin] SB #6392 fn=71044 p51=1 tick=71717 : armee=0 one_shot=0 page_prog=191 rif_avant=0 nwin=0 marge=0 -> DMA NON ARMEE (le RIF jette) : SCH memorise pour la fenetre SB (dans une vraie fenetre SB : 49/6392)
  [a_sch] fn=71720 page=1 : 8000 062a 1a1c 01c5 -> 0100 0000 0000 0000  (d_dsp_page=0003) TOA=0 PM=0 SNR=0 crc_ko
  [sbwin] SB #6393 fn=71054 p51=11 tick=71727 : armee=0 one_shot=0 page_prog=151 rif_avant=0 nwin=0 marge=0 -> DMA NON ARMEE (le RIF jette) : SCH memorise pour la fenetre SB (dans une vraie fenetre SB : 49/6393)
  [sbwin] SB #6394 fn=71064 p51=21 tick=71737 : armee=0 one_shot=0 page_prog=151 rif_avant=0 nwin=0 marge=0 -> DMA NON ARMEE (le RIF jette) : SCH memorise pour la fenetre SB (dans une vraie fenetre SB : 49/6394)
  [montant] canal dedie (side-band seq=11) : libere TS0 SDCCH/4 SS=0
pont : canal dedie libere : TS0 SDCCH/8 SS=0
  [montant] TCH (seq=0) : annonce TS2 retiree (le firmware n'y etait pas)
  [sbwin] SB #6400 fn=71125 p51=31 tick=71798 : armee=0 one_shot=0 page_prog=151 rif_avant=0 nwin=0 marge=0 -> DMA NON ARMEE (le RIF jette) : SCH memorise pour la fenetre SB (dans une vraie fenetre SB : 49/6400)
  profil PC (41446 tranches, high-water 0xefc9) : 9a80:6% e980:6% 8240:6% 8380:5% 77c0:4% 83c0:3% ecc0:3% 8300:2% 8200:2% 7800:2% 8540:2% 9a40:2%
  fn=71825   page=1 insn=13665   IDLE   d_fb_det=0     a_sch=0100 0000 0000 0000 sync=0000 1530 ffff  | trames=71827 irq=0 iq=0
  [sbwin] SB #6410 fn=71227 p51=31 tick=71900 : armee=0 one_shot=0 page_prog=151 rif_avant=0 nwin=0 marge=0 -> DMA NON ARMEE (le RIF jette) : SCH memorise pour la fenetre SB (dans une vraie fenetre SB : 49/6410)
  [chrono] fn=71998 sur 1000 trames (ms) : qemu 2.53 | A 0.15 | go 0.29 | B 0.13 | apres DONE 1.52 | trame 4.61 (temps reel 4.62)
  [sbwin] SB #6420 fn=71329 p51=31 tick=72002 : armee=0 one_shot=0 page_prog=151 rif_avant=0 nwin=0 marge=0 -> DMA NON ARMEE (le RIF jette) : SCH memorise pour la fenetre SB (dans une vraie fenetre SB : 49/6420)
  profil PC (23910 tranches, high-water 0xde91) : 9a80:12% 8240:11% 8380:10% 83c0:5% 8200:5% 8300:4% 8540:4% 9a40:4% a0c0:4% 81c0:3% 82c0:3% 9a00:2%
  fn=72042   page=1 insn=119     IDLE   d_fb_det=0     a_sch=0100 0000 0000 0000 sync=0000 1530 ffff  | trames=72044 irq=0 iq=0
  [jalon] fn=72083 d_fb_det=1  hacks=RHEA_DMA
  [sbwin] SB #6428 fn=71411 p51=11 tick=72084 : armee=0 one_shot=0 page_prog=48 rif_avant=0 nwin=0 marge=0 -> DMA NON ARMEE (le RIF jette) : SCH memorise pour la fenetre SB (dans une vraie fenetre SB : 49/6428)
  [jalon] fn=72093 d_fb_det=1  hacks=RHEA_DMA
  [sbwin] SB #6429 fn=71421 p51=21 tick=72094 : armee=0 one_shot=0 page_prog=48 rif_avant=0 nwin=0 marge=0 -> DMA NON ARMEE (le RIF jette) : SCH memorise pour la fenetre SB (dans une vraie fenetre SB : 49/6429)
  [cmd] fn=72102 tache SB postee par l'ARM (W0 md=6 W1 md=0)
  [sb] fn=72102 p51=39 | FB a fn=72093 toa=8743 pm=5424 ang=-1 | TOA-ROM=8743 src=fine | a_sch=0100 crc_ko
  [a_sch] fn=72103 page=0 : 0100 0000 0000 0000 -> 8100 0016 f85d 01fb  (d_dsp_page=0003) TOA=0 PM=5521 SNR=12 crc_ko
  [sbwin] SB #6430 fn=71431 p51=31 tick=72104 : armee=1 one_shot=1 page_prog=191 rif_avant=0 nwin=191 marge=21 -> FENETRE SB (one-shot) (dans une vraie fenetre SB : 50/6430)
  [a_sch] fn=72104 page=1 : 0100 0000 0000 0000 -> 8100 05ad 08e8 01e2  (d_dsp_page=0003) TOA=23 PM=5334 SNR=12494 crc_ko
  [a_sch] fn=72105 page=0 : 8100 0016 f85d 01fb -> 0100 0000 0000 0000  (d_dsp_page=0003) TOA=0 PM=0 SNR=0 crc_ko
  [a_sch] fn=72106 page=1 : 8100 05ad 08e8 01e2 -> 0100 0000 0000 0000  (d_dsp_page=0003) TOA=0 PM=0 SNR=0 crc_ko
  [jalon] fn=72113 d_fb_det=1  hacks=RHEA_DMA
  [sbwin] SB #6431 fn=71441 p51=41 tick=72114 : armee=0 one_shot=0 page_prog=48 rif_avant=0 nwin=0 marge=0 -> DMA NON ARMEE (le RIF jette) : SCH memorise pour la fenetre SB (dans une vraie fenetre SB : 50/6431)
  [jalon] fn=72124 d_fb_det=1  hacks=RHEA_DMA
  [sbwin] SB #6432 fn=71452 p51=1 tick=72125 : armee=0 one_shot=0 page_prog=48 rif_avant=0 nwin=0 marge=0 -> DMA NON ARMEE (le RIF jette) : SCH memorise pour la fenetre SB (dans une vraie fenetre SB : 50/6432)
  [sb] fn=72133 p51=19 | FB a fn=72124 toa=9995 pm=5438 ang=-1 | TOA-ROM=9995 src=fine | a_sch=0100 crc_ko
  [a_sch] fn=72134 page=0 : 0100 0000 0000 0000 -> 8100 0016 f85d 01fb  (d_dsp_page=0003) TOA=0 PM=5521 SNR=12 crc_ko
  [sbwin] SB #6433 fn=71462 p51=11 tick=72135 : armee=1 one_shot=1 page_prog=191 rif_avant=0 nwin=191 marge=21 -> FENETRE SB (one-shot) (dans une vraie fenetre SB : 51/6433)
  [a_sch] fn=72135 page=1 : 0100 0000 0000 0000 -> 8100 892b 8bed 01bb  (d_dsp_page=0003) TOA=23 PM=5353 SNR=16384 crc_ko
  [a_sch] fn=72136 page=0 : 8100 0016 f85d 01fb -> 0100 0000 0000 0000  (d_dsp_page=0003) TOA=0 PM=0 SNR=0 crc_ko
  [a_sch] fn=72137 page=1 : 8100 892b 8bed 01bb -> 0100 0000 0000 0000  (d_dsp_page=0003) TOA=0 PM=0 SNR=0 crc_ko
  [jalon] fn=72144 d_fb_det=1  hacks=RHEA_DMA
  [sbwin] SB #6434 fn=71472 p51=21 tick=72145 : armee=0 one_shot=0 page_prog=48 rif_avant=0 nwin=0 marge=0 -> DMA NON ARMEE (le RIF jette) : SCH memorise pour la fenetre SB (dans une vraie fenetre SB : 51/6434)
  [jalon] fn=72154 d_fb_det=1  hacks=RHEA_DMA
  [sbwin] SB #6435 fn=71482 p51=31 tick=72155 : armee=0 one_shot=0 page_prog=48 rif_avant=0 nwin=0 marge=0 -> DMA NON ARMEE (le RIF jette) : SCH memorise pour la fenetre SB (dans une vraie fenetre SB : 51/6435)
  [sb] fn=72163 p51=49 | FB a fn=72154 toa=8743 pm=5424 ang=-1 | TOA-ROM=8743 src=fine | a_sch=0100 crc_ko
  [a_sch] fn=72164 page=0 : 0100 0000 0000 0000 -> 8100 0016 f85d 01fb  (d_dsp_page=0003) TOA=0 PM=5521 SNR=12 crc_ko
  [sbwin] SB #6436 fn=71492 p51=41 tick=72165 : armee=1 one_shot=1 page_prog=191 rif_avant=0 nwin=191 marge=21 -> FENETRE SB (one-shot) (dans une vraie fenetre SB : 52/6436)
  [a_sch] fn=72165 page=1 : 0100 0000 0000 0000 -> 8000 1156 1a1c 00ca  (d_dsp_page=0003) TOA=23 PM=5372 SNR=16384 CRC_OK
  [jalon] fn=72165 SB PLAUSIBLE page=1 BSIC=7 a_sch=8000 1156 1a1c 00ca  hacks=RHEA_DMA
  [a_sch] fn=72166 page=0 : 8100 0016 f85d 01fb -> 0100 0000 0000 0000  (d_dsp_page=0003) TOA=0 PM=0 SNR=0 crc_ko
  [sbwin] SB #6437 fn=71503 p51=1 tick=72176 : armee=0 one_shot=0 page_prog=191 rif_avant=0 nwin=0 marge=0 -> DMA NON ARMEE (le RIF jette) : SCH memorise pour la fenetre SB (dans une vraie fenetre SB : 52/6437)
  [a_sch] fn=72179 page=1 : 8000 1156 1a1c 00ca -> 0100 0000 0000 0000  (d_dsp_page=0003) TOA=0 PM=0 SNR=0 crc_ko
  [sbwin] SB #6438 fn=71513 p51=11 tick=72186 : armee=0 one_shot=0 page_prog=151 rif_avant=0 nwin=0 marge=0 -> DMA NON ARMEE (le RIF jette) : SCH memorise pour la fenetre SB (dans une vraie fenetre SB : 52/6438)
  [sbwin] SB #6439 fn=71523 p51=21 tick=72196 : armee=0 one_shot=0 page_prog=151 rif_avant=0 nwin=0 marge=0 -> DMA NON ARMEE (le RIF jette) : SCH memorise pour la fenetre SB (dans une vraie fenetre SB : 52/6439)
  [sbwin] SB #6440 fn=71533 p51=31 tick=72206 : armee=0 one_shot=0 page_prog=151 rif_avant=0 nwin=0 marge=0 -> DMA NON ARMEE (le RIF jette) : SCH memorise pour la fenetre SB (dans une vraie fenetre SB : 52/6440)
  profil PC (28319 tranches, high-water 0xde92) : 77c0:13% 7800:7% 7840:6% 78c0:6% 9a80:4% 8240:4% 8380:4% a680:3% b2c0:3% 7a00:2% 83c0:2% 8300:2%
  fn=72259   page=1 insn=119     IDLE   d_fb_det=0     a_sch=0100 0000 0000 0000 sync=0000 1530 ffff  | trames=72261 irq=0 iq=0
  [sbwin] SB #6450 fn=71635 p51=31 tick=72308 : armee=0 one_shot=0 page_prog=151 rif_avant=0 nwin=0 marge=0 -> DMA NON ARMEE (le RIF jette) : SCH memorise pour la fenetre SB (dans une vraie fenetre SB : 52/6450)
  [sbwin] SB #6460 fn=71737 p51=31 tick=72410 : armee=0 one_shot=0 page_prog=151 rif_avant=0 nwin=0 marge=0 -> DMA NON ARMEE (le RIF jette) : SCH memorise pour la fenetre SB (dans une vraie fenetre SB : 52/6460)
  profil PC (20614 tranches, high-water 0xde91) : 9a80:11% 8240:11% 8380:10% 83c0:5% 8200:5% 8300:4% 8540:4% 9a40:4% a0c0:3% 81c0:3% 82c0:3% 9a00:2%
  fn=72476   page=1 insn=119     IDLE   d_fb_det=0     a_sch=0100 0000 0000 0000 sync=0000 1530 ffff  | trames=72478 irq=0 iq=0
  [jalon] fn=72491 d_fb_det=1  hacks=RHEA_DMA
  [sbwin] SB #6468 fn=71819 p51=11 tick=72492 : armee=0 one_shot=0 page_prog=48 rif_avant=0 nwin=0 marge=0 -> DMA NON ARMEE (le RIF jette) : SCH memorise pour la fenetre SB (dans une vraie fenetre SB : 52/6468)
  [jalon] fn=72501 d_fb_det=1  hacks=RHEA_DMA
  [sbwin] SB #6469 fn=71829 p51=21 tick=72502 : armee=0 one_shot=0 page_prog=48 rif_avant=0 nwin=0 marge=0 -> DMA NON ARMEE (le RIF jette) : SCH memorise pour la fenetre SB (dans une vraie fenetre SB : 52/6469)
  [sb] fn=72510 p51=39 | FB a fn=72501 toa=8743 pm=5424 ang=-1 | TOA-ROM=8743 src=fine | a_sch=0100 crc_ko
  [a_sch] fn=72511 page=0 : 0100 0000 0000 0000 -> 8100 0016 f85d 01fb  (d_dsp_page=0003) TOA=0 PM=5521 SNR=12 crc_ko
  [sbwin] SB #6470 fn=71839 p51=31 tick=72512 : armee=1 one_shot=1 page_prog=191 rif_avant=0 nwin=191 marge=21 -> FENETRE SB (one-shot) (dans une vraie fenetre SB : 53/6470)
  [a_sch] fn=72512 page=1 : 0100 0000 0000 0000 -> 8100 8da5 1b1b 0105  (d_dsp_page=0003) TOA=23 PM=5344 SNR=16384 crc_ko
  [a_sch] fn=72513 page=0 : 8100 0016 f85d 01fb -> 0100 0000 0000 0000  (d_dsp_page=0003) TOA=0 PM=0 SNR=0 crc_ko
  [a_sch] fn=72514 page=1 : 8100 8da5 1b1b 0105 -> 0100 0000 0000 0000  (d_dsp_page=0003) TOA=0 PM=0 SNR=0 crc_ko
  [jalon] fn=72521 d_fb_det=1  hacks=RHEA_DMA
  [sbwin] SB #6471 fn=71849 p51=41 tick=72522 : armee=0 one_shot=0 page_prog=48 rif_avant=0 nwin=0 marge=0 -> DMA NON ARMEE (le RIF jette) : SCH memorise pour la fenetre SB (dans une vraie fenetre SB : 53/6471)
  [jalon] fn=72532 d_fb_det=1  hacks=RHEA_DMA
  [sbwin] SB #6472 fn=71860 p51=1 tick=72533 : armee=0 one_shot=0 page_prog=48 rif_avant=0 nwin=0 marge=0 -> DMA NON ARMEE (le RIF jette) : SCH memorise pour la fenetre SB (dans une vraie fenetre SB : 53/6472)
  [sb] fn=72541 p51=19 | FB a fn=72532 toa=9995 pm=5438 ang=-1 | TOA-ROM=9995 src=fine | a_sch=0100 crc_ko
  [a_sch] fn=72542 page=0 : 0100 0000 0000 0000 -> 8100 0016 f85d 01fb  (d_dsp_page=0003) TOA=0 PM=5521 SNR=12 crc_ko
  [sbwin] SB #6473 fn=71870 p51=11 tick=72543 : armee=1 one_shot=1 page_prog=191 rif_avant=0 nwin=191 marge=21 -> FENETRE SB (one-shot) (dans une vraie fenetre SB : 54/6473)
  [a_sch] fn=72543 page=1 : 0100 0000 0000 0000 -> 8000 0369 1b1c 0118  (d_dsp_page=0003) TOA=23 PM=5358 SNR=16384 CRC_OK
  [jalon] fn=72543 SB PLAUSIBLE page=1 BSIC=7 a_sch=8000 0369 1b1c 0118  hacks=RHEA_DMA
  [a_sch] fn=72544 page=0 : 8100 0016 f85d 01fb -> 0100 0000 0000 0000  (d_dsp_page=0003) TOA=0 PM=0 SNR=0 crc_ko
  [a_sch] fn=72550 page=1 : 8000 0369 1b1c 0118 -> 0100 0000 0000 0000  (d_dsp_page=0003) TOA=0 PM=0 SNR=0 crc_ko
  [sbwin] SB #6474 fn=71880 p51=21 tick=72553 : armee=0 one_shot=0 page_prog=64 rif_avant=0 nwin=0 marge=0 -> DMA NON ARMEE (le RIF jette) : SCH memorise pour la fenetre SB (dans une vraie fenetre SB : 54/6474)
  [sbwin] SB #6475 fn=71890 p51=31 tick=72563 : armee=0 one_shot=0 page_prog=64 rif_avant=0 nwin=0 marge=0 -> DMA NON ARMEE (le RIF jette) : SCH memorise pour la fenetre SB (dans une vraie fenetre SB : 54/6475)
  [sbwin] SB #6476 fn=71900 p51=41 tick=72573 : armee=0 one_shot=0 page_prog=64 rif_avant=0 nwin=0 marge=0 -> DMA NON ARMEE (le RIF jette) : SCH memorise pour la fenetre SB (dans une vraie fenetre SB : 54/6476)
  [sbwin] SB #6477 fn=71911 p51=1 tick=72584 : armee=0 one_shot=0 page_prog=64 rif_avant=0 nwin=0 marge=0 -> DMA NON ARMEE (le RIF jette) : SCH memorise pour la fenetre SB (dans une vraie fenetre SB : 54/6477)
  [jalon] fn=72593 d_fb_det=1  hacks=RHEA_DMA
  [sbwin] SB #6478 fn=71921 p51=11 tick=72594 : armee=0 one_shot=0 page_prog=48 rif_avant=0 nwin=0 marge=0 -> DMA NON ARMEE (le RIF jette) : SCH memorise pour la fenetre SB (dans une vraie fenetre SB : 54/6478)
  [jalon] fn=72603 d_fb_det=1  hacks=RHEA_DMA
  [sbwin] SB #6479 fn=71931 p51=21 tick=72604 : armee=0 one_shot=0 page_prog=48 rif_avant=0 nwin=0 marge=0 -> DMA NON ARMEE (le RIF jette) : SCH memorise pour la fenetre SB (dans une vraie fenetre SB : 54/6479)
  [sb] fn=72612 p51=39 | FB a fn=72603 toa=8743 pm=5424 ang=-1 | TOA-ROM=8743 src=fine | a_sch=0100 crc_ko
  [a_sch] fn=72613 page=0 : 0100 0000 0000 0000 -> 8100 0016 f85d 01fb  (d_dsp_page=0003) TOA=0 PM=5521 SNR=12 crc_ko
  [sbwin] SB #6480 fn=71941 p51=31 tick=72614 : armee=1 one_shot=1 page_prog=191 rif_avant=0 nwin=191 marge=21 -> FENETRE SB (one-shot) (dans une vraie fenetre SB : 55/6480)
  [a_sch] fn=72614 page=1 : 0100 0000 0000 0000 -> 8000 08ae 1b1c 0165  (d_dsp_page=0003) TOA=23 PM=5358 SNR=16384 CRC_OK
  [jalon] fn=72614 SB PLAUSIBLE page=1 BSIC=7 a_sch=8000 08ae 1b1c 0165  hacks=RHEA_DMA
  [a_sch] fn=72615 page=0 : 8100 0016 f85d 01fb -> 0100 0000 0000 0000  (d_dsp_page=0003) TOA=0 PM=0 SNR=0 crc_ko
  [sbwin] SB #6481 fn=71951 p51=41 tick=72624 : armee=0 one_shot=0 page_prog=191 rif_avant=0 nwin=0 marge=0 -> DMA NON ARMEE (le RIF jette) : SCH memorise pour la fenetre SB (dans une vraie fenetre SB : 55/6481)
  [sbwin] SB #6482 fn=71962 p51=1 tick=72635 : armee=0 one_shot=0 page_prog=191 rif_avant=0 nwin=0 marge=0 -> DMA NON ARMEE (le RIF jette) : SCH memorise pour la fenetre SB (dans une vraie fenetre SB : 55/6482)
  [a_sch] fn=72638 page=1 : 8000 08ae 1b1c 0165 -> 0100 0000 0000 0000  (d_dsp_page=0003) TOA=0 PM=0 SNR=0 crc_ko
  [jalon] fn=72644 d_fb_det=1  hacks=RHEA_DMA
  [sbwin] SB #6483 fn=71972 p51=11 tick=72645 : armee=0 one_shot=0 page_prog=48 rif_avant=0 nwin=0 marge=0 -> DMA NON ARMEE (le RIF jette) : SCH memorise pour la fenetre SB (dans une vraie fenetre SB : 55/6483)
  [jalon] fn=72654 d_fb_det=1  hacks=RHEA_DMA
  [sbwin] SB #6484 fn=71982 p51=21 tick=72655 : armee=0 one_shot=0 page_prog=48 rif_avant=0 nwin=0 marge=0 -> DMA NON ARMEE (le RIF jette) : SCH memorise pour la fenetre SB (dans une vraie fenetre SB : 55/6484)
  [sb] fn=72663 p51=39 | FB a fn=72654 toa=8743 pm=5424 ang=-1 | TOA-ROM=8743 src=fine | a_sch=0100 crc_ko
  [a_sch] fn=72664 page=0 : 0100 0000 0000 0000 -> 8100 0016 f85d 01fb  (d_dsp_page=0003) TOA=0 PM=5521 SNR=12 crc_ko
  [sbwin] SB #6485 fn=71992 p51=31 tick=72665 : armee=1 one_shot=1 page_prog=191 rif_avant=0 nwin=191 marge=21 -> FENETRE SB (one-shot) (dans une vraie fenetre SB : 56/6485)
  [a_sch] fn=72665 page=1 : 0100 0000 0000 0000 -> 8000 0354 1b1c 0161  (d_dsp_page=0003) TOA=23 PM=5358 SNR=16384 CRC_OK
  [jalon] fn=72665 SB PLAUSIBLE page=1 BSIC=7 a_sch=8000 0354 1b1c 0161  hacks=RHEA_DMA
  [a_sch] fn=72666 page=0 : 8100 0016 f85d 01fb -> 0100 0000 0000 0000  (d_dsp_page=0003) TOA=0 PM=0 SNR=0 crc_ko
  [sbwin] SB #6486 fn=72002 p51=41 tick=72675 : armee=0 one_shot=0 page_prog=64 rif_avant=0 nwin=0 marge=0 -> DMA NON ARMEE (le RIF jette) : SCH memorise pour la fenetre SB (dans une vraie fenetre SB : 56/6486)
  [sbwin] SB #6487 fn=72013 p51=1 tick=72686 : armee=0 one_shot=0 page_prog=64 rif_avant=0 nwin=0 marge=0 -> DMA NON ARMEE (le RIF jette) : SCH memorise pour la fenetre SB (dans une vraie fenetre SB : 56/6487)
  [a_sch] fn=72686 page=1 : 8000 0354 1b1c 0161 -> 0100 0000 0000 0000  (d_dsp_page=0002) TOA=0 PM=0 SNR=0 crc_ko
  profil PC (31391 tranches, high-water 0xde92) : 77c0:17% 7800:10% 7840:8% 78c0:7% b2c0:3% a680:3% 7a00:3% 7880:2% 8240:2% 9a80:2% 8380:2% 8480:2%
  fn=72693   page=0 insn=13661   IDLE   d_fb_det=0     a_sch=0100 0000 0000 0000 sync=0000 1530 ffff  | trames=72695 irq=0 iq=0
  [sbwin] SB #6488 fn=72023 p51=11 tick=72696 : armee=0 one_shot=0 page_prog=64 rif_avant=0 nwin=0 marge=0 -> DMA NON ARMEE (le RIF jette) : SCH memorise pour la fenetre SB (dans une vraie fenetre SB : 56/6488)
  [sbwin] SB #6489 fn=72033 p51=21 tick=72706 : armee=0 one_shot=0 page_prog=64 rif_avant=0 nwin=0 marge=0 -> DMA NON ARMEE (le RIF jette) : SCH memorise pour la fenetre SB (dans une vraie fenetre SB : 56/6489)
  [sbwin] SB #6490 fn=72043 p51=31 tick=72716 : armee=0 one_shot=0 page_prog=64 rif_avant=0 nwin=0 marge=0 -> DMA NON ARMEE (le RIF jette) : SCH memorise pour la fenetre SB (dans une vraie fenetre SB : 56/6490)
  [sbwin] SB #6500 fn=72145 p51=31 tick=72818 : armee=0 one_shot=0 page_prog=64 rif_avant=0 nwin=0 marge=0 -> DMA NON ARMEE (le RIF jette) : SCH memorise pour la fenetre SB (dans une vraie fenetre SB : 56/6500)
  profil PC (24146 tranches, high-water 0xde91) : 9a80:12% 8240:11% 8380:10% 83c0:5% 8200:5% 8300:4% 8540:4% 9a40:4% a0c0:3% 81c0:3% 82c0:3% 9a00:2%
  fn=72910   page=1 insn=119     IDLE   d_fb_det=0     a_sch=0100 0000 0000 0000 sync=0000 1530 ffff  | trames=72912 irq=0 iq=0
  hacks actifs : RHEA_DMA ; cadencement : STREAM LOCKSTEP  ; stimulus : none
  [sbwin] SB #6510 fn=72247 p51=31 tick=72920 : armee=0 one_shot=0 page_prog=64 rif_avant=0 nwin=0 marge=0 -> DMA NON ARMEE (le RIF jette) : SCH memorise pour la fenetre SB (dans une vraie fenetre SB : 56/6510)
  [chrono] fn=72998 sur 1000 trames (ms) : qemu 3.44 | A 0.04 | go 0.27 | B 0.20 | apres DONE 0.66 | trame 4.62 (temps reel 4.62)
  [sbwin] SB #6520 fn=72349 p51=31 tick=73022 : armee=0 one_shot=0 page_prog=64 rif_avant=0 nwin=0 marge=0 -> DMA NON ARMEE (le RIF jette) : SCH memorise pour la fenetre SB (dans une vraie fenetre SB : 56/6520)
  [sbwin] SB #6530 fn=72451 p51=31 tick=73124 : armee=0 one_shot=0 page_prog=64 rif_avant=0 nwin=0 marge=0 -> DMA NON ARMEE (le RIF jette) : SCH memorise pour la fenetre SB (dans une vraie fenetre SB : 56/6530)
  profil PC (21055 tranches, high-water 0xde91) : 9a80:11% 8240:11% 8380:10% 83c0:5% 8200:5% 8300:4% 8540:4% 9a40:4% a0c0:3% 81c0:3% 82c0:3% 9a00:2%
  fn=73127   page=0 insn=119     IDLE   d_fb_det=0     a_sch=0100 0000 0000 0000 sync=0000 1530 ffff  | trames=73129 irq=0 iq=0
  [sbwin] SB #6540 fn=72553 p51=31 tick=73226 : armee=0 one_shot=0 page_prog=64 rif_avant=0 nwin=0 marge=0 -> DMA NON ARMEE (le RIF jette) : SCH memorise pour la fenetre SB (dans une vraie fenetre SB : 56/6540)
  [sbwin] SB #6550 fn=72655 p51=31 tick=73328 : armee=0 one_shot=0 page_prog=64 rif_avant=0 nwin=0 marge=0 -> DMA NON ARMEE (le RIF jette) : SCH memorise pour la fenetre SB (dans une vraie fenetre SB : 56/6550)
  profil PC (21052 tranches, high-water 0xde91) : 9a80:11% 8240:11% 8380:10% 83c0:5% 8200:5% 8300:4% 8540:4% 9a40:4% a0c0:3% 81c0:3% 82c0:3% 9a00:2%
  fn=73344   page=1 insn=119     IDLE   d_fb_det=0     a_sch=0100 0000 0000 0000 sync=0000 1530 ffff  | trames=73346 irq=0 iq=0
  [sbwin] SB #6560 fn=72757 p51=31 tick=73430 : armee=0 one_shot=0 page_prog=64 rif_avant=0 nwin=0 marge=0 -> DMA NON ARMEE (le RIF jette) : SCH memorise pour la fenetre SB (dans une vraie fenetre SB : 56/6560)
  [sbwin] SB #6570 fn=72859 p51=31 tick=73532 : armee=0 one_shot=0 page_prog=64 rif_avant=0 nwin=0 marge=0 -> DMA NON ARMEE (le RIF jette) : SCH memorise pour la fenetre SB (dans une vraie fenetre SB : 56/6570)
  profil PC (23548 tranches, high-water 0xde91) : 9a80:11% 8240:11% 8380:10% 83c0:5% 8200:5% 8300:4% 8540:4% 9a40:4% a0c0:3% 81c0:3% 82c0:3% 9a00:2%
  fn=73561   page=0 insn=36256   IDLE   d_fb_det=0     a_sch=0100 0000 0000 0000 sync=0000 1530 ffff  | trames=73563 irq=0 iq=0
  [sbwin] SB #6580 fn=72961 p51=31 tick=73634 : armee=0 one_shot=0 page_prog=64 rif_avant=0 nwin=0 marge=0 -> DMA NON ARMEE (le RIF jette) : SCH memorise pour la fenetre SB (dans une vraie fenetre SB : 56/6580)
  [sbwin] SB #6590 fn=73063 p51=31 tick=73736 : armee=0 one_shot=0 page_prog=64 rif_avant=0 nwin=0 marge=0 -> DMA NON ARMEE (le RIF jette) : SCH memorise pour la fenetre SB (dans une vraie fenetre SB : 56/6590)
  profil PC (23569 tranches, high-water 0xde91) : 9a80:11% 8240:11% 8380:10% 83c0:5% 8200:5% 8300:4% 8540:4% 9a40:4% a0c0:3% 81c0:3% 82c0:3% 9a00:2%
  fn=73778   page=0 insn=119     IDLE   d_fb_det=0     a_sch=0100 0000 0000 0000 sync=0000 1530 ffff  | trames=73780 irq=0 iq=0
  [sbwin] SB #6600 fn=73165 p51=31 tick=73838 : armee=0 one_shot=0 page_prog=64 rif_avant=0 nwin=0 marge=0 -> DMA NON ARMEE (le RIF jette) : SCH memorise pour la fenetre SB (dans une vraie fenetre SB : 56/6600)
  [sbwin] SB #6610 fn=73267 p51=31 tick=73940 : armee=0 one_shot=0 page_prog=64 rif_avant=0 nwin=0 marge=0 -> DMA NON ARMEE (le RIF jette) : SCH memorise pour la fenetre SB (dans une vraie fenetre SB : 56/6610)
  profil PC (21055 tranches, high-water 0xde91) : 9a80:11% 8240:11% 8380:10% 83c0:5% 8200:5% 8300:4% 8540:4% 9a40:4% a0c0:3% 81c0:3% 82c0:3% 9a00:2%
  fn=73995   page=1 insn=119     IDLE   d_fb_det=0     a_sch=0100 0000 0000 0000 sync=0000 1530 ffff  | trames=73997 irq=0 iq=0
  [chrono] fn=73998 sur 1000 trames (ms) : qemu 3.67 | A 0.05 | go 0.26 | B 0.15 | apres DONE 0.48 | trame 4.61 (temps reel 4.62)
  [sbwin] SB #6620 fn=73369 p51=31 tick=74042 : armee=0 one_shot=0 page_prog=64 rif_avant=0 nwin=0 marge=0 -> DMA NON ARMEE (le RIF jette) : SCH memorise pour la fenetre SB (dans une vraie fenetre SB : 56/6620)
  [sbwin] SB #6630 fn=73471 p51=31 tick=74144 : armee=0 one_shot=0 page_prog=64 rif_avant=0 nwin=0 marge=0 -> DMA NON ARMEE (le RIF jette) : SCH memorise pour la fenetre SB (dans une vraie fenetre SB : 56/6630)
  profil PC (21052 tranches, high-water 0xde91) : 9a80:11% 8240:11% 8380:10% 83c0:5% 8200:5% 8300:4% 8540:4% 9a40:4% a0c0:3% 81c0:3% 82c0:3% 9a00:2%
  fn=74212   page=0 insn=119     IDLE   d_fb_det=0     a_sch=0100 0000 0000 0000 sync=0000 1530 ffff  | trames=74214 irq=0 iq=0
  [sbwin] SB #6640 fn=73573 p51=31 tick=74246 : armee=0 one_shot=0 page_prog=64 rif_avant=0 nwin=0 marge=0 -> DMA NON ARMEE (le RIF jette) : SCH memorise pour la fenetre SB (dans une vraie fenetre SB : 56/6640)
  [sbwin] SB #6650 fn=73675 p51=31 tick=74348 : armee=0 one_shot=0 page_prog=64 rif_avant=0 nwin=0 marge=0 -> DMA NON ARMEE (le RIF jette) : SCH memorise pour la fenetre SB (dans une vraie fenetre SB : 56/6650)
  profil PC (23571 tranches, high-water 0xde91) : 9a80:11% 8240:11% 8380:10% 83c0:5% 8200:5% 8300:4% 8540:4% 9a40:4% a0c0:3% 81c0:3% 82c0:3% 9a00:2%
  fn=74429   page=0 insn=1357    IDLE   d_fb_det=0     a_sch=0100 0000 0000 0000 sync=0000 1530 ffff  | trames=74431 irq=0 iq=0
  [sbwin] SB #6660 fn=73777 p51=31 tick=74450 : armee=0 one_shot=0 page_prog=64 rif_avant=0 nwin=0 marge=0 -> DMA NON ARMEE (le RIF jette) : SCH memorise pour la fenetre SB (dans une vraie fenetre SB : 56/6660)
  [sbwin] SB #6670 fn=73879 p51=31 tick=74552 : armee=0 one_shot=0 page_prog=64 rif_avant=0 nwin=0 marge=0 -> DMA NON ARMEE (le RIF jette) : SCH memorise pour la fenetre SB (dans une vraie fenetre SB : 56/6670)
  profil PC (23548 tranches, high-water 0xde91) : 9a80:11% 8240:11% 8380:10% 83c0:5% 8200:5% 8300:4% 8540:4% 9a40:4% a0c0:3% 81c0:3% 82c0:3% 9a00:2%
  fn=74646   page=1 insn=119     IDLE   d_fb_det=0     a_sch=0100 0000 0000 0000 sync=0000 1530 ffff  | trames=74648 irq=0 iq=0
  hacks actifs : RHEA_DMA ; cadencement : STREAM LOCKSTEP  ; stimulus : none
  [sbwin] SB #6680 fn=73981 p51=31 tick=74654 : armee=0 one_shot=0 page_prog=64 rif_avant=0 nwin=0 marge=0 -> DMA NON ARMEE (le RIF jette) : SCH memorise pour la fenetre SB (dans une vraie fenetre SB : 56/6680)
  [sbwin] SB #6690 fn=74083 p51=31 tick=74756 : armee=0 one_shot=0 page_prog=64 rif_avant=0 nwin=0 marge=0 -> DMA NON ARMEE (le RIF jette) : SCH memorise pour la fenetre SB (dans une vraie fenetre SB : 56/6690)
  [sbwin] SB #6700 fn=74185 p51=31 tick=74858 : armee=0 one_shot=0 page_prog=64 rif_avant=0 nwin=0 marge=0 -> DMA NON ARMEE (le RIF jette) : SCH memorise pour la fenetre SB (dans une vraie fenetre SB : 56/6700)
  profil PC (21055 tranches, high-water 0xde91) : 9a80:11% 8240:11% 8380:10% 83c0:5% 8200:5% 8300:4% 8540:4% 9a40:4% a0c0:3% 81c0:3% 82c0:3% 9a00:2%
  fn=74863   page=0 insn=119     IDLE   d_fb_det=0     a_sch=0100 0000 0000 0000 sync=0000 1530 ffff  | trames=74865 irq=0 iq=0
  [sbwin] SB #6710 fn=74287 p51=31 tick=74960 : armee=0 one_shot=0 page_prog=64 rif_avant=0 nwin=0 marge=0 -> DMA NON ARMEE (le RIF jette) : SCH memorise pour la fenetre SB (dans une vraie fenetre SB : 56/6710)
  [chrono] fn=74998 sur 1000 trames (ms) : qemu 3.46 | A 0.06 | go 0.28 | B 0.19 | apres DONE 0.63 | trame 4.62 (temps reel 4.62)
  [sbwin] SB #6720 fn=74389 p51=31 tick=75062 : armee=0 one_shot=0 page_prog=64 rif_avant=0 nwin=0 marge=0 -> DMA NON ARMEE (le RIF jette) : SCH memorise pour la fenetre SB (dans une vraie fenetre SB : 56/6720)
  profil PC (21052 tranches, high-water 0xde91) : 9a80:11% 8240:11% 8380:10% 83c0:5% 8200:5% 8300:4% 8540:4% 9a40:4% a0c0:3% 81c0:3% 82c0:3% 9a00:2%
  fn=75080   page=1 insn=119     IDLE   d_fb_det=0     a_sch=0100 0000 0000 0000 sync=0000 1530 ffff  | trames=75082 irq=0 iq=0
  [sbwin] SB #6730 fn=74491 p51=31 tick=75164 : armee=0 one_shot=0 page_prog=64 rif_avant=0 nwin=0 marge=0 -> DMA NON ARMEE (le RIF jette) : SCH memorise pour la fenetre SB (dans une vraie fenetre SB : 56/6730)
  [sbwin] SB #6740 fn=74593 p51=31 tick=75266 : armee=0 one_shot=0 page_prog=64 rif_avant=0 nwin=0 marge=0 -> DMA NON ARMEE (le RIF jette) : SCH memorise pour la fenetre SB (dans une vraie fenetre SB : 56/6740)
  profil PC (23571 tranches, high-water 0xde91) : 9a80:11% 8240:11% 8380:10% 83c0:5% 8200:5% 8300:4% 8540:4% 9a40:4% a0c0:3% 81c0:3% 82c0:3% 9a00:2%
  fn=75297   page=1 insn=119     IDLE   d_fb_det=0     a_sch=0100 0000 0000 0000 sync=0000 1530 ffff  | trames=75299 irq=0 iq=0
  [sbwin] SB #6750 fn=74695 p51=31 tick=75368 : armee=0 one_shot=0 page_prog=64 rif_avant=0 nwin=0 marge=0 -> DMA NON ARMEE (le RIF jette) : SCH memorise pour la fenetre SB (dans une vraie fenetre SB : 56/6750)
  [sbwin] SB #6760 fn=74797 p51=31 tick=75470 : armee=0 one_shot=0 page_prog=64 rif_avant=0 nwin=0 marge=0 -> DMA NON ARMEE (le RIF jette) : SCH memorise pour la fenetre SB (dans une vraie fenetre SB : 56/6760)
  profil PC (23548 tranches, high-water 0xde91) : 9a80:11% 8240:11% 8380:10% 83c0:5% 8200:5% 8300:4% 8540:4% 9a40:4% a0c0:3% 81c0:3% 82c0:3% 9a00:2%
  fn=75514   page=0 insn=119     IDLE   d_fb_det=0     a_sch=0100 0000 0000 0000 sync=0000 1530 ffff  | trames=75516 irq=0 iq=0
  [sbwin] SB #6770 fn=74899 p51=31 tick=75572 : armee=0 one_shot=0 page_prog=64 rif_avant=0 nwin=0 marge=0 -> DMA NON ARMEE (le RIF jette) : SCH memorise pour la fenetre SB (dans une vraie fenetre SB : 56/6770)
  [sbwin] SB #6780 fn=75001 p51=31 tick=75674 : armee=0 one_shot=0 page_prog=64 rif_avant=0 nwin=0 marge=0 -> DMA NON ARMEE (le RIF jette) : SCH memorise pour la fenetre SB (dans une vraie fenetre SB : 56/6780)
  profil PC (21055 tranches, high-water 0xde91) : 9a80:11% 8240:11% 8380:10% 83c0:5% 8200:5% 8300:4% 8540:4% 9a40:4% a0c0:3% 81c0:3% 82c0:3% 9a00:2%
  fn=75731   page=1 insn=119     IDLE   d_fb_det=0     a_sch=0100 0000 0000 0000 sync=0000 1530 ffff  | trames=75733 irq=0 iq=0
  [sbwin] SB #6790 fn=75103 p51=31 tick=75776 : armee=0 one_shot=0 page_prog=64 rif_avant=0 nwin=0 marge=0 -> DMA NON ARMEE (le RIF jette) : SCH memorise pour la fenetre SB (dans une vraie fenetre SB : 56/6790)
  [jalon] fn=75857 d_fb_det=1  hacks=RHEA_DMA
  [sbwin] SB #6798 fn=75185 p51=11 tick=75858 : armee=0 one_shot=0 page_prog=48 rif_avant=0 nwin=0 marge=0 -> DMA NON ARMEE (le RIF jette) : SCH memorise pour la fenetre SB (dans une vraie fenetre SB : 56/6798)
  [jalon] fn=75867 d_fb_det=1  hacks=RHEA_DMA
  [sbwin] SB #6799 fn=75195 p51=21 tick=75868 : armee=0 one_shot=0 page_prog=48 rif_avant=0 nwin=0 marge=0 -> DMA NON ARMEE (le RIF jette) : SCH memorise pour la fenetre SB (dans une vraie fenetre SB : 56/6799)
  [sb] fn=75876 p51=39 | FB a fn=75867 toa=8743 pm=5424 ang=-1 | TOA-ROM=8743 src=fine | a_sch=0100 crc_ko
  [a_sch] fn=75877 page=0 : 0100 0000 0000 0000 -> 8100 0016 f85d 01fb  (d_dsp_page=0003) TOA=0 PM=5521 SNR=12 crc_ko
  [sbwin] SB #6800 fn=75205 p51=31 tick=75878 : armee=1 one_shot=1 page_prog=191 rif_avant=0 nwin=191 marge=21 -> FENETRE SB (one-shot) (dans une vraie fenetre SB : 57/6800)
  [a_sch] fn=75878 page=1 : 0100 0000 0000 0000 -> 8000 0676 1c1c 0135  (d_dsp_page=0003) TOA=23 PM=5353 SNR=16384 CRC_OK
  [jalon] fn=75878 SB PLAUSIBLE page=1 BSIC=7 a_sch=8000 0676 1c1c 0135  hacks=RHEA_DMA
  [a_sch] fn=75879 page=0 : 8100 0016 f85d 01fb -> 0100 0000 0000 0000  (d_dsp_page=0003) TOA=0 PM=0 SNR=0 crc_ko
  [sbwin] SB #6801 fn=75215 p51=41 tick=75888 : armee=0 one_shot=0 page_prog=191 rif_avant=0 nwin=0 marge=0 -> DMA NON ARMEE (le RIF jette) : SCH memorise pour la fenetre SB (dans une vraie fenetre SB : 57/6801)
  [sbwin] SB #6802 fn=75226 p51=1 tick=75899 : armee=0 one_shot=0 page_prog=191 rif_avant=0 nwin=0 marge=0 -> DMA NON ARMEE (le RIF jette) : SCH memorise pour la fenetre SB (dans une vraie fenetre SB : 57/6802)
  [a_sch] fn=75902 page=1 : 8000 0676 1c1c 0135 -> 0100 0000 0000 0000  (d_dsp_page=0003) TOA=0 PM=0 SNR=0 crc_ko
  [sbwin] SB #6803 fn=75236 p51=11 tick=75909 : armee=0 one_shot=0 page_prog=151 rif_avant=0 nwin=0 marge=0 -> DMA NON ARMEE (le RIF jette) : SCH memorise pour la fenetre SB (dans une vraie fenetre SB : 57/6803)
  [montant] RACH ra=0xed bsic=7 fn=75918 -> /dev/shm/calypso_rach
  [montant]   declencheur : d_task_ra=RACH_DSP_TASK (task_ra=0x000a d_rach=0xed1c)
  [sbwin] SB #6804 fn=75246 p51=21 tick=75919 : armee=0 one_shot=0 page_prog=151 rif_avant=0 nwin=0 marge=0 -> DMA NON ARMEE (le RIF jette) : SCH memorise pour la fenetre SB (dans une vraie fenetre SB : 57/6804)
  [ts0] tick=75930 fn=75257 p51=32 NB fenetre=0 marge=0 rif_avant=0
  profil PC (22704 tranches, high-water 0xde92) : 8240:8% 9a80:8% 8380:7% 77c0:6% 83c0:4% 8200:3% 8300:3% 8540:3% 7800:3% 9a40:2% 7840:2% a0c0:2%
  fn=75948   page=0 insn=119     IDLE   d_fb_det=0     a_sch=0100 0000 0000 0000 sync=0000 1530 ffff  | trames=75950 irq=0 iq=0
  [sbwin] SB #6810 fn=75307 p51=31 tick=75980 : armee=0 one_shot=0 page_prog=151 rif_avant=0 nwin=0 marge=0 -> DMA NON ARMEE (le RIF jette) : SCH memorise pour la fenetre SB (dans une vraie fenetre SB : 57/6810)
  [montant] canal dedie (side-band seq=12) : arme TS1 SDCCH/8 SS=0
pont : canal dedie arme : TS1 SDCCH/8 SS=0
  [chrono] fn=75998 sur 1000 trames (ms) : qemu 3.54 | A 0.05 | go 0.31 | B 0.18 | apres DONE 0.55 | trame 4.61 (temps reel 4.62)
  [sbwin] SB #6820 fn=75440 p51=11 tick=76113 : armee=0 one_shot=0 page_prog=151 rif_avant=0 nwin=0 marge=0 -> DMA NON ARMEE (le RIF jette) : SCH memorise pour la fenetre SB (dans une vraie fenetre SB : 57/6820)
  [a5-arm] tick=76158 d_a5mode=1 a_kc=3800 75ac 2209 bf24
  [montant] chiffrement A5/1 : Kc publie vers /dev/shm/calypso_kc_l1 (seq=12)
  profil PC (12923 tranches, high-water 0xde92) : 9a80:10% 8240:9% 8380:8% 8200:4% 8300:4% 83c0:4% 8540:4% 9a40:3% a0c0:3% a680:3% 81c0:3% 82c0:3%
  fn=76165   page=0 insn=119     IDLE   d_fb_det=0     a_sch=0100 0000 0000 0000 sync=0000 1530 ffff  | trames=76167 irq=0 iq=0
  [BSP] dedie : DESACCORD fn=75513 p51=33 p102=33 : table=1 tpu=0 (offset=4443 ref=4585, tn_fenetre=0) [6000 fois]
  [sbwin] SB #6830 fn=75562 p51=31 tick=76235 : armee=0 one_shot=0 page_prog=151 rif_avant=0 nwin=0 marge=0 -> DMA NON ARMEE (le RIF jette) : SCH memorise pour la fenetre SB (dans une vraie fenetre SB : 57/6830)
  [sbwin] SB #6840 fn=75695 p51=11 tick=76368 : armee=0 one_shot=0 page_prog=151 rif_avant=0 nwin=0 marge=0 -> DMA NON ARMEE (le RIF jette) : SCH memorise pour la fenetre SB (dans une vraie fenetre SB : 57/6840)
  profil PC (9690 tranches, high-water 0xde92) : 9a80:9% 8240:9% 8380:8% a680:4% 83c0:4% 8200:4% 8300:3% 8540:3% 9a40:3% a0c0:3% 81c0:2% 82c0:2%
  fn=76382   page=0 insn=119     IDLE   d_fb_det=0     a_sch=0100 0000 0000 0000 sync=0000 1530 ffff  | trames=76384 irq=0 iq=0
  hacks actifs : RHEA_DMA ; cadencement : STREAM LOCKSTEP  ; stimulus : none
  [montant] TCH (seq=2) : TS2 TSC=7 annonce par le pont, bascule du BSP a la premiere tache TCH du firmware
  [montant] TCH : le firmware poste la tache 13 a fn=76465, BSP bascule sur TS2 (TSC=7)
  [ts0] canal dedie arme : TCH TS2 (toutes les trames)
  [a5] #16000 A5/1 fn=75816 (T1=57 T2=0 T3=30) Kc=bf24220975ac3800 | dernier depot BSP fn=75815 (ecart +1)
  [a5-hist] #16000 recales=0 ecart(-1/0/+1/+2/autre) par fn%26 : 0:0/0/86/0/0 1:0/0/81/0/0 2:0/0/78/0/0 3:0/0/78/0/0 4:0/0/78/0/0 5:0/0/75/0/0 6:0/0/78/0/0 7:0/0/78/0/0 8:0/0/78/0/0 9:0/0/75/0/0 10:0/0/72/0/0 11:0/0/72/0/0 12:0/0/75/0/0 13:0/0/78/0/0 14:0/0/81/0/0 15:0/0/84/0/0 16:0/0/84/0/0 17:0/0/84/0/0 18:0/0/81/0/0 19:0/0/81/0/0 20:0/0/78/0/0 21:0/0/78/0/0 22:0/0/81/0/0 23:0/0/84/0/0 24:0/0/87/0/0 25:0/0/15/0/0
  [montant] FACCH UL fn=76495 task=0x000d
  [montant] canal dedie (side-band seq=13) : TCH/F TS2 SS=0, firmware sur le TCH (BSP deja sur le TCH, SDCCH memorise)
  [a_fd] fn=76539 fn%13=8 etat=8080 BLUD=1 FIRE=0 d_tch_mode=ca00 L2=01 73 01 2b | ok=18 ko=0
  [montant] FACCH UL fn=76543 task=0x000d
  [a_fd] fn=76587 fn%13=4 etat=8080 BLUD=1 FIRE=0 d_tch_mode=ca00 L2=01 21 01 2b | ok=19 ko=0
  [a_fd] fn=76591 fn%13=8 etat=8080 BLUD=1 FIRE=0 d_tch_mode=ca00 L2=03 20 09 83 | ok=20 ko=0
  [montant] FACCH UL fn=76595 task=0x000d
  profil PC (69687 tranches, high-water 0xefc4) : e980:9% 8240:7% 9a80:6% 8380:6% ecc0:4% 83c0:3% 8300:3% 8200:3% 8540:3% e940:2% 9a40:2% 81c0:2%
  fn=76599   page=1 insn=14403   IDLE   d_fb_det=0     a_sch=0100 0000 0000 0000 sync=0000 1530 ffff  | trames=76601 irq=0 iq=0
  [a_fd] fn=76626 fn%13=4 etat=8080 BLUD=1 FIRE=0 d_tch_mode=ca00 L2=03 30 09 83 | ok=21 ko=0
  [montant] FACCH UL fn=76629 task=0x000d
  [BSP] dedie : DESACCORD fn=75958 p51=19 p102=70 : table=1 tpu=0 (offset=68 ref=4585, tn_fenetre=1) [6200 fois]
  [a_fd] fn=76661 fn%13=0 etat=8080 BLUD=1 FIRE=0 d_tch_mode=ca00 L2=03 31 01 2b | ok=22 ko=0
  [a5] #16500 A5/1 fn=75989 (T1=57 T2=17 T3=50) Kc=bf24220975ac3800 | dernier depot BSP fn=75988 (ecart +1)
  [a_fd] fn=76669 fn%13=8 etat=8080 BLUD=1 FIRE=0 d_tch_mode=ca00 L2=03 22 09 83 | ok=23 ko=0
  [montant] FACCH UL fn=76703 task=0x000d
  [a_fd] fn=76704 fn%13=4 etat=8080 BLUD=1 FIRE=0 d_tch_mode=ca08 L2=03 32 09 83 | ok=24 ko=0
  [montant] FACCH UL fn=76707 task=0x000d
  [a_dd] fn=76713 etat=c204 FIRE=0 BFI=1 err=17 (ecart 5 trames) | vues=1100 ko=0 bfi=1100
  [a_fd] fn=76739 fn%13=0 etat=8080 BLUD=1 FIRE=0 d_tch_mode=ca08 L2=03 32 09 83 | ok=25 ko=0
  [a_fd] fn=76743 fn%13=4 etat=8080 BLUD=1 FIRE=0 d_tch_mode=ca00 L2=01 41 01 2b | ok=26 ko=0
  profil PC (107666 tranches, high-water 0xefce) : e980:9% 8240:6% 9a80:6% 8380:6% ecc0:4% 83c0:3% e940:3% 8300:3% 8200:3% 8540:2% 9a40:2% 81c0:2%
  fn=76816   page=0 insn=14400   IDLE   d_fb_det=0     a_sch=0100 0000 0000 0000 sync=0000 1530 ffff  | trames=76818 irq=0 iq=0
  [BSP] dedie : DESACCORD fn=76158 p51=15 p102=66 : table=1 tpu=0 (offset=68 ref=4585, tn_fenetre=1) [6400 fois]
  [a5] #17000 A5/1 fn=76162 (T1=57 T2=8 T3=19) Kc=bf24220975ac3800 | dernier depot BSP fn=76161 (ecart +1)
  [chrono] fn=76998 sur 1000 trames (ms) : qemu 2.88 | A 0.15 | go 0.28 | B 0.16 | apres DONE 1.15 | trame 4.62 (temps reel 4.62)
  [a5] #17500 A5/1 fn=76336 (T1=57 T2=0 T3=40) Kc=bf24220975ac3800 | dernier depot BSP fn=76335 (ecart +1)
  [BSP] dedie : DESACCORD fn=76358 p51=11 p102=62 : table=1 tpu=0 (offset=68 ref=4585, tn_fenetre=1) [6600 fois]
  profil PC (109446 tranches, high-water 0xefce) : e980:10% 8240:6% 9a80:6% 8380:6% ecc0:4% 83c0:3% e940:3% 8300:3% 8200:3% 8540:2% 9a40:2% 81c0:2%
  fn=77033   page=1 insn=85631   IDLE   d_fb_det=0     a_sch=0100 0000 0000 0000 sync=0000 1530 ffff  | trames=77035 irq=0 iq=0
  [a_dd] fn=77146 etat=c204 FIRE=0 BFI=1 err=31 (ecart 4 trames) | vues=1200 ko=0 bfi=1200
  [a5] #18000 A5/1 fn=76509 (T1=57 T2=17 T3=9) Kc=bf24220975ac3800 | dernier depot BSP fn=76508 (ecart +1)
  [a5-hist] #18000 recales=0 ecart(-1/0/+1/+2/autre) par fn%26 : 0:0/0/79/0/0 1:0/0/81/0/0 2:0/0/81/0/0 3:0/0/81/0/0 4:0/0/81/0/0 5:0/0/81/0/0 6:0/0/81/0/0 7:0/0/81/0/0 8:0/0/81/0/0 9:0/0/81/0/0 10:0/0/81/0/0 11:0/0/81/0/0 12:0/0/81/0/0 13:0/0/81/0/0 14:0/0/81/0/0 15:0/0/81/0/0 16:0/0/81/0/0 17:0/0/79/0/0 18:0/0/78/0/0 19:0/0/78/0/0 20:0/0/78/0/0 21:0/0/78/0/0 22:0/0/78/0/0 23:0/0/78/0/0 24:0/0/78/0/0
  [BSP] dedie : DESACCORD fn=76558 p51=7 p102=58 : table=1 tpu=0 (offset=68 ref=4585, tn_fenetre=1) [6800 fois]
  profil PC (108102 tranches, high-water 0xefcd) : e980:10% 8240:6% 9a80:6% 8380:6% ecc0:4% 83c0:3% e940:3% 8300:3% 8200:3% 8540:2% 9a40:2% 81c0:2%
  fn=77250   page=0 insn=85614   IDLE   d_fb_det=0     a_sch=0100 0000 0000 0000 sync=0000 1530 ffff  | trames=77252 irq=0 iq=0
  [a5] #18500 A5/1 fn=76682 (T1=57 T2=8 T3=29) Kc=bf24220975ac3800 | dernier depot BSP fn=76681 (ecart +1)
  [BSP] dedie : DESACCORD fn=76758 p51=3 p102=54 : table=1 tpu=0 (offset=68 ref=4585, tn_fenetre=1) [7000 fois]
  profil PC (108388 tranches, high-water 0xefce) : e980:10% 8240:6% 9a80:6% 8380:6% ecc0:4% 83c0:3% e940:3% 8300:3% 8200:3% 8540:2% 9a40:2% 81c0:2%
  fn=77467   page=1 insn=85657   IDLE   d_fb_det=0     a_sch=0100 0000 0000 0000 sync=0000 1530 ffff  | trames=77469 irq=0 iq=0
  [a5] #19000 A5/1 fn=76856 (T1=57 T2=0 T3=50) Kc=bf24220975ac3800 | dernier depot BSP fn=76855 (ecart +1)
  [a_dd] fn=77579 etat=c204 FIRE=0 BFI=1 err=29 (ecart 4 trames) | vues=1300 ko=0 bfi=1300
  [BSP] dedie : DESACCORD fn=76958 p51=50 p102=50 : table=1 tpu=0 (offset=68 ref=4585, tn_fenetre=1) [7200 fois]
  [a_cd] fn=77645 p51=23 p102=23 etat=8000 ok L2=0f 00 03 03 | ok=73 ko=27
  profil PC (108080 tranches, high-water 0xefcd) : e980:10% 8240:6% 9a80:6% 8380:6% ecc0:4% 83c0:3% e940:3% 8300:3% 8200:3% 8540:2% 9a40:2% 81c0:2%
  fn=77684   page=0 insn=1357    IDLE   d_fb_det=0     a_sch=0100 0000 0000 0000 sync=0000 1530 ffff  | trames=77686 irq=0 iq=0
  [a5] #19500 A5/1 fn=77029 (T1=58 T2=17 T3=19) Kc=bf24220975ac3800 | dernier depot BSP fn=77028 (ecart +1)
  [BSP] dedie : DESACCORD fn=77158 p51=46 p102=46 : table=1 tpu=0 (offset=68 ref=4585, tn_fenetre=1) [7400 fois]
  [a5] #20000 A5/1 fn=77202 (T1=58 T2=8 T3=39) Kc=bf24220975ac3800 | dernier depot BSP fn=77201 (ecart +1)
  [a5-hist] #20000 recales=0 ecart(-1/0/+1/+2/autre) par fn%26 : 0:0/0/81/0/0 1:0/0/81/0/0 2:0/0/81/0/0 3:0/0/81/0/0 4:0/0/81/0/0 5:0/0/81/0/0 6:0/0/81/0/0 7:0/0/81/0/0 8:0/0/81/0/0 9:0/0/78/0/0 10:0/0/78/0/0 11:0/0/78/0/0 12:0/0/78/0/0 13:0/0/78/0/0 14:0/0/78/0/0 15:0/0/78/0/0 16:0/0/78/0/0 17:0/0/80/0/0 18:0/0/81/0/0 19:0/0/81/0/0 20:0/0/81/0/0 21:0/0/81/0/0 22:0/0/81/0/0 23:0/0/81/0/0 24:0/0/81/0/0
  profil PC (108300 tranches, high-water 0xefc8) : e980:10% 8240:6% 9a80:6% 8380:6% ecc0:4% 83c0:3% e940:3% 8300:3% 8200:3% 8540:2% 9a40:2% 81c0:2%
  fn=77901   page=1 insn=14404   IDLE   d_fb_det=0     a_sch=0100 0000 0000 0000 sync=0000 1530 ffff  | trames=77903 irq=0 iq=0
  [chrono] fn=77998 sur 1000 trames (ms) : qemu 2.15 | A 0.19 | go 0.30 | B 0.09 | apres DONE 1.89 | trame 4.62 (temps reel 4.62)
  [a_dd] fn=78013 etat=c204 FIRE=0 BFI=1 err=31 (ecart 5 trames) | vues=1400 ko=0 bfi=1400
  [BSP] dedie : DESACCORD fn=77358 p51=42 p102=42 : table=1 tpu=0 (offset=68 ref=4585, tn_fenetre=1) [7600 fois]
  [a5] #20500 A5/1 fn=77376 (T1=58 T2=0 T3=9) Kc=bf24220975ac3800 | dernier depot BSP fn=77375 (ecart +1)
  profil PC (108292 tranches, high-water 0xefce) : e980:10% 8240:6% 9a80:6% 8380:6% ecc0:4% 83c0:3% e940:3% 8300:3% 8200:3% 8540:2% 9a40:2% 81c0:2%
  fn=78118   page=0 insn=14403   IDLE   d_fb_det=0     a_sch=0100 0000 0000 0000 sync=0000 1530 ffff  | trames=78120 irq=0 iq=0
  hacks actifs : RHEA_DMA ; cadencement : STREAM LOCKSTEP  ; stimulus : none
  [a5] #21000 A5/1 fn=77549 (T1=58 T2=17 T3=29) Kc=bf24220975ac3800 | dernier depot BSP fn=77548 (ecart +1)
  [BSP] dedie : DESACCORD fn=77558 p51=38 p102=38 : table=1 tpu=0 (offset=68 ref=4585, tn_fenetre=1) [7800 fois]
  profil PC (108088 tranches, high-water 0xefce) : e980:10% 8240:6% 9a80:6% 8380:6% ecc0:4% 83c0:3% e940:3% 8300:3% 8200:3% 8540:2% 9a40:2% 81c0:2%
  fn=78335   page=1 insn=14404   IDLE   d_fb_det=0     a_sch=0100 0000 0000 0000 sync=0000 1530 ffff  | trames=78337 irq=0 iq=0
  [a5] #21500 A5/1 fn=77722 (T1=58 T2=8 T3=49) Kc=bf24220975ac3800 | dernier depot BSP fn=77721 (ecart +1)
  [BSP] dedie : DESACCORD fn=77758 p51=34 p102=34 : table=1 tpu=0 (offset=68 ref=4585, tn_fenetre=1) [8000 fois]
  [a_dd] fn=78446 etat=c204 FIRE=0 BFI=1 err=13 (ecart 4 trames) | vues=1500 ko=0 bfi=1500
  profil PC (108302 tranches, high-water 0xefce) : e980:10% 8240:6% 9a80:6% 8380:6% ecc0:4% 83c0:3% e940:3% 8300:3% 8200:3% 8540:2% 9a40:2% 81c0:2%
  fn=78552   page=0 insn=14414   IDLE   d_fb_det=0     a_sch=0100 0000 0000 0000 sync=0000 1530 ffff  | trames=78554 irq=0 iq=0
  [a5] #22000 A5/1 fn=77896 (T1=58 T2=0 T3=19) Kc=bf24220975ac3800 | dernier depot BSP fn=77895 (ecart +1)
  [a5-hist] #22000 recales=0 ecart(-1/0/+1/+2/autre) par fn%26 : 0:0/0/80/0/0 1:0/0/78/0/0 2:0/0/78/0/0 3:0/0/78/0/0 4:0/0/78/0/0 5:0/0/78/0/0 6:0/0/78/0/0 7:0/0/78/0/0 8:0/0/78/0/0 9:0/0/81/0/0 10:0/0/81/0/0 11:0/0/81/0/0 12:0/0/81/0/0 13:0/0/81/0/0 14:0/0/81/0/0 15:0/0/81/0/0 16:0/0/81/0/0 17:0/0/81/0/0 18:0/0/81/0/0 19:0/0/81/0/0 20:0/0/81/0/0 21:0/0/81/0/0 22:0/0/81/0/0 23:0/0/81/0/0 24:0/0/81/0/0
  [BSP] dedie : DESACCORD fn=77958 p51=30 p102=30 : table=1 tpu=0 (offset=68 ref=4585, tn_fenetre=1) [8200 fois]
  [a5] #22500 A5/1 fn=78069 (T1=58 T2=17 T3=39) Kc=bf24220975ac3800 | dernier depot BSP fn=78068 (ecart +1)
  profil PC (108304 tranches, high-water 0xefce) : e980:10% 8240:6% 9a80:6% 8380:6% ecc0:4% 83c0:3% e940:3% 8300:3% 8200:3% 8540:2% 9a40:2% 81c0:2%
  fn=78769   page=1 insn=14419   IDLE   d_fb_det=0     a_sch=0100 0000 0000 0000 sync=0000 1530 ffff  | trames=78771 irq=0 iq=0
  [BSP] dedie : DESACCORD fn=78158 p51=26 p102=26 : table=1 tpu=0 (offset=68 ref=4585, tn_fenetre=1) [8400 fois]
  [a_dd] fn=78879 etat=c204 FIRE=0 BFI=1 err=31 (ecart 4 trames) | vues=1600 ko=0 bfi=1600
  [a5] #23000 A5/1 fn=78242 (T1=59 T2=8 T3=8) Kc=bf24220975ac3800 | dernier depot BSP fn=78241 (ecart +1)
  profil PC (108095 tranches, high-water 0xefce) : e980:10% 8240:6% 9a80:6% 8380:6% ecc0:4% 83c0:3% e940:3% 8300:3% 8200:3% 8540:2% 9a40:2% 81c0:2%
  fn=78986   page=0 insn=14412   IDLE   d_fb_det=0     a_sch=0100 0000 0000 0000 sync=0000 1530 ffff  | trames=78988 irq=0 iq=0
  [chrono] fn=78998 sur 1000 trames (ms) : qemu 2.28 | A 0.19 | go 0.27 | B 0.08 | apres DONE 1.80 | trame 4.61 (temps reel 4.62)
  [BSP] dedie : DESACCORD fn=78358 p51=22 p102=22 : table=1 tpu=0 (offset=68 ref=4585, tn_fenetre=1) [8600 fois]
  [a5] #23500 A5/1 fn=78416 (T1=59 T2=0 T3=29) Kc=bf24220975ac3800 | dernier depot BSP fn=78415 (ecart +1)
  profil PC (108298 tranches, high-water 0xefce) : e980:10% 8240:6% 9a80:6% 8380:6% ecc0:4% 83c0:3% e940:3% 8300:3% 8200:3% 8540:2% 9a40:2% 81c0:2%
  fn=79203   page=1 insn=14405   IDLE   d_fb_det=0     a_sch=0100 0000 0000 0000 sync=0000 1530 ffff  | trames=79205 irq=0 iq=0
  [BSP] dedie : DESACCORD fn=78558 p51=18 p102=18 : table=1 tpu=0 (offset=68 ref=4585, tn_fenetre=1) [8800 fois]
  [a5] #24000 A5/1 fn=78589 (T1=59 T2=17 T3=49) Kc=bf24220975ac3800 | dernier depot BSP fn=78588 (ecart +1)
  [a5-hist] #24000 recales=0 ecart(-1/0/+1/+2/autre) par fn%26 : 0:0/0/79/0/0 1:0/0/81/0/0 2:0/0/81/0/0 3:0/0/81/0/0 4:0/0/81/0/0 5:0/0/81/0/0 6:0/0/81/0/0 7:0/0/81/0/0 8:0/0/81/0/0 9:0/0/81/0/0 10:0/0/81/0/0 11:0/0/81/0/0 12:0/0/81/0/0 13:0/0/81/0/0 14:0/0/81/0/0 15:0/0/81/0/0 16:0/0/81/0/0 17:0/0/79/0/0 18:0/0/78/0/0 19:0/0/78/0/0 20:0/0/78/0/0 21:0/0/78/0/0 22:0/0/78/0/0 23:0/0/78/0/0 24:0/0/78/0/0
  [a_dd] fn=79313 etat=c204 FIRE=0 BFI=1 err=33 (ecart 5 trames) | vues=1700 ko=0 bfi=1700
  profil PC (108653 tranches, high-water 0xefce) : e980:10% 8240:6% 9a80:6% 8380:6% ecc0:4% 83c0:3% e940:3% 8300:3% 8200:3% 8540:2% 9a40:2% 81c0:2%
  fn=79420   page=0 insn=14398   IDLE   d_fb_det=0     a_sch=0100 0000 0000 0000 sync=0000 1530 ffff  | trames=79422 irq=0 iq=0
  [BSP] dedie : DESACCORD fn=78758 p51=14 p102=14 : table=1 tpu=0 (offset=68 ref=4585, tn_fenetre=1) [9000 fois]
  [a5] #24500 A5/1 fn=78762 (T1=59 T2=8 T3=18) Kc=bf24220975ac3800 | dernier depot BSP fn=78761 (ecart +1)
  [a5] #25000 A5/1 fn=78936 (T1=59 T2=0 T3=39) Kc=bf24220975ac3800 | dernier depot BSP fn=78935 (ecart +1)
  [BSP] dedie : DESACCORD fn=78958 p51=10 p102=10 : table=1 tpu=0 (offset=68 ref=4585, tn_fenetre=1) [9200 fois]
  profil PC (108098 tranches, high-water 0xefce) : e980:10% 8240:6% 9a80:6% 8380:6% ecc0:4% 83c0:3% e940:3% 8300:3% 8200:3% 8540:2% 9a40:2% 81c0:2%
  fn=79637   page=1 insn=14401   IDLE   d_fb_det=0     a_sch=0100 0000 0000 0000 sync=0000 1530 ffff  | trames=79639 irq=0 iq=0
  [a_dd] fn=79746 etat=c204 FIRE=0 BFI=1 err=21 (ecart 4 trames) | vues=1800 ko=0 bfi=1800
  [a5] #25500 A5/1 fn=79109 (T1=59 T2=17 T3=8) Kc=bf24220975ac3800 | dernier depot BSP fn=79108 (ecart +1)
  [BSP] dedie : DESACCORD fn=79158 p51=6 p102=6 : table=1 tpu=0 (offset=68 ref=4585, tn_fenetre=1) [9400 fois]
  profil PC (109430 tranches, high-water 0xefce) : e980:10% 8240:6% 9a80:6% 8380:6% ecc0:4% 83c0:3% e940:3% 8300:3% 8200:3% 8540:2% 9a40:2% 81c0:2%
  fn=79854   page=0 insn=85619   IDLE   d_fb_det=0     a_sch=0100 0000 0000 0000 sync=0000 1530 ffff  | trames=79856 irq=0 iq=0
  hacks actifs : RHEA_DMA ; cadencement : STREAM LOCKSTEP  ; stimulus : none
  [a5] #26000 A5/1 fn=79282 (T1=59 T2=8 T3=28) Kc=bf24220975ac3800 | dernier depot BSP fn=79281 (ecart +1)
  [a5-hist] #26000 recales=0 ecart(-1/0/+1/+2/autre) par fn%26 : 0:0/0/81/0/0 1:0/0/81/0/0 2:0/0/81/0/0 3:0/0/81/0/0 4:0/0/81/0/0 5:0/0/81/0/0 6:0/0/81/0/0 7:0/0/81/0/0 8:0/0/81/0/0 9:0/0/78/0/0 10:0/0/78/0/0 11:0/0/78/0/0 12:0/0/78/0/0 13:0/0/78/0/0 14:0/0/78/0/0 15:0/0/78/0/0 16:0/0/78/0/0 17:0/0/80/0/0 18:0/0/81/0/0 19:0/0/81/0/0 20:0/0/81/0/0 21:0/0/81/0/0 22:0/0/81/0/0 23:0/0/81/0/0 24:0/0/81/0/0
  [chrono] fn=79998 sur 1000 trames (ms) : qemu 2.18 | A 0.19 | go 0.29 | B 0.09 | apres DONE 1.86 | trame 4.62 (temps reel 4.62)
  [BSP] dedie : DESACCORD fn=79358 p51=2 p102=2 : table=1 tpu=0 (offset=68 ref=4585, tn_fenetre=1) [9600 fois]
  profil PC (108394 tranches, high-water 0xefce) : e980:10% 8240:6% 9a80:6% 8380:6% ecc0:4% 83c0:3% e940:3% 8300:3% 8200:3% 8540:2% 9a40:2% 81c0:2%
  fn=80071   page=1 insn=85606   IDLE   d_fb_det=0     a_sch=0100 0000 0000 0000 sync=0000 1530 ffff  | trames=80073 irq=0 iq=0
  [a5] #26500 A5/1 fn=79456 (T1=59 T2=0 T3=49) Kc=bf24220975ac3800 | dernier depot BSP fn=79455 (ecart +1)
  [a_dd] fn=80179 etat=c204 FIRE=0 BFI=1 err=24 (ecart 4 trames) | vues=1900 ko=0 bfi=1900
  [BSP] dedie : DESACCORD fn=79558 p51=49 p102=100 : table=1 tpu=0 (offset=68 ref=4585, tn_fenetre=1) [9800 fois]
  profil PC (108090 tranches, high-water 0xefce) : e980:10% 8240:6% 9a80:6% 8380:6% ecc0:4% 83c0:3% e940:3% 8300:3% 8200:3% 8540:2% 9a40:2% 81c0:2%
  fn=80288   page=0 insn=85652   IDLE   d_fb_det=0     a_sch=0100 0000 0000 0000 sync=0000 1530 ffff  | trames=80290 irq=0 iq=0
  [a5] #27000 A5/1 fn=79629 (T1=60 T2=17 T3=18) Kc=bf24220975ac3800 | dernier depot BSP fn=79628 (ecart +1)
  [BSP] dedie : DESACCORD fn=79758 p51=45 p102=96 : table=1 tpu=0 (offset=68 ref=4585, tn_fenetre=1) [10000 fois]
  [a5] #27500 A5/1 fn=79802 (T1=60 T2=8 T3=38) Kc=bf24220975ac3800 | dernier depot BSP fn=79801 (ecart +1)
  profil PC (108310 tranches, high-water 0xefcb) : e980:10% 8240:6% 9a80:6% 8380:6% ecc0:4% 83c0:3% e940:3% 8300:3% 8200:3% 8540:2% 9a40:2% 81c0:2%
  fn=80505   page=1 insn=14337   IDLE   d_fb_det=0     a_sch=0100 0000 0000 0000 sync=0000 1530 ffff  | trames=80507 irq=0 iq=0
  [a_dd] fn=80613 etat=c204 FIRE=0 BFI=1 err=35 (ecart 5 trames) | vues=2000 ko=0 bfi=2000
  [BSP] dedie : DESACCORD fn=79958 p51=41 p102=92 : table=1 tpu=0 (offset=68 ref=4585, tn_fenetre=1) [10200 fois]
  [a5] #28000 A5/1 fn=79976 (T1=60 T2=0 T3=8) Kc=bf24220975ac3800 | dernier depot BSP fn=79975 (ecart +1)
  [a5-hist] #28000 recales=0 ecart(-1/0/+1/+2/autre) par fn%26 : 0:0/0/80/0/0 1:0/0/78/0/0 2:0/0/78/0/0 3:0/0/78/0/0 4:0/0/78/0/0 5:0/0/78/0/0 6:0/0/78/0/0 7:0/0/78/0/0 8:0/0/78/0/0 9:0/0/81/0/0 10:0/0/81/0/0 11:0/0/81/0/0 12:0/0/81/0/0 13:0/0/81/0/0 14:0/0/81/0/0 15:0/0/81/0/0 16:0/0/81/0/0 17:0/0/81/0/0 18:0/0/81/0/0 19:0/0/81/0/0 20:0/0/81/0/0 21:0/0/81/0/0 22:0/0/81/0/0 23:0/0/81/0/0 24:0/0/81/0/0
  profil PC (108301 tranches, high-water 0xefce) : e980:10% 8240:6% 9a80:6% 8380:6% ecc0:4% 83c0:3% e940:3% 8300:3% 8200:3% 8540:2% 9a40:2% 81c0:2%
  fn=80722   page=0 insn=14400   IDLE   d_fb_det=0     a_sch=0100 0000 0000 0000 sync=0000 1530 ffff  | trames=80724 irq=0 iq=0
  [a5] #28500 A5/1 fn=80149 (T1=60 T2=17 T3=28) Kc=bf24220975ac3800 | dernier depot BSP fn=80148 (ecart +1)
  [BSP] dedie : DESACCORD fn=80158 p51=37 p102=88 : table=1 tpu=0 (offset=68 ref=4585, tn_fenetre=1) [10400 fois]
  [ts0] tick=80930 fn=80257 p51=34 NB fenetre=151 marge=3 rif_avant=0  <- canal dedie
  profil PC (108084 tranches, high-water 0xefcd) : e980:10% 8240:6% 9a80:6% 8380:6% ecc0:4% 83c0:3% e940:3% 8300:3% 8200:3% 8540:2% 9a40:2% 81c0:2%
  fn=80939   page=1 insn=14405   IDLE   d_fb_det=0     a_sch=0100 0000 0000 0000 sync=0000 1530 ffff  | trames=80941 irq=0 iq=0
  [a5] #29000 A5/1 fn=80322 (T1=60 T2=8 T3=48) Kc=bf24220975ac3800 | dernier depot BSP fn=80321 (ecart +1)
  [chrono] fn=80998 sur 1000 trames (ms) : qemu 2.04 | A 0.20 | go 0.29 | B 0.09 | apres DONE 1.99 | trame 4.62 (temps reel 4.62)
  [BSP] dedie : DESACCORD fn=80358 p51=33 p102=84 : table=1 tpu=0 (offset=68 ref=4585, tn_fenetre=1) [10600 fois]
  [a_dd] fn=81046 etat=c204 FIRE=0 BFI=1 err=18 (ecart 4 trames) | vues=2100 ko=0 bfi=2100
  profil PC (108304 tranches, high-water 0xefcd) : e980:10% 8240:6% 9a80:6% 8380:6% ecc0:4% 83c0:3% e940:3% 8300:3% 8200:3% 8540:2% 9a40:2% 81c0:2%
  fn=81156   page=0 insn=14401   IDLE   d_fb_det=0     a_sch=0100 0000 0000 0000 sync=0000 1530 ffff  | trames=81158 irq=0 iq=0
  [a5] #29500 A5/1 fn=80496 (T1=60 T2=0 T3=18) Kc=bf24220975ac3800 | dernier depot BSP fn=80495 (ecart +1)
  [BSP] dedie : DESACCORD fn=80558 p51=29 p102=80 : table=1 tpu=0 (offset=68 ref=4585, tn_fenetre=1) [10800 fois]
  [a5] #30000 A5/1 fn=80669 (T1=60 T2=17 T3=38) Kc=bf24220975ac3800 | dernier depot BSP fn=80668 (ecart +1)
  [a5-hist] #30000 recales=0 ecart(-1/0/+1/+2/autre) par fn%26 : 0:0/0/79/0/0 1:0/0/81/0/0 2:0/0/81/0/0 3:0/0/81/0/0 4:0/0/81/0/0 5:0/0/81/0/0 6:0/0/81/0/0 7:0/0/81/0/0 8:0/0/81/0/0 9:0/0/81/0/0 10:0/0/81/0/0 11:0/0/81/0/0 12:0/0/81/0/0 13:0/0/81/0/0 14:0/0/81/0/0 15:0/0/81/0/0 16:0/0/81/0/0 17:0/0/79/0/0 18:0/0/78/0/0 19:0/0/78/0/0 20:0/0/78/0/0 21:0/0/78/0/0 22:0/0/78/0/0 23:0/0/78/0/0 24:0/0/78/0/0
  profil PC (108302 tranches, high-water 0xefce) : e980:10% 8240:6% 9a80:6% 8380:6% ecc0:4% 83c0:3% e940:3% 8300:3% 8200:3% 8540:2% 9a40:2% 81c0:2%
  fn=81373   page=1 insn=14417   IDLE   d_fb_det=0     a_sch=0100 0000 0000 0000 sync=0000 1530 ffff  | trames=81375 irq=0 iq=0
  [BSP] dedie : DESACCORD fn=80758 p51=25 p102=76 : table=1 tpu=0 (offset=68 ref=4585, tn_fenetre=1) [11000 fois]
  [a_dd] fn=81479 etat=c204 FIRE=0 BFI=1 err=23 (ecart 4 trames) | vues=2200 ko=0 bfi=2200
  [a5] #30500 A5/1 fn=80842 (T1=60 T2=8 T3=7) Kc=bf24220975ac3800 | dernier depot BSP fn=80841 (ecart +1)
  [a_fd] fn=81536 fn%13=0 etat=8080 BLUD=1 FIRE=0 d_tch_mode=ca08 L2=01 61 01 2b | ok=27 ko=0
  [a_fd] fn=81540 fn%13=4 etat=8080 BLUD=1 FIRE=0 d_tch_mode=ca08 L2=03 64 19 83 | ok=28 ko=0
  [a_fd] fn=81575 fn%13=0 etat=8080 BLUD=1 FIRE=0 d_tch_mode=ca00 L2=03 74 19 83 | ok=29 ko=0
  [a_fd] fn=81588 fn%13=0 etat=8080 BLUD=1 FIRE=0 d_tch_mode=ca00 L2=01 81 01 2b | ok=30 ko=0
  profil PC (108061 tranches, high-water 0xefcd) : e980:10% 8240:6% 9a80:6% 8380:6% ecc0:4% 83c0:3% e940:3% 8300:3% 8200:3% 8540:2% 9a40:2% 81c0:2%
  fn=81590   page=0 insn=14415   IDLE   d_fb_det=0     a_sch=0100 0000 0000 0000 sync=0000 1530 ffff  | trames=81592 irq=0 iq=0
  hacks actifs : RHEA_DMA ; cadencement : STREAM LOCKSTEP  ; stimulus : none
  [a_fd] fn=81601 fn%13=0 etat=8080 BLUD=1 FIRE=0 d_tch_mode=ca00 L2=03 91 01 2b | ok=31 ko=0
  [a_fd] fn=81618 fn%13=4 etat=8080 BLUD=1 FIRE=0 d_tch_mode=ca00 L2=03 86 0d 06 | ok=32 ko=0
  [BSP] dedie : DESACCORD fn=80958 p51=21 p102=72 : table=1 tpu=0 (offset=68 ref=4585, tn_fenetre=1) [11200 fois]
  [a_fd] fn=81653 fn%13=0 etat=8080 BLUD=1 FIRE=0 d_tch_mode=ca00 L2=03 96 0d 06 | ok=33 ko=0
  [a_fd] fn=81674 fn%13=8 etat=8080 BLUD=1 FIRE=0 d_tch_mode=ca00 L2=01 73 01 2b | ok=34 ko=0
  [a5-arm] tick=81675 d_a5mode=0 a_kc=3800 75ac 2209 bf24  (BSP sur le TCH)
  [montant] retour en clair (seq=13)
  [montant] tache FB postee : le mobile cherche la synchro, canal dedie libere (TS0 rendu au FCCH/SCH)
  [jalon] fn=81691 d_fb_det=1  hacks=RHEA_DMA
  [sbwin] SB #6848 fn=81019 p51=31 tick=81692 : armee=0 one_shot=0 page_prog=48 rif_avant=0 nwin=0 marge=0 -> DMA NON ARMEE (le RIF jette) : SCH memorise pour la fenetre SB (dans une vraie fenetre SB : 57/6848)
  [jalon] fn=81701 d_fb_det=1  hacks=RHEA_DMA
  [sbwin] SB #6849 fn=81029 p51=41 tick=81702 : armee=0 one_shot=0 page_prog=48 rif_avant=0 nwin=0 marge=0 -> DMA NON ARMEE (le RIF jette) : SCH memorise pour la fenetre SB (dans une vraie fenetre SB : 57/6849)
  [sb] fn=81710 p51=8 | FB a fn=81701 toa=8743 pm=5424 ang=-1 | TOA-ROM=8743 src=fine | a_sch=0100 crc_ko
  [a_sch] fn=81711 page=0 : 0100 0000 0000 0000 -> 8100 0172 86be 0060  (d_dsp_page=0003) TOA=23 PM=5416 SNR=427 crc_ko
  [a_sch] fn=81712 page=1 : 0100 0000 0000 0000 -> 8100 0016 f85d 01fb  (d_dsp_page=0003) TOA=0 PM=5521 SNR=12 crc_ko
  [sbwin] SB #6850 fn=81040 p51=1 tick=81713 : armee=0 one_shot=0 page_prog=191 rif_avant=0 nwin=0 marge=0 -> DMA NON ARMEE (le RIF jette) : SCH memorise pour la fenetre SB (dans une vraie fenetre SB : 57/6850)
  [a_sch] fn=81713 page=0 : 8100 0172 86be 0060 -> 0100 0000 0000 0000  (d_dsp_page=0003) TOA=0 PM=0 SNR=0 crc_ko
  [a_sch] fn=81714 page=1 : 8100 0016 f85d 01fb -> 0100 0000 0000 0000  (d_dsp_page=0003) TOA=0 PM=0 SNR=0 crc_ko
  [jalon] fn=81722 d_fb_det=1  hacks=RHEA_DMA
  [sbwin] SB #6851 fn=81050 p51=11 tick=81723 : armee=0 one_shot=0 page_prog=48 rif_avant=0 nwin=0 marge=0 -> DMA NON ARMEE (le RIF jette) : SCH memorise pour la fenetre SB (dans une vraie fenetre SB : 57/6851)
  [jalon] fn=81732 d_fb_det=1  hacks=RHEA_DMA
  [sbwin] SB #6852 fn=81060 p51=21 tick=81733 : armee=0 one_shot=0 page_prog=48 rif_avant=0 nwin=0 marge=0 -> DMA NON ARMEE (le RIF jette) : SCH memorise pour la fenetre SB (dans une vraie fenetre SB : 57/6852)
  [sb] fn=81741 p51=39 | FB a fn=81732 toa=8743 pm=5416 ang=-1 | TOA-ROM=8743 src=fine | a_sch=0100 crc_ko
  [a_sch] fn=81742 page=0 : 0100 0000 0000 0000 -> 8100 0016 f85d 01fb  (d_dsp_page=0003) TOA=0 PM=5521 SNR=12 crc_ko
  [sbwin] SB #6853 fn=81070 p51=31 tick=81743 : armee=1 one_shot=1 page_prog=191 rif_avant=0 nwin=191 marge=21 -> FENETRE SB (one-shot) (dans une vraie fenetre SB : 58/6853)
  [a_sch] fn=81743 page=1 : 0100 0000 0000 0000 -> 8000 0886 1e1c 0189  (d_dsp_page=0003) TOA=23 PM=5358 SNR=16384 CRC_OK
  [jalon] fn=81743 SB PLAUSIBLE page=1 BSIC=7 a_sch=8000 0886 1e1c 0189  hacks=RHEA_DMA
  [a_sch] fn=81744 page=0 : 8100 0016 f85d 01fb -> 0100 0000 0000 0000  (d_dsp_page=0003) TOA=0 PM=0 SNR=0 crc_ko
  [afc] fn=81747 w_page=0 relaye=-695 | page0=-695 page1=-700
  [sbwin] SB #6854 fn=81080 p51=41 tick=81753 : armee=0 one_shot=0 page_prog=191 rif_avant=0 nwin=0 marge=0 -> DMA NON ARMEE (le RIF jette) : SCH memorise pour la fenetre SB (dans une vraie fenetre SB : 58/6854)
  [sbwin] SB #6855 fn=81091 p51=1 tick=81764 : armee=0 one_shot=0 page_prog=191 rif_avant=0 nwin=0 marge=0 -> DMA NON ARMEE (le RIF jette) : SCH memorise pour la fenetre SB (dans une vraie fenetre SB : 58/6855)
  [afc] fn=81766 w_page=1 relaye=-695 | page0=-695 page1=-695
  [a_sch] fn=81767 page=1 : 8000 0886 1e1c 0189 -> 0100 0000 0000 0000  (d_dsp_page=0003) TOA=0 PM=0 SNR=0 crc_ko
  [sbwin] SB #6856 fn=81101 p51=11 tick=81774 : armee=0 one_shot=0 page_prog=151 rif_avant=0 nwin=0 marge=0 -> DMA NON ARMEE (le RIF jette) : SCH memorise pour la fenetre SB (dans une vraie fenetre SB : 58/6856)
  [montant] canal dedie (side-band seq=14) : libere TS0 SDCCH/4 SS=0
pont : canal dedie libere : TS0 SDCCH/8 SS=0
  [sbwin] SB #6857 fn=81111 p51=21 tick=81784 : armee=0 one_shot=0 page_prog=151 rif_avant=0 nwin=0 marge=0 -> DMA NON ARMEE (le RIF jette) : SCH memorise pour la fenetre SB (dans une vraie fenetre SB : 58/6857)
  [montant] TCH (seq=0) : annonce TS2 retiree (le firmware n'y etait pas)
  profil PC (60875 tranches, high-water 0xefce) : e980:7% 9a80:5% 8240:5% 77c0:5% 8380:4% ecc0:3% 7800:3% 83c0:2% 8300:2% 8200:2% 8540:2% e940:2%
  fn=81807   page=1 insn=119     IDLE   d_fb_det=0     a_sch=0100 0000 0000 0000 sync=0000 1528 ffff  | trames=81809 irq=0 iq=0
  [sbwin] SB #6860 fn=81142 p51=1 tick=81815 : armee=0 one_shot=0 page_prog=151 rif_avant=0 nwin=0 marge=0 -> DMA NON ARMEE (le RIF jette) : SCH memorise pour la fenetre SB (dans une vraie fenetre SB : 58/6860)
  [sbwin] SB #6870 fn=81244 p51=1 tick=81917 : armee=0 one_shot=0 page_prog=151 rif_avant=0 nwin=0 marge=0 -> DMA NON ARMEE (le RIF jette) : SCH memorise pour la fenetre SB (dans une vraie fenetre SB : 58/6870)
  [afc] fn=81924 w_page=0 relaye=-700 | page0=-700 page1=-695
  [afc] fn=81925 w_page=1 relaye=-700 | page0=-700 page1=-700
  [jalon] fn=81926 d_fb_det=1  hacks=RHEA_DMA
  [sbwin] SB #6871 fn=81254 p51=11 tick=81927 : armee=0 one_shot=0 page_prog=48 rif_avant=0 nwin=0 marge=0 -> DMA NON ARMEE (le RIF jette) : SCH memorise pour la fenetre SB (dans une vraie fenetre SB : 58/6871)
  [jalon] fn=81936 d_fb_det=1  hacks=RHEA_DMA
  [sbwin] SB #6872 fn=81264 p51=21 tick=81937 : armee=0 one_shot=0 page_prog=48 rif_avant=0 nwin=0 marge=0 -> DMA NON ARMEE (le RIF jette) : SCH memorise pour la fenetre SB (dans une vraie fenetre SB : 58/6872)
  [sb] fn=81945 p51=39 | FB a fn=81936 toa=8743 pm=5424 ang=-1 | TOA-ROM=8743 src=fine | a_sch=0100 crc_ko
  [a_sch] fn=81946 page=0 : 0100 0000 0000 0000 -> 8100 0016 f85d 01fb  (d_dsp_page=0003) TOA=0 PM=5521 SNR=12 crc_ko
  [sbwin] SB #6873 fn=81274 p51=31 tick=81947 : armee=1 one_shot=1 page_prog=191 rif_avant=0 nwin=191 marge=21 -> FENETRE SB (one-shot) (dans une vraie fenetre SB : 59/6873)
  [a_sch] fn=81947 page=1 : 0100 0000 0000 0000 -> 8100 8da4 1e1b 01e1  (d_dsp_page=0003) TOA=23 PM=5358 SNR=11077 crc_ko
  [a_sch] fn=81948 page=0 : 8100 0016 f85d 01fb -> 0100 0000 0000 0000  (d_dsp_page=0003) TOA=0 PM=0 SNR=0 crc_ko
  [a_sch] fn=81949 page=1 : 8100 8da4 1e1b 01e1 -> 0100 0000 0000 0000  (d_dsp_page=0003) TOA=0 PM=0 SNR=0 crc_ko
  [jalon] fn=81956 d_fb_det=1  hacks=RHEA_DMA
  [sbwin] SB #6874 fn=81284 p51=41 tick=81957 : armee=0 one_shot=0 page_prog=48 rif_avant=0 nwin=0 marge=0 -> DMA NON ARMEE (le RIF jette) : SCH memorise pour la fenetre SB (dans une vraie fenetre SB : 59/6874)
  [jalon] fn=81967 d_fb_det=1  hacks=RHEA_DMA
  [sbwin] SB #6875 fn=81295 p51=1 tick=81968 : armee=0 one_shot=0 page_prog=48 rif_avant=0 nwin=0 marge=0 -> DMA NON ARMEE (le RIF jette) : SCH memorise pour la fenetre SB (dans une vraie fenetre SB : 59/6875)
  [sb] fn=81976 p51=19 | FB a fn=81967 toa=9991 pm=5438 ang=-1 | TOA-ROM=9991 src=fine | a_sch=0100 crc_ko
  [a_sch] fn=81977 page=0 : 0100 0000 0000 0000 -> 8100 0016 f85d 01fb  (d_dsp_page=0003) TOA=0 PM=5521 SNR=12 crc_ko
  [sbwin] SB #6876 fn=81305 p51=11 tick=81978 : armee=1 one_shot=1 page_prog=191 rif_avant=0 nwin=191 marge=21 -> FENETRE SB (one-shot) (dans une vraie fenetre SB : 60/6876)
  [a_sch] fn=81978 page=1 : 0100 0000 0000 0000 -> 8000 07ae 1e1c 018c  (d_dsp_page=0003) TOA=23 PM=5349 SNR=16384 CRC_OK
  [jalon] fn=81978 SB PLAUSIBLE page=1 BSIC=7 a_sch=8000 07ae 1e1c 018c  hacks=RHEA_DMA
  [a_sch] fn=81979 page=0 : 8100 0016 f85d 01fb -> 0100 0000 0000 0000  (d_dsp_page=0003) TOA=0 PM=0 SNR=0 crc_ko
  [a_sch] fn=81985 page=1 : 8000 07ae 1e1c 018c -> 0100 0000 0000 0000  (d_dsp_page=0003) TOA=0 PM=0 SNR=0 crc_ko
  [sbwin] SB #6877 fn=81315 p51=21 tick=81988 : armee=0 one_shot=0 page_prog=64 rif_avant=0 nwin=0 marge=0 -> DMA NON ARMEE (le RIF jette) : SCH memorise pour la fenetre SB (dans une vraie fenetre SB : 60/6877)
  [sbwin] SB #6878 fn=81325 p51=31 tick=81998 : armee=0 one_shot=0 page_prog=64 rif_avant=0 nwin=0 marge=0 -> DMA NON ARMEE (le RIF jette) : SCH memorise pour la fenetre SB (dans une vraie fenetre SB : 60/6878)
  [chrono] fn=81998 sur 1000 trames (ms) : qemu 2.52 | A 0.14 | go 0.29 | B 0.13 | apres DONE 1.53 | trame 4.61 (temps reel 4.62)
  [sbwin] SB #6879 fn=81335 p51=41 tick=82008 : armee=0 one_shot=0 page_prog=64 rif_avant=0 nwin=0 marge=0 -> DMA NON ARMEE (le RIF jette) : SCH memorise pour la fenetre SB (dans une vraie fenetre SB : 60/6879)
  [sbwin] SB #6880 fn=81346 p51=1 tick=82019 : armee=0 one_shot=0 page_prog=64 rif_avant=0 nwin=0 marge=0 -> DMA NON ARMEE (le RIF jette) : SCH memorise pour la fenetre SB (dans une vraie fenetre SB : 60/6880)
  profil PC (27384 tranches, high-water 0xde92) : 77c0:10% 9a80:6% 8240:6% 7800:5% 8380:5% 7840:4% 78c0:4% 83c0:3% 8200:2% 8300:2% a680:2% 8540:2%
  fn=82024   page=0 insn=13779   IDLE   d_fb_det=0     a_sch=0100 0000 0000 0000 sync=0000 153e ffff  | trames=82026 irq=0 iq=0
  [sbwin] SB #6890 fn=81448 p51=1 tick=82121 : armee=0 one_shot=0 page_prog=64 rif_avant=0 nwin=0 marge=0 -> DMA NON ARMEE (le RIF jette) : SCH memorise pour la fenetre SB (dans une vraie fenetre SB : 60/6890)
  [sbwin] SB #6900 fn=81550 p51=1 tick=82223 : armee=0 one_shot=0 page_prog=64 rif_avant=0 nwin=0 marge=0 -> DMA NON ARMEE (le RIF jette) : SCH memorise pour la fenetre SB (dans une vraie fenetre SB : 60/6900)
  profil PC (24574 tranches, high-water 0xde91) : 9a80:11% 8240:11% 8380:10% 83c0:5% 8200:5% 8300:4% 8540:4% 9a40:4% a0c0:3% 81c0:3% 82c0:3% 9a00:2%
  fn=82241   page=0 insn=36252   IDLE   d_fb_det=0     a_sch=0100 0000 0000 0000 sync=0000 153e ffff  | trames=82243 irq=0 iq=0
  [sbwin] SB #6910 fn=81652 p51=1 tick=82325 : armee=0 one_shot=0 page_prog=64 rif_avant=0 nwin=0 marge=0 -> DMA NON ARMEE (le RIF jette) : SCH memorise pour la fenetre SB (dans une vraie fenetre SB : 60/6910)
  [sbwin] SB #6920 fn=81754 p51=1 tick=82427 : armee=0 one_shot=0 page_prog=64 rif_avant=0 nwin=0 marge=0 -> DMA NON ARMEE (le RIF jette) : SCH memorise pour la fenetre SB (dans une vraie fenetre SB : 60/6920)
  profil PC (21073 tranches, high-water 0xde91) : 9a80:11% 8240:11% 8380:10% 83c0:5% 8200:5% 8300:4% 8540:4% 9a40:4% a0c0:3% 81c0:3% 82c0:3% 9a00:2%
  fn=82458   page=0 insn=119     IDLE   d_fb_det=0     a_sch=0100 0000 0000 0000 sync=0000 153e ffff  | trames=82460 irq=0 iq=0
  [sbwin] SB #6930 fn=81856 p51=1 tick=82529 : armee=0 one_shot=0 page_prog=64 rif_avant=0 nwin=0 marge=0 -> DMA NON ARMEE (le RIF jette) : SCH memorise pour la fenetre SB (dans une vraie fenetre SB : 60/6930)
  [sbwin] SB #6940 fn=81958 p51=1 tick=82631 : armee=0 one_shot=0 page_prog=64 rif_avant=0 nwin=0 marge=0 -> DMA NON ARMEE (le RIF jette) : SCH memorise pour la fenetre SB (dans une vraie fenetre SB : 60/6940)
  profil PC (21055 tranches, high-water 0xde91) : 9a80:11% 8240:11% 8380:10% 83c0:5% 8200:5% 8300:4% 8540:4% 9a40:4% a0c0:3% 81c0:3% 82c0:3% 9a00:2%
  fn=82675   page=1 insn=119     IDLE   d_fb_det=0     a_sch=0100 0000 0000 0000 sync=0000 153e ffff  | trames=82677 irq=0 iq=0
  [sbwin] SB #6950 fn=82060 p51=1 tick=82733 : armee=0 one_shot=0 page_prog=64 rif_avant=0 nwin=0 marge=0 -> DMA NON ARMEE (le RIF jette) : SCH memorise pour la fenetre SB (dans une vraie fenetre SB : 60/6950)
  [sbwin] SB #6960 fn=82162 p51=1 tick=82835 : armee=0 one_shot=0 page_prog=64 rif_avant=0 nwin=0 marge=0 -> DMA NON ARMEE (le RIF jette) : SCH memorise pour la fenetre SB (dans une vraie fenetre SB : 60/6960)
  profil PC (22748 tranches, high-water 0xde91) : 9a80:11% 8240:11% 8380:10% 83c0:5% 8200:5% 8300:4% 8540:4% 9a40:4% a0c0:3% 81c0:3% 82c0:3% 9a00:2%
  fn=82892   page=0 insn=13663   IDLE   d_fb_det=0     a_sch=0100 0000 0000 0000 sync=0000 153e ffff  | trames=82894 irq=0 iq=0
  [sbwin] SB #6970 fn=82264 p51=1 tick=82937 : armee=0 one_shot=0 page_prog=64 rif_avant=0 nwin=0 marge=0 -> DMA NON ARMEE (le RIF jette) : SCH memorise pour la fenetre SB (dans une vraie fenetre SB : 60/6970)
  [chrono] fn=82998 sur 1000 trames (ms) : qemu 3.64 | A 0.05 | go 0.27 | B 0.15 | apres DONE 0.51 | trame 4.62 (temps reel 4.62)
  [sbwin] SB #6980 fn=82366 p51=1 tick=83039 : armee=0 one_shot=0 page_prog=64 rif_avant=0 nwin=0 marge=0 -> DMA NON ARMEE (le RIF jette) : SCH memorise pour la fenetre SB (dans une vraie fenetre SB : 60/6980)
  profil PC (24369 tranches, high-water 0xde91) : 9a80:11% 8240:11% 8380:10% 83c0:5% 8200:5% 8300:4% 8540:4% 9a40:4% a0c0:3% 81c0:3% 82c0:3% 9a00:2%
  fn=83109   page=0 insn=1357    IDLE   d_fb_det=0     a_sch=0100 0000 0000 0000 sync=0000 153e ffff  | trames=83111 irq=0 iq=0
  [sbwin] SB #6990 fn=82468 p51=1 tick=83141 : armee=0 one_shot=0 page_prog=64 rif_avant=0 nwin=0 marge=0 -> DMA NON ARMEE (le RIF jette) : SCH memorise pour la fenetre SB (dans une vraie fenetre SB : 60/6990)
  [sbwin] SB #7000 fn=82570 p51=1 tick=83243 : armee=0 one_shot=0 page_prog=64 rif_avant=0 nwin=0 marge=0 -> DMA NON ARMEE (le RIF jette) : SCH memorise pour la fenetre SB (dans une vraie fenetre SB : 60/7000)
  profil PC (21055 tranches, high-water 0xde91) : 9a80:11% 8240:11% 8380:10% 83c0:5% 8200:5% 8300:4% 8540:4% 9a40:4% a0c0:3% 81c0:3% 82c0:3% 9a00:2%
  fn=83326   page=1 insn=119     IDLE   d_fb_det=0     a_sch=0100 0000 0000 0000 sync=0000 153e ffff  | trames=83328 irq=0 iq=0
  hacks actifs : RHEA_DMA ; cadencement : STREAM LOCKSTEP  ; stimulus : none
  [sbwin] SB #7010 fn=82672 p51=1 tick=83345 : armee=0 one_shot=0 page_prog=64 rif_avant=0 nwin=0 marge=0 -> DMA NON ARMEE (le RIF jette) : SCH memorise pour la fenetre SB (dans une vraie fenetre SB : 60/7010)
  [sbwin] SB #7020 fn=82774 p51=1 tick=83447 : armee=0 one_shot=0 page_prog=64 rif_avant=0 nwin=0 marge=0 -> DMA NON ARMEE (le RIF jette) : SCH memorise pour la fenetre SB (dans une vraie fenetre SB : 60/7020)
  profil PC (21052 tranches, high-water 0xde91) : 9a80:11% 8240:11% 8380:10% 83c0:5% 8200:5% 8300:4% 8540:4% 9a40:4% a0c0:3% 81c0:3% 82c0:3% 9a00:2%
  fn=83543   page=0 insn=119     IDLE   d_fb_det=0     a_sch=0100 0000 0000 0000 sync=0000 153e ffff  | trames=83545 irq=0 iq=0
  [sbwin] SB #7030 fn=82876 p51=1 tick=83549 : armee=0 one_shot=0 page_prog=64 rif_avant=0 nwin=0 marge=0 -> DMA NON ARMEE (le RIF jette) : SCH memorise pour la fenetre SB (dans une vraie fenetre SB : 60/7030)
  [sbwin] SB #7040 fn=82978 p51=1 tick=83651 : armee=0 one_shot=0 page_prog=64 rif_avant=0 nwin=0 marge=0 -> DMA NON ARMEE (le RIF jette) : SCH memorise pour la fenetre SB (dans une vraie fenetre SB : 60/7040)
  [sbwin] SB #7050 fn=83080 p51=1 tick=83753 : armee=0 one_shot=0 page_prog=64 rif_avant=0 nwin=0 marge=0 -> DMA NON ARMEE (le RIF jette) : SCH memorise pour la fenetre SB (dans une vraie fenetre SB : 60/7050)
  profil PC (22971 tranches, high-water 0xde91) : 8240:11% 9a80:11% 8380:10% 83c0:5% 8200:5% 8300:4% 8540:4% 9a40:4% a0c0:3% 81c0:3% 82c0:3% 9a00:2%
  fn=83760   page=0 insn=13661   IDLE   d_fb_det=0     a_sch=0100 0000 0000 0000 sync=0000 153e ffff  | trames=83762 irq=0 iq=0
  [sbwin] SB #7060 fn=83182 p51=1 tick=83855 : armee=0 one_shot=0 page_prog=64 rif_avant=0 nwin=0 marge=0 -> DMA NON ARMEE (le RIF jette) : SCH memorise pour la fenetre SB (dans une vraie fenetre SB : 60/7060)
  [jalon] fn=83915 d_fb_det=1  hacks=RHEA_DMA
  [sbwin] SB #7066 fn=83243 p51=11 tick=83916 : armee=0 one_shot=0 page_prog=48 rif_avant=0 nwin=0 marge=0 -> DMA NON ARMEE (le RIF jette) : SCH memorise pour la fenetre SB (dans une vraie fenetre SB : 60/7066)
  [jalon] fn=83925 d_fb_det=1  hacks=RHEA_DMA
  [sbwin] SB #7067 fn=83253 p51=21 tick=83926 : armee=0 one_shot=0 page_prog=48 rif_avant=0 nwin=0 marge=0 -> DMA NON ARMEE (le RIF jette) : SCH memorise pour la fenetre SB (dans une vraie fenetre SB : 60/7067)
  [sb] fn=83934 p51=39 | FB a fn=83925 toa=8743 pm=5424 ang=-1 | TOA-ROM=8743 src=fine | a_sch=0100 crc_ko
  [a_sch] fn=83935 page=0 : 0100 0000 0000 0000 -> 8100 0016 f85d 01fb  (d_dsp_page=0003) TOA=0 PM=5521 SNR=12 crc_ko
  [sbwin] SB #7068 fn=83263 p51=31 tick=83936 : armee=1 one_shot=1 page_prog=191 rif_avant=0 nwin=191 marge=21 -> FENETRE SB (one-shot) (dans une vraie fenetre SB : 61/7068)
  [a_sch] fn=83936 page=1 : 0100 0000 0000 0000 -> 8000 03a6 1f1c 012d  (d_dsp_page=0003) TOA=23 PM=5349 SNR=16384 CRC_OK
  [jalon] fn=83936 SB PLAUSIBLE page=1 BSIC=7 a_sch=8000 03a6 1f1c 012d  hacks=RHEA_DMA
  [a_sch] fn=83937 page=0 : 8100 0016 f85d 01fb -> 0100 0000 0000 0000  (d_dsp_page=0003) TOA=0 PM=0 SNR=0 crc_ko
  [sbwin] SB #7069 fn=83273 p51=41 tick=83946 : armee=0 one_shot=0 page_prog=191 rif_avant=0 nwin=0 marge=0 -> DMA NON ARMEE (le RIF jette) : SCH memorise pour la fenetre SB (dans une vraie fenetre SB : 61/7069)
  [sbwin] SB #7070 fn=83284 p51=1 tick=83957 : armee=0 one_shot=0 page_prog=191 rif_avant=0 nwin=0 marge=0 -> DMA NON ARMEE (le RIF jette) : SCH memorise pour la fenetre SB (dans une vraie fenetre SB : 61/7070)
  [a_sch] fn=83960 page=1 : 8000 03a6 1f1c 012d -> 0100 0000 0000 0000  (d_dsp_page=0003) TOA=0 PM=0 SNR=0 crc_ko
  [sbwin] SB #7071 fn=83294 p51=11 tick=83967 : armee=0 one_shot=0 page_prog=151 rif_avant=0 nwin=0 marge=0 -> DMA NON ARMEE (le RIF jette) : SCH memorise pour la fenetre SB (dans une vraie fenetre SB : 61/7071)
  [sbwin] SB #7072 fn=83304 p51=21 tick=83977 : armee=0 one_shot=0 page_prog=151 rif_avant=0 nwin=0 marge=0 -> DMA NON ARMEE (le RIF jette) : SCH memorise pour la fenetre SB (dans une vraie fenetre SB : 61/7072)
  profil PC (25834 tranches, high-water 0xde92) : 9a80:9% 8240:8% 8380:8% 83c0:4% 77c0:4% 8200:4% 8300:3% 8540:3% 9a40:3% a0c0:3% 81c0:2% 82c0:2%
  fn=83977   page=1 insn=119     IDLE   d_fb_det=0     a_sch=0100 0000 0000 0000 sync=0000 1530 ffff  | trames=83979 irq=0 iq=0
  [montant] RACH ra=0xff bsic=7 fn=83979 -> /dev/shm/calypso_rach
  [montant]   declencheur : d_task_ra=RACH_DSP_TASK (task_ra=0x000a d_rach=0xff1c)
  [chrono] fn=83998 sur 1000 trames (ms) : qemu 3.46 | A 0.06 | go 0.39 | B 0.20 | apres DONE 0.61 | trame 4.71 (temps reel 4.62)
  [montant] canal dedie (side-band seq=15) : arme TS1 SDCCH/8 SS=0
pont : canal dedie arme : TS1 SDCCH/8 SS=0
  [sbwin] SB #7080 fn=83396 p51=11 tick=84069 : armee=0 one_shot=0 page_prog=151 rif_avant=0 nwin=0 marge=0 -> DMA NON ARMEE (le RIF jette) : SCH memorise pour la fenetre SB (dans une vraie fenetre SB : 61/7080)
  [sbwin] SB #7090 fn=83518 p51=31 tick=84191 : armee=0 one_shot=0 page_prog=151 rif_avant=0 nwin=0 marge=0 -> DMA NON ARMEE (le RIF jette) : SCH memorise pour la fenetre SB (dans une vraie fenetre SB : 61/7090)
  profil PC (11663 tranches, high-water 0xde92) : 9a80:10% 8240:8% 8380:7% 8200:4% 8300:4% 8540:4% 83c0:4% a680:3% 9a40:3% a0c0:3% 81c0:3% 82c0:2%
  fn=84194   page=1 insn=119     IDLE   d_fb_det=0     a_sch=0100 0000 0000 0000 sync=0000 1530 ffff  | trames=84196 irq=0 iq=0
  [a5-arm] tick=84216 d_a5mode=1 a_kc=3800 75ac 2209 bf24
  [montant] chiffrement A5/1 : Kc publie vers /dev/shm/calypso_kc_l1 (seq=14)
  [a5] #31000 A5/1 fn=83589 (T1=63 T2=25 T3=0) Kc=bf24220975ac3800 | dernier depot BSP fn=83588 (ecart +1)
  [sbwin] SB #7100 fn=83651 p51=11 tick=84324 : armee=0 one_shot=0 page_prog=151 rif_avant=0 nwin=0 marge=0 -> DMA NON ARMEE (le RIF jette) : SCH memorise pour la fenetre SB (dans une vraie fenetre SB : 61/7100)
  profil PC (9485 tranches, high-water 0xde92) : 9a80:9% 8240:9% 8380:8% a680:4% 83c0:4% 8200:4% 8300:4% 8540:4% 9a40:3% a0c0:3% 81c0:2% 82c0:2%
  fn=84411   page=1 insn=119     IDLE   d_fb_det=0     a_sch=0100 0000 0000 0000 sync=0000 1530 ffff  | trames=84413 irq=0 iq=0
  [sbwin] SB #7110 fn=83773 p51=31 tick=84446 : armee=0 one_shot=0 page_prog=151 rif_avant=0 nwin=0 marge=0 -> DMA NON ARMEE (le RIF jette) : SCH memorise pour la fenetre SB (dans une vraie fenetre SB : 61/7110)
  [montant] TCH (seq=3) : TS2 TSC=7 annonce par le pont, bascule du BSP a la premiere tache TCH du firmware
  [montant] TCH : le firmware poste la tache 13 a fn=84523, BSP bascule sur TS2 (TSC=7)
  [ts0] canal dedie arme : TCH TS2 (toutes les trames)
  [montant] canal dedie (side-band seq=16) : TCH/F TS2 SS=0, firmware sur le TCH (BSP deja sur le TCH, SDCCH memorise)
  [BSP] dedie : DESACCORD fn=83943 p51=48 p102=99 : table=1 tpu=0 (offset=4600 ref=3818, tn_fenetre=1) [11400 fois]
  [a_fd] fn=84617 fn%13=0 etat=8080 BLUD=1 FIRE=0 d_tch_mode=ca00 L2=01 73 01 2b | ok=35 ko=0
  profil PC (57043 tranches, high-water 0xefc6) : e980:8% 8240:7% 9a80:6% 8380:6% ecc0:4% 83c0:3% 8300:3% 8200:3% 8540:3% e940:2% 9a40:2% 81c0:2%
  fn=84628   page=0 insn=14415   IDLE   d_fb_det=0     a_sch=0100 0000 0000 0000 sync=0000 1530 ffff  | trames=84630 irq=0 iq=0
  [a5] #31500 A5/1 fn=83962 (T1=63 T2=8 T3=16) Kc=bf24220975ac3800 | dernier depot BSP fn=83961 (ecart +1)
  [a_fd] fn=84673 fn%13=4 etat=8080 BLUD=1 FIRE=0 d_tch_mode=ca00 L2=01 21 01 2b | ok=36 ko=0
  [a_fd] fn=84677 fn%13=8 etat=8080 BLUD=1 FIRE=0 d_tch_mode=ca00 L2=03 20 09 83 | ok=37 ko=0
  [a_fd] fn=84712 fn%13=4 etat=8080 BLUD=1 FIRE=0 d_tch_mode=ca00 L2=03 30 09 83 | ok=38 ko=0
  [a_fd] fn=84747 fn%13=0 etat=8080 BLUD=1 FIRE=0 d_tch_mode=ca00 L2=03 31 01 2b | ok=39 ko=0
  [a_fd] fn=84764 fn%13=4 etat=8080 BLUD=1 FIRE=0 d_tch_mode=ca00 L2=03 22 09 83 | ok=40 ko=0
  [a_dd] fn=84764 etat=8084 FIRE=0 BFI=1 err=54 (ecart 4 trames) | vues=2300 ko=0 bfi=2300
  [a_fd] fn=84799 fn%13=0 etat=8080 BLUD=1 FIRE=0 d_tch_mode=ca08 L2=03 32 09 83 | ok=41 ko=0
  [a5] #32000 A5/1 fn=84134 (T1=63 T2=24 T3=35) Kc=bf24220975ac3800 | dernier depot BSP fn=84133 (ecart +1)
  [a5-hist] #32000 recales=0 ecart(-1/0/+1/+2/autre) par fn%26 : 0:0/0/78/0/0 1:0/0/78/0/0 2:0/0/78/0/0 3:0/0/75/0/0 4:0/0/78/0/0 5:0/0/78/0/0 6:0/0/78/0/0 7:0/0/78/0/0 8:0/0/75/0/0 9:0/0/75/0/0 10:0/0/75/0/0 11:0/0/78/0/0 12:0/0/81/0/0 13:0/0/81/0/0 14:0/0/81/0/0 15:0/0/81/0/0 16:0/0/78/0/0 17:0/0/80/0/0 18:0/0/78/0/0 19:0/0/78/0/0 20:0/0/81/0/0 21:0/0/84/0/0 22:0/0/87/0/0 23:0/0/87/0/0 24:0/0/87/0/0 25:0/0/12/0/0
  [BSP] dedie : DESACCORD fn=84143 p51=44 p102=95 : table=1 tpu=0 (offset=4600 ref=3818, tn_fenetre=1) [11600 fois]
  [a_fd] fn=84829 fn%13=4 etat=8080 BLUD=1 FIRE=0 d_tch_mode=ca08 L2=03 32 09 83 | ok=42 ko=0
  profil PC (107267 tranches, high-water 0xefce) : e980:9% 8240:6% 9a80:6% 8380:6% ecc0:4% 83c0:3% e940:3% 8300:3% 8200:3% 8540:2% 9a40:2% 81c0:2%
  fn=84845   page=1 insn=14402   IDLE   d_fb_det=0     a_sch=0100 0000 0000 0000 sync=0000 1530 ffff  | trames=84847 irq=0 iq=0
  [a_fd] fn=84851 fn%13=0 etat=8080 BLUD=1 FIRE=0 d_tch_mode=ca08 L2=01 41 01 2b | ok=43 ko=0
  [a5] #32500 A5/1 fn=84308 (T1=63 T2=16 T3=5) Kc=bf24220975ac3800 | dernier depot BSP fn=84307 (ecart +1)
  [chrono] fn=84998 sur 1000 trames (ms) : qemu 3.00 | A 0.14 | go 0.26 | B 0.16 | apres DONE 1.06 | trame 4.62 (temps reel 4.62)
  [BSP] dedie : DESACCORD fn=84343 p51=40 p102=91 : table=1 tpu=0 (offset=4600 ref=3818, tn_fenetre=1) [11800 fois]
  profil PC (108397 tranches, high-water 0xefce) : e980:10% 8240:6% 9a80:6% 8380:6% ecc0:4% 83c0:3% e940:3% 8300:3% 8200:3% 8540:2% 9a40:2% 81c0:2%
  fn=85062   page=0 insn=14399   IDLE   d_fb_det=0     a_sch=0100 0000 0000 0000 sync=0000 1530 ffff  | trames=85064 irq=0 iq=0
  hacks actifs : RHEA_DMA ; cadencement : STREAM LOCKSTEP  ; stimulus : none
  [a5] #33000 A5/1 fn=84482 (T1=63 T2=8 T3=26) Kc=bf24220975ac3800 | dernier depot BSP fn=84481 (ecart +1)
  [a_dd] fn=85202 etat=c204 FIRE=0 BFI=1 err=28 (ecart 5 trames) | vues=2400 ko=0 bfi=2400
  [BSP] dedie : DESACCORD fn=84543 p51=36 p102=87 : table=1 tpu=0 (offset=4600 ref=3818, tn_fenetre=1) [12000 fois]
  profil PC (108084 tranches, high-water 0xefce) : e980:10% 8240:6% 9a80:6% 8380:6% ecc0:4% 83c0:3% e940:3% 8300:3% 8200:3% 8540:2% 9a40:2% 81c0:2%
  fn=85279   page=1 insn=14400   IDLE   d_fb_det=0     a_sch=0100 0000 0000 0000 sync=0000 1530 ffff  | trames=85281 irq=0 iq=0
  [a5] #33500 A5/1 fn=84654 (T1=63 T2=24 T3=45) Kc=bf24220975ac3800 | dernier depot BSP fn=84653 (ecart +1)
  [BSP] dedie : DESACCORD fn=84743 p51=32 p102=83 : table=1 tpu=0 (offset=4600 ref=3818, tn_fenetre=1) [12200 fois]
  [a_cd] fn=85445 p51=20 p102=71 etat=8000 ok L2=08 00 03 03 | ok=119 ko=31
  profil PC (109436 tranches, high-water 0xefcd) : e980:10% 8240:6% 9a80:6% 8380:6% ecc0:4% 83c0:3% e940:3% 8300:3% 8200:3% 8540:2% 9a40:2% 81c0:2%
  fn=85496   page=0 insn=85635   IDLE   d_fb_det=0     a_sch=0100 0000 0000 0000 sync=0000 1530 ffff  | trames=85498 irq=0 iq=0
  [a5] #34000 A5/1 fn=84828 (T1=63 T2=16 T3=15) Kc=bf24220975ac3800 | dernier depot BSP fn=84827 (ecart +1)
  [a5-hist] #34000 recales=0 ecart(-1/0/+1/+2/autre) par fn%26 : 0:0/0/81/0/0 1:0/0/81/0/0 2:0/0/81/0/0 3:0/0/81/0/0 4:0/0/81/0/0 5:0/0/81/0/0 6:0/0/81/0/0 7:0/0/81/0/0 8:0/0/81/0/0 9:0/0/81/0/0 10:0/0/81/0/0 11:0/0/81/0/0 12:0/0/81/0/0 13:0/0/81/0/0 14:0/0/81/0/0 15:0/0/81/0/0 16:0/0/80/0/0 17:0/0/78/0/0 18:0/0/78/0/0 19:0/0/78/0/0 20:0/0/78/0/0 21:0/0/78/0/0 22:0/0/78/0/0 23:0/0/78/0/0 24:0/0/78/0/0
  [BSP] dedie : DESACCORD fn=84943 p51=28 p102=79 : table=1 tpu=0 (offset=4600 ref=3818, tn_fenetre=1) [12400 fois]
  [a_dd] fn=85635 etat=c204 FIRE=0 BFI=1 err=18 (ecart 4 trames) | vues=2500 ko=0 bfi=2500
  [a5] #34500 A5/1 fn=85002 (T1=64 T2=8 T3=36) Kc=bf24220975ac3800 | dernier depot BSP fn=85001 (ecart +1)
  profil PC (108303 tranches, high-water 0xefce) : e980:10% 8240:6% 9a80:6% 8380:6% ecc0:4% 83c0:3% e940:3% 8300:3% 8200:3% 8540:2% 9a40:2% 81c0:2%
  fn=85713   page=1 insn=85644   IDLE   d_fb_det=0     a_sch=0100 0000 0000 0000 sync=0000 1530 ffff  | trames=85715 irq=0 iq=0
  [BSP] dedie : DESACCORD fn=85143 p51=24 p102=75 : table=1 tpu=0 (offset=4600 ref=3818, tn_fenetre=1) [12600 fois]
  [a5] #35000 A5/1 fn=85174 (T1=64 T2=24 T3=4) Kc=bf24220975ac3800 | dernier depot BSP fn=85173 (ecart +1)
  [ts0] tick=85930 fn=85257 p51=36 NB fenetre=151 marge=3 rif_avant=0  <- canal dedie
  profil PC (108094 tranches, high-water 0xefce) : e980:10% 8240:6% 9a80:6% 8380:6% ecc0:4% 83c0:3% e940:3% 8300:3% 8200:3% 8540:2% 9a40:2% 81c0:2%
  fn=85930   page=0 insn=85610   IDLE   d_fb_det=0     a_sch=0100 0000 0000 0000 sync=0000 1530 ffff  | trames=85932 irq=0 iq=0
  [chrono] fn=85998 sur 1000 trames (ms) : qemu 2.04 | A 0.20 | go 0.30 | B 0.09 | apres DONE 1.99 | trame 4.62 (temps reel 4.62)
  [BSP] dedie : DESACCORD fn=85343 p51=20 p102=71 : table=1 tpu=0 (offset=4600 ref=3818, tn_fenetre=1) [12800 fois]
  [a5] #35500 A5/1 fn=85348 (T1=64 T2=16 T3=25) Kc=bf24220975ac3800 | dernier depot BSP fn=85347 (ecart +1)
  [a_dd] fn=86068 etat=c204 FIRE=0 BFI=1 err=30 (ecart 4 trames) | vues=2600 ko=0 bfi=2600
  profil PC (108294 tranches, high-water 0xefce) : e980:10% 8240:6% 9a80:6% 8380:6% ecc0:4% 83c0:3% e940:3% 8300:3% 8200:3% 8540:2% 9a40:2% 81c0:2%
  fn=86147   page=1 insn=14339   IDLE   d_fb_det=0     a_sch=0100 0000 0000 0000 sync=0000 1530 ffff  | trames=86149 irq=0 iq=0
  [a5] #36000 A5/1 fn=85522 (T1=64 T2=8 T3=46) Kc=bf24220975ac3800 | dernier depot BSP fn=85521 (ecart +1)
  [a5-hist] #36000 recales=0 ecart(-1/0/+1/+2/autre) par fn%26 : 0:0/0/81/0/0 1:0/0/81/0/0 2:0/0/81/0/0 3:0/0/81/0/0 4:0/0/81/0/0 5:0/0/81/0/0 6:0/0/81/0/0 7:0/0/81/0/0 8:0/0/79/0/0 9:0/0/78/0/0 10:0/0/78/0/0 11:0/0/78/0/0 12:0/0/78/0/0 13:0/0/78/0/0 14:0/0/78/0/0 15:0/0/78/0/0 16:0/0/79/0/0 17:0/0/81/0/0 18:0/0/81/0/0 19:0/0/81/0/0 20:0/0/81/0/0 21:0/0/81/0/0 22:0/0/81/0/0 23:0/0/81/0/0 24:0/0/81/0/0
  [BSP] dedie : DESACCORD fn=85543 p51=16 p102=67 : table=1 tpu=0 (offset=4600 ref=3818, tn_fenetre=1) [13000 fois]
  profil PC (108297 tranches, high-water 0xefce) : e980:10% 8240:6% 9a80:6% 8380:6% ecc0:4% 83c0:3% e940:3% 8300:3% 8200:3% 8540:2% 9a40:2% 81c0:2%
  fn=86364   page=0 insn=14400   IDLE   d_fb_det=0     a_sch=0100 0000 0000 0000 sync=0000 1530 ffff  | trames=86366 irq=0 iq=0
  [a5] #36500 A5/1 fn=85694 (T1=64 T2=24 T3=14) Kc=bf24220975ac3800 | dernier depot BSP fn=85693 (ecart +1)
  [BSP] dedie : DESACCORD fn=85743 p51=12 p102=63 : table=1 tpu=0 (offset=4600 ref=3818, tn_fenetre=1) [13200 fois]
  [a_dd] fn=86502 etat=c204 FIRE=0 BFI=1 err=43 (ecart 5 trames) | vues=2700 ko=0 bfi=2700
  [a5] #37000 A5/1 fn=85868 (T1=64 T2=16 T3=35) Kc=bf24220975ac3800 | dernier depot BSP fn=85867 (ecart +1)
  profil PC (108084 tranches, high-water 0xefce) : e980:10% 8240:6% 9a80:6% 8380:6% ecc0:4% 83c0:3% e940:3% 8300:3% 8200:3% 8540:2% 9a40:2% 81c0:2%
  fn=86581   page=1 insn=14400   IDLE   d_fb_det=0     a_sch=0100 0000 0000 0000 sync=0000 1530 ffff  | trames=86583 irq=0 iq=0
  [BSP] dedie : DESACCORD fn=85943 p51=8 p102=59 : table=1 tpu=0 (offset=4600 ref=3818, tn_fenetre=1) [13400 fois]
  [a5] #37500 A5/1 fn=86042 (T1=64 T2=8 T3=5) Kc=bf24220975ac3800 | dernier depot BSP fn=86041 (ecart +1)
  profil PC (108659 tranches, high-water 0xefce) : e980:10% 8240:6% 9a80:6% 8380:6% ecc0:4% 83c0:3% e940:3% 8300:3% 8200:3% 8540:2% 9a40:2% 81c0:2%
  fn=86798   page=0 insn=14400   IDLE   d_fb_det=0     a_sch=0100 0000 0000 0000 sync=0000 1530 ffff  | trames=86800 irq=0 iq=0
  hacks actifs : RHEA_DMA ; cadencement : STREAM LOCKSTEP  ; stimulus : none
  [BSP] dedie : DESACCORD fn=86143 p51=4 p102=55 : table=1 tpu=0 (offset=4600 ref=3818, tn_fenetre=1) [13600 fois]
  [a5] #38000 A5/1 fn=86214 (T1=65 T2=24 T3=24) Kc=bf24220975ac3800 | dernier depot BSP fn=86213 (ecart +1)
  [a5-hist] #38000 recales=0 ecart(-1/0/+1/+2/autre) par fn%26 : 0:0/0/78/0/0 1:0/0/78/0/0 2:0/0/78/0/0 3:0/0/78/0/0 4:0/0/78/0/0 5:0/0/78/0/0 6:0/0/78/0/0 7:0/0/78/0/0 8:0/0/80/0/0 9:0/0/81/0/0 10:0/0/81/0/0 11:0/0/81/0/0 12:0/0/81/0/0 13:0/0/81/0/0 14:0/0/81/0/0 15:0/0/81/0/0 16:0/0/81/0/0 17:0/0/81/0/0 18:0/0/81/0/0 19:0/0/81/0/0 20:0/0/81/0/0 21:0/0/81/0/0 22:0/0/81/0/0 23:0/0/81/0/0 24:0/0/81/0/0
  [a_dd] fn=86935 etat=c204 FIRE=0 BFI=1 err=31 (ecart 4 trames) | vues=2800 ko=0 bfi=2800
  [chrono] fn=86998 sur 1000 trames (ms) : qemu 2.07 | A 0.20 | go 0.30 | B 0.09 | apres DONE 1.95 | trame 4.61 (temps reel 4.62)
  profil PC (108308 tranches, high-water 0xefcd) : e980:10% 8240:6% 9a80:6% 8380:6% ecc0:4% 83c0:3% e940:3% 8300:3% 8200:3% 8540:2% 9a40:2% 81c0:2%
  fn=87015   page=1 insn=14415   IDLE   d_fb_det=0     a_sch=0100 0000 0000 0000 sync=0000 1530 ffff  | trames=87017 irq=0 iq=0
  [BSP] dedie : DESACCORD fn=86343 p51=0 p102=51 : table=1 tpu=0 (offset=4600 ref=3818, tn_fenetre=1) [13800 fois]
  [a5] #38500 A5/1 fn=86388 (T1=65 T2=16 T3=45) Kc=bf24220975ac3800 | dernier depot BSP fn=86387 (ecart +1)
  [BSP] dedie : DESACCORD fn=86543 p51=47 p102=47 : table=1 tpu=0 (offset=4600 ref=3818, tn_fenetre=1) [14000 fois]
  profil PC (108085 tranches, high-water 0xefce) : e980:10% 8240:6% 9a80:6% 8380:6% ecc0:4% 83c0:3% e940:3% 8300:3% 8200:3% 8540:2% 9a40:2% 81c0:2%
  fn=87232   page=0 insn=14419   IDLE   d_fb_det=0     a_sch=0100 0000 0000 0000 sync=0000 1530 ffff  | trames=87234 irq=0 iq=0
  [a5] #39000 A5/1 fn=86562 (T1=65 T2=8 T3=15) Kc=bf24220975ac3800 | dernier depot BSP fn=86561 (ecart +1)
  [a_dd] fn=87368 etat=c204 FIRE=0 BFI=1 err=26 (ecart 4 trames) | vues=2900 ko=0 bfi=2900
  [a5] #39500 A5/1 fn=86734 (T1=65 T2=24 T3=34) Kc=bf24220975ac3800 | dernier depot BSP fn=86733 (ecart +1)
  [BSP] dedie : DESACCORD fn=86743 p51=43 p102=43 : table=1 tpu=0 (offset=4600 ref=3818, tn_fenetre=1) [14200 fois]
  profil PC (108399 tranches, high-water 0xefce) : e980:10% 8240:6% 9a80:6% 8380:6% ecc0:4% 83c0:3% e940:3% 8300:3% 8200:3% 8540:2% 9a40:2% 81c0:2%
  fn=87449   page=1 insn=14414   IDLE   d_fb_det=0     a_sch=0100 0000 0000 0000 sync=0000 1530 ffff  | trames=87451 irq=0 iq=0
  [a5] #40000 A5/1 fn=86908 (T1=65 T2=16 T3=4) Kc=bf24220975ac3800 | dernier depot BSP fn=86907 (ecart +1)
  [a5-hist] #40000 recales=0 ecart(-1/0/+1/+2/autre) par fn%26 : 0:0/0/81/0/0 1:0/0/81/0/0 2:0/0/81/0/0 3:0/0/81/0/0 4:0/0/81/0/0 5:0/0/81/0/0 6:0/0/81/0/0 7:0/0/81/0/0 8:0/0/81/0/0 9:0/0/81/0/0 10:0/0/81/0/0 11:0/0/81/0/0 12:0/0/81/0/0 13:0/0/81/0/0 14:0/0/81/0/0 15:0/0/81/0/0 16:0/0/80/0/0 17:0/0/78/0/0 18:0/0/78/0/0 19:0/0/78/0/0 20:0/0/78/0/0 21:0/0/78/0/0 22:0/0/78/0/0 23:0/0/78/0/0 24:0/0/78/0/0
  [BSP] dedie : DESACCORD fn=86943 p51=39 p102=39 : table=1 tpu=0 (offset=4600 ref=3818, tn_fenetre=1) [14400 fois]
  profil PC (108301 tranches, high-water 0xefce) : e980:10% 8240:6% 9a80:6% 8380:6% ecc0:4% 83c0:3% e940:3% 8300:3% 8200:3% 8540:2% 9a40:2% 81c0:2%
  fn=87666   page=0 insn=14404   IDLE   d_fb_det=0     a_sch=0100 0000 0000 0000 sync=0000 1530 ffff  | trames=87668 irq=0 iq=0
  [a5] #40500 A5/1 fn=87082 (T1=65 T2=8 T3=25) Kc=bf24220975ac3800 | dernier depot BSP fn=87081 (ecart +1)
  [a_dd] fn=87802 etat=c204 FIRE=0 BFI=1 err=28 (ecart 5 trames) | vues=3000 ko=0 bfi=3000
  [BSP] dedie : DESACCORD fn=87143 p51=35 p102=35 : table=1 tpu=0 (offset=4600 ref=3818, tn_fenetre=1) [14600 fois]
  profil PC (108078 tranches, high-water 0xefce) : e980:10% 8240:6% 9a80:6% 8380:6% ecc0:4% 83c0:3% e940:3% 8300:3% 8200:3% 8540:2% 9a40:2% 81c0:2%
  fn=87883   page=1 insn=14399   IDLE   d_fb_det=0     a_sch=0100 0000 0000 0000 sync=0000 1530 ffff  | trames=87885 irq=0 iq=0
  [a5] #41000 A5/1 fn=87254 (T1=65 T2=24 T3=44) Kc=bf24220975ac3800 | dernier depot BSP fn=87253 (ecart +1)
  [chrono] fn=87998 sur 1000 trames (ms) : qemu 2.02 | A 0.20 | go 0.31 | B 0.09 | apres DONE 1.99 | trame 4.62 (temps reel 4.62)
  [BSP] dedie : DESACCORD fn=87343 p51=31 p102=31 : table=1 tpu=0 (offset=4600 ref=3818, tn_fenetre=1) [14800 fois]
  profil PC (108302 tranches, high-water 0xefcd) : e980:10% 8240:6% 9a80:6% 8380:6% ecc0:4% 83c0:3% e940:3% 8300:3% 8200:3% 8540:2% 9a40:2% 81c0:2%
  fn=88100   page=0 insn=14395   IDLE   d_fb_det=0     a_sch=0100 0000 0000 0000 sync=0000 1530 ffff  | trames=88102 irq=0 iq=0
  [a5] #41500 A5/1 fn=87428 (T1=65 T2=16 T3=14) Kc=bf24220975ac3800 | dernier depot BSP fn=87427 (ecart +1)
  [BSP] dedie : DESACCORD fn=87543 p51=27 p102=27 : table=1 tpu=0 (offset=4600 ref=3818, tn_fenetre=1) [15000 fois]
  [a_dd] fn=88235 etat=c204 FIRE=0 BFI=1 err=24 (ecart 4 trames) | vues=3100 ko=0 bfi=3100
  [a5] #42000 A5/1 fn=87602 (T1=66 T2=8 T3=35) Kc=bf24220975ac3800 | dernier depot BSP fn=87601 (ecart +1)
  [a5-hist] #42000 recales=0 ecart(-1/0/+1/+2/autre) par fn%26 : 0:0/0/81/0/0 1:0/0/81/0/0 2:0/0/81/0/0 3:0/0/81/0/0 4:0/0/81/0/0 5:0/0/81/0/0 6:0/0/81/0/0 7:0/0/81/0/0 8:0/0/79/0/0 9:0/0/78/0/0 10:0/0/78/0/0 11:0/0/78/0/0 12:0/0/78/0/0 13:0/0/78/0/0 14:0/0/78/0/0 15:0/0/78/0/0 16:0/0/79/0/0 17:0/0/81/0/0 18:0/0/81/0/0 19:0/0/81/0/0 20:0/0/81/0/0 21:0/0/81/0/0 22:0/0/81/0/0 23:0/0/81/0/0 24:0/0/81/0/0
  profil PC (109443 tranches, high-water 0xefcd) : e980:10% 8240:6% 9a80:6% 8380:6% ecc0:4% 83c0:3% e940:3% 8300:3% 8200:3% 8540:2% 9a40:2% 81c0:2%
  fn=88317   page=1 insn=85638   IDLE   d_fb_det=0     a_sch=0100 0000 0000 0000 sync=0000 1530 ffff  | trames=88319 irq=0 iq=0
  [BSP] dedie : DESACCORD fn=87743 p51=23 p102=23 : table=1 tpu=0 (offset=4600 ref=3818, tn_fenetre=1) [15200 fois]
  [a5] #42500 A5/1 fn=87774 (T1=66 T2=24 T3=3) Kc=bf24220975ac3800 | dernier depot BSP fn=87773 (ecart +1)
  profil PC (108085 tranches, high-water 0xefce) : e980:10% 8240:6% 9a80:6% 8380:6% ecc0:4% 83c0:3% e940:3% 8300:3% 8200:3% 8540:2% 9a40:2% 81c0:2%
  fn=88534   page=0 insn=85649   IDLE   d_fb_det=0     a_sch=0100 0000 0000 0000 sync=0000 1530 ffff  | trames=88536 irq=0 iq=0
  hacks actifs : RHEA_DMA ; cadencement : STREAM LOCKSTEP  ; stimulus : none
  [BSP] dedie : DESACCORD fn=87943 p51=19 p102=19 : table=1 tpu=0 (offset=4600 ref=3818, tn_fenetre=1) [15400 fois]
  [a5] #43000 A5/1 fn=87948 (T1=66 T2=16 T3=24) Kc=bf24220975ac3800 | dernier depot BSP fn=87947 (ecart +1)
  [a_dd] fn=88668 etat=c204 FIRE=0 BFI=1 err=29 (ecart 4 trames) | vues=3200 ko=0 bfi=3200
  profil PC (108296 tranches, high-water 0xefce) : e980:10% 8240:6% 9a80:6% 8380:6% ecc0:4% 83c0:3% e940:3% 8300:3% 8200:3% 8540:2% 9a40:2% 81c0:2%
  fn=88751   page=1 insn=85675   IDLE   d_fb_det=0     a_sch=0100 0000 0000 0000 sync=0000 1530 ffff  | trames=88753 irq=0 iq=0
  [a5] #43500 A5/1 fn=88122 (T1=66 T2=8 T3=45) Kc=bf24220975ac3800 | dernier depot BSP fn=88121 (ecart +1)
  [BSP] dedie : DESACCORD fn=88143 p51=15 p102=15 : table=1 tpu=0 (offset=4600 ref=3818, tn_fenetre=1) [15600 fois]
  [a5] #44000 A5/1 fn=88294 (T1=66 T2=24 T3=13) Kc=bf24220975ac3800 | dernier depot BSP fn=88293 (ecart +1)
  [a5-hist] #44000 recales=0 ecart(-1/0/+1/+2/autre) par fn%26 : 0:0/0/78/0/0 1:0/0/78/0/0 2:0/0/78/0/0 3:0/0/78/0/0 4:0/0/78/0/0 5:0/0/78/0/0 6:0/0/78/0/0 7:0/0/78/0/0 8:0/0/80/0/0 9:0/0/81/0/0 10:0/0/81/0/0 11:0/0/81/0/0 12:0/0/81/0/0 13:0/0/81/0/0 14:0/0/81/0/0 15:0/0/81/0/0 16:0/0/81/0/0 17:0/0/81/0/0 18:0/0/81/0/0 19:0/0/81/0/0 20:0/0/81/0/0 21:0/0/81/0/0 22:0/0/81/0/0 23:0/0/81/0/0 24:0/0/81/0/0
  profil PC (108096 tranches, high-water 0xefc8) : e980:10% 8240:6% 9a80:6% 8380:6% ecc0:4% 83c0:3% e940:3% 8300:3% 8200:3% 8540:2% 9a40:2% 81c0:2%
  fn=88968   page=0 insn=1357    IDLE   d_fb_det=0     a_sch=0100 0000 0000 0000 sync=0000 1530 ffff  | trames=88970 irq=0 iq=0
  [chrono] fn=88998 sur 1000 trames (ms) : qemu 2.12 | A 0.19 | go 0.31 | B 0.09 | apres DONE 1.91 | trame 4.61 (temps reel 4.62)
  [BSP] dedie : DESACCORD fn=88343 p51=11 p102=11 : table=1 tpu=0 (offset=4600 ref=3818, tn_fenetre=1) [15800 fois]
  [a_dd] fn=89102 etat=c204 FIRE=0 BFI=1 err=26 (ecart 5 trames) | vues=3300 ko=0 bfi=3300
  [a5] #44500 A5/1 fn=88468 (T1=66 T2=16 T3=34) Kc=bf24220975ac3800 | dernier depot BSP fn=88467 (ecart +1)
  profil PC (108296 tranches, high-water 0xefce) : e980:10% 8240:6% 9a80:6% 8380:6% ecc0:4% 83c0:3% e940:3% 8300:3% 8200:3% 8540:2% 9a40:2% 81c0:2%
  fn=89185   page=1 insn=14405   IDLE   d_fb_det=0     a_sch=0100 0000 0000 0000 sync=0000 1530 ffff  | trames=89187 irq=0 iq=0
  [BSP] dedie : DESACCORD fn=88543 p51=7 p102=7 : table=1 tpu=0 (offset=4600 ref=3818, tn_fenetre=1) [16000 fois]
  [a5] #45000 A5/1 fn=88642 (T1=66 T2=8 T3=4) Kc=bf24220975ac3800 | dernier depot BSP fn=88641 (ecart +1)
  profil PC (108652 tranches, high-water 0xefce) : e980:10% 8240:6% 9a80:6% 8380:6% ecc0:4% 83c0:3% e940:3% 8300:3% 8200:3% 8540:2% 9a40:2% 81c0:2%
  fn=89402   page=0 insn=14402   IDLE   d_fb_det=0     a_sch=0100 0000 0000 0000 sync=0000 1530 ffff  | trames=89404 irq=0 iq=0
  [BSP] dedie : DESACCORD fn=88743 p51=3 p102=3 : table=1 tpu=0 (offset=4600 ref=3818, tn_fenetre=1) [16200 fois]
  [a5] #45500 A5/1 fn=88814 (T1=66 T2=24 T3=23) Kc=bf24220975ac3800 | dernier depot BSP fn=88813 (ecart +1)
  [a_dd] fn=89535 etat=c204 FIRE=0 BFI=1 err=19 (ecart 4 trames) | vues=3400 ko=0 bfi=3400
  [a_fd] fn=89574 fn%13=4 etat=8080 BLUD=1 FIRE=0 d_tch_mode=ca08 L2=01 61 01 2b | ok=44 ko=0
  [a_fd] fn=89578 fn%13=8 etat=8080 BLUD=1 FIRE=0 d_tch_mode=ca00 L2=03 64 19 83 | ok=45 ko=0
  [a_fd] fn=89609 fn%13=0 etat=8080 BLUD=1 FIRE=0 d_tch_mode=ca00 L2=03 74 19 83 | ok=46 ko=0
  [BSP] dedie : DESACCORD fn=88943 p51=50 p102=101 : table=1 tpu=0 (offset=4600 ref=3818, tn_fenetre=1) [16400 fois]
  profil PC (108065 tranches, high-water 0xefce) : e980:10% 8240:6% 9a80:6% 8380:6% ecc0:4% 83c0:3% e940:3% 8300:3% 8200:3% 8540:2% 9a40:2% 81c0:2%
  fn=89619   page=1 insn=14406   IDLE   d_fb_det=0     a_sch=0100 0000 0000 0000 sync=0000 1530 ffff  | trames=89621 irq=0 iq=0
  [a_fd] fn=89626 fn%13=4 etat=8080 BLUD=1 FIRE=0 d_tch_mode=ca00 L2=01 81 01 2b | ok=47 ko=0
  [a_fd] fn=89639 fn%13=4 etat=8080 BLUD=1 FIRE=0 d_tch_mode=ca00 L2=03 91 01 2b | ok=48 ko=0
  [a_fd] fn=89652 fn%13=4 etat=8080 BLUD=1 FIRE=0 d_tch_mode=ca00 L2=03 86 0d 06 | ok=49 ko=0
  [a5] #46000 A5/1 fn=88988 (T1=67 T2=16 T3=44) Kc=bf24220975ac3800 | dernier depot BSP fn=88987 (ecart +1)
  [a5-hist] #46000 recales=0 ecart(-1/0/+1/+2/autre) par fn%26 : 0:0/0/81/0/0 1:0/0/81/0/0 2:0/0/81/0/0 3:0/0/81/0/0 4:0/0/81/0/0 5:0/0/81/0/0 6:0/0/81/0/0 7:0/0/81/0/0 8:0/0/81/0/0 9:0/0/81/0/0 10:0/0/81/0/0 11:0/0/81/0/0 12:0/0/81/0/0 13:0/0/81/0/0 14:0/0/81/0/0 15:0/0/81/0/0 16:0/0/80/0/0 17:0/0/78/0/0 18:0/0/78/0/0 19:0/0/78/0/0 20:0/0/78/0/0 21:0/0/78/0/0 22:0/0/78/0/0 23:0/0/78/0/0 24:0/0/78/0/0
  [a_fd] fn=89687 fn%13=0 etat=8080 BLUD=1 FIRE=0 d_tch_mode=ca00 L2=03 96 0d 06 | ok=50 ko=0
  [a_fd] fn=89700 fn%13=0 etat=8080 BLUD=1 FIRE=0 d_tch_mode=ca00 L2=01 73 01 2b | ok=51 ko=0
  [a5-arm] tick=89701 d_a5mode=0 a_kc=3800 75ac 2209 bf24  (BSP sur le TCH)
  [montant] retour en clair (seq=15)
  [montant] tache FB postee : le mobile cherche la synchro, canal dedie libere (TS0 rendu au FCCH/SCH)
  [jalon] fn=89708 d_fb_det=1  hacks=RHEA_DMA
  [sbwin] SB #7116 fn=89036 p51=41 tick=89709 : armee=0 one_shot=0 page_prog=48 rif_avant=0 nwin=0 marge=0 -> DMA NON ARMEE (le RIF jette) : SCH memorise pour la fenetre SB (dans une vraie fenetre SB : 61/7116)
  [jalon] fn=89719 d_fb_det=1  hacks=RHEA_DMA
  [sbwin] SB #7117 fn=89047 p51=1 tick=89720 : armee=0 one_shot=0 page_prog=48 rif_avant=0 nwin=0 marge=0 -> DMA NON ARMEE (le RIF jette) : SCH memorise pour la fenetre SB (dans une vraie fenetre SB : 61/7117)
  [sb] fn=89728 p51=19 | FB a fn=89719 toa=9991 pm=5431 ang=-1 | TOA-ROM=9991 src=fine | a_sch=0100 crc_ko
  [a_sch] fn=89729 page=0 : 0100 0000 0000 0000 -> 8100 0016 f85d 01fb  (d_dsp_page=0003) TOA=0 PM=5521 SNR=12 crc_ko
  [sbwin] SB #7118 fn=89057 p51=11 tick=89730 : armee=1 one_shot=1 page_prog=191 rif_avant=0 nwin=191 marge=21 -> FENETRE SB (one-shot) (dans une vraie fenetre SB : 62/7118)
  [a_sch] fn=89730 page=1 : 0100 0000 0000 0000 -> 8000 04a1 211c 019c  (d_dsp_page=0003) TOA=23 PM=5339 SNR=1947 CRC_OK
  [jalon] fn=89730 SB PLAUSIBLE page=1 BSIC=7 a_sch=8000 04a1 211c 019c  hacks=RHEA_DMA
  [a_sch] fn=89731 page=0 : 8100 0016 f85d 01fb -> 0100 0000 0000 0000  (d_dsp_page=0003) TOA=0 PM=0 SNR=0 crc_ko
  [sbwin] SB #7119 fn=89067 p51=21 tick=89740 : armee=0 one_shot=0 page_prog=191 rif_avant=0 nwin=0 marge=0 -> DMA NON ARMEE (le RIF jette) : SCH memorise pour la fenetre SB (dans une vraie fenetre SB : 62/7119)
  [sbwin] SB #7120 fn=89077 p51=31 tick=89750 : armee=0 one_shot=0 page_prog=191 rif_avant=0 nwin=0 marge=0 -> DMA NON ARMEE (le RIF jette) : SCH memorise pour la fenetre SB (dans une vraie fenetre SB : 62/7120)
  [sbwin] SB #7121 fn=89087 p51=41 tick=89760 : armee=0 one_shot=0 page_prog=191 rif_avant=0 nwin=0 marge=0 -> DMA NON ARMEE (le RIF jette) : SCH memorise pour la fenetre SB (dans une vraie fenetre SB : 62/7121)
  [sbwin] SB #7122 fn=89098 p51=1 tick=89771 : armee=0 one_shot=0 page_prog=191 rif_avant=0 nwin=0 marge=0 -> DMA NON ARMEE (le RIF jette) : SCH memorise pour la fenetre SB (dans une vraie fenetre SB : 62/7122)
  [a_sch] fn=89774 page=1 : 8000 04a1 211c 019c -> 0100 0000 0000 0000  (d_dsp_page=0003) TOA=0 PM=0 SNR=0 crc_ko
  [montant] canal dedie (side-band seq=17) : libere TS0 SDCCH/4 SS=0
pont : canal dedie libere : TS0 SDCCH/8 SS=0
  [montant] TCH (seq=0) : annonce TS2 retiree (le firmware n'y etait pas)
  profil PC (49425 tranches, high-water 0xefce) : e980:8% 9a80:6% 8240:6% 8380:5% ecc0:4% 83c0:3% 8300:2% 8200:2% e940:2% 8540:2% 9a40:2% 77c0:2%
  fn=89836   page=1 insn=119     IDLE   d_fb_det=0     a_sch=0100 0000 0000 0000 sync=0000 1537 ffff  | trames=89838 irq=0 iq=0
  [sbwin] SB #7130 fn=89179 p51=31 tick=89852 : armee=0 one_shot=0 page_prog=151 rif_avant=0 nwin=0 marge=0 -> DMA NON ARMEE (le RIF jette) : SCH memorise pour la fenetre SB (dans une vraie fenetre SB : 62/7130)
  [sbwin] SB #7140 fn=89281 p51=31 tick=89954 : armee=0 one_shot=0 page_prog=151 rif_avant=0 nwin=0 marge=0 -> DMA NON ARMEE (le RIF jette) : SCH memorise pour la fenetre SB (dans une vraie fenetre SB : 62/7140)
  [chrono] fn=89998 sur 1000 trames (ms) : qemu 2.73 | A 0.14 | go 0.28 | B 0.12 | apres DONE 1.33 | trame 4.61 (temps reel 4.62)
  [jalon] fn=90035 d_fb_det=1  hacks=RHEA_DMA
  [sbwin] SB #7148 fn=89363 p51=11 tick=90036 : armee=0 one_shot=0 page_prog=48 rif_avant=0 nwin=0 marge=0 -> DMA NON ARMEE (le RIF jette) : SCH memorise pour la fenetre SB (dans une vraie fenetre SB : 62/7148)
  [jalon] fn=90045 d_fb_det=1  hacks=RHEA_DMA
  [sbwin] SB #7149 fn=89373 p51=21 tick=90046 : armee=0 one_shot=0 page_prog=48 rif_avant=0 nwin=0 marge=0 -> DMA NON ARMEE (le RIF jette) : SCH memorise pour la fenetre SB (dans une vraie fenetre SB : 62/7149)
  profil PC (16786 tranches, high-water 0xde91) : 9a80:8% 8240:8% 8380:7% 77c0:6% 83c0:3% 7800:3% 8200:3% 7840:3% 8300:3% 8540:3% a680:3% 78c0:3%
  fn=90053   page=0 insn=119     IDLE   d_fb_det=0     a_sch=0100 0000 0000 0000 sync=0000 1537 ffff  | trames=90055 irq=0 iq=0
  [sb] fn=90054 p51=39 | FB a fn=90045 toa=8743 pm=5431 ang=-1 | TOA-ROM=8743 src=fine | a_sch=0100 crc_ko
  [a_sch] fn=90055 page=0 : 0100 0000 0000 0000 -> 8100 0016 f85d 01fb  (d_dsp_page=0003) TOA=0 PM=5521 SNR=12 crc_ko
  [sbwin] SB #7150 fn=89383 p51=31 tick=90056 : armee=1 one_shot=1 page_prog=191 rif_avant=0 nwin=191 marge=21 -> FENETRE SB (one-shot) (dans une vraie fenetre SB : 63/7150)
  [a_sch] fn=90056 page=1 : 0100 0000 0000 0000 -> 8000 9116 211c 01d5  (d_dsp_page=0003) TOA=23 PM=5367 SNR=16384 CRC_OK
  [jalon] fn=90056 SB PLAUSIBLE page=1 BSIC=7 a_sch=8000 9116 211c 01d5  hacks=RHEA_DMA
  [a_sch] fn=90057 page=0 : 8100 0016 f85d 01fb -> 0100 0000 0000 0000  (d_dsp_page=0003) TOA=0 PM=0 SNR=0 crc_ko
  [sbwin] SB #7151 fn=89393 p51=41 tick=90066 : armee=0 one_shot=0 page_prog=64 rif_avant=0 nwin=0 marge=0 -> DMA NON ARMEE (le RIF jette) : SCH memorise pour la fenetre SB (dans une vraie fenetre SB : 63/7151)
  [sbwin] SB #7152 fn=89404 p51=1 tick=90077 : armee=0 one_shot=0 page_prog=64 rif_avant=0 nwin=0 marge=0 -> DMA NON ARMEE (le RIF jette) : SCH memorise pour la fenetre SB (dans une vraie fenetre SB : 63/7152)
  [a_sch] fn=90077 page=1 : 8000 9116 211c 01d5 -> 0100 0000 0000 0000  (d_dsp_page=0002) TOA=0 PM=0 SNR=0 crc_ko
  [sbwin] SB #7153 fn=89414 p51=11 tick=90087 : armee=0 one_shot=0 page_prog=64 rif_avant=0 nwin=0 marge=0 -> DMA NON ARMEE (le RIF jette) : SCH memorise pour la fenetre SB (dans une vraie fenetre SB : 63/7153)
  [sbwin] SB #7154 fn=89424 p51=21 tick=90097 : armee=0 one_shot=0 page_prog=64 rif_avant=0 nwin=0 marge=0 -> DMA NON ARMEE (le RIF jette) : SCH memorise pour la fenetre SB (dans une vraie fenetre SB : 63/7154)
  [sbwin] SB #7160 fn=89485 p51=31 tick=90158 : armee=0 one_shot=0 page_prog=64 rif_avant=0 nwin=0 marge=0 -> DMA NON ARMEE (le RIF jette) : SCH memorise pour la fenetre SB (dans une vraie fenetre SB : 63/7160)
  [sbwin] SB #7170 fn=89587 p51=31 tick=90260 : armee=0 one_shot=0 page_prog=64 rif_avant=0 nwin=0 marge=0 -> DMA NON ARMEE (le RIF jette) : SCH memorise pour la fenetre SB (dans une vraie fenetre SB : 63/7170)
  profil PC (21738 tranches, high-water 0xde92) : 9a80:11% 8240:11% 8380:9% 83c0:5% 8200:5% 8300:4% 8540:4% 9a40:4% a0c0:3% 81c0:3% 82c0:3% 9a00:2%
  fn=90270   page=0 insn=119     IDLE   d_fb_det=0     a_sch=0100 0000 0000 0000 sync=0000 1537 ffff  | trames=90272 irq=0 iq=0
  hacks actifs : RHEA_DMA ; cadencement : STREAM LOCKSTEP  ; stimulus : none
  [sbwin] SB #7180 fn=89689 p51=31 tick=90362 : armee=0 one_shot=0 page_prog=64 rif_avant=0 nwin=0 marge=0 -> DMA NON ARMEE (le RIF jette) : SCH memorise pour la fenetre SB (dans une vraie fenetre SB : 63/7180)
  [sbwin] SB #7190 fn=89791 p51=31 tick=90464 : armee=0 one_shot=0 page_prog=64 rif_avant=0 nwin=0 marge=0 -> DMA NON ARMEE (le RIF jette) : SCH memorise pour la fenetre SB (dans une vraie fenetre SB : 63/7190)
  profil PC (21500 tranches, high-water 0xde91) : 9a80:11% 8240:11% 8380:10% 83c0:5% 8200:5% 8300:4% 8540:4% 9a40:4% a0c0:3% 81c0:3% 82c0:3% 9a00:2%
  fn=90487   page=1 insn=13659   IDLE   d_fb_det=0     a_sch=0100 0000 0000 0000 sync=0000 1537 ffff  | trames=90489 irq=0 iq=0
  [sbwin] SB #7200 fn=89893 p51=31 tick=90566 : armee=0 one_shot=0 page_prog=64 rif_avant=0 nwin=0 marge=0 -> DMA NON ARMEE (le RIF jette) : SCH memorise pour la fenetre SB (dans une vraie fenetre SB : 63/7200)
  [sbwin] SB #7210 fn=89995 p51=31 tick=90668 : armee=0 one_shot=0 page_prog=64 rif_avant=0 nwin=0 marge=0 -> DMA NON ARMEE (le RIF jette) : SCH memorise pour la fenetre SB (dans une vraie fenetre SB : 63/7210)
  profil PC (24573 tranches, high-water 0xde91) : 9a80:11% 8240:11% 8380:10% 83c0:5% 8200:5% 8300:4% 8540:4% 9a40:4% a0c0:3% 81c0:3% 82c0:3% 9a00:2%
  fn=90704   page=1 insn=13787   IDLE   d_fb_det=0     a_sch=0100 0000 0000 0000 sync=0000 1537 ffff  | trames=90706 irq=0 iq=0
  [sbwin] SB #7220 fn=90097 p51=31 tick=90770 : armee=0 one_shot=0 page_prog=64 rif_avant=0 nwin=0 marge=0 -> DMA NON ARMEE (le RIF jette) : SCH memorise pour la fenetre SB (dans une vraie fenetre SB : 63/7220)
  [sbwin] SB #7230 fn=90199 p51=31 tick=90872 : armee=0 one_shot=0 page_prog=64 rif_avant=0 nwin=0 marge=0 -> DMA NON ARMEE (le RIF jette) : SCH memorise pour la fenetre SB (dans une vraie fenetre SB : 63/7230)
  profil PC (22075 tranches, high-water 0xde91) : 9a80:11% 8240:11% 8380:10% 83c0:5% 8200:5% 8300:4% 8540:4% 9a40:4% a0c0:3% 81c0:3% 82c0:3% 9a00:2%
  fn=90921   page=1 insn=119     IDLE   d_fb_det=0     a_sch=0100 0000 0000 0000 sync=0000 1537 ffff  | trames=90923 irq=0 iq=0
  [ts0] tick=90930 fn=90257 p51=38 NB fenetre=0 marge=0 rif_avant=0
  [sbwin] SB #7240 fn=90301 p51=31 tick=90974 : armee=0 one_shot=0 page_prog=64 rif_avant=0 nwin=0 marge=0 -> DMA NON ARMEE (le RIF jette) : SCH memorise pour la fenetre SB (dans une vraie fenetre SB : 63/7240)
  [chrono] fn=90998 sur 1000 trames (ms) : qemu 3.60 | A 0.05 | go 0.28 | B 0.16 | apres DONE 0.53 | trame 4.62 (temps reel 4.62)
  [sbwin] SB #7250 fn=90403 p51=31 tick=91076 : armee=0 one_shot=0 page_prog=64 rif_avant=0 nwin=0 marge=0 -> DMA NON ARMEE (le RIF jette) : SCH memorise pour la fenetre SB (dans une vraie fenetre SB : 63/7250)
  profil PC (21076 tranches, high-water 0xde91) : 9a80:11% 8240:11% 8380:10% 83c0:5% 8200:5% 8300:4% 8540:4% 9a40:4% a0c0:3% 81c0:3% 82c0:3% 9a00:2%
  fn=91138   page=1 insn=119     IDLE   d_fb_det=0     a_sch=0100 0000 0000 0000 sync=0000 1537 ffff  | trames=91140 irq=0 iq=0
  [sbwin] SB #7260 fn=90505 p51=31 tick=91178 : armee=0 one_shot=0 page_prog=64 rif_avant=0 nwin=0 marge=0 -> DMA NON ARMEE (le RIF jette) : SCH memorise pour la fenetre SB (dans une vraie fenetre SB : 63/7260)
  [sbwin] SB #7270 fn=90607 p51=31 tick=91280 : armee=0 one_shot=0 page_prog=64 rif_avant=0 nwin=0 marge=0 -> DMA NON ARMEE (le RIF jette) : SCH memorise pour la fenetre SB (dans une vraie fenetre SB : 63/7270)
  profil PC (21723 tranches, high-water 0xde91) : 8240:11% 9a80:11% 8380:10% 83c0:5% 8200:5% 8300:4% 8540:4% 9a40:4% a0c0:3% 81c0:3% 82c0:3% 9a00:2%
  fn=91355   page=1 insn=13665   IDLE   d_fb_det=0     a_sch=0100 0000 0000 0000 sync=0000 1537 ffff  | trames=91357 irq=0 iq=0
  [sbwin] SB #7280 fn=90709 p51=31 tick=91382 : armee=0 one_shot=0 page_prog=64 rif_avant=0 nwin=0 marge=0 -> DMA NON ARMEE (le RIF jette) : SCH memorise pour la fenetre SB (dans une vraie fenetre SB : 63/7280)
  [sbwin] SB #7290 fn=90811 p51=31 tick=91484 : armee=0 one_shot=0 page_prog=64 rif_avant=0 nwin=0 marge=0 -> DMA NON ARMEE (le RIF jette) : SCH memorise pour la fenetre SB (dans une vraie fenetre SB : 63/7290)
  profil PC (24575 tranches, high-water 0xde91) : 9a80:11% 8240:11% 8380:10% 83c0:5% 8200:5% 8300:4% 8540:4% 9a40:4% a0c0:3% 81c0:3% 82c0:3% 9a00:2%
  fn=91572   page=1 insn=13661   IDLE   d_fb_det=0     a_sch=0100 0000 0000 0000 sync=0000 1537 ffff  | trames=91574 irq=0 iq=0
  [sbwin] SB #7300 fn=90913 p51=31 tick=91586 : armee=0 one_shot=0 page_prog=64 rif_avant=0 nwin=0 marge=0 -> DMA NON ARMEE (le RIF jette) : SCH memorise pour la fenetre SB (dans une vraie fenetre SB : 63/7300)
  [sbwin] SB #7310 fn=91015 p51=31 tick=91688 : armee=0 one_shot=0 page_prog=64 rif_avant=0 nwin=0 marge=0 -> DMA NON ARMEE (le RIF jette) : SCH memorise pour la fenetre SB (dans une vraie fenetre SB : 63/7310)
  profil PC (21873 tranches, high-water 0xde91) : 9a80:11% 8240:11% 8380:9% 83c0:5% 8200:5% 8300:4% 8540:4% 9a40:4% a0c0:3% 81c0:3% 82c0:3% 9a00:2%
  fn=91789   page=1 insn=1359    IDLE   d_fb_det=0     a_sch=0100 0000 0000 0000 sync=0000 1537 ffff  | trames=91791 irq=0 iq=0
  [sbwin] SB #7320 fn=91117 p51=31 tick=91790 : armee=0 one_shot=0 page_prog=64 rif_avant=0 nwin=0 marge=0 -> DMA NON ARMEE (le RIF jette) : SCH memorise pour la fenetre SB (dans une vraie fenetre SB : 63/7320)
  [sbwin] SB #7330 fn=91219 p51=31 tick=91892 : armee=0 one_shot=0 page_prog=64 rif_avant=0 nwin=0 marge=0 -> DMA NON ARMEE (le RIF jette) : SCH memorise pour la fenetre SB (dans une vraie fenetre SB : 63/7330)
  [sbwin] SB #7340 fn=91321 p51=31 tick=91994 : armee=0 one_shot=0 page_prog=64 rif_avant=0 nwin=0 marge=0 -> DMA NON ARMEE (le RIF jette) : SCH memorise pour la fenetre SB (dans une vraie fenetre SB : 63/7340)
  [chrono] fn=91998 sur 1000 trames (ms) : qemu 3.51 | A 0.06 | go 0.30 | B 0.18 | apres DONE 0.57 | trame 4.61 (temps reel 4.62)
  profil PC (21055 tranches, high-water 0xde91) : 9a80:11% 8240:11% 8380:10% 83c0:5% 8200:5% 8300:4% 8540:4% 9a40:4% a0c0:3% 81c0:3% 82c0:3% 9a00:2%
  fn=92006   page=0 insn=119     IDLE   d_fb_det=0     a_sch=0100 0000 0000 0000 sync=0000 1537 ffff  | trames=92008 irq=0 iq=0
  hacks actifs : RHEA_DMA ; cadencement : STREAM LOCKSTEP  ; stimulus : none
  [sbwin] SB #7350 fn=91423 p51=31 tick=92096 : armee=0 one_shot=0 page_prog=64 rif_avant=0 nwin=0 marge=0 -> DMA NON ARMEE (le RIF jette) : SCH memorise pour la fenetre SB (dans une vraie fenetre SB : 63/7350)
  [sbwin] SB #7360 fn=91525 p51=31 tick=92198 : armee=0 one_shot=0 page_prog=64 rif_avant=0 nwin=0 marge=0 -> DMA NON ARMEE (le RIF jette) : SCH memorise pour la fenetre SB (dans une vraie fenetre SB : 63/7360)
  profil PC (22299 tranches, high-water 0xde91) : 9a80:11% 8240:11% 8380:10% 83c0:5% 8200:5% 8300:4% 8540:4% 9a40:4% a0c0:3% 81c0:3% 82c0:3% 9a00:2%
  fn=92223   page=1 insn=36151   IDLE   d_fb_det=0     a_sch=0100 0000 0000 0000 sync=0000 1537 ffff  | trames=92225 irq=0 iq=0
  [sbwin] SB #7370 fn=91627 p51=31 tick=92300 : armee=0 one_shot=0 page_prog=64 rif_avant=0 nwin=0 marge=0 -> DMA NON ARMEE (le RIF jette) : SCH memorise pour la fenetre SB (dans une vraie fenetre SB : 63/7370)
  [sbwin] SB #7380 fn=91729 p51=31 tick=92402 : armee=0 one_shot=0 page_prog=64 rif_avant=0 nwin=0 marge=0 -> DMA NON ARMEE (le RIF jette) : SCH memorise pour la fenetre SB (dans une vraie fenetre SB : 63/7380)
  profil PC (24222 tranches, high-water 0xde91) : 8240:11% 9a80:11% 8380:10% 83c0:5% 8200:5% 8300:4% 8540:4% 9a40:4% a0c0:3% 81c0:3% 82c0:3% 9a00:2%
  fn=92440   page=1 insn=13663   IDLE   d_fb_det=0     a_sch=0100 0000 0000 0000 sync=0000 1537 ffff  | trames=92442 irq=0 iq=0
  [sbwin] SB #7390 fn=91831 p51=31 tick=92504 : armee=0 one_shot=0 page_prog=64 rif_avant=0 nwin=0 marge=0 -> DMA NON ARMEE (le RIF jette) : SCH memorise pour la fenetre SB (dans une vraie fenetre SB : 63/7390)
  [sbwin] SB #7400 fn=91933 p51=31 tick=92606 : armee=0 one_shot=0 page_prog=64 rif_avant=0 nwin=0 marge=0 -> DMA NON ARMEE (le RIF jette) : SCH memorise pour la fenetre SB (dans une vraie fenetre SB : 63/7400)
  profil PC (21650 tranches, high-water 0xde91) : 9a80:12% 8240:11% 8380:9% 83c0:5% 8200:5% 8300:4% 8540:4% 9a40:4% a0c0:3% 81c0:3% 82c0:3% 9a00:2%
  fn=92657   page=0 insn=119     IDLE   d_fb_det=0     a_sch=0100 0000 0000 0000 sync=0000 1537 ffff  | trames=92659 irq=0 iq=0
  [sbwin] SB #7410 fn=92035 p51=31 tick=92708 : armee=0 one_shot=0 page_prog=64 rif_avant=0 nwin=0 marge=0 -> DMA NON ARMEE (le RIF jette) : SCH memorise pour la fenetre SB (dans une vraie fenetre SB : 63/7410)
  [sbwin] SB #7420 fn=92137 p51=31 tick=92810 : armee=0 one_shot=0 page_prog=64 rif_avant=0 nwin=0 marge=0 -> DMA NON ARMEE (le RIF jette) : SCH memorise pour la fenetre SB (dans une vraie fenetre SB : 63/7420)
  profil PC (21055 tranches, high-water 0xde91) : 9a80:11% 8240:11% 8380:10% 83c0:5% 8200:5% 8300:4% 8540:4% 9a40:4% a0c0:3% 81c0:3% 82c0:3% 9a00:2%
  fn=92874   page=1 insn=119     IDLE   d_fb_det=0     a_sch=0100 0000 0000 0000 sync=0000 1537 ffff  | trames=92876 irq=0 iq=0
  [sbwin] SB #7430 fn=92239 p51=31 tick=92912 : armee=0 one_shot=0 page_prog=64 rif_avant=0 nwin=0 marge=0 -> DMA NON ARMEE (le RIF jette) : SCH memorise pour la fenetre SB (dans une vraie fenetre SB : 63/7430)
  [chrono] fn=92998 sur 1000 trames (ms) : qemu 3.53 | A 0.05 | go 0.28 | B 0.17 | apres DONE 0.58 | trame 4.62 (temps reel 4.62)
  [sbwin] SB #7440 fn=92341 p51=31 tick=93014 : armee=0 one_shot=0 page_prog=64 rif_avant=0 nwin=0 marge=0 -> DMA NON ARMEE (le RIF jette) : SCH memorise pour la fenetre SB (dans une vraie fenetre SB : 63/7440)
  profil PC (22525 tranches, high-water 0xde91) : 9a80:11% 8240:11% 8380:10% 83c0:5% 8200:5% 8300:4% 8540:4% 9a40:4% a0c0:3% 81c0:3% 82c0:3% 9a00:2%
  fn=93091   page=1 insn=13781   IDLE   d_fb_det=0     a_sch=0100 0000 0000 0000 sync=0000 1537 ffff  | trames=93093 irq=0 iq=0
  [sbwin] SB #7450 fn=92443 p51=31 tick=93116 : armee=0 one_shot=0 page_prog=64 rif_avant=0 nwin=0 marge=0 -> DMA NON ARMEE (le RIF jette) : SCH memorise pour la fenetre SB (dans une vraie fenetre SB : 63/7450)
  [sbwin] SB #7460 fn=92545 p51=31 tick=93218 : armee=0 one_shot=0 page_prog=64 rif_avant=0 nwin=0 marge=0 -> DMA NON ARMEE (le RIF jette) : SCH memorise pour la fenetre SB (dans une vraie fenetre SB : 63/7460)
  profil PC (24571 tranches, high-water 0xde91) : 9a80:11% 8240:11% 8380:10% 83c0:5% 8200:5% 8300:4% 8540:4% 9a40:4% a0c0:3% 81c0:3% 82c0:3% 9a00:2%
  fn=93308   page=1 insn=36254   IDLE   d_fb_det=0     a_sch=0100 0000 0000 0000 sync=0000 1537 ffff  | trames=93310 irq=0 iq=0
  [sbwin] SB #7470 fn=92647 p51=31 tick=93320 : armee=0 one_shot=0 page_prog=64 rif_avant=0 nwin=0 marge=0 -> DMA NON ARMEE (le RIF jette) : SCH memorise pour la fenetre SB (dans une vraie fenetre SB : 63/7470)
  [sbwin] SB #7480 fn=92749 p51=31 tick=93422 : armee=0 one_shot=0 page_prog=64 rif_avant=0 nwin=0 marge=0 -> DMA NON ARMEE (le RIF jette) : SCH memorise pour la fenetre SB (dans une vraie fenetre SB : 63/7480)
  [sbwin] SB #7490 fn=92851 p51=31 tick=93524 : armee=0 one_shot=0 page_prog=64 rif_avant=0 nwin=0 marge=0 -> DMA NON ARMEE (le RIF jette) : SCH memorise pour la fenetre SB (dans une vraie fenetre SB : 63/7490)
  profil PC (21076 tranches, high-water 0xde91) : 9a80:11% 8240:11% 8380:10% 83c0:5% 8200:5% 8300:4% 8540:4% 9a40:4% a0c0:3% 81c0:3% 82c0:3% 9a00:2%
  fn=93525   page=1 insn=119     IDLE   d_fb_det=0     a_sch=0100 0000 0000 0000 sync=0000 1537 ffff  | trames=93527 irq=0 iq=0
  [sbwin] SB #7500 fn=92953 p51=31 tick=93626 : armee=0 one_shot=0 page_prog=64 rif_avant=0 nwin=0 marge=0 -> DMA NON ARMEE (le RIF jette) : SCH memorise pour la fenetre SB (dans une vraie fenetre SB : 63/7500)
  [sbwin] SB #7510 fn=93055 p51=31 tick=93728 : armee=0 one_shot=0 page_prog=64 rif_avant=0 nwin=0 marge=0 -> DMA NON ARMEE (le RIF jette) : SCH memorise pour la fenetre SB (dans une vraie fenetre SB : 63/7510)
  profil PC (21052 tranches, high-water 0xde91) : 9a80:11% 8240:11% 8380:10% 83c0:5% 8200:5% 8300:4% 8540:4% 9a40:4% a0c0:3% 81c0:3% 82c0:3% 9a00:2%
  fn=93742   page=0 insn=119     IDLE   d_fb_det=0     a_sch=0100 0000 0000 0000 sync=0000 1537 ffff  | trames=93744 irq=0 iq=0
  hacks actifs : RHEA_DMA ; cadencement : STREAM LOCKSTEP  ; stimulus : none
  [sbwin] SB #7520 fn=93157 p51=31 tick=93830 : armee=0 one_shot=0 page_prog=64 rif_avant=0 nwin=0 marge=0 -> DMA NON ARMEE (le RIF jette) : SCH memorise pour la fenetre SB (dans une vraie fenetre SB : 63/7520)
