  PROM0  prog  0x07000   28672 mots
  PROM1  prog  0x18000   32768 mots
  PROM2  prog  0x28000   32768 mots
  PROM3  prog  0x38000    8192 mots
  DROM   data  0x09000   20480 mots
  PDROM  data  0x0e000    8192 mots
  PDROM  prog  0x0e000    8192 mots
  Regs   mmr                96 mots
7 sections chargees, reset...
pont : en attente de l'ARM sur /tmp/calypso_dsp.sock (API RAM : /dev/shm/calypso_api_ram)
       cote QEMU : CALYPSO_DSP_EXTERN=1 qemu-system-arm -M calypso ...
pont : ARM connecte, API RAM 32768 mots, 120000 insn/trame
[c54x] SP-CORRUPT pc=0xff80 op=0xf880 sp 0x5ac8 -> 0x1100 insn=0
  [afc] fn=0 w_page=0 relaye=8 | page0=8 page1=28138
  [a5-arm] tick=0 d_a5mode=0 a_kc=0000 0000 0000 0000
pont : RESET #1 (DL_STATUS=0x0000) fn=0 pc=0xff80
  [toaloop] appel n=1 en=0 toa=576 biais=0
  [a5-arm] tick=0 d_a5mode=30490 a_kc=fe00 0200 0200 fe00
pont : DSP boote (premier IDLE) fn=0 insn=17857
  [jalon] fn=0 d_fb_det=1  hacks=RHEA_DMA
  [afc] fn=1 w_page=0 relaye=0 | page0=0 page1=0
  [ts0] attente des trames en retard de la BTS : jusqu'a 40 ms
  [a5-arm] tick=1 d_a5mode=0 a_kc=fe00 0200 0200 fe00
  [montant] retour en clair (seq=1)
  profil PC (1875 tranches, high-water 0xb427) : b400:100%
  fn=215     page=0 insn=0       IDLE   d_fb_det=0     a_sch=0000 0000 0000 0000 sync=0240 6ff8 0c42  | trames=217 irq=0 iq=0
  [page] fn=228 d_dsp_page 0000 -> 0002  (arme page 0)
  [a_sch] fn=230 page=0 : 0000 0000 0000 0000 -> 0100 0000 0000 0000  (d_dsp_page=0002) TOA=0 PM=0 SNR=0 crc_ko
  [page] fn=231 d_dsp_page 0002 -> 0000  (NON ARME (etat de reset))
  [afc] fn=232 w_page=0 relaye=-700 | page0=-700 page1=0
  [cmd] fn=232 tache FB postee par l'ARM
  [page] fn=232 d_dsp_page 0000 -> 0002  (arme page 0)
  [afc] fn=234 w_page=0 relaye=-700 | page0=-700 page1=-700
  [page] fn=246 d_dsp_page 0002 -> 0003  (arme page 1)
  [page] fn=260 d_dsp_page 0003 -> 0002  (arme page 0)
  [page] fn=274 d_dsp_page 0002 -> 0003  (arme page 1)
  [page] fn=288 d_dsp_page 0003 -> 0000  (NON ARME (etat de reset))
  [page] fn=289 d_dsp_page 0000 -> 0002  (arme page 0)
  [page] fn=292 d_dsp_page 0002 -> 0000  (NON ARME (etat de reset))
  [cmd] fn=293 tache FB postee par l'ARM
  [page] fn=293 d_dsp_page 0000 -> 0002  (arme page 0)
  [page] fn=307 d_dsp_page 0002 -> 0003  (arme page 1)
  [page] fn=321 d_dsp_page 0003 -> 0002  (arme page 0)
  [page] fn=335 d_dsp_page 0002 -> 0003  (arme page 1)
  [page] fn=349 d_dsp_page 0003 -> 0000  (NON ARME (etat de reset))
  [page] fn=351 d_dsp_page 0000 -> 0002  (arme page 0)
  [page] fn=354 d_dsp_page 0002 -> 0000  (NON ARME (etat de reset))
  [cmd] fn=355 tache FB postee par l'ARM
  [page] fn=355 d_dsp_page 0000 -> 0002  (arme page 0)
  [page] fn=369 d_dsp_page 0002 -> 0003  (arme page 1)
  [page] fn=383 d_dsp_page 0003 -> 0002  (arme page 0)
  [page] fn=397 d_dsp_page 0002 -> 0003  (arme page 1)
  [page] fn=411 d_dsp_page 0003 -> 0000  (NON ARME (etat de reset))
  [page] fn=412 d_dsp_page 0000 -> 0002  (arme page 0)
  [page] fn=415 d_dsp_page 0002 -> 0000  (NON ARME (etat de reset))
  [cmd] fn=416 tache FB postee par l'ARM
  [page] fn=416 d_dsp_page 0000 -> 0002  (arme page 0)
  [page] fn=430 d_dsp_page 0002 -> 0003  (arme page 1)
  profil PC (188 tranches, high-water 0xdded) : b500:19% 71c0:12% a680:12% b080:9% b580:9% 0100:9% aac0:5% b600:5% a4c0:5% b5c0:4% b0c0:3% a580:0%
  fn=432     page=1 insn=0       IDLE   d_fb_det=0     a_sch=0100 0000 0000 0000 sync=0240 6ff8 0c42  | trames=434 irq=0 iq=0
  [page] fn=444 d_dsp_page 0003 -> 0002  (arme page 0)
  [page] fn=458 d_dsp_page 0002 -> 0003  (arme page 1)
  [page] fn=472 d_dsp_page 0003 -> 0000  (NON ARME (etat de reset))
  [page] fn=473 d_dsp_page 0000 -> 0002  (arme page 0)
  [page] fn=476 d_dsp_page 0002 -> 0000  (NON ARME (etat de reset))
  [cmd] fn=477 tache FB postee par l'ARM
  [page] fn=477 d_dsp_page 0000 -> 0002  (arme page 0)
  [page] fn=491 d_dsp_page 0002 -> 0003  (arme page 1)
  [page] fn=505 d_dsp_page 0003 -> 0002  (arme page 0)
  [page] fn=519 d_dsp_page 0002 -> 0003  (arme page 1)
  [page] fn=533 d_dsp_page 0003 -> 0000  (NON ARME (etat de reset))
  [page] fn=534 d_dsp_page 0000 -> 0002  (arme page 0)
  [page] fn=537 d_dsp_page 0002 -> 0000  (NON ARME (etat de reset))
  [cmd] fn=538 tache FB postee par l'ARM
  [page] fn=538 d_dsp_page 0000 -> 0002  (arme page 0)
  [page] fn=552 d_dsp_page 0002 -> 0003  (arme page 1)
  [page] fn=566 d_dsp_page 0003 -> 0002  (arme page 0)
  [cmd] fn=599 tache FB postee par l'ARM
  profil PC (170 tranches, high-water 0xb634) : b500:20% 71c0:14% 0100:10% a680:10% b080:10% b580:10% aac0:5% b600:5% a4c0:5% b0c0:4% b5c0:4%
  fn=649     page=1 insn=0       IDLE   d_fb_det=0     a_sch=0100 0000 0000 0000 sync=0240 6ff8 0c42  | trames=651 irq=0 iq=0
  [cmd] fn=660 tache FB postee par l'ARM
  [cmd] fn=721 tache FB postee par l'ARM
  [cmd] fn=782 tache FB postee par l'ARM
  [cmd] fn=843 tache FB postee par l'ARM
  profil PC (180 tranches, high-water 0xb634) : b500:20% 71c0:13% 0100:10% a680:10% b080:10% b580:10% a4c0:6% aac0:6% b600:6% b0c0:3% b5c0:3%
  fn=866     page=1 insn=0       IDLE   d_fb_det=0     a_sch=0100 0000 0000 0000 sync=0240 6ff8 0c42  | trames=868 irq=0 iq=0
  [cmd] fn=904 tache FB postee par l'ARM
  [ts0] tick=932 fn=257 p51=2 NB fenetre=64 marge=0 rif_avant=0
  [ts0] tick=933 fn=258 p51=3 NB fenetre=0 marge=0 rif_avant=0
  [ts0] tick=934 fn=259 p51=4 NB fenetre=0 marge=0 rif_avant=80
  [ts0] tick=935 fn=260 p51=5 NB fenetre=0 marge=0 rif_avant=84
  [ts0] tick=936 fn=261 p51=6 NB fenetre=0 marge=0 rif_avant=88
  [ts0] tick=937 fn=262 p51=7 NB fenetre=0 marge=0 rif_avant=92
  [ts0] tick=938 fn=263 p51=8 NB fenetre=0 marge=0 rif_avant=96
  [ts0] tick=939 fn=264 p51=9 NB fenetre=0 marge=0 rif_avant=100
  [ts0] tick=940 fn=265 p51=10 FCCH fenetre=0 marge=0 rif_avant=104
  [toaloop] appel n=2 en=0 toa=9888 biais=0
  [jalon] fn=940 d_fb_det=1  hacks=RHEA_DMA
  [sbwin] SB #1 fn=266 p51=11 tick=941 : armee=1 one_shot=0 page_prog=48 rif_avant=0 nwin=0 marge=0 -> autre fenetre (PM/NB/continue) : SCH memorise pour la fenetre SB (dans une vraie fenetre SB : 0/1)
  [ts0] tick=941 fn=266 p51=11 SB fenetre=0 marge=0 rif_avant=0
  [ts0] tick=942 fn=267 p51=12 NB fenetre=0 marge=0 rif_avant=4
  [ts0] tick=943 fn=268 p51=13 NB fenetre=0 marge=0 rif_avant=8
  [ts0] tick=944 fn=269 p51=14 NB fenetre=0 marge=0 rif_avant=12
  [ts0] tick=945 fn=270 p51=15 NB fenetre=0 marge=0 rif_avant=16
  [ts0] tick=946 fn=271 p51=16 NB fenetre=0 marge=0 rif_avant=20
  [ts0] tick=947 fn=272 p51=17 NB fenetre=0 marge=0 rif_avant=24
  [ts0] tick=948 fn=273 p51=18 NB fenetre=0 marge=0 rif_avant=28
  [ts0] tick=949 fn=274 p51=19 NB fenetre=0 marge=0 rif_avant=32
  [ts0] tick=950 fn=275 p51=20 FCCH fenetre=0 marge=0 rif_avant=36
  [toaloop] appel n=3 en=0 toa=11243 biais=0
  [jalon] fn=950 d_fb_det=1  hacks=RHEA_DMA
  [sbwin] SB #2 fn=276 p51=21 tick=951 : armee=1 one_shot=0 page_prog=48 rif_avant=0 nwin=0 marge=0 -> autre fenetre (PM/NB/continue) : SCH memorise pour la fenetre SB (dans une vraie fenetre SB : 0/2)
  [ts0] tick=951 fn=276 p51=21 SB fenetre=0 marge=0 rif_avant=0
  [toaloop] appel n=4 en=0 toa=11243 biais=0
  [jalon] fn=960 d_fb_det=1  hacks=RHEA_DMA
  [sbwin] SB #3 fn=286 p51=31 tick=961 : armee=0 one_shot=0 page_prog=48 rif_avant=0 nwin=0 marge=0 -> DMA NON ARMEE (le RIF jette) : SCH memorise pour la fenetre SB (dans une vraie fenetre SB : 0/3)
  [toaloop] appel n=5 en=0 toa=11243 biais=0
  [cmd] fn=961 tache SB postee par l'ARM (W0 md=6 W1 md=0)
  [cmd] fn=961 tache SB postee par l'ARM
  [sb] fn=961 p51=43 | FB a fn=960 toa=11243 pm=5431 ang=-1 | TOA-ROM=11243 src=fine | a_sch=0100 crc_ko
  [sbwin] SB fn=286 RELIVRE au tick 962 (depose au tick 961, fenetre SB armee apres) : page=191 marge=21, offset ARM-tick recale [1 relivres, 2 expires]
  [toaloop] appel n=6 en=0 toa=11243 biais=0
  [a_sch] fn=962 page=0 : 0100 0000 0000 0000 -> 8000 0412 001c 0101  (d_dsp_page=0003) TOA=23 PM=5358 SNR=16384 CRC_OK
  [jalon] fn=962 SB PLAUSIBLE page=0 BSIC=7 a_sch=8000 0412 001c 0101  hacks=RHEA_DMA
  [toaloop] appel n=7 en=0 toa=11243 biais=0
  [a_sch] fn=963 page=1 : 0000 0000 0000 0000 -> 8100 0172 86be 0060  (d_dsp_page=0003) TOA=23 PM=5416 SNR=427 crc_ko
  [toaloop] appel n=8 en=0 toa=11243 biais=0
  [toaloop] appel n=9 en=0 toa=11243 biais=0
  [toaloop] appel n=10 en=0 toa=11243 biais=0
  [toaloop] appel n=11 en=0 toa=11243 biais=0
  [toaloop] appel n=12 en=0 toa=11243 biais=0
  [toaloop] appel n=13 en=0 toa=11243 biais=0
  [toaloop] appel n=14 en=0 toa=11243 biais=0
  [toaloop] appel n=15 en=0 toa=11243 biais=0
  [sbwin] SB #4 fn=296 p51=41 tick=972 : armee=0 one_shot=0 page_prog=191 rif_avant=0 nwin=0 marge=0 -> DMA NON ARMEE (le RIF jette) : SCH memorise pour la fenetre SB (dans une vraie fenetre SB : 0/4)
  [toaloop] appel n=16 en=0 toa=11243 biais=0
  [toaloop] appel n=17 en=0 toa=11243 biais=0
  [toaloop] appel n=18 en=0 toa=11243 biais=0
  [toaloop] appel n=19 en=0 toa=11243 biais=0
  [toaloop] appel n=20 en=0 toa=11243 biais=0
  [toaloop] appel n=21 en=0 toa=11243 biais=0
  [toaloop] appel n=22 en=0 toa=11243 biais=0
  [toaloop] appel n=23 en=0 toa=11243 biais=0
  [toaloop] appel n=24 en=0 toa=11243 biais=0
  [toaloop] appel n=25 en=0 toa=11243 biais=0
  [toaloop] appel n=26 en=0 toa=11243 biais=0
  [sbwin] SB #5 fn=307 p51=1 tick=983 : armee=0 one_shot=0 page_prog=191 rif_avant=0 nwin=0 marge=0 -> DMA NON ARMEE (le RIF jette) : SCH memorise pour la fenetre SB (dans une vraie fenetre SB : 0/5)
  [toaloop] appel n=27 en=0 toa=11243 biais=0
  [toaloop] appel n=28 en=0 toa=11243 biais=0
  [toaloop] appel n=29 en=0 toa=11243 biais=0
  [a_sch] fn=985 page=0 : 8000 0412 001c 0101 -> 0100 0000 0000 0000  (d_dsp_page=0002) TOA=0 PM=0 SNR=0 crc_ko
  [toaloop] appel n=30 en=0 toa=11243 biais=0
  [a_sch] fn=986 page=1 : 8100 0172 86be 0060 -> 0100 0000 0000 0000  (d_dsp_page=0003) TOA=0 PM=0 SNR=0 crc_ko
  [toaloop] appel n=31 en=0 toa=11243 biais=0
  [toaloop] appel n=32 en=0 toa=11243 biais=0
  [toaloop] appel n=33 en=0 toa=11243 biais=0
  [toaloop] appel n=34 en=0 toa=11243 biais=0
  [toaloop] appel n=35 en=0 toa=11243 biais=0
  [toaloop] appel n=36 en=0 toa=11243 biais=0
  [sbwin] SB #6 fn=317 p51=11 tick=993 : armee=0 one_shot=0 page_prog=151 rif_avant=0 nwin=0 marge=0 -> DMA NON ARMEE (le RIF jette) : SCH memorise pour la fenetre SB (dans une vraie fenetre SB : 0/6)
  [toaloop] appel n=37 en=0 toa=11243 biais=0
  [toaloop] appel n=38 en=0 toa=11243 biais=0
  [toaloop] appel n=39 en=0 toa=11243 biais=0
  [toaloop] appel n=40 en=0 toa=11243 biais=0
  [chrono] fn=998 sur 1000 trames (ms) : qemu 4.24 | A 0.02 | go 0.24 | B 0.03 | apres DONE 0.10 | trame 4.63 (temps reel 4.62)
  [sbwin] SB #7 fn=327 p51=21 tick=1003 : armee=0 one_shot=0 page_prog=151 rif_avant=0 nwin=0 marge=0 -> DMA NON ARMEE (le RIF jette) : SCH memorise pour la fenetre SB (dans une vraie fenetre SB : 0/7)
  [sbwin] SB #8 fn=337 p51=31 tick=1013 : armee=0 one_shot=0 page_prog=151 rif_avant=0 nwin=0 marge=0 -> DMA NON ARMEE (le RIF jette) : SCH memorise pour la fenetre SB (dans une vraie fenetre SB : 0/8)
  [sbwin] SB #9 fn=347 p51=41 tick=1023 : armee=0 one_shot=0 page_prog=151 rif_avant=0 nwin=0 marge=0 -> DMA NON ARMEE (le RIF jette) : SCH memorise pour la fenetre SB (dans une vraie fenetre SB : 0/9)
  [sbwin] SB #10 fn=358 p51=1 tick=1034 : armee=0 one_shot=0 page_prog=151 rif_avant=0 nwin=0 marge=0 -> DMA NON ARMEE (le RIF jette) : SCH memorise pour la fenetre SB (dans une vraie fenetre SB : 0/10)
  [sbwin] SB #11 fn=368 p51=11 tick=1044 : armee=0 one_shot=0 page_prog=151 rif_avant=0 nwin=0 marge=0 -> DMA NON ARMEE (le RIF jette) : SCH memorise pour la fenetre SB (dans une vraie fenetre SB : 0/11)
  [sbwin] SB #12 fn=378 p51=21 tick=1054 : armee=0 one_shot=0 page_prog=151 rif_avant=0 nwin=0 marge=0 -> DMA NON ARMEE (le RIF jette) : SCH memorise pour la fenetre SB (dans une vraie fenetre SB : 0/12)
  [sbwin] SB #13 fn=388 p51=31 tick=1064 : armee=0 one_shot=0 page_prog=151 rif_avant=0 nwin=0 marge=0 -> DMA NON ARMEE (le RIF jette) : SCH memorise pour la fenetre SB (dans une vraie fenetre SB : 0/13)
  [sbwin] SB #14 fn=398 p51=41 tick=1074 : armee=0 one_shot=0 page_prog=151 rif_avant=0 nwin=0 marge=0 -> DMA NON ARMEE (le RIF jette) : SCH memorise pour la fenetre SB (dans une vraie fenetre SB : 0/14)
  profil PC (23626 tranches, high-water 0xde92) : 77c0:15% 7800:8% 7840:6% 78c0:5% 9a80:4% 8240:4% 8380:4% b2c0:3% a680:2% 7a00:2% 7880:2% 83c0:2%
  fn=1083    page=1 insn=121     IDLE   d_fb_det=1     a_sch=0100 0000 0000 0000 sync=2beb 1537 ffff  | trames=1085 irq=0 iq=0
  [sbwin] SB #15 fn=409 p51=1 tick=1085 : armee=0 one_shot=0 page_prog=151 rif_avant=0 nwin=0 marge=0 -> DMA NON ARMEE (le RIF jette) : SCH memorise pour la fenetre SB (dans une vraie fenetre SB : 0/15)
  [sbwin] SB #16 fn=419 p51=11 tick=1095 : armee=0 one_shot=0 page_prog=151 rif_avant=0 nwin=0 marge=0 -> DMA NON ARMEE (le RIF jette) : SCH memorise pour la fenetre SB (dans une vraie fenetre SB : 0/16)
  [sbwin] SB #17 fn=429 p51=21 tick=1105 : armee=0 one_shot=0 page_prog=151 rif_avant=0 nwin=0 marge=0 -> DMA NON ARMEE (le RIF jette) : SCH memorise pour la fenetre SB (dans une vraie fenetre SB : 0/17)
  [sbwin] SB #18 fn=439 p51=31 tick=1115 : armee=0 one_shot=0 page_prog=151 rif_avant=0 nwin=0 marge=0 -> DMA NON ARMEE (le RIF jette) : SCH memorise pour la fenetre SB (dans une vraie fenetre SB : 0/18)
  [sbwin] SB #19 fn=449 p51=41 tick=1125 : armee=0 one_shot=0 page_prog=151 rif_avant=0 nwin=0 marge=0 -> DMA NON ARMEE (le RIF jette) : SCH memorise pour la fenetre SB (dans une vraie fenetre SB : 0/19)
  [sbwin] SB #20 fn=460 p51=1 tick=1136 : armee=0 one_shot=0 page_prog=151 rif_avant=0 nwin=0 marge=0 -> DMA NON ARMEE (le RIF jette) : SCH memorise pour la fenetre SB (dans une vraie fenetre SB : 0/20)
  [sbwin] SB #21 fn=470 p51=11 tick=1146 : armee=0 one_shot=0 page_prog=64 rif_avant=0 nwin=0 marge=0 -> DMA NON ARMEE (le RIF jette) : SCH memorise pour la fenetre SB (dans une vraie fenetre SB : 0/21)
  [cmd] fn=1147 tache FB postee par l'ARM
  [jalon] fn=1155 d_fb_det=1  hacks=RHEA_DMA
  [sbwin] SB #22 fn=480 p51=21 tick=1156 : armee=0 one_shot=0 page_prog=48 rif_avant=0 nwin=0 marge=0 -> DMA NON ARMEE (le RIF jette) : SCH memorise pour la fenetre SB (dans une vraie fenetre SB : 0/22)
  [jalon] fn=1165 d_fb_det=1  hacks=RHEA_DMA
  [sbwin] SB #23 fn=490 p51=31 tick=1166 : armee=0 one_shot=0 page_prog=48 rif_avant=0 nwin=0 marge=0 -> DMA NON ARMEE (le RIF jette) : SCH memorise pour la fenetre SB (dans une vraie fenetre SB : 0/23)
  [cmd] fn=1174 tache SB postee par l'ARM (W0 md=6 W1 md=0)
  [cmd] fn=1174 tache SB postee par l'ARM
  [sb] fn=1174 p51=1 | FB a fn=1165 toa=8743 pm=5431 ang=-1 | TOA-ROM=8743 src=fine | a_sch=0100 crc_ko
  [a_sch] fn=1175 page=0 : 0100 0000 0000 0000 -> 8100 0016 f85d 01fb  (d_dsp_page=0003) TOA=0 PM=5521 SNR=12 crc_ko
  [sbwin] SB #24 fn=500 p51=41 tick=1176 : armee=1 one_shot=1 page_prog=191 rif_avant=0 nwin=191 marge=21 -> FENETRE SB (one-shot) (dans une vraie fenetre SB : 1/24)
  [a_sch] fn=1176 page=1 : 0100 0000 0000 0000 -> 8000 08a6 001c 001a  (d_dsp_page=0003) TOA=23 PM=5349 SNR=16384 CRC_OK
  [jalon] fn=1176 SB PLAUSIBLE page=1 BSIC=7 a_sch=8000 08a6 001c 001a  hacks=RHEA_DMA
  [a_sch] fn=1177 page=0 : 8100 0016 f85d 01fb -> 0100 0000 0000 0000  (d_dsp_page=0003) TOA=0 PM=0 SNR=0 crc_ko
  [sbwin] SB #25 fn=511 p51=1 tick=1187 : armee=0 one_shot=0 page_prog=191 rif_avant=0 nwin=0 marge=0 -> DMA NON ARMEE (le RIF jette) : SCH memorise pour la fenetre SB (dans une vraie fenetre SB : 1/25)
  [a_sch] fn=1190 page=1 : 8000 08a6 001c 001a -> 0100 0000 0000 0000  (d_dsp_page=0003) TOA=0 PM=0 SNR=0 crc_ko
  [sbwin] SB #26 fn=521 p51=11 tick=1197 : armee=0 one_shot=0 page_prog=151 rif_avant=0 nwin=0 marge=0 -> DMA NON ARMEE (le RIF jette) : SCH memorise pour la fenetre SB (dans une vraie fenetre SB : 1/26)
  [sbwin] SB #27 fn=531 p51=21 tick=1207 : armee=0 one_shot=0 page_prog=151 rif_avant=0 nwin=0 marge=0 -> DMA NON ARMEE (le RIF jette) : SCH memorise pour la fenetre SB (dans une vraie fenetre SB : 1/27)
  [sbwin] SB #28 fn=541 p51=31 tick=1217 : armee=0 one_shot=0 page_prog=151 rif_avant=0 nwin=0 marge=0 -> DMA NON ARMEE (le RIF jette) : SCH memorise pour la fenetre SB (dans une vraie fenetre SB : 1/28)
  [sbwin] SB #29 fn=551 p51=41 tick=1227 : armee=0 one_shot=0 page_prog=151 rif_avant=0 nwin=0 marge=0 -> DMA NON ARMEE (le RIF jette) : SCH memorise pour la fenetre SB (dans une vraie fenetre SB : 1/29)
  [sbwin] SB #30 fn=562 p51=1 tick=1238 : armee=0 one_shot=0 page_prog=151 rif_avant=0 nwin=0 marge=0 -> DMA NON ARMEE (le RIF jette) : SCH memorise pour la fenetre SB (dans une vraie fenetre SB : 1/30)
  [sbwin] SB #31 fn=572 p51=11 tick=1248 : armee=0 one_shot=0 page_prog=151 rif_avant=0 nwin=0 marge=0 -> DMA NON ARMEE (le RIF jette) : SCH memorise pour la fenetre SB (dans une vraie fenetre SB : 1/31)
  [sbwin] SB #32 fn=582 p51=21 tick=1258 : armee=0 one_shot=0 page_prog=151 rif_avant=0 nwin=0 marge=0 -> DMA NON ARMEE (le RIF jette) : SCH memorise pour la fenetre SB (dans une vraie fenetre SB : 1/32)
  [sbwin] SB #33 fn=592 p51=31 tick=1268 : armee=0 one_shot=0 page_prog=151 rif_avant=0 nwin=0 marge=0 -> DMA NON ARMEE (le RIF jette) : SCH memorise pour la fenetre SB (dans une vraie fenetre SB : 1/33)
  [sbwin] SB #34 fn=602 p51=41 tick=1278 : armee=0 one_shot=0 page_prog=151 rif_avant=0 nwin=0 marge=0 -> DMA NON ARMEE (le RIF jette) : SCH memorise pour la fenetre SB (dans une vraie fenetre SB : 1/34)
  [sbwin] SB #35 fn=613 p51=1 tick=1289 : armee=0 one_shot=0 page_prog=151 rif_avant=0 nwin=0 marge=0 -> DMA NON ARMEE (le RIF jette) : SCH memorise pour la fenetre SB (dans une vraie fenetre SB : 1/35)
  [sbwin] SB #36 fn=623 p51=11 tick=1299 : armee=0 one_shot=0 page_prog=151 rif_avant=0 nwin=0 marge=0 -> DMA NON ARMEE (le RIF jette) : SCH memorise pour la fenetre SB (dans une vraie fenetre SB : 1/36)
  profil PC (26296 tranches, high-water 0xde92) : 9a80:8% 8240:8% 8380:7% 77c0:7% 7800:4% 83c0:4% 8200:3% 8300:3% 8540:3% 9a40:2% a0c0:2% 7840:2%
  fn=1300    page=0 insn=13783   IDLE   d_fb_det=0     a_sch=0100 0000 0000 0000 sync=0000 1537 ffff  | trames=1302 irq=0 iq=0
  [sbwin] SB #37 fn=633 p51=21 tick=1309 : armee=0 one_shot=0 page_prog=151 rif_avant=0 nwin=0 marge=0 -> DMA NON ARMEE (le RIF jette) : SCH memorise pour la fenetre SB (dans une vraie fenetre SB : 1/37)
  [sbwin] SB #38 fn=643 p51=31 tick=1319 : armee=0 one_shot=0 page_prog=151 rif_avant=0 nwin=0 marge=0 -> DMA NON ARMEE (le RIF jette) : SCH memorise pour la fenetre SB (dans une vraie fenetre SB : 1/38)
  [sbwin] SB #39 fn=653 p51=41 tick=1329 : armee=0 one_shot=0 page_prog=151 rif_avant=0 nwin=0 marge=0 -> DMA NON ARMEE (le RIF jette) : SCH memorise pour la fenetre SB (dans une vraie fenetre SB : 1/39)
  [sbwin] SB #40 fn=664 p51=1 tick=1340 : armee=0 one_shot=0 page_prog=151 rif_avant=0 nwin=0 marge=0 -> DMA NON ARMEE (le RIF jette) : SCH memorise pour la fenetre SB (dans une vraie fenetre SB : 1/40)
  [sbwin] SB #41 fn=674 p51=11 tick=1350 : armee=0 one_shot=0 page_prog=151 rif_avant=0 nwin=0 marge=0 -> DMA NON ARMEE (le RIF jette) : SCH memorise pour la fenetre SB (dans une vraie fenetre SB : 1/41)
  [sbwin] SB #42 fn=684 p51=21 tick=1360 : armee=0 one_shot=0 page_prog=151 rif_avant=0 nwin=0 marge=0 -> DMA NON ARMEE (le RIF jette) : SCH memorise pour la fenetre SB (dans une vraie fenetre SB : 1/42)
  [sbwin] SB #43 fn=694 p51=31 tick=1370 : armee=0 one_shot=0 page_prog=151 rif_avant=0 nwin=0 marge=0 -> DMA NON ARMEE (le RIF jette) : SCH memorise pour la fenetre SB (dans une vraie fenetre SB : 1/43)
  [sbwin] SB #44 fn=704 p51=41 tick=1380 : armee=0 one_shot=0 page_prog=151 rif_avant=0 nwin=0 marge=0 -> DMA NON ARMEE (le RIF jette) : SCH memorise pour la fenetre SB (dans une vraie fenetre SB : 1/44)
  [sbwin] SB #45 fn=715 p51=1 tick=1391 : armee=0 one_shot=0 page_prog=151 rif_avant=0 nwin=0 marge=0 -> DMA NON ARMEE (le RIF jette) : SCH memorise pour la fenetre SB (dans une vraie fenetre SB : 1/45)
  [sbwin] SB #46 fn=725 p51=11 tick=1401 : armee=0 one_shot=0 page_prog=151 rif_avant=0 nwin=0 marge=0 -> DMA NON ARMEE (le RIF jette) : SCH memorise pour la fenetre SB (dans une vraie fenetre SB : 1/46)
  [sbwin] SB #47 fn=735 p51=21 tick=1411 : armee=0 one_shot=0 page_prog=151 rif_avant=0 nwin=0 marge=0 -> DMA NON ARMEE (le RIF jette) : SCH memorise pour la fenetre SB (dans une vraie fenetre SB : 1/47)
  [sbwin] SB #48 fn=745 p51=31 tick=1421 : armee=0 one_shot=0 page_prog=151 rif_avant=0 nwin=0 marge=0 -> DMA NON ARMEE (le RIF jette) : SCH memorise pour la fenetre SB (dans une vraie fenetre SB : 1/48)
  [sbwin] SB #49 fn=755 p51=41 tick=1431 : armee=0 one_shot=0 page_prog=151 rif_avant=0 nwin=0 marge=0 -> DMA NON ARMEE (le RIF jette) : SCH memorise pour la fenetre SB (dans une vraie fenetre SB : 1/49)
  [sbwin] SB #50 fn=766 p51=1 tick=1442 : armee=0 one_shot=0 page_prog=151 rif_avant=0 nwin=0 marge=0 -> DMA NON ARMEE (le RIF jette) : SCH memorise pour la fenetre SB (dans une vraie fenetre SB : 1/50)
  [sbwin] SB #51 fn=776 p51=11 tick=1452 : armee=0 one_shot=0 page_prog=151 rif_avant=0 nwin=0 marge=0 -> DMA NON ARMEE (le RIF jette) : SCH memorise pour la fenetre SB (dans une vraie fenetre SB : 1/51)
  [sbwin] SB #52 fn=786 p51=21 tick=1462 : armee=0 one_shot=0 page_prog=151 rif_avant=0 nwin=0 marge=0 -> DMA NON ARMEE (le RIF jette) : SCH memorise pour la fenetre SB (dans une vraie fenetre SB : 1/52)
  [sbwin] SB #53 fn=796 p51=31 tick=1472 : armee=0 one_shot=0 page_prog=151 rif_avant=0 nwin=0 marge=0 -> DMA NON ARMEE (le RIF jette) : SCH memorise pour la fenetre SB (dans une vraie fenetre SB : 1/53)
  [sbwin] SB #54 fn=806 p51=41 tick=1482 : armee=0 one_shot=0 page_prog=151 rif_avant=0 nwin=0 marge=0 -> DMA NON ARMEE (le RIF jette) : SCH memorise pour la fenetre SB (dans une vraie fenetre SB : 1/54)
  [sbwin] SB #55 fn=817 p51=1 tick=1493 : armee=0 one_shot=0 page_prog=151 rif_avant=0 nwin=0 marge=0 -> DMA NON ARMEE (le RIF jette) : SCH memorise pour la fenetre SB (dans une vraie fenetre SB : 1/55)
  [cmd] fn=1500 tache FB postee par l'ARM
  [jalon] fn=1502 d_fb_det=1  hacks=RHEA_DMA
  [sbwin] SB #56 fn=827 p51=11 tick=1503 : armee=0 one_shot=0 page_prog=48 rif_avant=0 nwin=0 marge=0 -> DMA NON ARMEE (le RIF jette) : SCH memorise pour la fenetre SB (dans une vraie fenetre SB : 1/56)
  [jalon] fn=1512 d_fb_det=1  hacks=RHEA_DMA
  [sbwin] SB #57 fn=837 p51=21 tick=1513 : armee=0 one_shot=0 page_prog=48 rif_avant=0 nwin=0 marge=0 -> DMA NON ARMEE (le RIF jette) : SCH memorise pour la fenetre SB (dans une vraie fenetre SB : 1/57)
  profil PC (24052 tranches, high-water 0xde92) : 9a80:9% 8240:9% 8380:8% 77c0:4% 83c0:4% 8200:4% 8300:3% 8540:3% 9a40:3% a0c0:3% 81c0:2% 82c0:2%
  fn=1517    page=0 insn=121     IDLE   d_fb_det=0     a_sch=0100 0000 0000 0000 sync=0000 1530 ffff  | trames=1519 irq=0 iq=0
  [cmd] fn=1521 tache SB postee par l'ARM (W0 md=6 W1 md=0)
  [cmd] fn=1521 tache SB postee par l'ARM
  [sb] fn=1521 p51=42 | FB a fn=1512 toa=8743 pm=5424 ang=-1 | TOA-ROM=8743 src=fine | a_sch=0100 crc_ko
  [a_sch] fn=1522 page=0 : 0100 0000 0000 0000 -> 8100 0016 f85d 01fb  (d_dsp_page=0003) TOA=0 PM=5521 SNR=12 crc_ko
  [sbwin] SB #58 fn=847 p51=31 tick=1523 : armee=1 one_shot=1 page_prog=191 rif_avant=0 nwin=191 marge=21 -> FENETRE SB (one-shot) (dans une vraie fenetre SB : 2/58)
  [a_sch] fn=1523 page=1 : 0100 0000 0000 0000 -> 8000 038f 001c 013d  (d_dsp_page=0003) TOA=23 PM=5339 SNR=16384 CRC_OK
  [jalon] fn=1523 SB PLAUSIBLE page=1 BSIC=7 a_sch=8000 038f 001c 013d  hacks=RHEA_DMA
  [a_sch] fn=1524 page=0 : 8100 0016 f85d 01fb -> 0100 0000 0000 0000  (d_dsp_page=0003) TOA=0 PM=0 SNR=0 crc_ko
  [sbwin] SB #59 fn=857 p51=41 tick=1533 : armee=0 one_shot=0 page_prog=191 rif_avant=0 nwin=0 marge=0 -> DMA NON ARMEE (le RIF jette) : SCH memorise pour la fenetre SB (dans une vraie fenetre SB : 2/59)
  [sbwin] SB #60 fn=868 p51=1 tick=1544 : armee=0 one_shot=0 page_prog=191 rif_avant=0 nwin=0 marge=0 -> DMA NON ARMEE (le RIF jette) : SCH memorise pour la fenetre SB (dans une vraie fenetre SB : 2/60)
  [a_sch] fn=1547 page=1 : 8000 038f 001c 013d -> 0100 0000 0000 0000  (d_dsp_page=0003) TOA=0 PM=0 SNR=0 crc_ko
  [sbwin] SB #61 fn=878 p51=11 tick=1554 : armee=0 one_shot=0 page_prog=151 rif_avant=0 nwin=0 marge=0 -> DMA NON ARMEE (le RIF jette) : SCH memorise pour la fenetre SB (dans une vraie fenetre SB : 2/61)
  [montant] RACH ra=0x04 bsic=7 fn=1560 -> /dev/shm/calypso_rach
  [montant]   declencheur : d_task_ra=RACH_DSP_TASK (task_ra=0x000a d_rach=0x041c)
  [sbwin] SB #62 fn=888 p51=21 tick=1564 : armee=0 one_shot=0 page_prog=151 rif_avant=0 nwin=0 marge=0 -> DMA NON ARMEE (le RIF jette) : SCH memorise pour la fenetre SB (dans une vraie fenetre SB : 2/62)
  [sbwin] SB #63 fn=898 p51=31 tick=1574 : armee=0 one_shot=0 page_prog=151 rif_avant=0 nwin=0 marge=0 -> DMA NON ARMEE (le RIF jette) : SCH memorise pour la fenetre SB (dans une vraie fenetre SB : 2/63)
  [sbwin] SB #64 fn=908 p51=41 tick=1584 : armee=0 one_shot=0 page_prog=151 rif_avant=0 nwin=0 marge=0 -> DMA NON ARMEE (le RIF jette) : SCH memorise pour la fenetre SB (dans une vraie fenetre SB : 2/64)
  [sbwin] SB #65 fn=919 p51=1 tick=1595 : armee=0 one_shot=0 page_prog=151 rif_avant=0 nwin=0 marge=0 -> DMA NON ARMEE (le RIF jette) : SCH memorise pour la fenetre SB (dans une vraie fenetre SB : 2/65)
  [sbwin] SB #66 fn=929 p51=11 tick=1605 : armee=0 one_shot=0 page_prog=151 rif_avant=0 nwin=0 marge=0 -> DMA NON ARMEE (le RIF jette) : SCH memorise pour la fenetre SB (dans une vraie fenetre SB : 2/66)
  [sbwin] SB #67 fn=939 p51=21 tick=1615 : armee=0 one_shot=0 page_prog=151 rif_avant=0 nwin=0 marge=0 -> DMA NON ARMEE (le RIF jette) : SCH memorise pour la fenetre SB (dans une vraie fenetre SB : 2/67)
  [sbwin] SB #68 fn=949 p51=31 tick=1625 : armee=0 one_shot=0 page_prog=151 rif_avant=0 nwin=0 marge=0 -> DMA NON ARMEE (le RIF jette) : SCH memorise pour la fenetre SB (dans une vraie fenetre SB : 2/68)
  [montant] canal dedie (side-band seq=1) : arme TS1 SDCCH/8 SS=0
  [a_cd] fn=1630 p51=49 p102=100 etat=8040 FIRE KO L2=a3 a7 eb 0b | ok=0 ko=1
pont : canal dedie arme : TS1 SDCCH/8 SS=0
  [sbwin] SB #69 fn=959 p51=41 tick=1635 : armee=0 one_shot=0 page_prog=151 rif_avant=0 nwin=0 marge=0 -> DMA NON ARMEE (le RIF jette) : SCH memorise pour la fenetre SB (dans une vraie fenetre SB : 2/69)
  [montant] SDCCH UL fn=1640 task=0x000c L2=07 00 01 03 49 06 15 00 40 01 c0 00 00 00 00 00 00 00 00 00 00 00 00
  [BSP] dedie : DESACCORD fn=965 p51=47 p102=47 : table=0 tpu=1 (offset=439 ref=4814, tn_fenetre=1) [1 fois]
  [BSP] dedie : DESACCORD fn=966 p51=48 p102=48 : table=0 tpu=1 (offset=439 ref=4814, tn_fenetre=1) [2 fois]
  [BSP] dedie : DESACCORD fn=967 p51=49 p102=49 : table=0 tpu=1 (offset=439 ref=4814, tn_fenetre=1) [3 fois]
  [BSP] dedie : DESACCORD fn=968 p51=50 p102=50 : table=0 tpu=1 (offset=439 ref=4814, tn_fenetre=1) [4 fois]
  [ts0] tick=1645 fn=969 p51=0 NB fenetre=151 marge=3 rif_avant=0  <- canal dedie
  [ts0] tick=1646 fn=970 p51=1 NB fenetre=151 marge=3 rif_avant=0  <- canal dedie
  [ts0] tick=1647 fn=971 p51=2 NB fenetre=151 marge=3 rif_avant=0  <- canal dedie
  [ts0] tick=1648 fn=972 p51=3 NB fenetre=151 marge=3 rif_avant=0  <- canal dedie
  [a_cd] fn=1648 p51=16 p102=16 etat=8000 ok L2=03 03 01 2b | ok=1 ko=1
  [BSP] dedie : DESACCORD fn=973 p51=4 p102=55 : table=0 tpu=1 (offset=439 ref=4814, tn_fenetre=1) [5 fois]
  [BSP] dedie : DESACCORD fn=974 p51=5 p102=56 : table=0 tpu=1 (offset=439 ref=4814, tn_fenetre=1) [6 fois]
  [BSP] dedie : DESACCORD fn=975 p51=6 p102=57 : table=0 tpu=1 (offset=439 ref=4814, tn_fenetre=1) [7 fois]
  [BSP] dedie : DESACCORD fn=976 p51=7 p102=58 : table=0 tpu=1 (offset=439 ref=4814, tn_fenetre=1) [8 fois]
  [BSP] dedie : DESACCORD fn=977 p51=8 p102=59 : table=0 tpu=1 (offset=439 ref=4814, tn_fenetre=1) [9 fois]
  [BSP] dedie : DESACCORD fn=978 p51=9 p102=60 : table=0 tpu=1 (offset=439 ref=4814, tn_fenetre=1) [10 fois]
  [BSP] dedie : DESACCORD fn=979 p51=10 p102=61 : table=0 tpu=1 (offset=439 ref=4814, tn_fenetre=1) [11 fois]
  [BSP] dedie : DESACCORD fn=980 p51=11 p102=62 : table=0 tpu=1 (offset=439 ref=4814, tn_fenetre=1) [12 fois]
  [sbwin] SB #70 fn=980 p51=11 tick=1656 : armee=0 one_shot=0 page_prog=151 rif_avant=0 nwin=0 marge=0 -> DMA NON ARMEE (le RIF jette) : SCH memorise pour la fenetre SB (dans une vraie fenetre SB : 2/70)
  [BSP] dedie : DESACCORD fn=981 p51=12 p102=63 : table=0 tpu=1 (offset=439 ref=4814, tn_fenetre=1) [13 fois]
  [BSP] dedie : DESACCORD fn=982 p51=13 p102=64 : table=0 tpu=1 (offset=439 ref=4814, tn_fenetre=1) [14 fois]
  [BSP] dedie : DESACCORD fn=983 p51=14 p102=65 : table=0 tpu=1 (offset=439 ref=4814, tn_fenetre=1) [15 fois]
  [montant] SDCCH UL fn=1659 task=0x000c L2=01 3f 49 05 08 70 00 f1 10 ff fe 30 08 09 10 10 00 10 00 00 10 2b 2b
  [BSP] dedie : DESACCORD fn=984 p51=15 p102=66 : table=0 tpu=1 (offset=439 ref=4814, tn_fenetre=1) [16 fois]
  [BSP] dedie : DESACCORD fn=985 p51=16 p102=67 : table=0 tpu=1 (offset=439 ref=4814, tn_fenetre=1) [17 fois]
  [BSP] dedie : DESACCORD fn=986 p51=17 p102=68 : table=0 tpu=1 (offset=439 ref=4814, tn_fenetre=1) [18 fois]
  [BSP] dedie : DESACCORD fn=987 p51=18 p102=69 : table=0 tpu=1 (offset=439 ref=4814, tn_fenetre=1) [19 fois]
  [BSP] dedie : DESACCORD fn=988 p51=19 p102=70 : table=0 tpu=1 (offset=439 ref=4814, tn_fenetre=1) [20 fois]
  [BSP] dedie : DESACCORD fn=989 p51=20 p102=71 : table=0 tpu=1 (offset=439 ref=4814, tn_fenetre=1) [21 fois]
  [BSP] dedie : DESACCORD fn=990 p51=21 p102=72 : table=0 tpu=1 (offset=439 ref=4814, tn_fenetre=1) [22 fois]
  [sbwin] SB #71 fn=990 p51=21 tick=1666 : armee=0 one_shot=0 page_prog=151 rif_avant=0 nwin=0 marge=0 -> DMA NON ARMEE (le RIF jette) : SCH memorise pour la fenetre SB (dans une vraie fenetre SB : 2/71)
  [BSP] dedie : DESACCORD fn=991 p51=22 p102=73 : table=0 tpu=1 (offset=439 ref=4814, tn_fenetre=1) [23 fois]
  [BSP] dedie : DESACCORD fn=992 p51=23 p102=74 : table=0 tpu=1 (offset=439 ref=4814, tn_fenetre=1) [24 fois]
  [BSP] dedie : DESACCORD fn=993 p51=24 p102=75 : table=0 tpu=1 (offset=439 ref=4814, tn_fenetre=1) [25 fois]
  [BSP] dedie : DESACCORD fn=994 p51=25 p102=76 : table=0 tpu=1 (offset=439 ref=4814, tn_fenetre=1) [26 fois]
  [BSP] dedie : DESACCORD fn=995 p51=26 p102=77 : table=0 tpu=1 (offset=439 ref=4814, tn_fenetre=1) [27 fois]
  [BSP] dedie : DESACCORD fn=996 p51=27 p102=78 : table=0 tpu=1 (offset=439 ref=4814, tn_fenetre=1) [28 fois]
  [BSP] dedie : DESACCORD fn=997 p51=28 p102=79 : table=0 tpu=1 (offset=439 ref=4814, tn_fenetre=1) [29 fois]
  [BSP] dedie : DESACCORD fn=998 p51=29 p102=80 : table=0 tpu=1 (offset=439 ref=4814, tn_fenetre=1) [30 fois]
  [BSP] dedie : DESACCORD fn=999 p51=30 p102=81 : table=0 tpu=1 (offset=439 ref=4814, tn_fenetre=1) [31 fois]
  [BSP] dedie : DESACCORD fn=1000 p51=31 p102=82 : table=0 tpu=1 (offset=439 ref=4814, tn_fenetre=1) [32 fois]
  [sbwin] SB #72 fn=1000 p51=31 tick=1676 : armee=0 one_shot=0 page_prog=151 rif_avant=0 nwin=0 marge=0 -> DMA NON ARMEE (le RIF jette) : SCH memorise pour la fenetre SB (dans une vraie fenetre SB : 2/72)
  [BSP] dedie : DESACCORD fn=1001 p51=32 p102=83 : table=0 tpu=1 (offset=439 ref=4814, tn_fenetre=1) [33 fois]
  [BSP] dedie : DESACCORD fn=1002 p51=33 p102=84 : table=0 tpu=1 (offset=439 ref=4814, tn_fenetre=1) [34 fois]
  [BSP] dedie : DESACCORD fn=1003 p51=34 p102=85 : table=0 tpu=1 (offset=439 ref=4814, tn_fenetre=1) [35 fois]
  [BSP] dedie : DESACCORD fn=1004 p51=35 p102=86 : table=0 tpu=1 (offset=439 ref=4814, tn_fenetre=1) [36 fois]
  [BSP] dedie : DESACCORD fn=1005 p51=36 p102=87 : table=0 tpu=1 (offset=439 ref=4814, tn_fenetre=1) [37 fois]
  [BSP] dedie : DESACCORD fn=1006 p51=37 p102=88 : table=0 tpu=1 (offset=439 ref=4814, tn_fenetre=1) [38 fois]
  [BSP] dedie : DESACCORD fn=1007 p51=38 p102=89 : table=0 tpu=1 (offset=439 ref=4814, tn_fenetre=1) [39 fois]
  [BSP] dedie : DESACCORD fn=1008 p51=39 p102=90 : table=0 tpu=1 (offset=439 ref=4814, tn_fenetre=1) [40 fois]
  [sbwin] SB #73 fn=1010 p51=41 tick=1686 : armee=0 one_shot=0 page_prog=151 rif_avant=0 nwin=0 marge=0 -> DMA NON ARMEE (le RIF jette) : SCH memorise pour la fenetre SB (dans une vraie fenetre SB : 2/73)
  [ts0] tick=1696 fn=1020 p51=0 NB fenetre=151 marge=3 rif_avant=0  <- canal dedie
  [ts0] tick=1697 fn=1021 p51=1 NB fenetre=151 marge=3 rif_avant=0  <- canal dedie
  [ts0] tick=1698 fn=1022 p51=2 NB fenetre=151 marge=3 rif_avant=0  <- canal dedie
  [ts0] tick=1699 fn=1023 p51=3 NB fenetre=151 marge=3 rif_avant=0  <- canal dedie
  [sbwin] SB #74 fn=1031 p51=11 tick=1707 : armee=0 one_shot=0 page_prog=151 rif_avant=0 nwin=0 marge=0 -> DMA NON ARMEE (le RIF jette) : SCH memorise pour la fenetre SB (dans une vraie fenetre SB : 2/74)
  [sbwin] SB #75 fn=1041 p51=21 tick=1717 : armee=0 one_shot=0 page_prog=151 rif_avant=0 nwin=0 marge=0 -> DMA NON ARMEE (le RIF jette) : SCH memorise pour la fenetre SB (dans une vraie fenetre SB : 2/75)
  [sbwin] SB #76 fn=1051 p51=31 tick=1727 : armee=0 one_shot=0 page_prog=151 rif_avant=0 nwin=0 marge=0 -> DMA NON ARMEE (le RIF jette) : SCH memorise pour la fenetre SB (dans une vraie fenetre SB : 2/76)
  [ts0] tick=1728 fn=1052 p51=32 NB fenetre=151 marge=3 rif_avant=0  <- canal dedie
  [ts0] tick=1729 fn=1053 p51=33 NB fenetre=151 marge=3 rif_avant=0  <- canal dedie
  [ts0] tick=1730 fn=1054 p51=34 NB fenetre=151 marge=3 rif_avant=0  <- canal dedie
  [ts0] tick=1731 fn=1055 p51=35 NB fenetre=151 marge=3 rif_avant=0  <- canal dedie
  profil PC (17023 tranches, high-water 0xde92) : 9a80:11% 8240:9% 8380:8% 8200:4% 83c0:4% 8300:4% 8540:4% 9a40:3% a0c0:3% 81c0:3% 82c0:3% a680:2%
  fn=1734    page=0 insn=121     IDLE   d_fb_det=0     a_sch=0100 0000 0000 0000 sync=0000 1530 ffff  | trames=1736 irq=0 iq=0
  hacks actifs : RHEA_DMA ; cadencement : STREAM LOCKSTEP  ; stimulus : none
  [sbwin] SB #77 fn=1061 p51=41 tick=1737 : armee=0 one_shot=0 page_prog=151 rif_avant=0 nwin=0 marge=0 -> DMA NON ARMEE (le RIF jette) : SCH memorise pour la fenetre SB (dans une vraie fenetre SB : 2/77)
  [montant] SDCCH UL fn=1742 task=0x000c L2=07 00 01 03 49 06 15 00 40 01 c0 00 00 00 00 00 00 00 00 00 00 00 00
  [ts0] tick=1747 fn=1071 p51=0 NB fenetre=151 marge=3 rif_avant=0  <- canal dedie
  [ts0] tick=1748 fn=1072 p51=1 NB fenetre=151 marge=3 rif_avant=0  <- canal dedie
  [ts0] tick=1749 fn=1073 p51=2 NB fenetre=151 marge=3 rif_avant=0  <- canal dedie
  [ts0] tick=1750 fn=1074 p51=3 NB fenetre=151 marge=3 rif_avant=0  <- canal dedie
  [sbwin] SB #78 fn=1082 p51=11 tick=1758 : armee=0 one_shot=0 page_prog=151 rif_avant=0 nwin=0 marge=0 -> DMA NON ARMEE (le RIF jette) : SCH memorise pour la fenetre SB (dans une vraie fenetre SB : 2/78)
  [sbwin] SB #79 fn=1092 p51=21 tick=1768 : armee=0 one_shot=0 page_prog=151 rif_avant=0 nwin=0 marge=0 -> DMA NON ARMEE (le RIF jette) : SCH memorise pour la fenetre SB (dans une vraie fenetre SB : 2/79)
  [sbwin] SB #80 fn=1102 p51=31 tick=1778 : armee=0 one_shot=0 page_prog=151 rif_avant=0 nwin=0 marge=0 -> DMA NON ARMEE (le RIF jette) : SCH memorise pour la fenetre SB (dans une vraie fenetre SB : 2/80)
  [sbwin] SB #81 fn=1112 p51=41 tick=1788 : armee=0 one_shot=0 page_prog=151 rif_avant=0 nwin=0 marge=0 -> DMA NON ARMEE (le RIF jette) : SCH memorise pour la fenetre SB (dans une vraie fenetre SB : 2/81)
  [ts0] tick=1798 fn=1122 p51=0 NB fenetre=151 marge=3 rif_avant=0  <- canal dedie
  [ts0] tick=1799 fn=1123 p51=1 NB fenetre=151 marge=3 rif_avant=0  <- canal dedie
  [ts0] tick=1800 fn=1124 p51=2 NB fenetre=151 marge=3 rif_avant=0  <- canal dedie
  [ts0] tick=1801 fn=1125 p51=3 NB fenetre=151 marge=3 rif_avant=0  <- canal dedie
  [sbwin] SB #82 fn=1133 p51=11 tick=1809 : armee=0 one_shot=0 page_prog=151 rif_avant=0 nwin=0 marge=0 -> DMA NON ARMEE (le RIF jette) : SCH memorise pour la fenetre SB (dans une vraie fenetre SB : 2/82)
  [montant] SDCCH UL fn=1812 task=0x000c L2=03 21 01 2b 2b 2b 2b 2b 2b 2b 2b 2b 2b 2b 2b 2b 2b 2b 2b 2b 2b 2b 2b
  [sbwin] SB #83 fn=1143 p51=21 tick=1819 : armee=0 one_shot=0 page_prog=151 rif_avant=0 nwin=0 marge=0 -> DMA NON ARMEE (le RIF jette) : SCH memorise pour la fenetre SB (dans une vraie fenetre SB : 2/83)
  [sbwin] SB #84 fn=1153 p51=31 tick=1829 : armee=0 one_shot=0 page_prog=151 rif_avant=0 nwin=0 marge=0 -> DMA NON ARMEE (le RIF jette) : SCH memorise pour la fenetre SB (dans une vraie fenetre SB : 2/84)
  [ts0] tick=1830 fn=1154 p51=32 NB fenetre=151 marge=3 rif_avant=0  <- canal dedie
  [ts0] tick=1831 fn=1155 p51=33 NB fenetre=151 marge=3 rif_avant=0  <- canal dedie
  [ts0] tick=1832 fn=1156 p51=34 NB fenetre=151 marge=3 rif_avant=0  <- canal dedie
  [ts0] tick=1833 fn=1157 p51=35 NB fenetre=151 marge=3 rif_avant=0  <- canal dedie
  [sbwin] SB #85 fn=1163 p51=41 tick=1839 : armee=0 one_shot=0 page_prog=151 rif_avant=0 nwin=0 marge=0 -> DMA NON ARMEE (le RIF jette) : SCH memorise pour la fenetre SB (dans une vraie fenetre SB : 2/85)
  [montant] SDCCH UL fn=1844 task=0x000c L2=07 00 01 03 49 06 15 3f 3f 01 c0 00 00 00 00 00 00 00 00 00 00 00 00
  [ts0] tick=1849 fn=1173 p51=0 NB fenetre=151 marge=3 rif_avant=0  <- canal dedie
  [ts0] tick=1850 fn=1174 p51=1 NB fenetre=151 marge=3 rif_avant=0  <- canal dedie
  [ts0] tick=1851 fn=1175 p51=2 NB fenetre=151 marge=3 rif_avant=0  <- canal dedie
  [ts0] tick=1852 fn=1176 p51=3 NB fenetre=151 marge=3 rif_avant=0  <- canal dedie
  [sbwin] SB #86 fn=1184 p51=11 tick=1860 : armee=0 one_shot=0 page_prog=151 rif_avant=0 nwin=0 marge=0 -> DMA NON ARMEE (le RIF jette) : SCH memorise pour la fenetre SB (dans une vraie fenetre SB : 2/86)
  [montant] SDCCH UL fn=1863 task=0x000c L2=01 20 31 05 59 09 33 85 29 05 80 69 57 49 f0 2b 2b 2b 2b 2b 2b 2b 2b
  [BSP] dedie : DESACCORD fn=1192 p51=19 p102=70 : table=0 tpu=1 (offset=439 ref=4814, tn_fenetre=1) [200 fois]
  [sbwin] SB #87 fn=1194 p51=21 tick=1870 : armee=0 one_shot=0 page_prog=151 rif_avant=0 nwin=0 marge=0 -> DMA NON ARMEE (le RIF jette) : SCH memorise pour la fenetre SB (dans une vraie fenetre SB : 2/87)
  [sbwin] SB #88 fn=1204 p51=31 tick=1880 : armee=0 one_shot=0 page_prog=151 rif_avant=0 nwin=0 marge=0 -> DMA NON ARMEE (le RIF jette) : SCH memorise pour la fenetre SB (dans une vraie fenetre SB : 2/88)
  [sbwin] SB #89 fn=1214 p51=41 tick=1890 : armee=0 one_shot=0 page_prog=151 rif_avant=0 nwin=0 marge=0 -> DMA NON ARMEE (le RIF jette) : SCH memorise pour la fenetre SB (dans une vraie fenetre SB : 2/89)
  [ts0] tick=1900 fn=1224 p51=0 NB fenetre=151 marge=3 rif_avant=0  <- canal dedie
  [ts0] tick=1901 fn=1225 p51=1 NB fenetre=151 marge=3 rif_avant=0  <- canal dedie
  [ts0] tick=1902 fn=1226 p51=2 NB fenetre=151 marge=3 rif_avant=0  <- canal dedie
  [ts0] tick=1903 fn=1227 p51=3 NB fenetre=151 marge=3 rif_avant=0  <- canal dedie
  [sbwin] SB #90 fn=1235 p51=11 tick=1911 : armee=0 one_shot=0 page_prog=151 rif_avant=0 nwin=0 marge=0 -> DMA NON ARMEE (le RIF jette) : SCH memorise pour la fenetre SB (dans une vraie fenetre SB : 2/90)
  [sbwin] SB #91 fn=1245 p51=21 tick=1921 : armee=0 one_shot=0 page_prog=151 rif_avant=0 nwin=0 marge=0 -> DMA NON ARMEE (le RIF jette) : SCH memorise pour la fenetre SB (dans une vraie fenetre SB : 2/91)
  [sbwin] SB #92 fn=1255 p51=31 tick=1931 : armee=0 one_shot=0 page_prog=151 rif_avant=0 nwin=0 marge=0 -> DMA NON ARMEE (le RIF jette) : SCH memorise pour la fenetre SB (dans une vraie fenetre SB : 2/92)
  [ts0] tick=1932 fn=1256 p51=32 NB fenetre=151 marge=3 rif_avant=0  <- canal dedie
  [ts0] tick=1933 fn=1257 p51=33 NB fenetre=151 marge=3 rif_avant=0  <- canal dedie
  [ts0] tick=1934 fn=1258 p51=34 NB fenetre=151 marge=3 rif_avant=0  <- canal dedie
  [ts0] tick=1935 fn=1259 p51=35 NB fenetre=151 marge=3 rif_avant=0  <- canal dedie
  [sbwin] SB #93 fn=1265 p51=41 tick=1941 : armee=0 one_shot=0 page_prog=151 rif_avant=0 nwin=0 marge=0 -> DMA NON ARMEE (le RIF jette) : SCH memorise pour la fenetre SB (dans une vraie fenetre SB : 2/93)
  [montant] SDCCH UL fn=1946 task=0x000c L2=07 00 01 03 49 06 15 3f 3f 01 c0 00 00 00 00 00 00 00 00 00 00 00 00
  [ts0] tick=1951 fn=1275 p51=0 NB fenetre=151 marge=3 rif_avant=0  <- canal dedie
  profil PC (9461 tranches, high-water 0xde92) : 8240:9% 9a80:9% 8380:8% a680:4% 83c0:4% 8200:4% 8300:4% 8540:4% 9a40:3% a0c0:3% 81c0:2% 82c0:2%
  fn=1951    page=1 insn=13778   IDLE   d_fb_det=0     a_sch=0100 0000 0000 0000 sync=0000 1530 ffff  | trames=1953 irq=0 iq=0
  [ts0] tick=1952 fn=1276 p51=1 NB fenetre=151 marge=3 rif_avant=0  <- canal dedie
  [ts0] tick=1953 fn=1277 p51=2 NB fenetre=151 marge=3 rif_avant=0  <- canal dedie
  [ts0] tick=1954 fn=1278 p51=3 NB fenetre=151 marge=3 rif_avant=0  <- canal dedie
  [sbwin] SB #94 fn=1286 p51=11 tick=1962 : armee=0 one_shot=0 page_prog=151 rif_avant=0 nwin=0 marge=0 -> DMA NON ARMEE (le RIF jette) : SCH memorise pour la fenetre SB (dans une vraie fenetre SB : 2/94)
  [sbwin] SB #95 fn=1296 p51=21 tick=1972 : armee=0 one_shot=0 page_prog=151 rif_avant=0 nwin=0 marge=0 -> DMA NON ARMEE (le RIF jette) : SCH memorise pour la fenetre SB (dans une vraie fenetre SB : 2/95)
  [sbwin] SB #96 fn=1306 p51=31 tick=1982 : armee=0 one_shot=0 page_prog=151 rif_avant=0 nwin=0 marge=0 -> DMA NON ARMEE (le RIF jette) : SCH memorise pour la fenetre SB (dans une vraie fenetre SB : 2/96)
  [sbwin] SB #97 fn=1316 p51=41 tick=1992 : armee=0 one_shot=0 page_prog=151 rif_avant=0 nwin=0 marge=0 -> DMA NON ARMEE (le RIF jette) : SCH memorise pour la fenetre SB (dans une vraie fenetre SB : 2/97)
  [chrono] fn=1998 sur 1000 trames (ms) : qemu 3.67 | A 0.06 | go 0.26 | B 0.21 | apres DONE 0.42 | trame 4.61 (temps reel 4.62)
  [ts0] tick=2002 fn=1326 p51=0 NB fenetre=151 marge=3 rif_avant=0  <- canal dedie
  [ts0] tick=2003 fn=1327 p51=1 NB fenetre=151 marge=3 rif_avant=0  <- canal dedie
  [ts0] tick=2004 fn=1328 p51=2 NB fenetre=151 marge=3 rif_avant=0  <- canal dedie
  [ts0] tick=2005 fn=1329 p51=3 NB fenetre=151 marge=3 rif_avant=0  <- canal dedie
  [sbwin] SB #98 fn=1337 p51=11 tick=2013 : armee=0 one_shot=0 page_prog=151 rif_avant=0 nwin=0 marge=0 -> DMA NON ARMEE (le RIF jette) : SCH memorise pour la fenetre SB (dans une vraie fenetre SB : 2/98)
  [montant] SDCCH UL fn=2016 task=0x000c L2=03 41 01 2b 2b 2b 2b 2b 2b 2b 2b 2b 2b 2b 2b 2b 2b 2b 2b 2b 2b 2b 2b
  [sbwin] SB #99 fn=1347 p51=21 tick=2023 : armee=0 one_shot=0 page_prog=151 rif_avant=0 nwin=0 marge=0 -> DMA NON ARMEE (le RIF jette) : SCH memorise pour la fenetre SB (dans une vraie fenetre SB : 2/99)
  [sbwin] SB #100 fn=1357 p51=31 tick=2033 : armee=0 one_shot=0 page_prog=151 rif_avant=0 nwin=0 marge=0 -> DMA NON ARMEE (le RIF jette) : SCH memorise pour la fenetre SB (dans une vraie fenetre SB : 2/100)
  [ts0] tick=2034 fn=1358 p51=32 NB fenetre=151 marge=3 rif_avant=0  <- canal dedie
  [ts0] tick=2035 fn=1359 p51=33 NB fenetre=151 marge=3 rif_avant=0  <- canal dedie
  [ts0] tick=2036 fn=1360 p51=34 NB fenetre=151 marge=3 rif_avant=0  <- canal dedie
  [ts0] tick=2037 fn=1361 p51=35 NB fenetre=151 marge=3 rif_avant=0  <- canal dedie
  [sbwin] SB #101 fn=1367 p51=41 tick=2043 : armee=0 one_shot=0 page_prog=151 rif_avant=0 nwin=0 marge=0 -> DMA NON ARMEE (le RIF jette) : SCH memorise pour la fenetre SB (dans une vraie fenetre SB : 2/101)
  [montant] SDCCH UL fn=2048 task=0x000c L2=07 00 01 03 49 06 15 bf 3f 00 00 00 00 00 00 00 00 00 00 00 00 00 00
  [ts0] tick=2053 fn=1377 p51=0 NB fenetre=151 marge=3 rif_avant=0  <- canal dedie
  [ts0] tick=2054 fn=1378 p51=1 NB fenetre=151 marge=3 rif_avant=0  <- canal dedie
  [ts0] tick=2055 fn=1379 p51=2 NB fenetre=151 marge=3 rif_avant=0  <- canal dedie
  [ts0] tick=2056 fn=1380 p51=3 NB fenetre=151 marge=3 rif_avant=0  <- canal dedie
  [sbwin] SB #102 fn=1388 p51=11 tick=2064 : armee=0 one_shot=0 page_prog=151 rif_avant=0 nwin=0 marge=0 -> DMA NON ARMEE (le RIF jette) : SCH memorise pour la fenetre SB (dans une vraie fenetre SB : 2/102)
  [montant] SDCCH UL fn=2067 task=0x000c L2=01 42 19 05 14 21 17 fe ad 2b 2b 2b 2b 2b 2b 2b 2b 2b 2b 2b 2b 2b 2b
  [sbwin] SB #103 fn=1398 p51=21 tick=2074 : armee=0 one_shot=0 page_prog=151 rif_avant=0 nwin=0 marge=0 -> DMA NON ARMEE (le RIF jette) : SCH memorise pour la fenetre SB (dans une vraie fenetre SB : 2/103)
  [sbwin] SB #104 fn=1408 p51=31 tick=2084 : armee=0 one_shot=0 page_prog=151 rif_avant=0 nwin=0 marge=0 -> DMA NON ARMEE (le RIF jette) : SCH memorise pour la fenetre SB (dans une vraie fenetre SB : 2/104)
  [BSP] dedie : DESACCORD fn=1416 p51=39 p102=90 : table=0 tpu=1 (offset=439 ref=4814, tn_fenetre=1) [400 fois]
  [sbwin] SB #105 fn=1418 p51=41 tick=2094 : armee=0 one_shot=0 page_prog=151 rif_avant=0 nwin=0 marge=0 -> DMA NON ARMEE (le RIF jette) : SCH memorise pour la fenetre SB (dans une vraie fenetre SB : 2/105)
  [ts0] tick=2104 fn=1428 p51=0 NB fenetre=151 marge=3 rif_avant=0  <- canal dedie
  [ts0] tick=2105 fn=1429 p51=1 NB fenetre=151 marge=3 rif_avant=0  <- canal dedie
  [ts0] tick=2106 fn=1430 p51=2 NB fenetre=151 marge=3 rif_avant=0  <- canal dedie
  [ts0] tick=2107 fn=1431 p51=3 NB fenetre=151 marge=3 rif_avant=0  <- canal dedie
  [sbwin] SB #106 fn=1439 p51=11 tick=2115 : armee=0 one_shot=0 page_prog=151 rif_avant=0 nwin=0 marge=0 -> DMA NON ARMEE (le RIF jette) : SCH memorise pour la fenetre SB (dans une vraie fenetre SB : 2/106)
  [sbwin] SB #107 fn=1449 p51=21 tick=2125 : armee=0 one_shot=0 page_prog=151 rif_avant=0 nwin=0 marge=0 -> DMA NON ARMEE (le RIF jette) : SCH memorise pour la fenetre SB (dans une vraie fenetre SB : 2/107)
  [sbwin] SB #108 fn=1459 p51=31 tick=2135 : armee=0 one_shot=0 page_prog=151 rif_avant=0 nwin=0 marge=0 -> DMA NON ARMEE (le RIF jette) : SCH memorise pour la fenetre SB (dans une vraie fenetre SB : 2/108)
  [ts0] tick=2136 fn=1460 p51=32 NB fenetre=151 marge=3 rif_avant=0  <- canal dedie
  [ts0] tick=2137 fn=1461 p51=33 NB fenetre=151 marge=3 rif_avant=0  <- canal dedie
  [ts0] tick=2138 fn=1462 p51=34 NB fenetre=151 marge=3 rif_avant=0  <- canal dedie
  [ts0] tick=2139 fn=1463 p51=35 NB fenetre=151 marge=3 rif_avant=0  <- canal dedie
  [sbwin] SB #109 fn=1469 p51=41 tick=2145 : armee=0 one_shot=0 page_prog=151 rif_avant=0 nwin=0 marge=0 -> DMA NON ARMEE (le RIF jette) : SCH memorise pour la fenetre SB (dans une vraie fenetre SB : 2/109)
  [montant] SDCCH UL fn=2150 task=0x000c L2=07 00 01 03 49 06 15 bf 3f 00 00 00 00 00 00 00 00 00 00 00 00 00 00
  [ts0] tick=2155 fn=1479 p51=0 NB fenetre=151 marge=3 rif_avant=0  <- canal dedie
  [ts0] tick=2156 fn=1480 p51=1 NB fenetre=151 marge=3 rif_avant=0  <- canal dedie
  [ts0] tick=2157 fn=1481 p51=2 NB fenetre=151 marge=3 rif_avant=0  <- canal dedie
  [ts0] tick=2158 fn=1482 p51=3 NB fenetre=151 marge=3 rif_avant=0  <- canal dedie
  [sbwin] SB #110 fn=1490 p51=11 tick=2166 : armee=0 one_shot=0 page_prog=151 rif_avant=0 nwin=0 marge=0 -> DMA NON ARMEE (le RIF jette) : SCH memorise pour la fenetre SB (dans une vraie fenetre SB : 2/110)
  profil PC (10104 tranches, high-water 0xde92) : 9a80:10% 8240:9% 8380:8% 83c0:4% a680:4% 8200:4% 8300:4% 8540:4% 9a40:3% a0c0:3% 81c0:2% 82c0:2%
  fn=2168    page=0 insn=121     IDLE   d_fb_det=0     a_sch=0100 0000 0000 0000 sync=0000 1530 ffff  | trames=2170 irq=0 iq=0
  [sbwin] SB #111 fn=1500 p51=21 tick=2176 : armee=0 one_shot=0 page_prog=151 rif_avant=0 nwin=0 marge=0 -> DMA NON ARMEE (le RIF jette) : SCH memorise pour la fenetre SB (dans une vraie fenetre SB : 2/111)
  [sbwin] SB #112 fn=1510 p51=31 tick=2186 : armee=0 one_shot=0 page_prog=151 rif_avant=0 nwin=0 marge=0 -> DMA NON ARMEE (le RIF jette) : SCH memorise pour la fenetre SB (dans une vraie fenetre SB : 2/112)
  [sbwin] SB #113 fn=1520 p51=41 tick=2196 : armee=0 one_shot=0 page_prog=151 rif_avant=0 nwin=0 marge=0 -> DMA NON ARMEE (le RIF jette) : SCH memorise pour la fenetre SB (dans une vraie fenetre SB : 2/113)
  [ts0] tick=2206 fn=1530 p51=0 NB fenetre=151 marge=3 rif_avant=0  <- canal dedie
  [ts0] tick=2207 fn=1531 p51=1 NB fenetre=151 marge=3 rif_avant=0  <- canal dedie
  [ts0] tick=2208 fn=1532 p51=2 NB fenetre=151 marge=3 rif_avant=0  <- canal dedie
  [ts0] tick=2209 fn=1533 p51=3 NB fenetre=151 marge=3 rif_avant=0  <- canal dedie
  [a5-arm] tick=2211 d_a5mode=1 a_kc=0400 8cb5 376a feb1
  [montant] chiffrement A5/1 : Kc publie vers /dev/shm/calypso_kc_l1 (seq=2)
  [sbwin] SB #114 fn=1541 p51=11 tick=2217 : armee=0 one_shot=0 page_prog=151 rif_avant=0 nwin=0 marge=0 -> DMA NON ARMEE (le RIF jette) : SCH memorise pour la fenetre SB (dans une vraie fenetre SB : 2/114)
  [montant] SDCCH UL fn=2220 task=0x000c L2=03 61 01 2b 2b 2b 2b 2b 2b 2b 2b 2b 2b 2b 2b 2b 2b 2b 2b 2b 2b 2b 2b
  [a5] #0 A5/1 fn=1545 (T1=1 T2=11 T3=15) Kc=feb1376a8cb50400 (NOUVEAU Kc) | dernier depot BSP fn=1544 (ecart +1)
  [a5] #1 A5/1 fn=1545 (T1=1 T2=11 T3=15) Kc=feb1376a8cb50400 | dernier depot BSP fn=1544 (ecart +1)
  [a5] #2 A5/1 fn=1545 (T1=1 T2=11 T3=15) Kc=feb1376a8cb50400 | dernier depot BSP fn=1544 (ecart +1)
  [a5] #3 A5/1 fn=1546 (T1=1 T2=12 T3=16) Kc=feb1376a8cb50400 | dernier depot BSP fn=1545 (ecart +1)
  [a5] #4 A5/1 fn=1546 (T1=1 T2=12 T3=16) Kc=feb1376a8cb50400 | dernier depot BSP fn=1545 (ecart +1)
  [a5] #5 A5/1 fn=1546 (T1=1 T2=12 T3=16) Kc=feb1376a8cb50400 | dernier depot BSP fn=1545 (ecart +1)
  [a5] #6 A5/1 fn=1547 (T1=1 T2=13 T3=17) Kc=feb1376a8cb50400 | dernier depot BSP fn=1546 (ecart +1)
  [a5] #7 A5/1 fn=1547 (T1=1 T2=13 T3=17) Kc=feb1376a8cb50400 | dernier depot BSP fn=1546 (ecart +1)
  [sbwin] SB #115 fn=1551 p51=21 tick=2227 : armee=0 one_shot=0 page_prog=151 rif_avant=0 nwin=0 marge=0 -> DMA NON ARMEE (le RIF jette) : SCH memorise pour la fenetre SB (dans une vraie fenetre SB : 2/115)
  [sbwin] SB #116 fn=1561 p51=31 tick=2237 : armee=0 one_shot=0 page_prog=151 rif_avant=0 nwin=0 marge=0 -> DMA NON ARMEE (le RIF jette) : SCH memorise pour la fenetre SB (dans une vraie fenetre SB : 2/116)
  [ts0] tick=2238 fn=1562 p51=32 NB fenetre=151 marge=3 rif_avant=0  <- canal dedie
  [ts0] tick=2239 fn=1563 p51=33 NB fenetre=151 marge=3 rif_avant=0  <- canal dedie
  [ts0] tick=2240 fn=1564 p51=34 NB fenetre=151 marge=3 rif_avant=0  <- canal dedie
  [ts0] tick=2241 fn=1565 p51=35 NB fenetre=151 marge=3 rif_avant=0  <- canal dedie
  [a_cd] fn=2241 p51=48 p102=99 etat=8040 FIRE KO L2=6a 78 f2 3d | ok=1 ko=2
  [sbwin] SB #117 fn=1571 p51=41 tick=2247 : armee=0 one_shot=0 page_prog=151 rif_avant=0 nwin=0 marge=0 -> DMA NON ARMEE (le RIF jette) : SCH memorise pour la fenetre SB (dans une vraie fenetre SB : 2/117)
  [montant] SDCCH UL fn=2252 task=0x000c L2=07 00 01 03 49 06 15 bf 3f 00 00 00 00 00 00 00 00 00 00 00 00 00 00
  [ts0] tick=2257 fn=1581 p51=0 NB fenetre=151 marge=3 rif_avant=0  <- canal dedie
  [ts0] tick=2258 fn=1582 p51=1 NB fenetre=151 marge=3 rif_avant=0  <- canal dedie
  [ts0] tick=2259 fn=1583 p51=2 NB fenetre=151 marge=3 rif_avant=0  <- canal dedie
  [ts0] tick=2260 fn=1584 p51=3 NB fenetre=151 marge=3 rif_avant=0  <- canal dedie
  [sbwin] SB #118 fn=1592 p51=11 tick=2268 : armee=0 one_shot=0 page_prog=151 rif_avant=0 nwin=0 marge=0 -> DMA NON ARMEE (le RIF jette) : SCH memorise pour la fenetre SB (dans une vraie fenetre SB : 2/118)
  [montant] SDCCH UL fn=2271 task=0x000c L2=01 64 35 06 32 17 09 33 85 29 05 80 69 57 49 f0 2b 2b 2b 2b 2b 2b 2b
  [sbwin] SB #119 fn=1602 p51=21 tick=2278 : armee=0 one_shot=0 page_prog=151 rif_avant=0 nwin=0 marge=0 -> DMA NON ARMEE (le RIF jette) : SCH memorise pour la fenetre SB (dans une vraie fenetre SB : 2/119)
  [sbwin] SB #120 fn=1612 p51=31 tick=2288 : armee=0 one_shot=0 page_prog=151 rif_avant=0 nwin=0 marge=0 -> DMA NON ARMEE (le RIF jette) : SCH memorise pour la fenetre SB (dans une vraie fenetre SB : 2/120)
  [sbwin] SB #121 fn=1622 p51=41 tick=2298 : armee=0 one_shot=0 page_prog=151 rif_avant=0 nwin=0 marge=0 -> DMA NON ARMEE (le RIF jette) : SCH memorise pour la fenetre SB (dans une vraie fenetre SB : 2/121)
  [ts0] tick=2308 fn=1632 p51=0 NB fenetre=151 marge=3 rif_avant=0  <- canal dedie
  [ts0] tick=2309 fn=1633 p51=1 NB fenetre=151 marge=3 rif_avant=0  <- canal dedie
  [ts0] tick=2310 fn=1634 p51=2 NB fenetre=151 marge=3 rif_avant=0  <- canal dedie
  [ts0] tick=2311 fn=1635 p51=3 NB fenetre=151 marge=3 rif_avant=0  <- canal dedie
  [sbwin] SB #122 fn=1643 p51=11 tick=2319 : armee=0 one_shot=0 page_prog=151 rif_avant=0 nwin=0 marge=0 -> DMA NON ARMEE (le RIF jette) : SCH memorise pour la fenetre SB (dans une vraie fenetre SB : 2/122)
  [BSP] dedie : DESACCORD fn=1644 p51=12 p102=12 : table=0 tpu=1 (offset=439 ref=4814, tn_fenetre=1) [600 fois]
  [sbwin] SB #123 fn=1653 p51=21 tick=2329 : armee=0 one_shot=0 page_prog=151 rif_avant=0 nwin=0 marge=0 -> DMA NON ARMEE (le RIF jette) : SCH memorise pour la fenetre SB (dans une vraie fenetre SB : 2/123)
  [sbwin] SB #124 fn=1663 p51=31 tick=2339 : armee=0 one_shot=0 page_prog=151 rif_avant=0 nwin=0 marge=0 -> DMA NON ARMEE (le RIF jette) : SCH memorise pour la fenetre SB (dans une vraie fenetre SB : 2/124)
  [ts0] tick=2340 fn=1664 p51=32 NB fenetre=151 marge=3 rif_avant=0  <- canal dedie
  [ts0] tick=2341 fn=1665 p51=33 NB fenetre=151 marge=3 rif_avant=0  <- canal dedie
  [ts0] tick=2342 fn=1666 p51=34 NB fenetre=151 marge=3 rif_avant=0  <- canal dedie
  [ts0] tick=2343 fn=1667 p51=35 NB fenetre=151 marge=3 rif_avant=0  <- canal dedie
  [a_cd] fn=2343 p51=48 p102=99 etat=8000 ok L2=08 00 03 03 | ok=2 ko=2
  [sbwin] SB #125 fn=1673 p51=41 tick=2349 : armee=0 one_shot=0 page_prog=151 rif_avant=0 nwin=0 marge=0 -> DMA NON ARMEE (le RIF jette) : SCH memorise pour la fenetre SB (dans une vraie fenetre SB : 2/125)
  [montant] SDCCH UL fn=2354 task=0x000c L2=07 00 01 03 49 06 15 bf 3f 00 00 00 00 00 00 00 00 00 00 00 00 00 00
  [ts0] tick=2359 fn=1683 p51=0 NB fenetre=151 marge=3 rif_avant=0  <- canal dedie
  [ts0] tick=2360 fn=1684 p51=1 NB fenetre=151 marge=3 rif_avant=0  <- canal dedie
  [ts0] tick=2361 fn=1685 p51=2 NB fenetre=151 marge=3 rif_avant=0  <- canal dedie
  [ts0] tick=2362 fn=1686 p51=3 NB fenetre=151 marge=3 rif_avant=0  <- canal dedie
  [sbwin] SB #126 fn=1694 p51=11 tick=2370 : armee=0 one_shot=0 page_prog=151 rif_avant=0 nwin=0 marge=0 -> DMA NON ARMEE (le RIF jette) : SCH memorise pour la fenetre SB (dans une vraie fenetre SB : 2/126)
  [sbwin] SB #127 fn=1704 p51=21 tick=2380 : armee=0 one_shot=0 page_prog=151 rif_avant=0 nwin=0 marge=0 -> DMA NON ARMEE (le RIF jette) : SCH memorise pour la fenetre SB (dans une vraie fenetre SB : 2/127)
  profil PC (9635 tranches, high-water 0xde92) : 9a80:9% 8240:9% 8380:8% a680:4% 83c0:4% 8200:4% 8300:3% 8540:3% 9a40:3% a0c0:3% 81c0:2% 82c0:2%
  fn=2385    page=0 insn=121     IDLE   d_fb_det=0     a_sch=0100 0000 0000 0000 sync=0000 1530 ffff  | trames=2387 irq=0 iq=0
  [sbwin] SB #128 fn=1714 p51=31 tick=2390 : armee=0 one_shot=0 page_prog=151 rif_avant=0 nwin=0 marge=0 -> DMA NON ARMEE (le RIF jette) : SCH memorise pour la fenetre SB (dans une vraie fenetre SB : 2/128)
  [sbwin] SB #129 fn=1724 p51=41 tick=2400 : armee=0 one_shot=0 page_prog=151 rif_avant=0 nwin=0 marge=0 -> DMA NON ARMEE (le RIF jette) : SCH memorise pour la fenetre SB (dans une vraie fenetre SB : 2/129)
  [ts0] tick=2410 fn=1734 p51=0 NB fenetre=151 marge=3 rif_avant=0  <- canal dedie
  [ts0] tick=2411 fn=1735 p51=1 NB fenetre=151 marge=3 rif_avant=0  <- canal dedie
  [ts0] tick=2412 fn=1736 p51=2 NB fenetre=151 marge=3 rif_avant=0  <- canal dedie
  [ts0] tick=2413 fn=1737 p51=3 NB fenetre=151 marge=3 rif_avant=0  <- canal dedie
  [sbwin] SB #130 fn=1745 p51=11 tick=2421 : armee=0 one_shot=0 page_prog=151 rif_avant=0 nwin=0 marge=0 -> DMA NON ARMEE (le RIF jette) : SCH memorise pour la fenetre SB (dans une vraie fenetre SB : 2/130)
  [montant] SDCCH UL fn=2424 task=0x000c L2=03 81 01 2b 2b 2b 2b 2b 2b 2b 2b 2b 2b 2b 2b 2b 2b 2b 2b 2b 2b 2b 2b
  [sbwin] SB #131 fn=1755 p51=21 tick=2431 : armee=0 one_shot=0 page_prog=151 rif_avant=0 nwin=0 marge=0 -> DMA NON ARMEE (le RIF jette) : SCH memorise pour la fenetre SB (dans une vraie fenetre SB : 2/131)
  [sbwin] SB #132 fn=1765 p51=31 tick=2441 : armee=0 one_shot=0 page_prog=151 rif_avant=0 nwin=0 marge=0 -> DMA NON ARMEE (le RIF jette) : SCH memorise pour la fenetre SB (dans une vraie fenetre SB : 2/132)
  [ts0] tick=2442 fn=1766 p51=32 NB fenetre=151 marge=3 rif_avant=0  <- canal dedie
  [ts0] tick=2443 fn=1767 p51=33 NB fenetre=151 marge=3 rif_avant=0  <- canal dedie
  [ts0] tick=2444 fn=1768 p51=34 NB fenetre=151 marge=3 rif_avant=0  <- canal dedie
  [ts0] tick=2445 fn=1769 p51=35 NB fenetre=151 marge=3 rif_avant=0  <- canal dedie
  [sbwin] SB #133 fn=1775 p51=41 tick=2451 : armee=0 one_shot=0 page_prog=151 rif_avant=0 nwin=0 marge=0 -> DMA NON ARMEE (le RIF jette) : SCH memorise pour la fenetre SB (dans une vraie fenetre SB : 2/133)
  [montant] SDCCH UL fn=2456 task=0x000c L2=07 00 01 03 49 06 15 bf 3f 00 00 00 00 00 00 00 00 00 00 00 00 00 00
  [ts0] tick=2461 fn=1785 p51=0 NB fenetre=151 marge=3 rif_avant=0  <- canal dedie
  [ts0] tick=2462 fn=1786 p51=1 NB fenetre=151 marge=3 rif_avant=0  <- canal dedie
  [ts0] tick=2463 fn=1787 p51=2 NB fenetre=151 marge=3 rif_avant=0  <- canal dedie
  [ts0] tick=2464 fn=1788 p51=3 NB fenetre=151 marge=3 rif_avant=0  <- canal dedie
  [sbwin] SB #134 fn=1796 p51=11 tick=2472 : armee=0 one_shot=0 page_prog=151 rif_avant=0 nwin=0 marge=0 -> DMA NON ARMEE (le RIF jette) : SCH memorise pour la fenetre SB (dans une vraie fenetre SB : 2/134)
  [montant] SDCCH UL fn=2475 task=0x000c L2=01 86 09 05 5b 2b 2b 2b 2b 2b 2b 2b 2b 2b 2b 2b 2b 2b 2b 2b 2b 2b 2b
  [sbwin] SB #135 fn=1806 p51=21 tick=2482 : armee=0 one_shot=0 page_prog=151 rif_avant=0 nwin=0 marge=0 -> DMA NON ARMEE (le RIF jette) : SCH memorise pour la fenetre SB (dans une vraie fenetre SB : 2/135)
  [sbwin] SB #136 fn=1816 p51=31 tick=2492 : armee=0 one_shot=0 page_prog=151 rif_avant=0 nwin=0 marge=0 -> DMA NON ARMEE (le RIF jette) : SCH memorise pour la fenetre SB (dans une vraie fenetre SB : 2/136)
  [sbwin] SB #137 fn=1826 p51=41 tick=2502 : armee=0 one_shot=0 page_prog=151 rif_avant=0 nwin=0 marge=0 -> DMA NON ARMEE (le RIF jette) : SCH memorise pour la fenetre SB (dans une vraie fenetre SB : 2/137)
  [ts0] tick=2512 fn=1836 p51=0 NB fenetre=151 marge=3 rif_avant=0  <- canal dedie
  [ts0] tick=2513 fn=1837 p51=1 NB fenetre=151 marge=3 rif_avant=0  <- canal dedie
  [ts0] tick=2514 fn=1838 p51=2 NB fenetre=151 marge=3 rif_avant=0  <- canal dedie
  [ts0] tick=2515 fn=1839 p51=3 NB fenetre=151 marge=3 rif_avant=0  <- canal dedie
  [sbwin] SB #138 fn=1847 p51=11 tick=2523 : armee=0 one_shot=0 page_prog=151 rif_avant=0 nwin=0 marge=0 -> DMA NON ARMEE (le RIF jette) : SCH memorise pour la fenetre SB (dans une vraie fenetre SB : 2/138)
  [sbwin] SB #139 fn=1857 p51=21 tick=2533 : armee=0 one_shot=0 page_prog=151 rif_avant=0 nwin=0 marge=0 -> DMA NON ARMEE (le RIF jette) : SCH memorise pour la fenetre SB (dans une vraie fenetre SB : 2/139)
  [sbwin] SB #140 fn=1867 p51=31 tick=2543 : armee=0 one_shot=0 page_prog=151 rif_avant=0 nwin=0 marge=0 -> DMA NON ARMEE (le RIF jette) : SCH memorise pour la fenetre SB (dans une vraie fenetre SB : 2/140)
  [ts0] tick=2544 fn=1868 p51=32 NB fenetre=151 marge=3 rif_avant=0  <- canal dedie
  [ts0] tick=2545 fn=1869 p51=33 NB fenetre=151 marge=3 rif_avant=0  <- canal dedie
  [ts0] tick=2546 fn=1870 p51=34 NB fenetre=151 marge=3 rif_avant=0  <- canal dedie
  [ts0] tick=2547 fn=1871 p51=35 NB fenetre=151 marge=3 rif_avant=0  <- canal dedie
  [a_cd] fn=2547 p51=48 p102=99 etat=8040 FIRE KO L2=86 62 1a 08 | ok=2 ko=3
  [BSP] dedie : DESACCORD fn=1872 p51=36 p102=36 : table=0 tpu=1 (offset=439 ref=4814, tn_fenetre=1) [800 fois]
  [sbwin] SB #141 fn=1877 p51=41 tick=2553 : armee=0 one_shot=0 page_prog=151 rif_avant=0 nwin=0 marge=0 -> DMA NON ARMEE (le RIF jette) : SCH memorise pour la fenetre SB (dans une vraie fenetre SB : 2/141)
  [montant] SDCCH UL fn=2558 task=0x000c L2=08 00 01 03 49 06 15 bf 3f 00 00 00 00 00 00 00 00 00 00 00 00 00 00
  [ts0] tick=2563 fn=1887 p51=0 NB fenetre=151 marge=3 rif_avant=0  <- canal dedie
  [ts0] tick=2564 fn=1888 p51=1 NB fenetre=151 marge=3 rif_avant=0  <- canal dedie
  [ts0] tick=2565 fn=1889 p51=2 NB fenetre=151 marge=3 rif_avant=0  <- canal dedie
  [ts0] tick=2566 fn=1890 p51=3 NB fenetre=151 marge=3 rif_avant=0  <- canal dedie
  [a_cd] fn=2566 p51=16 p102=16 etat=8000 ok L2=01 81 01 2b | ok=3 ko=3
  [sbwin] SB #142 fn=1898 p51=11 tick=2574 : armee=0 one_shot=0 page_prog=151 rif_avant=0 nwin=0 marge=0 -> DMA NON ARMEE (le RIF jette) : SCH memorise pour la fenetre SB (dans une vraie fenetre SB : 2/142)
  [sbwin] SB #143 fn=1908 p51=21 tick=2584 : armee=0 one_shot=0 page_prog=151 rif_avant=0 nwin=0 marge=0 -> DMA NON ARMEE (le RIF jette) : SCH memorise pour la fenetre SB (dans une vraie fenetre SB : 2/143)
  [sbwin] SB #144 fn=1918 p51=31 tick=2594 : armee=0 one_shot=0 page_prog=151 rif_avant=0 nwin=0 marge=0 -> DMA NON ARMEE (le RIF jette) : SCH memorise pour la fenetre SB (dans une vraie fenetre SB : 2/144)
  profil PC (9661 tranches, high-water 0xde92) : 9a80:9% 8240:7% 8380:6% a680:4% 8200:4% 8300:3% 8540:3% 83c0:3% 9a40:3% a0c0:3% 81c0:2% 8280:2%
  fn=2602    page=0 insn=121     IDLE   d_fb_det=0     a_sch=0100 0000 0000 0000 sync=0000 1530 ffff  | trames=2604 irq=0 iq=0
  [sbwin] SB #145 fn=1928 p51=41 tick=2604 : armee=0 one_shot=0 page_prog=151 rif_avant=0 nwin=0 marge=0 -> DMA NON ARMEE (le RIF jette) : SCH memorise pour la fenetre SB (dans une vraie fenetre SB : 2/145)
  [ts0] tick=2614 fn=1938 p51=0 NB fenetre=151 marge=3 rif_avant=0  <- canal dedie
  [ts0] tick=2615 fn=1939 p51=1 NB fenetre=151 marge=3 rif_avant=0  <- canal dedie
  [ts0] tick=2616 fn=1940 p51=2 NB fenetre=151 marge=3 rif_avant=0  <- canal dedie
  [ts0] tick=2617 fn=1941 p51=3 NB fenetre=151 marge=3 rif_avant=0  <- canal dedie
  [sbwin] SB #146 fn=1949 p51=11 tick=2625 : armee=0 one_shot=0 page_prog=151 rif_avant=0 nwin=0 marge=0 -> DMA NON ARMEE (le RIF jette) : SCH memorise pour la fenetre SB (dans une vraie fenetre SB : 2/146)
  [montant] SDCCH UL fn=2628 task=0x000c L2=03 a1 01 2b 2b 2b 2b 2b 2b 2b 2b 2b 2b 2b 2b 2b 2b 2b 2b 2b 2b 2b 2b
  [sbwin] SB #147 fn=1959 p51=21 tick=2635 : armee=0 one_shot=0 page_prog=151 rif_avant=0 nwin=0 marge=0 -> DMA NON ARMEE (le RIF jette) : SCH memorise pour la fenetre SB (dans une vraie fenetre SB : 2/147)
  [sbwin] SB #148 fn=1969 p51=31 tick=2645 : armee=0 one_shot=0 page_prog=151 rif_avant=0 nwin=0 marge=0 -> DMA NON ARMEE (le RIF jette) : SCH memorise pour la fenetre SB (dans une vraie fenetre SB : 2/148)
  [ts0] tick=2646 fn=1970 p51=32 NB fenetre=151 marge=3 rif_avant=0  <- canal dedie
  [ts0] tick=2647 fn=1971 p51=33 NB fenetre=151 marge=3 rif_avant=0  <- canal dedie
  [ts0] tick=2648 fn=1972 p51=34 NB fenetre=151 marge=3 rif_avant=0  <- canal dedie
  [ts0] tick=2649 fn=1973 p51=35 NB fenetre=151 marge=3 rif_avant=0  <- canal dedie
  [a_cd] fn=2649 p51=48 p102=99 etat=8040 FIRE KO L2=6b 2b 0c c7 | ok=3 ko=4
  [sbwin] SB #149 fn=1979 p51=41 tick=2655 : armee=0 one_shot=0 page_prog=151 rif_avant=0 nwin=0 marge=0 -> DMA NON ARMEE (le RIF jette) : SCH memorise pour la fenetre SB (dans une vraie fenetre SB : 2/149)
  [ts0] tick=2665 fn=1989 p51=0 NB fenetre=151 marge=3 rif_avant=0  <- canal dedie
  [ts0] tick=2666 fn=1990 p51=1 NB fenetre=151 marge=3 rif_avant=0  <- canal dedie
  [ts0] tick=2667 fn=1991 p51=2 NB fenetre=151 marge=3 rif_avant=0  <- canal dedie
  [ts0] tick=2668 fn=1992 p51=3 NB fenetre=151 marge=3 rif_avant=0  <- canal dedie
  [a_cd] fn=2668 p51=16 p102=16 etat=8000 ok L2=03 03 01 2b | ok=4 ko=4
  [sbwin] SB #150 fn=2000 p51=11 tick=2676 : armee=0 one_shot=0 page_prog=151 rif_avant=0 nwin=0 marge=0 -> DMA NON ARMEE (le RIF jette) : SCH memorise pour la fenetre SB (dans une vraie fenetre SB : 2/150)
  [sbwin] SB #151 fn=2010 p51=21 tick=2686 : armee=0 one_shot=0 page_prog=151 rif_avant=0 nwin=0 marge=0 -> DMA NON ARMEE (le RIF jette) : SCH memorise pour la fenetre SB (dans une vraie fenetre SB : 2/151)
  [sbwin] SB #152 fn=2020 p51=31 tick=2696 : armee=0 one_shot=0 page_prog=151 rif_avant=0 nwin=0 marge=0 -> DMA NON ARMEE (le RIF jette) : SCH memorise pour la fenetre SB (dans une vraie fenetre SB : 2/152)
  [sbwin] SB #153 fn=2030 p51=41 tick=2706 : armee=0 one_shot=0 page_prog=151 rif_avant=0 nwin=0 marge=0 -> DMA NON ARMEE (le RIF jette) : SCH memorise pour la fenetre SB (dans une vraie fenetre SB : 2/153)
  [ts0] tick=2716 fn=2040 p51=0 NB fenetre=151 marge=3 rif_avant=0  <- canal dedie
  [ts0] tick=2717 fn=2041 p51=1 NB fenetre=151 marge=3 rif_avant=0  <- canal dedie
  [ts0] tick=2718 fn=2042 p51=2 NB fenetre=151 marge=3 rif_avant=0  <- canal dedie
  [ts0] tick=2719 fn=2043 p51=3 NB fenetre=151 marge=3 rif_avant=0  <- canal dedie
  [sbwin] SB #154 fn=2051 p51=11 tick=2727 : armee=0 one_shot=0 page_prog=151 rif_avant=0 nwin=0 marge=0 -> DMA NON ARMEE (le RIF jette) : SCH memorise pour la fenetre SB (dans une vraie fenetre SB : 2/154)
  [sbwin] SB #155 fn=2061 p51=21 tick=2737 : armee=0 one_shot=0 page_prog=151 rif_avant=0 nwin=0 marge=0 -> DMA NON ARMEE (le RIF jette) : SCH memorise pour la fenetre SB (dans une vraie fenetre SB : 2/155)
  [sbwin] SB #156 fn=2071 p51=31 tick=2747 : armee=0 one_shot=0 page_prog=151 rif_avant=0 nwin=0 marge=0 -> DMA NON ARMEE (le RIF jette) : SCH memorise pour la fenetre SB (dans une vraie fenetre SB : 2/156)
  [ts0] tick=2748 fn=2072 p51=32 NB fenetre=151 marge=3 rif_avant=0  <- canal dedie
  [ts0] tick=2749 fn=2073 p51=33 NB fenetre=151 marge=3 rif_avant=0  <- canal dedie
  [ts0] tick=2750 fn=2074 p51=34 NB fenetre=151 marge=3 rif_avant=0  <- canal dedie
  [ts0] tick=2751 fn=2075 p51=35 NB fenetre=151 marge=3 rif_avant=0  <- canal dedie
  [a_cd] fn=2751 p51=48 p102=99 etat=8040 FIRE KO L2=a8 ef b3 df | ok=4 ko=5
  [sbwin] SB #157 fn=2081 p51=41 tick=2757 : armee=0 one_shot=0 page_prog=151 rif_avant=0 nwin=0 marge=0 -> DMA NON ARMEE (le RIF jette) : SCH memorise pour la fenetre SB (dans une vraie fenetre SB : 2/157)
  [ts0] tick=2767 fn=2091 p51=0 NB fenetre=151 marge=3 rif_avant=0  <- canal dedie
  [ts0] tick=2768 fn=2092 p51=1 NB fenetre=151 marge=3 rif_avant=0  <- canal dedie
  [ts0] tick=2769 fn=2093 p51=2 NB fenetre=151 marge=3 rif_avant=0  <- canal dedie
  [ts0] tick=2770 fn=2094 p51=3 NB fenetre=151 marge=3 rif_avant=0  <- canal dedie
  [a_cd] fn=2770 p51=16 p102=16 etat=8000 ok L2=01 73 01 2b | ok=5 ko=5
  [a5-arm] tick=2772 d_a5mode=0 a_kc=0400 8cb5 376a feb1
  [montant] tache FB postee : le mobile cherche la synchro, canal dedie libere (TS0 rendu au FCCH/SCH)
  [montant] retour en clair (seq=3)
  [cmd] fn=2774 tache FB postee par l'ARM
  [jalon] fn=2777 d_fb_det=1  hacks=RHEA_DMA
  [sbwin] SB #158 fn=2102 p51=11 tick=2778 : armee=0 one_shot=0 page_prog=48 rif_avant=0 nwin=0 marge=0 -> DMA NON ARMEE (le RIF jette) : SCH memorise pour la fenetre SB (dans une vraie fenetre SB : 2/158)
  [jalon] fn=2787 d_fb_det=1  hacks=RHEA_DMA
  [sbwin] SB #159 fn=2112 p51=21 tick=2788 : armee=0 one_shot=0 page_prog=48 rif_avant=0 nwin=0 marge=0 -> DMA NON ARMEE (le RIF jette) : SCH memorise pour la fenetre SB (dans une vraie fenetre SB : 2/159)
  [cmd] fn=2796 tache SB postee par l'ARM (W0 md=6 W1 md=0)
  [cmd] fn=2796 tache SB postee par l'ARM
  [sb] fn=2796 p51=42 | FB a fn=2787 toa=8743 pm=5424 ang=-1 | TOA-ROM=8743 src=fine | a_sch=0100 crc_ko
  [a_sch] fn=2797 page=0 : 0100 0000 0000 0000 -> 8100 0016 f85d 01fb  (d_dsp_page=0003) TOA=0 PM=5521 SNR=12 crc_ko
  [sbwin] SB #160 fn=2122 p51=31 tick=2798 : armee=1 one_shot=1 page_prog=191 rif_avant=0 nwin=191 marge=21 -> FENETRE SB (one-shot) (dans une vraie fenetre SB : 3/160)
  [a_sch] fn=2798 page=1 : 0100 0000 0000 0000 -> 8100 8d4f 001d 01c1  (d_dsp_page=0003) TOA=23 PM=5344 SNR=16384 crc_ko
  [a_sch] fn=2799 page=0 : 8100 0016 f85d 01fb -> 0100 0000 0000 0000  (d_dsp_page=0003) TOA=0 PM=0 SNR=0 crc_ko
  [a_sch] fn=2800 page=1 : 8100 8d4f 001d 01c1 -> 0100 0000 0000 0000  (d_dsp_page=0003) TOA=0 PM=0 SNR=0 crc_ko
  [cmd] fn=2802 tache FB postee par l'ARM
  [jalon] fn=2807 d_fb_det=1  hacks=RHEA_DMA
  [sbwin] SB #161 fn=2132 p51=41 tick=2808 : armee=0 one_shot=0 page_prog=48 rif_avant=0 nwin=0 marge=0 -> DMA NON ARMEE (le RIF jette) : SCH memorise pour la fenetre SB (dans une vraie fenetre SB : 3/161)
  [jalon] fn=2818 d_fb_det=1  hacks=RHEA_DMA
  [sbwin] SB #162 fn=2143 p51=1 tick=2819 : armee=0 one_shot=0 page_prog=48 rif_avant=0 nwin=0 marge=0 -> DMA NON ARMEE (le RIF jette) : SCH memorise pour la fenetre SB (dans une vraie fenetre SB : 3/162)
  profil PC (21904 tranches, high-water 0xde91) : 77c0:13% 7800:7% 7840:6% 78c0:5% 9a80:4% a680:3% b2c0:2% 8240:2% 8480:2% 8380:2% 8280:2% 7a00:2%
  fn=2819    page=0 insn=121     IDLE   d_fb_det=0     a_sch=0100 0000 0000 0000 sync=0000 153e ffff  | trames=2821 irq=0 iq=0
  [cmd] fn=2827 tache SB postee par l'ARM (W0 md=6 W1 md=0)
  [cmd] fn=2827 tache SB postee par l'ARM
  [sb] fn=2827 p51=22 | FB a fn=2818 toa=9995 pm=5438 ang=-1 | TOA-ROM=9995 src=fine | a_sch=0100 crc_ko
  [a_sch] fn=2828 page=0 : 0100 0000 0000 0000 -> 8100 0016 f85d 01fb  (d_dsp_page=0003) TOA=0 PM=5521 SNR=12 crc_ko
  [sbwin] SB #163 fn=2153 p51=11 tick=2829 : armee=1 one_shot=1 page_prog=191 rif_avant=0 nwin=191 marge=21 -> FENETRE SB (one-shot) (dans une vraie fenetre SB : 4/163)
  [a_sch] fn=2829 page=1 : 0100 0000 0000 0000 -> 8000 0447 001c 01d4  (d_dsp_page=0003) TOA=23 PM=5339 SNR=16384 CRC_OK
  [jalon] fn=2829 SB PLAUSIBLE page=1 BSIC=7 a_sch=8000 0447 001c 01d4  hacks=RHEA_DMA
  [a_sch] fn=2830 page=0 : 8100 0016 f85d 01fb -> 0100 0000 0000 0000  (d_dsp_page=0003) TOA=0 PM=0 SNR=0 crc_ko
  [a_sch] fn=2836 page=1 : 8000 0447 001c 01d4 -> 0100 0000 0000 0000  (d_dsp_page=0003) TOA=0 PM=0 SNR=0 crc_ko
  [sbwin] SB #164 fn=2163 p51=21 tick=2839 : armee=0 one_shot=0 page_prog=64 rif_avant=0 nwin=0 marge=0 -> DMA NON ARMEE (le RIF jette) : SCH memorise pour la fenetre SB (dans une vraie fenetre SB : 4/164)
  [sbwin] SB #165 fn=2173 p51=31 tick=2849 : armee=0 one_shot=0 page_prog=64 rif_avant=0 nwin=0 marge=0 -> DMA NON ARMEE (le RIF jette) : SCH memorise pour la fenetre SB (dans une vraie fenetre SB : 4/165)
  [sbwin] SB #166 fn=2183 p51=41 tick=2859 : armee=0 one_shot=0 page_prog=64 rif_avant=0 nwin=0 marge=0 -> DMA NON ARMEE (le RIF jette) : SCH memorise pour la fenetre SB (dans une vraie fenetre SB : 4/166)
  [sbwin] SB #167 fn=2194 p51=1 tick=2870 : armee=0 one_shot=0 page_prog=64 rif_avant=0 nwin=0 marge=0 -> DMA NON ARMEE (le RIF jette) : SCH memorise pour la fenetre SB (dans une vraie fenetre SB : 4/167)
  [cmd] fn=2872 tache FB postee par l'ARM
  [jalon] fn=2879 d_fb_det=1  hacks=RHEA_DMA
  [sbwin] SB #168 fn=2204 p51=11 tick=2880 : armee=0 one_shot=0 page_prog=48 rif_avant=0 nwin=0 marge=0 -> DMA NON ARMEE (le RIF jette) : SCH memorise pour la fenetre SB (dans une vraie fenetre SB : 4/168)
  [afc] fn=2882 w_page=0 relaye=-699 | page0=-699 page1=-700
  [afc] fn=2883 w_page=0 relaye=-699 | page0=-699 page1=-699
  [jalon] fn=2889 d_fb_det=1  hacks=RHEA_DMA
  [sbwin] SB #169 fn=2214 p51=21 tick=2890 : armee=0 one_shot=0 page_prog=48 rif_avant=0 nwin=0 marge=0 -> DMA NON ARMEE (le RIF jette) : SCH memorise pour la fenetre SB (dans une vraie fenetre SB : 4/169)
  [cmd] fn=2898 tache SB postee par l'ARM (W0 md=6 W1 md=0)
  [cmd] fn=2898 tache SB postee par l'ARM
  [sb] fn=2898 p51=42 | FB a fn=2889 toa=8743 pm=5431 ang=-7 | TOA-ROM=8743 src=fine | a_sch=0100 crc_ko
  [a_sch] fn=2899 page=0 : 0100 0000 0000 0000 -> 8100 0029 d0bd 005f  (d_dsp_page=0003) TOA=20 PM=5521 SNR=9 crc_ko
  [sbwin] SB #170 fn=2224 p51=31 tick=2900 : armee=1 one_shot=1 page_prog=191 rif_avant=0 nwin=191 marge=21 -> FENETRE SB (one-shot) (dans une vraie fenetre SB : 5/170)
  [a_sch] fn=2900 page=1 : 0100 0000 0000 0000 -> 8000 06bc 001c 01b9  (d_dsp_page=0003) TOA=23 PM=5367 SNR=16384 CRC_OK
  [jalon] fn=2900 SB PLAUSIBLE page=1 BSIC=7 a_sch=8000 06bc 001c 01b9  hacks=RHEA_DMA
  [a_sch] fn=2901 page=0 : 8100 0029 d0bd 005f -> 0100 0000 0000 0000  (d_dsp_page=0003) TOA=0 PM=0 SNR=0 crc_ko
  [sbwin] SB #171 fn=2234 p51=41 tick=2910 : armee=0 one_shot=0 page_prog=191 rif_avant=0 nwin=0 marge=0 -> DMA NON ARMEE (le RIF jette) : SCH memorise pour la fenetre SB (dans une vraie fenetre SB : 5/171)
  [sbwin] SB #172 fn=2245 p51=1 tick=2921 : armee=0 one_shot=0 page_prog=191 rif_avant=0 nwin=0 marge=0 -> DMA NON ARMEE (le RIF jette) : SCH memorise pour la fenetre SB (dans une vraie fenetre SB : 5/172)
  [a_sch] fn=2924 page=1 : 8000 06bc 001c 01b9 -> 0100 0000 0000 0000  (d_dsp_page=0003) TOA=0 PM=0 SNR=0 crc_ko
  [montant] canal dedie (side-band seq=2) : libere TS0 SDCCH/4 SS=0
pont : canal dedie libere : TS0 SDCCH/8 SS=0
  [sbwin] SB #173 fn=2255 p51=11 tick=2931 : armee=0 one_shot=0 page_prog=151 rif_avant=0 nwin=0 marge=0 -> DMA NON ARMEE (le RIF jette) : SCH memorise pour la fenetre SB (dans une vraie fenetre SB : 5/173)
  [sbwin] SB #174 fn=2265 p51=21 tick=2941 : armee=0 one_shot=0 page_prog=151 rif_avant=0 nwin=0 marge=0 -> DMA NON ARMEE (le RIF jette) : SCH memorise pour la fenetre SB (dans une vraie fenetre SB : 5/174)
  [sbwin] SB #175 fn=2275 p51=31 tick=2951 : armee=0 one_shot=0 page_prog=151 rif_avant=0 nwin=0 marge=0 -> DMA NON ARMEE (le RIF jette) : SCH memorise pour la fenetre SB (dans une vraie fenetre SB : 5/175)
  [sbwin] SB #176 fn=2285 p51=41 tick=2961 : armee=0 one_shot=0 page_prog=151 rif_avant=0 nwin=0 marge=0 -> DMA NON ARMEE (le RIF jette) : SCH memorise pour la fenetre SB (dans une vraie fenetre SB : 5/176)
  [sbwin] SB #177 fn=2296 p51=1 tick=2972 : armee=0 one_shot=0 page_prog=151 rif_avant=0 nwin=0 marge=0 -> DMA NON ARMEE (le RIF jette) : SCH memorise pour la fenetre SB (dans une vraie fenetre SB : 5/177)
  [sbwin] SB #178 fn=2306 p51=11 tick=2982 : armee=0 one_shot=0 page_prog=151 rif_avant=0 nwin=0 marge=0 -> DMA NON ARMEE (le RIF jette) : SCH memorise pour la fenetre SB (dans une vraie fenetre SB : 5/178)
  [sbwin] SB #179 fn=2316 p51=21 tick=2992 : armee=0 one_shot=0 page_prog=151 rif_avant=0 nwin=0 marge=0 -> DMA NON ARMEE (le RIF jette) : SCH memorise pour la fenetre SB (dans une vraie fenetre SB : 5/179)
  [chrono] fn=2998 sur 1000 trames (ms) : qemu 3.74 | A 0.08 | go 0.23 | B 0.24 | apres DONE 0.33 | trame 4.62 (temps reel 4.62)
  [sbwin] SB #180 fn=2326 p51=31 tick=3002 : armee=0 one_shot=0 page_prog=151 rif_avant=0 nwin=0 marge=0 -> DMA NON ARMEE (le RIF jette) : SCH memorise pour la fenetre SB (dans une vraie fenetre SB : 5/180)
  [sbwin] SB #181 fn=2336 p51=41 tick=3012 : armee=0 one_shot=0 page_prog=151 rif_avant=0 nwin=0 marge=0 -> DMA NON ARMEE (le RIF jette) : SCH memorise pour la fenetre SB (dans une vraie fenetre SB : 5/181)
  [sbwin] SB #182 fn=2347 p51=1 tick=3023 : armee=0 one_shot=0 page_prog=151 rif_avant=0 nwin=0 marge=0 -> DMA NON ARMEE (le RIF jette) : SCH memorise pour la fenetre SB (dans une vraie fenetre SB : 5/182)
  [afc] fn=3030 w_page=0 relaye=-700 | page0=-700 page1=-699
  [cmd] fn=3030 tache FB postee par l'ARM
  [afc] fn=3031 w_page=1 relaye=-700 | page0=-700 page1=-700
  [jalon] fn=3032 d_fb_det=1  hacks=RHEA_DMA
  [sbwin] SB #183 fn=2357 p51=11 tick=3033 : armee=0 one_shot=0 page_prog=48 rif_avant=0 nwin=0 marge=0 -> DMA NON ARMEE (le RIF jette) : SCH memorise pour la fenetre SB (dans une vraie fenetre SB : 5/183)
  profil PC (15351 tranches, high-water 0xde92) : 77c0:14% 7800:8% 7840:5% 9a80:4% 78c0:4% a680:4% 8240:4% 8380:3% b2c0:3% 8480:2% 71c0:2% 7a00:2%
  fn=3036    page=0 insn=35394   IDLE   d_fb_det=0     a_sch=0100 0000 0000 0000 sync=0000 0000 0000  | trames=3038 irq=0 iq=0
  [jalon] fn=3042 d_fb_det=1  hacks=RHEA_DMA
  [sbwin] SB #184 fn=2367 p51=21 tick=3043 : armee=0 one_shot=0 page_prog=48 rif_avant=0 nwin=0 marge=0 -> DMA NON ARMEE (le RIF jette) : SCH memorise pour la fenetre SB (dans une vraie fenetre SB : 5/184)
  [cmd] fn=3051 tache SB postee par l'ARM (W0 md=6 W1 md=0)
  [sb] fn=3051 p51=42 | FB a fn=3042 toa=8743 pm=5431 ang=-1 | TOA-ROM=8743 src=fine | a_sch=0100 crc_ko
  [a_sch] fn=3052 page=0 : 0100 0000 0000 0000 -> 8100 0016 f85d 01fb  (d_dsp_page=0003) TOA=0 PM=5521 SNR=12 crc_ko
  [sbwin] SB #185 fn=2377 p51=31 tick=3053 : armee=1 one_shot=1 page_prog=191 rif_avant=0 nwin=191 marge=21 -> FENETRE SB (one-shot) (dans une vraie fenetre SB : 6/185)
  [a_sch] fn=3053 page=1 : 0100 0000 0000 0000 -> 8100 06da a332 01b3  (d_dsp_page=0003) TOA=23 PM=5329 SNR=16384 crc_ko
  [a_sch] fn=3054 page=0 : 8100 0016 f85d 01fb -> 0100 0000 0000 0000  (d_dsp_page=0003) TOA=0 PM=0 SNR=0 crc_ko
  [a_sch] fn=3055 page=1 : 8100 06da a332 01b3 -> 0100 0000 0000 0000  (d_dsp_page=0003) TOA=0 PM=0 SNR=0 crc_ko
  [jalon] fn=3062 d_fb_det=1  hacks=RHEA_DMA
  [sbwin] SB #186 fn=2387 p51=41 tick=3063 : armee=0 one_shot=0 page_prog=48 rif_avant=0 nwin=0 marge=0 -> DMA NON ARMEE (le RIF jette) : SCH memorise pour la fenetre SB (dans une vraie fenetre SB : 6/186)
  [jalon] fn=3073 d_fb_det=1  hacks=RHEA_DMA
  [sbwin] SB #187 fn=2398 p51=1 tick=3074 : armee=0 one_shot=0 page_prog=48 rif_avant=0 nwin=0 marge=0 -> DMA NON ARMEE (le RIF jette) : SCH memorise pour la fenetre SB (dans une vraie fenetre SB : 6/187)
  [cmd] fn=3082 tache SB postee par l'ARM (W0 md=6 W1 md=0)
  [sb] fn=3082 p51=22 | FB a fn=3073 toa=9995 pm=5438 ang=-1 | TOA-ROM=9995 src=fine | a_sch=0100 crc_ko
  [a_sch] fn=3083 page=0 : 0100 0000 0000 0000 -> 8100 0016 f85d 01fb  (d_dsp_page=0003) TOA=0 PM=5521 SNR=12 crc_ko
  [sbwin] SB #188 fn=2408 p51=11 tick=3084 : armee=1 one_shot=1 page_prog=191 rif_avant=0 nwin=191 marge=21 -> FENETRE SB (one-shot) (dans une vraie fenetre SB : 7/188)
  [a_sch] fn=3084 page=1 : 0100 0000 0000 0000 -> 8000 0440 001c 01c0  (d_dsp_page=0003) TOA=23 PM=5367 SNR=16384 CRC_OK
  [jalon] fn=3084 SB PLAUSIBLE page=1 BSIC=7 a_sch=8000 0440 001c 01c0  hacks=RHEA_DMA
  [a_sch] fn=3085 page=0 : 8100 0016 f85d 01fb -> 0100 0000 0000 0000  (d_dsp_page=0003) TOA=0 PM=0 SNR=0 crc_ko
  [a_sch] fn=3091 page=1 : 8000 0440 001c 01c0 -> 0100 0000 0000 0000  (d_dsp_page=0003) TOA=0 PM=0 SNR=0 crc_ko
  [sbwin] SB #189 fn=2418 p51=21 tick=3094 : armee=0 one_shot=0 page_prog=64 rif_avant=0 nwin=0 marge=0 -> DMA NON ARMEE (le RIF jette) : SCH memorise pour la fenetre SB (dans une vraie fenetre SB : 7/189)
  [sbwin] SB #190 fn=2428 p51=31 tick=3104 : armee=0 one_shot=0 page_prog=64 rif_avant=0 nwin=0 marge=0 -> DMA NON ARMEE (le RIF jette) : SCH memorise pour la fenetre SB (dans une vraie fenetre SB : 7/190)
  [sbwin] SB #191 fn=2438 p51=41 tick=3114 : armee=0 one_shot=0 page_prog=64 rif_avant=0 nwin=0 marge=0 -> DMA NON ARMEE (le RIF jette) : SCH memorise pour la fenetre SB (dans une vraie fenetre SB : 7/191)
  [sbwin] SB #192 fn=2449 p51=1 tick=3125 : armee=0 one_shot=0 page_prog=64 rif_avant=0 nwin=0 marge=0 -> DMA NON ARMEE (le RIF jette) : SCH memorise pour la fenetre SB (dans une vraie fenetre SB : 7/192)
  [sbwin] SB #193 fn=2459 p51=11 tick=3135 : armee=0 one_shot=0 page_prog=64 rif_avant=0 nwin=0 marge=0 -> DMA NON ARMEE (le RIF jette) : SCH memorise pour la fenetre SB (dans une vraie fenetre SB : 7/193)
  [sbwin] SB #194 fn=2469 p51=21 tick=3145 : armee=0 one_shot=0 page_prog=64 rif_avant=0 nwin=0 marge=0 -> DMA NON ARMEE (le RIF jette) : SCH memorise pour la fenetre SB (dans une vraie fenetre SB : 7/194)
  [sbwin] SB #195 fn=2479 p51=31 tick=3155 : armee=0 one_shot=0 page_prog=64 rif_avant=0 nwin=0 marge=0 -> DMA NON ARMEE (le RIF jette) : SCH memorise pour la fenetre SB (dans une vraie fenetre SB : 7/195)
  [sbwin] SB #196 fn=2489 p51=41 tick=3165 : armee=0 one_shot=0 page_prog=64 rif_avant=0 nwin=0 marge=0 -> DMA NON ARMEE (le RIF jette) : SCH memorise pour la fenetre SB (dans une vraie fenetre SB : 7/196)
  [sbwin] SB #197 fn=2500 p51=1 tick=3176 : armee=0 one_shot=0 page_prog=64 rif_avant=0 nwin=0 marge=0 -> DMA NON ARMEE (le RIF jette) : SCH memorise pour la fenetre SB (dans une vraie fenetre SB : 7/197)
  [sbwin] SB #198 fn=2510 p51=11 tick=3186 : armee=0 one_shot=0 page_prog=64 rif_avant=0 nwin=0 marge=0 -> DMA NON ARMEE (le RIF jette) : SCH memorise pour la fenetre SB (dans une vraie fenetre SB : 7/198)
  [sbwin] SB #199 fn=2520 p51=21 tick=3196 : armee=0 one_shot=0 page_prog=64 rif_avant=0 nwin=0 marge=0 -> DMA NON ARMEE (le RIF jette) : SCH memorise pour la fenetre SB (dans une vraie fenetre SB : 7/199)
  [sbwin] SB #200 fn=2530 p51=31 tick=3206 : armee=0 one_shot=0 page_prog=64 rif_avant=0 nwin=0 marge=0 -> DMA NON ARMEE (le RIF jette) : SCH memorise pour la fenetre SB (dans une vraie fenetre SB : 7/200)
  profil PC (28009 tranches, high-water 0xde92) : 77c0:8% 9a80:7% 8240:7% 8380:6% 7800:4% 7840:4% 78c0:3% 83c0:3% 8200:3% 8300:3% 8540:2% 9a40:2%
  fn=3253    page=1 insn=121     IDLE   d_fb_det=0     a_sch=0100 0000 0000 0000 sync=0000 153e ffff  | trames=3255 irq=0 iq=0
  [sbwin] SB #210 fn=2632 p51=31 tick=3308 : armee=0 one_shot=0 page_prog=64 rif_avant=0 nwin=0 marge=0 -> DMA NON ARMEE (le RIF jette) : SCH memorise pour la fenetre SB (dans une vraie fenetre SB : 7/210)
  [sbwin] SB #220 fn=2734 p51=31 tick=3410 : armee=0 one_shot=0 page_prog=64 rif_avant=0 nwin=0 marge=0 -> DMA NON ARMEE (le RIF jette) : SCH memorise pour la fenetre SB (dans une vraie fenetre SB : 7/220)
  profil PC (21076 tranches, high-water 0xde92) : 9a80:11% 8240:11% 8380:10% 83c0:5% 8200:5% 8300:4% 8540:4% 9a40:4% a0c0:3% 81c0:3% 82c0:3% 9a00:2%
  fn=3470    page=1 insn=1357    IDLE   d_fb_det=0     a_sch=0100 0000 0000 0000 sync=0000 153e ffff  | trames=3472 irq=0 iq=0
  hacks actifs : RHEA_DMA ; cadencement : STREAM LOCKSTEP  ; stimulus : none
  [sbwin] SB #230 fn=2836 p51=31 tick=3512 : armee=0 one_shot=0 page_prog=64 rif_avant=0 nwin=0 marge=0 -> DMA NON ARMEE (le RIF jette) : SCH memorise pour la fenetre SB (dans une vraie fenetre SB : 7/230)
  [sbwin] SB #240 fn=2938 p51=31 tick=3614 : armee=0 one_shot=0 page_prog=64 rif_avant=0 nwin=0 marge=0 -> DMA NON ARMEE (le RIF jette) : SCH memorise pour la fenetre SB (dans une vraie fenetre SB : 7/240)
  profil PC (21277 tranches, high-water 0xde92) : 9a80:11% 8240:11% 8380:10% 83c0:5% 8200:5% 8300:4% 8540:4% 9a40:4% a0c0:3% 81c0:3% 82c0:3% 9a00:2%
  fn=3687    page=1 insn=13777   IDLE   d_fb_det=0     a_sch=0100 0000 0000 0000 sync=0000 153e ffff  | trames=3689 irq=0 iq=0
  [sbwin] SB #250 fn=3040 p51=31 tick=3716 : armee=0 one_shot=0 page_prog=64 rif_avant=0 nwin=0 marge=0 -> DMA NON ARMEE (le RIF jette) : SCH memorise pour la fenetre SB (dans une vraie fenetre SB : 7/250)
  [sbwin] SB #260 fn=3142 p51=31 tick=3818 : armee=0 one_shot=0 page_prog=64 rif_avant=0 nwin=0 marge=0 -> DMA NON ARMEE (le RIF jette) : SCH memorise pour la fenetre SB (dans une vraie fenetre SB : 7/260)
  profil PC (24573 tranches, high-water 0xde92) : 9a80:11% 8240:11% 8380:10% 83c0:5% 8200:5% 8300:4% 8540:4% 9a40:4% a0c0:3% 81c0:3% 82c0:3% 9a00:2%
  fn=3904    page=1 insn=36252   IDLE   d_fb_det=0     a_sch=0100 0000 0000 0000 sync=0000 153e ffff  | trames=3906 irq=0 iq=0
  [sbwin] SB #270 fn=3244 p51=31 tick=3920 : armee=0 one_shot=0 page_prog=64 rif_avant=0 nwin=0 marge=0 -> DMA NON ARMEE (le RIF jette) : SCH memorise pour la fenetre SB (dans une vraie fenetre SB : 7/270)
  [chrono] fn=3998 sur 1000 trames (ms) : qemu 3.61 | A 0.05 | go 0.25 | B 0.18 | apres DONE 0.53 | trame 4.62 (temps reel 4.62)
  [sbwin] SB #280 fn=3346 p51=31 tick=4022 : armee=0 one_shot=0 page_prog=64 rif_avant=0 nwin=0 marge=0 -> DMA NON ARMEE (le RIF jette) : SCH memorise pour la fenetre SB (dans une vraie fenetre SB : 7/280)
  profil PC (22300 tranches, high-water 0xde92) : 9a80:11% 8240:11% 8380:10% 83c0:5% 8200:5% 8300:4% 8540:4% 9a40:4% a0c0:3% 81c0:3% 82c0:3% 9a00:2%
  fn=4121    page=0 insn=121     IDLE   d_fb_det=0     a_sch=0100 0000 0000 0000 sync=0000 153e ffff  | trames=4123 irq=0 iq=0
  [sbwin] SB #290 fn=3448 p51=31 tick=4124 : armee=0 one_shot=0 page_prog=64 rif_avant=0 nwin=0 marge=0 -> DMA NON ARMEE (le RIF jette) : SCH memorise pour la fenetre SB (dans une vraie fenetre SB : 7/290)
  [sbwin] SB #300 fn=3550 p51=31 tick=4226 : armee=0 one_shot=0 page_prog=64 rif_avant=0 nwin=0 marge=0 -> DMA NON ARMEE (le RIF jette) : SCH memorise pour la fenetre SB (dans une vraie fenetre SB : 7/300)
  [sbwin] SB #310 fn=3652 p51=31 tick=4328 : armee=0 one_shot=0 page_prog=64 rif_avant=0 nwin=0 marge=0 -> DMA NON ARMEE (le RIF jette) : SCH memorise pour la fenetre SB (dans une vraie fenetre SB : 7/310)
  profil PC (21076 tranches, high-water 0xde92) : 9a80:11% 8240:11% 8380:10% 83c0:5% 8200:5% 8300:4% 8540:4% 9a40:4% a0c0:3% 81c0:3% 82c0:3% 9a00:2%
  fn=4338    page=0 insn=121     IDLE   d_fb_det=0     a_sch=0100 0000 0000 0000 sync=0000 153e ffff  | trames=4340 irq=0 iq=0
  [sbwin] SB #320 fn=3754 p51=31 tick=4430 : armee=0 one_shot=0 page_prog=64 rif_avant=0 nwin=0 marge=0 -> DMA NON ARMEE (le RIF jette) : SCH memorise pour la fenetre SB (dans une vraie fenetre SB : 7/320)
  [sbwin] SB #330 fn=3856 p51=31 tick=4532 : armee=0 one_shot=0 page_prog=64 rif_avant=0 nwin=0 marge=0 -> DMA NON ARMEE (le RIF jette) : SCH memorise pour la fenetre SB (dans une vraie fenetre SB : 7/330)
  profil PC (21500 tranches, high-water 0xde92) : 9a80:11% 8240:11% 8380:10% 83c0:5% 8200:5% 8300:4% 8540:4% 9a40:4% a0c0:3% 81c0:3% 82c0:3% 9a00:2%
  fn=4555    page=1 insn=13664   IDLE   d_fb_det=0     a_sch=0100 0000 0000 0000 sync=0000 153e ffff  | trames=4557 irq=0 iq=0
  [sbwin] SB #340 fn=3958 p51=31 tick=4634 : armee=0 one_shot=0 page_prog=64 rif_avant=0 nwin=0 marge=0 -> DMA NON ARMEE (le RIF jette) : SCH memorise pour la fenetre SB (dans une vraie fenetre SB : 7/340)
  [sbwin] SB #350 fn=4060 p51=31 tick=4736 : armee=0 one_shot=0 page_prog=64 rif_avant=0 nwin=0 marge=0 -> DMA NON ARMEE (le RIF jette) : SCH memorise pour la fenetre SB (dans une vraie fenetre SB : 7/350)
  profil PC (24573 tranches, high-water 0xde92) : 9a80:11% 8240:11% 8380:10% 83c0:5% 8200:5% 8300:4% 8540:4% 9a40:4% a0c0:3% 81c0:3% 82c0:3% 9a00:2%
  fn=4772    page=1 insn=13785   IDLE   d_fb_det=0     a_sch=0100 0000 0000 0000 sync=0000 153e ffff  | trames=4774 irq=0 iq=0
  [sbwin] SB #360 fn=4162 p51=31 tick=4838 : armee=0 one_shot=0 page_prog=64 rif_avant=0 nwin=0 marge=0 -> DMA NON ARMEE (le RIF jette) : SCH memorise pour la fenetre SB (dans une vraie fenetre SB : 7/360)
  [sbwin] SB #370 fn=4264 p51=31 tick=4940 : armee=0 one_shot=0 page_prog=64 rif_avant=0 nwin=0 marge=0 -> DMA NON ARMEE (le RIF jette) : SCH memorise pour la fenetre SB (dans une vraie fenetre SB : 7/370)
  profil PC (22078 tranches, high-water 0xde92) : 9a80:11% 8240:11% 8380:10% 83c0:5% 8200:5% 8300:4% 8540:4% 9a40:4% a0c0:3% 81c0:3% 82c0:3% 9a00:2%
  fn=4989    page=1 insn=121     IDLE   d_fb_det=0     a_sch=0100 0000 0000 0000 sync=0000 153e ffff  | trames=4991 irq=0 iq=0
  [chrono] fn=4998 sur 1000 trames (ms) : qemu 3.72 | A 0.05 | go 0.24 | B 0.14 | apres DONE 0.46 | trame 4.61 (temps reel 4.62)
  [sbwin] SB #380 fn=4366 p51=31 tick=5042 : armee=0 one_shot=0 page_prog=64 rif_avant=0 nwin=0 marge=0 -> DMA NON ARMEE (le RIF jette) : SCH memorise pour la fenetre SB (dans une vraie fenetre SB : 7/380)
  [sbwin] SB #390 fn=4468 p51=31 tick=5144 : armee=0 one_shot=0 page_prog=64 rif_avant=0 nwin=0 marge=0 -> DMA NON ARMEE (le RIF jette) : SCH memorise pour la fenetre SB (dans une vraie fenetre SB : 7/390)
  profil PC (21073 tranches, high-water 0xde92) : 9a80:11% 8240:11% 8380:10% 83c0:5% 8200:5% 8300:4% 8540:4% 9a40:4% a0c0:3% 81c0:3% 82c0:3% 9a00:2%
  fn=5206    page=1 insn=121     IDLE   d_fb_det=0     a_sch=0100 0000 0000 0000 sync=0000 153e ffff  | trames=5208 irq=0 iq=0
  hacks actifs : RHEA_DMA ; cadencement : STREAM LOCKSTEP  ; stimulus : none
  [sbwin] SB #400 fn=4570 p51=31 tick=5246 : armee=0 one_shot=0 page_prog=64 rif_avant=0 nwin=0 marge=0 -> DMA NON ARMEE (le RIF jette) : SCH memorise pour la fenetre SB (dans une vraie fenetre SB : 7/400)
  [sbwin] SB #410 fn=4672 p51=31 tick=5348 : armee=0 one_shot=0 page_prog=64 rif_avant=0 nwin=0 marge=0 -> DMA NON ARMEE (le RIF jette) : SCH memorise pour la fenetre SB (dans une vraie fenetre SB : 7/410)
  profil PC (21726 tranches, high-water 0xde92) : 8240:11% 9a80:11% 8380:10% 83c0:5% 8200:5% 8300:4% 8540:4% 9a40:4% a0c0:3% 81c0:3% 82c0:3% 9a00:2%
  fn=5423    page=1 insn=13658   IDLE   d_fb_det=0     a_sch=0100 0000 0000 0000 sync=0000 153e ffff  | trames=5425 irq=0 iq=0
  [sbwin] SB #420 fn=4774 p51=31 tick=5450 : armee=0 one_shot=0 page_prog=64 rif_avant=0 nwin=0 marge=0 -> DMA NON ARMEE (le RIF jette) : SCH memorise pour la fenetre SB (dans une vraie fenetre SB : 7/420)
  [sbwin] SB #430 fn=4876 p51=31 tick=5552 : armee=0 one_shot=0 page_prog=64 rif_avant=0 nwin=0 marge=0 -> DMA NON ARMEE (le RIF jette) : SCH memorise pour la fenetre SB (dans une vraie fenetre SB : 7/430)
  profil PC (24570 tranches, high-water 0xde92) : 9a80:11% 8240:11% 8380:10% 83c0:5% 8200:5% 8300:4% 8540:4% 9a40:4% a0c0:3% 81c0:3% 82c0:3% 9a00:2%
  fn=5640    page=1 insn=13659   IDLE   d_fb_det=0     a_sch=0100 0000 0000 0000 sync=0000 153e ffff  | trames=5642 irq=0 iq=0
  [sbwin] SB #440 fn=4978 p51=31 tick=5654 : armee=0 one_shot=0 page_prog=64 rif_avant=0 nwin=0 marge=0 -> DMA NON ARMEE (le RIF jette) : SCH memorise pour la fenetre SB (dans une vraie fenetre SB : 7/440)
  [sbwin] SB #450 fn=5080 p51=31 tick=5756 : armee=0 one_shot=0 page_prog=64 rif_avant=0 nwin=0 marge=0 -> DMA NON ARMEE (le RIF jette) : SCH memorise pour la fenetre SB (dans une vraie fenetre SB : 7/450)
  profil PC (21876 tranches, high-water 0xde92) : 9a80:11% 8240:11% 8380:9% 83c0:5% 8200:5% 8300:4% 8540:4% 9a40:4% a0c0:3% 81c0:3% 82c0:3% 9a00:2%
  fn=5857    page=1 insn=1357    IDLE   d_fb_det=0     a_sch=0100 0000 0000 0000 sync=0000 153e ffff  | trames=5859 irq=0 iq=0
  [sbwin] SB #460 fn=5182 p51=31 tick=5858 : armee=0 one_shot=0 page_prog=64 rif_avant=0 nwin=0 marge=0 -> DMA NON ARMEE (le RIF jette) : SCH memorise pour la fenetre SB (dans une vraie fenetre SB : 7/460)
  [ts0] tick=5933 fn=5257 p51=4 NB fenetre=151 marge=3 rif_avant=0
  [sbwin] SB #470 fn=5284 p51=31 tick=5960 : armee=0 one_shot=0 page_prog=64 rif_avant=0 nwin=0 marge=0 -> DMA NON ARMEE (le RIF jette) : SCH memorise pour la fenetre SB (dans une vraie fenetre SB : 7/470)
  [chrono] fn=5998 sur 1000 trames (ms) : qemu 3.73 | A 0.05 | go 0.23 | B 0.14 | apres DONE 0.46 | trame 4.62 (temps reel 4.62)
  [sbwin] SB #480 fn=5386 p51=31 tick=6062 : armee=0 one_shot=0 page_prog=64 rif_avant=0 nwin=0 marge=0 -> DMA NON ARMEE (le RIF jette) : SCH memorise pour la fenetre SB (dans une vraie fenetre SB : 7/480)
  profil PC (21052 tranches, high-water 0xde92) : 9a80:11% 8240:11% 8380:10% 83c0:5% 8200:5% 8300:4% 8540:4% 9a40:4% a0c0:3% 81c0:3% 82c0:3% 9a00:2%
  fn=6074    page=0 insn=121     IDLE   d_fb_det=0     a_sch=0100 0000 0000 0000 sync=0000 153e ffff  | trames=6076 irq=0 iq=0
  [sbwin] SB #490 fn=5488 p51=31 tick=6164 : armee=0 one_shot=0 page_prog=64 rif_avant=0 nwin=0 marge=0 -> DMA NON ARMEE (le RIF jette) : SCH memorise pour la fenetre SB (dans une vraie fenetre SB : 7/490)
  [sbwin] SB #500 fn=5590 p51=31 tick=6266 : armee=0 one_shot=0 page_prog=64 rif_avant=0 nwin=0 marge=0 -> DMA NON ARMEE (le RIF jette) : SCH memorise pour la fenetre SB (dans une vraie fenetre SB : 7/500)
  profil PC (22302 tranches, high-water 0xde92) : 9a80:11% 8240:11% 8380:10% 83c0:5% 8200:5% 8300:4% 8540:4% 9a40:4% a0c0:3% 81c0:3% 82c0:3% 9a00:2%
  fn=6291    page=1 insn=36161   IDLE   d_fb_det=0     a_sch=0100 0000 0000 0000 sync=0000 153e ffff  | trames=6293 irq=0 iq=0
  [sbwin] SB #510 fn=5692 p51=31 tick=6368 : armee=0 one_shot=0 page_prog=64 rif_avant=0 nwin=0 marge=0 -> DMA NON ARMEE (le RIF jette) : SCH memorise pour la fenetre SB (dans une vraie fenetre SB : 7/510)
  [sbwin] SB #520 fn=5794 p51=31 tick=6470 : armee=0 one_shot=0 page_prog=64 rif_avant=0 nwin=0 marge=0 -> DMA NON ARMEE (le RIF jette) : SCH memorise pour la fenetre SB (dans une vraie fenetre SB : 7/520)
  profil PC (24219 tranches, high-water 0xde92) : 8240:11% 9a80:11% 8380:10% 83c0:5% 8200:5% 8300:4% 8540:4% 9a40:4% a0c0:3% 81c0:3% 82c0:3% 9a00:2%
  fn=6508    page=1 insn=13661   IDLE   d_fb_det=0     a_sch=0100 0000 0000 0000 sync=0000 153e ffff  | trames=6510 irq=0 iq=0
  [sbwin] SB #530 fn=5896 p51=31 tick=6572 : armee=0 one_shot=0 page_prog=64 rif_avant=0 nwin=0 marge=0 -> DMA NON ARMEE (le RIF jette) : SCH memorise pour la fenetre SB (dans une vraie fenetre SB : 7/530)
  [sbwin] SB #540 fn=5998 p51=31 tick=6674 : armee=0 one_shot=0 page_prog=64 rif_avant=0 nwin=0 marge=0 -> DMA NON ARMEE (le RIF jette) : SCH memorise pour la fenetre SB (dans une vraie fenetre SB : 7/540)
  profil PC (21653 tranches, high-water 0xde92) : 9a80:12% 8240:11% 8380:9% 83c0:5% 8200:5% 8300:4% 8540:4% 9a40:4% a0c0:3% 81c0:3% 82c0:3% 9a00:2%
  fn=6725    page=0 insn=121     IDLE   d_fb_det=0     a_sch=0100 0000 0000 0000 sync=0000 153e ffff  | trames=6727 irq=0 iq=0
  [sbwin] SB #550 fn=6100 p51=31 tick=6776 : armee=0 one_shot=0 page_prog=64 rif_avant=0 nwin=0 marge=0 -> DMA NON ARMEE (le RIF jette) : SCH memorise pour la fenetre SB (dans une vraie fenetre SB : 7/550)
  [sbwin] SB #560 fn=6202 p51=31 tick=6878 : armee=0 one_shot=0 page_prog=64 rif_avant=0 nwin=0 marge=0 -> DMA NON ARMEE (le RIF jette) : SCH memorise pour la fenetre SB (dans une vraie fenetre SB : 7/560)
  profil PC (21052 tranches, high-water 0xde92) : 9a80:11% 8240:11% 8380:10% 83c0:5% 8200:5% 8300:4% 8540:4% 9a40:4% a0c0:3% 81c0:3% 82c0:3% 9a00:2%
  fn=6942    page=1 insn=121     IDLE   d_fb_det=0     a_sch=0100 0000 0000 0000 sync=0000 153e ffff  | trames=6944 irq=0 iq=0
  hacks actifs : RHEA_DMA ; cadencement : STREAM LOCKSTEP  ; stimulus : none
  [sbwin] SB #570 fn=6304 p51=31 tick=6980 : armee=0 one_shot=0 page_prog=64 rif_avant=0 nwin=0 marge=0 -> DMA NON ARMEE (le RIF jette) : SCH memorise pour la fenetre SB (dans une vraie fenetre SB : 7/570)
  [chrono] fn=6998 sur 1000 trames (ms) : qemu 3.76 | A 0.05 | go 0.23 | B 0.14 | apres DONE 0.45 | trame 4.61 (temps reel 4.62)
  [sbwin] SB #580 fn=6406 p51=31 tick=7082 : armee=0 one_shot=0 page_prog=64 rif_avant=0 nwin=0 marge=0 -> DMA NON ARMEE (le RIF jette) : SCH memorise pour la fenetre SB (dans une vraie fenetre SB : 7/580)
  profil PC (22527 tranches, high-water 0xde92) : 9a80:11% 8240:11% 8380:10% 83c0:5% 8200:5% 8300:4% 8540:4% 9a40:4% a0c0:3% 81c0:3% 82c0:3% 9a00:2%
  fn=7159    page=1 insn=13779   IDLE   d_fb_det=0     a_sch=0100 0000 0000 0000 sync=0000 153e ffff  | trames=7161 irq=0 iq=0
  [sbwin] SB #590 fn=6508 p51=31 tick=7184 : armee=0 one_shot=0 page_prog=64 rif_avant=0 nwin=0 marge=0 -> DMA NON ARMEE (le RIF jette) : SCH memorise pour la fenetre SB (dans une vraie fenetre SB : 7/590)
  [sbwin] SB #600 fn=6610 p51=31 tick=7286 : armee=0 one_shot=0 page_prog=64 rif_avant=0 nwin=0 marge=0 -> DMA NON ARMEE (le RIF jette) : SCH memorise pour la fenetre SB (dans une vraie fenetre SB : 7/600)
  profil PC (24571 tranches, high-water 0xde92) : 9a80:11% 8240:11% 8380:10% 83c0:5% 8200:5% 8300:4% 8540:4% 9a40:4% a0c0:3% 81c0:3% 82c0:3% 9a00:2%
  fn=7376    page=1 insn=36252   IDLE   d_fb_det=0     a_sch=0100 0000 0000 0000 sync=0000 153e ffff  | trames=7378 irq=0 iq=0
  [sbwin] SB #610 fn=6712 p51=31 tick=7388 : armee=0 one_shot=0 page_prog=64 rif_avant=0 nwin=0 marge=0 -> DMA NON ARMEE (le RIF jette) : SCH memorise pour la fenetre SB (dans une vraie fenetre SB : 7/610)
  [sbwin] SB #620 fn=6814 p51=31 tick=7490 : armee=0 one_shot=0 page_prog=64 rif_avant=0 nwin=0 marge=0 -> DMA NON ARMEE (le RIF jette) : SCH memorise pour la fenetre SB (dans une vraie fenetre SB : 7/620)
  [sbwin] SB #630 fn=6916 p51=31 tick=7592 : armee=0 one_shot=0 page_prog=64 rif_avant=0 nwin=0 marge=0 -> DMA NON ARMEE (le RIF jette) : SCH memorise pour la fenetre SB (dans une vraie fenetre SB : 7/630)
  profil PC (21076 tranches, high-water 0xde92) : 9a80:11% 8240:11% 8380:10% 83c0:5% 8200:5% 8300:4% 8540:4% 9a40:4% a0c0:3% 81c0:3% 82c0:3% 9a00:2%
  fn=7593    page=1 insn=121     IDLE   d_fb_det=0     a_sch=0100 0000 0000 0000 sync=0000 153e ffff  | trames=7595 irq=0 iq=0
  [sbwin] SB #640 fn=7018 p51=31 tick=7694 : armee=0 one_shot=0 page_prog=64 rif_avant=0 nwin=0 marge=0 -> DMA NON ARMEE (le RIF jette) : SCH memorise pour la fenetre SB (dans une vraie fenetre SB : 7/640)
  [sbwin] SB #650 fn=7120 p51=31 tick=7796 : armee=0 one_shot=0 page_prog=64 rif_avant=0 nwin=0 marge=0 -> DMA NON ARMEE (le RIF jette) : SCH memorise pour la fenetre SB (dans une vraie fenetre SB : 7/650)
  profil PC (21052 tranches, high-water 0xde92) : 9a80:11% 8240:11% 8380:10% 83c0:5% 8200:5% 8300:4% 8540:4% 9a40:4% a0c0:3% 81c0:3% 82c0:3% 9a00:2%
  fn=7810    page=0 insn=121     IDLE   d_fb_det=0     a_sch=0100 0000 0000 0000 sync=0000 153e ffff  | trames=7812 irq=0 iq=0
  [sbwin] SB #660 fn=7222 p51=31 tick=7898 : armee=0 one_shot=0 page_prog=64 rif_avant=0 nwin=0 marge=0 -> DMA NON ARMEE (le RIF jette) : SCH memorise pour la fenetre SB (dans une vraie fenetre SB : 7/660)
  [chrono] fn=7998 sur 1000 trames (ms) : qemu 3.73 | A 0.05 | go 0.25 | B 0.14 | apres DONE 0.45 | trame 4.62 (temps reel 4.62)
  [sbwin] SB #670 fn=7324 p51=31 tick=8000 : armee=0 one_shot=0 page_prog=64 rif_avant=0 nwin=0 marge=0 -> DMA NON ARMEE (le RIF jette) : SCH memorise pour la fenetre SB (dans une vraie fenetre SB : 7/670)
  profil PC (22748 tranches, high-water 0xde92) : 9a80:11% 8240:11% 8380:10% 83c0:5% 8200:5% 8300:4% 8540:4% 9a40:4% a0c0:3% 81c0:3% 82c0:3% 9a00:2%
  fn=8027    page=1 insn=13663   IDLE   d_fb_det=0     a_sch=0100 0000 0000 0000 sync=0000 153e ffff  | trames=8029 irq=0 iq=0
  [sbwin] SB #680 fn=7426 p51=31 tick=8102 : armee=0 one_shot=0 page_prog=64 rif_avant=0 nwin=0 marge=0 -> DMA NON ARMEE (le RIF jette) : SCH memorise pour la fenetre SB (dans une vraie fenetre SB : 7/680)
  [sbwin] SB #690 fn=7528 p51=31 tick=8204 : armee=0 one_shot=0 page_prog=64 rif_avant=0 nwin=0 marge=0 -> DMA NON ARMEE (le RIF jette) : SCH memorise pour la fenetre SB (dans une vraie fenetre SB : 7/690)
  profil PC (24372 tranches, high-water 0xde92) : 9a80:11% 8240:11% 8380:10% 83c0:5% 8200:5% 8300:4% 8540:4% 9a40:4% a0c0:3% 81c0:3% 82c0:3% 9a00:2%
  fn=8244    page=1 insn=1357    IDLE   d_fb_det=0     a_sch=0100 0000 0000 0000 sync=0000 153e ffff  | trames=8246 irq=0 iq=0
  [sbwin] SB #700 fn=7630 p51=31 tick=8306 : armee=0 one_shot=0 page_prog=64 rif_avant=0 nwin=0 marge=0 -> DMA NON ARMEE (le RIF jette) : SCH memorise pour la fenetre SB (dans une vraie fenetre SB : 7/700)
  [sbwin] SB #710 fn=7732 p51=31 tick=8408 : armee=0 one_shot=0 page_prog=64 rif_avant=0 nwin=0 marge=0 -> DMA NON ARMEE (le RIF jette) : SCH memorise pour la fenetre SB (dans une vraie fenetre SB : 7/710)
  profil PC (21052 tranches, high-water 0xde92) : 9a80:11% 8240:11% 8380:10% 83c0:5% 8200:5% 8300:4% 8540:4% 9a40:4% a0c0:3% 81c0:3% 82c0:3% 9a00:2%
  fn=8461    page=0 insn=121     IDLE   d_fb_det=0     a_sch=0100 0000 0000 0000 sync=0000 153e ffff  | trames=8463 irq=0 iq=0
  [sbwin] SB #720 fn=7834 p51=31 tick=8510 : armee=0 one_shot=0 page_prog=64 rif_avant=0 nwin=0 marge=0 -> DMA NON ARMEE (le RIF jette) : SCH memorise pour la fenetre SB (dans une vraie fenetre SB : 7/720)
  [sbwin] SB #730 fn=7936 p51=31 tick=8612 : armee=0 one_shot=0 page_prog=64 rif_avant=0 nwin=0 marge=0 -> DMA NON ARMEE (le RIF jette) : SCH memorise pour la fenetre SB (dans une vraie fenetre SB : 7/730)
  profil PC (21055 tranches, high-water 0xde92) : 9a80:11% 8240:11% 8380:10% 83c0:5% 8200:5% 8300:4% 8540:4% 9a40:4% a0c0:3% 81c0:3% 82c0:3% 9a00:2%
  fn=8678    page=1 insn=121     IDLE   d_fb_det=0     a_sch=0100 0000 0000 0000 sync=0000 153e ffff  | trames=8680 irq=0 iq=0
  hacks actifs : RHEA_DMA ; cadencement : STREAM LOCKSTEP  ; stimulus : none
  [sbwin] SB #740 fn=8038 p51=31 tick=8714 : armee=0 one_shot=0 page_prog=64 rif_avant=0 nwin=0 marge=0 -> DMA NON ARMEE (le RIF jette) : SCH memorise pour la fenetre SB (dans une vraie fenetre SB : 7/740)
  [sbwin] SB #750 fn=8140 p51=31 tick=8816 : armee=0 one_shot=0 page_prog=64 rif_avant=0 nwin=0 marge=0 -> DMA NON ARMEE (le RIF jette) : SCH memorise pour la fenetre SB (dans une vraie fenetre SB : 7/750)
  profil PC (22968 tranches, high-water 0xde92) : 8240:11% 9a80:11% 8380:10% 83c0:5% 8200:5% 8300:4% 8540:4% 9a40:4% a0c0:3% 81c0:3% 82c0:3% 9a00:2%
  fn=8895    page=1 insn=13661   IDLE   d_fb_det=0     a_sch=0100 0000 0000 0000 sync=0000 153e ffff  | trames=8897 irq=0 iq=0
  [sbwin] SB #760 fn=8242 p51=31 tick=8918 : armee=0 one_shot=0 page_prog=64 rif_avant=0 nwin=0 marge=0 -> DMA NON ARMEE (le RIF jette) : SCH memorise pour la fenetre SB (dans une vraie fenetre SB : 7/760)
  [chrono] fn=8998 sur 1000 trames (ms) : qemu 3.61 | A 0.05 | go 0.25 | B 0.16 | apres DONE 0.55 | trame 4.62 (temps reel 4.62)
  [sbwin] SB #770 fn=8344 p51=31 tick=9020 : armee=0 one_shot=0 page_prog=64 rif_avant=0 nwin=0 marge=0 -> DMA NON ARMEE (le RIF jette) : SCH memorise pour la fenetre SB (dans une vraie fenetre SB : 7/770)
  profil PC (24149 tranches, high-water 0xde92) : 9a80:12% 8240:11% 8380:10% 83c0:5% 8200:5% 8300:4% 8540:4% 9a40:4% a0c0:3% 81c0:3% 82c0:3% 9a00:2%
  fn=9112    page=0 insn=121     IDLE   d_fb_det=0     a_sch=0100 0000 0000 0000 sync=0000 153e ffff  | trames=9114 irq=0 iq=0
  [sbwin] SB #780 fn=8446 p51=31 tick=9122 : armee=0 one_shot=0 page_prog=64 rif_avant=0 nwin=0 marge=0 -> DMA NON ARMEE (le RIF jette) : SCH memorise pour la fenetre SB (dans une vraie fenetre SB : 7/780)
  [sbwin] SB #790 fn=8548 p51=31 tick=9224 : armee=0 one_shot=0 page_prog=64 rif_avant=0 nwin=0 marge=0 -> DMA NON ARMEE (le RIF jette) : SCH memorise pour la fenetre SB (dans une vraie fenetre SB : 7/790)
  [sbwin] SB #800 fn=8650 p51=31 tick=9326 : armee=0 one_shot=0 page_prog=64 rif_avant=0 nwin=0 marge=0 -> DMA NON ARMEE (le RIF jette) : SCH memorise pour la fenetre SB (dans une vraie fenetre SB : 7/800)
  profil PC (21052 tranches, high-water 0xde92) : 9a80:11% 8240:11% 8380:10% 83c0:5% 8200:5% 8300:4% 8540:4% 9a40:4% a0c0:3% 81c0:3% 82c0:3% 9a00:2%
  fn=9329    page=1 insn=121     IDLE   d_fb_det=0     a_sch=0100 0000 0000 0000 sync=0000 153e ffff  | trames=9331 irq=0 iq=0
  [sbwin] SB #810 fn=8752 p51=31 tick=9428 : armee=0 one_shot=0 page_prog=64 rif_avant=0 nwin=0 marge=0 -> DMA NON ARMEE (le RIF jette) : SCH memorise pour la fenetre SB (dans une vraie fenetre SB : 7/810)
  [sbwin] SB #820 fn=8854 p51=31 tick=9530 : armee=0 one_shot=0 page_prog=64 rif_avant=0 nwin=0 marge=0 -> DMA NON ARMEE (le RIF jette) : SCH memorise pour la fenetre SB (dans une vraie fenetre SB : 7/820)
  profil PC (21055 tranches, high-water 0xde92) : 9a80:11% 8240:11% 8380:10% 83c0:5% 8200:5% 8300:4% 8540:4% 9a40:4% a0c0:3% 81c0:3% 82c0:3% 9a00:2%
  fn=9546    page=0 insn=121     IDLE   d_fb_det=0     a_sch=0100 0000 0000 0000 sync=0000 153e ffff  | trames=9548 irq=0 iq=0
  [sbwin] SB #830 fn=8956 p51=31 tick=9632 : armee=0 one_shot=0 page_prog=64 rif_avant=0 nwin=0 marge=0 -> DMA NON ARMEE (le RIF jette) : SCH memorise pour la fenetre SB (dans une vraie fenetre SB : 7/830)
  [sbwin] SB #840 fn=9058 p51=31 tick=9734 : armee=0 one_shot=0 page_prog=64 rif_avant=0 nwin=0 marge=0 -> DMA NON ARMEE (le RIF jette) : SCH memorise pour la fenetre SB (dans une vraie fenetre SB : 7/840)
  profil PC (23547 tranches, high-water 0xde92) : 9a80:11% 8240:11% 8380:10% 83c0:5% 8200:5% 8300:4% 8540:4% 9a40:4% a0c0:3% 81c0:3% 82c0:3% 9a00:2%
  fn=9763    page=1 insn=36256   IDLE   d_fb_det=0     a_sch=0100 0000 0000 0000 sync=0000 153e ffff  | trames=9765 irq=0 iq=0
  [sbwin] SB #850 fn=9160 p51=31 tick=9836 : armee=0 one_shot=0 page_prog=64 rif_avant=0 nwin=0 marge=0 -> DMA NON ARMEE (le RIF jette) : SCH memorise pour la fenetre SB (dans une vraie fenetre SB : 7/850)
  [sbwin] SB #860 fn=9262 p51=31 tick=9938 : armee=0 one_shot=0 page_prog=64 rif_avant=0 nwin=0 marge=0 -> DMA NON ARMEE (le RIF jette) : SCH memorise pour la fenetre SB (dans une vraie fenetre SB : 7/860)
  profil PC (23572 tranches, high-water 0xde92) : 9a80:11% 8240:11% 8380:10% 83c0:5% 8200:5% 8300:4% 8540:4% 9a40:4% a0c0:3% 81c0:3% 82c0:3% 9a00:2%
  fn=9980    page=1 insn=121     IDLE   d_fb_det=0     a_sch=0100 0000 0000 0000 sync=0000 153e ffff  | trames=9982 irq=0 iq=0
  [chrono] fn=9998 sur 1000 trames (ms) : qemu 3.62 | A 0.05 | go 0.26 | B 0.17 | apres DONE 0.51 | trame 4.61 (temps reel 4.62)
  [sbwin] SB #870 fn=9364 p51=31 tick=10040 : armee=0 one_shot=0 page_prog=64 rif_avant=0 nwin=0 marge=0 -> DMA NON ARMEE (le RIF jette) : SCH memorise pour la fenetre SB (dans une vraie fenetre SB : 7/870)
  [sbwin] SB #880 fn=9466 p51=31 tick=10142 : armee=0 one_shot=0 page_prog=64 rif_avant=0 nwin=0 marge=0 -> DMA NON ARMEE (le RIF jette) : SCH memorise pour la fenetre SB (dans une vraie fenetre SB : 7/880)
  profil PC (21052 tranches, high-water 0xde92) : 9a80:11% 8240:11% 8380:10% 83c0:5% 8200:5% 8300:4% 8540:4% 9a40:4% a0c0:3% 81c0:3% 82c0:3% 9a00:2%
  fn=10197   page=0 insn=121     IDLE   d_fb_det=0     a_sch=0100 0000 0000 0000 sync=0000 153e ffff  | trames=10199 irq=0 iq=0
  [sbwin] SB #890 fn=9568 p51=31 tick=10244 : armee=0 one_shot=0 page_prog=64 rif_avant=0 nwin=0 marge=0 -> DMA NON ARMEE (le RIF jette) : SCH memorise pour la fenetre SB (dans une vraie fenetre SB : 7/890)
  [sbwin] SB #900 fn=9670 p51=31 tick=10346 : armee=0 one_shot=0 page_prog=64 rif_avant=0 nwin=0 marge=0 -> DMA NON ARMEE (le RIF jette) : SCH memorise pour la fenetre SB (dans une vraie fenetre SB : 7/900)
  profil PC (21055 tranches, high-water 0xde92) : 9a80:11% 8240:11% 8380:10% 83c0:5% 8200:5% 8300:4% 8540:4% 9a40:4% a0c0:3% 81c0:3% 82c0:3% 9a00:2%
  fn=10414   page=1 insn=121     IDLE   d_fb_det=0     a_sch=0100 0000 0000 0000 sync=0000 153e ffff  | trames=10416 irq=0 iq=0
  hacks actifs : RHEA_DMA ; cadencement : STREAM LOCKSTEP  ; stimulus : none
  [sbwin] SB #910 fn=9772 p51=31 tick=10448 : armee=0 one_shot=0 page_prog=64 rif_avant=0 nwin=0 marge=0 -> DMA NON ARMEE (le RIF jette) : SCH memorise pour la fenetre SB (dans une vraie fenetre SB : 7/910)
  [sbwin] SB #920 fn=9874 p51=31 tick=10550 : armee=0 one_shot=0 page_prog=64 rif_avant=0 nwin=0 marge=0 -> DMA NON ARMEE (le RIF jette) : SCH memorise pour la fenetre SB (dans une vraie fenetre SB : 7/920)
  profil PC (23568 tranches, high-water 0xde92) : 9a80:11% 8240:11% 8380:10% 83c0:5% 8200:5% 8300:4% 8540:4% 9a40:4% a0c0:3% 81c0:3% 82c0:3% 9a00:2%
  fn=10631   page=1 insn=1357    IDLE   d_fb_det=0     a_sch=0100 0000 0000 0000 sync=0000 153e ffff  | trames=10633 irq=0 iq=0
  [sbwin] SB #930 fn=9976 p51=31 tick=10652 : armee=0 one_shot=0 page_prog=64 rif_avant=0 nwin=0 marge=0 -> DMA NON ARMEE (le RIF jette) : SCH memorise pour la fenetre SB (dans une vraie fenetre SB : 7/930)
  [sbwin] SB #940 fn=10078 p51=31 tick=10754 : armee=0 one_shot=0 page_prog=64 rif_avant=0 nwin=0 marge=0 -> DMA NON ARMEE (le RIF jette) : SCH memorise pour la fenetre SB (dans une vraie fenetre SB : 7/940)
  profil PC (23551 tranches, high-water 0xde92) : 9a80:11% 8240:11% 8380:10% 83c0:5% 8200:5% 8300:4% 8540:4% 9a40:4% a0c0:3% 81c0:3% 82c0:3% 9a00:2%
  fn=10848   page=0 insn=121     IDLE   d_fb_det=0     a_sch=0100 0000 0000 0000 sync=0000 153e ffff  | trames=10850 irq=0 iq=0
  [sbwin] SB #950 fn=10180 p51=31 tick=10856 : armee=0 one_shot=0 page_prog=64 rif_avant=0 nwin=0 marge=0 -> DMA NON ARMEE (le RIF jette) : SCH memorise pour la fenetre SB (dans une vraie fenetre SB : 7/950)
  [ts0] tick=10933 fn=10257 p51=6 NB fenetre=151 marge=3 rif_avant=0
  [sbwin] SB #960 fn=10282 p51=31 tick=10958 : armee=0 one_shot=0 page_prog=64 rif_avant=0 nwin=0 marge=0 -> DMA NON ARMEE (le RIF jette) : SCH memorise pour la fenetre SB (dans une vraie fenetre SB : 7/960)
  [chrono] fn=10998 sur 1000 trames (ms) : qemu 3.56 | A 0.06 | go 0.25 | B 0.18 | apres DONE 0.57 | trame 4.62 (temps reel 4.62)
  [sbwin] SB #970 fn=10384 p51=31 tick=11060 : armee=0 one_shot=0 page_prog=64 rif_avant=0 nwin=0 marge=0 -> DMA NON ARMEE (le RIF jette) : SCH memorise pour la fenetre SB (dans une vraie fenetre SB : 7/970)
  profil PC (21052 tranches, high-water 0xde92) : 9a80:11% 8240:11% 8380:10% 83c0:5% 8200:5% 8300:4% 8540:4% 9a40:4% a0c0:3% 81c0:3% 82c0:3% 9a00:2%
  fn=11065   page=1 insn=121     IDLE   d_fb_det=0     a_sch=0100 0000 0000 0000 sync=0000 153e ffff  | trames=11067 irq=0 iq=0
  [sbwin] SB #980 fn=10486 p51=31 tick=11162 : armee=0 one_shot=0 page_prog=64 rif_avant=0 nwin=0 marge=0 -> DMA NON ARMEE (le RIF jette) : SCH memorise pour la fenetre SB (dans une vraie fenetre SB : 7/980)
  [sbwin] SB #990 fn=10588 p51=31 tick=11264 : armee=0 one_shot=0 page_prog=64 rif_avant=0 nwin=0 marge=0 -> DMA NON ARMEE (le RIF jette) : SCH memorise pour la fenetre SB (dans une vraie fenetre SB : 7/990)
  profil PC (21055 tranches, high-water 0xde92) : 9a80:11% 8240:11% 8380:10% 83c0:5% 8200:5% 8300:4% 8540:4% 9a40:4% a0c0:3% 81c0:3% 82c0:3% 9a00:2%
  fn=11282   page=0 insn=121     IDLE   d_fb_det=0     a_sch=0100 0000 0000 0000 sync=0000 153e ffff  | trames=11284 irq=0 iq=0
  [sbwin] SB #1000 fn=10690 p51=31 tick=11366 : armee=0 one_shot=0 page_prog=64 rif_avant=0 nwin=0 marge=0 -> DMA NON ARMEE (le RIF jette) : SCH memorise pour la fenetre SB (dans une vraie fenetre SB : 7/1000)
  [sbwin] SB #1010 fn=10792 p51=31 tick=11468 : armee=0 one_shot=0 page_prog=64 rif_avant=0 nwin=0 marge=0 -> DMA NON ARMEE (le RIF jette) : SCH memorise pour la fenetre SB (dans une vraie fenetre SB : 7/1010)
  profil PC (23569 tranches, high-water 0xde92) : 9a80:11% 8240:11% 8380:10% 83c0:5% 8200:5% 8300:4% 8540:4% 9a40:4% a0c0:3% 81c0:3% 82c0:3% 9a00:2%
  fn=11499   page=0 insn=121     IDLE   d_fb_det=0     a_sch=0100 0000 0000 0000 sync=0000 153e ffff  | trames=11501 irq=0 iq=0
  [sbwin] SB #1020 fn=10894 p51=31 tick=11570 : armee=0 one_shot=0 page_prog=64 rif_avant=0 nwin=0 marge=0 -> DMA NON ARMEE (le RIF jette) : SCH memorise pour la fenetre SB (dans une vraie fenetre SB : 7/1020)
  [sbwin] SB #1030 fn=10996 p51=31 tick=11672 : armee=0 one_shot=0 page_prog=64 rif_avant=0 nwin=0 marge=0 -> DMA NON ARMEE (le RIF jette) : SCH memorise pour la fenetre SB (dans une vraie fenetre SB : 7/1030)
  profil PC (23548 tranches, high-water 0xde92) : 9a80:11% 8240:11% 8380:10% 83c0:5% 8200:5% 8300:4% 8540:4% 9a40:4% a0c0:3% 81c0:3% 82c0:3% 9a00:2%
  fn=11716   page=1 insn=121     IDLE   d_fb_det=0     a_sch=0100 0000 0000 0000 sync=0000 153e ffff  | trames=11718 irq=0 iq=0
  [sbwin] SB #1040 fn=11098 p51=31 tick=11774 : armee=0 one_shot=0 page_prog=64 rif_avant=0 nwin=0 marge=0 -> DMA NON ARMEE (le RIF jette) : SCH memorise pour la fenetre SB (dans une vraie fenetre SB : 7/1040)
  [sbwin] SB #1050 fn=11200 p51=31 tick=11876 : armee=0 one_shot=0 page_prog=64 rif_avant=0 nwin=0 marge=0 -> DMA NON ARMEE (le RIF jette) : SCH memorise pour la fenetre SB (dans une vraie fenetre SB : 7/1050)
  profil PC (21055 tranches, high-water 0xde92) : 9a80:11% 8240:11% 8380:10% 83c0:5% 8200:5% 8300:4% 8540:4% 9a40:4% a0c0:3% 81c0:3% 82c0:3% 9a00:2%
  fn=11933   page=0 insn=121     IDLE   d_fb_det=0     a_sch=0100 0000 0000 0000 sync=0000 153e ffff  | trames=11935 irq=0 iq=0
  [sbwin] SB #1060 fn=11302 p51=31 tick=11978 : armee=0 one_shot=0 page_prog=64 rif_avant=0 nwin=0 marge=0 -> DMA NON ARMEE (le RIF jette) : SCH memorise pour la fenetre SB (dans une vraie fenetre SB : 7/1060)
  [chrono] fn=11998 sur 1000 trames (ms) : qemu 3.72 | A 0.05 | go 0.25 | B 0.15 | apres DONE 0.44 | trame 4.62 (temps reel 4.62)
  [sbwin] SB #1070 fn=11404 p51=31 tick=12080 : armee=0 one_shot=0 page_prog=64 rif_avant=0 nwin=0 marge=0 -> DMA NON ARMEE (le RIF jette) : SCH memorise pour la fenetre SB (dans une vraie fenetre SB : 7/1070)
  profil PC (21052 tranches, high-water 0xde92) : 9a80:11% 8240:11% 8380:10% 83c0:5% 8200:5% 8300:4% 8540:4% 9a40:4% a0c0:3% 81c0:3% 82c0:3% 9a00:2%
  fn=12150   page=1 insn=121     IDLE   d_fb_det=0     a_sch=0100 0000 0000 0000 sync=0000 153e ffff  | trames=12152 irq=0 iq=0
  hacks actifs : RHEA_DMA ; cadencement : STREAM LOCKSTEP  ; stimulus : none
  [sbwin] SB #1080 fn=11506 p51=31 tick=12182 : armee=0 one_shot=0 page_prog=64 rif_avant=0 nwin=0 marge=0 -> DMA NON ARMEE (le RIF jette) : SCH memorise pour la fenetre SB (dans une vraie fenetre SB : 7/1080)
  [sbwin] SB #1090 fn=11608 p51=31 tick=12284 : armee=0 one_shot=0 page_prog=64 rif_avant=0 nwin=0 marge=0 -> DMA NON ARMEE (le RIF jette) : SCH memorise pour la fenetre SB (dans une vraie fenetre SB : 7/1090)
  profil PC (23794 tranches, high-water 0xde92) : 9a80:11% 8240:11% 8380:10% 83c0:5% 8200:5% 8300:4% 8540:4% 9a40:4% a0c0:3% 81c0:3% 82c0:3% 9a00:2%
  fn=12367   page=0 insn=13783   IDLE   d_fb_det=0     a_sch=0100 0000 0000 0000 sync=0000 153e ffff  | trames=12369 irq=0 iq=0
  [sbwin] SB #1100 fn=11710 p51=31 tick=12386 : armee=0 one_shot=0 page_prog=64 rif_avant=0 nwin=0 marge=0 -> DMA NON ARMEE (le RIF jette) : SCH memorise pour la fenetre SB (dans une vraie fenetre SB : 7/1100)
  [sbwin] SB #1110 fn=11812 p51=31 tick=12488 : armee=0 one_shot=0 page_prog=64 rif_avant=0 nwin=0 marge=0 -> DMA NON ARMEE (le RIF jette) : SCH memorise pour la fenetre SB (dans une vraie fenetre SB : 7/1110)
  profil PC (23323 tranches, high-water 0xde92) : 9a80:11% 8240:11% 8380:10% 83c0:5% 8200:5% 8300:4% 8540:4% 9a40:4% a0c0:3% 81c0:3% 82c0:3% 9a00:2%
  fn=12584   page=0 insn=121     IDLE   d_fb_det=0     a_sch=0100 0000 0000 0000 sync=0000 153e ffff  | trames=12586 irq=0 iq=0
  [sbwin] SB #1120 fn=11914 p51=31 tick=12590 : armee=0 one_shot=0 page_prog=64 rif_avant=0 nwin=0 marge=0 -> DMA NON ARMEE (le RIF jette) : SCH memorise pour la fenetre SB (dans une vraie fenetre SB : 7/1120)
  [sbwin] SB #1130 fn=12016 p51=31 tick=12692 : armee=0 one_shot=0 page_prog=64 rif_avant=0 nwin=0 marge=0 -> DMA NON ARMEE (le RIF jette) : SCH memorise pour la fenetre SB (dans une vraie fenetre SB : 7/1130)
  [sbwin] SB #1140 fn=12118 p51=31 tick=12794 : armee=0 one_shot=0 page_prog=64 rif_avant=0 nwin=0 marge=0 -> DMA NON ARMEE (le RIF jette) : SCH memorise pour la fenetre SB (dans une vraie fenetre SB : 7/1140)
  profil PC (21055 tranches, high-water 0xde92) : 9a80:11% 8240:11% 8380:10% 83c0:5% 8200:5% 8300:4% 8540:4% 9a40:4% a0c0:3% 81c0:3% 82c0:3% 9a00:2%
  fn=12801   page=1 insn=121     IDLE   d_fb_det=0     a_sch=0100 0000 0000 0000 sync=0000 153e ffff  | trames=12803 irq=0 iq=0
  [sbwin] SB #1150 fn=12220 p51=31 tick=12896 : armee=0 one_shot=0 page_prog=64 rif_avant=0 nwin=0 marge=0 -> DMA NON ARMEE (le RIF jette) : SCH memorise pour la fenetre SB (dans une vraie fenetre SB : 7/1150)
  [sbwin] SB #1160 fn=12322 p51=31 tick=12998 : armee=0 one_shot=0 page_prog=64 rif_avant=0 nwin=0 marge=0 -> DMA NON ARMEE (le RIF jette) : SCH memorise pour la fenetre SB (dans une vraie fenetre SB : 7/1160)
  [chrono] fn=12998 sur 1000 trames (ms) : qemu 3.60 | A 0.05 | go 0.26 | B 0.16 | apres DONE 0.55 | trame 4.62 (temps reel 4.62)
  profil PC (21073 tranches, high-water 0xde92) : 9a80:11% 8240:11% 8380:10% 83c0:5% 8200:5% 8300:4% 8540:4% 9a40:4% a0c0:3% 81c0:3% 82c0:3% 9a00:2%
  fn=13018   page=1 insn=1357    IDLE   d_fb_det=0     a_sch=0100 0000 0000 0000 sync=0000 153e ffff  | trames=13020 irq=0 iq=0
  [sbwin] SB #1170 fn=12424 p51=31 tick=13100 : armee=0 one_shot=0 page_prog=64 rif_avant=0 nwin=0 marge=0 -> DMA NON ARMEE (le RIF jette) : SCH memorise pour la fenetre SB (dans une vraie fenetre SB : 7/1170)
  [sbwin] SB #1180 fn=12526 p51=31 tick=13202 : armee=0 one_shot=0 page_prog=64 rif_avant=0 nwin=0 marge=0 -> DMA NON ARMEE (le RIF jette) : SCH memorise pour la fenetre SB (dans une vraie fenetre SB : 7/1180)
  profil PC (23998 tranches, high-water 0xde92) : 9a80:11% 8240:11% 8380:10% 83c0:5% 8200:5% 8300:4% 8540:4% 9a40:4% a0c0:3% 81c0:3% 82c0:3% 9a00:2%
  fn=13235   page=0 insn=13657   IDLE   d_fb_det=0     a_sch=0100 0000 0000 0000 sync=0000 153e ffff  | trames=13237 irq=0 iq=0
  [sbwin] SB #1190 fn=12628 p51=31 tick=13304 : armee=0 one_shot=0 page_prog=64 rif_avant=0 nwin=0 marge=0 -> DMA NON ARMEE (le RIF jette) : SCH memorise pour la fenetre SB (dans une vraie fenetre SB : 7/1190)
  [sbwin] SB #1200 fn=12730 p51=31 tick=13406 : armee=0 one_shot=0 page_prog=64 rif_avant=0 nwin=0 marge=0 -> DMA NON ARMEE (le RIF jette) : SCH memorise pour la fenetre SB (dans une vraie fenetre SB : 7/1200)
  profil PC (23100 tranches, high-water 0xde92) : 9a80:11% 8240:11% 8380:10% 83c0:5% 8200:5% 8300:4% 8540:4% 9a40:4% a0c0:3% 81c0:3% 82c0:3% 9a00:2%
  fn=13452   page=1 insn=121     IDLE   d_fb_det=0     a_sch=0100 0000 0000 0000 sync=0000 153e ffff  | trames=13454 irq=0 iq=0
  [sbwin] SB #1210 fn=12832 p51=31 tick=13508 : armee=0 one_shot=0 page_prog=64 rif_avant=0 nwin=0 marge=0 -> DMA NON ARMEE (le RIF jette) : SCH memorise pour la fenetre SB (dans une vraie fenetre SB : 7/1210)
  [sbwin] SB #1220 fn=12934 p51=31 tick=13610 : armee=0 one_shot=0 page_prog=64 rif_avant=0 nwin=0 marge=0 -> DMA NON ARMEE (le RIF jette) : SCH memorise pour la fenetre SB (dans une vraie fenetre SB : 7/1220)
  profil PC (21055 tranches, high-water 0xde92) : 9a80:11% 8240:11% 8380:10% 83c0:5% 8200:5% 8300:4% 8540:4% 9a40:4% a0c0:3% 81c0:3% 82c0:3% 9a00:2%
  fn=13669   page=0 insn=121     IDLE   d_fb_det=0     a_sch=0100 0000 0000 0000 sync=0000 153e ffff  | trames=13671 irq=0 iq=0
  [sbwin] SB #1230 fn=13036 p51=31 tick=13712 : armee=0 one_shot=0 page_prog=64 rif_avant=0 nwin=0 marge=0 -> DMA NON ARMEE (le RIF jette) : SCH memorise pour la fenetre SB (dans une vraie fenetre SB : 7/1230)
  [sbwin] SB #1240 fn=13138 p51=31 tick=13814 : armee=0 one_shot=0 page_prog=64 rif_avant=0 nwin=0 marge=0 -> DMA NON ARMEE (le RIF jette) : SCH memorise pour la fenetre SB (dans une vraie fenetre SB : 7/1240)
  profil PC (21073 tranches, high-water 0xde92) : 9a80:11% 8240:11% 8380:10% 83c0:5% 8200:5% 8300:4% 8540:4% 9a40:4% a0c0:3% 81c0:3% 82c0:3% 9a00:2%
  fn=13886   page=0 insn=121     IDLE   d_fb_det=0     a_sch=0100 0000 0000 0000 sync=0000 153e ffff  | trames=13888 irq=0 iq=0
  hacks actifs : RHEA_DMA ; cadencement : STREAM LOCKSTEP  ; stimulus : none
  [sbwin] SB #1250 fn=13240 p51=31 tick=13916 : armee=0 one_shot=0 page_prog=64 rif_avant=0 nwin=0 marge=0 -> DMA NON ARMEE (le RIF jette) : SCH memorise pour la fenetre SB (dans une vraie fenetre SB : 7/1250)
  [chrono] fn=13998 sur 1000 trames (ms) : qemu 3.65 | A 0.05 | go 0.26 | B 0.15 | apres DONE 0.50 | trame 4.62 (temps reel 4.62)
  [sbwin] SB #1260 fn=13342 p51=31 tick=14018 : armee=0 one_shot=0 page_prog=64 rif_avant=0 nwin=0 marge=0 -> DMA NON ARMEE (le RIF jette) : SCH memorise pour la fenetre SB (dans une vraie fenetre SB : 7/1260)
  profil PC (24221 tranches, high-water 0xde92) : 8240:11% 9a80:11% 8380:10% 83c0:5% 8200:5% 8300:4% 8540:4% 9a40:4% a0c0:3% 81c0:3% 82c0:3% 9a00:2%
  fn=14103   page=0 insn=13659   IDLE   d_fb_det=0     a_sch=0100 0000 0000 0000 sync=0000 153e ffff  | trames=14105 irq=0 iq=0
  [sbwin] SB #1270 fn=13444 p51=31 tick=14120 : armee=0 one_shot=0 page_prog=64 rif_avant=0 nwin=0 marge=0 -> DMA NON ARMEE (le RIF jette) : SCH memorise pour la fenetre SB (dans une vraie fenetre SB : 7/1270)
  [sbwin] SB #1280 fn=13546 p51=31 tick=14222 : armee=0 one_shot=0 page_prog=64 rif_avant=0 nwin=0 marge=0 -> DMA NON ARMEE (le RIF jette) : SCH memorise pour la fenetre SB (dans une vraie fenetre SB : 7/1280)
  profil PC (22877 tranches, high-water 0xde92) : 9a80:12% 8240:11% 8380:9% 83c0:5% 8200:5% 8300:4% 8540:4% 9a40:4% a0c0:3% 81c0:3% 82c0:3% 9a00:2%
  fn=14320   page=0 insn=121     IDLE   d_fb_det=0     a_sch=0100 0000 0000 0000 sync=0000 153e ffff  | trames=14322 irq=0 iq=0
  [sbwin] SB #1290 fn=13648 p51=31 tick=14324 : armee=0 one_shot=0 page_prog=64 rif_avant=0 nwin=0 marge=0 -> DMA NON ARMEE (le RIF jette) : SCH memorise pour la fenetre SB (dans une vraie fenetre SB : 7/1290)
  [sbwin] SB #1300 fn=13750 p51=31 tick=14426 : armee=0 one_shot=0 page_prog=64 rif_avant=0 nwin=0 marge=0 -> DMA NON ARMEE (le RIF jette) : SCH memorise pour la fenetre SB (dans une vraie fenetre SB : 7/1300)
  [sbwin] SB #1310 fn=13852 p51=31 tick=14528 : armee=0 one_shot=0 page_prog=64 rif_avant=0 nwin=0 marge=0 -> DMA NON ARMEE (le RIF jette) : SCH memorise pour la fenetre SB (dans une vraie fenetre SB : 7/1310)
  profil PC (21076 tranches, high-water 0xde92) : 9a80:11% 8240:11% 8380:10% 83c0:5% 8200:5% 8300:4% 8540:4% 9a40:4% a0c0:3% 81c0:3% 82c0:3% 9a00:2%
  fn=14537   page=0 insn=1355    IDLE   d_fb_det=0     a_sch=0100 0000 0000 0000 sync=0000 153e ffff  | trames=14539 irq=0 iq=0
  [sbwin] SB #1320 fn=13954 p51=31 tick=14630 : armee=0 one_shot=0 page_prog=64 rif_avant=0 nwin=0 marge=0 -> DMA NON ARMEE (le RIF jette) : SCH memorise pour la fenetre SB (dans une vraie fenetre SB : 7/1320)
  [sbwin] SB #1330 fn=14056 p51=31 tick=14732 : armee=0 one_shot=0 page_prog=64 rif_avant=0 nwin=0 marge=0 -> DMA NON ARMEE (le RIF jette) : SCH memorise pour la fenetre SB (dans une vraie fenetre SB : 7/1330)
  profil PC (21277 tranches, high-water 0xde92) : 9a80:11% 8240:11% 8380:10% 83c0:5% 8200:5% 8300:4% 8540:4% 9a40:4% a0c0:3% 81c0:3% 82c0:3% 9a00:2%
  fn=14754   page=0 insn=13776   IDLE   d_fb_det=0     a_sch=0100 0000 0000 0000 sync=0000 153e ffff  | trames=14756 irq=0 iq=0
  [sbwin] SB #1340 fn=14158 p51=31 tick=14834 : armee=0 one_shot=0 page_prog=64 rif_avant=0 nwin=0 marge=0 -> DMA NON ARMEE (le RIF jette) : SCH memorise pour la fenetre SB (dans une vraie fenetre SB : 7/1340)
  [sbwin] SB #1350 fn=14260 p51=31 tick=14936 : armee=0 one_shot=0 page_prog=64 rif_avant=0 nwin=0 marge=0 -> DMA NON ARMEE (le RIF jette) : SCH memorise pour la fenetre SB (dans une vraie fenetre SB : 7/1350)
  profil PC (24571 tranches, high-water 0xde92) : 9a80:11% 8240:11% 8380:10% 83c0:5% 8200:5% 8300:4% 8540:4% 9a40:4% a0c0:3% 81c0:3% 82c0:3% 9a00:2%
  fn=14971   page=0 insn=36250   IDLE   d_fb_det=0     a_sch=0100 0000 0000 0000 sync=0000 153e ffff  | trames=14973 irq=0 iq=0
  [chrono] fn=14998 sur 1000 trames (ms) : qemu 3.58 | A 0.05 | go 0.25 | B 0.17 | apres DONE 0.56 | trame 4.62 (temps reel 4.62)
  [sbwin] SB #1360 fn=14362 p51=31 tick=15038 : armee=0 one_shot=0 page_prog=64 rif_avant=0 nwin=0 marge=0 -> DMA NON ARMEE (le RIF jette) : SCH memorise pour la fenetre SB (dans une vraie fenetre SB : 7/1360)
  [sbwin] SB #1370 fn=14464 p51=31 tick=15140 : armee=0 one_shot=0 page_prog=64 rif_avant=0 nwin=0 marge=0 -> DMA NON ARMEE (le RIF jette) : SCH memorise pour la fenetre SB (dans une vraie fenetre SB : 7/1370)
  profil PC (22303 tranches, high-water 0xde92) : 9a80:11% 8240:11% 8380:10% 83c0:5% 8200:5% 8300:4% 8540:4% 9a40:4% a0c0:3% 81c0:3% 82c0:3% 9a00:2%
  fn=15188   page=1 insn=121     IDLE   d_fb_det=0     a_sch=0100 0000 0000 0000 sync=0000 153e ffff  | trames=15190 irq=0 iq=0
  [sbwin] SB #1380 fn=14566 p51=31 tick=15242 : armee=0 one_shot=0 page_prog=64 rif_avant=0 nwin=0 marge=0 -> DMA NON ARMEE (le RIF jette) : SCH memorise pour la fenetre SB (dans une vraie fenetre SB : 7/1380)
  [sbwin] SB #1390 fn=14668 p51=31 tick=15344 : armee=0 one_shot=0 page_prog=64 rif_avant=0 nwin=0 marge=0 -> DMA NON ARMEE (le RIF jette) : SCH memorise pour la fenetre SB (dans une vraie fenetre SB : 7/1390)
  profil PC (21073 tranches, high-water 0xde92) : 9a80:11% 8240:11% 8380:10% 83c0:5% 8200:5% 8300:4% 8540:4% 9a40:4% a0c0:3% 81c0:3% 82c0:3% 9a00:2%
  fn=15405   page=1 insn=121     IDLE   d_fb_det=0     a_sch=0100 0000 0000 0000 sync=0000 153e ffff  | trames=15407 irq=0 iq=0
  [sbwin] SB #1400 fn=14770 p51=31 tick=15446 : armee=0 one_shot=0 page_prog=64 rif_avant=0 nwin=0 marge=0 -> DMA NON ARMEE (le RIF jette) : SCH memorise pour la fenetre SB (dans une vraie fenetre SB : 7/1400)
  [sbwin] SB #1410 fn=14872 p51=31 tick=15548 : armee=0 one_shot=0 page_prog=64 rif_avant=0 nwin=0 marge=0 -> DMA NON ARMEE (le RIF jette) : SCH memorise pour la fenetre SB (dans une vraie fenetre SB : 7/1410)
  profil PC (21503 tranches, high-water 0xde92) : 9a80:11% 8240:11% 8380:10% 83c0:5% 8200:5% 8300:4% 8540:4% 9a40:4% a0c0:3% 81c0:3% 82c0:3% 9a00:2%
  fn=15622   page=0 insn=13655   IDLE   d_fb_det=0     a_sch=0100 0000 0000 0000 sync=0000 153e ffff  | trames=15624 irq=0 iq=0
  hacks actifs : RHEA_DMA ; cadencement : STREAM LOCKSTEP  ; stimulus : none
  [sbwin] SB #1420 fn=14974 p51=31 tick=15650 : armee=0 one_shot=0 page_prog=64 rif_avant=0 nwin=0 marge=0 -> DMA NON ARMEE (le RIF jette) : SCH memorise pour la fenetre SB (dans une vraie fenetre SB : 7/1420)
  [sbwin] SB #1430 fn=15076 p51=31 tick=15752 : armee=0 one_shot=0 page_prog=64 rif_avant=0 nwin=0 marge=0 -> DMA NON ARMEE (le RIF jette) : SCH memorise pour la fenetre SB (dans une vraie fenetre SB : 7/1430)
  profil PC (24570 tranches, high-water 0xde92) : 9a80:11% 8240:11% 8380:10% 83c0:5% 8200:5% 8300:4% 8540:4% 9a40:4% a0c0:3% 81c0:3% 82c0:3% 9a00:2%
  fn=15839   page=0 insn=13783   IDLE   d_fb_det=0     a_sch=0100 0000 0000 0000 sync=0000 153e ffff  | trames=15841 irq=0 iq=0
  [sbwin] SB #1440 fn=15178 p51=31 tick=15854 : armee=0 one_shot=0 page_prog=64 rif_avant=0 nwin=0 marge=0 -> DMA NON ARMEE (le RIF jette) : SCH memorise pour la fenetre SB (dans une vraie fenetre SB : 7/1440)
  [ts0] tick=15933 fn=15257 p51=8 NB fenetre=151 marge=3 rif_avant=0
  [sbwin] SB #1450 fn=15280 p51=31 tick=15956 : armee=0 one_shot=0 page_prog=64 rif_avant=0 nwin=0 marge=0 -> DMA NON ARMEE (le RIF jette) : SCH memorise pour la fenetre SB (dans une vraie fenetre SB : 7/1450)
  [chrono] fn=15998 sur 1000 trames (ms) : qemu 3.68 | A 0.05 | go 0.24 | B 0.16 | apres DONE 0.49 | trame 4.62 (temps reel 4.62)
  profil PC (22078 tranches, high-water 0xde92) : 9a80:11% 8240:11% 8380:10% 83c0:5% 8200:5% 8300:4% 8540:4% 9a40:4% a0c0:3% 81c0:3% 82c0:3% 9a00:2%
  fn=16056   page=0 insn=121     IDLE   d_fb_det=0     a_sch=0100 0000 0000 0000 sync=0000 153e ffff  | trames=16058 irq=0 iq=0
  [sbwin] SB #1460 fn=15382 p51=31 tick=16058 : armee=0 one_shot=0 page_prog=64 rif_avant=0 nwin=0 marge=0 -> DMA NON ARMEE (le RIF jette) : SCH memorise pour la fenetre SB (dans une vraie fenetre SB : 7/1460)
  [sbwin] SB #1470 fn=15484 p51=31 tick=16160 : armee=0 one_shot=0 page_prog=64 rif_avant=0 nwin=0 marge=0 -> DMA NON ARMEE (le RIF jette) : SCH memorise pour la fenetre SB (dans une vraie fenetre SB : 7/1470)
  [sbwin] SB #1480 fn=15586 p51=31 tick=16262 : armee=0 one_shot=0 page_prog=64 rif_avant=0 nwin=0 marge=0 -> DMA NON ARMEE (le RIF jette) : SCH memorise pour la fenetre SB (dans une vraie fenetre SB : 7/1480)
  profil PC (21073 tranches, high-water 0xde92) : 9a80:11% 8240:11% 8380:10% 83c0:5% 8200:5% 8300:4% 8540:4% 9a40:4% a0c0:3% 81c0:3% 82c0:3% 9a00:2%
  fn=16273   page=0 insn=121     IDLE   d_fb_det=0     a_sch=0100 0000 0000 0000 sync=0000 153e ffff  | trames=16275 irq=0 iq=0
  [sbwin] SB #1490 fn=15688 p51=31 tick=16364 : armee=0 one_shot=0 page_prog=64 rif_avant=0 nwin=0 marge=0 -> DMA NON ARMEE (le RIF jette) : SCH memorise pour la fenetre SB (dans une vraie fenetre SB : 7/1490)
  [sbwin] SB #1500 fn=15790 p51=31 tick=16466 : armee=0 one_shot=0 page_prog=64 rif_avant=0 nwin=0 marge=0 -> DMA NON ARMEE (le RIF jette) : SCH memorise pour la fenetre SB (dans une vraie fenetre SB : 7/1500)
  profil PC (21726 tranches, high-water 0xde92) : 8240:11% 9a80:11% 8380:10% 83c0:5% 8200:5% 8300:4% 8540:4% 9a40:4% a0c0:3% 81c0:3% 82c0:3% 9a00:2%
  fn=16490   page=0 insn=13661   IDLE   d_fb_det=0     a_sch=0100 0000 0000 0000 sync=0000 153e ffff  | trames=16492 irq=0 iq=0
  [sbwin] SB #1510 fn=15892 p51=31 tick=16568 : armee=0 one_shot=0 page_prog=64 rif_avant=0 nwin=0 marge=0 -> DMA NON ARMEE (le RIF jette) : SCH memorise pour la fenetre SB (dans une vraie fenetre SB : 7/1510)
  [sbwin] SB #1520 fn=15994 p51=31 tick=16670 : armee=0 one_shot=0 page_prog=64 rif_avant=0 nwin=0 marge=0 -> DMA NON ARMEE (le RIF jette) : SCH memorise pour la fenetre SB (dans une vraie fenetre SB : 7/1520)
  profil PC (24572 tranches, high-water 0xde92) : 9a80:11% 8240:11% 8380:10% 83c0:5% 8200:5% 8300:4% 8540:4% 9a40:4% a0c0:3% 81c0:3% 82c0:3% 9a00:2%
  fn=16707   page=0 insn=13657   IDLE   d_fb_det=0     a_sch=0100 0000 0000 0000 sync=0000 153e ffff  | trames=16709 irq=0 iq=0
  [sbwin] SB #1530 fn=16096 p51=31 tick=16772 : armee=0 one_shot=0 page_prog=64 rif_avant=0 nwin=0 marge=0 -> DMA NON ARMEE (le RIF jette) : SCH memorise pour la fenetre SB (dans une vraie fenetre SB : 7/1530)
  [sbwin] SB #1540 fn=16198 p51=31 tick=16874 : armee=0 one_shot=0 page_prog=64 rif_avant=0 nwin=0 marge=0 -> DMA NON ARMEE (le RIF jette) : SCH memorise pour la fenetre SB (dans une vraie fenetre SB : 7/1540)
  profil PC (21876 tranches, high-water 0xde92) : 9a80:11% 8240:11% 8380:9% 83c0:5% 8200:5% 8300:4% 8540:4% 9a40:4% a0c0:3% 81c0:3% 82c0:3% 9a00:2%
  fn=16924   page=0 insn=1355    IDLE   d_fb_det=0     a_sch=0100 0000 0000 0000 sync=0000 153e ffff  | trames=16926 irq=0 iq=0
  [sbwin] SB #1550 fn=16300 p51=31 tick=16976 : armee=0 one_shot=0 page_prog=64 rif_avant=0 nwin=0 marge=0 -> DMA NON ARMEE (le RIF jette) : SCH memorise pour la fenetre SB (dans une vraie fenetre SB : 7/1550)
  [chrono] fn=16998 sur 1000 trames (ms) : qemu 3.68 | A 0.05 | go 0.24 | B 0.16 | apres DONE 0.49 | trame 4.62 (temps reel 4.62)
  [sbwin] SB #1560 fn=16402 p51=31 tick=17078 : armee=0 one_shot=0 page_prog=64 rif_avant=0 nwin=0 marge=0 -> DMA NON ARMEE (le RIF jette) : SCH memorise pour la fenetre SB (dans une vraie fenetre SB : 7/1560)
  profil PC (21052 tranches, high-water 0xde92) : 9a80:11% 8240:11% 8380:10% 83c0:5% 8200:5% 8300:4% 8540:4% 9a40:4% a0c0:3% 81c0:3% 82c0:3% 9a00:2%
  fn=17141   page=1 insn=121     IDLE   d_fb_det=0     a_sch=0100 0000 0000 0000 sync=0000 153e ffff  | trames=17143 irq=0 iq=0
  [sbwin] SB #1570 fn=16504 p51=31 tick=17180 : armee=0 one_shot=0 page_prog=64 rif_avant=0 nwin=0 marge=0 -> DMA NON ARMEE (le RIF jette) : SCH memorise pour la fenetre SB (dans une vraie fenetre SB : 7/1570)
  [sbwin] SB #1580 fn=16606 p51=31 tick=17282 : armee=0 one_shot=0 page_prog=64 rif_avant=0 nwin=0 marge=0 -> DMA NON ARMEE (le RIF jette) : SCH memorise pour la fenetre SB (dans une vraie fenetre SB : 7/1580)
  profil PC (22302 tranches, high-water 0xde92) : 9a80:11% 8240:11% 8380:10% 83c0:5% 8200:5% 8300:4% 8540:4% 9a40:4% a0c0:3% 81c0:3% 82c0:3% 9a00:2%
  fn=17358   page=0 insn=36147   IDLE   d_fb_det=0     a_sch=0100 0000 0000 0000 sync=0000 153e ffff  | trames=17360 irq=0 iq=0
  hacks actifs : RHEA_DMA ; cadencement : STREAM LOCKSTEP  ; stimulus : none
  [sbwin] SB #1590 fn=16708 p51=31 tick=17384 : armee=0 one_shot=0 page_prog=64 rif_avant=0 nwin=0 marge=0 -> DMA NON ARMEE (le RIF jette) : SCH memorise pour la fenetre SB (dans une vraie fenetre SB : 7/1590)
  [sbwin] SB #1600 fn=16810 p51=31 tick=17486 : armee=0 one_shot=0 page_prog=64 rif_avant=0 nwin=0 marge=0 -> DMA NON ARMEE (le RIF jette) : SCH memorise pour la fenetre SB (dans une vraie fenetre SB : 7/1600)
  profil PC (24219 tranches, high-water 0xde92) : 8240:11% 9a80:11% 8380:10% 83c0:5% 8200:5% 8300:4% 8540:4% 9a40:4% a0c0:3% 81c0:3% 82c0:3% 9a00:2%
  fn=17575   page=0 insn=13659   IDLE   d_fb_det=0     a_sch=0100 0000 0000 0000 sync=0000 153e ffff  | trames=17577 irq=0 iq=0
  [sbwin] SB #1610 fn=16912 p51=31 tick=17588 : armee=0 one_shot=0 page_prog=64 rif_avant=0 nwin=0 marge=0 -> DMA NON ARMEE (le RIF jette) : SCH memorise pour la fenetre SB (dans une vraie fenetre SB : 7/1610)
  [sbwin] SB #1620 fn=17014 p51=31 tick=17690 : armee=0 one_shot=0 page_prog=64 rif_avant=0 nwin=0 marge=0 -> DMA NON ARMEE (le RIF jette) : SCH memorise pour la fenetre SB (dans une vraie fenetre SB : 7/1620)
  [sbwin] SB #1630 fn=17116 p51=31 tick=17792 : armee=0 one_shot=0 page_prog=64 rif_avant=0 nwin=0 marge=0 -> DMA NON ARMEE (le RIF jette) : SCH memorise pour la fenetre SB (dans une vraie fenetre SB : 7/1630)
  profil PC (21653 tranches, high-water 0xde92) : 9a80:12% 8240:11% 8380:9% 83c0:5% 8200:5% 8300:4% 8540:4% 9a40:4% a0c0:3% 81c0:3% 82c0:3% 9a00:2%
  fn=17792   page=1 insn=121     IDLE   d_fb_det=0     a_sch=0100 0000 0000 0000 sync=0000 153e ffff  | trames=17794 irq=0 iq=0
  [sbwin] SB #1640 fn=17218 p51=31 tick=17894 : armee=0 one_shot=0 page_prog=64 rif_avant=0 nwin=0 marge=0 -> DMA NON ARMEE (le RIF jette) : SCH memorise pour la fenetre SB (dans une vraie fenetre SB : 7/1640)
  [sbwin] SB #1650 fn=17320 p51=31 tick=17996 : armee=0 one_shot=0 page_prog=64 rif_avant=0 nwin=0 marge=0 -> DMA NON ARMEE (le RIF jette) : SCH memorise pour la fenetre SB (dans une vraie fenetre SB : 7/1650)
  [chrono] fn=17998 sur 1000 trames (ms) : qemu 3.68 | A 0.05 | go 0.23 | B 0.15 | apres DONE 0.50 | trame 4.61 (temps reel 4.62)
  profil PC (21052 tranches, high-water 0xde92) : 9a80:11% 8240:11% 8380:10% 83c0:5% 8200:5% 8300:4% 8540:4% 9a40:4% a0c0:3% 81c0:3% 82c0:3% 9a00:2%
  fn=18009   page=0 insn=121     IDLE   d_fb_det=0     a_sch=0100 0000 0000 0000 sync=0000 153e ffff  | trames=18011 irq=0 iq=0
  [sbwin] SB #1660 fn=17422 p51=31 tick=18098 : armee=0 one_shot=0 page_prog=64 rif_avant=0 nwin=0 marge=0 -> DMA NON ARMEE (le RIF jette) : SCH memorise pour la fenetre SB (dans une vraie fenetre SB : 7/1660)
  [sbwin] SB #1670 fn=17524 p51=31 tick=18200 : armee=0 one_shot=0 page_prog=64 rif_avant=0 nwin=0 marge=0 -> DMA NON ARMEE (le RIF jette) : SCH memorise pour la fenetre SB (dans une vraie fenetre SB : 7/1670)
  profil PC (22525 tranches, high-water 0xde92) : 9a80:11% 8240:11% 8380:10% 83c0:5% 8200:5% 8300:4% 8540:4% 9a40:4% a0c0:3% 81c0:3% 82c0:3% 9a00:2%
  fn=18226   page=0 insn=13777   IDLE   d_fb_det=0     a_sch=0100 0000 0000 0000 sync=0000 153e ffff  | trames=18228 irq=0 iq=0
  [sbwin] SB #1680 fn=17626 p51=31 tick=18302 : armee=0 one_shot=0 page_prog=64 rif_avant=0 nwin=0 marge=0 -> DMA NON ARMEE (le RIF jette) : SCH memorise pour la fenetre SB (dans une vraie fenetre SB : 7/1680)
  [sbwin] SB #1690 fn=17728 p51=31 tick=18404 : armee=0 one_shot=0 page_prog=64 rif_avant=0 nwin=0 marge=0 -> DMA NON ARMEE (le RIF jette) : SCH memorise pour la fenetre SB (dans une vraie fenetre SB : 7/1690)
  profil PC (24574 tranches, high-water 0xde92) : 9a80:11% 8240:11% 8380:10% 83c0:5% 8200:5% 8300:4% 8540:4% 9a40:4% a0c0:3% 81c0:3% 82c0:3% 9a00:2%
  fn=18443   page=0 insn=36250   IDLE   d_fb_det=0     a_sch=0100 0000 0000 0000 sync=0000 153e ffff  | trames=18445 irq=0 iq=0
  [sbwin] SB #1700 fn=17830 p51=31 tick=18506 : armee=0 one_shot=0 page_prog=64 rif_avant=0 nwin=0 marge=0 -> DMA NON ARMEE (le RIF jette) : SCH memorise pour la fenetre SB (dans une vraie fenetre SB : 7/1700)
  [sbwin] SB #1710 fn=17932 p51=31 tick=18608 : armee=0 one_shot=0 page_prog=64 rif_avant=0 nwin=0 marge=0 -> DMA NON ARMEE (le RIF jette) : SCH memorise pour la fenetre SB (dans une vraie fenetre SB : 7/1710)
  profil PC (21073 tranches, high-water 0xde92) : 9a80:11% 8240:11% 8380:10% 83c0:5% 8200:5% 8300:4% 8540:4% 9a40:4% a0c0:3% 81c0:3% 82c0:3% 9a00:2%
  fn=18660   page=0 insn=121     IDLE   d_fb_det=0     a_sch=0100 0000 0000 0000 sync=0000 153e ffff  | trames=18662 irq=0 iq=0
  [sbwin] SB #1720 fn=18034 p51=31 tick=18710 : armee=0 one_shot=0 page_prog=64 rif_avant=0 nwin=0 marge=0 -> DMA NON ARMEE (le RIF jette) : SCH memorise pour la fenetre SB (dans une vraie fenetre SB : 7/1720)
  [sbwin] SB #1730 fn=18136 p51=31 tick=18812 : armee=0 one_shot=0 page_prog=64 rif_avant=0 nwin=0 marge=0 -> DMA NON ARMEE (le RIF jette) : SCH memorise pour la fenetre SB (dans une vraie fenetre SB : 7/1730)
  profil PC (21055 tranches, high-water 0xde92) : 9a80:11% 8240:11% 8380:10% 83c0:5% 8200:5% 8300:4% 8540:4% 9a40:4% a0c0:3% 81c0:3% 82c0:3% 9a00:2%
  fn=18877   page=1 insn=121     IDLE   d_fb_det=0     a_sch=0100 0000 0000 0000 sync=0000 153e ffff  | trames=18879 irq=0 iq=0
  [sbwin] SB #1740 fn=18238 p51=31 tick=18914 : armee=0 one_shot=0 page_prog=64 rif_avant=0 nwin=0 marge=0 -> DMA NON ARMEE (le RIF jette) : SCH memorise pour la fenetre SB (dans une vraie fenetre SB : 7/1740)
  [chrono] fn=18998 sur 1000 trames (ms) : qemu 3.66 | A 0.05 | go 0.25 | B 0.15 | apres DONE 0.51 | trame 4.62 (temps reel 4.62)
  [sbwin] SB #1750 fn=18340 p51=31 tick=19016 : armee=0 one_shot=0 page_prog=64 rif_avant=0 nwin=0 marge=0 -> DMA NON ARMEE (le RIF jette) : SCH memorise pour la fenetre SB (dans une vraie fenetre SB : 7/1750)
  profil PC (22745 tranches, high-water 0xde92) : 9a80:11% 8240:11% 8380:10% 83c0:5% 8200:5% 8300:4% 8540:4% 9a40:4% a0c0:3% 81c0:3% 82c0:3% 9a00:2%
  fn=19094   page=0 insn=13661   IDLE   d_fb_det=0     a_sch=0100 0000 0000 0000 sync=0000 153e ffff  | trames=19096 irq=0 iq=0
  hacks actifs : RHEA_DMA ; cadencement : STREAM LOCKSTEP  ; stimulus : none
  [sbwin] SB #1760 fn=18442 p51=31 tick=19118 : armee=0 one_shot=0 page_prog=64 rif_avant=0 nwin=0 marge=0 -> DMA NON ARMEE (le RIF jette) : SCH memorise pour la fenetre SB (dans une vraie fenetre SB : 7/1760)
  [sbwin] SB #1770 fn=18544 p51=31 tick=19220 : armee=0 one_shot=0 page_prog=64 rif_avant=0 nwin=0 marge=0 -> DMA NON ARMEE (le RIF jette) : SCH memorise pour la fenetre SB (dans une vraie fenetre SB : 7/1770)
  profil PC (24372 tranches, high-water 0xde92) : 9a80:11% 8240:11% 8380:10% 83c0:5% 8200:5% 8300:4% 8540:4% 9a40:4% a0c0:3% 81c0:3% 82c0:3% 9a00:2%
  fn=19311   page=0 insn=1355    IDLE   d_fb_det=0     a_sch=0100 0000 0000 0000 sync=0000 153e ffff  | trames=19313 irq=0 iq=0
  [sbwin] SB #1780 fn=18646 p51=31 tick=19322 : armee=0 one_shot=0 page_prog=64 rif_avant=0 nwin=0 marge=0 -> DMA NON ARMEE (le RIF jette) : SCH memorise pour la fenetre SB (dans une vraie fenetre SB : 7/1780)
  [sbwin] SB #1790 fn=18748 p51=31 tick=19424 : armee=0 one_shot=0 page_prog=64 rif_avant=0 nwin=0 marge=0 -> DMA NON ARMEE (le RIF jette) : SCH memorise pour la fenetre SB (dans une vraie fenetre SB : 7/1790)
  [sbwin] SB #1800 fn=18850 p51=31 tick=19526 : armee=0 one_shot=0 page_prog=64 rif_avant=0 nwin=0 marge=0 -> DMA NON ARMEE (le RIF jette) : SCH memorise pour la fenetre SB (dans une vraie fenetre SB : 7/1800)
  profil PC (21052 tranches, high-water 0xde92) : 9a80:11% 8240:11% 8380:10% 83c0:5% 8200:5% 8300:4% 8540:4% 9a40:4% a0c0:3% 81c0:3% 82c0:3% 9a00:2%
  fn=19528   page=1 insn=121     IDLE   d_fb_det=0     a_sch=0100 0000 0000 0000 sync=0000 153e ffff  | trames=19530 irq=0 iq=0
  [sbwin] SB #1810 fn=18952 p51=31 tick=19628 : armee=0 one_shot=0 page_prog=64 rif_avant=0 nwin=0 marge=0 -> DMA NON ARMEE (le RIF jette) : SCH memorise pour la fenetre SB (dans une vraie fenetre SB : 7/1810)
  [sbwin] SB #1820 fn=19054 p51=31 tick=19730 : armee=0 one_shot=0 page_prog=64 rif_avant=0 nwin=0 marge=0 -> DMA NON ARMEE (le RIF jette) : SCH memorise pour la fenetre SB (dans une vraie fenetre SB : 7/1820)
  profil PC (21055 tranches, high-water 0xde92) : 9a80:11% 8240:11% 8380:10% 83c0:5% 8200:5% 8300:4% 8540:4% 9a40:4% a0c0:3% 81c0:3% 82c0:3% 9a00:2%
  fn=19745   page=0 insn=121     IDLE   d_fb_det=0     a_sch=0100 0000 0000 0000 sync=0000 153e ffff  | trames=19747 irq=0 iq=0
  [sbwin] SB #1830 fn=19156 p51=31 tick=19832 : armee=0 one_shot=0 page_prog=64 rif_avant=0 nwin=0 marge=0 -> DMA NON ARMEE (le RIF jette) : SCH memorise pour la fenetre SB (dans une vraie fenetre SB : 7/1830)
  [sbwin] SB #1840 fn=19258 p51=31 tick=19934 : armee=0 one_shot=0 page_prog=64 rif_avant=0 nwin=0 marge=0 -> DMA NON ARMEE (le RIF jette) : SCH memorise pour la fenetre SB (dans une vraie fenetre SB : 7/1840)
  profil PC (22970 tranches, high-water 0xde92) : 8240:11% 9a80:11% 8380:10% 83c0:5% 8200:5% 8300:4% 8540:4% 9a40:4% a0c0:3% 81c0:3% 82c0:3% 9a00:2%
  fn=19962   page=0 insn=13659   IDLE   d_fb_det=0     a_sch=0100 0000 0000 0000 sync=0000 153e ffff  | trames=19964 irq=0 iq=0
  [chrono] fn=19998 sur 1000 trames (ms) : qemu 3.67 | A 0.05 | go 0.24 | B 0.16 | apres DONE 0.48 | trame 4.61 (temps reel 4.62)
  [sbwin] SB #1850 fn=19360 p51=31 tick=20036 : armee=0 one_shot=0 page_prog=64 rif_avant=0 nwin=0 marge=0 -> DMA NON ARMEE (le RIF jette) : SCH memorise pour la fenetre SB (dans une vraie fenetre SB : 7/1850)
  [sbwin] SB #1860 fn=19462 p51=31 tick=20138 : armee=0 one_shot=0 page_prog=64 rif_avant=0 nwin=0 marge=0 -> DMA NON ARMEE (le RIF jette) : SCH memorise pour la fenetre SB (dans une vraie fenetre SB : 7/1860)
  profil PC (24149 tranches, high-water 0xde92) : 9a80:12% 8240:11% 8380:10% 83c0:5% 8200:5% 8300:4% 8540:4% 9a40:4% a0c0:3% 81c0:3% 82c0:3% 9a00:2%
  fn=20179   page=1 insn=121     IDLE   d_fb_det=0     a_sch=0100 0000 0000 0000 sync=0000 153e ffff  | trames=20181 irq=0 iq=0
  [sbwin] SB #1870 fn=19564 p51=31 tick=20240 : armee=0 one_shot=0 page_prog=64 rif_avant=0 nwin=0 marge=0 -> DMA NON ARMEE (le RIF jette) : SCH memorise pour la fenetre SB (dans une vraie fenetre SB : 7/1870)
  [sbwin] SB #1880 fn=19666 p51=31 tick=20342 : armee=0 one_shot=0 page_prog=64 rif_avant=0 nwin=0 marge=0 -> DMA NON ARMEE (le RIF jette) : SCH memorise pour la fenetre SB (dans une vraie fenetre SB : 7/1880)
  profil PC (21052 tranches, high-water 0xde92) : 9a80:11% 8240:11% 8380:10% 83c0:5% 8200:5% 8300:4% 8540:4% 9a40:4% a0c0:3% 81c0:3% 82c0:3% 9a00:2%
  fn=20396   page=0 insn=121     IDLE   d_fb_det=0     a_sch=0100 0000 0000 0000 sync=0000 153e ffff  | trames=20398 irq=0 iq=0
  [sbwin] SB #1890 fn=19768 p51=31 tick=20444 : armee=0 one_shot=0 page_prog=64 rif_avant=0 nwin=0 marge=0 -> DMA NON ARMEE (le RIF jette) : SCH memorise pour la fenetre SB (dans une vraie fenetre SB : 7/1890)
  [sbwin] SB #1900 fn=19870 p51=31 tick=20546 : armee=0 one_shot=0 page_prog=64 rif_avant=0 nwin=0 marge=0 -> DMA NON ARMEE (le RIF jette) : SCH memorise pour la fenetre SB (dans une vraie fenetre SB : 7/1900)
  profil PC (21055 tranches, high-water 0xde92) : 9a80:11% 8240:11% 8380:10% 83c0:5% 8200:5% 8300:4% 8540:4% 9a40:4% a0c0:3% 81c0:3% 82c0:3% 9a00:2%
  fn=20613   page=1 insn=121     IDLE   d_fb_det=0     a_sch=0100 0000 0000 0000 sync=0000 153e ffff  | trames=20615 irq=0 iq=0
  [sbwin] SB #1910 fn=19972 p51=31 tick=20648 : armee=0 one_shot=0 page_prog=64 rif_avant=0 nwin=0 marge=0 -> DMA NON ARMEE (le RIF jette) : SCH memorise pour la fenetre SB (dans une vraie fenetre SB : 7/1910)
  [sbwin] SB #1920 fn=20074 p51=31 tick=20750 : armee=0 one_shot=0 page_prog=64 rif_avant=0 nwin=0 marge=0 -> DMA NON ARMEE (le RIF jette) : SCH memorise pour la fenetre SB (dans une vraie fenetre SB : 7/1920)
  profil PC (23547 tranches, high-water 0xde92) : 9a80:11% 8240:11% 8380:10% 83c0:5% 8200:5% 8300:4% 8540:4% 9a40:4% a0c0:3% 81c0:3% 82c0:3% 9a00:2%
  fn=20830   page=0 insn=36254   IDLE   d_fb_det=0     a_sch=0100 0000 0000 0000 sync=0000 153e ffff  | trames=20832 irq=0 iq=0
  hacks actifs : RHEA_DMA ; cadencement : STREAM LOCKSTEP  ; stimulus : none
  [sbwin] SB #1930 fn=20176 p51=31 tick=20852 : armee=0 one_shot=0 page_prog=64 rif_avant=0 nwin=0 marge=0 -> DMA NON ARMEE (le RIF jette) : SCH memorise pour la fenetre SB (dans une vraie fenetre SB : 7/1930)
  [ts0] tick=20933 fn=20257 p51=10 FCCH fenetre=64 marge=0 rif_avant=0
  [sbwin] SB #1940 fn=20278 p51=31 tick=20954 : armee=0 one_shot=0 page_prog=64 rif_avant=0 nwin=0 marge=0 -> DMA NON ARMEE (le RIF jette) : SCH memorise pour la fenetre SB (dans une vraie fenetre SB : 7/1940)
  [chrono] fn=20998 sur 1000 trames (ms) : qemu 3.70 | A 0.05 | go 0.25 | B 0.15 | apres DONE 0.47 | trame 4.62 (temps reel 4.62)
  profil PC (23572 tranches, high-water 0xde92) : 9a80:11% 8240:11% 8380:10% 83c0:5% 8200:5% 8300:4% 8540:4% 9a40:4% a0c0:3% 81c0:3% 82c0:3% 9a00:2%
  fn=21047   page=0 insn=121     IDLE   d_fb_det=0     a_sch=0100 0000 0000 0000 sync=0000 153e ffff  | trames=21049 irq=0 iq=0
  [sbwin] SB #1950 fn=20380 p51=31 tick=21056 : armee=0 one_shot=0 page_prog=64 rif_avant=0 nwin=0 marge=0 -> DMA NON ARMEE (le RIF jette) : SCH memorise pour la fenetre SB (dans une vraie fenetre SB : 7/1950)
  [sbwin] SB #1960 fn=20482 p51=31 tick=21158 : armee=0 one_shot=0 page_prog=64 rif_avant=0 nwin=0 marge=0 -> DMA NON ARMEE (le RIF jette) : SCH memorise pour la fenetre SB (dans une vraie fenetre SB : 7/1960)
  [sbwin] SB #1970 fn=20584 p51=31 tick=21260 : armee=0 one_shot=0 page_prog=64 rif_avant=0 nwin=0 marge=0 -> DMA NON ARMEE (le RIF jette) : SCH memorise pour la fenetre SB (dans une vraie fenetre SB : 7/1970)
  profil PC (21052 tranches, high-water 0xde92) : 9a80:11% 8240:11% 8380:10% 83c0:5% 8200:5% 8300:4% 8540:4% 9a40:4% a0c0:3% 81c0:3% 82c0:3% 9a00:2%
  fn=21264   page=1 insn=121     IDLE   d_fb_det=0     a_sch=0100 0000 0000 0000 sync=0000 153e ffff  | trames=21266 irq=0 iq=0
  [sbwin] SB #1980 fn=20686 p51=31 tick=21362 : armee=0 one_shot=0 page_prog=64 rif_avant=0 nwin=0 marge=0 -> DMA NON ARMEE (le RIF jette) : SCH memorise pour la fenetre SB (dans une vraie fenetre SB : 7/1980)
  [sbwin] SB #1990 fn=20788 p51=31 tick=21464 : armee=0 one_shot=0 page_prog=64 rif_avant=0 nwin=0 marge=0 -> DMA NON ARMEE (le RIF jette) : SCH memorise pour la fenetre SB (dans une vraie fenetre SB : 7/1990)
  profil PC (21055 tranches, high-water 0xde92) : 9a80:11% 8240:11% 8380:10% 83c0:5% 8200:5% 8300:4% 8540:4% 9a40:4% a0c0:3% 81c0:3% 82c0:3% 9a00:2%
  fn=21481   page=0 insn=121     IDLE   d_fb_det=0     a_sch=0100 0000 0000 0000 sync=0000 153e ffff  | trames=21483 irq=0 iq=0
pont : PONT_GO attendu (fn=21546)
  [sbwin] SB #2000 fn=20890 p51=31 tick=21566 : armee=0 one_shot=0 page_prog=64 rif_avant=0 nwin=0 marge=0 -> DMA NON ARMEE (le RIF jette) : SCH memorise pour la fenetre SB (dans une vraie fenetre SB : 7/2000)
  [ts0] tick=21590 : pas de burst BTS pour fn=20914 (manques=1/21590) ; derniere trame recue fn=21220, soit -306 : le burst a existe puis a disparu (autre cause)
  [ts0] silence 1 : fn=20914 sans burst, effacement depose (au lieu de relire la page du tick precedent)
  [ts0] tick=21591 : pas de burst BTS pour fn=20915 (manques=2/21591) ; derniere trame recue fn=21221, soit -306 : le burst a existe puis a disparu (autre cause)
  [ts0] silence 2 : fn=20915 sans burst, effacement depose (au lieu de relire la page du tick precedent)
  [ts0] tick=21592 : pas de burst BTS pour fn=20916 (manques=3/21592) ; derniere trame recue fn=21222, soit -306 : le burst a existe puis a disparu (autre cause)
  [ts0] silence 3 : fn=20916 sans burst, effacement depose (au lieu de relire la page du tick precedent)
  [ts0] tick=21593 : pas de burst BTS pour fn=20917 (manques=4/21593) ; derniere trame recue fn=21223, soit -306 : le burst a existe puis a disparu (autre cause)
  [ts0] silence 4 : fn=20917 sans burst, effacement depose (au lieu de relire la page du tick precedent)
  [ts0] tick=21594 : pas de burst BTS pour fn=20918 (manques=5/21594) ; derniere trame recue fn=21224, soit -306 : le burst a existe puis a disparu (autre cause)
  [ts0] silence 5 : fn=20918 sans burst, effacement depose (au lieu de relire la page du tick precedent)
  [ts0] tick=21595 : pas de burst BTS pour fn=20919 (manques=6/21595) ; derniere trame recue fn=21225, soit -306 : le burst a existe puis a disparu (autre cause)
  [ts0] silence 6 : fn=20919 sans burst, effacement depose (au lieu de relire la page du tick precedent)
  [ts0] tick=21596 : pas de burst BTS pour fn=20920 (manques=7/21596) ; derniere trame recue fn=21226, soit -306 : le burst a existe puis a disparu (autre cause)
  [ts0] silence 7 : fn=20920 sans burst, effacement depose (au lieu de relire la page du tick precedent)
  [ts0] tick=21597 : pas de burst BTS pour fn=20921 (manques=8/21597) ; derniere trame recue fn=21227, soit -306 : le burst a existe puis a disparu (autre cause)
  [ts0] silence 8 : fn=20921 sans burst, effacement depose (au lieu de relire la page du tick precedent)
  [ts0] tick=21598 : pas de burst BTS pour fn=20922 (manques=9/21598) ; derniere trame recue fn=21228, soit -306 : le burst a existe puis a disparu (autre cause)
  [ts0] silence 9 : fn=20922 sans burst, effacement depose (au lieu de relire la page du tick precedent)
  [ts0] tick=21599 : pas de burst BTS pour fn=20923 (manques=10/21599) ; derniere trame recue fn=21229, soit -306 : le burst a existe puis a disparu (autre cause)
  [ts0] silence 10 : fn=20923 sans burst, effacement depose (au lieu de relire la page du tick precedent)
  [ts0] silence 11 : fn=20924 sans burst, effacement depose (au lieu de relire la page du tick precedent)
  [ts0] silence 12 : fn=20925 sans burst, effacement depose (au lieu de relire la page du tick precedent)
  [ts0] silence 13 : fn=20926 sans burst, effacement depose (au lieu de relire la page du tick precedent)
  [ts0] silence 14 : fn=20927 sans burst, effacement depose (au lieu de relire la page du tick precedent)
  [ts0] silence 15 : fn=20928 sans burst, effacement depose (au lieu de relire la page du tick precedent)
  [ts0] silence 16 : fn=20929 sans burst, effacement depose (au lieu de relire la page du tick precedent)
  [ts0] silence 17 : fn=20930 sans burst, effacement depose (au lieu de relire la page du tick precedent)
  [ts0] silence 18 : fn=20931 sans burst, effacement depose (au lieu de relire la page du tick precedent)
  [ts0] silence 19 : fn=20932 sans burst, effacement depose (au lieu de relire la page du tick precedent)
  [ts0] silence 20 : fn=20933 sans burst, effacement depose (au lieu de relire la page du tick precedent)
  profil PC (19864 tranches, high-water 0xde92) : 9a80:13% 8200:6% 8240:6% 8540:5% 8380:5% 9a40:5% a0c0:4% 81c0:4% 82c0:3% 8300:3% 83c0:2% 9a00:2%
  fn=21698   page=0 insn=1337    IDLE   d_fb_det=0     a_sch=0100 0000 0000 0000 sync=0000 153e ffff  | trames=21700 irq=0 iq=0
  [ts0] tick=21789 : pas de burst BTS pour fn=21113 (manques=200/21789) ; derniere trame recue fn=21284, soit -171 : le burst a existe puis a disparu (autre cause)
  profil PC (18345 tranches, high-water 0xde92) : 9a80:15% 8200:7% 8540:5% 9a40:5% a0c0:4% 81c0:4% 82c0:4% 9a00:3% 8240:3% 8380:2% a140:2% 8140:2%
  fn=21915   page=1 insn=121     IDLE   d_fb_det=0     a_sch=0100 0000 0000 0000 sync=0000 153e ffff  | trames=21917 irq=0 iq=0
  [sbwin] SB #2010 fn=21278 p51=11 tick=21954 : armee=0 one_shot=0 page_prog=64 rif_avant=0 nwin=0 marge=0 -> DMA NON ARMEE (le RIF jette) : SCH memorise pour la fenetre SB (dans une vraie fenetre SB : 7/2010)
  [chrono] fn=21998 sur 1000 trames (ms) : qemu 3.69 | A 0.05 | go 2.82 | B 0.12 | apres DONE 0.49 | trame 7.18 (temps reel 4.62)
  [sbwin] SB #2020 fn=21380 p51=11 tick=22056 : armee=0 one_shot=0 page_prog=64 rif_avant=0 nwin=0 marge=0 -> DMA NON ARMEE (le RIF jette) : SCH memorise pour la fenetre SB (dans une vraie fenetre SB : 7/2020)
  profil PC (21055 tranches, high-water 0xde92) : 9a80:11% 8240:11% 8380:10% 83c0:5% 8200:5% 8300:4% 8540:4% 9a40:4% a0c0:3% 81c0:3% 82c0:3% 9a00:2%
  fn=22132   page=0 insn=121     IDLE   d_fb_det=0     a_sch=0100 0000 0000 0000 sync=0000 153e ffff  | trames=22134 irq=0 iq=0
  [sbwin] SB #2030 fn=21482 p51=11 tick=22158 : armee=0 one_shot=0 page_prog=64 rif_avant=0 nwin=0 marge=0 -> DMA NON ARMEE (le RIF jette) : SCH memorise pour la fenetre SB (dans une vraie fenetre SB : 7/2030)
  [sbwin] SB #2040 fn=21584 p51=11 tick=22260 : armee=0 one_shot=0 page_prog=64 rif_avant=0 nwin=0 marge=0 -> DMA NON ARMEE (le RIF jette) : SCH memorise pour la fenetre SB (dans une vraie fenetre SB : 7/2040)
  profil PC (21052 tranches, high-water 0xde92) : 9a80:11% 8240:11% 8380:10% 83c0:5% 8200:5% 8300:4% 8540:4% 9a40:4% a0c0:3% 81c0:3% 82c0:3% 9a00:2%
  fn=22349   page=1 insn=121     IDLE   d_fb_det=0     a_sch=0100 0000 0000 0000 sync=0000 153e ffff  | trames=22351 irq=0 iq=0
  [sbwin] SB #2050 fn=21686 p51=11 tick=22362 : armee=0 one_shot=0 page_prog=64 rif_avant=0 nwin=0 marge=0 -> DMA NON ARMEE (le RIF jette) : SCH memorise pour la fenetre SB (dans une vraie fenetre SB : 7/2050)
  [sbwin] SB #2060 fn=21788 p51=11 tick=22464 : armee=0 one_shot=0 page_prog=64 rif_avant=0 nwin=0 marge=0 -> DMA NON ARMEE (le RIF jette) : SCH memorise pour la fenetre SB (dans une vraie fenetre SB : 7/2060)
  [sbwin] SB #2070 fn=21890 p51=11 tick=22566 : armee=0 one_shot=0 page_prog=64 rif_avant=0 nwin=0 marge=0 -> DMA NON ARMEE (le RIF jette) : SCH memorise pour la fenetre SB (dans une vraie fenetre SB : 7/2070)
  profil PC (23569 tranches, high-water 0xde92) : 9a80:11% 8240:11% 8380:10% 83c0:5% 8200:5% 8300:4% 8540:4% 9a40:4% a0c0:3% 81c0:3% 82c0:3% 9a00:2%
  fn=22566   page=1 insn=121     IDLE   d_fb_det=0     a_sch=0100 0000 0000 0000 sync=0000 153e ffff  | trames=22568 irq=0 iq=0
  hacks actifs : RHEA_DMA ; cadencement : STREAM LOCKSTEP  ; stimulus : none
  [sbwin] SB #2080 fn=21992 p51=11 tick=22668 : armee=0 one_shot=0 page_prog=64 rif_avant=0 nwin=0 marge=0 -> DMA NON ARMEE (le RIF jette) : SCH memorise pour la fenetre SB (dans une vraie fenetre SB : 7/2080)
  [sbwin] SB #2090 fn=22094 p51=11 tick=22770 : armee=0 one_shot=0 page_prog=64 rif_avant=0 nwin=0 marge=0 -> DMA NON ARMEE (le RIF jette) : SCH memorise pour la fenetre SB (dans une vraie fenetre SB : 7/2090)
  profil PC (23548 tranches, high-water 0xde92) : 9a80:11% 8240:11% 8380:10% 83c0:5% 8200:5% 8300:4% 8540:4% 9a40:4% a0c0:3% 81c0:3% 82c0:3% 9a00:2%
  fn=22783   page=0 insn=121     IDLE   d_fb_det=0     a_sch=0100 0000 0000 0000 sync=0000 153e ffff  | trames=22785 irq=0 iq=0
  [sbwin] SB #2100 fn=22196 p51=11 tick=22872 : armee=0 one_shot=0 page_prog=64 rif_avant=0 nwin=0 marge=0 -> DMA NON ARMEE (le RIF jette) : SCH memorise pour la fenetre SB (dans une vraie fenetre SB : 7/2100)
  [sbwin] SB #2110 fn=22298 p51=11 tick=22974 : armee=0 one_shot=0 page_prog=64 rif_avant=0 nwin=0 marge=0 -> DMA NON ARMEE (le RIF jette) : SCH memorise pour la fenetre SB (dans une vraie fenetre SB : 7/2110)
  [chrono] fn=22998 sur 1000 trames (ms) : qemu 3.76 | A 0.04 | go 0.24 | B 0.14 | apres DONE 0.43 | trame 4.61 (temps reel 4.62)
  profil PC (21055 tranches, high-water 0xde92) : 9a80:11% 8240:11% 8380:10% 83c0:5% 8200:5% 8300:4% 8540:4% 9a40:4% a0c0:3% 81c0:3% 82c0:3% 9a00:2%
  fn=23000   page=1 insn=121     IDLE   d_fb_det=0     a_sch=0100 0000 0000 0000 sync=0000 153e ffff  | trames=23002 irq=0 iq=0
  [sbwin] SB #2120 fn=22400 p51=11 tick=23076 : armee=0 one_shot=0 page_prog=64 rif_avant=0 nwin=0 marge=0 -> DMA NON ARMEE (le RIF jette) : SCH memorise pour la fenetre SB (dans une vraie fenetre SB : 7/2120)
  [sbwin] SB #2130 fn=22502 p51=11 tick=23178 : armee=0 one_shot=0 page_prog=64 rif_avant=0 nwin=0 marge=0 -> DMA NON ARMEE (le RIF jette) : SCH memorise pour la fenetre SB (dans une vraie fenetre SB : 7/2130)
  profil PC (21052 tranches, high-water 0xde92) : 9a80:11% 8240:11% 8380:10% 83c0:5% 8200:5% 8300:4% 8540:4% 9a40:4% a0c0:3% 81c0:3% 82c0:3% 9a00:2%
  fn=23217   page=0 insn=121     IDLE   d_fb_det=0     a_sch=0100 0000 0000 0000 sync=0000 153e ffff  | trames=23219 irq=0 iq=0
  [sbwin] SB #2140 fn=22604 p51=11 tick=23280 : armee=0 one_shot=0 page_prog=64 rif_avant=0 nwin=0 marge=0 -> DMA NON ARMEE (le RIF jette) : SCH memorise pour la fenetre SB (dans une vraie fenetre SB : 7/2140)
  [sbwin] SB #2150 fn=22706 p51=11 tick=23382 : armee=0 one_shot=0 page_prog=64 rif_avant=0 nwin=0 marge=0 -> DMA NON ARMEE (le RIF jette) : SCH memorise pour la fenetre SB (dans une vraie fenetre SB : 7/2150)
  profil PC (23796 tranches, high-water 0xde92) : 9a80:11% 8240:11% 8380:10% 83c0:5% 8200:5% 8300:4% 8540:4% 9a40:4% a0c0:3% 81c0:3% 82c0:3% 9a00:2%
  fn=23434   page=1 insn=13785   IDLE   d_fb_det=0     a_sch=0100 0000 0000 0000 sync=0000 153e ffff  | trames=23436 irq=0 iq=0
  [sbwin] SB #2160 fn=22808 p51=11 tick=23484 : armee=0 one_shot=0 page_prog=64 rif_avant=0 nwin=0 marge=0 -> DMA NON ARMEE (le RIF jette) : SCH memorise pour la fenetre SB (dans une vraie fenetre SB : 7/2160)
  [sbwin] SB #2170 fn=22910 p51=11 tick=23586 : armee=0 one_shot=0 page_prog=64 rif_avant=0 nwin=0 marge=0 -> DMA NON ARMEE (le RIF jette) : SCH memorise pour la fenetre SB (dans une vraie fenetre SB : 7/2170)
  profil PC (23323 tranches, high-water 0xde92) : 9a80:11% 8240:11% 8380:10% 83c0:5% 8200:5% 8300:4% 8540:4% 9a40:4% a0c0:3% 81c0:3% 82c0:3% 9a00:2%
  fn=23651   page=1 insn=121     IDLE   d_fb_det=0     a_sch=0100 0000 0000 0000 sync=0000 153e ffff  | trames=23653 irq=0 iq=0
  [sbwin] SB #2180 fn=23012 p51=11 tick=23688 : armee=0 one_shot=0 page_prog=64 rif_avant=0 nwin=0 marge=0 -> DMA NON ARMEE (le RIF jette) : SCH memorise pour la fenetre SB (dans une vraie fenetre SB : 7/2180)
  [sbwin] SB #2190 fn=23114 p51=11 tick=23790 : armee=0 one_shot=0 page_prog=64 rif_avant=0 nwin=0 marge=0 -> DMA NON ARMEE (le RIF jette) : SCH memorise pour la fenetre SB (dans une vraie fenetre SB : 7/2190)
  profil PC (21055 tranches, high-water 0xde92) : 9a80:11% 8240:11% 8380:10% 83c0:5% 8200:5% 8300:4% 8540:4% 9a40:4% a0c0:3% 81c0:3% 82c0:3% 9a00:2%
  fn=23868   page=0 insn=121     IDLE   d_fb_det=0     a_sch=0100 0000 0000 0000 sync=0000 153e ffff  | trames=23870 irq=0 iq=0
  [sbwin] SB #2200 fn=23216 p51=11 tick=23892 : armee=0 one_shot=0 page_prog=64 rif_avant=0 nwin=0 marge=0 -> DMA NON ARMEE (le RIF jette) : SCH memorise pour la fenetre SB (dans une vraie fenetre SB : 7/2200)
  [sbwin] SB #2210 fn=23318 p51=11 tick=23994 : armee=0 one_shot=0 page_prog=64 rif_avant=0 nwin=0 marge=0 -> DMA NON ARMEE (le RIF jette) : SCH memorise pour la fenetre SB (dans une vraie fenetre SB : 7/2210)
  [chrono] fn=23998 sur 1000 trames (ms) : qemu 3.69 | A 0.04 | go 0.27 | B 0.13 | apres DONE 0.48 | trame 4.62 (temps reel 4.62)
  profil PC (21073 tranches, high-water 0xde92) : 9a80:11% 8240:11% 8380:10% 83c0:5% 8200:5% 8300:4% 8540:4% 9a40:4% a0c0:3% 81c0:3% 82c0:3% 9a00:2%
  fn=24085   page=0 insn=1355    IDLE   d_fb_det=0     a_sch=0100 0000 0000 0000 sync=0000 153e ffff  | trames=24087 irq=0 iq=0
  [sbwin] SB #2220 fn=23420 p51=11 tick=24096 : armee=0 one_shot=0 page_prog=64 rif_avant=0 nwin=0 marge=0 -> DMA NON ARMEE (le RIF jette) : SCH memorise pour la fenetre SB (dans une vraie fenetre SB : 7/2220)
  [sbwin] SB #2230 fn=23522 p51=11 tick=24198 : armee=0 one_shot=0 page_prog=64 rif_avant=0 nwin=0 marge=0 -> DMA NON ARMEE (le RIF jette) : SCH memorise pour la fenetre SB (dans une vraie fenetre SB : 7/2230)
  [sbwin] SB #2240 fn=23624 p51=11 tick=24300 : armee=0 one_shot=0 page_prog=64 rif_avant=0 nwin=0 marge=0 -> DMA NON ARMEE (le RIF jette) : SCH memorise pour la fenetre SB (dans une vraie fenetre SB : 7/2240)
  profil PC (23998 tranches, high-water 0xde92) : 9a80:11% 8240:11% 8380:10% 83c0:5% 8200:5% 8300:4% 8540:4% 9a40:4% a0c0:3% 81c0:3% 82c0:3% 9a00:2%
  fn=24302   page=1 insn=13659   IDLE   d_fb_det=0     a_sch=0100 0000 0000 0000 sync=0000 153e ffff  | trames=24304 irq=0 iq=0
  hacks actifs : RHEA_DMA ; cadencement : STREAM LOCKSTEP  ; stimulus : none
  [sbwin] SB #2250 fn=23726 p51=11 tick=24402 : armee=0 one_shot=0 page_prog=64 rif_avant=0 nwin=0 marge=0 -> DMA NON ARMEE (le RIF jette) : SCH memorise pour la fenetre SB (dans une vraie fenetre SB : 7/2250)
  [sbwin] SB #2260 fn=23828 p51=11 tick=24504 : armee=0 one_shot=0 page_prog=64 rif_avant=0 nwin=0 marge=0 -> DMA NON ARMEE (le RIF jette) : SCH memorise pour la fenetre SB (dans une vraie fenetre SB : 7/2260)
  profil PC (23100 tranches, high-water 0xde92) : 9a80:11% 8240:11% 8380:10% 83c0:5% 8200:5% 8300:4% 8540:4% 9a40:4% a0c0:3% 81c0:3% 82c0:3% 9a00:2%
  fn=24519   page=0 insn=121     IDLE   d_fb_det=0     a_sch=0100 0000 0000 0000 sync=0000 153e ffff  | trames=24521 irq=0 iq=0
  [sbwin] SB #2270 fn=23930 p51=11 tick=24606 : armee=0 one_shot=0 page_prog=64 rif_avant=0 nwin=0 marge=0 -> DMA NON ARMEE (le RIF jette) : SCH memorise pour la fenetre SB (dans une vraie fenetre SB : 7/2270)
  [sbwin] SB #2280 fn=24032 p51=11 tick=24708 : armee=0 one_shot=0 page_prog=64 rif_avant=0 nwin=0 marge=0 -> DMA NON ARMEE (le RIF jette) : SCH memorise pour la fenetre SB (dans une vraie fenetre SB : 7/2280)
  profil PC (21055 tranches, high-water 0xde92) : 9a80:11% 8240:11% 8380:10% 83c0:5% 8200:5% 8300:4% 8540:4% 9a40:4% a0c0:3% 81c0:3% 82c0:3% 9a00:2%
  fn=24736   page=1 insn=121     IDLE   d_fb_det=0     a_sch=0100 0000 0000 0000 sync=0000 153e ffff  | trames=24738 irq=0 iq=0
  [sbwin] SB #2290 fn=24134 p51=11 tick=24810 : armee=0 one_shot=0 page_prog=64 rif_avant=0 nwin=0 marge=0 -> DMA NON ARMEE (le RIF jette) : SCH memorise pour la fenetre SB (dans une vraie fenetre SB : 7/2290)
  [sbwin] SB #2300 fn=24236 p51=11 tick=24912 : armee=0 one_shot=0 page_prog=64 rif_avant=0 nwin=0 marge=0 -> DMA NON ARMEE (le RIF jette) : SCH memorise pour la fenetre SB (dans une vraie fenetre SB : 7/2300)
  profil PC (21073 tranches, high-water 0xde92) : 9a80:11% 8240:11% 8380:10% 83c0:5% 8200:5% 8300:4% 8540:4% 9a40:4% a0c0:3% 81c0:3% 82c0:3% 9a00:2%
  fn=24953   page=1 insn=121     IDLE   d_fb_det=0     a_sch=0100 0000 0000 0000 sync=0000 153e ffff  | trames=24955 irq=0 iq=0
  [chrono] fn=24998 sur 1000 trames (ms) : qemu 3.70 | A 0.05 | go 0.24 | B 0.15 | apres DONE 0.47 | trame 4.61 (temps reel 4.62)
  [sbwin] SB #2310 fn=24338 p51=11 tick=25014 : armee=0 one_shot=0 page_prog=64 rif_avant=0 nwin=0 marge=0 -> DMA NON ARMEE (le RIF jette) : SCH memorise pour la fenetre SB (dans une vraie fenetre SB : 7/2310)
  [sbwin] SB #2320 fn=24440 p51=11 tick=25116 : armee=0 one_shot=0 page_prog=64 rif_avant=0 nwin=0 marge=0 -> DMA NON ARMEE (le RIF jette) : SCH memorise pour la fenetre SB (dans une vraie fenetre SB : 7/2320)
  profil PC (24219 tranches, high-water 0xde92) : 8240:11% 9a80:11% 8380:10% 83c0:5% 8200:5% 8300:4% 8540:4% 9a40:4% a0c0:3% 81c0:3% 82c0:3% 9a00:2%
  fn=25170   page=1 insn=13661   IDLE   d_fb_det=0     a_sch=0100 0000 0000 0000 sync=0000 153e ffff  | trames=25172 irq=0 iq=0
  [sbwin] SB #2330 fn=24542 p51=11 tick=25218 : armee=0 one_shot=0 page_prog=64 rif_avant=0 nwin=0 marge=0 -> DMA NON ARMEE (le RIF jette) : SCH memorise pour la fenetre SB (dans une vraie fenetre SB : 7/2330)
  [sbwin] SB #2340 fn=24644 p51=11 tick=25320 : armee=0 one_shot=0 page_prog=64 rif_avant=0 nwin=0 marge=0 -> DMA NON ARMEE (le RIF jette) : SCH memorise pour la fenetre SB (dans une vraie fenetre SB : 7/2340)
  profil PC (22880 tranches, high-water 0xde92) : 9a80:12% 8240:11% 8380:9% 83c0:5% 8200:5% 8300:4% 8540:4% 9a40:4% a0c0:3% 81c0:3% 82c0:3% 9a00:2%
  fn=25387   page=1 insn=121     IDLE   d_fb_det=0     a_sch=0100 0000 0000 0000 sync=0000 153e ffff  | trames=25389 irq=0 iq=0
  [sbwin] SB #2350 fn=24746 p51=11 tick=25422 : armee=0 one_shot=0 page_prog=64 rif_avant=0 nwin=0 marge=0 -> DMA NON ARMEE (le RIF jette) : SCH memorise pour la fenetre SB (dans une vraie fenetre SB : 7/2350)
  [sbwin] SB #2360 fn=24848 p51=11 tick=25524 : armee=0 one_shot=0 page_prog=64 rif_avant=0 nwin=0 marge=0 -> DMA NON ARMEE (le RIF jette) : SCH memorise pour la fenetre SB (dans une vraie fenetre SB : 7/2360)
  profil PC (21073 tranches, high-water 0xde92) : 9a80:11% 8240:11% 8380:10% 83c0:5% 8200:5% 8300:4% 8540:4% 9a40:4% a0c0:3% 81c0:3% 82c0:3% 9a00:2%
  fn=25604   page=1 insn=1357    IDLE   d_fb_det=0     a_sch=0100 0000 0000 0000 sync=0000 153e ffff  | trames=25606 irq=0 iq=0
  [sbwin] SB #2370 fn=24950 p51=11 tick=25626 : armee=0 one_shot=0 page_prog=64 rif_avant=0 nwin=0 marge=0 -> DMA NON ARMEE (le RIF jette) : SCH memorise pour la fenetre SB (dans une vraie fenetre SB : 7/2370)
  [sbwin] SB #2380 fn=25052 p51=11 tick=25728 : armee=0 one_shot=0 page_prog=64 rif_avant=0 nwin=0 marge=0 -> DMA NON ARMEE (le RIF jette) : SCH memorise pour la fenetre SB (dans une vraie fenetre SB : 7/2380)
  profil PC (21280 tranches, high-water 0xde92) : 9a80:11% 8240:11% 8380:10% 83c0:5% 8200:5% 8300:4% 8540:4% 9a40:4% a0c0:3% 81c0:3% 82c0:3% 9a00:2%
  fn=25821   page=1 insn=13779   IDLE   d_fb_det=0     a_sch=0100 0000 0000 0000 sync=0000 153e ffff  | trames=25823 irq=0 iq=0
  [sbwin] SB #2390 fn=25154 p51=11 tick=25830 : armee=0 one_shot=0 page_prog=64 rif_avant=0 nwin=0 marge=0 -> DMA NON ARMEE (le RIF jette) : SCH memorise pour la fenetre SB (dans une vraie fenetre SB : 7/2390)
  [sbwin] SB #2400 fn=25256 p51=11 tick=25932 : armee=0 one_shot=0 page_prog=64 rif_avant=0 nwin=0 marge=0 -> DMA NON ARMEE (le RIF jette) : SCH memorise pour la fenetre SB (dans une vraie fenetre SB : 7/2400)
  [chrono] fn=25998 sur 1000 trames (ms) : qemu 3.69 | A 0.05 | go 0.25 | B 0.14 | apres DONE 0.49 | trame 4.62 (temps reel 4.62)
  [sbwin] SB #2410 fn=25358 p51=11 tick=26034 : armee=0 one_shot=0 page_prog=64 rif_avant=0 nwin=0 marge=0 -> DMA NON ARMEE (le RIF jette) : SCH memorise pour la fenetre SB (dans une vraie fenetre SB : 7/2410)
  profil PC (24568 tranches, high-water 0xde92) : 9a80:11% 8240:11% 8380:10% 83c0:5% 8200:5% 8300:4% 8540:4% 9a40:4% a0c0:3% 81c0:3% 82c0:3% 9a00:2%
  fn=26038   page=1 insn=36252   IDLE   d_fb_det=0     a_sch=0100 0000 0000 0000 sync=0000 153e ffff  | trames=26040 irq=0 iq=0
  hacks actifs : RHEA_DMA ; cadencement : STREAM LOCKSTEP  ; stimulus : none
  [sbwin] SB #2420 fn=25460 p51=11 tick=26136 : armee=0 one_shot=0 page_prog=64 rif_avant=0 nwin=0 marge=0 -> DMA NON ARMEE (le RIF jette) : SCH memorise pour la fenetre SB (dans une vraie fenetre SB : 7/2420)
  [ts0] tick=26222 fn=25546 p51=46 NB fenetre=0 marge=0 rif_avant=0
  [sbwin] SB #2430 fn=25562 p51=11 tick=26238 : armee=0 one_shot=0 page_prog=64 rif_avant=0 nwin=0 marge=0 -> DMA NON ARMEE (le RIF jette) : SCH memorise pour la fenetre SB (dans une vraie fenetre SB : 7/2430)
  profil PC (22303 tranches, high-water 0xde92) : 9a80:11% 8240:11% 8380:10% 83c0:5% 8200:5% 8300:4% 8540:4% 9a40:4% a0c0:3% 81c0:3% 82c0:3% 9a00:2%
  fn=26255   page=0 insn=121     IDLE   d_fb_det=0     a_sch=0100 0000 0000 0000 sync=0000 153e ffff  | trames=26257 irq=0 iq=0
  [sbwin] SB #2440 fn=25664 p51=11 tick=26340 : armee=0 one_shot=0 page_prog=64 rif_avant=0 nwin=0 marge=0 -> DMA NON ARMEE (le RIF jette) : SCH memorise pour la fenetre SB (dans une vraie fenetre SB : 7/2440)
  [sbwin] SB #2450 fn=25766 p51=11 tick=26442 : armee=0 one_shot=0 page_prog=64 rif_avant=0 nwin=0 marge=0 -> DMA NON ARMEE (le RIF jette) : SCH memorise pour la fenetre SB (dans une vraie fenetre SB : 7/2450)
  profil PC (21073 tranches, high-water 0xde92) : 9a80:11% 8240:11% 8380:10% 83c0:5% 8200:5% 8300:4% 8540:4% 9a40:4% a0c0:3% 81c0:3% 82c0:3% 9a00:2%
  fn=26472   page=0 insn=121     IDLE   d_fb_det=0     a_sch=0100 0000 0000 0000 sync=0000 153e ffff  | trames=26474 irq=0 iq=0
  [sbwin] SB #2460 fn=25868 p51=11 tick=26544 : armee=0 one_shot=0 page_prog=64 rif_avant=0 nwin=0 marge=0 -> DMA NON ARMEE (le RIF jette) : SCH memorise pour la fenetre SB (dans une vraie fenetre SB : 7/2460)
  [sbwin] SB #2470 fn=25970 p51=11 tick=26646 : armee=0 one_shot=0 page_prog=64 rif_avant=0 nwin=0 marge=0 -> DMA NON ARMEE (le RIF jette) : SCH memorise pour la fenetre SB (dans une vraie fenetre SB : 7/2470)
  profil PC (21503 tranches, high-water 0xde92) : 9a80:11% 8240:11% 8380:10% 83c0:5% 8200:5% 8300:4% 8540:4% 9a40:4% a0c0:3% 81c0:3% 82c0:3% 9a00:2%
  fn=26689   page=1 insn=13662   IDLE   d_fb_det=0     a_sch=0100 0000 0000 0000 sync=0000 153e ffff  | trames=26691 irq=0 iq=0
  [sbwin] SB #2480 fn=26072 p51=11 tick=26748 : armee=0 one_shot=0 page_prog=64 rif_avant=0 nwin=0 marge=0 -> DMA NON ARMEE (le RIF jette) : SCH memorise pour la fenetre SB (dans une vraie fenetre SB : 7/2480)
  [sbwin] SB #2490 fn=26174 p51=11 tick=26850 : armee=0 one_shot=0 page_prog=64 rif_avant=0 nwin=0 marge=0 -> DMA NON ARMEE (le RIF jette) : SCH memorise pour la fenetre SB (dans une vraie fenetre SB : 7/2490)
  profil PC (24572 tranches, high-water 0xde92) : 9a80:11% 8240:11% 8380:10% 83c0:5% 8200:5% 8300:4% 8540:4% 9a40:4% a0c0:3% 81c0:3% 82c0:3% 9a00:2%
  fn=26906   page=1 insn=13785   IDLE   d_fb_det=0     a_sch=0100 0000 0000 0000 sync=0000 153e ffff  | trames=26908 irq=0 iq=0
  [sbwin] SB #2500 fn=26276 p51=11 tick=26952 : armee=0 one_shot=0 page_prog=64 rif_avant=0 nwin=0 marge=0 -> DMA NON ARMEE (le RIF jette) : SCH memorise pour la fenetre SB (dans une vraie fenetre SB : 7/2500)
  [chrono] fn=26998 sur 1000 trames (ms) : qemu 3.71 | A 0.05 | go 0.24 | B 0.16 | apres DONE 0.46 | trame 4.62 (temps reel 4.62)
  [sbwin] SB #2510 fn=26378 p51=11 tick=27054 : armee=0 one_shot=0 page_prog=64 rif_avant=0 nwin=0 marge=0 -> DMA NON ARMEE (le RIF jette) : SCH memorise pour la fenetre SB (dans une vraie fenetre SB : 7/2510)
  profil PC (22078 tranches, high-water 0xde92) : 9a80:11% 8240:11% 8380:10% 83c0:5% 8200:5% 8300:4% 8540:4% 9a40:4% a0c0:3% 81c0:3% 82c0:3% 9a00:2%
  fn=27123   page=1 insn=121     IDLE   d_fb_det=0     a_sch=0100 0000 0000 0000 sync=0000 153e ffff  | trames=27125 irq=0 iq=0
  [sbwin] SB #2520 fn=26480 p51=11 tick=27156 : armee=0 one_shot=0 page_prog=64 rif_avant=0 nwin=0 marge=0 -> DMA NON ARMEE (le RIF jette) : SCH memorise pour la fenetre SB (dans une vraie fenetre SB : 7/2520)
  [sbwin] SB #2530 fn=26582 p51=11 tick=27258 : armee=0 one_shot=0 page_prog=64 rif_avant=0 nwin=0 marge=0 -> DMA NON ARMEE (le RIF jette) : SCH memorise pour la fenetre SB (dans une vraie fenetre SB : 7/2530)
  profil PC (21073 tranches, high-water 0xde92) : 9a80:11% 8240:11% 8380:10% 83c0:5% 8200:5% 8300:4% 8540:4% 9a40:4% a0c0:3% 81c0:3% 82c0:3% 9a00:2%
  fn=27340   page=1 insn=121     IDLE   d_fb_det=0     a_sch=0100 0000 0000 0000 sync=0000 153e ffff  | trames=27342 irq=0 iq=0
  [sbwin] SB #2540 fn=26684 p51=11 tick=27360 : armee=0 one_shot=0 page_prog=64 rif_avant=0 nwin=0 marge=0 -> DMA NON ARMEE (le RIF jette) : SCH memorise pour la fenetre SB (dans une vraie fenetre SB : 7/2540)
  [sbwin] SB #2550 fn=26786 p51=11 tick=27462 : armee=0 one_shot=0 page_prog=64 rif_avant=0 nwin=0 marge=0 -> DMA NON ARMEE (le RIF jette) : SCH memorise pour la fenetre SB (dans une vraie fenetre SB : 7/2550)
  profil PC (21726 tranches, high-water 0xde92) : 8240:11% 9a80:11% 8380:10% 83c0:5% 8200:5% 8300:4% 8540:4% 9a40:4% a0c0:3% 81c0:3% 82c0:3% 9a00:2%
  fn=27557   page=1 insn=13663   IDLE   d_fb_det=0     a_sch=0100 0000 0000 0000 sync=0000 153e ffff  | trames=27559 irq=0 iq=0
  [sbwin] SB #2560 fn=26888 p51=11 tick=27564 : armee=0 one_shot=0 page_prog=64 rif_avant=0 nwin=0 marge=0 -> DMA NON ARMEE (le RIF jette) : SCH memorise pour la fenetre SB (dans une vraie fenetre SB : 7/2560)
  [sbwin] SB #2570 fn=26990 p51=11 tick=27666 : armee=0 one_shot=0 page_prog=64 rif_avant=0 nwin=0 marge=0 -> DMA NON ARMEE (le RIF jette) : SCH memorise pour la fenetre SB (dans une vraie fenetre SB : 7/2570)
  [sbwin] SB #2580 fn=27092 p51=11 tick=27768 : armee=0 one_shot=0 page_prog=64 rif_avant=0 nwin=0 marge=0 -> DMA NON ARMEE (le RIF jette) : SCH memorise pour la fenetre SB (dans une vraie fenetre SB : 7/2580)
  profil PC (24572 tranches, high-water 0xde92) : 9a80:11% 8240:11% 8380:10% 83c0:5% 8200:5% 8300:4% 8540:4% 9a40:4% a0c0:3% 81c0:3% 82c0:3% 9a00:2%
  fn=27774   page=1 insn=13659   IDLE   d_fb_det=0     a_sch=0100 0000 0000 0000 sync=0000 153e ffff  | trames=27776 irq=0 iq=0
  hacks actifs : RHEA_DMA ; cadencement : STREAM LOCKSTEP  ; stimulus : none
  [sbwin] SB #2590 fn=27194 p51=11 tick=27870 : armee=0 one_shot=0 page_prog=64 rif_avant=0 nwin=0 marge=0 -> DMA NON ARMEE (le RIF jette) : SCH memorise pour la fenetre SB (dans une vraie fenetre SB : 7/2590)
  [sbwin] SB #2600 fn=27296 p51=11 tick=27972 : armee=0 one_shot=0 page_prog=64 rif_avant=0 nwin=0 marge=0 -> DMA NON ARMEE (le RIF jette) : SCH memorise pour la fenetre SB (dans une vraie fenetre SB : 7/2600)
  profil PC (21876 tranches, high-water 0xde92) : 9a80:11% 8240:11% 8380:9% 83c0:5% 8200:5% 8300:4% 8540:4% 9a40:4% a0c0:3% 81c0:3% 82c0:3% 9a00:2%
  fn=27991   page=1 insn=1357    IDLE   d_fb_det=0     a_sch=0100 0000 0000 0000 sync=0000 153e ffff  | trames=27993 irq=0 iq=0
  [chrono] fn=27998 sur 1000 trames (ms) : qemu 3.65 | A 0.05 | go 0.28 | B 0.14 | apres DONE 0.49 | trame 4.62 (temps reel 4.62)
  [sbwin] SB #2610 fn=27398 p51=11 tick=28074 : armee=0 one_shot=0 page_prog=64 rif_avant=0 nwin=0 marge=0 -> DMA NON ARMEE (le RIF jette) : SCH memorise pour la fenetre SB (dans une vraie fenetre SB : 7/2610)
  [sbwin] SB #2620 fn=27500 p51=11 tick=28176 : armee=0 one_shot=0 page_prog=64 rif_avant=0 nwin=0 marge=0 -> DMA NON ARMEE (le RIF jette) : SCH memorise pour la fenetre SB (dans une vraie fenetre SB : 7/2620)
  profil PC (21052 tranches, high-water 0xde92) : 9a80:11% 8240:11% 8380:10% 83c0:5% 8200:5% 8300:4% 8540:4% 9a40:4% a0c0:3% 81c0:3% 82c0:3% 9a00:2%
  fn=28208   page=0 insn=121     IDLE   d_fb_det=0     a_sch=0100 0000 0000 0000 sync=0000 153e ffff  | trames=28210 irq=0 iq=0
  [sbwin] SB #2630 fn=27602 p51=11 tick=28278 : armee=0 one_shot=0 page_prog=64 rif_avant=0 nwin=0 marge=0 -> DMA NON ARMEE (le RIF jette) : SCH memorise pour la fenetre SB (dans une vraie fenetre SB : 7/2630)
  [sbwin] SB #2640 fn=27704 p51=11 tick=28380 : armee=0 one_shot=0 page_prog=64 rif_avant=0 nwin=0 marge=0 -> DMA NON ARMEE (le RIF jette) : SCH memorise pour la fenetre SB (dans une vraie fenetre SB : 7/2640)
  profil PC (22300 tranches, high-water 0xde92) : 9a80:11% 8240:11% 8380:10% 83c0:5% 8200:5% 8300:4% 8540:4% 9a40:4% a0c0:3% 81c0:3% 82c0:3% 9a00:2%
  fn=28425   page=1 insn=36009   IDLE   d_fb_det=0     a_sch=0100 0000 0000 0000 sync=0000 153e ffff  | trames=28427 irq=0 iq=0
  [sbwin] SB #2650 fn=27806 p51=11 tick=28482 : armee=0 one_shot=0 page_prog=64 rif_avant=0 nwin=0 marge=0 -> DMA NON ARMEE (le RIF jette) : SCH memorise pour la fenetre SB (dans une vraie fenetre SB : 7/2650)
  [sbwin] SB #2660 fn=27908 p51=11 tick=28584 : armee=0 one_shot=0 page_prog=64 rif_avant=0 nwin=0 marge=0 -> DMA NON ARMEE (le RIF jette) : SCH memorise pour la fenetre SB (dans une vraie fenetre SB : 7/2660)
  profil PC (24222 tranches, high-water 0xde92) : 8240:11% 9a80:11% 8380:10% 83c0:5% 8200:5% 8300:4% 8540:4% 9a40:4% a0c0:3% 81c0:3% 82c0:3% 9a00:2%
  fn=28642   page=1 insn=13661   IDLE   d_fb_det=0     a_sch=0100 0000 0000 0000 sync=0000 153e ffff  | trames=28644 irq=0 iq=0
  [sbwin] SB #2670 fn=28010 p51=11 tick=28686 : armee=0 one_shot=0 page_prog=64 rif_avant=0 nwin=0 marge=0 -> DMA NON ARMEE (le RIF jette) : SCH memorise pour la fenetre SB (dans une vraie fenetre SB : 7/2670)
  [sbwin] SB #2680 fn=28112 p51=11 tick=28788 : armee=0 one_shot=0 page_prog=64 rif_avant=0 nwin=0 marge=0 -> DMA NON ARMEE (le RIF jette) : SCH memorise pour la fenetre SB (dans une vraie fenetre SB : 7/2680)
  profil PC (21650 tranches, high-water 0xde92) : 9a80:12% 8240:11% 8380:9% 83c0:5% 8200:5% 8300:4% 8540:4% 9a40:4% a0c0:3% 81c0:3% 82c0:3% 9a00:2%
  fn=28859   page=0 insn=121     IDLE   d_fb_det=0     a_sch=0100 0000 0000 0000 sync=0000 153e ffff  | trames=28861 irq=0 iq=0
  [sbwin] SB #2690 fn=28214 p51=11 tick=28890 : armee=0 one_shot=0 page_prog=64 rif_avant=0 nwin=0 marge=0 -> DMA NON ARMEE (le RIF jette) : SCH memorise pour la fenetre SB (dans une vraie fenetre SB : 7/2690)
  [sbwin] SB #2700 fn=28316 p51=11 tick=28992 : armee=0 one_shot=0 page_prog=64 rif_avant=0 nwin=0 marge=0 -> DMA NON ARMEE (le RIF jette) : SCH memorise pour la fenetre SB (dans une vraie fenetre SB : 7/2700)
  [chrono] fn=28998 sur 1000 trames (ms) : qemu 3.70 | A 0.05 | go 0.24 | B 0.14 | apres DONE 0.48 | trame 4.62 (temps reel 4.62)
  profil PC (21055 tranches, high-water 0xde92) : 9a80:11% 8240:11% 8380:10% 83c0:5% 8200:5% 8300:4% 8540:4% 9a40:4% a0c0:3% 81c0:3% 82c0:3% 9a00:2%
  fn=29076   page=1 insn=121     IDLE   d_fb_det=0     a_sch=0100 0000 0000 0000 sync=0000 153e ffff  | trames=29078 irq=0 iq=0
  [sbwin] SB #2710 fn=28418 p51=11 tick=29094 : armee=0 one_shot=0 page_prog=64 rif_avant=0 nwin=0 marge=0 -> DMA NON ARMEE (le RIF jette) : SCH memorise pour la fenetre SB (dans une vraie fenetre SB : 7/2710)
  [sbwin] SB #2720 fn=28520 p51=11 tick=29196 : armee=0 one_shot=0 page_prog=64 rif_avant=0 nwin=0 marge=0 -> DMA NON ARMEE (le RIF jette) : SCH memorise pour la fenetre SB (dans une vraie fenetre SB : 7/2720)
  profil PC (22522 tranches, high-water 0xde92) : 9a80:11% 8240:11% 8380:10% 83c0:5% 8200:5% 8300:4% 8540:4% 9a40:4% a0c0:3% 81c0:3% 82c0:3% 9a00:2%
  fn=29293   page=1 insn=13779   IDLE   d_fb_det=0     a_sch=0100 0000 0000 0000 sync=0000 153e ffff  | trames=29295 irq=0 iq=0
  [sbwin] SB #2730 fn=28622 p51=11 tick=29298 : armee=0 one_shot=0 page_prog=64 rif_avant=0 nwin=0 marge=0 -> DMA NON ARMEE (le RIF jette) : SCH memorise pour la fenetre SB (dans une vraie fenetre SB : 7/2730)
  [sbwin] SB #2740 fn=28724 p51=11 tick=29400 : armee=0 one_shot=0 page_prog=64 rif_avant=0 nwin=0 marge=0 -> DMA NON ARMEE (le RIF jette) : SCH memorise pour la fenetre SB (dans une vraie fenetre SB : 7/2740)
  [sbwin] SB #2750 fn=28826 p51=11 tick=29502 : armee=0 one_shot=0 page_prog=64 rif_avant=0 nwin=0 marge=0 -> DMA NON ARMEE (le RIF jette) : SCH memorise pour la fenetre SB (dans une vraie fenetre SB : 7/2750)
  profil PC (24574 tranches, high-water 0xde92) : 9a80:11% 8240:11% 8380:10% 83c0:5% 8200:5% 8300:4% 8540:4% 9a40:4% a0c0:3% 81c0:3% 82c0:3% 9a00:2%
  fn=29510   page=1 insn=36252   IDLE   d_fb_det=0     a_sch=0100 0000 0000 0000 sync=0000 153e ffff  | trames=29512 irq=0 iq=0
  hacks actifs : RHEA_DMA ; cadencement : STREAM LOCKSTEP  ; stimulus : none
  [sbwin] SB #2760 fn=28928 p51=11 tick=29604 : armee=0 one_shot=0 page_prog=64 rif_avant=0 nwin=0 marge=0 -> DMA NON ARMEE (le RIF jette) : SCH memorise pour la fenetre SB (dans une vraie fenetre SB : 7/2760)
  [sbwin] SB #2770 fn=29030 p51=11 tick=29706 : armee=0 one_shot=0 page_prog=64 rif_avant=0 nwin=0 marge=0 -> DMA NON ARMEE (le RIF jette) : SCH memorise pour la fenetre SB (dans une vraie fenetre SB : 7/2770)
  profil PC (21073 tranches, high-water 0xde92) : 9a80:11% 8240:11% 8380:10% 83c0:5% 8200:5% 8300:4% 8540:4% 9a40:4% a0c0:3% 81c0:3% 82c0:3% 9a00:2%
  fn=29727   page=1 insn=121     IDLE   d_fb_det=0     a_sch=0100 0000 0000 0000 sync=0000 153e ffff  | trames=29729 irq=0 iq=0
  [sbwin] SB #2780 fn=29132 p51=11 tick=29808 : armee=0 one_shot=0 page_prog=64 rif_avant=0 nwin=0 marge=0 -> DMA NON ARMEE (le RIF jette) : SCH memorise pour la fenetre SB (dans une vraie fenetre SB : 7/2780)
  [jalon] fn=29888 d_fb_det=1  hacks=RHEA_DMA
  [sbwin] SB #2788 fn=29213 p51=41 tick=29889 : armee=0 one_shot=0 page_prog=48 rif_avant=0 nwin=0 marge=0 -> DMA NON ARMEE (le RIF jette) : SCH memorise pour la fenetre SB (dans une vraie fenetre SB : 7/2788)
  [jalon] fn=29899 d_fb_det=1  hacks=RHEA_DMA
  [sbwin] SB #2789 fn=29224 p51=1 tick=29900 : armee=0 one_shot=0 page_prog=48 rif_avant=0 nwin=0 marge=0 -> DMA NON ARMEE (le RIF jette) : SCH memorise pour la fenetre SB (dans une vraie fenetre SB : 7/2789)
  [cmd] fn=29908 tache SB postee par l'ARM (W0 md=6 W1 md=0)
  [sb] fn=29908 p51=22 | FB a fn=29899 toa=9991 pm=5431 ang=-1 | TOA-ROM=9991 src=fine | a_sch=0100 crc_ko
  [a_sch] fn=29909 page=0 : 0100 0000 0000 0000 -> 8100 0016 f85d 01fb  (d_dsp_page=0003) TOA=0 PM=5521 SNR=12 crc_ko
  [sbwin] SB #2790 fn=29234 p51=11 tick=29910 : armee=1 one_shot=1 page_prog=191 rif_avant=0 nwin=191 marge=21 -> FENETRE SB (one-shot) (dans une vraie fenetre SB : 8/2790)
  [a_sch] fn=29910 page=1 : 0100 0000 0000 0000 -> 8000 044b 0b1c 0128  (d_dsp_page=0003) TOA=23 PM=5344 SNR=16384 CRC_OK
  [jalon] fn=29910 SB PLAUSIBLE page=1 BSIC=7 a_sch=8000 044b 0b1c 0128  hacks=RHEA_DMA
  [a_sch] fn=29911 page=0 : 8100 0016 f85d 01fb -> 0100 0000 0000 0000  (d_dsp_page=0003) TOA=0 PM=0 SNR=0 crc_ko
  [a_sch] fn=29917 page=1 : 8000 044b 0b1c 0128 -> 0100 0000 0000 0000  (d_dsp_page=0003) TOA=0 PM=0 SNR=0 crc_ko
  [sbwin] SB #2791 fn=29244 p51=21 tick=29920 : armee=0 one_shot=0 page_prog=151 rif_avant=0 nwin=0 marge=0 -> DMA NON ARMEE (le RIF jette) : SCH memorise pour la fenetre SB (dans une vraie fenetre SB : 8/2791)
  [montant] RACH ra=0x1d bsic=7 fn=29921 -> /dev/shm/calypso_rach
  [montant]   declencheur : d_task_ra=RACH_DSP_TASK (task_ra=0x000a d_rach=0x1d1c)
  [sbwin] SB #2792 fn=29254 p51=31 tick=29930 : armee=0 one_shot=0 page_prog=151 rif_avant=0 nwin=0 marge=0 -> DMA NON ARMEE (le RIF jette) : SCH memorise pour la fenetre SB (dans une vraie fenetre SB : 8/2792)
  [sbwin] SB #2793 fn=29264 p51=41 tick=29940 : armee=0 one_shot=0 page_prog=151 rif_avant=0 nwin=0 marge=0 -> DMA NON ARMEE (le RIF jette) : SCH memorise pour la fenetre SB (dans une vraie fenetre SB : 8/2793)
  profil PC (22748 tranches, high-water 0xde92) : 9a80:8% 8240:8% 8380:7% 77c0:4% 83c0:4% 8200:3% 8300:3% 8540:3% 9a40:3% 7840:2% a0c0:2% 7800:2%
  fn=29944   page=0 insn=121     IDLE   d_fb_det=0     a_sch=0100 0000 0000 0000 sync=0000 1537 ffff  | trames=29946 irq=0 iq=0
  [sbwin] SB #2794 fn=29275 p51=1 tick=29951 : armee=0 one_shot=0 page_prog=151 rif_avant=0 nwin=0 marge=0 -> DMA NON ARMEE (le RIF jette) : SCH memorise pour la fenetre SB (dans une vraie fenetre SB : 8/2794)
  [montant] canal dedie (side-band seq=3) : arme TS1 SDCCH/8 SS=0
  [a_cd] fn=29986 p51=49 p102=100 etat=8040 FIRE KO L2=a3 a7 eb 0b | ok=5 ko=6
pont : canal dedie arme : TS1 SDCCH/8 SS=0
  [chrono] fn=29998 sur 1000 trames (ms) : qemu 3.55 | A 0.05 | go 0.26 | B 0.18 | apres DONE 0.57 | trame 4.61 (temps reel 4.62)
  [ts0] tick=30001 fn=29325 p51=0 NB fenetre=151 marge=3 rif_avant=0  <- canal dedie
  [BSP] dedie : DESACCORD fn=29326 p51=1 p102=52 : table=1 tpu=0 (offset=4925 ref=439, tn_fenetre=7) [1000 fois]
  [ts0] tick=30002 fn=29326 p51=1 NB fenetre=151 marge=3 rif_avant=0  <- canal dedie
  [ts0] tick=30003 fn=29327 p51=2 NB fenetre=151 marge=3 rif_avant=0  <- canal dedie
  [ts0] tick=30004 fn=29328 p51=3 NB fenetre=151 marge=3 rif_avant=0  <- canal dedie
  [a_cd] fn=30004 p51=16 p102=16 etat=8000 ok L2=03 03 01 2b | ok=6 ko=6
  [sbwin] SB #2800 fn=29346 p51=21 tick=30022 : armee=0 one_shot=0 page_prog=151 rif_avant=0 nwin=0 marge=0 -> DMA NON ARMEE (le RIF jette) : SCH memorise pour la fenetre SB (dans une vraie fenetre SB : 8/2800)
  [ts0] tick=30052 fn=29376 p51=0 NB fenetre=151 marge=3 rif_avant=0  <- canal dedie
  [ts0] tick=30053 fn=29377 p51=1 NB fenetre=151 marge=3 rif_avant=0  <- canal dedie
  [ts0] tick=30054 fn=29378 p51=2 NB fenetre=151 marge=3 rif_avant=0  <- canal dedie
  [ts0] tick=30055 fn=29379 p51=3 NB fenetre=151 marge=3 rif_avant=0  <- canal dedie
  [ts0] tick=30084 fn=29408 p51=32 NB fenetre=151 marge=3 rif_avant=0  <- canal dedie
  [ts0] tick=30085 fn=29409 p51=33 NB fenetre=151 marge=3 rif_avant=0  <- canal dedie
  [ts0] tick=30086 fn=29410 p51=34 NB fenetre=151 marge=3 rif_avant=0  <- canal dedie
  [ts0] tick=30087 fn=29411 p51=35 NB fenetre=151 marge=3 rif_avant=0  <- canal dedie
  [ts0] tick=30103 fn=29427 p51=0 NB fenetre=151 marge=3 rif_avant=0  <- canal dedie
  [ts0] tick=30104 fn=29428 p51=1 NB fenetre=151 marge=3 rif_avant=0  <- canal dedie
  [ts0] tick=30105 fn=29429 p51=2 NB fenetre=151 marge=3 rif_avant=0  <- canal dedie
  [ts0] tick=30106 fn=29430 p51=3 NB fenetre=151 marge=3 rif_avant=0  <- canal dedie
  [sbwin] SB #2810 fn=29468 p51=41 tick=30144 : armee=0 one_shot=0 page_prog=151 rif_avant=0 nwin=0 marge=0 -> DMA NON ARMEE (le RIF jette) : SCH memorise pour la fenetre SB (dans une vraie fenetre SB : 8/2810)
  [ts0] tick=30154 fn=29478 p51=0 NB fenetre=151 marge=3 rif_avant=0  <- canal dedie
  [ts0] tick=30155 fn=29479 p51=1 NB fenetre=151 marge=3 rif_avant=0  <- canal dedie
  [ts0] tick=30156 fn=29480 p51=2 NB fenetre=151 marge=3 rif_avant=0  <- canal dedie
  [ts0] tick=30157 fn=29481 p51=3 NB fenetre=151 marge=3 rif_avant=0  <- canal dedie
  [a5-arm] tick=30159 d_a5mode=1 a_kc=0400 8cb5 376a feb1
  [montant] chiffrement A5/1 : Kc publie vers /dev/shm/calypso_kc_l1 (seq=4)
  profil PC (12921 tranches, high-water 0xde92) : 9a80:10% 8240:9% 8380:8% 8200:4% 8300:4% 83c0:4% 8540:4% 9a40:3% a0c0:3% a680:3% 81c0:3% 82c0:3%
  fn=30161   page=0 insn=121     IDLE   d_fb_det=0     a_sch=0100 0000 0000 0000 sync=0000 1537 ffff  | trames=30163 irq=0 iq=0
  [ts0] tick=30186 fn=29510 p51=32 NB fenetre=151 marge=3 rif_avant=0  <- canal dedie
  [ts0] tick=30187 fn=29511 p51=33 NB fenetre=151 marge=3 rif_avant=0  <- canal dedie
  [ts0] tick=30188 fn=29512 p51=34 NB fenetre=151 marge=3 rif_avant=0  <- canal dedie
  [ts0] tick=30189 fn=29513 p51=35 NB fenetre=151 marge=3 rif_avant=0  <- canal dedie
  [a_cd] fn=30189 p51=48 p102=99 etat=8040 FIRE KO L2=30 28 c8 69 | ok=6 ko=7
  [ts0] tick=30205 fn=29529 p51=0 NB fenetre=151 marge=3 rif_avant=0  <- canal dedie
  [ts0] tick=30206 fn=29530 p51=1 NB fenetre=151 marge=3 rif_avant=0  <- canal dedie
  [ts0] tick=30207 fn=29531 p51=2 NB fenetre=151 marge=3 rif_avant=0  <- canal dedie
  [ts0] tick=30208 fn=29532 p51=3 NB fenetre=151 marge=3 rif_avant=0  <- canal dedie
  [ts0] tick=30256 fn=29580 p51=0 NB fenetre=151 marge=3 rif_avant=0  <- canal dedie
  [ts0] tick=30257 fn=29581 p51=1 NB fenetre=151 marge=3 rif_avant=0  <- canal dedie
  [ts0] tick=30258 fn=29582 p51=2 NB fenetre=151 marge=3 rif_avant=0  <- canal dedie
  [ts0] tick=30259 fn=29583 p51=3 NB fenetre=151 marge=3 rif_avant=0  <- canal dedie
  [sbwin] SB #2820 fn=29601 p51=21 tick=30277 : armee=0 one_shot=0 page_prog=151 rif_avant=0 nwin=0 marge=0 -> DMA NON ARMEE (le RIF jette) : SCH memorise pour la fenetre SB (dans une vraie fenetre SB : 8/2820)
  [ts0] tick=30288 fn=29612 p51=32 NB fenetre=151 marge=3 rif_avant=0  <- canal dedie
  [ts0] tick=30289 fn=29613 p51=33 NB fenetre=151 marge=3 rif_avant=0  <- canal dedie
  [a5] #500 A5/1 fn=29614 (T1=22 T2=0 T3=34) Kc=feb1376a8cb50400 | dernier depot BSP fn=29613 (ecart +1)
  [ts0] tick=30290 fn=29614 p51=34 NB fenetre=151 marge=3 rif_avant=0  <- canal dedie
  [ts0] tick=30291 fn=29615 p51=35 NB fenetre=151 marge=3 rif_avant=0  <- canal dedie
  [a_cd] fn=30291 p51=48 p102=99 etat=8000 ok L2=07 00 03 03 | ok=7 ko=7
  [ts0] tick=30307 fn=29631 p51=0 NB fenetre=151 marge=3 rif_avant=0  <- canal dedie
  [ts0] tick=30308 fn=29632 p51=1 NB fenetre=151 marge=3 rif_avant=0  <- canal dedie
  [ts0] tick=30309 fn=29633 p51=2 NB fenetre=151 marge=3 rif_avant=0  <- canal dedie
  [ts0] tick=30310 fn=29634 p51=3 NB fenetre=151 marge=3 rif_avant=0  <- canal dedie
  [ts0] tick=30358 fn=29682 p51=0 NB fenetre=151 marge=3 rif_avant=0  <- canal dedie
  [ts0] tick=30359 fn=29683 p51=1 NB fenetre=151 marge=3 rif_avant=0  <- canal dedie
  [ts0] tick=30360 fn=29684 p51=2 NB fenetre=151 marge=3 rif_avant=0  <- canal dedie
  [ts0] tick=30361 fn=29685 p51=3 NB fenetre=151 marge=3 rif_avant=0  <- canal dedie
  profil PC (9687 tranches, high-water 0xde92) : 9a80:9% 8240:9% 8380:8% a680:4% 83c0:4% 8200:4% 8300:3% 8540:3% 9a40:3% a0c0:3% 81c0:2% 82c0:2%
  fn=30378   page=0 insn=121     IDLE   d_fb_det=0     a_sch=0100 0000 0000 0000 sync=0000 1537 ffff  | trames=30380 irq=0 iq=0
  [ts0] tick=30390 fn=29714 p51=32 NB fenetre=151 marge=3 rif_avant=0  <- canal dedie
  [ts0] tick=30391 fn=29715 p51=33 NB fenetre=151 marge=3 rif_avant=0  <- canal dedie
  [ts0] tick=30392 fn=29716 p51=34 NB fenetre=151 marge=3 rif_avant=0  <- canal dedie
  [ts0] tick=30393 fn=29717 p51=35 NB fenetre=151 marge=3 rif_avant=0  <- canal dedie
  [sbwin] SB #2830 fn=29723 p51=41 tick=30399 : armee=0 one_shot=0 page_prog=151 rif_avant=0 nwin=0 marge=0 -> DMA NON ARMEE (le RIF jette) : SCH memorise pour la fenetre SB (dans une vraie fenetre SB : 8/2830)
  [ts0] tick=30409 fn=29733 p51=0 NB fenetre=151 marge=3 rif_avant=0  <- canal dedie
  [ts0] tick=30410 fn=29734 p51=1 NB fenetre=151 marge=3 rif_avant=0  <- canal dedie
  [ts0] tick=30411 fn=29735 p51=2 NB fenetre=151 marge=3 rif_avant=0  <- canal dedie
  [ts0] tick=30412 fn=29736 p51=3 NB fenetre=151 marge=3 rif_avant=0  <- canal dedie
  [ts0] tick=30460 fn=29784 p51=0 NB fenetre=151 marge=3 rif_avant=0  <- canal dedie
  [ts0] tick=30461 fn=29785 p51=1 NB fenetre=151 marge=3 rif_avant=0  <- canal dedie
  [ts0] tick=30462 fn=29786 p51=2 NB fenetre=151 marge=3 rif_avant=0  <- canal dedie
  [ts0] tick=30463 fn=29787 p51=3 NB fenetre=151 marge=3 rif_avant=0  <- canal dedie
  [ts0] tick=30492 fn=29816 p51=32 NB fenetre=151 marge=3 rif_avant=0  <- canal dedie
  [ts0] tick=30493 fn=29817 p51=33 NB fenetre=151 marge=3 rif_avant=0  <- canal dedie
  [ts0] tick=30494 fn=29818 p51=34 NB fenetre=151 marge=3 rif_avant=0  <- canal dedie
  [ts0] tick=30495 fn=29819 p51=35 NB fenetre=151 marge=3 rif_avant=0  <- canal dedie
  [ts0] tick=30511 fn=29835 p51=0 NB fenetre=151 marge=3 rif_avant=0  <- canal dedie
  [ts0] tick=30512 fn=29836 p51=1 NB fenetre=151 marge=3 rif_avant=0  <- canal dedie
  [ts0] tick=30513 fn=29837 p51=2 NB fenetre=151 marge=3 rif_avant=0  <- canal dedie
  [ts0] tick=30514 fn=29838 p51=3 NB fenetre=151 marge=3 rif_avant=0  <- canal dedie
  [sbwin] SB #2840 fn=29856 p51=21 tick=30532 : armee=0 one_shot=0 page_prog=151 rif_avant=0 nwin=0 marge=0 -> DMA NON ARMEE (le RIF jette) : SCH memorise pour la fenetre SB (dans une vraie fenetre SB : 8/2840)
  [ts0] tick=30562 fn=29886 p51=0 NB fenetre=151 marge=3 rif_avant=0  <- canal dedie
  [ts0] tick=30563 fn=29887 p51=1 NB fenetre=151 marge=3 rif_avant=0  <- canal dedie
  [ts0] tick=30564 fn=29888 p51=2 NB fenetre=151 marge=3 rif_avant=0  <- canal dedie
  [ts0] tick=30565 fn=29889 p51=3 NB fenetre=151 marge=3 rif_avant=0  <- canal dedie
  [ts0] tick=30594 fn=29918 p51=32 NB fenetre=151 marge=3 rif_avant=0  <- canal dedie
  [ts0] tick=30595 fn=29919 p51=33 NB fenetre=151 marge=3 rif_avant=0  <- canal dedie
  profil PC (9879 tranches, high-water 0xde92) : 8240:9% 9a80:9% 8380:8% 83c0:4% a680:4% 8200:4% 8300:4% 8540:4% 9a40:3% a0c0:3% 81c0:2% 82c0:2%
  fn=30595   page=0 insn=14036   IDLE   d_fb_det=0     a_sch=0100 0000 0000 0000 sync=0000 1537 ffff  | trames=30597 irq=0 iq=0
  [ts0] tick=30596 fn=29920 p51=34 NB fenetre=151 marge=3 rif_avant=0  <- canal dedie
  [ts0] tick=30597 fn=29921 p51=35 NB fenetre=151 marge=3 rif_avant=0  <- canal dedie
  [ts0] tick=30613 fn=29937 p51=0 NB fenetre=151 marge=3 rif_avant=0  <- canal dedie
  [ts0] tick=30614 fn=29938 p51=1 NB fenetre=151 marge=3 rif_avant=0  <- canal dedie
  [ts0] tick=30615 fn=29939 p51=2 NB fenetre=151 marge=3 rif_avant=0  <- canal dedie
  [ts0] tick=30616 fn=29940 p51=3 NB fenetre=151 marge=3 rif_avant=0  <- canal dedie
  [sbwin] SB #2850 fn=29978 p51=41 tick=30654 : armee=0 one_shot=0 page_prog=151 rif_avant=0 nwin=0 marge=0 -> DMA NON ARMEE (le RIF jette) : SCH memorise pour la fenetre SB (dans une vraie fenetre SB : 8/2850)
  [ts0] tick=30664 fn=29988 p51=0 NB fenetre=151 marge=3 rif_avant=0  <- canal dedie
  [ts0] tick=30665 fn=29989 p51=1 NB fenetre=151 marge=3 rif_avant=0  <- canal dedie
  [ts0] tick=30666 fn=29990 p51=2 NB fenetre=151 marge=3 rif_avant=0  <- canal dedie
  [ts0] tick=30667 fn=29991 p51=3 NB fenetre=151 marge=3 rif_avant=0  <- canal dedie
  [ts0] tick=30696 fn=30020 p51=32 NB fenetre=151 marge=3 rif_avant=0  <- canal dedie
  [ts0] tick=30697 fn=30021 p51=33 NB fenetre=151 marge=3 rif_avant=0  <- canal dedie
  [ts0] tick=30698 fn=30022 p51=34 NB fenetre=151 marge=3 rif_avant=0  <- canal dedie
  [ts0] tick=30699 fn=30023 p51=35 NB fenetre=151 marge=3 rif_avant=0  <- canal dedie
  [ts0] tick=30715 fn=30039 p51=0 NB fenetre=151 marge=3 rif_avant=0  <- canal dedie
  [ts0] tick=30716 fn=30040 p51=1 NB fenetre=151 marge=3 rif_avant=0  <- canal dedie
  [ts0] tick=30717 fn=30041 p51=2 NB fenetre=151 marge=3 rif_avant=0  <- canal dedie
  [ts0] tick=30718 fn=30042 p51=3 NB fenetre=151 marge=3 rif_avant=0  <- canal dedie
  [ts0] tick=30766 fn=30090 p51=0 NB fenetre=151 marge=3 rif_avant=0  <- canal dedie
  [ts0] tick=30767 fn=30091 p51=1 NB fenetre=151 marge=3 rif_avant=0  <- canal dedie
  [ts0] tick=30768 fn=30092 p51=2 NB fenetre=151 marge=3 rif_avant=0  <- canal dedie
  [ts0] tick=30769 fn=30093 p51=3 NB fenetre=151 marge=3 rif_avant=0  <- canal dedie
  [sbwin] SB #2860 fn=30111 p51=21 tick=30787 : armee=0 one_shot=0 page_prog=151 rif_avant=0 nwin=0 marge=0 -> DMA NON ARMEE (le RIF jette) : SCH memorise pour la fenetre SB (dans une vraie fenetre SB : 8/2860)
  [ts0] tick=30798 fn=30122 p51=32 NB fenetre=151 marge=3 rif_avant=0  <- canal dedie
  [ts0] tick=30799 fn=30123 p51=33 NB fenetre=151 marge=3 rif_avant=0  <- canal dedie
  [ts0] tick=30800 fn=30124 p51=34 NB fenetre=151 marge=3 rif_avant=0  <- canal dedie
  [ts0] tick=30801 fn=30125 p51=35 NB fenetre=151 marge=3 rif_avant=0  <- canal dedie
  profil PC (10232 tranches, high-water 0xde92) : 9a80:10% 8240:9% 8380:8% 83c0:4% a680:4% 8200:4% 8300:4% 8540:4% 9a40:3% a0c0:3% 81c0:2% 82c0:2%
  fn=30812   page=0 insn=121     IDLE   d_fb_det=0     a_sch=0100 0000 0000 0000 sync=0000 1537 ffff  | trames=30814 irq=0 iq=0
  [ts0] tick=30817 fn=30141 p51=0 NB fenetre=151 marge=3 rif_avant=0  <- canal dedie
  [ts0] tick=30818 fn=30142 p51=1 NB fenetre=151 marge=3 rif_avant=0  <- canal dedie
  [ts0] tick=30819 fn=30143 p51=2 NB fenetre=151 marge=3 rif_avant=0  <- canal dedie
  [ts0] tick=30820 fn=30144 p51=3 NB fenetre=151 marge=3 rif_avant=0  <- canal dedie
  [ts0] tick=30868 fn=30192 p51=0 NB fenetre=151 marge=3 rif_avant=0  <- canal dedie
  [ts0] tick=30869 fn=30193 p51=1 NB fenetre=151 marge=3 rif_avant=0  <- canal dedie
  [ts0] tick=30870 fn=30194 p51=2 NB fenetre=151 marge=3 rif_avant=0  <- canal dedie
  [ts0] tick=30871 fn=30195 p51=3 NB fenetre=151 marge=3 rif_avant=0  <- canal dedie
  [ts0] tick=30900 fn=30224 p51=32 NB fenetre=151 marge=3 rif_avant=0  <- canal dedie
  [ts0] tick=30901 fn=30225 p51=33 NB fenetre=151 marge=3 rif_avant=0  <- canal dedie
  [ts0] tick=30902 fn=30226 p51=34 NB fenetre=151 marge=3 rif_avant=0  <- canal dedie
  [ts0] tick=30903 fn=30227 p51=35 NB fenetre=151 marge=3 rif_avant=0  <- canal dedie
  [sbwin] SB #2870 fn=30233 p51=41 tick=30909 : armee=0 one_shot=0 page_prog=151 rif_avant=0 nwin=0 marge=0 -> DMA NON ARMEE (le RIF jette) : SCH memorise pour la fenetre SB (dans une vraie fenetre SB : 8/2870)
  [ts0] tick=30919 fn=30243 p51=0 NB fenetre=151 marge=3 rif_avant=0  <- canal dedie
  [ts0] tick=30920 fn=30244 p51=1 NB fenetre=151 marge=3 rif_avant=0  <- canal dedie
  [ts0] tick=30921 fn=30245 p51=2 NB fenetre=151 marge=3 rif_avant=0  <- canal dedie
  [ts0] tick=30922 fn=30246 p51=3 NB fenetre=151 marge=3 rif_avant=0  <- canal dedie
  [ts0] tick=30970 fn=30294 p51=0 NB fenetre=151 marge=3 rif_avant=0  <- canal dedie
  [ts0] tick=30971 fn=30295 p51=1 NB fenetre=151 marge=3 rif_avant=0  <- canal dedie
  [ts0] tick=30972 fn=30296 p51=2 NB fenetre=151 marge=3 rif_avant=0  <- canal dedie
  [ts0] tick=30973 fn=30297 p51=3 NB fenetre=151 marge=3 rif_avant=0  <- canal dedie
  [chrono] fn=30998 sur 1000 trames (ms) : qemu 3.81 | A 0.10 | go 0.24 | B 0.25 | apres DONE 0.21 | trame 4.62 (temps reel 4.62)
  [ts0] tick=31002 fn=30326 p51=32 NB fenetre=151 marge=3 rif_avant=0  <- canal dedie
  [a5] #1000 A5/1 fn=30327 (T1=22 T2=11 T3=33) Kc=feb1376a8cb50400 | dernier depot BSP fn=30326 (ecart +1)
  [ts0] tick=31003 fn=30327 p51=33 NB fenetre=151 marge=3 rif_avant=0  <- canal dedie
  [ts0] tick=31004 fn=30328 p51=34 NB fenetre=151 marge=3 rif_avant=0  <- canal dedie
  [ts0] tick=31005 fn=30329 p51=35 NB fenetre=151 marge=3 rif_avant=0  <- canal dedie
  [a_cd] fn=31005 p51=48 p102=99 etat=8040 FIRE KO L2=61 63 cf 50 | ok=7 ko=8
  [ts0] tick=31021 fn=30345 p51=0 NB fenetre=151 marge=3 rif_avant=0  <- canal dedie
  [ts0] tick=31022 fn=30346 p51=1 NB fenetre=151 marge=3 rif_avant=0  <- canal dedie
  [ts0] tick=31023 fn=30347 p51=2 NB fenetre=151 marge=3 rif_avant=0  <- canal dedie
  [ts0] tick=31024 fn=30348 p51=3 NB fenetre=151 marge=3 rif_avant=0  <- canal dedie
  [a_cd] fn=31024 p51=16 p102=16 etat=8000 ok L2=03 03 01 2b | ok=8 ko=8
  profil PC (11122 tranches, high-water 0xde92) : 9a80:9% 8240:7% 8380:7% 8200:4% a680:4% 8300:4% 8540:3% 83c0:3% 9a40:3% a0c0:3% 81c0:2% 82c0:2%
  fn=31029   page=0 insn=121     IDLE   d_fb_det=0     a_sch=0100 0000 0000 0000 sync=0000 1537 ffff  | trames=31031 irq=0 iq=0
  [sbwin] SB #2880 fn=30366 p51=21 tick=31042 : armee=0 one_shot=0 page_prog=151 rif_avant=0 nwin=0 marge=0 -> DMA NON ARMEE (le RIF jette) : SCH memorise pour la fenetre SB (dans une vraie fenetre SB : 8/2880)
  [ts0] tick=31072 fn=30396 p51=0 NB fenetre=151 marge=3 rif_avant=0  <- canal dedie
  [ts0] tick=31073 fn=30397 p51=1 NB fenetre=151 marge=3 rif_avant=0  <- canal dedie
  [ts0] tick=31074 fn=30398 p51=2 NB fenetre=151 marge=3 rif_avant=0  <- canal dedie
  [ts0] tick=31075 fn=30399 p51=3 NB fenetre=151 marge=3 rif_avant=0  <- canal dedie
  [ts0] tick=31104 fn=30428 p51=32 NB fenetre=151 marge=3 rif_avant=0  <- canal dedie
  [ts0] tick=31105 fn=30429 p51=33 NB fenetre=151 marge=3 rif_avant=0  <- canal dedie
  [ts0] tick=31106 fn=30430 p51=34 NB fenetre=151 marge=3 rif_avant=0  <- canal dedie
  [ts0] tick=31107 fn=30431 p51=35 NB fenetre=151 marge=3 rif_avant=0  <- canal dedie
  [a_cd] fn=31107 p51=48 p102=99 etat=8040 FIRE KO L2=6a 61 62 62 | ok=8 ko=9
  [ts0] tick=31123 fn=30447 p51=0 NB fenetre=151 marge=3 rif_avant=0  <- canal dedie
  [ts0] tick=31124 fn=30448 p51=1 NB fenetre=151 marge=3 rif_avant=0  <- canal dedie
  [ts0] tick=31125 fn=30449 p51=2 NB fenetre=151 marge=3 rif_avant=0  <- canal dedie
  [ts0] tick=31126 fn=30450 p51=3 NB fenetre=151 marge=3 rif_avant=0  <- canal dedie
  [a_cd] fn=31126 p51=16 p102=16 etat=8000 ok L2=01 73 01 2b | ok=9 ko=9
  [a5-arm] tick=31128 d_a5mode=0 a_kc=0400 8cb5 376a feb1
  [montant] retour en clair (seq=5)
  [montant] tache FB postee : le mobile cherche la synchro, canal dedie libere (TS0 rendu au FCCH/SCH)
  [jalon] fn=31143 d_fb_det=1  hacks=RHEA_DMA
  [sbwin] SB #2888 fn=30468 p51=21 tick=31144 : armee=0 one_shot=0 page_prog=48 rif_avant=0 nwin=0 marge=0 -> DMA NON ARMEE (le RIF jette) : SCH memorise pour la fenetre SB (dans une vraie fenetre SB : 8/2888)
  [jalon] fn=31153 d_fb_det=1  hacks=RHEA_DMA
  [sbwin] SB #2889 fn=30478 p51=31 tick=31154 : armee=0 one_shot=0 page_prog=48 rif_avant=0 nwin=0 marge=0 -> DMA NON ARMEE (le RIF jette) : SCH memorise pour la fenetre SB (dans une vraie fenetre SB : 8/2889)
  [cmd] fn=31162 tache SB postee par l'ARM (W0 md=6 W1 md=0)
  [sb] fn=31162 p51=1 | FB a fn=31153 toa=8743 pm=5424 ang=-1 | TOA-ROM=8743 src=fine | a_sch=0100 crc_ko
  [a_sch] fn=31163 page=0 : 0100 0000 0000 0000 -> 8100 0016 f85d 01fb  (d_dsp_page=0003) TOA=0 PM=5521 SNR=12 crc_ko
  [sbwin] SB #2890 fn=30488 p51=41 tick=31164 : armee=1 one_shot=1 page_prog=191 rif_avant=0 nwin=191 marge=21 -> FENETRE SB (one-shot) (dans une vraie fenetre SB : 9/2890)
  [a_sch] fn=31164 page=1 : 0100 0000 0000 0000 -> 8000 06c8 0b1c 0042  (d_dsp_page=0003) TOA=23 PM=5363 SNR=16384 CRC_OK
  [jalon] fn=31164 SB PLAUSIBLE page=1 BSIC=7 a_sch=8000 06c8 0b1c 0042  hacks=RHEA_DMA
  [a_sch] fn=31165 page=0 : 8100 0016 f85d 01fb -> 0100 0000 0000 0000  (d_dsp_page=0003) TOA=0 PM=0 SNR=0 crc_ko
  [afc] fn=31168 w_page=0 relaye=-696 | page0=-696 page1=-700
  [sbwin] SB #2891 fn=30499 p51=1 tick=31175 : armee=0 one_shot=0 page_prog=191 rif_avant=0 nwin=0 marge=0 -> DMA NON ARMEE (le RIF jette) : SCH memorise pour la fenetre SB (dans une vraie fenetre SB : 9/2891)
  [afc] fn=31177 w_page=1 relaye=-696 | page0=-696 page1=-696
  [a_sch] fn=31178 page=1 : 8000 06c8 0b1c 0042 -> 0100 0000 0000 0000  (d_dsp_page=0003) TOA=0 PM=0 SNR=0 crc_ko
  [sbwin] SB #2892 fn=30509 p51=11 tick=31185 : armee=0 one_shot=0 page_prog=151 rif_avant=0 nwin=0 marge=0 -> DMA NON ARMEE (le RIF jette) : SCH memorise pour la fenetre SB (dans une vraie fenetre SB : 9/2892)
  [sbwin] SB #2893 fn=30519 p51=21 tick=31195 : armee=0 one_shot=0 page_prog=151 rif_avant=0 nwin=0 marge=0 -> DMA NON ARMEE (le RIF jette) : SCH memorise pour la fenetre SB (dans une vraie fenetre SB : 9/2893)
  [sbwin] SB #2894 fn=30529 p51=31 tick=31205 : armee=0 one_shot=0 page_prog=151 rif_avant=0 nwin=0 marge=0 -> DMA NON ARMEE (le RIF jette) : SCH memorise pour la fenetre SB (dans une vraie fenetre SB : 9/2894)
  [ts0] tick=31222 fn=30546 p51=48 NB fenetre=0 marge=0 rif_avant=0
  [montant] canal dedie (side-band seq=4) : libere TS0 SDCCH/4 SS=0
pont : canal dedie libere : TS0 SDCCH/8 SS=0
  profil PC (22501 tranches, high-water 0xde92) : 77c0:9% 9a80:7% 8240:6% 7800:5% 8380:5% 7840:3% 8200:3% 8300:2% a680:2% 83c0:2% 8540:2% 9a40:2%
  fn=31246   page=1 insn=121     IDLE   d_fb_det=0     a_sch=0100 0000 0000 0000 sync=0000 1530 ffff  | trames=31248 irq=0 iq=0
  hacks actifs : RHEA_DMA ; cadencement : STREAM LOCKSTEP  ; stimulus : none
  [sbwin] SB #2900 fn=30590 p51=41 tick=31266 : armee=0 one_shot=0 page_prog=151 rif_avant=0 nwin=0 marge=0 -> DMA NON ARMEE (le RIF jette) : SCH memorise pour la fenetre SB (dans une vraie fenetre SB : 9/2900)
  [afc] fn=31335 w_page=0 relaye=-700 | page0=-700 page1=-696
  [afc] fn=31336 w_page=1 relaye=-700 | page0=-700 page1=-700
  [jalon] fn=31337 d_fb_det=1  hacks=RHEA_DMA
  [sbwin] SB #2907 fn=30662 p51=11 tick=31338 : armee=0 one_shot=0 page_prog=48 rif_avant=0 nwin=0 marge=0 -> DMA NON ARMEE (le RIF jette) : SCH memorise pour la fenetre SB (dans une vraie fenetre SB : 9/2907)
  [jalon] fn=31347 d_fb_det=1  hacks=RHEA_DMA
  [sbwin] SB #2908 fn=30672 p51=21 tick=31348 : armee=0 one_shot=0 page_prog=48 rif_avant=0 nwin=0 marge=0 -> DMA NON ARMEE (le RIF jette) : SCH memorise pour la fenetre SB (dans une vraie fenetre SB : 9/2908)
  [cmd] fn=31356 tache SB postee par l'ARM (W0 md=6 W1 md=0)
  [sb] fn=31356 p51=42 | FB a fn=31347 toa=8743 pm=5424 ang=-1 | TOA-ROM=8743 src=fine | a_sch=0100 crc_ko
  [a_sch] fn=31357 page=0 : 0100 0000 0000 0000 -> 8100 0016 f85d 01fb  (d_dsp_page=0003) TOA=0 PM=5521 SNR=12 crc_ko
  [sbwin] SB #2909 fn=30682 p51=31 tick=31358 : armee=1 one_shot=1 page_prog=191 rif_avant=0 nwin=191 marge=21 -> FENETRE SB (one-shot) (dans une vraie fenetre SB : 10/2909)
  [a_sch] fn=31358 page=1 : 0100 0000 0000 0000 -> 8100 8d1d 0b1f 0189  (d_dsp_page=0003) TOA=23 PM=5363 SNR=14493 crc_ko
  [a_sch] fn=31359 page=0 : 8100 0016 f85d 01fb -> 0100 0000 0000 0000  (d_dsp_page=0003) TOA=0 PM=0 SNR=0 crc_ko
  [a_sch] fn=31360 page=1 : 8100 8d1d 0b1f 0189 -> 0100 0000 0000 0000  (d_dsp_page=0003) TOA=0 PM=0 SNR=0 crc_ko
  [jalon] fn=31367 d_fb_det=1  hacks=RHEA_DMA
  [sbwin] SB #2910 fn=30692 p51=41 tick=31368 : armee=0 one_shot=0 page_prog=48 rif_avant=0 nwin=0 marge=0 -> DMA NON ARMEE (le RIF jette) : SCH memorise pour la fenetre SB (dans une vraie fenetre SB : 10/2910)
  [jalon] fn=31378 d_fb_det=1  hacks=RHEA_DMA
  [sbwin] SB #2911 fn=30703 p51=1 tick=31379 : armee=0 one_shot=0 page_prog=48 rif_avant=0 nwin=0 marge=0 -> DMA NON ARMEE (le RIF jette) : SCH memorise pour la fenetre SB (dans une vraie fenetre SB : 10/2911)
  [cmd] fn=31387 tache SB postee par l'ARM (W0 md=6 W1 md=0)
  [sb] fn=31387 p51=22 | FB a fn=31378 toa=9995 pm=5438 ang=-1 | TOA-ROM=9995 src=fine | a_sch=0100 crc_ko
  [a_sch] fn=31388 page=0 : 0100 0000 0000 0000 -> 8100 0016 f85d 01fb  (d_dsp_page=0003) TOA=0 PM=5521 SNR=12 crc_ko
  [sbwin] SB #2912 fn=30713 p51=11 tick=31389 : armee=1 one_shot=1 page_prog=191 rif_avant=0 nwin=191 marge=21 -> FENETRE SB (one-shot) (dans une vraie fenetre SB : 11/2912)
  [a_sch] fn=31389 page=1 : 0100 0000 0000 0000 -> 8000 8e3b 0b1c 019c  (d_dsp_page=0003) TOA=23 PM=5353 SNR=6225 CRC_OK
  [jalon] fn=31389 SB PLAUSIBLE page=1 BSIC=7 a_sch=8000 8e3b 0b1c 019c  hacks=RHEA_DMA
  [a_sch] fn=31390 page=0 : 8100 0016 f85d 01fb -> 0100 0000 0000 0000  (d_dsp_page=0003) TOA=0 PM=0 SNR=0 crc_ko
  [a_sch] fn=31396 page=1 : 8000 8e3b 0b1c 019c -> 0100 0000 0000 0000  (d_dsp_page=0003) TOA=0 PM=0 SNR=0 crc_ko
  [sbwin] SB #2913 fn=30723 p51=21 tick=31399 : armee=0 one_shot=0 page_prog=64 rif_avant=0 nwin=0 marge=0 -> DMA NON ARMEE (le RIF jette) : SCH memorise pour la fenetre SB (dans une vraie fenetre SB : 11/2913)
  [sbwin] SB #2914 fn=30733 p51=31 tick=31409 : armee=0 one_shot=0 page_prog=64 rif_avant=0 nwin=0 marge=0 -> DMA NON ARMEE (le RIF jette) : SCH memorise pour la fenetre SB (dans une vraie fenetre SB : 11/2914)
  [sbwin] SB #2915 fn=30743 p51=41 tick=31419 : armee=0 one_shot=0 page_prog=64 rif_avant=0 nwin=0 marge=0 -> DMA NON ARMEE (le RIF jette) : SCH memorise pour la fenetre SB (dans une vraie fenetre SB : 11/2915)
  [sbwin] SB #2916 fn=30754 p51=1 tick=31430 : armee=0 one_shot=0 page_prog=64 rif_avant=0 nwin=0 marge=0 -> DMA NON ARMEE (le RIF jette) : SCH memorise pour la fenetre SB (dans une vraie fenetre SB : 11/2916)
  profil PC (25972 tranches, high-water 0xde92) : 77c0:10% 9a80:6% 7800:6% 8240:6% 8380:5% 7840:5% 78c0:4% 83c0:2% a680:2% 8200:2% 8300:2% 8540:2%
  fn=31463   page=0 insn=121     IDLE   d_fb_det=0     a_sch=0100 0000 0000 0000 sync=0000 153e ffff  | trames=31465 irq=0 iq=0
  [sbwin] SB #2920 fn=30794 p51=41 tick=31470 : armee=0 one_shot=0 page_prog=64 rif_avant=0 nwin=0 marge=0 -> DMA NON ARMEE (le RIF jette) : SCH memorise pour la fenetre SB (dans une vraie fenetre SB : 11/2920)
  [sbwin] SB #2930 fn=30896 p51=41 tick=31572 : armee=0 one_shot=0 page_prog=64 rif_avant=0 nwin=0 marge=0 -> DMA NON ARMEE (le RIF jette) : SCH memorise pour la fenetre SB (dans une vraie fenetre SB : 11/2930)
  [sbwin] SB #2940 fn=30998 p51=41 tick=31674 : armee=0 one_shot=0 page_prog=64 rif_avant=0 nwin=0 marge=0 -> DMA NON ARMEE (le RIF jette) : SCH memorise pour la fenetre SB (dans une vraie fenetre SB : 11/2940)
  profil PC (21055 tranches, high-water 0xde92) : 9a80:11% 8240:11% 8380:10% 83c0:5% 8200:5% 8300:4% 8540:4% 9a40:4% a0c0:3% 81c0:3% 82c0:3% 9a00:2%
  fn=31680   page=1 insn=121     IDLE   d_fb_det=0     a_sch=0100 0000 0000 0000 sync=0000 153e ffff  | trames=31682 irq=0 iq=0
  [sbwin] SB #2950 fn=31100 p51=41 tick=31776 : armee=0 one_shot=0 page_prog=64 rif_avant=0 nwin=0 marge=0 -> DMA NON ARMEE (le RIF jette) : SCH memorise pour la fenetre SB (dans une vraie fenetre SB : 11/2950)
  [sbwin] SB #2960 fn=31202 p51=41 tick=31878 : armee=0 one_shot=0 page_prog=64 rif_avant=0 nwin=0 marge=0 -> DMA NON ARMEE (le RIF jette) : SCH memorise pour la fenetre SB (dans une vraie fenetre SB : 11/2960)
  profil PC (23548 tranches, high-water 0xde92) : 9a80:11% 8240:11% 8380:10% 83c0:5% 8200:5% 8300:4% 8540:4% 9a40:4% a0c0:3% 81c0:3% 82c0:3% 9a00:2%
  fn=31897   page=0 insn=36254   IDLE   d_fb_det=0     a_sch=0100 0000 0000 0000 sync=0000 153e ffff  | trames=31899 irq=0 iq=0
  [sbwin] SB #2970 fn=31304 p51=41 tick=31980 : armee=0 one_shot=0 page_prog=64 rif_avant=0 nwin=0 marge=0 -> DMA NON ARMEE (le RIF jette) : SCH memorise pour la fenetre SB (dans une vraie fenetre SB : 11/2970)
  [chrono] fn=31998 sur 1000 trames (ms) : qemu 3.46 | A 0.06 | go 0.27 | B 0.22 | apres DONE 0.62 | trame 4.62 (temps reel 4.62)
  [sbwin] SB #2980 fn=31406 p51=41 tick=32082 : armee=0 one_shot=0 page_prog=64 rif_avant=0 nwin=0 marge=0 -> DMA NON ARMEE (le RIF jette) : SCH memorise pour la fenetre SB (dans une vraie fenetre SB : 11/2980)
  profil PC (23569 tranches, high-water 0xde92) : 9a80:11% 8240:11% 8380:10% 83c0:5% 8200:5% 8300:4% 8540:4% 9a40:4% a0c0:3% 81c0:3% 82c0:3% 9a00:2%
  fn=32114   page=0 insn=121     IDLE   d_fb_det=0     a_sch=0100 0000 0000 0000 sync=0000 153e ffff  | trames=32116 irq=0 iq=0
  [sbwin] SB #2990 fn=31508 p51=41 tick=32184 : armee=0 one_shot=0 page_prog=64 rif_avant=0 nwin=0 marge=0 -> DMA NON ARMEE (le RIF jette) : SCH memorise pour la fenetre SB (dans une vraie fenetre SB : 11/2990)
  [sbwin] SB #3000 fn=31610 p51=41 tick=32286 : armee=0 one_shot=0 page_prog=64 rif_avant=0 nwin=0 marge=0 -> DMA NON ARMEE (le RIF jette) : SCH memorise pour la fenetre SB (dans une vraie fenetre SB : 11/3000)
  profil PC (21055 tranches, high-water 0xde92) : 9a80:11% 8240:11% 8380:10% 83c0:5% 8200:5% 8300:4% 8540:4% 9a40:4% a0c0:3% 81c0:3% 82c0:3% 9a00:2%
  fn=32331   page=1 insn=121     IDLE   d_fb_det=0     a_sch=0100 0000 0000 0000 sync=0000 153e ffff  | trames=32333 irq=0 iq=0
  [sbwin] SB #3010 fn=31712 p51=41 tick=32388 : armee=0 one_shot=0 page_prog=64 rif_avant=0 nwin=0 marge=0 -> DMA NON ARMEE (le RIF jette) : SCH memorise pour la fenetre SB (dans une vraie fenetre SB : 11/3010)
  [sbwin] SB #3020 fn=31814 p51=41 tick=32490 : armee=0 one_shot=0 page_prog=64 rif_avant=0 nwin=0 marge=0 -> DMA NON ARMEE (le RIF jette) : SCH memorise pour la fenetre SB (dans une vraie fenetre SB : 11/3020)
  profil PC (21052 tranches, high-water 0xde92) : 9a80:11% 8240:11% 8380:10% 83c0:5% 8200:5% 8300:4% 8540:4% 9a40:4% a0c0:3% 81c0:3% 82c0:3% 9a00:2%
  fn=32548   page=0 insn=121     IDLE   d_fb_det=0     a_sch=0100 0000 0000 0000 sync=0000 153e ffff  | trames=32550 irq=0 iq=0
  [sbwin] SB #3030 fn=31916 p51=41 tick=32592 : armee=0 one_shot=0 page_prog=64 rif_avant=0 nwin=0 marge=0 -> DMA NON ARMEE (le RIF jette) : SCH memorise pour la fenetre SB (dans une vraie fenetre SB : 11/3030)
  [sbwin] SB #3040 fn=32018 p51=41 tick=32694 : armee=0 one_shot=0 page_prog=64 rif_avant=0 nwin=0 marge=0 -> DMA NON ARMEE (le RIF jette) : SCH memorise pour la fenetre SB (dans une vraie fenetre SB : 11/3040)
  profil PC (23569 tranches, high-water 0xde92) : 9a80:11% 8240:11% 8380:10% 83c0:5% 8200:5% 8300:4% 8540:4% 9a40:4% a0c0:3% 81c0:3% 82c0:3% 9a00:2%
  fn=32765   page=0 insn=1355    IDLE   d_fb_det=0     a_sch=0100 0000 0000 0000 sync=0000 153e ffff  | trames=32767 irq=0 iq=0
  [sbwin] SB #3050 fn=32120 p51=41 tick=32796 : armee=0 one_shot=0 page_prog=64 rif_avant=0 nwin=0 marge=0 -> DMA NON ARMEE (le RIF jette) : SCH memorise pour la fenetre SB (dans une vraie fenetre SB : 11/3050)
  [sbwin] SB #3060 fn=32222 p51=41 tick=32898 : armee=0 one_shot=0 page_prog=64 rif_avant=0 nwin=0 marge=0 -> DMA NON ARMEE (le RIF jette) : SCH memorise pour la fenetre SB (dans une vraie fenetre SB : 11/3060)
  profil PC (23548 tranches, high-water 0xde92) : 9a80:11% 8240:11% 8380:10% 83c0:5% 8200:5% 8300:4% 8540:4% 9a40:4% a0c0:3% 81c0:3% 82c0:3% 9a00:2%
  fn=32982   page=1 insn=121     IDLE   d_fb_det=0     a_sch=0100 0000 0000 0000 sync=0000 153e ffff  | trames=32984 irq=0 iq=0
  hacks actifs : RHEA_DMA ; cadencement : STREAM LOCKSTEP  ; stimulus : none
  [chrono] fn=32998 sur 1000 trames (ms) : qemu 3.54 | A 0.05 | go 0.26 | B 0.18 | apres DONE 0.58 | trame 4.61 (temps reel 4.62)
  [sbwin] SB #3070 fn=32324 p51=41 tick=33000 : armee=0 one_shot=0 page_prog=64 rif_avant=0 nwin=0 marge=0 -> DMA NON ARMEE (le RIF jette) : SCH memorise pour la fenetre SB (dans une vraie fenetre SB : 11/3070)
  [sbwin] SB #3080 fn=32426 p51=41 tick=33102 : armee=0 one_shot=0 page_prog=64 rif_avant=0 nwin=0 marge=0 -> DMA NON ARMEE (le RIF jette) : SCH memorise pour la fenetre SB (dans une vraie fenetre SB : 11/3080)
  profil PC (21055 tranches, high-water 0xde92) : 9a80:11% 8240:11% 8380:10% 83c0:5% 8200:5% 8300:4% 8540:4% 9a40:4% a0c0:3% 81c0:3% 82c0:3% 9a00:2%
  fn=33199   page=0 insn=121     IDLE   d_fb_det=0     a_sch=0100 0000 0000 0000 sync=0000 153e ffff  | trames=33201 irq=0 iq=0
  [sbwin] SB #3090 fn=32528 p51=41 tick=33204 : armee=0 one_shot=0 page_prog=64 rif_avant=0 nwin=0 marge=0 -> DMA NON ARMEE (le RIF jette) : SCH memorise pour la fenetre SB (dans une vraie fenetre SB : 11/3090)
  [sbwin] SB #3100 fn=32630 p51=41 tick=33306 : armee=0 one_shot=0 page_prog=64 rif_avant=0 nwin=0 marge=0 -> DMA NON ARMEE (le RIF jette) : SCH memorise pour la fenetre SB (dans une vraie fenetre SB : 11/3100)
  [jalon] fn=33346 d_fb_det=1  hacks=RHEA_DMA
  [sbwin] SB #3104 fn=32671 p51=31 tick=33347 : armee=0 one_shot=0 page_prog=48 rif_avant=0 nwin=0 marge=0 -> DMA NON ARMEE (le RIF jette) : SCH memorise pour la fenetre SB (dans une vraie fenetre SB : 11/3104)
  [jalon] fn=33356 d_fb_det=1  hacks=RHEA_DMA
  [sbwin] SB #3105 fn=32681 p51=41 tick=33357 : armee=0 one_shot=0 page_prog=48 rif_avant=0 nwin=0 marge=0 -> DMA NON ARMEE (le RIF jette) : SCH memorise pour la fenetre SB (dans une vraie fenetre SB : 11/3105)
  [cmd] fn=33365 tache SB postee par l'ARM (W0 md=6 W1 md=0)
  [sb] fn=33365 p51=11 | FB a fn=33356 toa=8743 pm=5424 ang=-1 | TOA-ROM=8743 src=fine | a_sch=0100 crc_ko
  [a_sch] fn=33366 page=0 : 0100 0000 0000 0000 -> 8100 0172 86be 0060  (d_dsp_page=0003) TOA=23 PM=5416 SNR=427 crc_ko
  [a_sch] fn=33367 page=1 : 0100 0000 0000 0000 -> 8100 0016 f85d 01fb  (d_dsp_page=0003) TOA=0 PM=5521 SNR=12 crc_ko
  [sbwin] SB #3106 fn=32692 p51=1 tick=33368 : armee=0 one_shot=0 page_prog=191 rif_avant=0 nwin=0 marge=0 -> DMA NON ARMEE (le RIF jette) : SCH memorise pour la fenetre SB (dans une vraie fenetre SB : 11/3106)
  [a_sch] fn=33368 page=0 : 8100 0172 86be 0060 -> 0100 0000 0000 0000  (d_dsp_page=0003) TOA=0 PM=0 SNR=0 crc_ko
  [a_sch] fn=33369 page=1 : 8100 0016 f85d 01fb -> 0100 0000 0000 0000  (d_dsp_page=0003) TOA=0 PM=0 SNR=0 crc_ko
  [jalon] fn=33377 d_fb_det=1  hacks=RHEA_DMA
  [sbwin] SB #3107 fn=32702 p51=11 tick=33378 : armee=0 one_shot=0 page_prog=48 rif_avant=0 nwin=0 marge=0 -> DMA NON ARMEE (le RIF jette) : SCH memorise pour la fenetre SB (dans une vraie fenetre SB : 11/3107)
  [jalon] fn=33387 d_fb_det=1  hacks=RHEA_DMA
  [sbwin] SB #3108 fn=32712 p51=21 tick=33388 : armee=0 one_shot=0 page_prog=48 rif_avant=0 nwin=0 marge=0 -> DMA NON ARMEE (le RIF jette) : SCH memorise pour la fenetre SB (dans une vraie fenetre SB : 11/3108)
  [cmd] fn=33396 tache SB postee par l'ARM (W0 md=6 W1 md=0)
  [sb] fn=33396 p51=42 | FB a fn=33387 toa=8743 pm=5424 ang=-1 | TOA-ROM=8743 src=fine | a_sch=0100 crc_ko
  [a_sch] fn=33397 page=0 : 0100 0000 0000 0000 -> 8100 0016 f85d 01fb  (d_dsp_page=0003) TOA=0 PM=5521 SNR=12 crc_ko
  [sbwin] SB #3109 fn=32722 p51=31 tick=33398 : armee=1 one_shot=1 page_prog=191 rif_avant=0 nwin=191 marge=21 -> FENETRE SB (one-shot) (dans une vraie fenetre SB : 12/3109)
  [a_sch] fn=33398 page=1 : 0100 0000 0000 0000 -> 8100 0c4e 0c2d 0139  (d_dsp_page=0003) TOA=23 PM=5339 SNR=16384 crc_ko
  [a_sch] fn=33399 page=0 : 8100 0016 f85d 01fb -> 0100 0000 0000 0000  (d_dsp_page=0003) TOA=0 PM=0 SNR=0 crc_ko
  [a_sch] fn=33400 page=1 : 8100 0c4e 0c2d 0139 -> 0100 0000 0000 0000  (d_dsp_page=0003) TOA=0 PM=0 SNR=0 crc_ko
  [jalon] fn=33407 d_fb_det=1  hacks=RHEA_DMA
  [sbwin] SB #3110 fn=32732 p51=41 tick=33408 : armee=0 one_shot=0 page_prog=48 rif_avant=0 nwin=0 marge=0 -> DMA NON ARMEE (le RIF jette) : SCH memorise pour la fenetre SB (dans une vraie fenetre SB : 12/3110)
  profil PC (34767 tranches, high-water 0xde92) : 77c0:13% 7800:7% 9a80:5% 7840:5% 8240:5% 78c0:4% 8380:4% b2c0:2% a680:2% 83c0:2% 8200:2% 8300:2%
  fn=33416   page=0 insn=35360   IDLE   d_fb_det=0     a_sch=0100 0000 0000 0000 sync=0000 0000 0000  | trames=33418 irq=0 iq=0
  [jalon] fn=33418 d_fb_det=1  hacks=RHEA_DMA
  [sbwin] SB #3111 fn=32743 p51=1 tick=33419 : armee=0 one_shot=0 page_prog=48 rif_avant=0 nwin=0 marge=0 -> DMA NON ARMEE (le RIF jette) : SCH memorise pour la fenetre SB (dans une vraie fenetre SB : 12/3111)
  [cmd] fn=33427 tache SB postee par l'ARM (W0 md=6 W1 md=0)
  [sb] fn=33427 p51=22 | FB a fn=33418 toa=9995 pm=5438 ang=-1 | TOA-ROM=9995 src=fine | a_sch=0100 crc_ko
  [a_sch] fn=33428 page=0 : 0100 0000 0000 0000 -> 8100 0016 f85d 01fb  (d_dsp_page=0003) TOA=0 PM=5521 SNR=12 crc_ko
  [sbwin] SB #3112 fn=32753 p51=11 tick=33429 : armee=1 one_shot=1 page_prog=191 rif_avant=0 nwin=191 marge=21 -> FENETRE SB (one-shot) (dans une vraie fenetre SB : 13/3112)
  [a_sch] fn=33429 page=1 : 0100 0000 0000 0000 -> 8000 911c 0c1c 014c  (d_dsp_page=0003) TOA=23 PM=5349 SNR=13392 CRC_OK
  [jalon] fn=33429 SB PLAUSIBLE page=1 BSIC=7 a_sch=8000 911c 0c1c 014c  hacks=RHEA_DMA
  [a_sch] fn=33430 page=0 : 8100 0016 f85d 01fb -> 0100 0000 0000 0000  (d_dsp_page=0003) TOA=0 PM=0 SNR=0 crc_ko
  [sbwin] SB #3113 fn=32763 p51=21 tick=33439 : armee=0 one_shot=0 page_prog=191 rif_avant=0 nwin=0 marge=0 -> DMA NON ARMEE (le RIF jette) : SCH memorise pour la fenetre SB (dans une vraie fenetre SB : 13/3113)
  [sbwin] SB #3114 fn=32773 p51=31 tick=33449 : armee=0 one_shot=0 page_prog=191 rif_avant=0 nwin=0 marge=0 -> DMA NON ARMEE (le RIF jette) : SCH memorise pour la fenetre SB (dans une vraie fenetre SB : 13/3114)
  [sbwin] SB #3115 fn=32783 p51=41 tick=33459 : armee=0 one_shot=0 page_prog=191 rif_avant=0 nwin=0 marge=0 -> DMA NON ARMEE (le RIF jette) : SCH memorise pour la fenetre SB (dans une vraie fenetre SB : 13/3115)
  [sbwin] SB #3116 fn=32794 p51=1 tick=33470 : armee=0 one_shot=0 page_prog=191 rif_avant=0 nwin=0 marge=0 -> DMA NON ARMEE (le RIF jette) : SCH memorise pour la fenetre SB (dans une vraie fenetre SB : 13/3116)
  [a_sch] fn=33473 page=1 : 8000 911c 0c1c 014c -> 0100 0000 0000 0000  (d_dsp_page=0003) TOA=0 PM=0 SNR=0 crc_ko
  [sbwin] SB #3120 fn=32834 p51=41 tick=33510 : armee=0 one_shot=0 page_prog=151 rif_avant=0 nwin=0 marge=0 -> DMA NON ARMEE (le RIF jette) : SCH memorise pour la fenetre SB (dans une vraie fenetre SB : 13/3120)
  [sbwin] SB #3130 fn=32936 p51=41 tick=33612 : armee=0 one_shot=0 page_prog=151 rif_avant=0 nwin=0 marge=0 -> DMA NON ARMEE (le RIF jette) : SCH memorise pour la fenetre SB (dans une vraie fenetre SB : 13/3130)
  profil PC (7018 tranches, high-water 0xde92) : 9a80:9% 8240:8% 8380:8% a680:6% 83c0:4% 8300:4% 8200:4% 8540:3% 9a40:3% 71c0:3% 81c0:2% a0c0:2%
  fn=33633   page=1 insn=121     IDLE   d_fb_det=0     a_sch=0100 0000 0000 0000 sync=0000 153e ffff  | trames=33635 irq=0 iq=0
  [sbwin] SB #3140 fn=33038 p51=41 tick=33714 : armee=0 one_shot=0 page_prog=151 rif_avant=0 nwin=0 marge=0 -> DMA NON ARMEE (le RIF jette) : SCH memorise pour la fenetre SB (dans une vraie fenetre SB : 13/3140)
  [jalon] fn=33734 d_fb_det=1  hacks=RHEA_DMA
  [sbwin] SB #3142 fn=33059 p51=11 tick=33735 : armee=0 one_shot=0 page_prog=48 rif_avant=0 nwin=0 marge=0 -> DMA NON ARMEE (le RIF jette) : SCH memorise pour la fenetre SB (dans une vraie fenetre SB : 13/3142)
  [jalon] fn=33744 d_fb_det=1  hacks=RHEA_DMA
  [sbwin] SB #3143 fn=33069 p51=21 tick=33745 : armee=0 one_shot=0 page_prog=48 rif_avant=0 nwin=0 marge=0 -> DMA NON ARMEE (le RIF jette) : SCH memorise pour la fenetre SB (dans une vraie fenetre SB : 13/3143)
  [cmd] fn=33753 tache SB postee par l'ARM (W0 md=6 W1 md=0)
  [sb] fn=33753 p51=42 | FB a fn=33744 toa=8743 pm=5424 ang=-1 | TOA-ROM=8743 src=fine | a_sch=0100 crc_ko
  [a_sch] fn=33754 page=0 : 0100 0000 0000 0000 -> 8100 0016 f85d 01fb  (d_dsp_page=0003) TOA=0 PM=5521 SNR=12 crc_ko
  [sbwin] SB #3144 fn=33079 p51=31 tick=33755 : armee=1 one_shot=1 page_prog=191 rif_avant=0 nwin=191 marge=21 -> FENETRE SB (one-shot) (dans une vraie fenetre SB : 14/3144)
  [a_sch] fn=33755 page=1 : 0100 0000 0000 0000 -> 8000 03f7 0c1c 011d  (d_dsp_page=0003) TOA=23 PM=5344 SNR=16384 CRC_OK
  [jalon] fn=33755 SB PLAUSIBLE page=1 BSIC=7 a_sch=8000 03f7 0c1c 011d  hacks=RHEA_DMA
  [a_sch] fn=33756 page=0 : 8100 0016 f85d 01fb -> 0100 0000 0000 0000  (d_dsp_page=0003) TOA=0 PM=0 SNR=0 crc_ko
  [sbwin] SB #3145 fn=33089 p51=41 tick=33765 : armee=0 one_shot=0 page_prog=64 rif_avant=0 nwin=0 marge=0 -> DMA NON ARMEE (le RIF jette) : SCH memorise pour la fenetre SB (dans une vraie fenetre SB : 14/3145)
  [sbwin] SB #3146 fn=33100 p51=1 tick=33776 : armee=0 one_shot=0 page_prog=64 rif_avant=0 nwin=0 marge=0 -> DMA NON ARMEE (le RIF jette) : SCH memorise pour la fenetre SB (dans une vraie fenetre SB : 14/3146)
  [a_sch] fn=33776 page=1 : 8000 03f7 0c1c 011d -> 0100 0000 0000 0000  (d_dsp_page=0002) TOA=0 PM=0 SNR=0 crc_ko
  [sbwin] SB #3147 fn=33110 p51=11 tick=33786 : armee=0 one_shot=0 page_prog=64 rif_avant=0 nwin=0 marge=0 -> DMA NON ARMEE (le RIF jette) : SCH memorise pour la fenetre SB (dans une vraie fenetre SB : 14/3147)
  [sbwin] SB #3148 fn=33120 p51=21 tick=33796 : armee=0 one_shot=0 page_prog=64 rif_avant=0 nwin=0 marge=0 -> DMA NON ARMEE (le RIF jette) : SCH memorise pour la fenetre SB (dans une vraie fenetre SB : 14/3148)
  [sbwin] SB #3150 fn=33140 p51=41 tick=33816 : armee=0 one_shot=0 page_prog=64 rif_avant=0 nwin=0 marge=0 -> DMA NON ARMEE (le RIF jette) : SCH memorise pour la fenetre SB (dans une vraie fenetre SB : 14/3150)
  profil PC (25936 tranches, high-water 0xde92) : 9a80:9% 8240:8% 8380:7% 77c0:5% 83c0:4% 8200:4% 8300:3% 8540:3% 9a40:3% 7800:3% a0c0:2% 81c0:2%
  fn=33850   page=1 insn=23366   IDLE   d_fb_det=0     a_sch=0100 0000 0000 0000 sync=0000 0000 0000  | trames=33852 irq=0 iq=0
  [jalon] fn=33856 d_fb_det=1  hacks=RHEA_DMA
  [sbwin] SB #3154 fn=33181 p51=31 tick=33857 : armee=0 one_shot=0 page_prog=48 rif_avant=0 nwin=0 marge=0 -> DMA NON ARMEE (le RIF jette) : SCH memorise pour la fenetre SB (dans une vraie fenetre SB : 14/3154)
  [jalon] fn=33866 d_fb_det=1  hacks=RHEA_DMA
  [sbwin] SB #3155 fn=33191 p51=41 tick=33867 : armee=0 one_shot=0 page_prog=48 rif_avant=0 nwin=0 marge=0 -> DMA NON ARMEE (le RIF jette) : SCH memorise pour la fenetre SB (dans une vraie fenetre SB : 14/3155)
  [cmd] fn=33875 tache SB postee par l'ARM (W0 md=6 W1 md=0)
  [sb] fn=33875 p51=11 | FB a fn=33866 toa=8743 pm=5424 ang=-1 | TOA-ROM=8743 src=fine | a_sch=0100 crc_ko
  [a_sch] fn=33876 page=0 : 0100 0000 0000 0000 -> 8100 0172 86be 0060  (d_dsp_page=0003) TOA=23 PM=5416 SNR=427 crc_ko
  [a_sch] fn=33877 page=1 : 0100 0000 0000 0000 -> 8100 0016 f85d 01fb  (d_dsp_page=0003) TOA=0 PM=5521 SNR=12 crc_ko
  [sbwin] SB #3156 fn=33202 p51=1 tick=33878 : armee=0 one_shot=0 page_prog=191 rif_avant=0 nwin=0 marge=0 -> DMA NON ARMEE (le RIF jette) : SCH memorise pour la fenetre SB (dans une vraie fenetre SB : 14/3156)
  [a_sch] fn=33878 page=0 : 8100 0172 86be 0060 -> 0100 0000 0000 0000  (d_dsp_page=0003) TOA=0 PM=0 SNR=0 crc_ko
  [a_sch] fn=33879 page=1 : 8100 0016 f85d 01fb -> 0100 0000 0000 0000  (d_dsp_page=0003) TOA=0 PM=0 SNR=0 crc_ko
  [jalon] fn=33887 d_fb_det=1  hacks=RHEA_DMA
  [sbwin] SB #3157 fn=33212 p51=11 tick=33888 : armee=0 one_shot=0 page_prog=48 rif_avant=0 nwin=0 marge=0 -> DMA NON ARMEE (le RIF jette) : SCH memorise pour la fenetre SB (dans une vraie fenetre SB : 14/3157)
  [jalon] fn=33897 d_fb_det=1  hacks=RHEA_DMA
  [sbwin] SB #3158 fn=33222 p51=21 tick=33898 : armee=0 one_shot=0 page_prog=48 rif_avant=0 nwin=0 marge=0 -> DMA NON ARMEE (le RIF jette) : SCH memorise pour la fenetre SB (dans une vraie fenetre SB : 14/3158)
  [cmd] fn=33906 tache SB postee par l'ARM (W0 md=6 W1 md=0)
  [sb] fn=33906 p51=42 | FB a fn=33897 toa=8743 pm=5424 ang=-1 | TOA-ROM=8743 src=fine | a_sch=0100 crc_ko
  [a_sch] fn=33907 page=0 : 0100 0000 0000 0000 -> 8100 0016 f85d 01fb  (d_dsp_page=0003) TOA=0 PM=5521 SNR=12 crc_ko
  [sbwin] SB #3159 fn=33232 p51=31 tick=33908 : armee=1 one_shot=1 page_prog=191 rif_avant=0 nwin=191 marge=21 -> FENETRE SB (one-shot) (dans une vraie fenetre SB : 15/3159)
  [a_sch] fn=33908 page=1 : 0100 0000 0000 0000 -> 8000 03f8 0c1c 0191  (d_dsp_page=0003) TOA=23 PM=5358 SNR=16384 CRC_OK
  [jalon] fn=33908 SB PLAUSIBLE page=1 BSIC=7 a_sch=8000 03f8 0c1c 0191  hacks=RHEA_DMA
  [a_sch] fn=33909 page=0 : 8100 0016 f85d 01fb -> 0100 0000 0000 0000  (d_dsp_page=0003) TOA=0 PM=0 SNR=0 crc_ko
  [sbwin] SB #3160 fn=33242 p51=41 tick=33918 : armee=0 one_shot=0 page_prog=191 rif_avant=0 nwin=0 marge=0 -> DMA NON ARMEE (le RIF jette) : SCH memorise pour la fenetre SB (dans une vraie fenetre SB : 15/3160)
  [sbwin] SB #3161 fn=33253 p51=1 tick=33929 : armee=0 one_shot=0 page_prog=191 rif_avant=0 nwin=0 marge=0 -> DMA NON ARMEE (le RIF jette) : SCH memorise pour la fenetre SB (dans une vraie fenetre SB : 15/3161)
  [a_sch] fn=33932 page=1 : 8000 03f8 0c1c 0191 -> 0100 0000 0000 0000  (d_dsp_page=0003) TOA=0 PM=0 SNR=0 crc_ko
  [sbwin] SB #3162 fn=33263 p51=11 tick=33939 : armee=0 one_shot=0 page_prog=151 rif_avant=0 nwin=0 marge=0 -> DMA NON ARMEE (le RIF jette) : SCH memorise pour la fenetre SB (dans une vraie fenetre SB : 15/3162)
  [sbwin] SB #3163 fn=33273 p51=21 tick=33949 : armee=0 one_shot=0 page_prog=151 rif_avant=0 nwin=0 marge=0 -> DMA NON ARMEE (le RIF jette) : SCH memorise pour la fenetre SB (dans une vraie fenetre SB : 15/3163)
  [montant] RACH ra=0x8e bsic=7 fn=33954 -> /dev/shm/calypso_rach
  [montant]   declencheur : d_task_ra=RACH_DSP_TASK (task_ra=0x000a d_rach=0x8e1c)
  [chrono] fn=33998 sur 1000 trames (ms) : qemu 3.67 | A 0.04 | go 0.22 | B 0.17 | apres DONE 0.51 | trame 4.62 (temps reel 4.62)
  [sbwin] SB #3170 fn=33344 p51=41 tick=34020 : armee=0 one_shot=0 page_prog=151 rif_avant=0 nwin=0 marge=0 -> DMA NON ARMEE (le RIF jette) : SCH memorise pour la fenetre SB (dans une vraie fenetre SB : 15/3170)
  [montant] canal dedie (side-band seq=5) : arme TS1 SDCCH/8 SS=0
  [a_cd] fn=34034 p51=17 p102=68 etat=8040 FIRE KO L2=65 ce bb 81 | ok=9 ko=10
pont : canal dedie arme : TS1 SDCCH/8 SS=0
  [ts0] tick=34062 fn=33386 p51=32 NB fenetre=151 marge=3 rif_avant=0  <- canal dedie
  [ts0] tick=34063 fn=33387 p51=33 NB fenetre=151 marge=3 rif_avant=0  <- canal dedie
  [ts0] tick=34064 fn=33388 p51=34 NB fenetre=151 marge=3 rif_avant=0  <- canal dedie
  [ts0] tick=34065 fn=33389 p51=35 NB fenetre=151 marge=3 rif_avant=0  <- canal dedie
  [a_cd] fn=34065 p51=48 p102=99 etat=8000 ok L2=07 00 03 03 | ok=10 ko=10
  profil PC (25979 tranches, high-water 0xde92) : 77c0:12% 7800:7% 9a80:5% 7840:5% 8240:4% 8380:4% 78c0:4% a680:3% b2c0:2% 8200:2% 8300:2% 83c0:2%
  fn=34067   page=1 insn=121     IDLE   d_fb_det=0     a_sch=0100 0000 0000 0000 sync=0000 1530 ffff  | trames=34069 irq=0 iq=0
  [ts0] tick=34081 fn=33405 p51=0 NB fenetre=151 marge=3 rif_avant=0  <- canal dedie
  [ts0] tick=34082 fn=33406 p51=1 NB fenetre=151 marge=3 rif_avant=0  <- canal dedie
  [ts0] tick=34083 fn=33407 p51=2 NB fenetre=151 marge=3 rif_avant=0  <- canal dedie
  [ts0] tick=34084 fn=33408 p51=3 NB fenetre=151 marge=3 rif_avant=0  <- canal dedie
  [ts0] tick=34132 fn=33456 p51=0 NB fenetre=151 marge=3 rif_avant=0  <- canal dedie
  [ts0] tick=34133 fn=33457 p51=1 NB fenetre=151 marge=3 rif_avant=0  <- canal dedie
  [ts0] tick=34134 fn=33458 p51=2 NB fenetre=151 marge=3 rif_avant=0  <- canal dedie
  [ts0] tick=34135 fn=33459 p51=3 NB fenetre=151 marge=3 rif_avant=0  <- canal dedie
  [sbwin] SB #3180 fn=33467 p51=11 tick=34143 : armee=0 one_shot=0 page_prog=151 rif_avant=0 nwin=0 marge=0 -> DMA NON ARMEE (le RIF jette) : SCH memorise pour la fenetre SB (dans une vraie fenetre SB : 15/3180)
  [ts0] tick=34164 fn=33488 p51=32 NB fenetre=151 marge=3 rif_avant=0  <- canal dedie
  [ts0] tick=34165 fn=33489 p51=33 NB fenetre=151 marge=3 rif_avant=0  <- canal dedie
  [ts0] tick=34166 fn=33490 p51=34 NB fenetre=151 marge=3 rif_avant=0  <- canal dedie
  [ts0] tick=34167 fn=33491 p51=35 NB fenetre=151 marge=3 rif_avant=0  <- canal dedie
  [ts0] tick=34183 fn=33507 p51=0 NB fenetre=151 marge=3 rif_avant=0  <- canal dedie
  [ts0] tick=34184 fn=33508 p51=1 NB fenetre=151 marge=3 rif_avant=0  <- canal dedie
  [ts0] tick=34185 fn=33509 p51=2 NB fenetre=151 marge=3 rif_avant=0  <- canal dedie
  [ts0] tick=34186 fn=33510 p51=3 NB fenetre=151 marge=3 rif_avant=0  <- canal dedie
  [a5-arm] tick=34188 d_a5mode=1 a_kc=0400 8cb5 376a feb1
  [montant] chiffrement A5/1 : Kc publie vers /dev/shm/calypso_kc_l1 (seq=6)
  [ts0] tick=34234 fn=33558 p51=0 NB fenetre=151 marge=3 rif_avant=0  <- canal dedie
  [ts0] tick=34235 fn=33559 p51=1 NB fenetre=151 marge=3 rif_avant=0  <- canal dedie
  [ts0] tick=34236 fn=33560 p51=2 NB fenetre=151 marge=3 rif_avant=0  <- canal dedie
  [ts0] tick=34237 fn=33561 p51=3 NB fenetre=151 marge=3 rif_avant=0  <- canal dedie
  [a_cd] fn=34237 p51=16 p102=67 etat=8040 FIRE KO L2=ab 9b 40 82 | ok=10 ko=11
  [sbwin] SB #3190 fn=33589 p51=31 tick=34265 : armee=0 one_shot=0 page_prog=151 rif_avant=0 nwin=0 marge=0 -> DMA NON ARMEE (le RIF jette) : SCH memorise pour la fenetre SB (dans une vraie fenetre SB : 15/3190)
  [ts0] tick=34266 fn=33590 p51=32 NB fenetre=151 marge=3 rif_avant=0  <- canal dedie
  [ts0] tick=34267 fn=33591 p51=33 NB fenetre=151 marge=3 rif_avant=0  <- canal dedie
  [ts0] tick=34268 fn=33592 p51=34 NB fenetre=151 marge=3 rif_avant=0  <- canal dedie
  [ts0] tick=34269 fn=33593 p51=35 NB fenetre=151 marge=3 rif_avant=0  <- canal dedie
  profil PC (9441 tranches, high-water 0xde92) : 9a80:9% 8240:9% 8380:8% a680:4% 83c0:4% 8200:4% 8300:4% 8540:4% 9a40:3% a0c0:3% 81c0:2% 82c0:2%
  fn=34284   page=1 insn=2004    IDLE   d_fb_det=0     a_sch=0100 0000 0000 0000 sync=0000 1530 ffff  | trames=34286 irq=0 iq=0
  [a_cd] fn=34339 p51=16 p102=67 etat=8000 ok L2=01 21 01 2b | ok=11 ko=11
  [sbwin] SB #3200 fn=33722 p51=11 tick=34398 : armee=0 one_shot=0 page_prog=151 rif_avant=0 nwin=0 marge=0 -> DMA NON ARMEE (le RIF jette) : SCH memorise pour la fenetre SB (dans une vraie fenetre SB : 15/3200)
  profil PC (10725 tranches, high-water 0xde92) : 9a80:10% 8240:9% 8380:8% 83c0:4% 8200:4% a680:4% 8300:4% 8540:4% 9a40:3% a0c0:3% 81c0:2% 82c0:2%
  fn=34501   page=1 insn=121     IDLE   d_fb_det=0     a_sch=0100 0000 0000 0000 sync=0000 1530 ffff  | trames=34503 irq=0 iq=0
  [sbwin] SB #3210 fn=33844 p51=31 tick=34520 : armee=0 one_shot=0 page_prog=151 rif_avant=0 nwin=0 marge=0 -> DMA NON ARMEE (le RIF jette) : SCH memorise pour la fenetre SB (dans une vraie fenetre SB : 15/3210)
  [BSP] dedie : DESACCORD fn=33916 p51=1 p102=52 : table=1 tpu=0 (offset=4083 ref=4925, tn_fenetre=7) [1200 fois]
  [sbwin] SB #3220 fn=33977 p51=11 tick=34653 : armee=0 one_shot=0 page_prog=151 rif_avant=0 nwin=0 marge=0 -> DMA NON ARMEE (le RIF jette) : SCH memorise pour la fenetre SB (dans une vraie fenetre SB : 15/3220)
  profil PC (9592 tranches, high-water 0xde92) : 9a80:9% 8240:9% 8380:8% a680:4% 83c0:4% 8200:4% 8300:4% 8540:3% 9a40:3% a0c0:3% 81c0:2% 82c0:2%
  fn=34718   page=1 insn=121     IDLE   d_fb_det=0     a_sch=0100 0000 0000 0000 sync=0000 1530 ffff  | trames=34720 irq=0 iq=0
  hacks actifs : RHEA_DMA ; cadencement : STREAM LOCKSTEP  ; stimulus : none
  [sbwin] SB #3230 fn=34099 p51=31 tick=34775 : armee=0 one_shot=0 page_prog=151 rif_avant=0 nwin=0 marge=0 -> DMA NON ARMEE (le RIF jette) : SCH memorise pour la fenetre SB (dans une vraie fenetre SB : 15/3230)
  [a5] #1500 A5/1 fn=34100 (T1=25 T2=14 T3=32) Kc=feb1376a8cb50400 | dernier depot BSP fn=34099 (ecart +1)
  [sbwin] SB #3240 fn=34232 p51=11 tick=34908 : armee=0 one_shot=0 page_prog=151 rif_avant=0 nwin=0 marge=0 -> DMA NON ARMEE (le RIF jette) : SCH memorise pour la fenetre SB (dans une vraie fenetre SB : 15/3240)
  profil PC (9417 tranches, high-water 0xde92) : 9a80:9% 8240:9% 8380:8% a680:4% 83c0:4% 8200:4% 8300:4% 8540:4% 9a40:3% a0c0:3% 81c0:2% 82c0:2%
  fn=34935   page=1 insn=121     IDLE   d_fb_det=0     a_sch=0100 0000 0000 0000 sync=0000 1530 ffff  | trames=34937 irq=0 iq=0
  [a_cd] fn=34983 p51=48 p102=99 etat=8040 FIRE KO L2=0a f5 cd a9 | ok=11 ko=12
  [chrono] fn=34998 sur 1000 trames (ms) : qemu 3.90 | A 0.09 | go 0.22 | B 0.21 | apres DONE 0.20 | trame 4.62 (temps reel 4.62)
  [a_cd] fn=35002 p51=16 p102=16 etat=8000 ok L2=03 03 01 2b | ok=12 ko=12
  [sbwin] SB #3250 fn=34354 p51=31 tick=35030 : armee=0 one_shot=0 page_prog=151 rif_avant=0 nwin=0 marge=0 -> DMA NON ARMEE (le RIF jette) : SCH memorise pour la fenetre SB (dans une vraie fenetre SB : 15/3250)
  [a_cd] fn=35085 p51=48 p102=99 etat=8040 FIRE KO L2=33 78 c8 3a | ok=12 ko=13
  [a_cd] fn=35104 p51=16 p102=16 etat=8000 ok L2=01 73 01 2b | ok=13 ko=13
  [a5-arm] tick=35106 d_a5mode=0 a_kc=0400 8cb5 376a feb1
  [montant] retour en clair (seq=7)
  [montant] tache FB postee : le mobile cherche la synchro, canal dedie libere (TS0 rendu au FCCH/SCH)
  [jalon] fn=35121 d_fb_det=1  hacks=RHEA_DMA
  [sbwin] SB #3257 fn=34446 p51=21 tick=35122 : armee=0 one_shot=0 page_prog=48 rif_avant=0 nwin=0 marge=0 -> DMA NON ARMEE (le RIF jette) : SCH memorise pour la fenetre SB (dans une vraie fenetre SB : 15/3257)
  [jalon] fn=35131 d_fb_det=1  hacks=RHEA_DMA
  [sbwin] SB #3258 fn=34456 p51=31 tick=35132 : armee=0 one_shot=0 page_prog=48 rif_avant=0 nwin=0 marge=0 -> DMA NON ARMEE (le RIF jette) : SCH memorise pour la fenetre SB (dans une vraie fenetre SB : 15/3258)
  [cmd] fn=35140 tache SB postee par l'ARM (W0 md=6 W1 md=0)
  [sb] fn=35140 p51=1 | FB a fn=35131 toa=8743 pm=5424 ang=-1 | TOA-ROM=8743 src=fine | a_sch=0100 crc_ko
  [a_sch] fn=35141 page=0 : 0100 0000 0000 0000 -> 8100 0016 f85d 01fb  (d_dsp_page=0003) TOA=0 PM=5521 SNR=12 crc_ko
  [sbwin] SB #3259 fn=34466 p51=41 tick=35142 : armee=1 one_shot=1 page_prog=191 rif_avant=0 nwin=191 marge=21 -> FENETRE SB (one-shot) (dans une vraie fenetre SB : 16/3259)
  [a_sch] fn=35142 page=1 : 0100 0000 0000 0000 -> 8100 8df1 0c1f 00c2  (d_dsp_page=0003) TOA=23 PM=5349 SNR=16384 crc_ko
  [a_sch] fn=35143 page=0 : 8100 0016 f85d 01fb -> 0100 0000 0000 0000  (d_dsp_page=0003) TOA=0 PM=0 SNR=0 crc_ko
  [a_sch] fn=35144 page=1 : 8100 8df1 0c1f 00c2 -> 0100 0000 0000 0000  (d_dsp_page=0003) TOA=0 PM=0 SNR=0 crc_ko
  [jalon] fn=35152 d_fb_det=1  hacks=RHEA_DMA
  profil PC (18339 tranches, high-water 0xde92) : 77c0:12% 7800:7% 9a80:5% 7840:3% a680:3% 8240:3% 8480:3% 8380:3% 8280:3% 78c0:2% b2c0:2% 71c0:2%
  fn=35152   page=1 insn=4952    IDLE   d_fb_det=1     a_sch=0100 0000 0000 0000 sync=0510 14db 0002  | trames=35154 irq=0 iq=0
  [sbwin] SB #3260 fn=34477 p51=1 tick=35153 : armee=0 one_shot=0 page_prog=48 rif_avant=0 nwin=0 marge=0 -> DMA NON ARMEE (le RIF jette) : SCH memorise pour la fenetre SB (dans une vraie fenetre SB : 16/3260)
  [jalon] fn=35162 d_fb_det=1  hacks=RHEA_DMA
  [sbwin] SB #3261 fn=34487 p51=11 tick=35163 : armee=0 one_shot=0 page_prog=48 rif_avant=0 nwin=0 marge=0 -> DMA NON ARMEE (le RIF jette) : SCH memorise pour la fenetre SB (dans une vraie fenetre SB : 16/3261)
  [cmd] fn=35171 tache SB postee par l'ARM (W0 md=6 W1 md=0)
  [sb] fn=35171 p51=32 | FB a fn=35162 toa=8743 pm=5424 ang=-1 | TOA-ROM=8743 src=fine | a_sch=0100 crc_ko
  [a_sch] fn=35172 page=0 : 0100 0000 0000 0000 -> 8100 0016 f85d 01fb  (d_dsp_page=0003) TOA=0 PM=5521 SNR=12 crc_ko
  [sbwin] SB #3262 fn=34497 p51=21 tick=35173 : armee=1 one_shot=1 page_prog=191 rif_avant=0 nwin=191 marge=21 -> FENETRE SB (one-shot) (dans une vraie fenetre SB : 17/3262)
  [a_sch] fn=35173 page=1 : 0100 0000 0000 0000 -> 8000 01c6 0d1c 0055  (d_dsp_page=0003) TOA=23 PM=5339 SNR=16384 CRC_OK
  [jalon] fn=35173 SB PLAUSIBLE page=1 BSIC=7 a_sch=8000 01c6 0d1c 0055  hacks=RHEA_DMA
  [a_sch] fn=35174 page=0 : 8100 0016 f85d 01fb -> 0100 0000 0000 0000  (d_dsp_page=0003) TOA=0 PM=0 SNR=0 crc_ko
  [sbwin] SB #3263 fn=34507 p51=31 tick=35183 : armee=0 one_shot=0 page_prog=191 rif_avant=0 nwin=0 marge=0 -> DMA NON ARMEE (le RIF jette) : SCH memorise pour la fenetre SB (dans une vraie fenetre SB : 17/3263)
  [sbwin] SB #3264 fn=34517 p51=41 tick=35193 : armee=0 one_shot=0 page_prog=191 rif_avant=0 nwin=0 marge=0 -> DMA NON ARMEE (le RIF jette) : SCH memorise pour la fenetre SB (dans une vraie fenetre SB : 17/3264)
  [sbwin] SB #3265 fn=34528 p51=1 tick=35204 : armee=0 one_shot=0 page_prog=191 rif_avant=0 nwin=0 marge=0 -> DMA NON ARMEE (le RIF jette) : SCH memorise pour la fenetre SB (dans une vraie fenetre SB : 17/3265)
  [a_sch] fn=35207 page=1 : 8000 01c6 0d1c 0055 -> 0100 0000 0000 0000  (d_dsp_page=0003) TOA=0 PM=0 SNR=0 crc_ko
  [montant] canal dedie (side-band seq=6) : libere TS0 SDCCH/4 SS=0
pont : canal dedie libere : TS0 SDCCH/8 SS=0
  [sbwin] SB #3266 fn=34538 p51=11 tick=35214 : armee=0 one_shot=0 page_prog=151 rif_avant=0 nwin=0 marge=0 -> DMA NON ARMEE (le RIF jette) : SCH memorise pour la fenetre SB (dans une vraie fenetre SB : 17/3266)
  [sbwin] SB #3270 fn=34579 p51=1 tick=35255 : armee=0 one_shot=0 page_prog=151 rif_avant=0 nwin=0 marge=0 -> DMA NON ARMEE (le RIF jette) : SCH memorise pour la fenetre SB (dans une vraie fenetre SB : 17/3270)
  [sbwin] SB #3280 fn=34681 p51=1 tick=35357 : armee=0 one_shot=0 page_prog=151 rif_avant=0 nwin=0 marge=0 -> DMA NON ARMEE (le RIF jette) : SCH memorise pour la fenetre SB (dans une vraie fenetre SB : 17/3280)
  [jalon] fn=35366 d_fb_det=1  hacks=RHEA_DMA
  [sbwin] SB #3281 fn=34691 p51=11 tick=35367 : armee=0 one_shot=0 page_prog=48 rif_avant=0 nwin=0 marge=0 -> DMA NON ARMEE (le RIF jette) : SCH memorise pour la fenetre SB (dans une vraie fenetre SB : 17/3281)
  profil PC (18044 tranches, high-water 0xde92) : 9a80:7% 8240:7% 8380:6% 77c0:6% 7800:3% 7840:3% 83c0:3% 8200:3% 8300:3% 78c0:3% 8540:3% a680:3%
  fn=35369   page=0 insn=35296   IDLE   d_fb_det=0     a_sch=0100 0000 0000 0000 sync=0000 0000 0000  | trames=35371 irq=0 iq=0
  [jalon] fn=35376 d_fb_det=1  hacks=RHEA_DMA
  [sbwin] SB #3282 fn=34701 p51=21 tick=35377 : armee=0 one_shot=0 page_prog=48 rif_avant=0 nwin=0 marge=0 -> DMA NON ARMEE (le RIF jette) : SCH memorise pour la fenetre SB (dans une vraie fenetre SB : 17/3282)
  [cmd] fn=35385 tache SB postee par l'ARM (W0 md=6 W1 md=0)
  [sb] fn=35385 p51=42 | FB a fn=35376 toa=8743 pm=5424 ang=-1 | TOA-ROM=8743 src=fine | a_sch=0100 crc_ko
  [a_sch] fn=35386 page=0 : 0100 0000 0000 0000 -> 8100 0016 f85d 01fb  (d_dsp_page=0003) TOA=0 PM=5521 SNR=12 crc_ko
  [sbwin] SB #3283 fn=34711 p51=31 tick=35387 : armee=1 one_shot=1 page_prog=191 rif_avant=0 nwin=191 marge=21 -> FENETRE SB (one-shot) (dans une vraie fenetre SB : 18/3283)
  [a_sch] fn=35387 page=1 : 0100 0000 0000 0000 -> 8100 0ebb 0d1e 0105  (d_dsp_page=0003) TOA=23 PM=5353 SNR=16384 crc_ko
  [a_sch] fn=35388 page=0 : 8100 0016 f85d 01fb -> 0100 0000 0000 0000  (d_dsp_page=0003) TOA=0 PM=0 SNR=0 crc_ko
  [a_sch] fn=35389 page=1 : 8100 0ebb 0d1e 0105 -> 0100 0000 0000 0000  (d_dsp_page=0003) TOA=0 PM=0 SNR=0 crc_ko
  [jalon] fn=35396 d_fb_det=1  hacks=RHEA_DMA
  [sbwin] SB #3284 fn=34721 p51=41 tick=35397 : armee=0 one_shot=0 page_prog=48 rif_avant=0 nwin=0 marge=0 -> DMA NON ARMEE (le RIF jette) : SCH memorise pour la fenetre SB (dans une vraie fenetre SB : 18/3284)
  [jalon] fn=35407 d_fb_det=1  hacks=RHEA_DMA
  [sbwin] SB #3285 fn=34732 p51=1 tick=35408 : armee=0 one_shot=0 page_prog=48 rif_avant=0 nwin=0 marge=0 -> DMA NON ARMEE (le RIF jette) : SCH memorise pour la fenetre SB (dans une vraie fenetre SB : 18/3285)
  [cmd] fn=35416 tache SB postee par l'ARM (W0 md=6 W1 md=0)
  [sb] fn=35416 p51=22 | FB a fn=35407 toa=9995 pm=5438 ang=-1 | TOA-ROM=9995 src=fine | a_sch=0100 crc_ko
  [a_sch] fn=35417 page=0 : 0100 0000 0000 0000 -> 8100 0016 f85d 01fb  (d_dsp_page=0003) TOA=0 PM=5521 SNR=12 crc_ko
  [sbwin] SB #3286 fn=34742 p51=11 tick=35418 : armee=1 one_shot=1 page_prog=191 rif_avant=0 nwin=191 marge=21 -> FENETRE SB (one-shot) (dans une vraie fenetre SB : 19/3286)
  [a_sch] fn=35418 page=1 : 0100 0000 0000 0000 -> 8100 8d3c 0d1e 0118  (d_dsp_page=0003) TOA=23 PM=5376 SNR=16384 crc_ko
  [a_sch] fn=35419 page=0 : 8100 0016 f85d 01fb -> 0100 0000 0000 0000  (d_dsp_page=0003) TOA=0 PM=0 SNR=0 crc_ko
  [a_sch] fn=35420 page=1 : 8100 8d3c 0d1e 0118 -> 0100 0000 0000 0000  (d_dsp_page=0003) TOA=0 PM=0 SNR=0 crc_ko
  [jalon] fn=35427 d_fb_det=1  hacks=RHEA_DMA
  [sbwin] SB #3287 fn=34752 p51=21 tick=35428 : armee=0 one_shot=0 page_prog=48 rif_avant=0 nwin=0 marge=0 -> DMA NON ARMEE (le RIF jette) : SCH memorise pour la fenetre SB (dans une vraie fenetre SB : 19/3287)
  [jalon] fn=35437 d_fb_det=1  hacks=RHEA_DMA
  [sbwin] SB #3288 fn=34762 p51=31 tick=35438 : armee=0 one_shot=0 page_prog=48 rif_avant=0 nwin=0 marge=0 -> DMA NON ARMEE (le RIF jette) : SCH memorise pour la fenetre SB (dans une vraie fenetre SB : 19/3288)
  [cmd] fn=35446 tache SB postee par l'ARM (W0 md=6 W1 md=0)
  [sb] fn=35446 p51=1 | FB a fn=35437 toa=8743 pm=5424 ang=-1 | TOA-ROM=8743 src=fine | a_sch=0100 crc_ko
  [a_sch] fn=35447 page=0 : 0100 0000 0000 0000 -> 8100 0016 f85d 01fb  (d_dsp_page=0003) TOA=0 PM=5521 SNR=12 crc_ko
  [sbwin] SB #3289 fn=34772 p51=41 tick=35448 : armee=1 one_shot=1 page_prog=191 rif_avant=0 nwin=191 marge=21 -> FENETRE SB (one-shot) (dans une vraie fenetre SB : 20/3289)
  [a_sch] fn=35448 page=1 : 0100 0000 0000 0000 -> 8100 89d4 0e43 002a  (d_dsp_page=0003) TOA=23 PM=5353 SNR=16384 crc_ko
  [a_sch] fn=35449 page=0 : 8100 0016 f85d 01fb -> 0100 0000 0000 0000  (d_dsp_page=0003) TOA=0 PM=0 SNR=0 crc_ko
  [a_sch] fn=35450 page=1 : 8100 89d4 0e43 002a -> 0100 0000 0000 0000  (d_dsp_page=0003) TOA=0 PM=0 SNR=0 crc_ko
  [jalon] fn=35458 d_fb_det=1  hacks=RHEA_DMA
  [sbwin] SB #3290 fn=34783 p51=1 tick=35459 : armee=0 one_shot=0 page_prog=48 rif_avant=0 nwin=0 marge=0 -> DMA NON ARMEE (le RIF jette) : SCH memorise pour la fenetre SB (dans une vraie fenetre SB : 20/3290)
  [jalon] fn=35468 d_fb_det=1  hacks=RHEA_DMA
  [sbwin] SB #3291 fn=34793 p51=11 tick=35469 : armee=0 one_shot=0 page_prog=48 rif_avant=0 nwin=0 marge=0 -> DMA NON ARMEE (le RIF jette) : SCH memorise pour la fenetre SB (dans une vraie fenetre SB : 20/3291)
  [cmd] fn=35477 tache SB postee par l'ARM (W0 md=6 W1 md=0)
  [sb] fn=35477 p51=32 | FB a fn=35468 toa=8743 pm=5431 ang=-1 | TOA-ROM=8743 src=fine | a_sch=0100 crc_ko
  [a_sch] fn=35478 page=0 : 0100 0000 0000 0000 -> 8100 0016 f85d 01fb  (d_dsp_page=0003) TOA=0 PM=5521 SNR=12 crc_ko
  [sbwin] SB #3292 fn=34803 p51=21 tick=35479 : armee=1 one_shot=1 page_prog=191 rif_avant=0 nwin=191 marge=21 -> FENETRE SB (one-shot) (dans une vraie fenetre SB : 21/3292)
  [a_sch] fn=35479 page=1 : 0100 0000 0000 0000 -> 8000 0512 0d1c 003d  (d_dsp_page=0003) TOA=23 PM=5349 SNR=16384 CRC_OK
  [jalon] fn=35479 SB PLAUSIBLE page=1 BSIC=7 a_sch=8000 0512 0d1c 003d  hacks=RHEA_DMA
  [a_sch] fn=35480 page=0 : 8100 0016 f85d 01fb -> 0100 0000 0000 0000  (d_dsp_page=0003) TOA=0 PM=0 SNR=0 crc_ko
  [sbwin] SB #3293 fn=34813 p51=31 tick=35489 : armee=0 one_shot=0 page_prog=191 rif_avant=0 nwin=0 marge=0 -> DMA NON ARMEE (le RIF jette) : SCH memorise pour la fenetre SB (dans une vraie fenetre SB : 21/3293)
  [sbwin] SB #3294 fn=34823 p51=41 tick=35499 : armee=0 one_shot=0 page_prog=191 rif_avant=0 nwin=0 marge=0 -> DMA NON ARMEE (le RIF jette) : SCH memorise pour la fenetre SB (dans une vraie fenetre SB : 21/3294)
  [sbwin] SB #3295 fn=34834 p51=1 tick=35510 : armee=0 one_shot=0 page_prog=191 rif_avant=0 nwin=0 marge=0 -> DMA NON ARMEE (le RIF jette) : SCH memorise pour la fenetre SB (dans une vraie fenetre SB : 21/3295)
  [a_sch] fn=35513 page=1 : 8000 0512 0d1c 003d -> 0100 0000 0000 0000  (d_dsp_page=0003) TOA=0 PM=0 SNR=0 crc_ko
  [sbwin] SB #3296 fn=34844 p51=11 tick=35520 : armee=0 one_shot=0 page_prog=151 rif_avant=0 nwin=0 marge=0 -> DMA NON ARMEE (le RIF jette) : SCH memorise pour la fenetre SB (dans une vraie fenetre SB : 21/3296)
  [sbwin] SB #3300 fn=34885 p51=1 tick=35561 : armee=0 one_shot=0 page_prog=151 rif_avant=0 nwin=0 marge=0 -> DMA NON ARMEE (le RIF jette) : SCH memorise pour la fenetre SB (dans une vraie fenetre SB : 21/3300)
  profil PC (24934 tranches, high-water 0xde92) : 77c0:18% 7800:10% 7840:9% 78c0:8% b2c0:4% 7a00:4% a680:3% 8480:3% 7880:3% 75c0:2% 79c0:2% 71c0:2%
  fn=35586   page=1 insn=121     IDLE   d_fb_det=0     a_sch=0100 0000 0000 0000 sync=0000 1537 ffff  | trames=35588 irq=0 iq=0
  [sbwin] SB #3310 fn=34987 p51=1 tick=35663 : armee=0 one_shot=0 page_prog=151 rif_avant=0 nwin=0 marge=0 -> DMA NON ARMEE (le RIF jette) : SCH memorise pour la fenetre SB (dans une vraie fenetre SB : 21/3310)
  [sbwin] SB #3320 fn=35089 p51=1 tick=35765 : armee=0 one_shot=0 page_prog=151 rif_avant=0 nwin=0 marge=0 -> DMA NON ARMEE (le RIF jette) : SCH memorise pour la fenetre SB (dans une vraie fenetre SB : 21/3320)
  [jalon] fn=35784 d_fb_det=1  hacks=RHEA_DMA
  [sbwin] SB #3322 fn=35109 p51=21 tick=35785 : armee=0 one_shot=0 page_prog=48 rif_avant=0 nwin=0 marge=0 -> DMA NON ARMEE (le RIF jette) : SCH memorise pour la fenetre SB (dans une vraie fenetre SB : 21/3322)
  [jalon] fn=35794 d_fb_det=1  hacks=RHEA_DMA
  [sbwin] SB #3323 fn=35119 p51=31 tick=35795 : armee=0 one_shot=0 page_prog=48 rif_avant=0 nwin=0 marge=0 -> DMA NON ARMEE (le RIF jette) : SCH memorise pour la fenetre SB (dans une vraie fenetre SB : 21/3323)
  [cmd] fn=35803 tache SB postee par l'ARM (W0 md=6 W1 md=0)
  [sb] fn=35803 p51=1 | FB a fn=35794 toa=8743 pm=5424 ang=-1 | TOA-ROM=8743 src=fine | a_sch=0100 crc_ko
  profil PC (19152 tranches, high-water 0xde92) : 77c0:10% 9a80:7% 8240:7% 8380:6% 7800:5% 7840:3% 83c0:3% a680:3% 8200:3% 8300:3% 8540:3% 78c0:2%
  fn=35803   page=0 insn=121     IDLE   d_fb_det=0     a_sch=0100 0000 0000 0000 sync=0000 1530 ffff  | trames=35805 irq=0 iq=0
  [a_sch] fn=35804 page=0 : 0100 0000 0000 0000 -> 8100 0016 f85d 01fb  (d_dsp_page=0003) TOA=0 PM=5521 SNR=12 crc_ko
  [sbwin] SB #3324 fn=35129 p51=41 tick=35805 : armee=1 one_shot=1 page_prog=191 rif_avant=0 nwin=191 marge=21 -> FENETRE SB (one-shot) (dans une vraie fenetre SB : 22/3324)
  [a_sch] fn=35805 page=1 : 0100 0000 0000 0000 -> 8100 0a4c 0f49 000e  (d_dsp_page=0003) TOA=23 PM=5376 SNR=9731 crc_ko
  [a_sch] fn=35806 page=0 : 8100 0016 f85d 01fb -> 0100 0000 0000 0000  (d_dsp_page=0003) TOA=0 PM=0 SNR=0 crc_ko
  [a_sch] fn=35807 page=1 : 8100 0a4c 0f49 000e -> 0100 0000 0000 0000  (d_dsp_page=0003) TOA=0 PM=0 SNR=0 crc_ko
  [jalon] fn=35815 d_fb_det=1  hacks=RHEA_DMA
  [sbwin] SB #3325 fn=35140 p51=1 tick=35816 : armee=0 one_shot=0 page_prog=48 rif_avant=0 nwin=0 marge=0 -> DMA NON ARMEE (le RIF jette) : SCH memorise pour la fenetre SB (dans une vraie fenetre SB : 22/3325)
  [jalon] fn=35825 d_fb_det=1  hacks=RHEA_DMA
  [sbwin] SB #3326 fn=35150 p51=11 tick=35826 : armee=0 one_shot=0 page_prog=48 rif_avant=0 nwin=0 marge=0 -> DMA NON ARMEE (le RIF jette) : SCH memorise pour la fenetre SB (dans une vraie fenetre SB : 22/3326)
  [cmd] fn=35834 tache SB postee par l'ARM (W0 md=6 W1 md=0)
  [sb] fn=35834 p51=32 | FB a fn=35825 toa=8743 pm=5431 ang=-1 | TOA-ROM=8743 src=fine | a_sch=0100 crc_ko
  [a_sch] fn=35835 page=0 : 0100 0000 0000 0000 -> 8100 0016 f85d 01fb  (d_dsp_page=0003) TOA=0 PM=5521 SNR=12 crc_ko
  [sbwin] SB #3327 fn=35160 p51=21 tick=35836 : armee=1 one_shot=1 page_prog=191 rif_avant=0 nwin=191 marge=21 -> FENETRE SB (one-shot) (dans une vraie fenetre SB : 23/3327)
  [a_sch] fn=35836 page=1 : 0100 0000 0000 0000 -> 8100 0da0 0d1e 0021  (d_dsp_page=0003) TOA=23 PM=5353 SNR=16384 crc_ko
  [a_sch] fn=35837 page=0 : 8100 0016 f85d 01fb -> 0100 0000 0000 0000  (d_dsp_page=0003) TOA=0 PM=0 SNR=0 crc_ko
  [a_sch] fn=35838 page=1 : 8100 0da0 0d1e 0021 -> 0100 0000 0000 0000  (d_dsp_page=0003) TOA=0 PM=0 SNR=0 crc_ko
  [jalon] fn=35845 d_fb_det=1  hacks=RHEA_DMA
  [sbwin] SB #3328 fn=35170 p51=31 tick=35846 : armee=0 one_shot=0 page_prog=48 rif_avant=0 nwin=0 marge=0 -> DMA NON ARMEE (le RIF jette) : SCH memorise pour la fenetre SB (dans une vraie fenetre SB : 23/3328)
  [jalon] fn=35855 d_fb_det=1  hacks=RHEA_DMA
  [sbwin] SB #3329 fn=35180 p51=41 tick=35856 : armee=0 one_shot=0 page_prog=48 rif_avant=0 nwin=0 marge=0 -> DMA NON ARMEE (le RIF jette) : SCH memorise pour la fenetre SB (dans une vraie fenetre SB : 23/3329)
  [cmd] fn=35864 tache SB postee par l'ARM (W0 md=6 W1 md=0)
  [sb] fn=35864 p51=11 | FB a fn=35855 toa=8743 pm=5424 ang=-1 | TOA-ROM=8743 src=fine | a_sch=0100 crc_ko
  [a_sch] fn=35865 page=0 : 0100 0000 0000 0000 -> 8100 0172 86be 0060  (d_dsp_page=0003) TOA=23 PM=5416 SNR=427 crc_ko
  [a_sch] fn=35866 page=1 : 0100 0000 0000 0000 -> 8100 0016 f85d 01fb  (d_dsp_page=0003) TOA=0 PM=5521 SNR=12 crc_ko
  [sbwin] SB #3330 fn=35191 p51=1 tick=35867 : armee=0 one_shot=0 page_prog=191 rif_avant=0 nwin=0 marge=0 -> DMA NON ARMEE (le RIF jette) : SCH memorise pour la fenetre SB (dans une vraie fenetre SB : 23/3330)
  [a_sch] fn=35867 page=0 : 8100 0172 86be 0060 -> 0100 0000 0000 0000  (d_dsp_page=0003) TOA=0 PM=0 SNR=0 crc_ko
  [a_sch] fn=35868 page=1 : 8100 0016 f85d 01fb -> 0100 0000 0000 0000  (d_dsp_page=0003) TOA=0 PM=0 SNR=0 crc_ko
  [jalon] fn=35876 d_fb_det=1  hacks=RHEA_DMA
  [sbwin] SB #3331 fn=35201 p51=11 tick=35877 : armee=0 one_shot=0 page_prog=48 rif_avant=0 nwin=0 marge=0 -> DMA NON ARMEE (le RIF jette) : SCH memorise pour la fenetre SB (dans une vraie fenetre SB : 23/3331)
  [jalon] fn=35886 d_fb_det=1  hacks=RHEA_DMA
  [sbwin] SB #3332 fn=35211 p51=21 tick=35887 : armee=0 one_shot=0 page_prog=48 rif_avant=0 nwin=0 marge=0 -> DMA NON ARMEE (le RIF jette) : SCH memorise pour la fenetre SB (dans une vraie fenetre SB : 23/3332)
  [cmd] fn=35895 tache SB postee par l'ARM (W0 md=6 W1 md=0)
  [sb] fn=35895 p51=42 | FB a fn=35886 toa=8743 pm=5424 ang=-1 | TOA-ROM=8743 src=fine | a_sch=0100 crc_ko
  [a_sch] fn=35896 page=0 : 0100 0000 0000 0000 -> 8100 0016 f85d 01fb  (d_dsp_page=0003) TOA=0 PM=5521 SNR=12 crc_ko
  [sbwin] SB #3333 fn=35221 p51=31 tick=35897 : armee=1 one_shot=1 page_prog=191 rif_avant=0 nwin=191 marge=21 -> FENETRE SB (one-shot) (dans une vraie fenetre SB : 24/3333)
  [a_sch] fn=35897 page=1 : 0100 0000 0000 0000 -> 8000 9179 0d1c 0145  (d_dsp_page=0003) TOA=23 PM=5358 SNR=16384 CRC_OK
  [jalon] fn=35897 SB PLAUSIBLE page=1 BSIC=7 a_sch=8000 9179 0d1c 0145  hacks=RHEA_DMA
  [a_sch] fn=35898 page=0 : 8100 0016 f85d 01fb -> 0100 0000 0000 0000  (d_dsp_page=0003) TOA=0 PM=0 SNR=0 crc_ko
  [sbwin] SB #3334 fn=35231 p51=41 tick=35907 : armee=0 one_shot=0 page_prog=191 rif_avant=0 nwin=0 marge=0 -> DMA NON ARMEE (le RIF jette) : SCH memorise pour la fenetre SB (dans une vraie fenetre SB : 24/3334)
  [sbwin] SB #3335 fn=35242 p51=1 tick=35918 : armee=0 one_shot=0 page_prog=191 rif_avant=0 nwin=0 marge=0 -> DMA NON ARMEE (le RIF jette) : SCH memorise pour la fenetre SB (dans une vraie fenetre SB : 24/3335)
  [a_sch] fn=35921 page=1 : 8000 9179 0d1c 0145 -> 0100 0000 0000 0000  (d_dsp_page=0003) TOA=0 PM=0 SNR=0 crc_ko
  [sbwin] SB #3336 fn=35252 p51=11 tick=35928 : armee=0 one_shot=0 page_prog=151 rif_avant=0 nwin=0 marge=0 -> DMA NON ARMEE (le RIF jette) : SCH memorise pour la fenetre SB (dans une vraie fenetre SB : 24/3336)
  [sbwin] SB #3337 fn=35262 p51=21 tick=35938 : armee=0 one_shot=0 page_prog=151 rif_avant=0 nwin=0 marge=0 -> DMA NON ARMEE (le RIF jette) : SCH memorise pour la fenetre SB (dans une vraie fenetre SB : 24/3337)
  [sbwin] SB #3340 fn=35293 p51=1 tick=35969 : armee=0 one_shot=0 page_prog=151 rif_avant=0 nwin=0 marge=0 -> DMA NON ARMEE (le RIF jette) : SCH memorise pour la fenetre SB (dans une vraie fenetre SB : 24/3340)
  [chrono] fn=35998 sur 1000 trames (ms) : qemu 3.66 | A 0.04 | go 0.23 | B 0.21 | apres DONE 0.48 | trame 4.61 (temps reel 4.62)
  profil PC (21170 tranches, high-water 0xde92) : 77c0:17% 7800:10% 7840:8% 78c0:7% a680:4% 8480:3% b2c0:3% 7a00:3% 7880:2% 75c0:2% 9a80:2% 71c0:2%
  fn=36020   page=1 insn=121     IDLE   d_fb_det=0     a_sch=0100 0000 0000 0000 sync=0000 1530 ffff  | trames=36022 irq=0 iq=0
  [sbwin] SB #3350 fn=35395 p51=1 tick=36071 : armee=0 one_shot=0 page_prog=151 rif_avant=0 nwin=0 marge=0 -> DMA NON ARMEE (le RIF jette) : SCH memorise pour la fenetre SB (dans une vraie fenetre SB : 24/3350)
  [sbwin] SB #3360 fn=35497 p51=1 tick=36173 : armee=0 one_shot=0 page_prog=151 rif_avant=0 nwin=0 marge=0 -> DMA NON ARMEE (le RIF jette) : SCH memorise pour la fenetre SB (dans une vraie fenetre SB : 24/3360)
  [jalon] fn=36192 d_fb_det=1  hacks=RHEA_DMA
  [sbwin] SB #3362 fn=35517 p51=21 tick=36193 : armee=0 one_shot=0 page_prog=48 rif_avant=0 nwin=0 marge=0 -> DMA NON ARMEE (le RIF jette) : SCH memorise pour la fenetre SB (dans une vraie fenetre SB : 24/3362)
  [jalon] fn=36202 d_fb_det=1  hacks=RHEA_DMA
  [sbwin] SB #3363 fn=35527 p51=31 tick=36203 : armee=0 one_shot=0 page_prog=48 rif_avant=0 nwin=0 marge=0 -> DMA NON ARMEE (le RIF jette) : SCH memorise pour la fenetre SB (dans une vraie fenetre SB : 24/3363)
  [cmd] fn=36211 tache SB postee par l'ARM (W0 md=6 W1 md=0)
  [sb] fn=36211 p51=1 | FB a fn=36202 toa=8743 pm=5424 ang=-1 | TOA-ROM=8743 src=fine | a_sch=0100 crc_ko
  [a_sch] fn=36212 page=0 : 0100 0000 0000 0000 -> 8100 0016 f85d 01fb  (d_dsp_page=0003) TOA=0 PM=5521 SNR=12 crc_ko
  [sbwin] SB #3364 fn=35537 p51=41 tick=36213 : armee=1 one_shot=1 page_prog=191 rif_avant=0 nwin=191 marge=21 -> FENETRE SB (one-shot) (dans une vraie fenetre SB : 25/3364)
  [a_sch] fn=36213 page=1 : 0100 0000 0000 0000 -> 8000 07a1 0d1c 0056  (d_dsp_page=0003) TOA=23 PM=5372 SNR=16384 CRC_OK
  [jalon] fn=36213 SB PLAUSIBLE page=1 BSIC=7 a_sch=8000 07a1 0d1c 0056  hacks=RHEA_DMA
  [a_sch] fn=36214 page=0 : 8100 0016 f85d 01fb -> 0100 0000 0000 0000  (d_dsp_page=0003) TOA=0 PM=0 SNR=0 crc_ko
  [afc] fn=36217 w_page=0 relaye=-694 | page0=-694 page1=-700
  [ts0] tick=36222 fn=35546 p51=50 NB fenetre=0 marge=0 rif_avant=0
  [sbwin] SB #3365 fn=35548 p51=1 tick=36224 : armee=0 one_shot=0 page_prog=191 rif_avant=0 nwin=0 marge=0 -> DMA NON ARMEE (le RIF jette) : SCH memorise pour la fenetre SB (dans une vraie fenetre SB : 25/3365)
  [afc] fn=36226 w_page=1 relaye=-694 | page0=-694 page1=-694
  [a_sch] fn=36227 page=1 : 8000 07a1 0d1c 0056 -> 0100 0000 0000 0000  (d_dsp_page=0003) TOA=0 PM=0 SNR=0 crc_ko
  [sbwin] SB #3366 fn=35558 p51=11 tick=36234 : armee=0 one_shot=0 page_prog=151 rif_avant=0 nwin=0 marge=0 -> DMA NON ARMEE (le RIF jette) : SCH memorise pour la fenetre SB (dans une vraie fenetre SB : 25/3366)
  profil PC (21080 tranches, high-water 0xde92) : 77c0:9% 9a80:7% 8240:7% 8380:6% 7800:5% 83c0:3% 8200:3% 8300:3% 7840:3% 8540:3% a680:3% 9a40:2%
  fn=36237   page=1 insn=121     IDLE   d_fb_det=0     a_sch=0100 0000 0000 0000 sync=0000 1530 ffff  | trames=36239 irq=0 iq=0
  [sbwin] SB #3367 fn=35568 p51=21 tick=36244 : armee=0 one_shot=0 page_prog=151 rif_avant=0 nwin=0 marge=0 -> DMA NON ARMEE (le RIF jette) : SCH memorise pour la fenetre SB (dans une vraie fenetre SB : 25/3367)
  [sbwin] SB #3368 fn=35578 p51=31 tick=36254 : armee=0 one_shot=0 page_prog=151 rif_avant=0 nwin=0 marge=0 -> DMA NON ARMEE (le RIF jette) : SCH memorise pour la fenetre SB (dans une vraie fenetre SB : 25/3368)
  [sbwin] SB #3370 fn=35599 p51=1 tick=36275 : armee=0 one_shot=0 page_prog=151 rif_avant=0 nwin=0 marge=0 -> DMA NON ARMEE (le RIF jette) : SCH memorise pour la fenetre SB (dans une vraie fenetre SB : 25/3370)
  [sbwin] SB #3380 fn=35701 p51=1 tick=36377 : armee=0 one_shot=0 page_prog=151 rif_avant=0 nwin=0 marge=0 -> DMA NON ARMEE (le RIF jette) : SCH memorise pour la fenetre SB (dans une vraie fenetre SB : 25/3380)
  profil PC (19369 tranches, high-water 0xde92) : 9a80:11% 8240:11% 8380:10% 83c0:5% 8200:5% 8300:4% 8540:4% 9a40:4% a0c0:3% 81c0:3% 82c0:3% 9a00:2%
  fn=36454   page=1 insn=121     IDLE   d_fb_det=0     a_sch=0100 0000 0000 0000 sync=0000 1530 ffff  | trames=36456 irq=0 iq=0
  hacks actifs : RHEA_DMA ; cadencement : STREAM LOCKSTEP  ; stimulus : none
  [sbwin] SB #3390 fn=35803 p51=1 tick=36479 : armee=0 one_shot=0 page_prog=151 rif_avant=0 nwin=0 marge=0 -> DMA NON ARMEE (le RIF jette) : SCH memorise pour la fenetre SB (dans une vraie fenetre SB : 25/3390)
  [sbwin] SB #3400 fn=35905 p51=1 tick=36581 : armee=0 one_shot=0 page_prog=151 rif_avant=0 nwin=0 marge=0 -> DMA NON ARMEE (le RIF jette) : SCH memorise pour la fenetre SB (dans une vraie fenetre SB : 25/3400)
  [afc] fn=36588 w_page=0 relaye=-700 | page0=-700 page1=-694
  [afc] fn=36589 w_page=1 relaye=-700 | page0=-700 page1=-700
  [jalon] fn=36590 d_fb_det=1  hacks=RHEA_DMA
  [sbwin] SB #3401 fn=35915 p51=11 tick=36591 : armee=0 one_shot=0 page_prog=48 rif_avant=0 nwin=0 marge=0 -> DMA NON ARMEE (le RIF jette) : SCH memorise pour la fenetre SB (dans une vraie fenetre SB : 25/3401)
  [jalon] fn=36600 d_fb_det=1  hacks=RHEA_DMA
  [sbwin] SB #3402 fn=35925 p51=21 tick=36601 : armee=0 one_shot=0 page_prog=48 rif_avant=0 nwin=0 marge=0 -> DMA NON ARMEE (le RIF jette) : SCH memorise pour la fenetre SB (dans une vraie fenetre SB : 25/3402)
  [cmd] fn=36609 tache SB postee par l'ARM (W0 md=6 W1 md=0)
  [sb] fn=36609 p51=42 | FB a fn=36600 toa=8743 pm=5424 ang=-1 | TOA-ROM=8743 src=fine | a_sch=0100 crc_ko
  [a_sch] fn=36610 page=0 : 0100 0000 0000 0000 -> 8100 0016 f85d 01fb  (d_dsp_page=0003) TOA=0 PM=5521 SNR=12 crc_ko
  [sbwin] SB #3403 fn=35935 p51=31 tick=36611 : armee=1 one_shot=1 page_prog=191 rif_avant=0 nwin=191 marge=21 -> FENETRE SB (one-shot) (dans une vraie fenetre SB : 26/3403)
  [a_sch] fn=36611 page=1 : 0100 0000 0000 0000 -> 8000 0370 0d1c 018d  (d_dsp_page=0003) TOA=23 PM=5367 SNR=16384 CRC_OK
  [jalon] fn=36611 SB PLAUSIBLE page=1 BSIC=7 a_sch=8000 0370 0d1c 018d  hacks=RHEA_DMA
  [a_sch] fn=36612 page=0 : 8100 0016 f85d 01fb -> 0100 0000 0000 0000  (d_dsp_page=0003) TOA=0 PM=0 SNR=0 crc_ko
  [sbwin] SB #3404 fn=35945 p51=41 tick=36621 : armee=0 one_shot=0 page_prog=64 rif_avant=0 nwin=0 marge=0 -> DMA NON ARMEE (le RIF jette) : SCH memorise pour la fenetre SB (dans une vraie fenetre SB : 26/3404)
  [sbwin] SB #3405 fn=35956 p51=1 tick=36632 : armee=0 one_shot=0 page_prog=64 rif_avant=0 nwin=0 marge=0 -> DMA NON ARMEE (le RIF jette) : SCH memorise pour la fenetre SB (dans une vraie fenetre SB : 26/3405)
  [a_sch] fn=36632 page=1 : 8000 0370 0d1c 018d -> 0100 0000 0000 0000  (d_dsp_page=0002) TOA=0 PM=0 SNR=0 crc_ko
  [sbwin] SB #3406 fn=35966 p51=11 tick=36642 : armee=0 one_shot=0 page_prog=64 rif_avant=0 nwin=0 marge=0 -> DMA NON ARMEE (le RIF jette) : SCH memorise pour la fenetre SB (dans une vraie fenetre SB : 26/3406)
  [sbwin] SB #3407 fn=35976 p51=21 tick=36652 : armee=0 one_shot=0 page_prog=64 rif_avant=0 nwin=0 marge=0 -> DMA NON ARMEE (le RIF jette) : SCH memorise pour la fenetre SB (dans une vraie fenetre SB : 26/3407)
  profil PC (22592 tranches, high-water 0xde92) : 9a80:9% 8240:8% 8380:7% 77c0:4% 83c0:4% 8200:4% 8300:3% 8540:3% 9a40:3% a0c0:2% 7800:2% 81c0:2%
  fn=36671   page=1 insn=1357    IDLE   d_fb_det=0     a_sch=0100 0000 0000 0000 sync=0000 1530 ffff  | trames=36673 irq=0 iq=0
  [sbwin] SB #3410 fn=36007 p51=1 tick=36683 : armee=0 one_shot=0 page_prog=64 rif_avant=0 nwin=0 marge=0 -> DMA NON ARMEE (le RIF jette) : SCH memorise pour la fenetre SB (dans une vraie fenetre SB : 26/3410)
  [sbwin] SB #3420 fn=36109 p51=1 tick=36785 : armee=0 one_shot=0 page_prog=64 rif_avant=0 nwin=0 marge=0 -> DMA NON ARMEE (le RIF jette) : SCH memorise pour la fenetre SB (dans une vraie fenetre SB : 26/3420)
  [jalon] fn=36855 d_fb_det=1  hacks=RHEA_DMA
  [sbwin] SB #3427 fn=36180 p51=21 tick=36856 : armee=0 one_shot=0 page_prog=48 rif_avant=0 nwin=0 marge=0 -> DMA NON ARMEE (le RIF jette) : SCH memorise pour la fenetre SB (dans une vraie fenetre SB : 26/3427)
  [jalon] fn=36865 d_fb_det=1  hacks=RHEA_DMA
  [sbwin] SB #3428 fn=36190 p51=31 tick=36866 : armee=0 one_shot=0 page_prog=48 rif_avant=0 nwin=0 marge=0 -> DMA NON ARMEE (le RIF jette) : SCH memorise pour la fenetre SB (dans une vraie fenetre SB : 26/3428)
  [cmd] fn=36874 tache SB postee par l'ARM (W0 md=6 W1 md=0)
  [sb] fn=36874 p51=1 | FB a fn=36865 toa=8743 pm=5424 ang=-1 | TOA-ROM=8743 src=fine | a_sch=0100 crc_ko
  [a_sch] fn=36875 page=0 : 0100 0000 0000 0000 -> 8100 0016 f85d 01fb  (d_dsp_page=0003) TOA=0 PM=5521 SNR=12 crc_ko
  [sbwin] SB #3429 fn=36200 p51=41 tick=36876 : armee=1 one_shot=1 page_prog=191 rif_avant=0 nwin=191 marge=21 -> FENETRE SB (one-shot) (dans une vraie fenetre SB : 27/3429)
  [a_sch] fn=36876 page=1 : 0100 0000 0000 0000 -> 8100 8e25 0d13 00a2  (d_dsp_page=0003) TOA=23 PM=5367 SNR=16384 crc_ko
  [a_sch] fn=36877 page=0 : 8100 0016 f85d 01fb -> 0100 0000 0000 0000  (d_dsp_page=0003) TOA=0 PM=0 SNR=0 crc_ko
  [a_sch] fn=36878 page=1 : 8100 8e25 0d13 00a2 -> 0100 0000 0000 0000  (d_dsp_page=0003) TOA=0 PM=0 SNR=0 crc_ko
  [jalon] fn=36886 d_fb_det=1  hacks=RHEA_DMA
  [sbwin] SB #3430 fn=36211 p51=1 tick=36887 : armee=0 one_shot=0 page_prog=48 rif_avant=0 nwin=0 marge=0 -> DMA NON ARMEE (le RIF jette) : SCH memorise pour la fenetre SB (dans une vraie fenetre SB : 27/3430)
  profil PC (27182 tranches, high-water 0xde92) : 9a80:8% 8240:8% 8380:7% 77c0:6% 83c0:4% 8200:3% 8300:3% 8540:3% 7800:3% 9a40:3% a0c0:2% 81c0:2%
  fn=36888   page=0 insn=121     IDLE   d_fb_det=0     a_sch=0100 0000 0000 0000 sync=0000 14ee 0006  | trames=36890 irq=0 iq=0
  [jalon] fn=36896 d_fb_det=1  hacks=RHEA_DMA
  [sbwin] SB #3431 fn=36221 p51=11 tick=36897 : armee=0 one_shot=0 page_prog=48 rif_avant=0 nwin=0 marge=0 -> DMA NON ARMEE (le RIF jette) : SCH memorise pour la fenetre SB (dans une vraie fenetre SB : 27/3431)
  [cmd] fn=36905 tache SB postee par l'ARM (W0 md=6 W1 md=0)
  [sb] fn=36905 p51=32 | FB a fn=36896 toa=8743 pm=5431 ang=-1 | TOA-ROM=8743 src=fine | a_sch=0100 crc_ko
  [a_sch] fn=36906 page=0 : 0100 0000 0000 0000 -> 8100 0016 f85d 01fb  (d_dsp_page=0003) TOA=0 PM=5521 SNR=12 crc_ko
  [sbwin] SB #3432 fn=36231 p51=21 tick=36907 : armee=1 one_shot=1 page_prog=191 rif_avant=0 nwin=191 marge=21 -> FENETRE SB (one-shot) (dans une vraie fenetre SB : 28/3432)
  [a_sch] fn=36907 page=1 : 0100 0000 0000 0000 -> 8000 06c9 0d1c 00b5  (d_dsp_page=0003) TOA=23 PM=5376 SNR=16384 CRC_OK
  [jalon] fn=36907 SB PLAUSIBLE page=1 BSIC=7 a_sch=8000 06c9 0d1c 00b5  hacks=RHEA_DMA
  [a_sch] fn=36908 page=0 : 8100 0016 f85d 01fb -> 0100 0000 0000 0000  (d_dsp_page=0003) TOA=0 PM=0 SNR=0 crc_ko
  [sbwin] SB #3433 fn=36241 p51=31 tick=36917 : armee=0 one_shot=0 page_prog=191 rif_avant=0 nwin=0 marge=0 -> DMA NON ARMEE (le RIF jette) : SCH memorise pour la fenetre SB (dans une vraie fenetre SB : 28/3433)
  [sbwin] SB #3434 fn=36251 p51=41 tick=36927 : armee=0 one_shot=0 page_prog=191 rif_avant=0 nwin=0 marge=0 -> DMA NON ARMEE (le RIF jette) : SCH memorise pour la fenetre SB (dans une vraie fenetre SB : 28/3434)
  [sbwin] SB #3435 fn=36262 p51=1 tick=36938 : armee=0 one_shot=0 page_prog=191 rif_avant=0 nwin=0 marge=0 -> DMA NON ARMEE (le RIF jette) : SCH memorise pour la fenetre SB (dans une vraie fenetre SB : 28/3435)
  [a_sch] fn=36941 page=1 : 8000 06c9 0d1c 00b5 -> 0100 0000 0000 0000  (d_dsp_page=0003) TOA=0 PM=0 SNR=0 crc_ko
  [sbwin] SB #3436 fn=36272 p51=11 tick=36948 : armee=0 one_shot=0 page_prog=151 rif_avant=0 nwin=0 marge=0 -> DMA NON ARMEE (le RIF jette) : SCH memorise pour la fenetre SB (dans une vraie fenetre SB : 28/3436)
  [montant] RACH ra=0x18 bsic=7 fn=36955 -> /dev/shm/calypso_rach
  [montant]   declencheur : d_task_ra=RACH_DSP_TASK (task_ra=0x000a d_rach=0x181c)
  [sbwin] SB #3440 fn=36313 p51=1 tick=36989 : armee=0 one_shot=0 page_prog=151 rif_avant=0 nwin=0 marge=0 -> DMA NON ARMEE (le RIF jette) : SCH memorise pour la fenetre SB (dans une vraie fenetre SB : 28/3440)
  [chrono] fn=36998 sur 1000 trames (ms) : qemu 3.66 | A 0.04 | go 0.25 | B 0.18 | apres DONE 0.48 | trame 4.62 (temps reel 4.62)
  [montant] canal dedie (side-band seq=7) : arme TS1 SDCCH/8 SS=0
  [a_cd] fn=37024 p51=49 p102=100 etat=8040 FIRE KO L2=a3 a7 eb 0b | ok=13 ko=14
pont : canal dedie arme : TS1 SDCCH/8 SS=0
  [a_cd] fn=37042 p51=16 p102=16 etat=8000 ok L2=03 03 01 2b | ok=14 ko=14
  profil PC (18673 tranches, high-water 0xde92) : 9a80:8% 8240:7% 8380:6% 77c0:5% 8200:3% 8300:3% 83c0:3% 8540:3% 7840:3% a680:3% 9a40:3% 78c0:2%
  fn=37105   page=1 insn=6700    IDLE   d_fb_det=0     a_sch=0100 0000 0000 0000 sync=0000 1537 ffff  | trames=37107 irq=0 iq=0
  [sbwin] SB #3450 fn=36435 p51=21 tick=37111 : armee=0 one_shot=0 page_prog=151 rif_avant=0 nwin=0 marge=0 -> DMA NON ARMEE (le RIF jette) : SCH memorise pour la fenetre SB (dans une vraie fenetre SB : 28/3450)
  [BSP] dedie : DESACCORD fn=36512 p51=47 p102=98 : table=0 tpu=1 (offset=2623 ref=1998, tn_fenetre=1) [1400 fois]
  [a5-arm] tick=37197 d_a5mode=1 a_kc=0400 8cb5 376a feb1
  [montant] chiffrement A5/1 : Kc publie vers /dev/shm/calypso_kc_l1 (seq=8)
  [a_cd] fn=37227 p51=48 p102=99 etat=8040 FIRE KO L2=b7 c0 6d 30 | ok=14 ko=15
  [sbwin] SB #3460 fn=36557 p51=41 tick=37233 : armee=0 one_shot=0 page_prog=151 rif_avant=0 nwin=0 marge=0 -> DMA NON ARMEE (le RIF jette) : SCH memorise pour la fenetre SB (dans une vraie fenetre SB : 28/3460)
  profil PC (9418 tranches, high-water 0xde92) : 9a80:9% 8240:9% 8380:8% a680:4% 83c0:4% 8200:4% 8300:4% 8540:4% 9a40:3% a0c0:3% 81c0:2% 82c0:2%
  fn=37322   page=0 insn=121     IDLE   d_fb_det=0     a_sch=0100 0000 0000 0000 sync=0000 1537 ffff  | trames=37324 irq=0 iq=0
  [a_cd] fn=37329 p51=48 p102=99 etat=8000 ok L2=07 00 03 03 | ok=15 ko=15
  [sbwin] SB #3470 fn=36690 p51=21 tick=37366 : armee=0 one_shot=0 page_prog=151 rif_avant=0 nwin=0 marge=0 -> DMA NON ARMEE (le RIF jette) : SCH memorise pour la fenetre SB (dans une vraie fenetre SB : 28/3470)
  [BSP] dedie : DESACCORD fn=36740 p51=20 p102=20 : table=0 tpu=1 (offset=2623 ref=1998, tn_fenetre=1) [1600 fois]
  [sbwin] SB #3480 fn=36812 p51=41 tick=37488 : armee=0 one_shot=0 page_prog=151 rif_avant=0 nwin=0 marge=0 -> DMA NON ARMEE (le RIF jette) : SCH memorise pour la fenetre SB (dans une vraie fenetre SB : 28/3480)
  [a_cd] fn=37533 p51=48 p102=99 etat=8040 FIRE KO L2=82 9e 54 2c | ok=15 ko=16
  profil PC (10937 tranches, high-water 0xde92) : 9a80:9% 8240:8% 8380:7% 8200:4% a680:4% 8300:4% 8540:4% 83c0:3% 9a40:3% a0c0:3% 81c0:2% 82c0:2%
  fn=37539   page=0 insn=121     IDLE   d_fb_det=0     a_sch=0100 0000 0000 0000 sync=0000 1537 ffff  | trames=37541 irq=0 iq=0
  [a5] #2000 A5/1 fn=36871 (T1=27 T2=3 T3=49) Kc=feb1376a8cb50400 | dernier depot BSP fn=36870 (ecart +1)
  [a5-hist] #2000 recales=0 ecart(-1/0/+1/+2/autre) par fn%26 : 0:0/0/63/0/0 1:0/0/75/0/0 2:0/0/75/0/0 3:0/0/84/0/0 4:0/0/81/0/0 5:0/0/81/0/0 6:0/0/81/0/0 7:0/0/87/0/0 8:0/0/96/0/0 9:0/0/96/0/0 10:0/0/96/0/0 11:0/0/90/0/0 12:0/0/84/0/0 13:0/0/78/0/0 14:0/0/78/0/0 15:0/0/69/0/0 16:0/0/69/0/0 17:0/0/69/0/0 18:0/0/78/0/0 19:0/0/75/0/0 20:0/0/75/0/0 21:0/0/69/0/0 22:0/0/60/0/0 23:0/0/63/0/0 24:0/0/63/0/0 25:0/0/66/0/0
  [a_cd] fn=37552 p51=16 p102=16 etat=8000 ok L2=01 61 01 2b | ok=16 ko=16
  [sbwin] SB #3490 fn=36945 p51=21 tick=37621 : armee=0 one_shot=0 page_prog=151 rif_avant=0 nwin=0 marge=0 -> DMA NON ARMEE (le RIF jette) : SCH memorise pour la fenetre SB (dans une vraie fenetre SB : 28/3490)
  [a_cd] fn=37635 p51=48 p102=99 etat=8040 FIRE KO L2=53 94 cf 13 | ok=16 ko=17
  [BSP] dedie : DESACCORD fn=36968 p51=44 p102=44 : table=0 tpu=1 (offset=2623 ref=1998, tn_fenetre=1) [1800 fois]
  [a_cd] fn=37654 p51=16 p102=16 etat=8000 ok L2=03 03 01 2b | ok=17 ko=17
  [a_cd] fn=37737 p51=48 p102=99 etat=8040 FIRE KO L2=dc 41 70 43 | ok=17 ko=18
  [sbwin] SB #3500 fn=37067 p51=41 tick=37743 : armee=0 one_shot=0 page_prog=151 rif_avant=0 nwin=0 marge=0 -> DMA NON ARMEE (le RIF jette) : SCH memorise pour la fenetre SB (dans une vraie fenetre SB : 28/3500)
  [a_cd] fn=37756 p51=16 p102=16 etat=8000 ok L2=03 03 01 2b | ok=18 ko=18
  profil PC (11371 tranches, high-water 0xde92) : 9a80:9% 8240:6% 8380:5% 8280:4% 8200:4% a680:4% 8300:3% 8540:3% 8480:3% 9a40:3% 83c0:3% a0c0:3%
  fn=37756   page=0 insn=36633   IDLE   d_fb_det=0     a_sch=0100 0000 0000 0000 sync=0000 1537 ffff  | trames=37758 irq=0 iq=0
  [a_cd] fn=37839 p51=48 p102=99 etat=8040 FIRE KO L2=34 db 7d 02 | ok=18 ko=19
  [a_cd] fn=37858 p51=16 p102=16 etat=8000 ok L2=03 03 01 2b | ok=19 ko=19
  [BSP] dedie : DESACCORD fn=37196 p51=17 p102=68 : table=0 tpu=1 (offset=2623 ref=1998, tn_fenetre=1) [2000 fois]
  [sbwin] SB #3510 fn=37200 p51=21 tick=37876 : armee=0 one_shot=0 page_prog=151 rif_avant=0 nwin=0 marge=0 -> DMA NON ARMEE (le RIF jette) : SCH memorise pour la fenetre SB (dans une vraie fenetre SB : 28/3510)
  [a_cd] fn=37941 p51=48 p102=99 etat=8040 FIRE KO L2=f6 f0 85 62 | ok=19 ko=20
  profil PC (10286 tranches, high-water 0xde92) : 9a80:8% 8280:7% 8480:5% a680:4% 8240:4% 8200:3% 8380:3% 8300:3% 8540:3% 8440:3% 9a40:3% a0c0:2%
  fn=37973   page=0 insn=1311    IDLE   d_fb_det=0     a_sch=0100 0000 0000 0000 sync=0000 1537 ffff  | trames=37975 irq=0 iq=0
  [sbwin] SB #3520 fn=37322 p51=41 tick=37998 : armee=0 one_shot=0 page_prog=151 rif_avant=0 nwin=0 marge=0 -> DMA NON ARMEE (le RIF jette) : SCH memorise pour la fenetre SB (dans une vraie fenetre SB : 28/3520)
  [chrono] fn=37998 sur 1000 trames (ms) : qemu 3.74 | A 0.10 | go 0.26 | B 0.28 | apres DONE 0.24 | trame 4.62 (temps reel 4.62)
  [BSP] dedie : DESACCORD fn=37420 p51=37 p102=88 : table=0 tpu=1 (offset=2623 ref=1998, tn_fenetre=1) [2200 fois]
  [sbwin] SB #3530 fn=37455 p51=21 tick=38131 : armee=0 one_shot=0 page_prog=151 rif_avant=0 nwin=0 marge=0 -> DMA NON ARMEE (le RIF jette) : SCH memorise pour la fenetre SB (dans une vraie fenetre SB : 28/3530)
  profil PC (10930 tranches, high-water 0xde91) : 8280:13% 8480:10% 9a80:8% 8440:6% a680:4% 8200:3% 8300:3% 8540:3% 9a40:3% a0c0:2% 81c0:2% 82c0:2%
  fn=38190   page=0 insn=121     IDLE   d_fb_det=0     a_sch=0100 0000 0000 0000 sync=0000 1537 ffff  | trames=38192 irq=0 iq=0
  hacks actifs : RHEA_DMA ; cadencement : STREAM LOCKSTEP  ; stimulus : none
  [a5-arm] tick=38236 d_a5mode=0 a_kc=0400 8cb5 376a feb1
  [montant] retour en clair (seq=9)
  [montant] tache FB postee : le mobile cherche la synchro, canal dedie libere (TS0 rendu au FCCH/SCH)
  [jalon] fn=38242 d_fb_det=1  hacks=RHEA_DMA
  [sbwin] SB #3539 fn=37567 p51=31 tick=38243 : armee=0 one_shot=0 page_prog=48 rif_avant=0 nwin=0 marge=0 -> DMA NON ARMEE (le RIF jette) : SCH memorise pour la fenetre SB (dans une vraie fenetre SB : 28/3539)
  [jalon] fn=38252 d_fb_det=1  hacks=RHEA_DMA
  [sbwin] SB #3540 fn=37577 p51=41 tick=38253 : armee=0 one_shot=0 page_prog=48 rif_avant=0 nwin=0 marge=0 -> DMA NON ARMEE (le RIF jette) : SCH memorise pour la fenetre SB (dans une vraie fenetre SB : 28/3540)
  [cmd] fn=38261 tache SB postee par l'ARM (W0 md=6 W1 md=0)
  [sb] fn=38261 p51=11 | FB a fn=38252 toa=8743 pm=5424 ang=-1 | TOA-ROM=8743 src=fine | a_sch=0100 crc_ko
  [a_sch] fn=38262 page=0 : 0100 0000 0000 0000 -> 8100 0172 86be 0060  (d_dsp_page=0003) TOA=23 PM=5416 SNR=427 crc_ko
  [a_sch] fn=38263 page=1 : 0100 0000 0000 0000 -> 8100 0016 f85d 01fb  (d_dsp_page=0003) TOA=0 PM=5521 SNR=12 crc_ko
  [sbwin] SB #3541 fn=37588 p51=1 tick=38264 : armee=0 one_shot=0 page_prog=191 rif_avant=0 nwin=0 marge=0 -> DMA NON ARMEE (le RIF jette) : SCH memorise pour la fenetre SB (dans une vraie fenetre SB : 28/3541)
  [a_sch] fn=38264 page=0 : 8100 0172 86be 0060 -> 0100 0000 0000 0000  (d_dsp_page=0003) TOA=0 PM=0 SNR=0 crc_ko
  [a_sch] fn=38265 page=1 : 8100 0016 f85d 01fb -> 0100 0000 0000 0000  (d_dsp_page=0003) TOA=0 PM=0 SNR=0 crc_ko
  [jalon] fn=38273 d_fb_det=1  hacks=RHEA_DMA
  [sbwin] SB #3542 fn=37598 p51=11 tick=38274 : armee=0 one_shot=0 page_prog=48 rif_avant=0 nwin=0 marge=0 -> DMA NON ARMEE (le RIF jette) : SCH memorise pour la fenetre SB (dans une vraie fenetre SB : 28/3542)
  [jalon] fn=38283 d_fb_det=1  hacks=RHEA_DMA
  [sbwin] SB #3543 fn=37608 p51=21 tick=38284 : armee=0 one_shot=0 page_prog=48 rif_avant=0 nwin=0 marge=0 -> DMA NON ARMEE (le RIF jette) : SCH memorise pour la fenetre SB (dans une vraie fenetre SB : 28/3543)
  [cmd] fn=38292 tache SB postee par l'ARM (W0 md=6 W1 md=0)
  [sb] fn=38292 p51=42 | FB a fn=38283 toa=8743 pm=5424 ang=-1 | TOA-ROM=8743 src=fine | a_sch=0100 crc_ko
  [a_sch] fn=38293 page=0 : 0100 0000 0000 0000 -> 8100 0016 f85d 01fb  (d_dsp_page=0003) TOA=0 PM=5521 SNR=12 crc_ko
  [sbwin] SB #3544 fn=37618 p51=31 tick=38294 : armee=1 one_shot=1 page_prog=191 rif_avant=0 nwin=191 marge=21 -> FENETRE SB (one-shot) (dans une vraie fenetre SB : 29/3544)
  [a_sch] fn=38294 page=1 : 0100 0000 0000 0000 -> 8100 0d06 0e1f 0159  (d_dsp_page=0003) TOA=23 PM=5339 SNR=16384 crc_ko
  [a_sch] fn=38295 page=0 : 8100 0016 f85d 01fb -> 0100 0000 0000 0000  (d_dsp_page=0003) TOA=0 PM=0 SNR=0 crc_ko
  [a_sch] fn=38296 page=1 : 8100 0d06 0e1f 0159 -> 0100 0000 0000 0000  (d_dsp_page=0003) TOA=0 PM=0 SNR=0 crc_ko
  [jalon] fn=38303 d_fb_det=1  hacks=RHEA_DMA
  [sbwin] SB #3545 fn=37628 p51=41 tick=38304 : armee=0 one_shot=0 page_prog=48 rif_avant=0 nwin=0 marge=0 -> DMA NON ARMEE (le RIF jette) : SCH memorise pour la fenetre SB (dans une vraie fenetre SB : 29/3545)
  [jalon] fn=38314 d_fb_det=1  hacks=RHEA_DMA
  [sbwin] SB #3546 fn=37639 p51=1 tick=38315 : armee=0 one_shot=0 page_prog=48 rif_avant=0 nwin=0 marge=0 -> DMA NON ARMEE (le RIF jette) : SCH memorise pour la fenetre SB (dans une vraie fenetre SB : 29/3546)
  [cmd] fn=38323 tache SB postee par l'ARM (W0 md=6 W1 md=0)
  [sb] fn=38323 p51=22 | FB a fn=38314 toa=9995 pm=5438 ang=-1 | TOA-ROM=9995 src=fine | a_sch=0100 crc_ko
  [a_sch] fn=38324 page=0 : 0100 0000 0000 0000 -> 8100 0016 f85d 01fb  (d_dsp_page=0003) TOA=0 PM=5521 SNR=12 crc_ko
  [sbwin] SB #3547 fn=37649 p51=11 tick=38325 : armee=1 one_shot=1 page_prog=191 rif_avant=0 nwin=191 marge=21 -> FENETRE SB (one-shot) (dans une vraie fenetre SB : 30/3547)
  [a_sch] fn=38325 page=1 : 0100 0000 0000 0000 -> 8000 0474 0e1c 0104  (d_dsp_page=0003) TOA=23 PM=5363 SNR=16384 CRC_OK
  [jalon] fn=38325 SB PLAUSIBLE page=1 BSIC=7 a_sch=8000 0474 0e1c 0104  hacks=RHEA_DMA
  [a_sch] fn=38326 page=0 : 8100 0016 f85d 01fb -> 0100 0000 0000 0000  (d_dsp_page=0003) TOA=0 PM=0 SNR=0 crc_ko
  [sbwin] SB #3548 fn=37659 p51=21 tick=38335 : armee=0 one_shot=0 page_prog=191 rif_avant=0 nwin=0 marge=0 -> DMA NON ARMEE (le RIF jette) : SCH memorise pour la fenetre SB (dans une vraie fenetre SB : 30/3548)
  [sbwin] SB #3549 fn=37669 p51=31 tick=38345 : armee=0 one_shot=0 page_prog=191 rif_avant=0 nwin=0 marge=0 -> DMA NON ARMEE (le RIF jette) : SCH memorise pour la fenetre SB (dans une vraie fenetre SB : 30/3549)
  [sbwin] SB #3550 fn=37679 p51=41 tick=38355 : armee=0 one_shot=0 page_prog=191 rif_avant=0 nwin=0 marge=0 -> DMA NON ARMEE (le RIF jette) : SCH memorise pour la fenetre SB (dans une vraie fenetre SB : 30/3550)
  [sbwin] SB #3551 fn=37690 p51=1 tick=38366 : armee=0 one_shot=0 page_prog=191 rif_avant=0 nwin=0 marge=0 -> DMA NON ARMEE (le RIF jette) : SCH memorise pour la fenetre SB (dans une vraie fenetre SB : 30/3551)
  [a_sch] fn=38369 page=1 : 8000 0474 0e1c 0104 -> 0100 0000 0000 0000  (d_dsp_page=0003) TOA=0 PM=0 SNR=0 crc_ko
  [montant] canal dedie (side-band seq=8) : libere TS0 SDCCH/4 SS=0
pont : canal dedie libere : TS0 SDCCH/8 SS=0
  profil PC (19624 tranches, high-water 0xde92) : 77c0:16% 7840:9% 7800:9% 78c0:8% a680:4% 8480:4% 7a00:4% b2c0:3% 7880:2% 75c0:2% 9a80:2% 79c0:2%
  fn=38407   page=1 insn=121     IDLE   d_fb_det=0     a_sch=0100 0000 0000 0000 sync=0000 153e ffff  | trames=38409 irq=0 iq=0
  [sbwin] SB #3560 fn=37781 p51=41 tick=38457 : armee=0 one_shot=0 page_prog=151 rif_avant=0 nwin=0 marge=0 -> DMA NON ARMEE (le RIF jette) : SCH memorise pour la fenetre SB (dans une vraie fenetre SB : 30/3560)
  [sbwin] SB #3570 fn=37883 p51=41 tick=38559 : armee=0 one_shot=0 page_prog=151 rif_avant=0 nwin=0 marge=0 -> DMA NON ARMEE (le RIF jette) : SCH memorise pour la fenetre SB (dans une vraie fenetre SB : 30/3570)
  profil PC (12549 tranches, high-water 0xde92) : 8240:11% 9a80:11% 8380:10% 83c0:5% 8200:5% 8300:4% 8540:4% 9a40:4% a0c0:3% a680:3% 81c0:3% 82c0:3%
  fn=38624   page=0 insn=13657   IDLE   d_fb_det=0     a_sch=0100 0000 0000 0000 sync=0000 153e ffff  | trames=38626 irq=0 iq=0
  [jalon] fn=38640 d_fb_det=1  hacks=RHEA_DMA
  [sbwin] SB #3578 fn=37965 p51=21 tick=38641 : armee=0 one_shot=0 page_prog=48 rif_avant=0 nwin=0 marge=0 -> DMA NON ARMEE (le RIF jette) : SCH memorise pour la fenetre SB (dans une vraie fenetre SB : 30/3578)
  [jalon] fn=38650 d_fb_det=1  hacks=RHEA_DMA
  [sbwin] SB #3579 fn=37975 p51=31 tick=38651 : armee=0 one_shot=0 page_prog=48 rif_avant=0 nwin=0 marge=0 -> DMA NON ARMEE (le RIF jette) : SCH memorise pour la fenetre SB (dans une vraie fenetre SB : 30/3579)
  [cmd] fn=38659 tache SB postee par l'ARM (W0 md=6 W1 md=0)
  [sb] fn=38659 p51=1 | FB a fn=38650 toa=8743 pm=5424 ang=-1 | TOA-ROM=8743 src=fine | a_sch=0100 crc_ko
  [a_sch] fn=38660 page=0 : 0100 0000 0000 0000 -> 8100 0016 f85d 01fb  (d_dsp_page=0003) TOA=0 PM=5521 SNR=12 crc_ko
  [sbwin] SB #3580 fn=37985 p51=41 tick=38661 : armee=1 one_shot=1 page_prog=191 rif_avant=0 nwin=191 marge=21 -> FENETRE SB (one-shot) (dans une vraie fenetre SB : 31/3580)
  [a_sch] fn=38661 page=1 : 0100 0000 0000 0000 -> 8000 03a5 0e1c 0066  (d_dsp_page=0003) TOA=23 PM=5349 SNR=16384 CRC_OK
  [jalon] fn=38661 SB PLAUSIBLE page=1 BSIC=7 a_sch=8000 03a5 0e1c 0066  hacks=RHEA_DMA
  [a_sch] fn=38662 page=0 : 8100 0016 f85d 01fb -> 0100 0000 0000 0000  (d_dsp_page=0003) TOA=0 PM=0 SNR=0 crc_ko
  [sbwin] SB #3581 fn=37996 p51=1 tick=38672 : armee=0 one_shot=0 page_prog=191 rif_avant=0 nwin=0 marge=0 -> DMA NON ARMEE (le RIF jette) : SCH memorise pour la fenetre SB (dans une vraie fenetre SB : 31/3581)
  [a_sch] fn=38675 page=1 : 8000 03a5 0e1c 0066 -> 0100 0000 0000 0000  (d_dsp_page=0003) TOA=0 PM=0 SNR=0 crc_ko
  [sbwin] SB #3582 fn=38006 p51=11 tick=38682 : armee=0 one_shot=0 page_prog=151 rif_avant=0 nwin=0 marge=0 -> DMA NON ARMEE (le RIF jette) : SCH memorise pour la fenetre SB (dans une vraie fenetre SB : 31/3582)
  [sbwin] SB #3583 fn=38016 p51=21 tick=38692 : armee=0 one_shot=0 page_prog=151 rif_avant=0 nwin=0 marge=0 -> DMA NON ARMEE (le RIF jette) : SCH memorise pour la fenetre SB (dans une vraie fenetre SB : 31/3583)
  [sbwin] SB #3584 fn=38026 p51=31 tick=38702 : armee=0 one_shot=0 page_prog=151 rif_avant=0 nwin=0 marge=0 -> DMA NON ARMEE (le RIF jette) : SCH memorise pour la fenetre SB (dans une vraie fenetre SB : 31/3584)
  [sbwin] SB #3590 fn=38087 p51=41 tick=38763 : armee=0 one_shot=0 page_prog=151 rif_avant=0 nwin=0 marge=0 -> DMA NON ARMEE (le RIF jette) : SCH memorise pour la fenetre SB (dans une vraie fenetre SB : 31/3590)
  profil PC (23359 tranches, high-water 0xde92) : 77c0:8% 9a80:8% 8240:7% 8380:6% 7800:4% 83c0:3% 8200:3% 8300:3% 8540:3% 7840:2% 9a40:2% a680:2%
  fn=38841   page=1 insn=13659   IDLE   d_fb_det=0     a_sch=0100 0000 0000 0000 sync=0000 1530 ffff  | trames=38843 irq=0 iq=0
  [sbwin] SB #3600 fn=38189 p51=41 tick=38865 : armee=0 one_shot=0 page_prog=151 rif_avant=0 nwin=0 marge=0 -> DMA NON ARMEE (le RIF jette) : SCH memorise pour la fenetre SB (dans une vraie fenetre SB : 31/3600)
  [sbwin] SB #3610 fn=38291 p51=41 tick=38967 : armee=0 one_shot=0 page_prog=151 rif_avant=0 nwin=0 marge=0 -> DMA NON ARMEE (le RIF jette) : SCH memorise pour la fenetre SB (dans une vraie fenetre SB : 31/3610)
  [chrono] fn=38998 sur 1000 trames (ms) : qemu 3.68 | A 0.05 | go 0.25 | B 0.21 | apres DONE 0.42 | trame 4.62 (temps reel 4.62)
  [jalon] fn=39038 d_fb_det=1  hacks=RHEA_DMA
  [sbwin] SB #3617 fn=38363 p51=11 tick=39039 : armee=0 one_shot=0 page_prog=48 rif_avant=0 nwin=0 marge=0 -> DMA NON ARMEE (le RIF jette) : SCH memorise pour la fenetre SB (dans une vraie fenetre SB : 31/3617)
  [jalon] fn=39048 d_fb_det=1  hacks=RHEA_DMA
  [sbwin] SB #3618 fn=38373 p51=21 tick=39049 : armee=0 one_shot=0 page_prog=48 rif_avant=0 nwin=0 marge=0 -> DMA NON ARMEE (le RIF jette) : SCH memorise pour la fenetre SB (dans une vraie fenetre SB : 31/3618)
  [cmd] fn=39057 tache SB postee par l'ARM (W0 md=6 W1 md=0)
  [sb] fn=39057 p51=42 | FB a fn=39048 toa=8743 pm=5424 ang=-1 | TOA-ROM=8743 src=fine | a_sch=0100 crc_ko
  [a_sch] fn=39058 page=0 : 0100 0000 0000 0000 -> 8100 0016 f85d 01fb  (d_dsp_page=0003) TOA=0 PM=5521 SNR=12 crc_ko
  profil PC (22945 tranches, high-water 0xde92) : 9a80:9% 8240:8% 8380:7% 77c0:4% 83c0:4% 8200:4% 8300:3% 8540:3% 9a40:3% a0c0:3% 7800:2% 81c0:2%
  fn=39058   page=0 insn=15120   IDLE   d_fb_det=0     a_sch=8100 0016 0000 f85d sync=0000 1530 ffff  | trames=39060 irq=0 iq=0
  [sbwin] SB #3619 fn=38383 p51=31 tick=39059 : armee=1 one_shot=1 page_prog=191 rif_avant=0 nwin=191 marge=21 -> FENETRE SB (one-shot) (dans une vraie fenetre SB : 32/3619)
  [a_sch] fn=39059 page=1 : 0100 0000 0000 0000 -> 8000 10ba 0e1c 011d  (d_dsp_page=0003) TOA=23 PM=5353 SNR=16384 CRC_OK
  [jalon] fn=39059 SB PLAUSIBLE page=1 BSIC=7 a_sch=8000 10ba 0e1c 011d  hacks=RHEA_DMA
  [a_sch] fn=39060 page=0 : 8100 0016 f85d 01fb -> 0100 0000 0000 0000  (d_dsp_page=0003) TOA=0 PM=0 SNR=0 crc_ko
  [sbwin] SB #3620 fn=38393 p51=41 tick=39069 : armee=0 one_shot=0 page_prog=64 rif_avant=0 nwin=0 marge=0 -> DMA NON ARMEE (le RIF jette) : SCH memorise pour la fenetre SB (dans une vraie fenetre SB : 32/3620)
  [sbwin] SB #3621 fn=38404 p51=1 tick=39080 : armee=0 one_shot=0 page_prog=64 rif_avant=0 nwin=0 marge=0 -> DMA NON ARMEE (le RIF jette) : SCH memorise pour la fenetre SB (dans une vraie fenetre SB : 32/3621)
  [a_sch] fn=39080 page=1 : 8000 10ba 0e1c 011d -> 0100 0000 0000 0000  (d_dsp_page=0002) TOA=0 PM=0 SNR=0 crc_ko
  [sbwin] SB #3622 fn=38414 p51=11 tick=39090 : armee=0 one_shot=0 page_prog=64 rif_avant=0 nwin=0 marge=0 -> DMA NON ARMEE (le RIF jette) : SCH memorise pour la fenetre SB (dans une vraie fenetre SB : 32/3622)
  [sbwin] SB #3623 fn=38424 p51=21 tick=39100 : armee=0 one_shot=0 page_prog=64 rif_avant=0 nwin=0 marge=0 -> DMA NON ARMEE (le RIF jette) : SCH memorise pour la fenetre SB (dans une vraie fenetre SB : 32/3623)
  [sbwin] SB #3630 fn=38495 p51=41 tick=39171 : armee=0 one_shot=0 page_prog=64 rif_avant=0 nwin=0 marge=0 -> DMA NON ARMEE (le RIF jette) : SCH memorise pour la fenetre SB (dans une vraie fenetre SB : 32/3630)
  [sbwin] SB #3640 fn=38597 p51=41 tick=39273 : armee=0 one_shot=0 page_prog=64 rif_avant=0 nwin=0 marge=0 -> DMA NON ARMEE (le RIF jette) : SCH memorise pour la fenetre SB (dans une vraie fenetre SB : 32/3640)
  profil PC (21374 tranches, high-water 0xde92) : 9a80:11% 8240:11% 8380:10% 83c0:5% 8200:5% 8300:4% 8540:4% 9a40:4% a0c0:3% 81c0:3% 82c0:3% 9a00:2%
  fn=39275   page=0 insn=121     IDLE   d_fb_det=0     a_sch=0100 0000 0000 0000 sync=0000 1530 ffff  | trames=39277 irq=0 iq=0
  [sbwin] SB #3650 fn=38699 p51=41 tick=39375 : armee=0 one_shot=0 page_prog=64 rif_avant=0 nwin=0 marge=0 -> DMA NON ARMEE (le RIF jette) : SCH memorise pour la fenetre SB (dans une vraie fenetre SB : 32/3650)
  [sbwin] SB #3660 fn=38801 p51=41 tick=39477 : armee=0 one_shot=0 page_prog=64 rif_avant=0 nwin=0 marge=0 -> DMA NON ARMEE (le RIF jette) : SCH memorise pour la fenetre SB (dans une vraie fenetre SB : 32/3660)
  profil PC (22297 tranches, high-water 0xde92) : 9a80:11% 8240:11% 8380:10% 83c0:5% 8200:5% 8300:4% 8540:4% 9a40:4% a0c0:3% 81c0:3% 82c0:3% 9a00:2%
  fn=39492   page=1 insn=36032   IDLE   d_fb_det=0     a_sch=0100 0000 0000 0000 sync=0000 1530 ffff  | trames=39494 irq=0 iq=0
  [sbwin] SB #3670 fn=38903 p51=41 tick=39579 : armee=0 one_shot=0 page_prog=64 rif_avant=0 nwin=0 marge=0 -> DMA NON ARMEE (le RIF jette) : SCH memorise pour la fenetre SB (dans une vraie fenetre SB : 32/3670)
  [sbwin] SB #3680 fn=39005 p51=41 tick=39681 : armee=0 one_shot=0 page_prog=64 rif_avant=0 nwin=0 marge=0 -> DMA NON ARMEE (le RIF jette) : SCH memorise pour la fenetre SB (dans une vraie fenetre SB : 32/3680)
  profil PC (24222 tranches, high-water 0xde92) : 8240:11% 9a80:11% 8380:10% 83c0:5% 8200:5% 8300:4% 8540:4% 9a40:4% a0c0:3% 81c0:3% 82c0:3% 9a00:2%
  fn=39709   page=1 insn=13661   IDLE   d_fb_det=0     a_sch=0100 0000 0000 0000 sync=0000 1530 ffff  | trames=39711 irq=0 iq=0
  [sbwin] SB #3690 fn=39107 p51=41 tick=39783 : armee=0 one_shot=0 page_prog=64 rif_avant=0 nwin=0 marge=0 -> DMA NON ARMEE (le RIF jette) : SCH memorise pour la fenetre SB (dans une vraie fenetre SB : 32/3690)
  [sbwin] SB #3700 fn=39209 p51=41 tick=39885 : armee=0 one_shot=0 page_prog=64 rif_avant=0 nwin=0 marge=0 -> DMA NON ARMEE (le RIF jette) : SCH memorise pour la fenetre SB (dans une vraie fenetre SB : 32/3700)
  profil PC (21650 tranches, high-water 0xde92) : 9a80:12% 8240:11% 8380:9% 83c0:5% 8200:5% 8300:4% 8540:4% 9a40:4% a0c0:3% 81c0:3% 82c0:3% 9a00:2%
  fn=39926   page=0 insn=121     IDLE   d_fb_det=0     a_sch=0100 0000 0000 0000 sync=0000 1530 ffff  | trames=39928 irq=0 iq=0
  hacks actifs : RHEA_DMA ; cadencement : STREAM LOCKSTEP  ; stimulus : none
  [sbwin] SB #3710 fn=39311 p51=41 tick=39987 : armee=0 one_shot=0 page_prog=64 rif_avant=0 nwin=0 marge=0 -> DMA NON ARMEE (le RIF jette) : SCH memorise pour la fenetre SB (dans une vraie fenetre SB : 32/3710)
  [chrono] fn=39998 sur 1000 trames (ms) : qemu 3.71 | A 0.05 | go 0.24 | B 0.16 | apres DONE 0.46 | trame 4.62 (temps reel 4.62)
  [sbwin] SB #3720 fn=39413 p51=41 tick=40089 : armee=0 one_shot=0 page_prog=64 rif_avant=0 nwin=0 marge=0 -> DMA NON ARMEE (le RIF jette) : SCH memorise pour la fenetre SB (dans une vraie fenetre SB : 32/3720)
  [jalon] fn=40109 d_fb_det=1  hacks=RHEA_DMA
  [sbwin] SB #3722 fn=39434 p51=11 tick=40110 : armee=0 one_shot=0 page_prog=48 rif_avant=0 nwin=0 marge=0 -> DMA NON ARMEE (le RIF jette) : SCH memorise pour la fenetre SB (dans une vraie fenetre SB : 32/3722)
  [jalon] fn=40119 d_fb_det=1  hacks=RHEA_DMA
  [sbwin] SB #3723 fn=39444 p51=21 tick=40120 : armee=0 one_shot=0 page_prog=48 rif_avant=0 nwin=0 marge=0 -> DMA NON ARMEE (le RIF jette) : SCH memorise pour la fenetre SB (dans une vraie fenetre SB : 32/3723)
  [cmd] fn=40128 tache SB postee par l'ARM (W0 md=6 W1 md=0)
  [sb] fn=40128 p51=42 | FB a fn=40119 toa=8743 pm=5424 ang=-1 | TOA-ROM=8743 src=fine | a_sch=0100 crc_ko
  [a_sch] fn=40129 page=0 : 0100 0000 0000 0000 -> 8100 0016 f85d 01fb  (d_dsp_page=0003) TOA=0 PM=5521 SNR=12 crc_ko
  [sbwin] SB #3724 fn=39454 p51=31 tick=40130 : armee=1 one_shot=1 page_prog=191 rif_avant=0 nwin=191 marge=21 -> FENETRE SB (one-shot) (dans une vraie fenetre SB : 33/3724)
  [a_sch] fn=40130 page=1 : 0100 0000 0000 0000 -> 8000 041e 0e1c 01b1  (d_dsp_page=0003) TOA=23 PM=5353 SNR=16384 CRC_OK
  [jalon] fn=40130 SB PLAUSIBLE page=1 BSIC=7 a_sch=8000 041e 0e1c 01b1  hacks=RHEA_DMA
  [a_sch] fn=40131 page=0 : 8100 0016 f85d 01fb -> 0100 0000 0000 0000  (d_dsp_page=0003) TOA=0 PM=0 SNR=0 crc_ko
  [sbwin] SB #3725 fn=39464 p51=41 tick=40140 : armee=0 one_shot=0 page_prog=191 rif_avant=0 nwin=0 marge=0 -> DMA NON ARMEE (le RIF jette) : SCH memorise pour la fenetre SB (dans une vraie fenetre SB : 33/3725)
  profil PC (22656 tranches, high-water 0xde92) : 9a80:9% 8240:8% 8380:8% 83c0:4% 77c0:4% 8200:4% 8300:3% 8540:3% 9a40:3% a0c0:2% 81c0:2% 7840:2%
  fn=40143   page=0 insn=121     IDLE   d_fb_det=0     a_sch=0100 0000 0000 0000 sync=0000 1530 ffff  | trames=40145 irq=0 iq=0
  [sbwin] SB #3726 fn=39475 p51=1 tick=40151 : armee=0 one_shot=0 page_prog=191 rif_avant=0 nwin=0 marge=0 -> DMA NON ARMEE (le RIF jette) : SCH memorise pour la fenetre SB (dans une vraie fenetre SB : 33/3726)
  [a_sch] fn=40154 page=1 : 8000 041e 0e1c 01b1 -> 0100 0000 0000 0000  (d_dsp_page=0003) TOA=0 PM=0 SNR=0 crc_ko
  [sbwin] SB #3727 fn=39485 p51=11 tick=40161 : armee=0 one_shot=0 page_prog=151 rif_avant=0 nwin=0 marge=0 -> DMA NON ARMEE (le RIF jette) : SCH memorise pour la fenetre SB (dans une vraie fenetre SB : 33/3727)
  [sbwin] SB #3728 fn=39495 p51=21 tick=40171 : armee=0 one_shot=0 page_prog=151 rif_avant=0 nwin=0 marge=0 -> DMA NON ARMEE (le RIF jette) : SCH memorise pour la fenetre SB (dans une vraie fenetre SB : 33/3728)
  [montant] RACH ra=0x14 bsic=7 fn=40175 -> /dev/shm/calypso_rach
  [montant]   declencheur : d_task_ra=RACH_DSP_TASK (task_ra=0x000a d_rach=0x141c)
  [sbwin] SB #3730 fn=39515 p51=41 tick=40191 : armee=0 one_shot=0 page_prog=151 rif_avant=0 nwin=0 marge=0 -> DMA NON ARMEE (le RIF jette) : SCH memorise pour la fenetre SB (dans une vraie fenetre SB : 33/3730)
pont : canal dedie arme : TS1 SDCCH/8 SS=0
  [montant] canal dedie (side-band seq=9) : arme TS1 SDCCH/8 SS=0
  [a_cd] fn=40287 p51=48 p102=99 etat=8000 ok L2=07 00 03 03 | ok=20 ko=20
  [sbwin] SB #3740 fn=39617 p51=41 tick=40293 : armee=0 one_shot=0 page_prog=151 rif_avant=0 nwin=0 marge=0 -> DMA NON ARMEE (le RIF jette) : SCH memorise pour la fenetre SB (dans une vraie fenetre SB : 33/3740)
  profil PC (14946 tranches, high-water 0xde92) : 9a80:11% 8240:10% 8380:9% 83c0:5% 8200:4% 8300:4% 8540:4% 9a40:4% a0c0:3% 81c0:3% 82c0:3% a680:3%
  fn=40360   page=0 insn=121     IDLE   d_fb_det=0     a_sch=0100 0000 0000 0000 sync=0000 1530 ffff  | trames=40362 irq=0 iq=0
  [sbwin] SB #3750 fn=39750 p51=21 tick=40426 : armee=0 one_shot=0 page_prog=151 rif_avant=0 nwin=0 marge=0 -> DMA NON ARMEE (le RIF jette) : SCH memorise pour la fenetre SB (dans une vraie fenetre SB : 33/3750)
  [sbwin] SB #3760 fn=39872 p51=41 tick=40548 : armee=0 one_shot=0 page_prog=151 rif_avant=0 nwin=0 marge=0 -> DMA NON ARMEE (le RIF jette) : SCH memorise pour la fenetre SB (dans une vraie fenetre SB : 33/3760)
  profil PC (9227 tranches, high-water 0xde92) : 9a80:9% 8240:9% 8380:8% a680:5% 83c0:4% 8200:4% 8300:4% 8540:4% 9a40:3% a0c0:3% 81c0:2% 82c0:2%
  fn=40577   page=0 insn=121     IDLE   d_fb_det=0     a_sch=0100 0000 0000 0000 sync=0000 1530 ffff  | trames=40579 irq=0 iq=0
  [a5-arm] tick=40614 d_a5mode=1 a_kc=7800 6f27 f4aa 9c35
  [montant] chiffrement A5/1 : Kc publie vers /dev/shm/calypso_kc_l1 (seq=10)
  [a5] #2484 A5/1 fn=39948 (T1=30 T2=12 T3=15) Kc=9c35f4aa6f277800 (NOUVEAU Kc) | dernier depot BSP fn=39947 (ecart +1)
  [a5] #2500 A5/1 fn=39985 (T1=30 T2=23 T3=1) Kc=9c35f4aa6f277800 | dernier depot BSP fn=39984 (ecart +1)
  [a_cd] fn=40663 p51=16 p102=67 etat=8040 FIRE KO L2=ac e3 ec c4 | ok=20 ko=21
  [sbwin] SB #3770 fn=40005 p51=21 tick=40681 : armee=0 one_shot=0 page_prog=151 rif_avant=0 nwin=0 marge=0 -> DMA NON ARMEE (le RIF jette) : SCH memorise pour la fenetre SB (dans une vraie fenetre SB : 33/3770)
  [a_cd] fn=40765 p51=16 p102=67 etat=8000 ok L2=01 41 01 2b | ok=21 ko=21
  profil PC (9659 tranches, high-water 0xde92) : 8240:9% 9a80:9% 8380:8% a680:4% 83c0:4% 8200:4% 8300:4% 8540:4% 9a40:3% a0c0:3% 81c0:2% 82c0:2%
  fn=40794   page=1 insn=14155   IDLE   d_fb_det=0     a_sch=0100 0000 0000 0000 sync=0000 1530 ffff  | trames=40796 irq=0 iq=0
  [sbwin] SB #3780 fn=40127 p51=41 tick=40803 : armee=0 one_shot=0 page_prog=151 rif_avant=0 nwin=0 marge=0 -> DMA NON ARMEE (le RIF jette) : SCH memorise pour la fenetre SB (dans une vraie fenetre SB : 33/3780)
  [BSP] dedie : DESACCORD fn=40190 p51=2 p102=2 : table=1 tpu=0 (offset=2109 ref=2623, tn_fenetre=7) [2400 fois]
  [sbwin] SB #3790 fn=40260 p51=21 tick=40936 : armee=0 one_shot=0 page_prog=151 rif_avant=0 nwin=0 marge=0 -> DMA NON ARMEE (le RIF jette) : SCH memorise pour la fenetre SB (dans une vraie fenetre SB : 33/3790)
  [chrono] fn=40998 sur 1000 trames (ms) : qemu 3.82 | A 0.08 | go 0.22 | B 0.23 | apres DONE 0.28 | trame 4.62 (temps reel 4.62)
  [a_cd] fn=41001 p51=48 p102=99 etat=8040 FIRE KO L2=9c 63 c6 f1 | ok=21 ko=22
  profil PC (10707 tranches, high-water 0xde92) : 9a80:10% 8240:7% 8380:7% a680:4% 8200:4% 8300:4% 8540:3% 83c0:3% 9a40:3% a0c0:3% 81c0:2% 82c0:2%
  fn=41011   page=0 insn=121     IDLE   d_fb_det=0     a_sch=0100 0000 0000 0000 sync=0000 1530 ffff  | trames=41013 irq=0 iq=0
  [a_cd] fn=41020 p51=16 p102=16 etat=8000 ok L2=03 84 53 8b | ok=22 ko=22
  [sbwin] SB #3800 fn=40382 p51=41 tick=41058 : armee=0 one_shot=0 page_prog=151 rif_avant=0 nwin=0 marge=0 -> DMA NON ARMEE (le RIF jette) : SCH memorise pour la fenetre SB (dans une vraie fenetre SB : 33/3800)
  [a_cd] fn=41103 p51=48 p102=99 etat=8040 FIRE KO L2=4d 37 7a 43 | ok=22 ko=23
  [a_cd] fn=41122 p51=16 p102=16 etat=8000 ok L2=03 86 53 19 | ok=23 ko=23
  [sbwin] SB #3810 fn=40515 p51=21 tick=41191 : armee=0 one_shot=0 page_prog=151 rif_avant=0 nwin=0 marge=0 -> DMA NON ARMEE (le RIF jette) : SCH memorise pour la fenetre SB (dans une vraie fenetre SB : 33/3810)
  [a_cd] fn=41205 p51=48 p102=99 etat=8040 FIRE KO L2=a4 94 82 10 | ok=23 ko=24
  [ts0] tick=41222 fn=40546 p51=1 NB fenetre=151 marge=3 rif_avant=0  <- canal dedie
  [a_cd] fn=41224 p51=16 p102=16 etat=8000 ok L2=03 88 19 c1 | ok=24 ko=24
  profil PC (11369 tranches, high-water 0xde92) : 9a80:9% 8240:6% 8380:5% 8280:4% 8200:4% a680:4% 8300:3% 8540:3% 8480:3% 9a40:3% 83c0:3% a0c0:3%
  fn=41228   page=0 insn=121     IDLE   d_fb_det=0     a_sch=0100 0000 0000 0000 sync=0000 1530 ffff  | trames=41230 irq=0 iq=0
  [a_cd] fn=41307 p51=48 p102=99 etat=8040 FIRE KO L2=dc f3 62 ff | ok=24 ko=25
  [sbwin] SB #3820 fn=40637 p51=41 tick=41313 : armee=0 one_shot=0 page_prog=151 rif_avant=0 nwin=0 marge=0 -> DMA NON ARMEE (le RIF jette) : SCH memorise pour la fenetre SB (dans une vraie fenetre SB : 33/3820)
  [a_cd] fn=41326 p51=16 p102=16 etat=8000 ok L2=03 8a 0d 06 | ok=25 ko=25
  [a5] #3000 A5/1 fn=40698 (T1=30 T2=8 T3=0) Kc=9c35f4aa6f277800 | dernier depot BSP fn=40697 (ecart +1)
  [a_cd] fn=41377 p51=16 p102=67 etat=8040 FIRE KO L2=01 37 d7 13 | ok=25 ko=26
  profil PC (10574 tranches, high-water 0xde91) : 8280:9% 9a80:8% 8480:7% a680:4% 8440:4% 8200:3% 8300:3% 8540:3% 9a40:3% a0c0:2% 8240:2% 81c0:2%
  fn=41445   page=0 insn=121     IDLE   d_fb_det=0     a_sch=0100 0000 0000 0000 sync=0000 1530 ffff  | trames=41447 irq=0 iq=0
  [sbwin] SB #3830 fn=40770 p51=21 tick=41446 : armee=0 one_shot=0 page_prog=151 rif_avant=0 nwin=0 marge=0 -> DMA NON ARMEE (le RIF jette) : SCH memorise pour la fenetre SB (dans une vraie fenetre SB : 33/3830)
  [sbwin] SB #3840 fn=40892 p51=41 tick=41568 : armee=0 one_shot=0 page_prog=151 rif_avant=0 nwin=0 marge=0 -> DMA NON ARMEE (le RIF jette) : SCH memorise pour la fenetre SB (dans une vraie fenetre SB : 33/3840)
  [a5-arm] tick=41653 d_a5mode=0 a_kc=7800 6f27 f4aa 9c35
  [montant] retour en clair (seq=11)
  [montant] tache FB postee : le mobile cherche la synchro, canal dedie libere (TS0 rendu au FCCH/SCH)
  [jalon] fn=41659 d_fb_det=1  hacks=RHEA_DMA
  [sbwin] SB #3847 fn=40984 p51=31 tick=41660 : armee=0 one_shot=0 page_prog=48 rif_avant=0 nwin=0 marge=0 -> DMA NON ARMEE (le RIF jette) : SCH memorise pour la fenetre SB (dans une vraie fenetre SB : 33/3847)
  profil PC (11602 tranches, high-water 0xde91) : 8280:12% 8480:10% 9a80:7% 8440:5% a680:4% 8200:3% 8300:3% 8540:3% 9a40:2% a0c0:2% 81c0:2% 71c0:2%
  fn=41662   page=0 insn=35271   IDLE   d_fb_det=0     a_sch=0100 0000 0000 0000 sync=0000 0000 0000  | trames=41664 irq=0 iq=0
  hacks actifs : RHEA_DMA ; cadencement : STREAM LOCKSTEP  ; stimulus : none
  [jalon] fn=41669 d_fb_det=1  hacks=RHEA_DMA
  [sbwin] SB #3848 fn=40994 p51=41 tick=41670 : armee=0 one_shot=0 page_prog=48 rif_avant=0 nwin=0 marge=0 -> DMA NON ARMEE (le RIF jette) : SCH memorise pour la fenetre SB (dans une vraie fenetre SB : 33/3848)
  [cmd] fn=41678 tache SB postee par l'ARM (W0 md=6 W1 md=0)
  [sb] fn=41678 p51=11 | FB a fn=41669 toa=8743 pm=5424 ang=-1 | TOA-ROM=8743 src=fine | a_sch=0100 crc_ko
  [a_sch] fn=41679 page=0 : 0100 0000 0000 0000 -> 8100 0172 86be 0060  (d_dsp_page=0003) TOA=23 PM=5416 SNR=427 crc_ko
  [a_sch] fn=41680 page=1 : 0100 0000 0000 0000 -> 8100 0016 f85d 01fb  (d_dsp_page=0003) TOA=0 PM=5521 SNR=12 crc_ko
  [sbwin] SB #3849 fn=41005 p51=1 tick=41681 : armee=0 one_shot=0 page_prog=191 rif_avant=0 nwin=0 marge=0 -> DMA NON ARMEE (le RIF jette) : SCH memorise pour la fenetre SB (dans une vraie fenetre SB : 33/3849)
  [a_sch] fn=41681 page=0 : 8100 0172 86be 0060 -> 0100 0000 0000 0000  (d_dsp_page=0003) TOA=0 PM=0 SNR=0 crc_ko
  [a_sch] fn=41682 page=1 : 8100 0016 f85d 01fb -> 0100 0000 0000 0000  (d_dsp_page=0003) TOA=0 PM=0 SNR=0 crc_ko
  [jalon] fn=41690 d_fb_det=1  hacks=RHEA_DMA
  [sbwin] SB #3850 fn=41015 p51=11 tick=41691 : armee=0 one_shot=0 page_prog=48 rif_avant=0 nwin=0 marge=0 -> DMA NON ARMEE (le RIF jette) : SCH memorise pour la fenetre SB (dans une vraie fenetre SB : 33/3850)
  [jalon] fn=41700 d_fb_det=1  hacks=RHEA_DMA
  [sbwin] SB #3851 fn=41025 p51=21 tick=41701 : armee=0 one_shot=0 page_prog=48 rif_avant=0 nwin=0 marge=0 -> DMA NON ARMEE (le RIF jette) : SCH memorise pour la fenetre SB (dans une vraie fenetre SB : 33/3851)
  [cmd] fn=41709 tache SB postee par l'ARM (W0 md=6 W1 md=0)
  [sb] fn=41709 p51=42 | FB a fn=41700 toa=8743 pm=5424 ang=-1 | TOA-ROM=8743 src=fine | a_sch=0100 crc_ko
  [a_sch] fn=41710 page=0 : 0100 0000 0000 0000 -> 8100 0016 f85d 01fb  (d_dsp_page=0003) TOA=0 PM=5521 SNR=12 crc_ko
  [sbwin] SB #3852 fn=41035 p51=31 tick=41711 : armee=1 one_shot=1 page_prog=191 rif_avant=0 nwin=191 marge=21 -> FENETRE SB (one-shot) (dans une vraie fenetre SB : 34/3852)
  [a_sch] fn=41711 page=1 : 0100 0000 0000 0000 -> 8000 077c 0f1c 011d  (d_dsp_page=0003) TOA=23 PM=5367 SNR=16384 CRC_OK
  [jalon] fn=41711 SB PLAUSIBLE page=1 BSIC=7 a_sch=8000 077c 0f1c 011d  hacks=RHEA_DMA
  [a_sch] fn=41712 page=0 : 8100 0016 f85d 01fb -> 0100 0000 0000 0000  (d_dsp_page=0003) TOA=0 PM=0 SNR=0 crc_ko
  [sbwin] SB #3853 fn=41045 p51=41 tick=41721 : armee=0 one_shot=0 page_prog=191 rif_avant=0 nwin=0 marge=0 -> DMA NON ARMEE (le RIF jette) : SCH memorise pour la fenetre SB (dans une vraie fenetre SB : 34/3853)
  [sbwin] SB #3854 fn=41056 p51=1 tick=41732 : armee=0 one_shot=0 page_prog=191 rif_avant=0 nwin=0 marge=0 -> DMA NON ARMEE (le RIF jette) : SCH memorise pour la fenetre SB (dans une vraie fenetre SB : 34/3854)
  [a_sch] fn=41735 page=1 : 8000 077c 0f1c 011d -> 0100 0000 0000 0000  (d_dsp_page=0003) TOA=0 PM=0 SNR=0 crc_ko
pont : canal dedie libere : TS0 SDCCH/8 SS=0
  [montant] canal dedie (side-band seq=10) : libere TS0 SDCCH/4 SS=0
  [sbwin] SB #3855 fn=41066 p51=11 tick=41742 : armee=0 one_shot=0 page_prog=151 rif_avant=0 nwin=0 marge=0 -> DMA NON ARMEE (le RIF jette) : SCH memorise pour la fenetre SB (dans une vraie fenetre SB : 34/3855)
  [sbwin] SB #3856 fn=41076 p51=21 tick=41752 : armee=0 one_shot=0 page_prog=151 rif_avant=0 nwin=0 marge=0 -> DMA NON ARMEE (le RIF jette) : SCH memorise pour la fenetre SB (dans une vraie fenetre SB : 34/3856)
  [sbwin] SB #3860 fn=41117 p51=11 tick=41793 : armee=0 one_shot=0 page_prog=151 rif_avant=0 nwin=0 marge=0 -> DMA NON ARMEE (le RIF jette) : SCH memorise pour la fenetre SB (dans une vraie fenetre SB : 34/3860)
  profil PC (19969 tranches, high-water 0xde92) : 77c0:8% 9a80:6% 8240:6% 7840:5% 8380:5% 78c0:5% 7800:5% a680:3% 83c0:2% 8300:2% 8200:2% 8540:2%
  fn=41879   page=1 insn=121     IDLE   d_fb_det=0     a_sch=0100 0000 0000 0000 sync=0000 1530 ffff  | trames=41881 irq=0 iq=0
  [jalon] fn=41894 d_fb_det=1  hacks=RHEA_DMA
  [sbwin] SB #3870 fn=41219 p51=11 tick=41895 : armee=0 one_shot=0 page_prog=48 rif_avant=0 nwin=0 marge=0 -> DMA NON ARMEE (le RIF jette) : SCH memorise pour la fenetre SB (dans une vraie fenetre SB : 34/3870)
  [jalon] fn=41904 d_fb_det=1  hacks=RHEA_DMA
  [sbwin] SB #3871 fn=41229 p51=21 tick=41905 : armee=0 one_shot=0 page_prog=48 rif_avant=0 nwin=0 marge=0 -> DMA NON ARMEE (le RIF jette) : SCH memorise pour la fenetre SB (dans une vraie fenetre SB : 34/3871)
  [cmd] fn=41913 tache SB postee par l'ARM (W0 md=6 W1 md=0)
  [sb] fn=41913 p51=42 | FB a fn=41904 toa=8743 pm=5424 ang=-1 | TOA-ROM=8743 src=fine | a_sch=0100 crc_ko
  [a_sch] fn=41914 page=0 : 0100 0000 0000 0000 -> 8100 0016 f85d 01fb  (d_dsp_page=0003) TOA=0 PM=5521 SNR=12 crc_ko
  [sbwin] SB #3872 fn=41239 p51=31 tick=41915 : armee=1 one_shot=1 page_prog=191 rif_avant=0 nwin=191 marge=21 -> FENETRE SB (one-shot) (dans une vraie fenetre SB : 35/3872)
  [a_sch] fn=41915 page=1 : 0100 0000 0000 0000 -> 8000 0a06 0f1c 018d  (d_dsp_page=0003) TOA=23 PM=5353 SNR=16384 CRC_OK
  [jalon] fn=41915 SB PLAUSIBLE page=1 BSIC=7 a_sch=8000 0a06 0f1c 018d  hacks=RHEA_DMA
  [a_sch] fn=41916 page=0 : 8100 0016 f85d 01fb -> 0100 0000 0000 0000  (d_dsp_page=0003) TOA=0 PM=0 SNR=0 crc_ko
  [afc] fn=41919 w_page=0 relaye=-695 | page0=-695 page1=-700
  [afc] fn=41925 w_page=0 relaye=-695 | page0=-695 page1=-695
  [sbwin] SB #3873 fn=41249 p51=41 tick=41925 : armee=0 one_shot=0 page_prog=64 rif_avant=0 nwin=0 marge=0 -> DMA NON ARMEE (le RIF jette) : SCH memorise pour la fenetre SB (dans une vraie fenetre SB : 35/3873)
  [sbwin] SB #3874 fn=41260 p51=1 tick=41936 : armee=0 one_shot=0 page_prog=64 rif_avant=0 nwin=0 marge=0 -> DMA NON ARMEE (le RIF jette) : SCH memorise pour la fenetre SB (dans une vraie fenetre SB : 35/3874)
  [a_sch] fn=41936 page=1 : 8000 0a06 0f1c 018d -> 0100 0000 0000 0000  (d_dsp_page=0002) TOA=0 PM=0 SNR=0 crc_ko
  [sbwin] SB #3875 fn=41270 p51=11 tick=41946 : armee=0 one_shot=0 page_prog=64 rif_avant=0 nwin=0 marge=0 -> DMA NON ARMEE (le RIF jette) : SCH memorise pour la fenetre SB (dans une vraie fenetre SB : 35/3875)
  [sbwin] SB #3876 fn=41280 p51=21 tick=41956 : armee=0 one_shot=0 page_prog=64 rif_avant=0 nwin=0 marge=0 -> DMA NON ARMEE (le RIF jette) : SCH memorise pour la fenetre SB (dans une vraie fenetre SB : 35/3876)
  [sbwin] SB #3880 fn=41321 p51=11 tick=41997 : armee=0 one_shot=0 page_prog=64 rif_avant=0 nwin=0 marge=0 -> DMA NON ARMEE (le RIF jette) : SCH memorise pour la fenetre SB (dans une vraie fenetre SB : 35/3880)
  [chrono] fn=41998 sur 1000 trames (ms) : qemu 3.79 | A 0.07 | go 0.23 | B 0.21 | apres DONE 0.31 | trame 4.61 (temps reel 4.62)
  profil PC (24743 tranches, high-water 0xde92) : 8240:9% 9a80:8% 8380:8% 77c0:4% 83c0:4% 8200:4% 8300:4% 8540:3% 9a40:3% a0c0:2% 81c0:2% 82c0:2%
  fn=42096   page=1 insn=13660   IDLE   d_fb_det=0     a_sch=0100 0000 0000 0000 sync=0000 1530 ffff  | trames=42098 irq=0 iq=0
  [sbwin] SB #3890 fn=41423 p51=11 tick=42099 : armee=0 one_shot=0 page_prog=64 rif_avant=0 nwin=0 marge=0 -> DMA NON ARMEE (le RIF jette) : SCH memorise pour la fenetre SB (dans une vraie fenetre SB : 35/3890)
  [sbwin] SB #3900 fn=41525 p51=11 tick=42201 : armee=0 one_shot=0 page_prog=64 rif_avant=0 nwin=0 marge=0 -> DMA NON ARMEE (le RIF jette) : SCH memorise pour la fenetre SB (dans une vraie fenetre SB : 35/3900)
  [sbwin] SB #3910 fn=41627 p51=11 tick=42303 : armee=0 one_shot=0 page_prog=64 rif_avant=0 nwin=0 marge=0 -> DMA NON ARMEE (le RIF jette) : SCH memorise pour la fenetre SB (dans une vraie fenetre SB : 35/3910)
  profil PC (24151 tranches, high-water 0xde92) : 9a80:12% 8240:11% 8380:10% 83c0:5% 8200:5% 8300:4% 8540:4% 9a40:4% a0c0:3% 81c0:3% 82c0:3% 9a00:2%
  fn=42313   page=0 insn=121     IDLE   d_fb_det=0     a_sch=0100 0000 0000 0000 sync=0000 1530 ffff  | trames=42315 irq=0 iq=0
  [sbwin] SB #3920 fn=41729 p51=11 tick=42405 : armee=0 one_shot=0 page_prog=64 rif_avant=0 nwin=0 marge=0 -> DMA NON ARMEE (le RIF jette) : SCH memorise pour la fenetre SB (dans une vraie fenetre SB : 35/3920)
  [sbwin] SB #3930 fn=41831 p51=11 tick=42507 : armee=0 one_shot=0 page_prog=64 rif_avant=0 nwin=0 marge=0 -> DMA NON ARMEE (le RIF jette) : SCH memorise pour la fenetre SB (dans une vraie fenetre SB : 35/3930)
  profil PC (21059 tranches, high-water 0xde92) : 9a80:11% 8240:11% 8380:10% 83c0:5% 8200:5% 8300:4% 8540:4% 9a40:4% a0c0:3% 81c0:3% 82c0:3% 9a00:2%
  fn=42530   page=1 insn=121     IDLE   d_fb_det=0     a_sch=0100 0000 0000 0000 sync=0000 1530 ffff  | trames=42532 irq=0 iq=0
  [sbwin] SB #3940 fn=41933 p51=11 tick=42609 : armee=0 one_shot=0 page_prog=64 rif_avant=0 nwin=0 marge=0 -> DMA NON ARMEE (le RIF jette) : SCH memorise pour la fenetre SB (dans une vraie fenetre SB : 35/3940)
  [sbwin] SB #3950 fn=42035 p51=11 tick=42711 : armee=0 one_shot=0 page_prog=64 rif_avant=0 nwin=0 marge=0 -> DMA NON ARMEE (le RIF jette) : SCH memorise pour la fenetre SB (dans une vraie fenetre SB : 35/3950)
  profil PC (21056 tranches, high-water 0xde92) : 9a80:11% 8240:11% 8380:10% 83c0:5% 8200:5% 8300:4% 8540:4% 9a40:4% a0c0:3% 81c0:3% 82c0:3% 9a00:2%
  fn=42747   page=0 insn=121     IDLE   d_fb_det=0     a_sch=0100 0000 0000 0000 sync=0000 1530 ffff  | trames=42749 irq=0 iq=0
  [sbwin] SB #3960 fn=42137 p51=11 tick=42813 : armee=0 one_shot=0 page_prog=64 rif_avant=0 nwin=0 marge=0 -> DMA NON ARMEE (le RIF jette) : SCH memorise pour la fenetre SB (dans une vraie fenetre SB : 35/3960)
  [sbwin] SB #3970 fn=42239 p51=11 tick=42915 : armee=0 one_shot=0 page_prog=64 rif_avant=0 nwin=0 marge=0 -> DMA NON ARMEE (le RIF jette) : SCH memorise pour la fenetre SB (dans une vraie fenetre SB : 35/3970)
  profil PC (23553 tranches, high-water 0xde92) : 9a80:11% 8240:11% 8380:10% 83c0:5% 8200:5% 8300:4% 8540:4% 9a40:4% a0c0:3% 81c0:3% 82c0:3% 9a00:2%
  fn=42964   page=1 insn=36259   IDLE   d_fb_det=0     a_sch=0100 0000 0000 0000 sync=0000 1530 ffff  | trames=42966 irq=0 iq=0
  [chrono] fn=42998 sur 1000 trames (ms) : qemu 3.58 | A 0.05 | go 0.26 | B 0.19 | apres DONE 0.53 | trame 4.62 (temps reel 4.62)
  [sbwin] SB #3980 fn=42341 p51=11 tick=43017 : armee=0 one_shot=0 page_prog=64 rif_avant=0 nwin=0 marge=0 -> DMA NON ARMEE (le RIF jette) : SCH memorise pour la fenetre SB (dans une vraie fenetre SB : 35/3980)
  [sbwin] SB #3990 fn=42443 p51=11 tick=43119 : armee=0 one_shot=0 page_prog=64 rif_avant=0 nwin=0 marge=0 -> DMA NON ARMEE (le RIF jette) : SCH memorise pour la fenetre SB (dans une vraie fenetre SB : 35/3990)
  profil PC (23573 tranches, high-water 0xde92) : 9a80:11% 8240:11% 8380:10% 83c0:5% 8200:5% 8300:4% 8540:4% 9a40:4% a0c0:3% 81c0:3% 82c0:3% 9a00:2%
  fn=43181   page=1 insn=121     IDLE   d_fb_det=0     a_sch=0100 0000 0000 0000 sync=0000 1530 ffff  | trames=43183 irq=0 iq=0
  [sbwin] SB #4000 fn=42545 p51=11 tick=43221 : armee=0 one_shot=0 page_prog=64 rif_avant=0 nwin=0 marge=0 -> DMA NON ARMEE (le RIF jette) : SCH memorise pour la fenetre SB (dans une vraie fenetre SB : 35/4000)
  [sbwin] SB #4010 fn=42647 p51=11 tick=43323 : armee=0 one_shot=0 page_prog=64 rif_avant=0 nwin=0 marge=0 -> DMA NON ARMEE (le RIF jette) : SCH memorise pour la fenetre SB (dans une vraie fenetre SB : 35/4010)
  profil PC (21059 tranches, high-water 0xde92) : 9a80:11% 8240:11% 8380:10% 83c0:5% 8200:5% 8300:4% 8540:4% 9a40:4% a0c0:3% 81c0:3% 82c0:3% 9a00:2%
  fn=43398   page=0 insn=121     IDLE   d_fb_det=0     a_sch=0100 0000 0000 0000 sync=0000 1530 ffff  | trames=43400 irq=0 iq=0
  hacks actifs : RHEA_DMA ; cadencement : STREAM LOCKSTEP  ; stimulus : none
  [sbwin] SB #4020 fn=42749 p51=11 tick=43425 : armee=0 one_shot=0 page_prog=64 rif_avant=0 nwin=0 marge=0 -> DMA NON ARMEE (le RIF jette) : SCH memorise pour la fenetre SB (dans une vraie fenetre SB : 35/4020)
  [sbwin] SB #4030 fn=42851 p51=11 tick=43527 : armee=0 one_shot=0 page_prog=64 rif_avant=0 nwin=0 marge=0 -> DMA NON ARMEE (le RIF jette) : SCH memorise pour la fenetre SB (dans une vraie fenetre SB : 35/4030)
  profil PC (21056 tranches, high-water 0xde92) : 9a80:11% 8240:11% 8380:10% 83c0:5% 8200:5% 8300:4% 8540:4% 9a40:4% a0c0:3% 81c0:3% 82c0:3% 9a00:2%
  fn=43615   page=1 insn=121     IDLE   d_fb_det=0     a_sch=0100 0000 0000 0000 sync=0000 1530 ffff  | trames=43617 irq=0 iq=0
  [sbwin] SB #4040 fn=42953 p51=11 tick=43629 : armee=0 one_shot=0 page_prog=64 rif_avant=0 nwin=0 marge=0 -> DMA NON ARMEE (le RIF jette) : SCH memorise pour la fenetre SB (dans une vraie fenetre SB : 35/4040)
  [sbwin] SB #4050 fn=43055 p51=11 tick=43731 : armee=0 one_shot=0 page_prog=64 rif_avant=0 nwin=0 marge=0 -> DMA NON ARMEE (le RIF jette) : SCH memorise pour la fenetre SB (dans une vraie fenetre SB : 35/4050)
  profil PC (23576 tranches, high-water 0xde92) : 9a80:11% 8240:11% 8380:10% 83c0:5% 8200:5% 8300:4% 8540:4% 9a40:4% a0c0:3% 81c0:3% 82c0:3% 9a00:2%
  fn=43832   page=1 insn=1357    IDLE   d_fb_det=0     a_sch=0100 0000 0000 0000 sync=0000 1530 ffff  | trames=43834 irq=0 iq=0
  [sbwin] SB #4060 fn=43157 p51=11 tick=43833 : armee=0 one_shot=0 page_prog=64 rif_avant=0 nwin=0 marge=0 -> DMA NON ARMEE (le RIF jette) : SCH memorise pour la fenetre SB (dans une vraie fenetre SB : 35/4060)
  [sbwin] SB #4070 fn=43259 p51=11 tick=43935 : armee=0 one_shot=0 page_prog=64 rif_avant=0 nwin=0 marge=0 -> DMA NON ARMEE (le RIF jette) : SCH memorise pour la fenetre SB (dans une vraie fenetre SB : 35/4070)
  [chrono] fn=43998 sur 1000 trames (ms) : qemu 3.55 | A 0.05 | go 0.26 | B 0.18 | apres DONE 0.56 | trame 4.62 (temps reel 4.62)
  [sbwin] SB #4080 fn=43361 p51=11 tick=44037 : armee=0 one_shot=0 page_prog=64 rif_avant=0 nwin=0 marge=0 -> DMA NON ARMEE (le RIF jette) : SCH memorise pour la fenetre SB (dans une vraie fenetre SB : 35/4080)
  profil PC (23552 tranches, high-water 0xde92) : 9a80:11% 8240:11% 8380:10% 83c0:5% 8200:5% 8300:4% 8540:4% 9a40:4% a0c0:3% 81c0:3% 82c0:3% 9a00:2%
  fn=44049   page=0 insn=121     IDLE   d_fb_det=0     a_sch=0100 0000 0000 0000 sync=0000 1530 ffff  | trames=44051 irq=0 iq=0
  [sbwin] SB #4090 fn=43463 p51=11 tick=44139 : armee=0 one_shot=0 page_prog=64 rif_avant=0 nwin=0 marge=0 -> DMA NON ARMEE (le RIF jette) : SCH memorise pour la fenetre SB (dans une vraie fenetre SB : 35/4090)
  [sbwin] SB #4100 fn=43565 p51=11 tick=44241 : armee=0 one_shot=0 page_prog=64 rif_avant=0 nwin=0 marge=0 -> DMA NON ARMEE (le RIF jette) : SCH memorise pour la fenetre SB (dans une vraie fenetre SB : 35/4100)
  profil PC (21059 tranches, high-water 0xde92) : 9a80:11% 8240:11% 8380:10% 83c0:5% 8200:5% 8300:4% 8540:4% 9a40:4% a0c0:3% 81c0:3% 82c0:3% 9a00:2%
  fn=44266   page=1 insn=121     IDLE   d_fb_det=0     a_sch=0100 0000 0000 0000 sync=0000 1530 ffff  | trames=44268 irq=0 iq=0
  [sbwin] SB #4110 fn=43667 p51=11 tick=44343 : armee=0 one_shot=0 page_prog=64 rif_avant=0 nwin=0 marge=0 -> DMA NON ARMEE (le RIF jette) : SCH memorise pour la fenetre SB (dans une vraie fenetre SB : 35/4110)
  [afc] fn=44441 w_page=0 relaye=-700 | page0=-700 page1=-695
  [afc] fn=44442 w_page=1 relaye=-700 | page0=-700 page1=-700
  [jalon] fn=44444 d_fb_det=1  hacks=RHEA_DMA
  [sbwin] SB #4120 fn=43769 p51=11 tick=44445 : armee=0 one_shot=0 page_prog=48 rif_avant=0 nwin=0 marge=0 -> DMA NON ARMEE (le RIF jette) : SCH memorise pour la fenetre SB (dans une vraie fenetre SB : 35/4120)
  [jalon] fn=44454 d_fb_det=1  hacks=RHEA_DMA
  [sbwin] SB #4121 fn=43779 p51=21 tick=44455 : armee=0 one_shot=0 page_prog=48 rif_avant=0 nwin=0 marge=0 -> DMA NON ARMEE (le RIF jette) : SCH memorise pour la fenetre SB (dans une vraie fenetre SB : 35/4121)
  [cmd] fn=44463 tache SB postee par l'ARM (W0 md=6 W1 md=0)
  [sb] fn=44463 p51=42 | FB a fn=44454 toa=8743 pm=5424 ang=-1 | TOA-ROM=8743 src=fine | a_sch=0100 crc_ko
  [a_sch] fn=44464 page=0 : 0100 0000 0000 0000 -> 8100 0016 f85d 01fb  (d_dsp_page=0003) TOA=0 PM=5521 SNR=12 crc_ko
  [sbwin] SB #4122 fn=43789 p51=31 tick=44465 : armee=1 one_shot=1 page_prog=191 rif_avant=0 nwin=191 marge=21 -> FENETRE SB (one-shot) (dans une vraie fenetre SB : 36/4122)
  [a_sch] fn=44465 page=1 : 0100 0000 0000 0000 -> 8100 8e9a 101b 0195  (d_dsp_page=0003) TOA=23 PM=5363 SNR=9839 crc_ko
  [a_sch] fn=44466 page=0 : 8100 0016 f85d 01fb -> 0100 0000 0000 0000  (d_dsp_page=0003) TOA=0 PM=0 SNR=0 crc_ko
  [a_sch] fn=44467 page=1 : 8100 8e9a 101b 0195 -> 0100 0000 0000 0000  (d_dsp_page=0003) TOA=0 PM=0 SNR=0 crc_ko
  [jalon] fn=44474 d_fb_det=1  hacks=RHEA_DMA
  [sbwin] SB #4123 fn=43799 p51=41 tick=44475 : armee=0 one_shot=0 page_prog=48 rif_avant=0 nwin=0 marge=0 -> DMA NON ARMEE (le RIF jette) : SCH memorise pour la fenetre SB (dans une vraie fenetre SB : 36/4123)
  profil PC (28703 tranches, high-water 0xde92) : 77c0:9% 9a80:7% 8240:6% 8380:6% 7800:5% 7840:4% 78c0:3% 83c0:3% 8200:3% 8300:3% 8540:2% a680:2%
  fn=44483   page=0 insn=35360   IDLE   d_fb_det=0     a_sch=0100 0000 0000 0000 sync=0000 0000 0000  | trames=44485 irq=0 iq=0
  [jalon] fn=44485 d_fb_det=1  hacks=RHEA_DMA
  [sbwin] SB #4124 fn=43810 p51=1 tick=44486 : armee=0 one_shot=0 page_prog=48 rif_avant=0 nwin=0 marge=0 -> DMA NON ARMEE (le RIF jette) : SCH memorise pour la fenetre SB (dans une vraie fenetre SB : 36/4124)
  [cmd] fn=44494 tache SB postee par l'ARM (W0 md=6 W1 md=0)
  [sb] fn=44494 p51=22 | FB a fn=44485 toa=9995 pm=5438 ang=-1 | TOA-ROM=9995 src=fine | a_sch=0100 crc_ko
  [a_sch] fn=44495 page=0 : 0100 0000 0000 0000 -> 8100 0016 f85d 01fb  (d_dsp_page=0003) TOA=0 PM=5521 SNR=12 crc_ko
  [sbwin] SB #4125 fn=43820 p51=11 tick=44496 : armee=1 one_shot=1 page_prog=191 rif_avant=0 nwin=191 marge=21 -> FENETRE SB (one-shot) (dans une vraie fenetre SB : 37/4125)
  [a_sch] fn=44496 page=1 : 0100 0000 0000 0000 -> 8000 03ca 101c 01a8  (d_dsp_page=0003) TOA=23 PM=5358 SNR=16384 CRC_OK
  [jalon] fn=44496 SB PLAUSIBLE page=1 BSIC=7 a_sch=8000 03ca 101c 01a8  hacks=RHEA_DMA
  [a_sch] fn=44497 page=0 : 8100 0016 f85d 01fb -> 0100 0000 0000 0000  (d_dsp_page=0003) TOA=0 PM=0 SNR=0 crc_ko
  [a_sch] fn=44503 page=1 : 8000 03ca 101c 01a8 -> 0100 0000 0000 0000  (d_dsp_page=0003) TOA=0 PM=0 SNR=0 crc_ko
  [sbwin] SB #4126 fn=43830 p51=21 tick=44506 : armee=0 one_shot=0 page_prog=151 rif_avant=0 nwin=0 marge=0 -> DMA NON ARMEE (le RIF jette) : SCH memorise pour la fenetre SB (dans une vraie fenetre SB : 37/4126)
  [sbwin] SB #4127 fn=43840 p51=31 tick=44516 : armee=0 one_shot=0 page_prog=151 rif_avant=0 nwin=0 marge=0 -> DMA NON ARMEE (le RIF jette) : SCH memorise pour la fenetre SB (dans une vraie fenetre SB : 37/4127)
  [montant] RACH ra=0xe9 bsic=7 fn=44517 -> /dev/shm/calypso_rach
  [montant]   declencheur : d_task_ra=RACH_DSP_TASK (task_ra=0x000a d_rach=0xe91c)
  [sbwin] SB #4128 fn=43850 p51=41 tick=44526 : armee=0 one_shot=0 page_prog=151 rif_avant=0 nwin=0 marge=0 -> DMA NON ARMEE (le RIF jette) : SCH memorise pour la fenetre SB (dans une vraie fenetre SB : 37/4128)
  [sbwin] SB #4129 fn=43861 p51=1 tick=44537 : armee=0 one_shot=0 page_prog=151 rif_avant=0 nwin=0 marge=0 -> DMA NON ARMEE (le RIF jette) : SCH memorise pour la fenetre SB (dans une vraie fenetre SB : 37/4129)
  [sbwin] SB #4130 fn=43871 p51=11 tick=44547 : armee=0 one_shot=0 page_prog=151 rif_avant=0 nwin=0 marge=0 -> DMA NON ARMEE (le RIF jette) : SCH memorise pour la fenetre SB (dans une vraie fenetre SB : 37/4130)
  [montant] canal dedie (side-band seq=11) : arme TS1 SDCCH/8 SS=0
pont : canal dedie arme : TS1 SDCCH/8 SS=0
  [a_cd] fn=44590 p51=16 p102=16 etat=8000 ok L2=03 03 01 2b | ok=26 ko=26
  [sbwin] SB #4140 fn=43993 p51=31 tick=44669 : armee=0 one_shot=0 page_prog=151 rif_avant=0 nwin=0 marge=0 -> DMA NON ARMEE (le RIF jette) : SCH memorise pour la fenetre SB (dans une vraie fenetre SB : 37/4140)
  profil PC (14145 tranches, high-water 0xde92) : 9a80:10% 8240:8% 8380:7% 8200:4% 8300:4% 83c0:4% 8540:4% 9a40:3% a680:3% a0c0:3% 81c0:3% 8480:2%
  fn=44700   page=1 insn=121     IDLE   d_fb_det=0     a_sch=0100 0000 0000 0000 sync=0000 153e ffff  | trames=44702 irq=0 iq=0
  [a5-arm] tick=44745 d_a5mode=1 a_kc=7800 6f27 f4aa 9c35
  [montant] chiffrement A5/1 : Kc publie vers /dev/shm/calypso_kc_l1 (seq=12)
  [a_cd] fn=44775 p51=48 p102=99 etat=8040 FIRE KO L2=f1 55 9a 29 | ok=26 ko=27
  [sbwin] SB #4150 fn=44126 p51=11 tick=44802 : armee=0 one_shot=0 page_prog=151 rif_avant=0 nwin=0 marge=0 -> DMA NON ARMEE (le RIF jette) : SCH memorise pour la fenetre SB (dans une vraie fenetre SB : 37/4150)
  [a_cd] fn=44877 p51=48 p102=99 etat=8000 ok L2=07 00 03 03 | ok=27 ko=27
  profil PC (9636 tranches, high-water 0xde92) : 9a80:9% 8240:9% 8380:8% a680:4% 83c0:4% 8200:4% 8300:3% 8540:3% 9a40:3% a0c0:3% 81c0:2% 82c0:2%
  fn=44917   page=1 insn=121     IDLE   d_fb_det=0     a_sch=0100 0000 0000 0000 sync=0000 153e ffff  | trames=44919 irq=0 iq=0
  [sbwin] SB #4160 fn=44248 p51=31 tick=44924 : armee=0 one_shot=0 page_prog=151 rif_avant=0 nwin=0 marge=0 -> DMA NON ARMEE (le RIF jette) : SCH memorise pour la fenetre SB (dans une vraie fenetre SB : 37/4160)
  [chrono] fn=44998 sur 1000 trames (ms) : qemu 3.78 | A 0.06 | go 0.24 | B 0.20 | apres DONE 0.34 | trame 4.62 (temps reel 4.62)
  [montant] TCH (seq=1) : TS2 TSC=7 annonce par le pont, bascule du BSP a la premiere tache TCH du firmware
  [montant] TCH : le firmware poste la tache 13 a fn=45052, BSP bascule sur TS2 (TSC=7)
  [ts0] canal dedie arme : TCH TS2 (toutes les trames)
  [montant] FACCH UL fn=45052 task=0x000d
  [depot_tch] fn=45053 phase A : 1870 insn, idle=1, fenetre armee=1
  [depot_tch] fn=45054 phase A : 1464 insn, idle=1, fenetre armee=1
  [depot_tch] fn=45055 phase A : 1462 insn, idle=1, fenetre armee=1
  [depot_tch] fn=45056 phase A : 1495 insn, idle=1, fenetre armee=1
  [a_dd] fn=45056 etat=c214 FIRE=0 BFI=1 err=0 (ecart 45056 trames) | vues=1 ko=0 bfi=1
  [depot_tch] fn=45057 phase A : 674 insn, idle=1, fenetre armee=1
  [depot_tch] fn=45058 phase A : 1498 insn, idle=1, fenetre armee=1
  [depot_tch] fn=45059 phase A : 1474 insn, idle=1, fenetre armee=1
  [depot_tch] fn=45060 phase A : 1466 insn, idle=1, fenetre armee=1
  [depot_tch] fn=45061 phase A : 1466 insn, idle=1, fenetre armee=1
  [a_dd] fn=45061 etat=c214 FIRE=0 BFI=1 err=0 (ecart 5 trames) | vues=2 ko=0 bfi=2
  [depot_tch] fn=45062 phase A : 1469 insn, idle=1, fenetre armee=1
  [depot_tch] fn=45063 phase A : 1465 insn, idle=1, fenetre armee=1
  [depot_tch] fn=45064 phase A : 1467 insn, idle=1, fenetre armee=1
  [depot_tch] fn=45065 phase A : 1465 insn, idle=1, fenetre armee=1
  [a_dd] fn=45065 etat=c214 FIRE=0 BFI=1 err=0 (ecart 4 trames) | vues=3 ko=0 bfi=3
  [depot_tch] fn=45066 phase A : 1469 insn, idle=1, fenetre armee=1
  [depot_tch] fn=45067 phase A : 1465 insn, idle=1, fenetre armee=1
  [depot_tch] fn=45068 phase A : 1467 insn, idle=1, fenetre armee=1
  [depot_tch] fn=45069 phase A : 1467 insn, idle=1, fenetre armee=1
  [d_fn] tick=45069 tache=14 fn_report=64 fn%104=90
  [a_dd] fn=45069 etat=c214 FIRE=0 BFI=1 err=0 (ecart 4 trames) | vues=4 ko=0 bfi=4
  [depot_tch] fn=45070 phase A : 1453 insn, idle=1, fenetre armee=1
  [sacch_tf] tick=45070 fn=44394 fn%104=90 TS2 burst=oui uns=71 one_shot=1 nwin=151
  [depot_tch] fn=45071 phase A : 1467 insn, idle=1, fenetre armee=1
  [depot_tch] fn=45072 phase A : 1467 insn, idle=1, fenetre armee=1
  [depot_tch] fn=45073 phase A : 1463 insn, idle=1, fenetre armee=1
  [depot_tch] fn=45074 phase A : 1467 insn, idle=1, fenetre armee=1
  [a_dd] fn=45074 etat=c214 FIRE=0 BFI=1 err=0 (ecart 5 trames) | vues=5 ko=0 bfi=5
  [depot_tch] fn=45075 phase A : 1467 insn, idle=1, fenetre armee=1
  [a5] #3500 A5/1 fn=44400 (T1=33 T2=18 T3=30) Kc=9c35f4aa6f277800 | dernier depot BSP fn=44399 (ecart +1)
  [depot_tch] fn=45076 phase A : 1467 insn, idle=1, fenetre armee=1
  [depot_tch] fn=45077 phase A : 1465 insn, idle=1, fenetre armee=1
  [depot_tch] fn=45078 phase A : 1467 insn, idle=1, fenetre armee=1
  [a_dd] fn=45078 etat=c214 FIRE=0 BFI=1 err=0 (ecart 4 trames) | vues=6 ko=0 bfi=6
  [depot_tch] fn=45079 phase A : 1467 insn, idle=1, fenetre armee=1
  [depot_tch] fn=45080 phase A : 1467 insn, idle=1, fenetre armee=1
  [depot_tch] fn=45081 phase A : 1465 insn, idle=1, fenetre armee=1
  [montant] FACCH UL fn=45081 task=0x000d
  [depot_tch] fn=45082 phase A : 1469 insn, idle=1, fenetre armee=1
  [a_dd] fn=45082 etat=c214 FIRE=0 BFI=1 err=0 (ecart 4 trames) | vues=7 ko=0 bfi=7
  [a_dd] fn=45087 etat=c214 FIRE=0 BFI=1 err=0 (ecart 5 trames) | vues=8 ko=0 bfi=8
  [a_dd] fn=45091 etat=c214 FIRE=0 BFI=1 err=0 (ecart 4 trames) | vues=9 ko=0 bfi=9
  [d_fn] tick=45095 tache=14 fn_report=90 fn%104=12
  [a_dd] fn=45095 etat=c214 FIRE=0 BFI=1 err=0 (ecart 4 trames) | vues=10 ko=0 bfi=10
  [sacch_tf] tick=45096 fn=44420 fn%104=12 TS2 burst=oui uns=72 one_shot=1 nwin=151
  [a_cd] fn=45096 p51=12 p102=12 etat=8040 FIRE KO L2=00 00 00 00 | ok=27 ko=28
  [a_dd] fn=45100 etat=c214 FIRE=0 BFI=1 err=0 (ecart 5 trames) | vues=11 ko=0 bfi=11
  [BSP] dedie : DESACCORD fn=44427 p51=6 p102=57 : table=1 tpu=0 (offset=2282 ref=2109, tn_fenetre=0) [2600 fois]
  [a_dd] fn=45104 etat=c214 FIRE=0 BFI=1 err=0 (ecart 4 trames) | vues=12 ko=0 bfi=12
  [a_dd] fn=45108 etat=c214 FIRE=0 BFI=1 err=0 (ecart 4 trames) | vues=13 ko=0 bfi=13
  [a_dd] fn=45113 etat=c214 FIRE=0 BFI=1 err=0 (ecart 5 trames) | vues=14 ko=0 bfi=14
  [a_fd] fn=45117 fn%13=7 etat=8080 BLUD=1 FIRE=0 d_tch_mode=ca00 L2=01 73 01 2b | ok=1 ko=0
  [a_dd] fn=45117 etat=8084 FIRE=0 BFI=1 err=58 (ecart 4 trames) | vues=15 ko=0 bfi=15
  [montant] canal dedie (side-band seq=12) : TCH/F TS2 SS=0, firmware sur le TCH (BSP deja sur le TCH, SDCCH memorise)
  [montant] FACCH UL fn=45120 task=0x000d
  [d_fn] tick=45121 tache=14 fn_report=12 fn%104=38
  [a_dd] fn=45121 etat=c214 FIRE=0 BFI=1 err=0 (ecart 4 trames) | vues=16 ko=0 bfi=16
  [montant] SACCH UL fn=45121 task=0x000e
  [sacch_tf] tick=45122 fn=44446 fn%104=38 TS2 burst=oui uns=81 one_shot=1 nwin=151
  [a_dd] fn=45126 etat=c214 FIRE=0 BFI=1 err=0 (ecart 5 trames) | vues=17 ko=0 bfi=17
  [a_dd] fn=45130 etat=c214 FIRE=0 BFI=1 err=0 (ecart 4 trames) | vues=18 ko=0 bfi=18
  [a_dd] fn=45134 etat=c214 FIRE=0 BFI=1 err=0 (ecart 4 trames) | vues=19 ko=0 bfi=19
  profil PC (46670 tranches, high-water 0xefc8) : e980:8% 8240:7% 9a80:7% 8380:6% ecc0:4% 83c0:3% 8300:3% 8200:3% 8540:3% 9a40:2% e940:2% 81c0:2%
  fn=45134   page=1 insn=85327   IDLE   d_fb_det=0     a_sch=0100 0000 0000 0000 sync=0000 153e ffff  | trames=45136 irq=0 iq=0
  hacks actifs : RHEA_DMA ; cadencement : STREAM LOCKSTEP  ; stimulus : none
  [a_dd] fn=45139 etat=c214 FIRE=0 BFI=1 err=0 (ecart 5 trames) | vues=20 ko=0 bfi=20
  [d_fn] tick=45147 tache=14 fn_report=38 fn%104=64
  [sacch_tf] tick=45148 fn=44472 fn%104=64 TS2 burst=oui uns=70 one_shot=1 nwin=151
  [a_fd] fn=45156 fn%13=7 etat=8080 BLUD=1 FIRE=0 d_tch_mode=ca00 L2=01 21 01 2b | ok=2 ko=0
  [a_fd] fn=45160 fn%13=11 etat=8080 BLUD=1 FIRE=0 d_tch_mode=ca00 L2=03 20 09 83 | ok=3 ko=0
  [montant] FACCH UL fn=45164 task=0x000d
  [d_fn] tick=45173 tache=14 fn_report=64 fn%104=90
  [sacch_tf] tick=45174 fn=44498 fn%104=90 TS2 burst=oui uns=80 one_shot=1 nwin=151
  [a_fd] fn=45195 fn%13=7 etat=8080 BLUD=1 FIRE=0 d_tch_mode=ca00 L2=03 30 09 83 | ok=4 ko=0
  [montant] FACCH UL fn=45198 task=0x000d
  [d_fn] tick=45199 tache=14 fn_report=90 fn%104=12
  [sacch_tf] tick=45200 fn=44524 fn%104=12 TS2 burst=oui uns=81 one_shot=1 nwin=151
  [a_cd] fn=45200 p51=14 p102=14 etat=8000 ok L2=07 00 03 03 | ok=28 ko=28
  [d_fn] tick=45225 tache=14 fn_report=12 fn%104=38
  [a_fd] fn=45225 fn%13=11 etat=8080 BLUD=1 FIRE=0 d_tch_mode=ca00 L2=03 31 01 2b | ok=5 ko=0
  [montant] SACCH UL fn=45225 task=0x000e
  [sacch_tf] tick=45226 fn=44550 fn%104=38 TS2 burst=oui uns=72 one_shot=1 nwin=151
  [a_fd] fn=45234 fn%13=7 etat=8080 BLUD=1 FIRE=0 d_tch_mode=ca00 L2=03 22 09 83 | ok=6 ko=0
  [montant] parole UL fn=45246
  [a5] #4000 A5/1 fn=44574 (T1=33 T2=10 T3=0) Kc=9c35f4aa6f277800 | dernier depot BSP fn=44573 (ecart +1)
  [a5-hist] #4000 recales=0 ecart(-1/0/+1/+2/autre) par fn%26 : 0:0/0/72/0/0 1:0/0/72/0/0 2:0/0/72/0/0 3:0/0/72/0/0 4:0/0/75/0/0 5:0/0/78/0/0 6:0/0/78/0/0 7:0/0/81/0/0 8:0/0/81/0/0 9:0/0/81/0/0 10:0/0/83/0/0 11:0/0/81/0/0 12:0/0/78/0/0 13:0/0/75/0/0 14:0/0/72/0/0 15:0/0/75/0/0 16:0/0/75/0/0 17:0/0/78/0/0 18:0/0/84/0/0 19:0/0/84/0/0 20:0/0/87/0/0 21:0/0/87/0/0 22:0/0/84/0/0 23:0/0/75/0/0 24:0/0/72/0/0 25:0/0/48/0/0
  [montant] parole UL fn=45250
  [d_fn] tick=45251 tache=14 fn_report=38 fn%104=64
  [sacch_tf] tick=45252 fn=44576 fn%104=64 TS2 burst=oui uns=77 one_shot=1 nwin=151
  [montant] parole UL fn=45255
  [montant] parole UL fn=45259
  [montant] parole UL fn=45263
  [montant] FACCH UL fn=45268 task=0x000d
  [montant] parole UL fn=45268
  [a_fd] fn=45269 fn%13=3 etat=8080 BLUD=1 FIRE=0 d_tch_mode=ca08 L2=03 32 09 83 | ok=7 ko=0
  [montant] FACCH UL fn=45272 task=0x000d
  [montant] FACCH UL fn=45276 task=0x000d
  [montant] parole UL fn=45276
  [d_fn] tick=45277 tache=14 fn_report=64 fn%104=90
  [sacch_tf] tick=45278 fn=44602 fn%104=90 TS2 burst=oui uns=71 one_shot=1 nwin=151
  [montant] parole UL fn=45281
  [montant] parole UL fn=45285
  [montant] parole UL fn=45289
  [montant] parole UL fn=45294
  [a_fd] fn=45295 fn%13=3 etat=8080 BLUD=1 FIRE=0 d_tch_mode=ca08 L2=03 32 09 83 | ok=8 ko=0
  [montant] parole UL fn=45302
  [BSP] dedie : DESACCORD fn=44627 p51=2 p102=53 : table=1 tpu=0 (offset=2282 ref=2109, tn_fenetre=0) [2800 fois]
  [d_fn] tick=45303 tache=14 fn_report=90 fn%104=12
  [sacch_tf] tick=45304 fn=44628 fn%104=12 TS2 burst=oui uns=77 one_shot=1 nwin=151
  [a_cd] fn=45304 p51=16 p102=16 etat=8040 FIRE KO L2=00 00 fa 92 | ok=28 ko=29
  [montant] parole UL fn=45307
  [montant] parole UL fn=45311
  [a_fd] fn=45312 fn%13=7 etat=8080 BLUD=1 FIRE=0 d_tch_mode=ca08 L2=01 41 01 2b | ok=9 ko=0
  [montant] parole UL fn=45320
  [montant] parole UL fn=45324
  [montant] parole UL fn=45328
  [d_fn] tick=45329 tache=14 fn_report=12 fn%104=38
  [montant] SACCH UL fn=45329 task=0x000e
  [sacch_tf] tick=45330 fn=44654 fn%104=38 TS2 burst=oui uns=66 one_shot=1 nwin=151
  [montant] parole UL fn=45333
  [montant] parole UL fn=45337
  [montant] parole UL fn=45341
  profil PC (107088 tranches, high-water 0xefcd) : e980:9% 8240:6% 9a80:6% 8380:6% ecc0:4% 83c0:3% e940:3% 8300:3% 8200:3% 8540:2% 9a40:2% 81c0:2%
  fn=45351   page=0 insn=85634   IDLE   d_fb_det=0     a_sch=0100 0000 0000 0000 sync=0000 153e ffff  | trames=45353 irq=0 iq=0
  [d_fn] tick=45355 tache=14 fn_report=38 fn%104=64
  [sacch_tf] tick=45356 fn=44680 fn%104=64 TS2 burst=oui uns=76 one_shot=1 nwin=151
  [d_fn] tick=45381 tache=14 fn_report=64 fn%104=90
  [sacch_tf] tick=45382 fn=44706 fn%104=90 TS2 burst=oui uns=80 one_shot=1 nwin=151
  [d_fn] tick=45407 tache=14 fn_report=90 fn%104=12
  [sacch_tf] tick=45408 fn=44732 fn%104=12 TS2 burst=oui uns=80 one_shot=1 nwin=151
  [a_cd] fn=45408 p51=18 p102=18 etat=8000 ok L2=08 00 03 03 | ok=29 ko=29
  [a5] #4500 A5/1 fn=44748 (T1=33 T2=2 T3=21) Kc=9c35f4aa6f277800 | dernier depot BSP fn=44747 (ecart +1)
  [d_fn] tick=45433 tache=14 fn_report=12 fn%104=38
  [montant] SACCH UL fn=45433 task=0x000e
  [sacch_tf] tick=45434 fn=44758 fn%104=38 TS2 burst=oui uns=85 one_shot=1 nwin=151
  [d_fn] tick=45459 tache=14 fn_report=38 fn%104=64
  [sacch_tf] tick=45460 fn=44784 fn%104=64 TS2 burst=oui uns=75 one_shot=1 nwin=151
  [d_fn] tick=45485 tache=14 fn_report=64 fn%104=90
  [sacch_tf] tick=45486 fn=44810 fn%104=90 TS2 burst=oui uns=76 one_shot=1 nwin=151
  [a_dd] fn=45490 etat=c204 FIRE=0 BFI=1 err=34 (ecart 5 trames) | vues=100 ko=0 bfi=100
  [BSP] dedie : DESACCORD fn=44827 p51=49 p102=49 : table=1 tpu=0 (offset=2282 ref=2109, tn_fenetre=0) [3000 fois]
  [d_fn] tick=45511 tache=14 fn_report=90 fn%104=12
  [sacch_tf] tick=45512 fn=44836 fn%104=12 TS2 burst=oui uns=74 one_shot=1 nwin=151
  [a_cd] fn=45512 p51=20 p102=20 etat=8000 ok L2=08 00 03 03 | ok=30 ko=29
  [d_fn] tick=45537 tache=14 fn_report=12 fn%104=38
  [montant] SACCH UL fn=45537 task=0x000e
  [sacch_tf] tick=45538 fn=44862 fn%104=38 TS2 burst=oui uns=76 one_shot=1 nwin=151
  [d_fn] tick=45563 tache=14 fn_report=38 fn%104=64
  [sacch_tf] tick=45564 fn=44888 fn%104=64 TS2 burst=oui uns=75 one_shot=1 nwin=151
  profil PC (108302 tranches, high-water 0xefce) : e980:10% 8240:6% 9a80:6% 8380:6% ecc0:4% 83c0:3% e940:3% 8300:3% 8200:3% 8540:2% 9a40:2% 81c0:2%
  fn=45568   page=1 insn=85645   IDLE   d_fb_det=0     a_sch=0100 0000 0000 0000 sync=0000 153e ffff  | trames=45570 irq=0 iq=0
  [d_fn] tick=45589 tache=14 fn_report=64 fn%104=90
  [sacch_tf] tick=45590 fn=44914 fn%104=90 TS2 burst=oui uns=84 one_shot=1 nwin=151
  [a5] #5000 A5/1 fn=44920 (T1=33 T2=18 T3=40) Kc=9c35f4aa6f277800 | dernier depot BSP fn=44919 (ecart +1)
  [d_fn] tick=45615 tache=14 fn_report=90 fn%104=12
  [sacch_tf] tick=45616 fn=44940 fn%104=12 TS2 burst=oui uns=70 one_shot=1 nwin=151
  [a_cd] fn=45616 p51=22 p102=22 etat=8000 ok L2=08 00 03 03 | ok=31 ko=29
  [d_fn] tick=45641 tache=14 fn_report=12 fn%104=38
  [montant] SACCH UL fn=45641 task=0x000e
  [sacch_tf] tick=45642 fn=44966 fn%104=38 TS2 burst=oui uns=89 one_shot=1 nwin=151
  [d_fn] tick=45667 tache=14 fn_report=38 fn%104=64
  [sacch_tf] tick=45668 fn=44992 fn%104=64 TS2 burst=oui uns=86 one_shot=1 nwin=151
  [BSP] dedie : DESACCORD fn=45027 p51=45 p102=45 : table=1 tpu=0 (offset=2282 ref=2109, tn_fenetre=0) [3200 fois]
  [montant] SACCH UL fn=45745 task=0x000e
  [a5] #5500 A5/1 fn=45094 (T1=34 T2=10 T3=10) Kc=9c35f4aa6f277800 | dernier depot BSP fn=45093 (ecart +1)
  profil PC (108081 tranches, high-water 0xefce) : e980:10% 8240:6% 9a80:6% 8380:6% ecc0:4% 83c0:3% e940:3% 8300:3% 8200:3% 8540:2% 9a40:2% 81c0:2%
  fn=45785   page=0 insn=1357    IDLE   d_fb_det=0     a_sch=0100 0000 0000 0000 sync=0000 153e ffff  | trames=45787 irq=0 iq=0
  [montant] SACCH UL fn=45849 task=0x000e
  [BSP] dedie : DESACCORD fn=45227 p51=41 p102=41 : table=1 tpu=0 (offset=2282 ref=2109, tn_fenetre=0) [3400 fois]
  [a_dd] fn=45923 etat=c204 FIRE=0 BFI=1 err=20 (ecart 4 trames) | vues=200 ko=0 bfi=200
  [a5] #6000 A5/1 fn=45268 (T1=34 T2=2 T3=31) Kc=9c35f4aa6f277800 | dernier depot BSP fn=45267 (ecart +1)
  [a5-hist] #6000 recales=0 ecart(-1/0/+1/+2/autre) par fn%26 : 0:0/0/81/0/0 1:0/0/81/0/0 2:0/0/79/0/0 3:0/0/78/0/0 4:0/0/78/0/0 5:0/0/78/0/0 6:0/0/78/0/0 7:0/0/78/0/0 8:0/0/78/0/0 9:0/0/78/0/0 10:0/0/79/0/0 11:0/0/81/0/0 12:0/0/81/0/0 13:0/0/81/0/0 14:0/0/81/0/0 15:0/0/81/0/0 16:0/0/81/0/0 17:0/0/81/0/0 18:0/0/81/0/0 19:0/0/81/0/0 20:0/0/81/0/0 21:0/0/81/0/0 22:0/0/81/0/0 23:0/0/81/0/0 24:0/0/81/0/0
  [montant] SACCH UL fn=45953 task=0x000e
  [chrono] fn=45998 sur 1000 trames (ms) : qemu 2.13 | A 0.20 | go 0.28 | B 0.10 | apres DONE 1.91 | trame 4.62 (temps reel 4.62)
  profil PC (108299 tranches, high-water 0xefce) : e980:10% 8240:6% 9a80:6% 8380:6% ecc0:4% 83c0:3% e940:3% 8300:3% 8200:3% 8540:2% 9a40:2% 81c0:2%
  fn=46002   page=1 insn=14400   IDLE   d_fb_det=0     a_sch=0100 0000 0000 0000 sync=0000 153e ffff  | trames=46004 irq=0 iq=0
  [montant] SACCH UL fn=46057 task=0x000e
  [BSP] dedie : DESACCORD fn=45427 p51=37 p102=37 : table=1 tpu=0 (offset=2282 ref=2109, tn_fenetre=0) [3600 fois]
  [a5] #6500 A5/1 fn=45440 (T1=34 T2=18 T3=50) Kc=9c35f4aa6f277800 | dernier depot BSP fn=45439 (ecart +1)
  [montant] SACCH UL fn=46161 task=0x000e
  profil PC (108307 tranches, high-water 0xefce) : e980:10% 8240:6% 9a80:6% 8380:6% ecc0:4% 83c0:3% e940:3% 8300:3% 8200:3% 8540:2% 9a40:2% 81c0:2%
  fn=46219   page=0 insn=14404   IDLE   d_fb_det=0     a_sch=0100 0000 0000 0000 sync=0000 153e ffff  | trames=46221 irq=0 iq=0
  [ts0] tick=46222 fn=45546 p51=3 NB fenetre=151 marge=3 rif_avant=0  <- canal dedie
  [montant] SACCH UL fn=46265 task=0x000e
  [a5] #7000 A5/1 fn=45614 (T1=34 T2=10 T3=20) Kc=9c35f4aa6f277800 | dernier depot BSP fn=45613 (ecart +1)
  [BSP] dedie : DESACCORD fn=45627 p51=33 p102=33 : table=1 tpu=0 (offset=2282 ref=2109, tn_fenetre=0) [3800 fois]
  [a_dd] fn=46356 etat=c204 FIRE=0 BFI=1 err=26 (ecart 4 trames) | vues=300 ko=0 bfi=300
  [montant] SACCH UL fn=46369 task=0x000e
  profil PC (108082 tranches, high-water 0xefce) : e980:10% 8240:6% 9a80:6% 8380:6% ecc0:4% 83c0:3% e940:3% 8300:3% 8200:3% 8540:2% 9a40:2% 81c0:2%
  fn=46436   page=1 insn=14402   IDLE   d_fb_det=0     a_sch=0100 0000 0000 0000 sync=0000 153e ffff  | trames=46438 irq=0 iq=0
  [a5] #7500 A5/1 fn=45788 (T1=34 T2=2 T3=41) Kc=9c35f4aa6f277800 | dernier depot BSP fn=45787 (ecart +1)
  [montant] SACCH UL fn=46473 task=0x000e
  [BSP] dedie : DESACCORD fn=45827 p51=29 p102=29 : table=1 tpu=0 (offset=2282 ref=2109, tn_fenetre=0) [4000 fois]
  [montant] SACCH UL fn=46577 task=0x000e
  [a5] #8000 A5/1 fn=45960 (T1=34 T2=18 T3=9) Kc=9c35f4aa6f277800 | dernier depot BSP fn=45959 (ecart +1)
  [a5-hist] #8000 recales=0 ecart(-1/0/+1/+2/autre) par fn%26 : 0:0/0/78/0/0 1:0/0/78/0/0 2:0/0/80/0/0 3:0/0/81/0/0 4:0/0/81/0/0 5:0/0/81/0/0 6:0/0/81/0/0 7:0/0/81/0/0 8:0/0/81/0/0 9:0/0/81/0/0 10:0/0/81/0/0 11:0/0/81/0/0 12:0/0/81/0/0 13:0/0/81/0/0 14:0/0/81/0/0 15:0/0/81/0/0 16:0/0/81/0/0 17:0/0/81/0/0 18:0/0/81/0/0 19:0/0/78/0/0 20:0/0/78/0/0 21:0/0/78/0/0 22:0/0/78/0/0 23:0/0/78/0/0 24:0/0/78/0/0
  profil PC (108295 tranches, high-water 0xefce) : e980:10% 8240:6% 9a80:6% 8380:6% ecc0:4% 83c0:3% e940:3% 8300:3% 8200:3% 8540:2% 9a40:2% 81c0:2%
  fn=46653   page=0 insn=14415   IDLE   d_fb_det=0     a_sch=0100 0000 0000 0000 sync=0000 153e ffff  | trames=46655 irq=0 iq=0
  [montant] SACCH UL fn=46681 task=0x000e
  [BSP] dedie : DESACCORD fn=46027 p51=25 p102=25 : table=1 tpu=0 (offset=2282 ref=2109, tn_fenetre=0) [4200 fois]
  [montant] SACCH UL fn=46785 task=0x000e
  [a_dd] fn=46790 etat=c204 FIRE=0 BFI=1 err=22 (ecart 5 trames) | vues=400 ko=0 bfi=400
  [a5] #8500 A5/1 fn=46134 (T1=34 T2=10 T3=30) Kc=9c35f4aa6f277800 | dernier depot BSP fn=46133 (ecart +1)
  profil PC (108650 tranches, high-water 0xefcd) : e980:10% 8240:6% 9a80:6% 8380:6% ecc0:4% 83c0:3% e940:3% 8300:3% 8200:3% 8540:2% 9a40:2% 81c0:2%
  fn=46870   page=1 insn=14418   IDLE   d_fb_det=0     a_sch=0100 0000 0000 0000 sync=0000 153e ffff  | trames=46872 irq=0 iq=0
  hacks actifs : RHEA_DMA ; cadencement : STREAM LOCKSTEP  ; stimulus : none
  [montant] SACCH UL fn=46889 task=0x000e
  [BSP] dedie : DESACCORD fn=46227 p51=21 p102=21 : table=1 tpu=0 (offset=2282 ref=2109, tn_fenetre=0) [4400 fois]
  [a5] #9000 A5/1 fn=46308 (T1=34 T2=2 T3=0) Kc=9c35f4aa6f277800 | dernier depot BSP fn=46307 (ecart +1)
  [montant] SACCH UL fn=46993 task=0x000e
  [chrono] fn=46998 sur 1000 trames (ms) : qemu 1.92 | A 0.21 | go 0.28 | B 0.10 | apres DONE 2.11 | trame 4.62 (temps reel 4.62)
  [montant] FACCH UL fn=47044 task=0x000d
  profil PC (108098 tranches, high-water 0xefce) : e980:10% 8240:6% 9a80:6% 8380:6% ecc0:4% 83c0:3% e940:3% 8300:3% 8200:3% 8540:2% 9a40:2% 81c0:2%
  fn=47087   page=0 insn=14415   IDLE   d_fb_det=0     a_sch=0100 0000 0000 0000 sync=0000 153e ffff  | trames=47089 irq=0 iq=0
  [a_fd] fn=47089 fn%13=3 etat=8080 BLUD=1 FIRE=0 d_tch_mode=ca08 L2=01 61 01 2b | ok=10 ko=0
  [a_fd] fn=47093 fn%13=7 etat=8080 BLUD=1 FIRE=0 d_tch_mode=ca00 L2=03 64 19 83 | ok=11 ko=0
  [montant] FACCH UL fn=47096 task=0x000d
  [montant] SACCH UL fn=47097 task=0x000e
  [montant] FACCH UL fn=47101 task=0x000d
  [BSP] dedie : DESACCORD fn=46427 p51=17 p102=17 : table=1 tpu=0 (offset=2282 ref=2109, tn_fenetre=0) [4600 fois]
  [a_fd] fn=47128 fn%13=3 etat=8080 BLUD=1 FIRE=0 d_tch_mode=ca00 L2=03 74 19 83 | ok=12 ko=0
  [montant] FACCH UL fn=47131 task=0x000d
  [a_fd] fn=47145 fn%13=7 etat=8080 BLUD=1 FIRE=0 d_tch_mode=ca00 L2=01 81 01 2b | ok=13 ko=0
  [a5] #9500 A5/1 fn=46480 (T1=35 T2=18 T3=19) Kc=9c35f4aa6f277800 | dernier depot BSP fn=46479 (ecart +1)
  [a_fd] fn=47158 fn%13=7 etat=8080 BLUD=1 FIRE=0 d_tch_mode=ca00 L2=03 91 01 2b | ok=14 ko=0
  [a_fd] fn=47171 fn%13=7 etat=8080 BLUD=1 FIRE=0 d_tch_mode=ca00 L2=03 86 0d 06 | ok=15 ko=0
  [montant] FACCH UL fn=47174 task=0x000d
  [montant] FACCH UL fn=47179 task=0x000d
  [a_fd] fn=47206 fn%13=3 etat=8080 BLUD=1 FIRE=0 d_tch_mode=ca00 L2=03 96 0d 06 | ok=16 ko=0
  [a_fd] fn=47223 fn%13=7 etat=8080 BLUD=1 FIRE=0 d_tch_mode=ca00 L2=01 73 01 2b | ok=17 ko=0
  [a_dd] fn=47223 etat=8084 FIRE=0 BFI=1 err=58 (ecart 4 trames) | vues=500 ko=0 bfi=500
  [a5-arm] tick=47224 d_a5mode=0 a_kc=7800 6f27 f4aa 9c35  (BSP sur le TCH)
  [montant] retour en clair (seq=13)
  [montant] tache FB postee : le mobile cherche la synchro, canal dedie libere (TS0 rendu au FCCH/SCH)
  [jalon] fn=47239 d_fb_det=1  hacks=RHEA_DMA
  [sbwin] SB #4170 fn=46564 p51=1 tick=47240 : armee=0 one_shot=0 page_prog=48 rif_avant=0 nwin=0 marge=0 -> DMA NON ARMEE (le RIF jette) : SCH memorise pour la fenetre SB (dans une vraie fenetre SB : 37/4170)
  [jalon] fn=47249 d_fb_det=1  hacks=RHEA_DMA
  [sbwin] SB #4171 fn=46574 p51=11 tick=47250 : armee=0 one_shot=0 page_prog=48 rif_avant=0 nwin=0 marge=0 -> DMA NON ARMEE (le RIF jette) : SCH memorise pour la fenetre SB (dans une vraie fenetre SB : 37/4171)
  [cmd] fn=47258 tache SB postee par l'ARM (W0 md=6 W1 md=0)
  [sb] fn=47258 p51=32 | FB a fn=47249 toa=8743 pm=5424 ang=-1 | TOA-ROM=8743 src=fine | a_sch=0100 crc_ko
  [a_sch] fn=47259 page=0 : 0100 0000 0000 0000 -> 8100 0016 f85d 01fb  (d_dsp_page=0003) TOA=0 PM=5521 SNR=12 crc_ko
  [sbwin] SB #4172 fn=46584 p51=21 tick=47260 : armee=1 one_shot=1 page_prog=191 rif_avant=0 nwin=191 marge=21 -> FENETRE SB (one-shot) (dans une vraie fenetre SB : 38/4172)
  [a_sch] fn=47260 page=1 : 0100 0000 0000 0000 -> 8000 06ce 111c 00c9  (d_dsp_page=0003) TOA=23 PM=5376 SNR=3001 CRC_OK
  [jalon] fn=47260 SB PLAUSIBLE page=1 BSIC=7 a_sch=8000 06ce 111c 00c9  hacks=RHEA_DMA
  [a_sch] fn=47261 page=0 : 8100 0016 f85d 01fb -> 0100 0000 0000 0000  (d_dsp_page=0003) TOA=0 PM=0 SNR=0 crc_ko
  [sbwin] SB #4173 fn=46594 p51=31 tick=47270 : armee=0 one_shot=0 page_prog=191 rif_avant=0 nwin=0 marge=0 -> DMA NON ARMEE (le RIF jette) : SCH memorise pour la fenetre SB (dans une vraie fenetre SB : 38/4173)
  [sbwin] SB #4174 fn=46604 p51=41 tick=47280 : armee=0 one_shot=0 page_prog=191 rif_avant=0 nwin=0 marge=0 -> DMA NON ARMEE (le RIF jette) : SCH memorise pour la fenetre SB (dans une vraie fenetre SB : 38/4174)
  [sbwin] SB #4175 fn=46615 p51=1 tick=47291 : armee=0 one_shot=0 page_prog=191 rif_avant=0 nwin=0 marge=0 -> DMA NON ARMEE (le RIF jette) : SCH memorise pour la fenetre SB (dans une vraie fenetre SB : 38/4175)
  [a_sch] fn=47294 page=1 : 8000 06ce 111c 00c9 -> 0100 0000 0000 0000  (d_dsp_page=0003) TOA=0 PM=0 SNR=0 crc_ko
  [sbwin] SB #4176 fn=46625 p51=11 tick=47301 : armee=0 one_shot=0 page_prog=151 rif_avant=0 nwin=0 marge=0 -> DMA NON ARMEE (le RIF jette) : SCH memorise pour la fenetre SB (dans une vraie fenetre SB : 38/4176)
  profil PC (79280 tranches, high-water 0xefcd) : e980:8% 9a80:6% 8240:6% 8380:5% ecc0:4% 83c0:3% 8300:2% e940:2% 8200:2% 8540:2% 77c0:2% 9a40:2%
  fn=47304   page=0 insn=13661   IDLE   d_fb_det=0     a_sch=0100 0000 0000 0000 sync=0000 1530 ffff  | trames=47306 irq=0 iq=0
  [sbwin] SB #4180 fn=46666 p51=1 tick=47342 : armee=0 one_shot=0 page_prog=151 rif_avant=0 nwin=0 marge=0 -> DMA NON ARMEE (le RIF jette) : SCH memorise pour la fenetre SB (dans une vraie fenetre SB : 38/4180)
  [montant] canal dedie (side-band seq=13) : libere TS0 SDCCH/4 SS=0
pont : canal dedie libere : TS0 SDCCH/8 SS=0
  [montant] TCH (seq=0) : annonce TS2 retiree (le firmware n'y etait pas)
  [sbwin] SB #4190 fn=46768 p51=1 tick=47444 : armee=0 one_shot=0 page_prog=151 rif_avant=0 nwin=0 marge=0 -> DMA NON ARMEE (le RIF jette) : SCH memorise pour la fenetre SB (dans une vraie fenetre SB : 38/4190)
  profil PC (22439 tranches, high-water 0xde91) : 9a80:12% 8240:11% 8380:10% 83c0:5% 8200:5% 8300:4% 8540:4% 9a40:4% a0c0:4% 81c0:3% 82c0:3% 9a00:2%
  fn=47521   page=1 insn=119     IDLE   d_fb_det=0     a_sch=0100 0000 0000 0000 sync=0000 1530 ffff  | trames=47523 irq=0 iq=0
  [sbwin] SB #4200 fn=46870 p51=1 tick=47546 : armee=0 one_shot=0 page_prog=151 rif_avant=0 nwin=0 marge=0 -> DMA NON ARMEE (le RIF jette) : SCH memorise pour la fenetre SB (dans une vraie fenetre SB : 38/4200)
  [jalon] fn=47606 d_fb_det=1  hacks=RHEA_DMA
  [sbwin] SB #4206 fn=46931 p51=11 tick=47607 : armee=0 one_shot=0 page_prog=48 rif_avant=0 nwin=0 marge=0 -> DMA NON ARMEE (le RIF jette) : SCH memorise pour la fenetre SB (dans une vraie fenetre SB : 38/4206)
  [jalon] fn=47616 d_fb_det=1  hacks=RHEA_DMA
  [sbwin] SB #4207 fn=46941 p51=21 tick=47617 : armee=0 one_shot=0 page_prog=48 rif_avant=0 nwin=0 marge=0 -> DMA NON ARMEE (le RIF jette) : SCH memorise pour la fenetre SB (dans une vraie fenetre SB : 38/4207)
  [cmd] fn=47625 tache SB postee par l'ARM (W0 md=6 W1 md=0)
  [sb] fn=47625 p51=42 | FB a fn=47616 toa=8743 pm=5424 ang=-1 | TOA-ROM=8743 src=fine | a_sch=0100 crc_ko
  [a_sch] fn=47626 page=0 : 0100 0000 0000 0000 -> 8100 0016 f85d 01fb  (d_dsp_page=0003) TOA=0 PM=5521 SNR=12 crc_ko
  [sbwin] SB #4208 fn=46951 p51=31 tick=47627 : armee=1 one_shot=1 page_prog=191 rif_avant=0 nwin=191 marge=21 -> FENETRE SB (one-shot) (dans une vraie fenetre SB : 39/4208)
  [a_sch] fn=47627 page=1 : 0100 0000 0000 0000 -> 8100 88cc 644d 01d5  (d_dsp_page=0003) TOA=23 PM=5372 SNR=16384 crc_ko
  [a_sch] fn=47628 page=0 : 8100 0016 f85d 01fb -> 0100 0000 0000 0000  (d_dsp_page=0003) TOA=0 PM=0 SNR=0 crc_ko
  [a_sch] fn=47629 page=1 : 8100 88cc 644d 01d5 -> 0100 0000 0000 0000  (d_dsp_page=0003) TOA=0 PM=0 SNR=0 crc_ko
  [jalon] fn=47636 d_fb_det=1  hacks=RHEA_DMA
  [sbwin] SB #4209 fn=46961 p51=41 tick=47637 : armee=0 one_shot=0 page_prog=48 rif_avant=0 nwin=0 marge=0 -> DMA NON ARMEE (le RIF jette) : SCH memorise pour la fenetre SB (dans une vraie fenetre SB : 39/4209)
  [jalon] fn=47647 d_fb_det=1  hacks=RHEA_DMA
  [sbwin] SB #4210 fn=46972 p51=1 tick=47648 : armee=0 one_shot=0 page_prog=48 rif_avant=0 nwin=0 marge=0 -> DMA NON ARMEE (le RIF jette) : SCH memorise pour la fenetre SB (dans une vraie fenetre SB : 39/4210)
  [cmd] fn=47656 tache SB postee par l'ARM (W0 md=6 W1 md=0)
  [sb] fn=47656 p51=22 | FB a fn=47647 toa=9995 pm=5438 ang=-1 | TOA-ROM=9995 src=fine | a_sch=0100 crc_ko
  [a_sch] fn=47657 page=0 : 0100 0000 0000 0000 -> 8100 0016 f85d 01fb  (d_dsp_page=0003) TOA=0 PM=5521 SNR=12 crc_ko
  [sbwin] SB #4211 fn=46982 p51=11 tick=47658 : armee=1 one_shot=1 page_prog=191 rif_avant=0 nwin=191 marge=21 -> FENETRE SB (one-shot) (dans une vraie fenetre SB : 40/4211)
  [a_sch] fn=47658 page=1 : 0100 0000 0000 0000 -> 8100 00fa eba6 00ad  (d_dsp_page=0003) TOA=23 PM=5363 SNR=16384 crc_ko
  [a_sch] fn=47659 page=0 : 8100 0016 f85d 01fb -> 0100 0000 0000 0000  (d_dsp_page=0003) TOA=0 PM=0 SNR=0 crc_ko
  [a_sch] fn=47660 page=1 : 8100 00fa eba6 00ad -> 0100 0000 0000 0000  (d_dsp_page=0003) TOA=0 PM=0 SNR=0 crc_ko
  [jalon] fn=47667 d_fb_det=1  hacks=RHEA_DMA
  [sbwin] SB #4212 fn=46992 p51=21 tick=47668 : armee=0 one_shot=0 page_prog=48 rif_avant=0 nwin=0 marge=0 -> DMA NON ARMEE (le RIF jette) : SCH memorise pour la fenetre SB (dans une vraie fenetre SB : 40/4212)
  [jalon] fn=47677 d_fb_det=1  hacks=RHEA_DMA
  [sbwin] SB #4213 fn=47002 p51=31 tick=47678 : armee=0 one_shot=0 page_prog=48 rif_avant=0 nwin=0 marge=0 -> DMA NON ARMEE (le RIF jette) : SCH memorise pour la fenetre SB (dans une vraie fenetre SB : 40/4213)
  [cmd] fn=47686 tache SB postee par l'ARM (W0 md=6 W1 md=0)
  [sb] fn=47686 p51=1 | FB a fn=47677 toa=8743 pm=5424 ang=-1 | TOA-ROM=8743 src=fine | a_sch=0100 crc_ko
  [a_sch] fn=47687 page=0 : 0100 0000 0000 0000 -> 8100 0016 f85d 01fb  (d_dsp_page=0003) TOA=0 PM=5521 SNR=12 crc_ko
  [sbwin] SB #4214 fn=47012 p51=41 tick=47688 : armee=1 one_shot=1 page_prog=191 rif_avant=0 nwin=191 marge=21 -> FENETRE SB (one-shot) (dans une vraie fenetre SB : 41/4214)
  [a_sch] fn=47688 page=1 : 0100 0000 0000 0000 -> 8000 03c6 111c 0092  (d_dsp_page=0003) TOA=23 PM=5344 SNR=16384 CRC_OK
  [jalon] fn=47688 SB PLAUSIBLE page=1 BSIC=7 a_sch=8000 03c6 111c 0092  hacks=RHEA_DMA
  [a_sch] fn=47689 page=0 : 8100 0016 f85d 01fb -> 0100 0000 0000 0000  (d_dsp_page=0003) TOA=0 PM=0 SNR=0 crc_ko
  [sbwin] SB #4215 fn=47023 p51=1 tick=47699 : armee=0 one_shot=0 page_prog=191 rif_avant=0 nwin=0 marge=0 -> DMA NON ARMEE (le RIF jette) : SCH memorise pour la fenetre SB (dans une vraie fenetre SB : 41/4215)
  [a_sch] fn=47702 page=1 : 8000 03c6 111c 0092 -> 0100 0000 0000 0000  (d_dsp_page=0003) TOA=0 PM=0 SNR=0 crc_ko
  [sbwin] SB #4216 fn=47033 p51=11 tick=47709 : armee=0 one_shot=0 page_prog=151 rif_avant=0 nwin=0 marge=0 -> DMA NON ARMEE (le RIF jette) : SCH memorise pour la fenetre SB (dans une vraie fenetre SB : 41/4216)
  [sbwin] SB #4217 fn=47043 p51=21 tick=47719 : armee=0 one_shot=0 page_prog=151 rif_avant=0 nwin=0 marge=0 -> DMA NON ARMEE (le RIF jette) : SCH memorise pour la fenetre SB (dans une vraie fenetre SB : 41/4217)
  [sbwin] SB #4218 fn=47053 p51=31 tick=47729 : armee=0 one_shot=0 page_prog=151 rif_avant=0 nwin=0 marge=0 -> DMA NON ARMEE (le RIF jette) : SCH memorise pour la fenetre SB (dans une vraie fenetre SB : 41/4218)
  profil PC (28318 tranches, high-water 0xde92) : 77c0:13% 7800:7% 7840:6% 78c0:6% 9a80:4% 8240:4% 8380:4% a680:3% b2c0:3% 7a00:2% 83c0:2% 8300:2%
  fn=47738   page=1 insn=119     IDLE   d_fb_det=0     a_sch=0100 0000 0000 0000 sync=0000 1530 ffff  | trames=47740 irq=0 iq=0
  [sbwin] SB #4220 fn=47074 p51=1 tick=47750 : armee=0 one_shot=0 page_prog=151 rif_avant=0 nwin=0 marge=0 -> DMA NON ARMEE (le RIF jette) : SCH memorise pour la fenetre SB (dans une vraie fenetre SB : 41/4220)
  [sbwin] SB #4230 fn=47176 p51=1 tick=47852 : armee=0 one_shot=0 page_prog=151 rif_avant=0 nwin=0 marge=0 -> DMA NON ARMEE (le RIF jette) : SCH memorise pour la fenetre SB (dans une vraie fenetre SB : 41/4230)
  [sbwin] SB #4240 fn=47278 p51=1 tick=47954 : armee=0 one_shot=0 page_prog=151 rif_avant=0 nwin=0 marge=0 -> DMA NON ARMEE (le RIF jette) : SCH memorise pour la fenetre SB (dans une vraie fenetre SB : 41/4240)
  profil PC (20839 tranches, high-water 0xde91) : 9a80:11% 8240:11% 8380:10% 83c0:5% 8200:5% 8300:4% 8540:4% 9a40:4% a0c0:3% 81c0:3% 82c0:3% 9a00:2%
  fn=47955   page=0 insn=13777   IDLE   d_fb_det=0     a_sch=0100 0000 0000 0000 sync=0000 1530 ffff  | trames=47957 irq=0 iq=0
  [chrono] fn=47998 sur 1000 trames (ms) : qemu 3.11 | A 0.08 | go 0.28 | B 0.18 | apres DONE 0.96 | trame 4.61 (temps reel 4.62)
  [jalon] fn=48014 d_fb_det=1  hacks=RHEA_DMA
  [sbwin] SB #4246 fn=47339 p51=11 tick=48015 : armee=0 one_shot=0 page_prog=48 rif_avant=0 nwin=0 marge=0 -> DMA NON ARMEE (le RIF jette) : SCH memorise pour la fenetre SB (dans une vraie fenetre SB : 41/4246)
  [jalon] fn=48024 d_fb_det=1  hacks=RHEA_DMA
  [sbwin] SB #4247 fn=47349 p51=21 tick=48025 : armee=0 one_shot=0 page_prog=48 rif_avant=0 nwin=0 marge=0 -> DMA NON ARMEE (le RIF jette) : SCH memorise pour la fenetre SB (dans une vraie fenetre SB : 41/4247)
  [cmd] fn=48033 tache SB postee par l'ARM (W0 md=6 W1 md=0)
  [sb] fn=48033 p51=42 | FB a fn=48024 toa=8743 pm=5424 ang=-1 | TOA-ROM=8743 src=fine | a_sch=0100 crc_ko
  [a_sch] fn=48034 page=0 : 0100 0000 0000 0000 -> 8100 0016 f85d 01fb  (d_dsp_page=0003) TOA=0 PM=5521 SNR=12 crc_ko
  [sbwin] SB #4248 fn=47359 p51=31 tick=48035 : armee=1 one_shot=1 page_prog=191 rif_avant=0 nwin=191 marge=21 -> FENETRE SB (one-shot) (dans une vraie fenetre SB : 42/4248)
  [a_sch] fn=48035 page=1 : 0100 0000 0000 0000 -> 8000 03c1 111c 01b5  (d_dsp_page=0003) TOA=23 PM=5363 SNR=16384 CRC_OK
  [jalon] fn=48035 SB PLAUSIBLE page=1 BSIC=7 a_sch=8000 03c1 111c 01b5  hacks=RHEA_DMA
  [a_sch] fn=48036 page=0 : 8100 0016 f85d 01fb -> 0100 0000 0000 0000  (d_dsp_page=0003) TOA=0 PM=0 SNR=0 crc_ko
  [sbwin] SB #4249 fn=47369 p51=41 tick=48045 : armee=0 one_shot=0 page_prog=64 rif_avant=0 nwin=0 marge=0 -> DMA NON ARMEE (le RIF jette) : SCH memorise pour la fenetre SB (dans une vraie fenetre SB : 42/4249)
  [sbwin] SB #4250 fn=47380 p51=1 tick=48056 : armee=0 one_shot=0 page_prog=64 rif_avant=0 nwin=0 marge=0 -> DMA NON ARMEE (le RIF jette) : SCH memorise pour la fenetre SB (dans une vraie fenetre SB : 42/4250)
  [a_sch] fn=48056 page=1 : 8000 03c1 111c 01b5 -> 0100 0000 0000 0000  (d_dsp_page=0002) TOA=0 PM=0 SNR=0 crc_ko
  [sbwin] SB #4251 fn=47390 p51=11 tick=48066 : armee=0 one_shot=0 page_prog=64 rif_avant=0 nwin=0 marge=0 -> DMA NON ARMEE (le RIF jette) : SCH memorise pour la fenetre SB (dans une vraie fenetre SB : 42/4251)
  [sbwin] SB #4252 fn=47400 p51=21 tick=48076 : armee=0 one_shot=0 page_prog=64 rif_avant=0 nwin=0 marge=0 -> DMA NON ARMEE (le RIF jette) : SCH memorise pour la fenetre SB (dans une vraie fenetre SB : 42/4252)
  [sbwin] SB #4260 fn=47482 p51=1 tick=48158 : armee=0 one_shot=0 page_prog=64 rif_avant=0 nwin=0 marge=0 -> DMA NON ARMEE (le RIF jette) : SCH memorise pour la fenetre SB (dans une vraie fenetre SB : 42/4260)
  profil PC (26250 tranches, high-water 0xde92) : 9a80:9% 8240:9% 8380:8% 83c0:4% 77c0:4% 8200:4% 8300:4% 8540:3% 9a40:3% a0c0:3% 81c0:2% 82c0:2%
  fn=48172   page=0 insn=36252   IDLE   d_fb_det=0     a_sch=0100 0000 0000 0000 sync=0000 1530 ffff  | trames=48174 irq=0 iq=0
  [sbwin] SB #4270 fn=47584 p51=1 tick=48260 : armee=0 one_shot=0 page_prog=64 rif_avant=0 nwin=0 marge=0 -> DMA NON ARMEE (le RIF jette) : SCH memorise pour la fenetre SB (dans une vraie fenetre SB : 42/4270)
  [sbwin] SB #4280 fn=47686 p51=1 tick=48362 : armee=0 one_shot=0 page_prog=64 rif_avant=0 nwin=0 marge=0 -> DMA NON ARMEE (le RIF jette) : SCH memorise pour la fenetre SB (dans une vraie fenetre SB : 42/4280)
  profil PC (22303 tranches, high-water 0xde91) : 9a80:11% 8240:11% 8380:10% 83c0:5% 8200:5% 8300:4% 8540:4% 9a40:4% a0c0:3% 81c0:3% 82c0:3% 9a00:2%
  fn=48389   page=1 insn=119     IDLE   d_fb_det=0     a_sch=0100 0000 0000 0000 sync=0000 1530 ffff  | trames=48391 irq=0 iq=0
  [sbwin] SB #4290 fn=47788 p51=1 tick=48464 : armee=0 one_shot=0 page_prog=64 rif_avant=0 nwin=0 marge=0 -> DMA NON ARMEE (le RIF jette) : SCH memorise pour la fenetre SB (dans une vraie fenetre SB : 42/4290)
  [sbwin] SB #4300 fn=47890 p51=1 tick=48566 : armee=0 one_shot=0 page_prog=64 rif_avant=0 nwin=0 marge=0 -> DMA NON ARMEE (le RIF jette) : SCH memorise pour la fenetre SB (dans une vraie fenetre SB : 42/4300)
  [jalon] fn=48595 d_fb_det=1  hacks=RHEA_DMA
  [sbwin] SB #4303 fn=47920 p51=31 tick=48596 : armee=0 one_shot=0 page_prog=48 rif_avant=0 nwin=0 marge=0 -> DMA NON ARMEE (le RIF jette) : SCH memorise pour la fenetre SB (dans une vraie fenetre SB : 42/4303)
  [jalon] fn=48605 d_fb_det=1  hacks=RHEA_DMA
  [sbwin] SB #4304 fn=47930 p51=41 tick=48606 : armee=0 one_shot=0 page_prog=48 rif_avant=0 nwin=0 marge=0 -> DMA NON ARMEE (le RIF jette) : SCH memorise pour la fenetre SB (dans une vraie fenetre SB : 42/4304)
  profil PC (28213 tranches, high-water 0xde91) : 8240:8% 9a80:8% 77c0:7% 8380:7% 7800:4% 83c0:4% 8200:3% 8300:3% 8540:3% 9a40:2% a0c0:2% 7840:2%
  fn=48606   page=0 insn=119     IDLE   d_fb_det=0     a_sch=0100 0000 0000 0000 sync=0000 1530 ffff  | trames=48608 irq=0 iq=0
  hacks actifs : RHEA_DMA ; cadencement : STREAM LOCKSTEP  ; stimulus : none
  [cmd] fn=48614 tache SB postee par l'ARM (W0 md=6 W1 md=0)
  [sb] fn=48614 p51=11 | FB a fn=48605 toa=8743 pm=5424 ang=-1 | TOA-ROM=8743 src=fine | a_sch=0100 crc_ko
  [a_sch] fn=48615 page=0 : 0100 0000 0000 0000 -> 8100 0172 86be 0060  (d_dsp_page=0003) TOA=23 PM=5416 SNR=427 crc_ko
  [a_sch] fn=48616 page=1 : 0100 0000 0000 0000 -> 8100 0016 f85d 01fb  (d_dsp_page=0003) TOA=0 PM=5521 SNR=12 crc_ko
  [sbwin] SB #4305 fn=47941 p51=1 tick=48617 : armee=0 one_shot=0 page_prog=191 rif_avant=0 nwin=0 marge=0 -> DMA NON ARMEE (le RIF jette) : SCH memorise pour la fenetre SB (dans une vraie fenetre SB : 42/4305)
  [a_sch] fn=48617 page=0 : 8100 0172 86be 0060 -> 0100 0000 0000 0000  (d_dsp_page=0003) TOA=0 PM=0 SNR=0 crc_ko
  [a_sch] fn=48618 page=1 : 8100 0016 f85d 01fb -> 0100 0000 0000 0000  (d_dsp_page=0003) TOA=0 PM=0 SNR=0 crc_ko
  [jalon] fn=48626 d_fb_det=1  hacks=RHEA_DMA
  [sbwin] SB #4306 fn=47951 p51=11 tick=48627 : armee=0 one_shot=0 page_prog=48 rif_avant=0 nwin=0 marge=0 -> DMA NON ARMEE (le RIF jette) : SCH memorise pour la fenetre SB (dans une vraie fenetre SB : 42/4306)
  [jalon] fn=48636 d_fb_det=1  hacks=RHEA_DMA
  [sbwin] SB #4307 fn=47961 p51=21 tick=48637 : armee=0 one_shot=0 page_prog=48 rif_avant=0 nwin=0 marge=0 -> DMA NON ARMEE (le RIF jette) : SCH memorise pour la fenetre SB (dans une vraie fenetre SB : 42/4307)
  [cmd] fn=48645 tache SB postee par l'ARM (W0 md=6 W1 md=0)
  [sb] fn=48645 p51=42 | FB a fn=48636 toa=8743 pm=5424 ang=-1 | TOA-ROM=8743 src=fine | a_sch=0100 crc_ko
  [a_sch] fn=48646 page=0 : 0100 0000 0000 0000 -> 8100 0016 f85d 01fb  (d_dsp_page=0003) TOA=0 PM=5521 SNR=12 crc_ko
  [sbwin] SB #4308 fn=47971 p51=31 tick=48647 : armee=1 one_shot=1 page_prog=191 rif_avant=0 nwin=191 marge=21 -> FENETRE SB (one-shot) (dans une vraie fenetre SB : 43/4308)
  [a_sch] fn=48647 page=1 : 0100 0000 0000 0000 -> 8000 8f3a 121c 0105  (d_dsp_page=0003) TOA=23 PM=5344 SNR=16384 CRC_OK
  [jalon] fn=48647 SB PLAUSIBLE page=1 BSIC=7 a_sch=8000 8f3a 121c 0105  hacks=RHEA_DMA
  [a_sch] fn=48648 page=0 : 8100 0016 f85d 01fb -> 0100 0000 0000 0000  (d_dsp_page=0003) TOA=0 PM=0 SNR=0 crc_ko
  [sbwin] SB #4309 fn=47981 p51=41 tick=48657 : armee=0 one_shot=0 page_prog=191 rif_avant=0 nwin=0 marge=0 -> DMA NON ARMEE (le RIF jette) : SCH memorise pour la fenetre SB (dans une vraie fenetre SB : 43/4309)
  [sbwin] SB #4310 fn=47992 p51=1 tick=48668 : armee=0 one_shot=0 page_prog=191 rif_avant=0 nwin=0 marge=0 -> DMA NON ARMEE (le RIF jette) : SCH memorise pour la fenetre SB (dans une vraie fenetre SB : 43/4310)
  [a_sch] fn=48671 page=1 : 8000 8f3a 121c 0105 -> 0100 0000 0000 0000  (d_dsp_page=0003) TOA=0 PM=0 SNR=0 crc_ko
  [sbwin] SB #4311 fn=48002 p51=11 tick=48678 : armee=0 one_shot=0 page_prog=151 rif_avant=0 nwin=0 marge=0 -> DMA NON ARMEE (le RIF jette) : SCH memorise pour la fenetre SB (dans une vraie fenetre SB : 43/4311)
  [sbwin] SB #4312 fn=48012 p51=21 tick=48688 : armee=0 one_shot=0 page_prog=151 rif_avant=0 nwin=0 marge=0 -> DMA NON ARMEE (le RIF jette) : SCH memorise pour la fenetre SB (dans une vraie fenetre SB : 43/4312)
  [montant] RACH ra=0xe0 bsic=7 fn=48689 -> /dev/shm/calypso_rach
  [montant]   declencheur : d_task_ra=RACH_DSP_TASK (task_ra=0x000a d_rach=0xe01c)
  [montant] canal dedie (side-band seq=14) : arme TS1 SDCCH/8 SS=0
pont : canal dedie arme : TS1 SDCCH/8 SS=0
  [sbwin] SB #4320 fn=48104 p51=11 tick=48780 : armee=0 one_shot=0 page_prog=151 rif_avant=0 nwin=0 marge=0 -> DMA NON ARMEE (le RIF jette) : SCH memorise pour la fenetre SB (dans une vraie fenetre SB : 43/4320)
  profil PC (21337 tranches, high-water 0xde92) : 77c0:7% 9a80:7% 8240:6% 8380:5% 7800:4% 8200:3% 8300:3% 83c0:3% 7840:3% 8480:3% 8540:2% a680:2%
  fn=48823   page=1 insn=36258   IDLE   d_fb_det=0     a_sch=0100 0000 0000 0000 sync=0000 1530 ffff  | trames=48825 irq=0 iq=0
  [sbwin] SB #4330 fn=48226 p51=31 tick=48902 : armee=0 one_shot=0 page_prog=151 rif_avant=0 nwin=0 marge=0 -> DMA NON ARMEE (le RIF jette) : SCH memorise pour la fenetre SB (dans une vraie fenetre SB : 43/4330)
  [a5-arm] tick=48927 d_a5mode=1 a_kc=7800 6f27 f4aa 9c35
  [montant] chiffrement A5/1 : Kc publie vers /dev/shm/calypso_kc_l1 (seq=14)
  [chrono] fn=48998 sur 1000 trames (ms) : qemu 3.65 | A 0.06 | go 0.26 | B 0.18 | apres DONE 0.47 | trame 4.62 (temps reel 4.62)
  [sbwin] SB #4340 fn=48359 p51=11 tick=49035 : armee=0 one_shot=0 page_prog=151 rif_avant=0 nwin=0 marge=0 -> DMA NON ARMEE (le RIF jette) : SCH memorise pour la fenetre SB (dans une vraie fenetre SB : 43/4340)
  profil PC (9483 tranches, high-water 0xde92) : 9a80:9% 8240:9% 8380:8% a680:4% 83c0:4% 8200:4% 8300:4% 8540:4% 9a40:3% a0c0:3% 81c0:2% 82c0:2%
  fn=49040   page=1 insn=1315    IDLE   d_fb_det=0     a_sch=0100 0000 0000 0000 sync=0000 1530 ffff  | trames=49042 irq=0 iq=0
  [sbwin] SB #4350 fn=48481 p51=31 tick=49157 : armee=0 one_shot=0 page_prog=151 rif_avant=0 nwin=0 marge=0 -> DMA NON ARMEE (le RIF jette) : SCH memorise pour la fenetre SB (dans une vraie fenetre SB : 43/4350)
  [montant] TCH (seq=2) : TS2 TSC=7 annonce par le pont, bascule du BSP a la premiere tache TCH du firmware
  [a5-arm] tick=49233 d_a5mode=0 a_kc=7800 6f27 f4aa 9c35
  [a5-arm] tick=49234 d_a5mode=1 a_kc=7800 6f27 f4aa 9c35
  [montant] TCH : le firmware poste la tache 13 a fn=49235, BSP bascule sur TS2 (TSC=7)
  [ts0] canal dedie arme : TCH TS2 (toutes les trames)
  [BSP] dedie : DESACCORD fn=48576 p51=24 p102=24 : table=1 tpu=0 (offset=1631 ref=1032, tn_fenetre=1) [4800 fois]
  [montant] canal dedie (side-band seq=15) : TCH/F TS2 SS=0, firmware sur le TCH (BSP deja sur le TCH, SDCCH memorise)
  profil PC (19303 tranches, high-water 0xefc1) : 8240:8% 9a80:8% 8380:7% e980:4% 83c0:4% 8200:3% 8300:3% 8540:3% 9a40:3% 81c0:2% a0c0:2% 82c0:2%
  fn=49257   page=1 insn=14401   IDLE   d_fb_det=0     a_sch=0100 0000 0000 0000 sync=0000 1530 ffff  | trames=49259 irq=0 iq=0
  [a5] #10000 A5/1 fn=48590 (T1=36 T2=22 T3=38) Kc=9c35f4aa6f277800 | dernier depot BSP fn=48589 (ecart +1)
  [a5-hist] #10000 recales=0 ecart(-1/0/+1/+2/autre) par fn%26 : 0:0/0/75/0/0 1:0/0/78/0/0 2:0/0/81/0/0 3:0/0/84/0/0 4:0/0/84/0/0 5:0/0/84/0/0 6:0/0/81/0/0 7:0/0/81/0/0 8:0/0/78/0/0 9:0/0/75/0/0 10:0/0/78/0/0 11:0/0/81/0/0 12:0/0/84/0/0 13:0/0/84/0/0 14:0/0/84/0/0 15:0/0/81/0/0 16:0/0/78/0/0 17:0/0/75/0/0 18:0/0/78/0/0 19:0/0/78/0/0 20:0/0/81/0/0 21:0/0/81/0/0 22:0/0/80/0/0 23:0/0/78/0/0 24:0/0/75/0/0 25:0/0/3/0/0
  [montant] FACCH UL fn=49267 task=0x000d
  [a_fd] fn=49312 fn%13=3 etat=8080 BLUD=1 FIRE=0 d_tch_mode=ca00 L2=01 73 01 2b | ok=18 ko=0
  [montant] FACCH UL fn=49315 task=0x000d
  [a_fd] fn=49355 fn%13=7 etat=8080 BLUD=1 FIRE=0 d_tch_mode=ca00 L2=01 21 01 2b | ok=19 ko=0
  [a_fd] fn=49359 fn%13=11 etat=8080 BLUD=1 FIRE=0 d_tch_mode=ca00 L2=03 20 09 83 | ok=20 ko=0
  [montant] FACCH UL fn=49363 task=0x000d
  [a_fd] fn=49394 fn%13=7 etat=8080 BLUD=1 FIRE=0 d_tch_mode=ca00 L2=03 30 09 83 | ok=21 ko=0
  [montant] FACCH UL fn=49397 task=0x000d
  [a_fd] fn=49429 fn%13=3 etat=8080 BLUD=1 FIRE=0 d_tch_mode=ca00 L2=03 31 01 2b | ok=22 ko=0
  [a_fd] fn=49433 fn%13=7 etat=8080 BLUD=1 FIRE=0 d_tch_mode=ca00 L2=03 22 09 83 | ok=23 ko=0
  [a5] #10500 A5/1 fn=48764 (T1=36 T2=14 T3=8) Kc=9c35f4aa6f277800 | dernier depot BSP fn=48763 (ecart +1)
  [BSP] dedie : DESACCORD fn=48776 p51=20 p102=20 : table=1 tpu=0 (offset=1631 ref=1032, tn_fenetre=1) [5000 fois]
  [a_fd] fn=49463 fn%13=11 etat=8080 BLUD=1 FIRE=0 d_tch_mode=ca00 L2=03 32 09 83 | ok=24 ko=0
  [montant] FACCH UL fn=49467 task=0x000d
  [montant] FACCH UL fn=49471 task=0x000d
  profil PC (107727 tranches, high-water 0xefce) : e980:9% 8240:6% 9a80:6% 8380:6% ecc0:4% 83c0:3% e940:3% 8300:3% 8200:3% 8540:2% 9a40:2% 81c0:2%
  fn=49474   page=0 insn=14414   IDLE   d_fb_det=0     a_sch=0100 0000 0000 0000 sync=0000 1530 ffff  | trames=49476 irq=0 iq=0
  [a_fd] fn=49494 fn%13=3 etat=8080 BLUD=1 FIRE=0 d_tch_mode=ca00 L2=03 32 09 83 | ok=25 ko=0
  [a_fd] fn=49511 fn%13=7 etat=8080 BLUD=1 FIRE=0 d_tch_mode=ca08 L2=01 41 01 2b | ok=26 ko=0
  [a_fd] fn=49524 fn%13=7 etat=8080 BLUD=1 FIRE=0 d_tch_mode=ca08 L2=03 51 01 2b | ok=27 ko=0
  [a5] #11000 A5/1 fn=48937 (T1=36 T2=5 T3=28) Kc=9c35f4aa6f277800 | dernier depot BSP fn=48936 (ecart +1)
  [BSP] dedie : DESACCORD fn=48976 p51=16 p102=16 : table=1 tpu=0 (offset=1631 ref=1032, tn_fenetre=1) [5200 fois]
  [a_dd] fn=49671 etat=c204 FIRE=0 BFI=1 err=24 (ecart 4 trames) | vues=600 ko=0 bfi=600
  profil PC (108122 tranches, high-water 0xefce) : e980:10% 8240:6% 9a80:6% 8380:6% ecc0:4% 83c0:3% e940:3% 8300:3% 8200:3% 8540:2% 9a40:2% 81c0:2%
  fn=49691   page=1 insn=14417   IDLE   d_fb_det=0     a_sch=0100 0000 0000 0000 sync=0000 1530 ffff  | trames=49693 irq=0 iq=0
  [a5] #11500 A5/1 fn=49110 (T1=37 T2=22 T3=48) Kc=9c35f4aa6f277800 | dernier depot BSP fn=49109 (ecart +1)
  [BSP] dedie : DESACCORD fn=49176 p51=12 p102=12 : table=1 tpu=0 (offset=1631 ref=1032, tn_fenetre=1) [5400 fois]
  profil PC (108398 tranches, high-water 0xefce) : e980:10% 8240:6% 9a80:6% 8380:6% ecc0:4% 83c0:3% e940:3% 8300:3% 8200:3% 8540:2% 9a40:2% 81c0:2%
  fn=49908   page=0 insn=14411   IDLE   d_fb_det=0     a_sch=0100 0000 0000 0000 sync=0000 1530 ffff  | trames=49910 irq=0 iq=0
  [a5] #12000 A5/1 fn=49284 (T1=37 T2=14 T3=18) Kc=9c35f4aa6f277800 | dernier depot BSP fn=49283 (ecart +1)
  [a5-hist] #12000 recales=0 ecart(-1/0/+1/+2/autre) par fn%26 : 0:0/0/81/0/0 1:0/0/81/0/0 2:0/0/81/0/0 3:0/0/81/0/0 4:0/0/81/0/0 5:0/0/81/0/0 6:0/0/81/0/0 7:0/0/81/0/0 8:0/0/81/0/0 9:0/0/81/0/0 10:0/0/81/0/0 11:0/0/81/0/0 12:0/0/81/0/0 13:0/0/81/0/0 14:0/0/79/0/0 15:0/0/78/0/0 16:0/0/78/0/0 17:0/0/78/0/0 18:0/0/78/0/0 19:0/0/78/0/0 20:0/0/78/0/0 21:0/0/78/0/0 22:0/0/79/0/0 23:0/0/81/0/0 24:0/0/81/0/0
  [chrono] fn=49998 sur 1000 trames (ms) : qemu 2.59 | A 0.16 | go 0.30 | B 0.12 | apres DONE 1.44 | trame 4.62 (temps reel 4.62)
  [BSP] dedie : DESACCORD fn=49376 p51=8 p102=8 : table=1 tpu=0 (offset=1631 ref=1032, tn_fenetre=1) [5600 fois]
  [a_dd] fn=50105 etat=c204 FIRE=0 BFI=1 err=29 (ecart 5 trames) | vues=700 ko=0 bfi=700
  profil PC (108299 tranches, high-water 0xefce) : e980:10% 8240:6% 9a80:6% 8380:6% ecc0:4% 83c0:3% e940:3% 8300:3% 8200:3% 8540:2% 9a40:2% 81c0:2%
  fn=50125   page=1 insn=14400   IDLE   d_fb_det=0     a_sch=0100 0000 0000 0000 sync=0000 1530 ffff  | trames=50127 irq=0 iq=0
  [a5] #12500 A5/1 fn=49457 (T1=37 T2=5 T3=38) Kc=9c35f4aa6f277800 | dernier depot BSP fn=49456 (ecart +1)
  [BSP] dedie : DESACCORD fn=49576 p51=4 p102=4 : table=1 tpu=0 (offset=1631 ref=1032, tn_fenetre=1) [5800 fois]
  [a5] #13000 A5/1 fn=49630 (T1=37 T2=22 T3=7) Kc=9c35f4aa6f277800 | dernier depot BSP fn=49629 (ecart +1)
  profil PC (108086 tranches, high-water 0xefce) : e980:10% 8240:6% 9a80:6% 8380:6% ecc0:4% 83c0:3% e940:3% 8300:3% 8200:3% 8540:2% 9a40:2% 81c0:2%
  fn=50342   page=0 insn=14397   IDLE   d_fb_det=0     a_sch=0100 0000 0000 0000 sync=0000 1530 ffff  | trames=50344 irq=0 iq=0
  hacks actifs : RHEA_DMA ; cadencement : STREAM LOCKSTEP  ; stimulus : none
  [BSP] dedie : DESACCORD fn=49776 p51=0 p102=0 : table=1 tpu=0 (offset=1631 ref=1032, tn_fenetre=1) [6000 fois]
  [a5] #13500 A5/1 fn=49804 (T1=37 T2=14 T3=28) Kc=9c35f4aa6f277800 | dernier depot BSP fn=49803 (ecart +1)
  [a_dd] fn=50538 etat=c204 FIRE=0 BFI=1 err=34 (ecart 4 trames) | vues=800 ko=0 bfi=800
  profil PC (108312 tranches, high-water 0xefce) : e980:10% 8240:6% 9a80:6% 8380:6% ecc0:4% 83c0:3% e940:3% 8300:3% 8200:3% 8540:2% 9a40:2% 81c0:2%
  fn=50559   page=1 insn=14402   IDLE   d_fb_det=0     a_sch=0100 0000 0000 0000 sync=0000 1530 ffff  | trames=50561 irq=0 iq=0
  [BSP] dedie : DESACCORD fn=49976 p51=47 p102=98 : table=1 tpu=0 (offset=1631 ref=1032, tn_fenetre=1) [6200 fois]
  [a5] #14000 A5/1 fn=49977 (T1=37 T2=5 T3=48) Kc=9c35f4aa6f277800 | dernier depot BSP fn=49976 (ecart +1)
  [a5-hist] #14000 recales=0 ecart(-1/0/+1/+2/autre) par fn%26 : 0:0/0/81/0/0 1:0/0/81/0/0 2:0/0/81/0/0 3:0/0/81/0/0 4:0/0/81/0/0 5:0/0/81/0/0 6:0/0/78/0/0 7:0/0/78/0/0 8:0/0/78/0/0 9:0/0/78/0/0 10:0/0/78/0/0 11:0/0/78/0/0 12:0/0/78/0/0 13:0/0/78/0/0 14:0/0/80/0/0 15:0/0/81/0/0 16:0/0/81/0/0 17:0/0/81/0/0 18:0/0/81/0/0 19:0/0/81/0/0 20:0/0/81/0/0 21:0/0/81/0/0 22:0/0/81/0/0 23:0/0/81/0/0 24:0/0/81/0/0
  profil PC (109447 tranches, high-water 0xefce) : e980:10% 8240:6% 9a80:6% 8380:6% ecc0:4% 83c0:3% e940:3% 8300:3% 8200:3% 8540:2% 9a40:2% 81c0:2%
  fn=50776   page=0 insn=85653   IDLE   d_fb_det=0     a_sch=0100 0000 0000 0000 sync=0000 1530 ffff  | trames=50778 irq=0 iq=0
  [a5] #14500 A5/1 fn=50150 (T1=37 T2=22 T3=17) Kc=9c35f4aa6f277800 | dernier depot BSP fn=50149 (ecart +1)
  [BSP] dedie : DESACCORD fn=50176 p51=43 p102=94 : table=1 tpu=0 (offset=1631 ref=1032, tn_fenetre=1) [6400 fois]
  [a_dd] fn=50971 etat=c204 FIRE=0 BFI=1 err=27 (ecart 4 trames) | vues=900 ko=0 bfi=900
  profil PC (108079 tranches, high-water 0xefcd) : e980:10% 8240:6% 9a80:6% 8380:6% ecc0:4% 83c0:3% e940:3% 8300:3% 8200:3% 8540:2% 9a40:2% 81c0:2%
  fn=50993   page=1 insn=85644   IDLE   d_fb_det=0     a_sch=0100 0000 0000 0000 sync=0000 1530 ffff  | trames=50995 irq=0 iq=0
  [chrono] fn=50998 sur 1000 trames (ms) : qemu 2.18 | A 0.19 | go 0.28 | B 0.08 | apres DONE 1.89 | trame 4.63 (temps reel 4.62)
  [a5] #15000 A5/1 fn=50324 (T1=37 T2=14 T3=38) Kc=9c35f4aa6f277800 | dernier depot BSP fn=50323 (ecart +1)
  [BSP] dedie : DESACCORD fn=50376 p51=39 p102=90 : table=1 tpu=0 (offset=1631 ref=1032, tn_fenetre=1) [6600 fois]
  [a5] #15500 A5/1 fn=50497 (T1=38 T2=5 T3=7) Kc=9c35f4aa6f277800 | dernier depot BSP fn=50496 (ecart +1)
  profil PC (108300 tranches, high-water 0xefce) : e980:10% 8240:6% 9a80:6% 8380:6% ecc0:4% 83c0:3% e940:3% 8300:3% 8200:3% 8540:2% 9a40:2% 81c0:2%
  fn=51210   page=0 insn=85654   IDLE   d_fb_det=0     a_sch=0100 0000 0000 0000 sync=0000 1530 ffff  | trames=51212 irq=0 iq=0
  [ts0] tick=51222 fn=50546 p51=5 NB fenetre=151 marge=3 rif_avant=0  <- canal dedie
  [BSP] dedie : DESACCORD fn=50576 p51=35 p102=86 : table=1 tpu=0 (offset=1631 ref=1032, tn_fenetre=1) [6800 fois]
  [a_cd] fn=51336 p51=30 p102=30 etat=8000 ok L2=0a 00 03 03 | ok=66 ko=34
  [a5] #16000 A5/1 fn=50670 (T1=38 T2=22 T3=27) Kc=9c35f4aa6f277800 | dernier depot BSP fn=50669 (ecart +1)
  [a5-hist] #16000 recales=0 ecart(-1/0/+1/+2/autre) par fn%26 : 0:0/0/78/0/0 1:0/0/78/0/0 2:0/0/78/0/0 3:0/0/78/0/0 4:0/0/78/0/0 5:0/0/78/0/0 6:0/0/81/0/0 7:0/0/81/0/0 8:0/0/81/0/0 9:0/0/81/0/0 10:0/0/81/0/0 11:0/0/81/0/0 12:0/0/81/0/0 13:0/0/81/0/0 14:0/0/81/0/0 15:0/0/81/0/0 16:0/0/81/0/0 17:0/0/81/0/0 18:0/0/81/0/0 19:0/0/81/0/0 20:0/0/81/0/0 21:0/0/81/0/0 22:0/0/80/0/0 23:0/0/78/0/0 24:0/0/78/0/0
  [a_dd] fn=51405 etat=c204 FIRE=0 BFI=1 err=30 (ecart 5 trames) | vues=1000 ko=0 bfi=1000
  profil PC (108086 tranches, high-water 0xefce) : e980:10% 8240:6% 9a80:6% 8380:6% ecc0:4% 83c0:3% e940:3% 8300:3% 8200:3% 8540:2% 9a40:2% 81c0:2%
  fn=51427   page=1 insn=1359    IDLE   d_fb_det=0     a_sch=0100 0000 0000 0000 sync=0000 1530 ffff  | trames=51429 irq=0 iq=0
  [BSP] dedie : DESACCORD fn=50776 p51=31 p102=82 : table=1 tpu=0 (offset=1631 ref=1032, tn_fenetre=1) [7000 fois]
  [a5] #16500 A5/1 fn=50844 (T1=38 T2=14 T3=48) Kc=9c35f4aa6f277800 | dernier depot BSP fn=50843 (ecart +1)
  profil PC (108285 tranches, high-water 0xefcd) : e980:10% 8240:6% 9a80:6% 8380:6% ecc0:4% 83c0:3% e940:3% 8300:3% 8200:3% 8540:2% 9a40:2% 81c0:2%
  fn=51644   page=0 insn=14401   IDLE   d_fb_det=0     a_sch=0100 0000 0000 0000 sync=0000 1530 ffff  | trames=51646 irq=0 iq=0
  [BSP] dedie : DESACCORD fn=50976 p51=27 p102=78 : table=1 tpu=0 (offset=1631 ref=1032, tn_fenetre=1) [7200 fois]
  [a5] #17000 A5/1 fn=51017 (T1=38 T2=5 T3=17) Kc=9c35f4aa6f277800 | dernier depot BSP fn=51016 (ecart +1)
  [a_dd] fn=51838 etat=c204 FIRE=0 BFI=1 err=31 (ecart 4 trames) | vues=1100 ko=0 bfi=1100
  [BSP] dedie : DESACCORD fn=51176 p51=23 p102=74 : table=1 tpu=0 (offset=1631 ref=1032, tn_fenetre=1) [7400 fois]
  profil PC (108654 tranches, high-water 0xefcd) : e980:10% 8240:6% 9a80:6% 8380:6% ecc0:4% 83c0:3% e940:3% 8300:3% 8200:3% 8540:2% 9a40:2% 81c0:2%
  fn=51861   page=1 insn=14405   IDLE   d_fb_det=0     a_sch=0100 0000 0000 0000 sync=0000 1530 ffff  | trames=51863 irq=0 iq=0
  [a5] #17500 A5/1 fn=51190 (T1=38 T2=22 T3=37) Kc=9c35f4aa6f277800 | dernier depot BSP fn=51189 (ecart +1)
  [chrono] fn=51998 sur 1000 trames (ms) : qemu 2.05 | A 0.20 | go 0.31 | B 0.09 | apres DONE 1.96 | trame 4.61 (temps reel 4.62)
  [a5] #18000 A5/1 fn=51364 (T1=38 T2=14 T3=7) Kc=9c35f4aa6f277800 | dernier depot BSP fn=51363 (ecart +1)
  [a5-hist] #18000 recales=0 ecart(-1/0/+1/+2/autre) par fn%26 : 0:0/0/81/0/0 1:0/0/81/0/0 2:0/0/81/0/0 3:0/0/81/0/0 4:0/0/81/0/0 5:0/0/81/0/0 6:0/0/81/0/0 7:0/0/81/0/0 8:0/0/81/0/0 9:0/0/81/0/0 10:0/0/81/0/0 11:0/0/81/0/0 12:0/0/81/0/0 13:0/0/81/0/0 14:0/0/79/0/0 15:0/0/78/0/0 16:0/0/78/0/0 17:0/0/78/0/0 18:0/0/78/0/0 19:0/0/78/0/0 20:0/0/78/0/0 21:0/0/78/0/0 22:0/0/79/0/0 23:0/0/81/0/0 24:0/0/81/0/0
  [BSP] dedie : DESACCORD fn=51376 p51=19 p102=70 : table=1 tpu=0 (offset=1631 ref=1032, tn_fenetre=1) [7600 fois]
  profil PC (108076 tranches, high-water 0xefce) : e980:10% 8240:6% 9a80:6% 8380:6% ecc0:4% 83c0:3% e940:3% 8300:3% 8200:3% 8540:2% 9a40:2% 81c0:2%
  fn=52078   page=0 insn=14400   IDLE   d_fb_det=0     a_sch=0100 0000 0000 0000 sync=0000 1530 ffff  | trames=52080 irq=0 iq=0
  hacks actifs : RHEA_DMA ; cadencement : STREAM LOCKSTEP  ; stimulus : none
  [a5] #18500 A5/1 fn=51537 (T1=38 T2=5 T3=27) Kc=9c35f4aa6f277800 | dernier depot BSP fn=51536 (ecart +1)
  [BSP] dedie : DESACCORD fn=51576 p51=15 p102=66 : table=1 tpu=0 (offset=1631 ref=1032, tn_fenetre=1) [7800 fois]
  [a_dd] fn=52271 etat=c204 FIRE=0 BFI=1 err=28 (ecart 4 trames) | vues=1200 ko=0 bfi=1200
  profil PC (108301 tranches, high-water 0xefcd) : e980:10% 8240:6% 9a80:6% 8380:6% ecc0:4% 83c0:3% e940:3% 8300:3% 8200:3% 8540:2% 9a40:2% 81c0:2%
  fn=52295   page=1 insn=14412   IDLE   d_fb_det=0     a_sch=0100 0000 0000 0000 sync=0000 1530 ffff  | trames=52297 irq=0 iq=0
  [a5] #19000 A5/1 fn=51710 (T1=38 T2=22 T3=47) Kc=9c35f4aa6f277800 | dernier depot BSP fn=51709 (ecart +1)
  [BSP] dedie : DESACCORD fn=51776 p51=11 p102=62 : table=1 tpu=0 (offset=1631 ref=1032, tn_fenetre=1) [8000 fois]
  profil PC (108403 tranches, high-water 0xefcd) : e980:10% 8240:6% 9a80:6% 8380:6% ecc0:4% 83c0:3% e940:3% 8300:3% 8200:3% 8540:2% 9a40:2% 81c0:2%
  fn=52512   page=0 insn=14413   IDLE   d_fb_det=0     a_sch=0100 0000 0000 0000 sync=0000 1530 ffff  | trames=52514 irq=0 iq=0
  [a5] #19500 A5/1 fn=51884 (T1=39 T2=14 T3=17) Kc=9c35f4aa6f277800 | dernier depot BSP fn=51883 (ecart +1)
  [BSP] dedie : DESACCORD fn=51976 p51=7 p102=58 : table=1 tpu=0 (offset=1631 ref=1032, tn_fenetre=1) [8200 fois]
  [a_dd] fn=52705 etat=c204 FIRE=0 BFI=1 err=24 (ecart 5 trames) | vues=1300 ko=0 bfi=1300
  profil PC (108081 tranches, high-water 0xefce) : e980:10% 8240:6% 9a80:6% 8380:6% ecc0:4% 83c0:3% e940:3% 8300:3% 8200:3% 8540:2% 9a40:2% 81c0:2%
  fn=52729   page=1 insn=14419   IDLE   d_fb_det=0     a_sch=0100 0000 0000 0000 sync=0000 1530 ffff  | trames=52731 irq=0 iq=0
  [a5] #20000 A5/1 fn=52057 (T1=39 T2=5 T3=37) Kc=9c35f4aa6f277800 | dernier depot BSP fn=52056 (ecart +1)
  [a5-hist] #20000 recales=0 ecart(-1/0/+1/+2/autre) par fn%26 : 0:0/0/81/0/0 1:0/0/81/0/0 2:0/0/81/0/0 3:0/0/81/0/0 4:0/0/81/0/0 5:0/0/81/0/0 6:0/0/78/0/0 7:0/0/78/0/0 8:0/0/78/0/0 9:0/0/78/0/0 10:0/0/78/0/0 11:0/0/78/0/0 12:0/0/78/0/0 13:0/0/78/0/0 14:0/0/80/0/0 15:0/0/81/0/0 16:0/0/81/0/0 17:0/0/81/0/0 18:0/0/81/0/0 19:0/0/81/0/0 20:0/0/81/0/0 21:0/0/81/0/0 22:0/0/81/0/0 23:0/0/81/0/0 24:0/0/81/0/0
  [BSP] dedie : DESACCORD fn=52176 p51=3 p102=54 : table=1 tpu=0 (offset=1631 ref=1032, tn_fenetre=1) [8400 fois]
  [a5] #20500 A5/1 fn=52230 (T1=39 T2=22 T3=6) Kc=9c35f4aa6f277800 | dernier depot BSP fn=52229 (ecart +1)
  profil PC (108302 tranches, high-water 0xefce) : e980:10% 8240:6% 9a80:6% 8380:6% ecc0:4% 83c0:3% e940:3% 8300:3% 8200:3% 8540:2% 9a40:2% 81c0:2%
  fn=52946   page=0 insn=14403   IDLE   d_fb_det=0     a_sch=0100 0000 0000 0000 sync=0000 1530 ffff  | trames=52948 irq=0 iq=0
  [chrono] fn=52998 sur 1000 trames (ms) : qemu 1.99 | A 0.20 | go 0.31 | B 0.09 | apres DONE 2.02 | trame 4.61 (temps reel 4.62)
  [BSP] dedie : DESACCORD fn=52376 p51=50 p102=50 : table=1 tpu=0 (offset=1631 ref=1032, tn_fenetre=1) [8600 fois]
  [a5] #21000 A5/1 fn=52404 (T1=39 T2=14 T3=27) Kc=9c35f4aa6f277800 | dernier depot BSP fn=52403 (ecart +1)
  [a_dd] fn=53138 etat=c204 FIRE=0 BFI=1 err=30 (ecart 4 trames) | vues=1400 ko=0 bfi=1400
  profil PC (108315 tranches, high-water 0xefc9) : e980:10% 8240:6% 9a80:6% 8380:6% ecc0:4% 83c0:3% e940:3% 8300:3% 8200:3% 8540:2% 9a40:2% 81c0:2%
  fn=53163   page=1 insn=14397   IDLE   d_fb_det=0     a_sch=0100 0000 0000 0000 sync=0000 1530 ffff  | trames=53165 irq=0 iq=0
  [BSP] dedie : DESACCORD fn=52576 p51=46 p102=46 : table=1 tpu=0 (offset=1631 ref=1032, tn_fenetre=1) [8800 fois]
  [a5] #21500 A5/1 fn=52577 (T1=39 T2=5 T3=47) Kc=9c35f4aa6f277800 | dernier depot BSP fn=52576 (ecart +1)
  profil PC (108088 tranches, high-water 0xefce) : e980:10% 8240:6% 9a80:6% 8380:6% ecc0:4% 83c0:3% e940:3% 8300:3% 8200:3% 8540:2% 9a40:2% 81c0:2%
  fn=53380   page=0 insn=14397   IDLE   d_fb_det=0     a_sch=0100 0000 0000 0000 sync=0000 1530 ffff  | trames=53382 irq=0 iq=0
  [a5] #22000 A5/1 fn=52750 (T1=39 T2=22 T3=16) Kc=9c35f4aa6f277800 | dernier depot BSP fn=52749 (ecart +1)
  [a5-hist] #22000 recales=0 ecart(-1/0/+1/+2/autre) par fn%26 : 0:0/0/78/0/0 1:0/0/78/0/0 2:0/0/78/0/0 3:0/0/78/0/0 4:0/0/78/0/0 5:0/0/78/0/0 6:0/0/81/0/0 7:0/0/81/0/0 8:0/0/81/0/0 9:0/0/81/0/0 10:0/0/81/0/0 11:0/0/81/0/0 12:0/0/81/0/0 13:0/0/81/0/0 14:0/0/81/0/0 15:0/0/81/0/0 16:0/0/81/0/0 17:0/0/81/0/0 18:0/0/81/0/0 19:0/0/81/0/0 20:0/0/81/0/0 21:0/0/81/0/0 22:0/0/80/0/0 23:0/0/78/0/0 24:0/0/78/0/0
  [BSP] dedie : DESACCORD fn=52776 p51=42 p102=42 : table=1 tpu=0 (offset=1631 ref=1032, tn_fenetre=1) [9000 fois]
  [a_dd] fn=53571 etat=c204 FIRE=0 BFI=1 err=49 (ecart 4 trames) | vues=1500 ko=0 bfi=1500
  profil PC (109455 tranches, high-water 0xefce) : e980:10% 8240:6% 9a80:6% 8380:6% ecc0:4% 83c0:3% e940:3% 8300:3% 8200:3% 8540:2% 9a40:2% 81c0:2%
  fn=53597   page=1 insn=85653   IDLE   d_fb_det=0     a_sch=0100 0000 0000 0000 sync=0000 1530 ffff  | trames=53599 irq=0 iq=0
  [a5] #22500 A5/1 fn=52924 (T1=39 T2=14 T3=37) Kc=9c35f4aa6f277800 | dernier depot BSP fn=52923 (ecart +1)
  [BSP] dedie : DESACCORD fn=52976 p51=38 p102=38 : table=1 tpu=0 (offset=1631 ref=1032, tn_fenetre=1) [9200 fois]
  [a5] #23000 A5/1 fn=53097 (T1=40 T2=5 T3=6) Kc=9c35f4aa6f277800 | dernier depot BSP fn=53096 (ecart +1)
  profil PC (108300 tranches, high-water 0xefcd) : e980:10% 8240:6% 9a80:6% 8380:6% ecc0:4% 83c0:3% e940:3% 8300:3% 8200:3% 8540:2% 9a40:2% 81c0:2%
  fn=53814   page=0 insn=85636   IDLE   d_fb_det=0     a_sch=0100 0000 0000 0000 sync=0000 1530 ffff  | trames=53816 irq=0 iq=0
  hacks actifs : RHEA_DMA ; cadencement : STREAM LOCKSTEP  ; stimulus : none
  [BSP] dedie : DESACCORD fn=53176 p51=34 p102=34 : table=1 tpu=0 (offset=1631 ref=1032, tn_fenetre=1) [9400 fois]
  [a5] #23500 A5/1 fn=53270 (T1=40 T2=22 T3=26) Kc=9c35f4aa6f277800 | dernier depot BSP fn=53269 (ecart +1)
  [chrono] fn=53998 sur 1000 trames (ms) : qemu 2.10 | A 0.21 | go 0.30 | B 0.09 | apres DONE 1.91 | trame 4.62 (temps reel 4.62)
  [a_dd] fn=54005 etat=c204 FIRE=0 BFI=1 err=22 (ecart 5 trames) | vues=1600 ko=0 bfi=1600
  profil PC (108082 tranches, high-water 0xefce) : e980:10% 8240:6% 9a80:6% 8380:6% ecc0:4% 83c0:3% e940:3% 8300:3% 8200:3% 8540:2% 9a40:2% 81c0:2%
  fn=54031   page=1 insn=85616   IDLE   d_fb_det=0     a_sch=0100 0000 0000 0000 sync=0000 1530 ffff  | trames=54033 irq=0 iq=0
  [BSP] dedie : DESACCORD fn=53376 p51=30 p102=30 : table=1 tpu=0 (offset=1631 ref=1032, tn_fenetre=1) [9600 fois]
  [a5] #24000 A5/1 fn=53444 (T1=40 T2=14 T3=47) Kc=9c35f4aa6f277800 | dernier depot BSP fn=53443 (ecart +1)
  [a5-hist] #24000 recales=0 ecart(-1/0/+1/+2/autre) par fn%26 : 0:0/0/81/0/0 1:0/0/81/0/0 2:0/0/81/0/0 3:0/0/81/0/0 4:0/0/81/0/0 5:0/0/81/0/0 6:0/0/81/0/0 7:0/0/81/0/0 8:0/0/81/0/0 9:0/0/81/0/0 10:0/0/81/0/0 11:0/0/81/0/0 12:0/0/81/0/0 13:0/0/81/0/0 14:0/0/79/0/0 15:0/0/78/0/0 16:0/0/78/0/0 17:0/0/78/0/0 18:0/0/78/0/0 19:0/0/78/0/0 20:0/0/78/0/0 21:0/0/78/0/0 22:0/0/79/0/0 23:0/0/81/0/0 24:0/0/81/0/0
  profil PC (108632 tranches, high-water 0xefcb) : e980:10% 8240:6% 9a80:6% 8380:6% ecc0:4% 83c0:3% e940:3% 8300:3% 8200:3% 8540:2% 9a40:2% 81c0:2%
  fn=54248   page=0 insn=36859   IDLE   d_fb_det=0     a_sch=0100 0000 0000 0000 sync=0000 1530 ffff  | trames=54250 irq=0 iq=0
  [BSP] dedie : DESACCORD fn=53576 p51=26 p102=26 : table=1 tpu=0 (offset=1631 ref=1032, tn_fenetre=1) [9800 fois]
  [a5] #24500 A5/1 fn=53617 (T1=40 T2=5 T3=16) Kc=9c35f4aa6f277800 | dernier depot BSP fn=53616 (ecart +1)
  [a_dd] fn=54438 etat=c204 FIRE=0 BFI=1 err=27 (ecart 4 trames) | vues=1700 ko=0 bfi=1700
  [BSP] dedie : DESACCORD fn=53776 p51=22 p102=22 : table=1 tpu=0 (offset=1631 ref=1032, tn_fenetre=1) [10000 fois]
  profil PC (108292 tranches, high-water 0xefce) : e980:10% 8240:6% 9a80:6% 8380:6% ecc0:4% 83c0:3% e940:3% 8300:3% 8200:3% 8540:2% 9a40:2% 81c0:2%
  fn=54465   page=1 insn=14401   IDLE   d_fb_det=0     a_sch=0100 0000 0000 0000 sync=0000 1530 ffff  | trames=54467 irq=0 iq=0
  [a5] #25000 A5/1 fn=53790 (T1=40 T2=22 T3=36) Kc=9c35f4aa6f277800 | dernier depot BSP fn=53789 (ecart +1)
  [a5] #25500 A5/1 fn=53964 (T1=40 T2=14 T3=6) Kc=9c35f4aa6f277800 | dernier depot BSP fn=53963 (ecart +1)
  [BSP] dedie : DESACCORD fn=53976 p51=18 p102=18 : table=1 tpu=0 (offset=1631 ref=1032, tn_fenetre=1) [10200 fois]
  profil PC (108083 tranches, high-water 0xefce) : e980:10% 8240:6% 9a80:6% 8380:6% ecc0:4% 83c0:3% e940:3% 8300:3% 8200:3% 8540:2% 9a40:2% 81c0:2%
  fn=54682   page=0 insn=14403   IDLE   d_fb_det=0     a_sch=0100 0000 0000 0000 sync=0000 1530 ffff  | trames=54684 irq=0 iq=0
  [a5] #26000 A5/1 fn=54137 (T1=40 T2=5 T3=26) Kc=9c35f4aa6f277800 | dernier depot BSP fn=54136 (ecart +1)
  [a5-hist] #26000 recales=0 ecart(-1/0/+1/+2/autre) par fn%26 : 0:0/0/81/0/0 1:0/0/81/0/0 2:0/0/81/0/0 3:0/0/81/0/0 4:0/0/81/0/0 5:0/0/81/0/0 6:0/0/78/0/0 7:0/0/78/0/0 8:0/0/78/0/0 9:0/0/78/0/0 10:0/0/78/0/0 11:0/0/78/0/0 12:0/0/78/0/0 13:0/0/78/0/0 14:0/0/80/0/0 15:0/0/81/0/0 16:0/0/81/0/0 17:0/0/81/0/0 18:0/0/81/0/0 19:0/0/81/0/0 20:0/0/81/0/0 21:0/0/81/0/0 22:0/0/81/0/0 23:0/0/81/0/0 24:0/0/81/0/0
  [BSP] dedie : DESACCORD fn=54176 p51=14 p102=14 : table=1 tpu=0 (offset=1631 ref=1032, tn_fenetre=1) [10400 fois]
  [a_dd] fn=54871 etat=c204 FIRE=0 BFI=1 err=24 (ecart 4 trames) | vues=1800 ko=0 bfi=1800
  profil PC (108382 tranches, high-water 0xefce) : e980:10% 8240:6% 9a80:6% 8380:6% ecc0:4% 83c0:3% e940:3% 8300:3% 8200:3% 8540:2% 9a40:2% 81c0:2%
  fn=54899   page=1 insn=14406   IDLE   d_fb_det=0     a_sch=0100 0000 0000 0000 sync=0000 1530 ffff  | trames=54901 irq=0 iq=0
  [a5] #26500 A5/1 fn=54310 (T1=40 T2=22 T3=46) Kc=9c35f4aa6f277800 | dernier depot BSP fn=54309 (ecart +1)
  [chrono] fn=54998 sur 1000 trames (ms) : qemu 2.23 | A 0.19 | go 0.32 | B 0.09 | apres DONE 1.80 | trame 4.62 (temps reel 4.62)
  [BSP] dedie : DESACCORD fn=54376 p51=10 p102=10 : table=1 tpu=0 (offset=1631 ref=1032, tn_fenetre=1) [10600 fois]
  profil PC (108296 tranches, high-water 0xefce) : e980:10% 8240:6% 9a80:6% 8380:6% ecc0:4% 83c0:3% e940:3% 8300:3% 8200:3% 8540:2% 9a40:2% 81c0:2%
  fn=55116   page=0 insn=14417   IDLE   d_fb_det=0     a_sch=0100 0000 0000 0000 sync=0000 1530 ffff  | trames=55118 irq=0 iq=0
  [a5] #27000 A5/1 fn=54484 (T1=41 T2=14 T3=16) Kc=9c35f4aa6f277800 | dernier depot BSP fn=54483 (ecart +1)
  [BSP] dedie : DESACCORD fn=54576 p51=6 p102=6 : table=1 tpu=0 (offset=1631 ref=1032, tn_fenetre=1) [10800 fois]
  [a_dd] fn=55305 etat=c204 FIRE=0 BFI=1 err=23 (ecart 5 trames) | vues=1900 ko=0 bfi=1900
  [a5] #27500 A5/1 fn=54657 (T1=41 T2=5 T3=36) Kc=9c35f4aa6f277800 | dernier depot BSP fn=54656 (ecart +1)
  profil PC (108076 tranches, high-water 0xefce) : e980:10% 8240:6% 9a80:6% 8380:6% ecc0:4% 83c0:3% e940:3% 8300:3% 8200:3% 8540:2% 9a40:2% 81c0:2%
  fn=55333   page=1 insn=14420   IDLE   d_fb_det=0     a_sch=0100 0000 0000 0000 sync=0000 1530 ffff  | trames=55335 irq=0 iq=0
  [BSP] dedie : DESACCORD fn=54776 p51=2 p102=2 : table=1 tpu=0 (offset=1631 ref=1032, tn_fenetre=1) [11000 fois]
  [a5] #28000 A5/1 fn=54830 (T1=41 T2=22 T3=5) Kc=9c35f4aa6f277800 | dernier depot BSP fn=54829 (ecart +1)
  [a5-hist] #28000 recales=0 ecart(-1/0/+1/+2/autre) par fn%26 : 0:0/0/78/0/0 1:0/0/78/0/0 2:0/0/78/0/0 3:0/0/78/0/0 4:0/0/78/0/0 5:0/0/78/0/0 6:0/0/81/0/0 7:0/0/81/0/0 8:0/0/81/0/0 9:0/0/81/0/0 10:0/0/81/0/0 11:0/0/81/0/0 12:0/0/81/0/0 13:0/0/81/0/0 14:0/0/81/0/0 15:0/0/81/0/0 16:0/0/81/0/0 17:0/0/81/0/0 18:0/0/81/0/0 19:0/0/81/0/0 20:0/0/81/0/0 21:0/0/81/0/0 22:0/0/80/0/0 23:0/0/78/0/0 24:0/0/78/0/0
  profil PC (108290 tranches, high-water 0xefce) : e980:10% 8240:6% 9a80:6% 8380:6% ecc0:4% 83c0:3% e940:3% 8300:3% 8200:3% 8540:2% 9a40:2% 81c0:2%
  fn=55550   page=0 insn=14409   IDLE   d_fb_det=0     a_sch=0100 0000 0000 0000 sync=0000 1530 ffff  | trames=55552 irq=0 iq=0
  hacks actifs : RHEA_DMA ; cadencement : STREAM LOCKSTEP  ; stimulus : none
  [BSP] dedie : DESACCORD fn=54976 p51=49 p102=100 : table=1 tpu=0 (offset=1631 ref=1032, tn_fenetre=1) [11200 fois]
  [a5] #28500 A5/1 fn=55004 (T1=41 T2=14 T3=26) Kc=9c35f4aa6f277800 | dernier depot BSP fn=55003 (ecart +1)
  [a_dd] fn=55738 etat=c204 FIRE=0 BFI=1 err=22 (ecart 4 trames) | vues=2000 ko=0 bfi=2000
  profil PC (108286 tranches, high-water 0xefce) : e980:10% 8240:6% 9a80:6% 8380:6% ecc0:4% 83c0:3% e940:3% 8300:3% 8200:3% 8540:2% 9a40:2% 81c0:2%
  fn=55767   page=1 insn=14399   IDLE   d_fb_det=0     a_sch=0100 0000 0000 0000 sync=0000 1530 ffff  | trames=55769 irq=0 iq=0
  [BSP] dedie : DESACCORD fn=55176 p51=45 p102=96 : table=1 tpu=0 (offset=1631 ref=1032, tn_fenetre=1) [11400 fois]
  [a5] #29000 A5/1 fn=55177 (T1=41 T2=5 T3=46) Kc=9c35f4aa6f277800 | dernier depot BSP fn=55176 (ecart +1)
  profil PC (108082 tranches, high-water 0xefce) : e980:10% 8240:6% 9a80:6% 8380:6% ecc0:4% 83c0:3% e940:3% 8300:3% 8200:3% 8540:2% 9a40:2% 81c0:2%
  fn=55984   page=0 insn=14398   IDLE   d_fb_det=0     a_sch=0100 0000 0000 0000 sync=0000 1530 ffff  | trames=55986 irq=0 iq=0
  [chrono] fn=55998 sur 1000 trames (ms) : qemu 2.16 | A 0.19 | go 0.30 | B 0.09 | apres DONE 1.88 | trame 4.62 (temps reel 4.62)
  [a5] #29500 A5/1 fn=55350 (T1=41 T2=22 T3=15) Kc=9c35f4aa6f277800 | dernier depot BSP fn=55349 (ecart +1)
  [BSP] dedie : DESACCORD fn=55376 p51=41 p102=92 : table=1 tpu=0 (offset=1631 ref=1032, tn_fenetre=1) [11600 fois]
  [a_dd] fn=56171 etat=c204 FIRE=0 BFI=1 err=19 (ecart 4 trames) | vues=2100 ko=0 bfi=2100
  [a5] #30000 A5/1 fn=55524 (T1=41 T2=14 T3=36) Kc=9c35f4aa6f277800 | dernier depot BSP fn=55523 (ecart +1)
  [a5-hist] #30000 recales=0 ecart(-1/0/+1/+2/autre) par fn%26 : 0:0/0/81/0/0 1:0/0/81/0/0 2:0/0/81/0/0 3:0/0/81/0/0 4:0/0/81/0/0 5:0/0/81/0/0 6:0/0/81/0/0 7:0/0/81/0/0 8:0/0/81/0/0 9:0/0/81/0/0 10:0/0/81/0/0 11:0/0/81/0/0 12:0/0/81/0/0 13:0/0/81/0/0 14:0/0/79/0/0 15:0/0/78/0/0 16:0/0/78/0/0 17:0/0/78/0/0 18:0/0/78/0/0 19:0/0/78/0/0 20:0/0/78/0/0 21:0/0/78/0/0 22:0/0/79/0/0 23:0/0/81/0/0 24:0/0/81/0/0
  profil PC (107403 tranches, high-water 0xefcd) : e980:10% 9a80:6% 8240:6% 8380:6% ecc0:4% 83c0:3% e940:3% 8200:3% 8300:3% 8540:2% 9a40:2% 81c0:2%
  fn=56201   page=1 insn=8030    IDLE   d_fb_det=0     a_sch=0100 0000 0000 0000 sync=0000 1530 ffff  | trames=56203 irq=0 iq=0
  [ts0] tick=56257 fn=55581 p51=42 NB fenetre=151 marge=3 rif_avant=0  <- canal dedie
  [BSP] dedie : DESACCORD fn=55611 p51=21 p102=21 : table=1 tpu=0 (offset=1631 ref=1032, tn_fenetre=1) [11800 fois]
  [a5] #30500 A5/1 fn=55697 (T1=42 T2=5 T3=5) Kc=9c35f4aa6f277800 | dernier depot BSP fn=55696 (ecart +1)
  profil PC (106963 tranches, high-water 0xefce) : e980:10% 9a80:6% 8240:6% 8380:5% ecc0:5% e940:3% 8200:3% 83c0:3% 8540:2% 8300:2% 9a40:2% 81c0:2%
  fn=56418   page=0 insn=85638   IDLE   d_fb_det=0     a_sch=0100 0000 0000 0000 sync=0000 1530 ffff  | trames=56420 irq=0 iq=0
  [BSP] dedie : DESACCORD fn=55811 p51=17 p102=17 : table=1 tpu=0 (offset=1631 ref=1032, tn_fenetre=1) [12000 fois]
  [a_cd] fn=56536 p51=28 p102=28 etat=8000 ok L2=0f 00 03 03 | ok=115 ko=35
  [a5] #31000 A5/1 fn=55870 (T1=42 T2=22 T3=25) Kc=9c35f4aa6f277800 | dernier depot BSP fn=55869 (ecart +1)
  [a_dd] fn=56605 etat=c204 FIRE=0 BFI=1 err=21 (ecart 5 trames) | vues=2200 ko=0 bfi=2200
  profil PC (108076 tranches, high-water 0xefce) : e980:10% 8240:6% 9a80:6% 8380:6% ecc0:4% 83c0:3% e940:3% 8300:3% 8200:3% 8540:2% 9a40:2% 81c0:2%
  fn=56635   page=1 insn=85640   IDLE   d_fb_det=0     a_sch=0100 0000 0000 0000 sync=0000 1530 ffff  | trames=56637 irq=0 iq=0
  [BSP] dedie : DESACCORD fn=56011 p51=13 p102=13 : table=1 tpu=0 (offset=1631 ref=1032, tn_fenetre=1) [12200 fois]
  [a5] #31500 A5/1 fn=56044 (T1=42 T2=14 T3=46) Kc=9c35f4aa6f277800 | dernier depot BSP fn=56043 (ecart +1)
  profil PC (108639 tranches, high-water 0xefce) : e980:10% 8240:6% 9a80:6% 8380:6% ecc0:4% 83c0:3% e940:3% 8300:3% 8200:3% 8540:2% 9a40:2% 81c0:2%
  fn=56852   page=0 insn=85608   IDLE   d_fb_det=0     a_sch=0100 0000 0000 0000 sync=0000 1530 ffff  | trames=56854 irq=0 iq=0
  [BSP] dedie : DESACCORD fn=56211 p51=9 p102=9 : table=1 tpu=0 (offset=1631 ref=1032, tn_fenetre=1) [12400 fois]
  [a5] #32000 A5/1 fn=56217 (T1=42 T2=5 T3=15) Kc=9c35f4aa6f277800 | dernier depot BSP fn=56216 (ecart +1)
  [a5-hist] #32000 recales=0 ecart(-1/0/+1/+2/autre) par fn%26 : 0:0/0/81/0/0 1:0/0/81/0/0 2:0/0/81/0/0 3:0/0/81/0/0 4:0/0/81/0/0 5:0/0/81/0/0 6:0/0/78/0/0 7:0/0/78/0/0 8:0/0/78/0/0 9:0/0/78/0/0 10:0/0/78/0/0 11:0/0/78/0/0 12:0/0/78/0/0 13:0/0/78/0/0 14:0/0/80/0/0 15:0/0/81/0/0 16:0/0/81/0/0 17:0/0/81/0/0 18:0/0/81/0/0 19:0/0/81/0/0 20:0/0/81/0/0 21:0/0/81/0/0 22:0/0/81/0/0 23:0/0/81/0/0 24:0/0/81/0/0
  [chrono] fn=56998 sur 1000 trames (ms) : qemu 2.07 | A 0.20 | go 0.61 | B 0.09 | apres DONE 1.96 | trame 4.92 (temps reel 4.62)
  [a_dd] fn=57038 etat=c204 FIRE=0 BFI=1 err=16 (ecart 4 trames) | vues=2300 ko=0 bfi=2300
  [a5] #32500 A5/1 fn=56390 (T1=42 T2=22 T3=35) Kc=9c35f4aa6f277800 | dernier depot BSP fn=56389 (ecart +1)
  profil PC (108068 tranches, high-water 0xefce) : e980:10% 8240:6% 9a80:6% 8380:6% ecc0:4% 83c0:3% e940:3% 8300:3% 8200:3% 8540:2% 9a40:2% 81c0:2%
  fn=57069   page=1 insn=1359    IDLE   d_fb_det=0     a_sch=0100 0000 0000 0000 sync=0000 1530 ffff  | trames=57071 irq=0 iq=0
  [BSP] dedie : DESACCORD fn=56411 p51=5 p102=5 : table=1 tpu=0 (offset=1631 ref=1032, tn_fenetre=1) [12600 fois]
  [a5] #33000 A5/1 fn=56564 (T1=42 T2=14 T3=5) Kc=9c35f4aa6f277800 | dernier depot BSP fn=56563 (ecart +1)
  profil PC (108291 tranches, high-water 0xefce) : e980:10% 8240:6% 9a80:6% 8380:6% ecc0:4% 83c0:3% e940:3% 8300:3% 8200:3% 8540:2% 9a40:2% 81c0:2%
  fn=57286   page=0 insn=14401   IDLE   d_fb_det=0     a_sch=0100 0000 0000 0000 sync=0000 1530 ffff  | trames=57288 irq=0 iq=0
  hacks actifs : RHEA_DMA ; cadencement : STREAM LOCKSTEP  ; stimulus : none
  [BSP] dedie : DESACCORD fn=56611 p51=1 p102=1 : table=1 tpu=0 (offset=1631 ref=1032, tn_fenetre=1) [12800 fois]
  [a5] #33500 A5/1 fn=56737 (T1=42 T2=5 T3=25) Kc=9c35f4aa6f277800 | dernier depot BSP fn=56736 (ecart +1)
  [a_dd] fn=57471 etat=c204 FIRE=0 BFI=1 err=17 (ecart 4 trames) | vues=2400 ko=0 bfi=2400
  [BSP] dedie : DESACCORD fn=56811 p51=48 p102=99 : table=1 tpu=0 (offset=1631 ref=1032, tn_fenetre=1) [13000 fois]
  profil PC (108385 tranches, high-water 0xefce) : e980:10% 8240:6% 9a80:6% 8380:6% ecc0:4% 83c0:3% e940:3% 8300:3% 8200:3% 8540:2% 9a40:2% 81c0:2%
  fn=57503   page=1 insn=14402   IDLE   d_fb_det=0     a_sch=0100 0000 0000 0000 sync=0000 1530 ffff  | trames=57505 irq=0 iq=0
  [a5] #34000 A5/1 fn=56910 (T1=42 T2=22 T3=45) Kc=9c35f4aa6f277800 | dernier depot BSP fn=56909 (ecart +1)
  [a5-hist] #34000 recales=0 ecart(-1/0/+1/+2/autre) par fn%26 : 0:0/0/78/0/0 1:0/0/78/0/0 2:0/0/78/0/0 3:0/0/78/0/0 4:0/0/78/0/0 5:0/0/78/0/0 6:0/0/81/0/0 7:0/0/81/0/0 8:0/0/81/0/0 9:0/0/81/0/0 10:0/0/81/0/0 11:0/0/81/0/0 12:0/0/81/0/0 13:0/0/81/0/0 14:0/0/81/0/0 15:0/0/81/0/0 16:0/0/81/0/0 17:0/0/81/0/0 18:0/0/81/0/0 19:0/0/81/0/0 20:0/0/81/0/0 21:0/0/81/0/0 22:0/0/80/0/0 23:0/0/78/0/0 24:0/0/78/0/0
  [BSP] dedie : DESACCORD fn=57011 p51=44 p102=95 : table=1 tpu=0 (offset=1631 ref=1032, tn_fenetre=1) [13200 fois]
  profil PC (108088 tranches, high-water 0xefce) : e980:10% 8240:6% 9a80:6% 8380:6% ecc0:4% 83c0:3% e940:3% 8300:3% 8200:3% 8540:2% 9a40:2% 81c0:2%
  fn=57720   page=0 insn=14404   IDLE   d_fb_det=0     a_sch=0100 0000 0000 0000 sync=0000 1530 ffff  | trames=57722 irq=0 iq=0
  [a5] #34500 A5/1 fn=57084 (T1=43 T2=14 T3=15) Kc=9c35f4aa6f277800 | dernier depot BSP fn=57083 (ecart +1)
  [BSP] dedie : DESACCORD fn=57211 p51=40 p102=91 : table=1 tpu=0 (offset=1631 ref=1032, tn_fenetre=1) [13400 fois]
  [a_dd] fn=57905 etat=c204 FIRE=0 BFI=1 err=28 (ecart 5 trames) | vues=2500 ko=0 bfi=2500
  [a5] #35000 A5/1 fn=57257 (T1=43 T2=5 T3=35) Kc=9c35f4aa6f277800 | dernier depot BSP fn=57256 (ecart +1)
  profil PC (108301 tranches, high-water 0xefcd) : e980:10% 8240:6% 9a80:6% 8380:6% ecc0:4% 83c0:3% e940:3% 8300:3% 8200:3% 8540:2% 9a40:2% 81c0:2%
  fn=57937   page=1 insn=14413   IDLE   d_fb_det=0     a_sch=0100 0000 0000 0000 sync=0000 1530 ffff  | trames=57939 irq=0 iq=0
  [chrono] fn=57998 sur 1000 trames (ms) : qemu 1.98 | A 0.21 | go 0.30 | B 0.10 | apres DONE 2.03 | trame 4.61 (temps reel 4.62)
  [BSP] dedie : DESACCORD fn=57411 p51=36 p102=87 : table=1 tpu=0 (offset=1631 ref=1032, tn_fenetre=1) [13600 fois]
  [a5] #35500 A5/1 fn=57430 (T1=43 T2=22 T3=4) Kc=9c35f4aa6f277800 | dernier depot BSP fn=57429 (ecart +1)
  profil PC (108304 tranches, high-water 0xefce) : e980:10% 8240:6% 9a80:6% 8380:6% ecc0:4% 83c0:3% e940:3% 8300:3% 8200:3% 8540:2% 9a40:2% 81c0:2%
  fn=58154   page=0 insn=14416   IDLE   d_fb_det=0     a_sch=0100 0000 0000 0000 sync=0000 1530 ffff  | trames=58156 irq=0 iq=0
  [a5] #36000 A5/1 fn=57604 (T1=43 T2=14 T3=25) Kc=9c35f4aa6f277800 | dernier depot BSP fn=57603 (ecart +1)
  [a5-hist] #36000 recales=0 ecart(-1/0/+1/+2/autre) par fn%26 : 0:0/0/81/0/0 1:0/0/81/0/0 2:0/0/81/0/0 3:0/0/81/0/0 4:0/0/81/0/0 5:0/0/81/0/0 6:0/0/81/0/0 7:0/0/81/0/0 8:0/0/81/0/0 9:0/0/81/0/0 10:0/0/81/0/0 11:0/0/81/0/0 12:0/0/81/0/0 13:0/0/81/0/0 14:0/0/79/0/0 15:0/0/78/0/0 16:0/0/78/0/0 17:0/0/78/0/0 18:0/0/78/0/0 19:0/0/78/0/0 20:0/0/78/0/0 21:0/0/78/0/0 22:0/0/79/0/0 23:0/0/81/0/0 24:0/0/81/0/0
  [BSP] dedie : DESACCORD fn=57611 p51=32 p102=83 : table=1 tpu=0 (offset=1631 ref=1032, tn_fenetre=1) [13800 fois]
  [a_dd] fn=58338 etat=c204 FIRE=0 BFI=1 err=22 (ecart 4 trames) | vues=2600 ko=0 bfi=2600
  profil PC (108081 tranches, high-water 0xefce) : e980:10% 8240:6% 9a80:6% 8380:6% ecc0:4% 83c0:3% e940:3% 8300:3% 8200:3% 8540:2% 9a40:2% 81c0:2%
  fn=58371   page=1 insn=14418   IDLE   d_fb_det=0     a_sch=0100 0000 0000 0000 sync=0000 1530 ffff  | trames=58373 irq=0 iq=0
  [a5] #36500 A5/1 fn=57777 (T1=43 T2=5 T3=45) Kc=9c35f4aa6f277800 | dernier depot BSP fn=57776 (ecart +1)
  [BSP] dedie : DESACCORD fn=57811 p51=28 p102=79 : table=1 tpu=0 (offset=1631 ref=1032, tn_fenetre=1) [14000 fois]
  profil PC (108305 tranches, high-water 0xefce) : e980:10% 8240:6% 9a80:6% 8380:6% ecc0:4% 83c0:3% e940:3% 8300:3% 8200:3% 8540:2% 9a40:2% 81c0:2%
  fn=58588   page=0 insn=14395   IDLE   d_fb_det=0     a_sch=0100 0000 0000 0000 sync=0000 1530 ffff  | trames=58590 irq=0 iq=0
  [a5] #37000 A5/1 fn=57950 (T1=43 T2=22 T3=14) Kc=9c35f4aa6f277800 | dernier depot BSP fn=57949 (ecart +1)
  [BSP] dedie : DESACCORD fn=58011 p51=24 p102=75 : table=1 tpu=0 (offset=1631 ref=1032, tn_fenetre=1) [14200 fois]
  [a_dd] fn=58771 etat=c204 FIRE=0 BFI=1 err=28 (ecart 4 trames) | vues=2700 ko=0 bfi=2700
  [a5] #37500 A5/1 fn=58124 (T1=43 T2=14 T3=35) Kc=9c35f4aa6f277800 | dernier depot BSP fn=58123 (ecart +1)
  profil PC (108299 tranches, high-water 0xefce) : e980:10% 8240:6% 9a80:6% 8380:6% ecc0:4% 83c0:3% e940:3% 8300:3% 8200:3% 8540:2% 9a40:2% 81c0:2%
  fn=58805   page=1 insn=14399   IDLE   d_fb_det=0     a_sch=0100 0000 0000 0000 sync=0000 1530 ffff  | trames=58807 irq=0 iq=0
  [BSP] dedie : DESACCORD fn=58211 p51=20 p102=71 : table=1 tpu=0 (offset=1631 ref=1032, tn_fenetre=1) [14400 fois]
  [a5] #38000 A5/1 fn=58297 (T1=43 T2=5 T3=4) Kc=9c35f4aa6f277800 | dernier depot BSP fn=58296 (ecart +1)
  [a5-hist] #38000 recales=0 ecart(-1/0/+1/+2/autre) par fn%26 : 0:0/0/81/0/0 1:0/0/81/0/0 2:0/0/81/0/0 3:0/0/81/0/0 4:0/0/81/0/0 5:0/0/81/0/0 6:0/0/78/0/0 7:0/0/78/0/0 8:0/0/78/0/0 9:0/0/78/0/0 10:0/0/78/0/0 11:0/0/78/0/0 12:0/0/78/0/0 13:0/0/78/0/0 14:0/0/80/0/0 15:0/0/81/0/0 16:0/0/81/0/0 17:0/0/81/0/0 18:0/0/81/0/0 19:0/0/81/0/0 20:0/0/81/0/0 21:0/0/81/0/0 22:0/0/81/0/0 23:0/0/81/0/0 24:0/0/81/0/0
  [chrono] fn=58998 sur 1000 trames (ms) : qemu 2.16 | A 0.18 | go 0.29 | B 0.07 | apres DONE 1.92 | trame 4.62 (temps reel 4.62)
  profil PC (108084 tranches, high-water 0xefce) : e980:10% 8240:6% 9a80:6% 8380:6% ecc0:4% 83c0:3% e940:3% 8300:3% 8200:3% 8540:2% 9a40:2% 81c0:2%
  fn=59022   page=0 insn=14397   IDLE   d_fb_det=0     a_sch=0100 0000 0000 0000 sync=0000 1530 ffff  | trames=59024 irq=0 iq=0
  hacks actifs : RHEA_DMA ; cadencement : STREAM LOCKSTEP  ; stimulus : none
  [BSP] dedie : DESACCORD fn=58411 p51=16 p102=67 : table=1 tpu=0 (offset=1631 ref=1032, tn_fenetre=1) [14600 fois]
  [a5] #38500 A5/1 fn=58470 (T1=44 T2=22 T3=24) Kc=9c35f4aa6f277800 | dernier depot BSP fn=58469 (ecart +1)
  [a_dd] fn=59205 etat=c204 FIRE=0 BFI=1 err=26 (ecart 5 trames) | vues=2800 ko=0 bfi=2800
  [a_fd] fn=59235 fn%13=7 etat=8080 BLUD=1 FIRE=0 d_tch_mode=ca08 L2=01 61 01 2b | ok=28 ko=0
  [a_fd] fn=59239 fn%13=11 etat=8080 BLUD=1 FIRE=0 d_tch_mode=ca08 L2=03 64 19 83 | ok=29 ko=0
  profil PC (109466 tranches, high-water 0xefce) : e980:10% 8240:6% 9a80:6% 8380:6% ecc0:4% 83c0:3% e940:3% 8300:3% 8200:3% 8540:2% 9a40:2% 81c0:2%
  fn=59239   page=1 insn=86705   IDLE   d_fb_det=0     a_sch=0100 0000 0000 0000 sync=0000 1530 ffff  | trames=59241 irq=0 iq=0
  [a_fd] fn=59274 fn%13=7 etat=8080 BLUD=1 FIRE=0 d_tch_mode=ca00 L2=03 74 19 83 | ok=30 ko=0
  [BSP] dedie : DESACCORD fn=58611 p51=12 p102=63 : table=1 tpu=0 (offset=1631 ref=1032, tn_fenetre=1) [14800 fois]
  [a_fd] fn=59287 fn%13=7 etat=8080 BLUD=1 FIRE=0 d_tch_mode=ca00 L2=01 81 01 2b | ok=31 ko=0
  [a_fd] fn=59309 fn%13=3 etat=8080 BLUD=1 FIRE=0 d_tch_mode=ca00 L2=03 91 01 2b | ok=32 ko=0
  [a_fd] fn=59313 fn%13=7 etat=8080 BLUD=1 FIRE=0 d_tch_mode=ca00 L2=03 86 0d 06 | ok=33 ko=0
  [a5] #39000 A5/1 fn=58644 (T1=44 T2=14 T3=45) Kc=9c35f4aa6f277800 | dernier depot BSP fn=58643 (ecart +1)
  [a_fd] fn=59348 fn%13=3 etat=8080 BLUD=1 FIRE=0 d_tch_mode=ca00 L2=03 96 0d 06 | ok=34 ko=0
  [a_fd] fn=59365 fn%13=7 etat=8080 BLUD=1 FIRE=0 d_tch_mode=ca00 L2=01 73 01 2b | ok=35 ko=0
  [a5-arm] tick=59366 d_a5mode=0 a_kc=7800 6f27 f4aa 9c35  (BSP sur le TCH)
  [montant] retour en clair (seq=15)
  [montant] tache FB postee : le mobile cherche la synchro, canal dedie libere (TS0 rendu au FCCH/SCH)
  [jalon] fn=59377 d_fb_det=1  hacks=RHEA_DMA
  [sbwin] SB #4356 fn=58702 p51=1 tick=59378 : armee=0 one_shot=0 page_prog=48 rif_avant=0 nwin=0 marge=0 -> DMA NON ARMEE (le RIF jette) : SCH memorise pour la fenetre SB (dans une vraie fenetre SB : 43/4356)
  [jalon] fn=59387 d_fb_det=1  hacks=RHEA_DMA
  [sbwin] SB #4357 fn=58712 p51=11 tick=59388 : armee=0 one_shot=0 page_prog=48 rif_avant=0 nwin=0 marge=0 -> DMA NON ARMEE (le RIF jette) : SCH memorise pour la fenetre SB (dans une vraie fenetre SB : 43/4357)
  [cmd] fn=59396 tache SB postee par l'ARM (W0 md=6 W1 md=0)
  [sb] fn=59396 p51=32 | FB a fn=59387 toa=8743 pm=5424 ang=-1 | TOA-ROM=8743 src=fine | a_sch=0100 crc_ko
  [a_sch] fn=59397 page=0 : 0100 0000 0000 0000 -> 8100 0016 f85d 01fb  (d_dsp_page=0003) TOA=0 PM=5521 SNR=12 crc_ko
  [sbwin] SB #4358 fn=58722 p51=21 tick=59398 : armee=1 one_shot=1 page_prog=191 rif_avant=0 nwin=191 marge=21 -> FENETRE SB (one-shot) (dans une vraie fenetre SB : 44/4358)
  [a_sch] fn=59398 page=1 : 0100 0000 0000 0000 -> 8000 0866 161c 0039  (d_dsp_page=0003) TOA=23 PM=5353 SNR=16384 CRC_OK
  [jalon] fn=59398 SB PLAUSIBLE page=1 BSIC=7 a_sch=8000 0866 161c 0039  hacks=RHEA_DMA
  [a_sch] fn=59399 page=0 : 8100 0016 f85d 01fb -> 0100 0000 0000 0000  (d_dsp_page=0003) TOA=0 PM=0 SNR=0 crc_ko
  [sbwin] SB #4359 fn=58732 p51=31 tick=59408 : armee=0 one_shot=0 page_prog=191 rif_avant=0 nwin=0 marge=0 -> DMA NON ARMEE (le RIF jette) : SCH memorise pour la fenetre SB (dans une vraie fenetre SB : 44/4359)
  [sbwin] SB #4360 fn=58742 p51=41 tick=59418 : armee=0 one_shot=0 page_prog=191 rif_avant=0 nwin=0 marge=0 -> DMA NON ARMEE (le RIF jette) : SCH memorise pour la fenetre SB (dans une vraie fenetre SB : 44/4360)
  [sbwin] SB #4361 fn=58753 p51=1 tick=59429 : armee=0 one_shot=0 page_prog=191 rif_avant=0 nwin=0 marge=0 -> DMA NON ARMEE (le RIF jette) : SCH memorise pour la fenetre SB (dans une vraie fenetre SB : 44/4361)
  [a_sch] fn=59432 page=1 : 8000 0866 161c 0039 -> 0100 0000 0000 0000  (d_dsp_page=0003) TOA=0 PM=0 SNR=0 crc_ko
  [sbwin] SB #4362 fn=58763 p51=11 tick=59439 : armee=0 one_shot=0 page_prog=151 rif_avant=0 nwin=0 marge=0 -> DMA NON ARMEE (le RIF jette) : SCH memorise pour la fenetre SB (dans une vraie fenetre SB : 44/4362)
  profil PC (71136 tranches, high-water 0xefce) : e980:8% 9a80:6% 8240:6% 8380:5% ecc0:4% 83c0:3% 8300:2% e940:2% 8200:2% 8540:2% 9a40:2% 81c0:2%
  fn=59456   page=1 insn=119     IDLE   d_fb_det=0     a_sch=0100 0000 0000 0000 sync=0000 1530 ffff  | trames=59458 irq=0 iq=0
  [montant] canal dedie (side-band seq=16) : libere TS0 SDCCH/4 SS=0
pont : canal dedie libere : TS0 SDCCH/8 SS=0
  [montant] TCH (seq=0) : annonce TS2 retiree (le firmware n'y etait pas)
  [sbwin] SB #4370 fn=58844 p51=41 tick=59520 : armee=0 one_shot=0 page_prog=151 rif_avant=0 nwin=0 marge=0 -> DMA NON ARMEE (le RIF jette) : SCH memorise pour la fenetre SB (dans une vraie fenetre SB : 44/4370)
  [jalon] fn=59540 d_fb_det=1  hacks=RHEA_DMA
  [sbwin] SB #4372 fn=58865 p51=11 tick=59541 : armee=0 one_shot=0 page_prog=48 rif_avant=0 nwin=0 marge=0 -> DMA NON ARMEE (le RIF jette) : SCH memorise pour la fenetre SB (dans une vraie fenetre SB : 44/4372)
  [jalon] fn=59550 d_fb_det=1  hacks=RHEA_DMA
  [sbwin] SB #4373 fn=58875 p51=21 tick=59551 : armee=0 one_shot=0 page_prog=48 rif_avant=0 nwin=0 marge=0 -> DMA NON ARMEE (le RIF jette) : SCH memorise pour la fenetre SB (dans une vraie fenetre SB : 44/4373)
  [cmd] fn=59559 tache SB postee par l'ARM (W0 md=6 W1 md=0)
  [sb] fn=59559 p51=42 | FB a fn=59550 toa=8743 pm=5431 ang=-1 | TOA-ROM=8743 src=fine | a_sch=0100 crc_ko
  [a_sch] fn=59560 page=0 : 0100 0000 0000 0000 -> 8100 0016 f85d 01fb  (d_dsp_page=0003) TOA=0 PM=5521 SNR=12 crc_ko
  [sbwin] SB #4374 fn=58885 p51=31 tick=59561 : armee=1 one_shot=1 page_prog=191 rif_avant=0 nwin=191 marge=21 -> FENETRE SB (one-shot) (dans une vraie fenetre SB : 45/4374)
  [a_sch] fn=59561 page=1 : 0100 0000 0000 0000 -> 8100 09ed f21f 0155  (d_dsp_page=0003) TOA=23 PM=5367 SNR=16384 crc_ko
  [a_sch] fn=59562 page=0 : 8100 0016 f85d 01fb -> 0100 0000 0000 0000  (d_dsp_page=0003) TOA=0 PM=0 SNR=0 crc_ko
  [a_sch] fn=59563 page=1 : 8100 09ed f21f 0155 -> 0100 0000 0000 0000  (d_dsp_page=0003) TOA=0 PM=0 SNR=0 crc_ko
  [jalon] fn=59570 d_fb_det=1  hacks=RHEA_DMA
  [sbwin] SB #4375 fn=58895 p51=41 tick=59571 : armee=0 one_shot=0 page_prog=48 rif_avant=0 nwin=0 marge=0 -> DMA NON ARMEE (le RIF jette) : SCH memorise pour la fenetre SB (dans une vraie fenetre SB : 45/4375)
  [jalon] fn=59581 d_fb_det=1  hacks=RHEA_DMA
  [sbwin] SB #4376 fn=58906 p51=1 tick=59582 : armee=0 one_shot=0 page_prog=48 rif_avant=0 nwin=0 marge=0 -> DMA NON ARMEE (le RIF jette) : SCH memorise pour la fenetre SB (dans une vraie fenetre SB : 45/4376)
  [cmd] fn=59590 tache SB postee par l'ARM (W0 md=6 W1 md=0)
  [sb] fn=59590 p51=22 | FB a fn=59581 toa=9991 pm=5431 ang=-1 | TOA-ROM=9991 src=fine | a_sch=0100 crc_ko
  [a_sch] fn=59591 page=0 : 0100 0000 0000 0000 -> 8100 0016 f85d 01fb  (d_dsp_page=0003) TOA=0 PM=5521 SNR=12 crc_ko
  [sbwin] SB #4377 fn=58916 p51=11 tick=59592 : armee=1 one_shot=1 page_prog=191 rif_avant=0 nwin=191 marge=21 -> FENETRE SB (one-shot) (dans une vraie fenetre SB : 46/4377)
  [a_sch] fn=59592 page=1 : 0100 0000 0000 0000 -> 8000 0371 161c 0100  (d_dsp_page=0003) TOA=23 PM=5367 SNR=16384 CRC_OK
  [jalon] fn=59592 SB PLAUSIBLE page=1 BSIC=7 a_sch=8000 0371 161c 0100  hacks=RHEA_DMA
  [a_sch] fn=59593 page=0 : 8100 0016 f85d 01fb -> 0100 0000 0000 0000  (d_dsp_page=0003) TOA=0 PM=0 SNR=0 crc_ko
  [a_sch] fn=59599 page=1 : 8000 0371 161c 0100 -> 0100 0000 0000 0000  (d_dsp_page=0003) TOA=0 PM=0 SNR=0 crc_ko
  [sbwin] SB #4378 fn=58926 p51=21 tick=59602 : armee=0 one_shot=0 page_prog=64 rif_avant=0 nwin=0 marge=0 -> DMA NON ARMEE (le RIF jette) : SCH memorise pour la fenetre SB (dans une vraie fenetre SB : 46/4378)
  [sbwin] SB #4379 fn=58936 p51=31 tick=59612 : armee=0 one_shot=0 page_prog=64 rif_avant=0 nwin=0 marge=0 -> DMA NON ARMEE (le RIF jette) : SCH memorise pour la fenetre SB (dans une vraie fenetre SB : 46/4379)
  [sbwin] SB #4380 fn=58946 p51=41 tick=59622 : armee=0 one_shot=0 page_prog=64 rif_avant=0 nwin=0 marge=0 -> DMA NON ARMEE (le RIF jette) : SCH memorise pour la fenetre SB (dans une vraie fenetre SB : 46/4380)
  [sbwin] SB #4381 fn=58957 p51=1 tick=59633 : armee=0 one_shot=0 page_prog=64 rif_avant=0 nwin=0 marge=0 -> DMA NON ARMEE (le RIF jette) : SCH memorise pour la fenetre SB (dans une vraie fenetre SB : 46/4381)
  profil PC (21619 tranches, high-water 0xde92) : 77c0:12% 7800:7% 7840:6% 9a80:5% 78c0:5% 8240:5% 8380:4% a680:3% b2c0:2% 83c0:2% 7a00:2% 8300:2%
  fn=59673   page=1 insn=119     IDLE   d_fb_det=0     a_sch=0100 0000 0000 0000 sync=0000 1537 ffff  | trames=59675 irq=0 iq=0
  [sbwin] SB #4390 fn=59048 p51=41 tick=59724 : armee=0 one_shot=0 page_prog=64 rif_avant=0 nwin=0 marge=0 -> DMA NON ARMEE (le RIF jette) : SCH memorise pour la fenetre SB (dans une vraie fenetre SB : 46/4390)
  [sbwin] SB #4400 fn=59150 p51=41 tick=59826 : armee=0 one_shot=0 page_prog=64 rif_avant=0 nwin=0 marge=0 -> DMA NON ARMEE (le RIF jette) : SCH memorise pour la fenetre SB (dans une vraie fenetre SB : 46/4400)
  profil PC (21500 tranches, high-water 0xde91) : 9a80:11% 8240:11% 8380:10% 83c0:5% 8200:5% 8300:4% 8540:4% 9a40:4% a0c0:3% 81c0:3% 82c0:3% 9a00:2%
  fn=59890   page=0 insn=13657   IDLE   d_fb_det=0     a_sch=0100 0000 0000 0000 sync=0000 1537 ffff  | trames=59892 irq=0 iq=0
  [sbwin] SB #4410 fn=59252 p51=41 tick=59928 : armee=0 one_shot=0 page_prog=64 rif_avant=0 nwin=0 marge=0 -> DMA NON ARMEE (le RIF jette) : SCH memorise pour la fenetre SB (dans une vraie fenetre SB : 46/4410)
  [chrono] fn=59998 sur 1000 trames (ms) : qemu 3.02 | A 0.09 | go 0.30 | B 0.16 | apres DONE 1.05 | trame 4.62 (temps reel 4.62)
  [sbwin] SB #4420 fn=59354 p51=41 tick=60030 : armee=0 one_shot=0 page_prog=64 rif_avant=0 nwin=0 marge=0 -> DMA NON ARMEE (le RIF jette) : SCH memorise pour la fenetre SB (dans une vraie fenetre SB : 46/4420)
  profil PC (24573 tranches, high-water 0xde91) : 9a80:11% 8240:11% 8380:10% 83c0:5% 8200:5% 8300:4% 8540:4% 9a40:4% a0c0:3% 81c0:3% 82c0:3% 9a00:2%
  fn=60107   page=0 insn=13785   IDLE   d_fb_det=0     a_sch=0100 0000 0000 0000 sync=0000 1537 ffff  | trames=60109 irq=0 iq=0
  [sbwin] SB #4430 fn=59456 p51=41 tick=60132 : armee=0 one_shot=0 page_prog=64 rif_avant=0 nwin=0 marge=0 -> DMA NON ARMEE (le RIF jette) : SCH memorise pour la fenetre SB (dans une vraie fenetre SB : 46/4430)
  [sbwin] SB #4440 fn=59558 p51=41 tick=60234 : armee=0 one_shot=0 page_prog=64 rif_avant=0 nwin=0 marge=0 -> DMA NON ARMEE (le RIF jette) : SCH memorise pour la fenetre SB (dans une vraie fenetre SB : 46/4440)
  profil PC (22075 tranches, high-water 0xde91) : 9a80:11% 8240:11% 8380:10% 83c0:5% 8200:5% 8300:4% 8540:4% 9a40:4% a0c0:3% 81c0:3% 82c0:3% 9a00:2%
  fn=60324   page=0 insn=119     IDLE   d_fb_det=0     a_sch=0100 0000 0000 0000 sync=0000 1537 ffff  | trames=60326 irq=0 iq=0
  [sbwin] SB #4450 fn=59660 p51=41 tick=60336 : armee=0 one_shot=0 page_prog=64 rif_avant=0 nwin=0 marge=0 -> DMA NON ARMEE (le RIF jette) : SCH memorise pour la fenetre SB (dans une vraie fenetre SB : 46/4450)
  [jalon] fn=60437 d_fb_det=1  hacks=RHEA_DMA
  [sbwin] SB #4460 fn=59762 p51=41 tick=60438 : armee=0 one_shot=0 page_prog=48 rif_avant=0 nwin=0 marge=0 -> DMA NON ARMEE (le RIF jette) : SCH memorise pour la fenetre SB (dans une vraie fenetre SB : 46/4460)
  [jalon] fn=60448 d_fb_det=1  hacks=RHEA_DMA
  [sbwin] SB #4461 fn=59773 p51=1 tick=60449 : armee=0 one_shot=0 page_prog=48 rif_avant=0 nwin=0 marge=0 -> DMA NON ARMEE (le RIF jette) : SCH memorise pour la fenetre SB (dans une vraie fenetre SB : 46/4461)
  [cmd] fn=60457 tache SB postee par l'ARM (W0 md=6 W1 md=0)
  [sb] fn=60457 p51=22 | FB a fn=60448 toa=9991 pm=5431 ang=-1 | TOA-ROM=9991 src=fine | a_sch=0100 crc_ko
  [a_sch] fn=60458 page=0 : 0100 0000 0000 0000 -> 8100 0016 f85d 01fb  (d_dsp_page=0003) TOA=0 PM=5521 SNR=12 crc_ko
  [sbwin] SB #4462 fn=59783 p51=11 tick=60459 : armee=1 one_shot=1 page_prog=191 rif_avant=0 nwin=191 marge=21 -> FENETRE SB (one-shot) (dans une vraie fenetre SB : 47/4462)
  [a_sch] fn=60459 page=1 : 0100 0000 0000 0000 -> 8000 050b 161c 01a4  (d_dsp_page=0003) TOA=23 PM=5353 SNR=16384 CRC_OK
  [jalon] fn=60459 SB PLAUSIBLE page=1 BSIC=7 a_sch=8000 050b 161c 01a4  hacks=RHEA_DMA
  [a_sch] fn=60460 page=0 : 8100 0016 f85d 01fb -> 0100 0000 0000 0000  (d_dsp_page=0003) TOA=0 PM=0 SNR=0 crc_ko
  [afc] fn=60463 w_page=0 relaye=-698 | page0=-698 page1=-700
  [afc] fn=60465 w_page=1 relaye=-698 | page0=-698 page1=-698
  [a_sch] fn=60466 page=1 : 8000 050b 161c 01a4 -> 0100 0000 0000 0000  (d_dsp_page=0003) TOA=0 PM=0 SNR=0 crc_ko
  [sbwin] SB #4463 fn=59793 p51=21 tick=60469 : armee=0 one_shot=0 page_prog=151 rif_avant=0 nwin=0 marge=0 -> DMA NON ARMEE (le RIF jette) : SCH memorise pour la fenetre SB (dans une vraie fenetre SB : 47/4463)
  [montant] RACH ra=0x1e bsic=7 fn=60471 -> /dev/shm/calypso_rach
  [montant]   declencheur : d_task_ra=RACH_DSP_TASK (task_ra=0x000a d_rach=0x1e1c)
  [sbwin] SB #4464 fn=59803 p51=31 tick=60479 : armee=0 one_shot=0 page_prog=151 rif_avant=0 nwin=0 marge=0 -> DMA NON ARMEE (le RIF jette) : SCH memorise pour la fenetre SB (dans une vraie fenetre SB : 47/4464)
  [sbwin] SB #4465 fn=59813 p51=41 tick=60489 : armee=0 one_shot=0 page_prog=151 rif_avant=0 nwin=0 marge=0 -> DMA NON ARMEE (le RIF jette) : SCH memorise pour la fenetre SB (dans une vraie fenetre SB : 47/4465)
  [sbwin] SB #4466 fn=59824 p51=1 tick=60500 : armee=0 one_shot=0 page_prog=151 rif_avant=0 nwin=0 marge=0 -> DMA NON ARMEE (le RIF jette) : SCH memorise pour la fenetre SB (dans une vraie fenetre SB : 47/4466)
  [sbwin] SB #4470 fn=59864 p51=41 tick=60540 : armee=0 one_shot=0 page_prog=151 rif_avant=0 nwin=0 marge=0 -> DMA NON ARMEE (le RIF jette) : SCH memorise pour la fenetre SB (dans une vraie fenetre SB : 47/4470)
  profil PC (21799 tranches, high-water 0xde92) : 9a80:8% 8240:8% 8380:7% 77c0:5% 83c0:4% 8200:3% 8300:3% 8540:3% 7800:3% 7840:3% 9a40:3% 78c0:2%
  fn=60541   page=0 insn=119     IDLE   d_fb_det=0     a_sch=0100 0000 0000 0000 sync=0000 1537 ffff  | trames=60543 irq=0 iq=0
  [montant] canal dedie (side-band seq=17) : arme TS1 SDCCH/8 SS=0
pont : canal dedie arme : TS1 SDCCH/8 SS=0
  [sbwin] SB #4480 fn=59987 p51=11 tick=60663 : armee=0 one_shot=0 page_prog=151 rif_avant=0 nwin=0 marge=0 -> DMA NON ARMEE (le RIF jette) : SCH memorise pour la fenetre SB (dans une vraie fenetre SB : 47/4480)
  [a5-arm] tick=60708 d_a5mode=1 a_kc=7800 6f27 f4aa 9c35
  [montant] chiffrement A5/1 : Kc publie vers /dev/shm/calypso_kc_l1 (seq=16)
  profil PC (10579 tranches, high-water 0xde92) : 9a80:10% 8240:9% 8380:8% 8200:4% 83c0:4% a680:4% 8300:4% 8540:4% 9a40:3% a0c0:3% 81c0:2% 82c0:2%
  fn=60758   page=1 insn=119     IDLE   d_fb_det=0     a_sch=0100 0000 0000 0000 sync=0000 1537 ffff  | trames=60760 irq=0 iq=0
  hacks actifs : RHEA_DMA ; cadencement : STREAM LOCKSTEP  ; stimulus : none
  [sbwin] SB #4490 fn=60109 p51=31 tick=60785 : armee=0 one_shot=0 page_prog=151 rif_avant=0 nwin=0 marge=0 -> DMA NON ARMEE (le RIF jette) : SCH memorise pour la fenetre SB (dans une vraie fenetre SB : 47/4490)
  [sbwin] SB #4500 fn=60242 p51=11 tick=60918 : armee=0 one_shot=0 page_prog=151 rif_avant=0 nwin=0 marge=0 -> DMA NON ARMEE (le RIF jette) : SCH memorise pour la fenetre SB (dans une vraie fenetre SB : 47/4500)
  profil PC (9638 tranches, high-water 0xde92) : 9a80:9% 8240:9% 8380:8% a680:4% 83c0:4% 8200:4% 8300:3% 8540:3% 9a40:3% a0c0:3% 81c0:2% 82c0:2%
  fn=60975   page=0 insn=1315    IDLE   d_fb_det=0     a_sch=0100 0000 0000 0000 sync=0000 1537 ffff  | trames=60977 irq=0 iq=0
  [chrono] fn=60998 sur 1000 trames (ms) : qemu 3.74 | A 0.05 | go 0.25 | B 0.21 | apres DONE 0.36 | trame 4.61 (temps reel 4.62)
  [sbwin] SB #4510 fn=60364 p51=31 tick=61040 : armee=0 one_shot=0 page_prog=151 rif_avant=0 nwin=0 marge=0 -> DMA NON ARMEE (le RIF jette) : SCH memorise pour la fenetre SB (dans une vraie fenetre SB : 47/4510)
  [sbwin] SB #4520 fn=60497 p51=11 tick=61173 : armee=0 one_shot=0 page_prog=151 rif_avant=0 nwin=0 marge=0 -> DMA NON ARMEE (le RIF jette) : SCH memorise pour la fenetre SB (dans une vraie fenetre SB : 47/4520)
  profil PC (9438 tranches, high-water 0xde92) : 9a80:9% 8240:9% 8380:8% a680:4% 83c0:4% 8200:4% 8300:4% 8540:4% 9a40:3% a0c0:3% 81c0:2% 82c0:2%
  fn=61192   page=1 insn=119     IDLE   d_fb_det=0     a_sch=0100 0000 0000 0000 sync=0000 1537 ffff  | trames=61194 irq=0 iq=0
  [a5] #39500 A5/1 fn=60553 (T1=45 T2=25 T3=16) Kc=9c35f4aa6f277800 | dernier depot BSP fn=60552 (ecart +1)
  [ts0] tick=61257 fn=60581 p51=44 NB fenetre=0 marge=0 rif_avant=0
  [sbwin] SB #4530 fn=60619 p51=31 tick=61295 : armee=0 one_shot=0 page_prog=151 rif_avant=0 nwin=0 marge=0 -> DMA NON ARMEE (le RIF jette) : SCH memorise pour la fenetre SB (dans une vraie fenetre SB : 47/4530)
  profil PC (10689 tranches, high-water 0xde92) : 9a80:10% 8240:9% 8380:8% 83c0:4% 8200:4% a680:4% 8300:4% 8540:4% 9a40:3% a0c0:3% 81c0:2% 82c0:2%
  fn=61409   page=1 insn=119     IDLE   d_fb_det=0     a_sch=0100 0000 0000 0000 sync=0000 1537 ffff  | trames=61411 irq=0 iq=0
  [sbwin] SB #4540 fn=60752 p51=11 tick=61428 : armee=0 one_shot=0 page_prog=151 rif_avant=0 nwin=0 marge=0 -> DMA NON ARMEE (le RIF jette) : SCH memorise pour la fenetre SB (dans une vraie fenetre SB : 47/4540)
  [BSP] dedie : DESACCORD fn=60844 p51=1 p102=52 : table=1 tpu=0 (offset=667 ref=381, tn_fenetre=0) [15000 fois]
  [sbwin] SB #4550 fn=60874 p51=31 tick=61550 : armee=0 one_shot=0 page_prog=151 rif_avant=0 nwin=0 marge=0 -> DMA NON ARMEE (le RIF jette) : SCH memorise pour la fenetre SB (dans une vraie fenetre SB : 47/4550)
  profil PC (11371 tranches, high-water 0xde92) : 9a80:9% 8240:6% 8380:5% 8280:4% 8200:4% a680:4% 8300:3% 8540:3% 8480:3% 9a40:3% 83c0:3% a0c0:3%
  fn=61626   page=1 insn=119     IDLE   d_fb_det=0     a_sch=0100 0000 0000 0000 sync=0000 1537 ffff  | trames=61628 irq=0 iq=0
  [a5-arm] tick=61677 d_a5mode=0 a_kc=7800 6f27 f4aa 9c35
  [montant] retour en clair (seq=17)
  [afc] fn=61682 w_page=0 relaye=-700 | page0=-700 page1=-698
  [montant] tache FB postee : le mobile cherche la synchro, canal dedie libere (TS0 rendu au FCCH/SCH)
  [afc] fn=61683 w_page=1 relaye=-700 | page0=-700 page1=-700
  [sbwin] SB #4560 fn=61007 p51=11 tick=61683 : armee=1 one_shot=0 page_prog=48 rif_avant=0 nwin=0 marge=0 -> autre fenetre (PM/NB/continue) : SCH memorise pour la fenetre SB (dans une vraie fenetre SB : 47/4560)
  [jalon] fn=61692 d_fb_det=1  hacks=RHEA_DMA
  [sbwin] SB #4561 fn=61017 p51=21 tick=61693 : armee=0 one_shot=0 page_prog=48 rif_avant=0 nwin=0 marge=0 -> DMA NON ARMEE (le RIF jette) : SCH memorise pour la fenetre SB (dans une vraie fenetre SB : 47/4561)
  [jalon] fn=61702 d_fb_det=1  hacks=RHEA_DMA
  [sbwin] SB #4562 fn=61027 p51=31 tick=61703 : armee=0 one_shot=0 page_prog=48 rif_avant=0 nwin=0 marge=0 -> DMA NON ARMEE (le RIF jette) : SCH memorise pour la fenetre SB (dans une vraie fenetre SB : 47/4562)
  [cmd] fn=61711 tache SB postee par l'ARM (W0 md=6 W1 md=0)
  [sb] fn=61711 p51=1 | FB a fn=61702 toa=8743 pm=5424 ang=-1 | TOA-ROM=8743 src=fine | a_sch=0100 crc_ko
  [a_sch] fn=61712 page=0 : 0100 0000 0000 0000 -> 8100 0016 f85d 01fb  (d_dsp_page=0003) TOA=0 PM=5521 SNR=12 crc_ko
  [sbwin] SB #4563 fn=61037 p51=41 tick=61713 : armee=1 one_shot=1 page_prog=191 rif_avant=0 nwin=191 marge=21 -> FENETRE SB (one-shot) (dans une vraie fenetre SB : 48/4563)
  [a_sch] fn=61713 page=1 : 0100 0000 0000 0000 -> 8100 0c10 1717 003e  (d_dsp_page=0003) TOA=23 PM=5363 SNR=8530 crc_ko
  [a_sch] fn=61714 page=0 : 8100 0016 f85d 01fb -> 0100 0000 0000 0000  (d_dsp_page=0003) TOA=0 PM=0 SNR=0 crc_ko
  [a_sch] fn=61715 page=1 : 8100 0c10 1717 003e -> 0100 0000 0000 0000  (d_dsp_page=0003) TOA=0 PM=0 SNR=0 crc_ko
  [jalon] fn=61723 d_fb_det=1  hacks=RHEA_DMA
  [sbwin] SB #4564 fn=61048 p51=1 tick=61724 : armee=0 one_shot=0 page_prog=48 rif_avant=0 nwin=0 marge=0 -> DMA NON ARMEE (le RIF jette) : SCH memorise pour la fenetre SB (dans une vraie fenetre SB : 48/4564)
  [jalon] fn=61733 d_fb_det=1  hacks=RHEA_DMA
  [sbwin] SB #4565 fn=61058 p51=11 tick=61734 : armee=0 one_shot=0 page_prog=48 rif_avant=0 nwin=0 marge=0 -> DMA NON ARMEE (le RIF jette) : SCH memorise pour la fenetre SB (dans une vraie fenetre SB : 48/4565)
  [cmd] fn=61742 tache SB postee par l'ARM (W0 md=6 W1 md=0)
  [sb] fn=61742 p51=32 | FB a fn=61733 toa=8743 pm=5424 ang=-1 | TOA-ROM=8743 src=fine | a_sch=0100 crc_ko
  [a_sch] fn=61743 page=0 : 0100 0000 0000 0000 -> 8100 0016 f85d 01fb  (d_dsp_page=0003) TOA=0 PM=5521 SNR=12 crc_ko
  [sbwin] SB #4566 fn=61068 p51=21 tick=61744 : armee=1 one_shot=1 page_prog=191 rif_avant=0 nwin=191 marge=21 -> FENETRE SB (one-shot) (dans une vraie fenetre SB : 49/4566)
  [a_sch] fn=61744 page=1 : 0100 0000 0000 0000 -> 8000 01a6 171c 0051  (d_dsp_page=0003) TOA=23 PM=5353 SNR=16384 CRC_OK
  [jalon] fn=61744 SB PLAUSIBLE page=1 BSIC=7 a_sch=8000 01a6 171c 0051  hacks=RHEA_DMA
  [a_sch] fn=61745 page=0 : 8100 0016 f85d 01fb -> 0100 0000 0000 0000  (d_dsp_page=0003) TOA=0 PM=0 SNR=0 crc_ko
  [sbwin] SB #4567 fn=61078 p51=31 tick=61754 : armee=0 one_shot=0 page_prog=191 rif_avant=0 nwin=0 marge=0 -> DMA NON ARMEE (le RIF jette) : SCH memorise pour la fenetre SB (dans une vraie fenetre SB : 49/4567)
  [sbwin] SB #4568 fn=61088 p51=41 tick=61764 : armee=0 one_shot=0 page_prog=191 rif_avant=0 nwin=0 marge=0 -> DMA NON ARMEE (le RIF jette) : SCH memorise pour la fenetre SB (dans une vraie fenetre SB : 49/4568)
  [sbwin] SB #4569 fn=61099 p51=1 tick=61775 : armee=0 one_shot=0 page_prog=191 rif_avant=0 nwin=0 marge=0 -> DMA NON ARMEE (le RIF jette) : SCH memorise pour la fenetre SB (dans une vraie fenetre SB : 49/4569)
  [a_sch] fn=61778 page=1 : 8000 01a6 171c 0051 -> 0100 0000 0000 0000  (d_dsp_page=0003) TOA=0 PM=0 SNR=0 crc_ko
  [montant] canal dedie (side-band seq=18) : libere TS0 SDCCH/4 SS=0
pont : canal dedie libere : TS0 SDCCH/8 SS=0
  [sbwin] SB #4570 fn=61109 p51=11 tick=61785 : armee=0 one_shot=0 page_prog=151 rif_avant=0 nwin=0 marge=0 -> DMA NON ARMEE (le RIF jette) : SCH memorise pour la fenetre SB (dans une vraie fenetre SB : 49/4570)
  profil PC (24143 tranches, high-water 0xde92) : 77c0:13% 7800:7% 7840:5% 8240:4% 9a80:4% 78c0:4% 8380:4% a680:3% b2c0:2% 83c0:2% 8300:2% 8200:2%
  fn=61843   page=0 insn=13661   IDLE   d_fb_det=0     a_sch=0100 0000 0000 0000 sync=0000 1530 ffff  | trames=61845 irq=0 iq=0
  [sbwin] SB #4580 fn=61211 p51=11 tick=61887 : armee=0 one_shot=0 page_prog=151 rif_avant=0 nwin=0 marge=0 -> DMA NON ARMEE (le RIF jette) : SCH memorise pour la fenetre SB (dans une vraie fenetre SB : 49/4580)
  [jalon] fn=61937 d_fb_det=1  hacks=RHEA_DMA
  [sbwin] SB #4585 fn=61262 p51=11 tick=61938 : armee=0 one_shot=0 page_prog=48 rif_avant=0 nwin=0 marge=0 -> DMA NON ARMEE (le RIF jette) : SCH memorise pour la fenetre SB (dans une vraie fenetre SB : 49/4585)
  [jalon] fn=61947 d_fb_det=1  hacks=RHEA_DMA
  [sbwin] SB #4586 fn=61272 p51=21 tick=61948 : armee=0 one_shot=0 page_prog=48 rif_avant=0 nwin=0 marge=0 -> DMA NON ARMEE (le RIF jette) : SCH memorise pour la fenetre SB (dans une vraie fenetre SB : 49/4586)
  [cmd] fn=61956 tache SB postee par l'ARM (W0 md=6 W1 md=0)
  [sb] fn=61956 p51=42 | FB a fn=61947 toa=8743 pm=5424 ang=-1 | TOA-ROM=8743 src=fine | a_sch=0100 crc_ko
  [a_sch] fn=61957 page=0 : 0100 0000 0000 0000 -> 8100 0016 f85d 01fb  (d_dsp_page=0003) TOA=0 PM=5521 SNR=12 crc_ko
  [sbwin] SB #4587 fn=61282 p51=31 tick=61958 : armee=1 one_shot=1 page_prog=191 rif_avant=0 nwin=191 marge=21 -> FENETRE SB (one-shot) (dans une vraie fenetre SB : 50/4587)
  [a_sch] fn=61958 page=1 : 0100 0000 0000 0000 -> 8000 08bf 171c 0101  (d_dsp_page=0003) TOA=23 PM=5349 SNR=16384 CRC_OK
  [jalon] fn=61958 SB PLAUSIBLE page=1 BSIC=7 a_sch=8000 08bf 171c 0101  hacks=RHEA_DMA
  [a_sch] fn=61959 page=0 : 8100 0016 f85d 01fb -> 0100 0000 0000 0000  (d_dsp_page=0003) TOA=0 PM=0 SNR=0 crc_ko
  [sbwin] SB #4588 fn=61292 p51=41 tick=61968 : armee=0 one_shot=0 page_prog=191 rif_avant=0 nwin=0 marge=0 -> DMA NON ARMEE (le RIF jette) : SCH memorise pour la fenetre SB (dans une vraie fenetre SB : 50/4588)
  [sbwin] SB #4589 fn=61303 p51=1 tick=61979 : armee=0 one_shot=0 page_prog=191 rif_avant=0 nwin=0 marge=0 -> DMA NON ARMEE (le RIF jette) : SCH memorise pour la fenetre SB (dans une vraie fenetre SB : 50/4589)
  [a_sch] fn=61982 page=1 : 8000 08bf 171c 0101 -> 0100 0000 0000 0000  (d_dsp_page=0003) TOA=0 PM=0 SNR=0 crc_ko
  [sbwin] SB #4590 fn=61313 p51=11 tick=61989 : armee=0 one_shot=0 page_prog=151 rif_avant=0 nwin=0 marge=0 -> DMA NON ARMEE (le RIF jette) : SCH memorise pour la fenetre SB (dans une vraie fenetre SB : 50/4590)
  [chrono] fn=61998 sur 1000 trames (ms) : qemu 3.79 | A 0.05 | go 0.24 | B 0.22 | apres DONE 0.31 | trame 4.62 (temps reel 4.62)
  [sbwin] SB #4591 fn=61323 p51=21 tick=61999 : armee=0 one_shot=0 page_prog=151 rif_avant=0 nwin=0 marge=0 -> DMA NON ARMEE (le RIF jette) : SCH memorise pour la fenetre SB (dans une vraie fenetre SB : 50/4591)
  [montant] RACH ra=0xe4 bsic=7 fn=61999 -> /dev/shm/calypso_rach
  [montant]   declencheur : d_task_ra=RACH_DSP_TASK (task_ra=0x000a d_rach=0xe41c)
  profil PC (21798 tranches, high-water 0xde92) : 9a80:9% 8240:8% 8380:7% 77c0:5% 83c0:4% 8200:3% 8300:3% 8540:3% 9a40:3% a0c0:3% 7800:2% 7840:2%
  fn=62060   page=0 insn=119     IDLE   d_fb_det=0     a_sch=0100 0000 0000 0000 sync=0000 1530 ffff  | trames=62062 irq=0 iq=0
  [montant] canal dedie (side-band seq=19) : arme TS1 SDCCH/8 SS=0
pont : canal dedie arme : TS1 SDCCH/8 SS=0
  [sbwin] SB #4600 fn=61415 p51=11 tick=62091 : armee=0 one_shot=0 page_prog=151 rif_avant=0 nwin=0 marge=0 -> DMA NON ARMEE (le RIF jette) : SCH memorise pour la fenetre SB (dans une vraie fenetre SB : 50/4600)
  [sbwin] SB #4610 fn=61537 p51=31 tick=62213 : armee=0 one_shot=0 page_prog=151 rif_avant=0 nwin=0 marge=0 -> DMA NON ARMEE (le RIF jette) : SCH memorise pour la fenetre SB (dans une vraie fenetre SB : 50/4610)
  profil PC (9150 tranches, high-water 0xde92) : 9a80:10% 8240:9% 8380:8% a680:5% 8200:4% 83c0:4% 8300:4% 8540:4% 9a40:3% a0c0:3% 81c0:2% 82c0:2%
  fn=62277   page=0 insn=119     IDLE   d_fb_det=0     a_sch=0100 0000 0000 0000 sync=0000 1530 ffff  | trames=62279 irq=0 iq=0
  [sbwin] SB #4620 fn=61670 p51=11 tick=62346 : armee=0 one_shot=0 page_prog=151 rif_avant=0 nwin=0 marge=0 -> DMA NON ARMEE (le RIF jette) : SCH memorise pour la fenetre SB (dans une vraie fenetre SB : 50/4620)
  [a5-arm] tick=62442 d_a5mode=1 a_kc=9400 38ca 15f3 8a45
  [montant] chiffrement A5/1 : Kc publie vers /dev/shm/calypso_kc_l1 (seq=18)
  [a5] #39807 A5/1 fn=61776 (T1=46 T2=0 T3=15) Kc=8a4515f338ca9400 (NOUVEAU Kc) | dernier depot BSP fn=61775 (ecart +1)
  [sbwin] SB #4630 fn=61792 p51=31 tick=62468 : armee=0 one_shot=0 page_prog=151 rif_avant=0 nwin=0 marge=0 -> DMA NON ARMEE (le RIF jette) : SCH memorise pour la fenetre SB (dans une vraie fenetre SB : 50/4630)
  profil PC (10440 tranches, high-water 0xde92) : 9a80:10% 8240:9% 8380:8% 83c0:4% 8200:4% a680:4% 8300:4% 8540:4% 9a40:3% a0c0:3% 81c0:2% 82c0:2%
  fn=62494   page=1 insn=119     IDLE   d_fb_det=0     a_sch=0100 0000 0000 0000 sync=0000 1530 ffff  | trames=62496 irq=0 iq=0
  hacks actifs : RHEA_DMA ; cadencement : STREAM LOCKSTEP  ; stimulus : none
  [sbwin] SB #4640 fn=61925 p51=11 tick=62601 : armee=0 one_shot=0 page_prog=151 rif_avant=0 nwin=0 marge=0 -> DMA NON ARMEE (le RIF jette) : SCH memorise pour la fenetre SB (dans une vraie fenetre SB : 50/4640)
  profil PC (9657 tranches, high-water 0xde92) : 9a80:9% 8240:9% 8380:8% a680:4% 83c0:4% 8200:4% 8300:3% 8540:3% 9a40:3% a0c0:3% 81c0:2% 82c0:2%
  fn=62711   page=1 insn=119     IDLE   d_fb_det=0     a_sch=0100 0000 0000 0000 sync=0000 1530 ffff  | trames=62713 irq=0 iq=0
  [sbwin] SB #4650 fn=62047 p51=31 tick=62723 : armee=0 one_shot=0 page_prog=151 rif_avant=0 nwin=0 marge=0 -> DMA NON ARMEE (le RIF jette) : SCH memorise pour la fenetre SB (dans une vraie fenetre SB : 50/4650)
  [montant] TCH (seq=3) : TS2 TSC=7 annonce par le pont, bascule du BSP a la premiere tache TCH du firmware
  [a5] #40000 A5/1 fn=62063 (T1=46 T2=1 T3=47) Kc=8a4515f338ca9400 | dernier depot BSP fn=62062 (ecart +1)
  [a5-hist] #40000 recales=0 ecart(-1/0/+1/+2/autre) par fn%26 : 0:0/0/81/0/0 1:0/0/83/0/0 2:0/0/78/0/0 3:0/0/81/0/0 4:0/0/78/0/0 5:0/0/81/0/0 6:0/0/87/0/0 7:0/0/87/0/0 8:0/0/93/0/0 9:0/0/87/0/0 10:0/0/87/0/0 11:0/0/81/0/0 12:0/0/78/0/0 13:0/0/75/0/0 14:0/0/75/0/0 15:0/0/72/0/0 16:0/0/75/0/0 17:0/0/75/0/0 18:0/0/75/0/0 19:0/0/75/0/0 20:0/0/69/0/0 21:0/0/69/0/0 22:0/0/69/0/0 23:0/0/75/0/0 24:0/0/78/0/0 25:0/0/36/0/0
  [montant] TCH : le firmware poste la tache 14 a fn=62749, BSP bascule sur TS2 (TSC=7)
  [ts0] canal dedie arme : TCH TS2 (toutes les trames)
  [a_fd] fn=62827 fn%13=11 etat=8080 BLUD=1 FIRE=0 d_tch_mode=ca00 L2=01 73 01 2b | ok=36 ko=0
  [montant] canal dedie (side-band seq=20) : TCH/F TS2 SS=0, firmware sur le TCH (BSP deja sur le TCH, SDCCH memorise)
  [BSP] dedie : DESACCORD fn=62175 p51=6 p102=57 : table=1 tpu=0 (offset=1031 ref=667, tn_fenetre=1) [15200 fois]
  [a_fd] fn=62871 fn%13=3 etat=8080 BLUD=1 FIRE=0 d_tch_mode=ca00 L2=01 21 01 2b | ok=37 ko=0
  [a_fd] fn=62875 fn%13=7 etat=8080 BLUD=1 FIRE=0 d_tch_mode=ca00 L2=03 20 09 83 | ok=38 ko=0
  [a_fd] fn=62910 fn%13=3 etat=8080 BLUD=1 FIRE=0 d_tch_mode=ca00 L2=03 30 09 83 | ok=39 ko=0
  [a5] #40500 A5/1 fn=62239 (T1=46 T2=21 T3=19) Kc=8a4515f338ca9400 | dernier depot BSP fn=62238 (ecart +1)
  profil PC (91315 tranches, high-water 0xefcb) : e980:9% 8240:6% 9a80:6% 8380:6% ecc0:4% 83c0:3% 8300:3% 8200:3% e940:3% 8540:2% 9a40:2% 81c0:2%
  fn=62928   page=0 insn=14400   IDLE   d_fb_det=0     a_sch=0100 0000 0000 0000 sync=0000 1530 ffff  | trames=62930 irq=0 iq=0
  [a_fd] fn=62940 fn%13=7 etat=8080 BLUD=1 FIRE=0 d_tch_mode=ca00 L2=03 31 01 2b | ok=40 ko=0
  [a_fd] fn=62953 fn%13=7 etat=8080 BLUD=1 FIRE=0 d_tch_mode=ca00 L2=03 22 19 83 | ok=41 ko=0
  [a_fd] fn=62988 fn%13=3 etat=8080 BLUD=1 FIRE=0 d_tch_mode=ca00 L2=03 32 19 83 | ok=42 ko=0
  [chrono] fn=62998 sur 1000 trames (ms) : qemu 3.44 | A 0.09 | go 0.26 | B 0.16 | apres DONE 0.66 | trame 4.62 (temps reel 4.62)
  [a_fd] fn=63018 fn%13=7 etat=8080 BLUD=1 FIRE=0 d_tch_mode=ca00 L2=03 32 19 83 | ok=43 ko=0
  [a_dd] fn=63027 etat=c214 FIRE=0 BFI=1 err=0 (ecart 5 trames) | vues=2900 ko=0 bfi=2900
  [BSP] dedie : DESACCORD fn=62375 p51=2 p102=53 : table=1 tpu=0 (offset=1031 ref=667, tn_fenetre=1) [15400 fois]
  [a5] #41000 A5/1 fn=62412 (T1=47 T2=12 T3=39) Kc=8a4515f338ca9400 | dernier depot BSP fn=62411 (ecart +1)
  profil PC (107077 tranches, high-water 0xefc6) : e980:10% 8240:6% 9a80:6% 8380:6% ecc0:4% 83c0:3% e940:3% 8300:3% 8200:3% 8540:2% 9a40:2% 81c0:2%
  fn=63145   page=1 insn=14405   IDLE   d_fb_det=0     a_sch=0100 0000 0000 0000 sync=0000 1530 ffff  | trames=63147 irq=0 iq=0
  [BSP] dedie : DESACCORD fn=62575 p51=49 p102=49 : table=1 tpu=0 (offset=1031 ref=667, tn_fenetre=1) [15600 fois]
  [a5] #41500 A5/1 fn=62586 (T1=47 T2=4 T3=9) Kc=8a4515f338ca9400 | dernier depot BSP fn=62585 (ecart +1)
  profil PC (107807 tranches, high-water 0xefc6) : e980:10% 8240:6% 9a80:6% 8380:6% ecc0:4% 83c0:3% e940:3% 8300:3% 8200:3% 8540:2% 9a40:2% 81c0:2%
  fn=63362   page=0 insn=14404   IDLE   d_fb_det=0     a_sch=0100 0000 0000 0000 sync=0000 1530 ffff  | trames=63364 irq=0 iq=0
  [a5] #42000 A5/1 fn=62759 (T1=47 T2=21 T3=29) Kc=8a4515f338ca9400 | dernier depot BSP fn=62758 (ecart +1)
  [a5-hist] #42000 recales=0 ecart(-1/0/+1/+2/autre) par fn%26 : 0:0/0/78/0/0 1:0/0/79/0/0 2:0/0/81/0/0 3:0/0/81/0/0 4:0/0/81/0/0 5:0/0/81/0/0 6:0/0/81/0/0 7:0/0/81/0/0 8:0/0/81/0/0 9:0/0/78/0/0 10:0/0/78/0/0 11:0/0/78/0/0 12:0/0/81/0/0 13:0/0/81/0/0 14:0/0/81/0/0 15:0/0/81/0/0 16:0/0/81/0/0 17:0/0/81/0/0 18:0/0/81/0/0 19:0/0/81/0/0 20:0/0/81/0/0 21:0/0/79/0/0 22:0/0/78/0/0 23:0/0/78/0/0 24:0/0/78/0/0
  [BSP] dedie : DESACCORD fn=62775 p51=45 p102=45 : table=1 tpu=0 (offset=1031 ref=667, tn_fenetre=1) [15800 fois]
  [a_dd] fn=63460 etat=c214 FIRE=0 BFI=1 err=0 (ecart 4 trames) | vues=3000 ko=0 bfi=3000
  profil PC (108024 tranches, high-water 0xefc8) : e980:10% 8240:6% 9a80:6% 8380:6% ecc0:4% 83c0:3% e940:3% 8300:3% 8200:3% 8540:2% 9a40:2% 81c0:2%
  fn=63579   page=1 insn=14417   IDLE   d_fb_det=0     a_sch=0100 0000 0000 0000 sync=0000 1530 ffff  | trames=63581 irq=0 iq=0
  [a5] #42500 A5/1 fn=62932 (T1=47 T2=12 T3=49) Kc=8a4515f338ca9400 | dernier depot BSP fn=62931 (ecart +1)
  [BSP] dedie : DESACCORD fn=62975 p51=41 p102=41 : table=1 tpu=0 (offset=1031 ref=667, tn_fenetre=1) [16000 fois]
  [a5] #43000 A5/1 fn=63106 (T1=47 T2=4 T3=19) Kc=8a4515f338ca9400 | dernier depot BSP fn=63105 (ecart +1)
  profil PC (108024 tranches, high-water 0xefc9) : e980:10% 8240:6% 9a80:6% 8380:6% ecc0:4% 83c0:3% e940:3% 8300:3% 8200:3% 8540:2% 9a40:2% 81c0:2%
  fn=63796   page=0 insn=14415   IDLE   d_fb_det=0     a_sch=0100 0000 0000 0000 sync=0000 1530 ffff  | trames=63798 irq=0 iq=0
  [a_cd] fn=63816 p51=15 p102=66 etat=8000 ok L2=09 00 03 03 | ok=156 ko=44
  [BSP] dedie : DESACCORD fn=63175 p51=37 p102=37 : table=1 tpu=0 (offset=1031 ref=667, tn_fenetre=1) [16200 fois]
  [a_dd] fn=63893 etat=c214 FIRE=0 BFI=1 err=0 (ecart 4 trames) | vues=3100 ko=0 bfi=3100
  [a5] #43500 A5/1 fn=63279 (T1=47 T2=21 T3=39) Kc=8a4515f338ca9400 | dernier depot BSP fn=63278 (ecart +1)
  [chrono] fn=63998 sur 1000 trames (ms) : qemu 2.03 | A 0.18 | go 0.29 | B 0.07 | apres DONE 2.05 | trame 4.62 (temps reel 4.62)
  profil PC (107801 tranches, high-water 0xefcd) : e980:10% 8240:6% 9a80:6% 8380:6% ecc0:4% 83c0:3% e940:3% 8300:3% 8200:3% 8540:2% 9a40:2% 81c0:2%
  fn=64013   page=1 insn=14419   IDLE   d_fb_det=0     a_sch=0100 0000 0000 0000 sync=0000 1530 ffff  | trames=64015 irq=0 iq=0
  [BSP] dedie : DESACCORD fn=63375 p51=33 p102=33 : table=1 tpu=0 (offset=1031 ref=667, tn_fenetre=1) [16400 fois]
  [a5] #44000 A5/1 fn=63452 (T1=47 T2=12 T3=8) Kc=8a4515f338ca9400 | dernier depot BSP fn=63451 (ecart +1)
  [a5-hist] #44000 recales=0 ecart(-1/0/+1/+2/autre) par fn%26 : 0:0/0/81/0/0 1:0/0/81/0/0 2:0/0/81/0/0 3:0/0/81/0/0 4:0/0/81/0/0 5:0/0/81/0/0 6:0/0/81/0/0 7:0/0/81/0/0 8:0/0/81/0/0 9:0/0/81/0/0 10:0/0/81/0/0 11:0/0/81/0/0 12:0/0/81/0/0 13:0/0/78/0/0 14:0/0/78/0/0 15:0/0/78/0/0 16:0/0/78/0/0 17:0/0/78/0/0 18:0/0/78/0/0 19:0/0/78/0/0 20:0/0/78/0/0 21:0/0/80/0/0 22:0/0/81/0/0 23:0/0/81/0/0 24:0/0/81/0/0
  [a_fd] fn=64166 fn%13=11 etat=8080 BLUD=1 FIRE=0 d_tch_mode=ca00 L2=03 24 09 83 | ok=44 ko=0
  [a_fd] fn=64201 fn%13=7 etat=8080 BLUD=1 FIRE=0 d_tch_mode=ca08 L2=03 34 09 83 | ok=45 ko=0
  [a_fd] fn=64214 fn%13=7 etat=8080 BLUD=1 FIRE=0 d_tch_mode=ca08 L2=01 41 01 2b | ok=46 ko=0
  profil PC (108112 tranches, high-water 0xefc9) : e980:10% 8240:6% 9a80:6% 8380:6% ecc0:4% 83c0:3% e940:3% 8300:3% 8200:3% 8540:2% 9a40:2% 81c0:2%
  fn=64230   page=0 insn=14403   IDLE   d_fb_det=0     a_sch=0100 0000 0000 0000 sync=0000 1530 ffff  | trames=64232 irq=0 iq=0
  hacks actifs : RHEA_DMA ; cadencement : STREAM LOCKSTEP  ; stimulus : none
  [a_fd] fn=64236 fn%13=3 etat=8080 BLUD=1 FIRE=0 d_tch_mode=ca08 L2=03 51 01 2b | ok=47 ko=0
  [BSP] dedie : DESACCORD fn=63575 p51=29 p102=29 : table=1 tpu=0 (offset=1031 ref=667, tn_fenetre=1) [16600 fois]
  [a5] #44500 A5/1 fn=63626 (T1=47 T2=4 T3=29) Kc=8a4515f338ca9400 | dernier depot BSP fn=63625 (ecart +1)
  [a_dd] fn=64327 etat=c204 FIRE=0 BFI=1 err=24 (ecart 5 trames) | vues=3200 ko=0 bfi=3200
  profil PC (108653 tranches, high-water 0xefce) : e980:10% 8240:6% 9a80:6% 8380:6% ecc0:4% 83c0:3% e940:3% 8300:3% 8200:3% 8540:2% 9a40:2% 81c0:2%
  fn=64447   page=1 insn=14399   IDLE   d_fb_det=0     a_sch=0100 0000 0000 0000 sync=0000 1530 ffff  | trames=64449 irq=0 iq=0
  [BSP] dedie : DESACCORD fn=63775 p51=25 p102=25 : table=1 tpu=0 (offset=1031 ref=667, tn_fenetre=1) [16800 fois]
  [a5] #45000 A5/1 fn=63799 (T1=48 T2=21 T3=49) Kc=8a4515f338ca9400 | dernier depot BSP fn=63798 (ecart +1)
  [a5] #45500 A5/1 fn=63972 (T1=48 T2=12 T3=18) Kc=8a4515f338ca9400 | dernier depot BSP fn=63971 (ecart +1)
  [BSP] dedie : DESACCORD fn=63975 p51=21 p102=21 : table=1 tpu=0 (offset=1031 ref=667, tn_fenetre=1) [17000 fois]
  profil PC (108088 tranches, high-water 0xefcd) : e980:10% 8240:6% 9a80:6% 8380:6% ecc0:4% 83c0:3% e940:3% 8300:3% 8200:3% 8540:2% 9a40:2% 81c0:2%
  fn=64664   page=0 insn=14398   IDLE   d_fb_det=0     a_sch=0100 0000 0000 0000 sync=0000 1530 ffff  | trames=64666 irq=0 iq=0
  [a_dd] fn=64760 etat=c214 FIRE=0 BFI=1 err=0 (ecart 4 trames) | vues=3300 ko=0 bfi=3300
  [a5] #46000 A5/1 fn=64146 (T1=48 T2=4 T3=39) Kc=8a4515f338ca9400 | dernier depot BSP fn=64145 (ecart +1)
  [a5-hist] #46000 recales=0 ecart(-1/0/+1/+2/autre) par fn%26 : 0:0/0/81/0/0 1:0/0/81/0/0 2:0/0/81/0/0 3:0/0/81/0/0 4:0/0/80/0/0 5:0/0/78/0/0 6:0/0/78/0/0 7:0/0/78/0/0 8:0/0/78/0/0 9:0/0/78/0/0 10:0/0/78/0/0 11:0/0/78/0/0 12:0/0/78/0/0 13:0/0/81/0/0 14:0/0/81/0/0 15:0/0/81/0/0 16:0/0/81/0/0 17:0/0/81/0/0 18:0/0/81/0/0 19:0/0/81/0/0 20:0/0/81/0/0 21:0/0/81/0/0 22:0/0/81/0/0 23:0/0/81/0/0 24:0/0/81/0/0
  [BSP] dedie : DESACCORD fn=64175 p51=17 p102=17 : table=1 tpu=0 (offset=1031 ref=667, tn_fenetre=1) [17200 fois]
  profil PC (109440 tranches, high-water 0xefce) : e980:10% 8240:6% 9a80:6% 8380:6% ecc0:4% 83c0:3% e940:3% 8300:3% 8200:3% 8540:2% 9a40:2% 81c0:2%
  fn=64881   page=1 insn=85657   IDLE   d_fb_det=0     a_sch=0100 0000 0000 0000 sync=0000 1530 ffff  | trames=64883 irq=0 iq=0
  [a5] #46500 A5/1 fn=64319 (T1=48 T2=21 T3=8) Kc=8a4515f338ca9400 | dernier depot BSP fn=64318 (ecart +1)
  [chrono] fn=64998 sur 1000 trames (ms) : qemu 1.91 | A 0.19 | go 0.32 | B 0.07 | apres DONE 2.13 | trame 4.61 (temps reel 4.62)
  [BSP] dedie : DESACCORD fn=64375 p51=13 p102=13 : table=1 tpu=0 (offset=1031 ref=667, tn_fenetre=1) [17400 fois]
  profil PC (108385 tranches, high-water 0xefce) : e980:10% 8240:6% 9a80:6% 8380:6% ecc0:4% 83c0:3% e940:3% 8300:3% 8200:3% 8540:2% 9a40:2% 81c0:2%
  fn=65098   page=0 insn=85622   IDLE   d_fb_det=0     a_sch=0100 0000 0000 0000 sync=0000 1530 ffff  | trames=65100 irq=0 iq=0
  [a5] #47000 A5/1 fn=64492 (T1=48 T2=12 T3=28) Kc=8a4515f338ca9400 | dernier depot BSP fn=64491 (ecart +1)
  [a_dd] fn=65193 etat=c204 FIRE=0 BFI=1 err=32 (ecart 4 trames) | vues=3400 ko=0 bfi=3400
  [BSP] dedie : DESACCORD fn=64575 p51=9 p102=9 : table=1 tpu=0 (offset=1031 ref=667, tn_fenetre=1) [17600 fois]
  profil PC (108091 tranches, high-water 0xefcd) : e980:10% 8240:6% 9a80:6% 8380:6% ecc0:4% 83c0:3% e940:3% 8300:3% 8200:3% 8540:2% 9a40:2% 81c0:2%
  fn=65315   page=1 insn=85614   IDLE   d_fb_det=0     a_sch=0100 0000 0000 0000 sync=0000 1530 ffff  | trames=65317 irq=0 iq=0
  [a5] #47500 A5/1 fn=64666 (T1=48 T2=4 T3=49) Kc=8a4515f338ca9400 | dernier depot BSP fn=64665 (ecart +1)
  [BSP] dedie : DESACCORD fn=64775 p51=5 p102=5 : table=1 tpu=0 (offset=1031 ref=667, tn_fenetre=1) [17800 fois]
  [a5] #48000 A5/1 fn=64839 (T1=48 T2=21 T3=18) Kc=8a4515f338ca9400 | dernier depot BSP fn=64838 (ecart +1)
  [a5-hist] #48000 recales=0 ecart(-1/0/+1/+2/autre) par fn%26 : 0:0/0/78/0/0 1:0/0/78/0/0 2:0/0/78/0/0 3:0/0/78/0/0 4:0/0/79/0/0 5:0/0/81/0/0 6:0/0/81/0/0 7:0/0/81/0/0 8:0/0/81/0/0 9:0/0/81/0/0 10:0/0/81/0/0 11:0/0/81/0/0 12:0/0/81/0/0 13:0/0/81/0/0 14:0/0/81/0/0 15:0/0/81/0/0 16:0/0/81/0/0 17:0/0/81/0/0 18:0/0/81/0/0 19:0/0/81/0/0 20:0/0/81/0/0 21:0/0/79/0/0 22:0/0/78/0/0 23:0/0/78/0/0 24:0/0/78/0/0
  profil PC (108293 tranches, high-water 0xefce) : e980:10% 8240:6% 9a80:6% 8380:6% ecc0:4% 83c0:3% e940:3% 8300:3% 8200:3% 8540:2% 9a40:2% 81c0:2%
  fn=65532   page=0 insn=14332   IDLE   d_fb_det=0     a_sch=0100 0000 0000 0000 sync=0000 1530 ffff  | trames=65534 irq=0 iq=0
  [a_dd] fn=65627 etat=c204 FIRE=0 BFI=1 err=27 (ecart 5 trames) | vues=3500 ko=0 bfi=3500
  [BSP] dedie : DESACCORD fn=64975 p51=1 p102=1 : table=1 tpu=0 (offset=1031 ref=667, tn_fenetre=1) [18000 fois]
  [a5] #48500 A5/1 fn=65012 (T1=49 T2=12 T3=38) Kc=8a4515f338ca9400 | dernier depot BSP fn=65011 (ecart +1)
  profil PC (108282 tranches, high-water 0xefce) : e980:10% 8240:6% 9a80:6% 8380:6% ecc0:4% 83c0:3% e940:3% 8300:3% 8200:3% 8540:2% 9a40:2% 81c0:2%
  fn=65749   page=1 insn=14403   IDLE   d_fb_det=0     a_sch=0100 0000 0000 0000 sync=0000 1530 ffff  | trames=65751 irq=0 iq=0
  [BSP] dedie : DESACCORD fn=65175 p51=48 p102=99 : table=1 tpu=0 (offset=1031 ref=667, tn_fenetre=1) [18200 fois]
  [a5] #49000 A5/1 fn=65186 (T1=49 T2=4 T3=8) Kc=8a4515f338ca9400 | dernier depot BSP fn=65185 (ecart +1)
  [a_fd] fn=65956 fn%13=7 etat=8080 BLUD=1 FIRE=0 d_tch_mode=ca08 L2=01 61 01 2b | ok=48 ko=0
  [a_fd] fn=65960 fn%13=11 etat=8080 BLUD=1 FIRE=0 d_tch_mode=ca00 L2=03 66 19 83 | ok=49 ko=0
  profil PC (108094 tranches, high-water 0xefce) : e980:10% 8240:6% 9a80:6% 8380:6% ecc0:4% 83c0:3% e940:3% 8300:3% 8200:3% 8540:2% 9a40:2% 81c0:2%
  fn=65966   page=0 insn=14403   IDLE   d_fb_det=0     a_sch=0100 0000 0000 0000 sync=0000 1530 ffff  | trames=65968 irq=0 iq=0
  hacks actifs : RHEA_DMA ; cadencement : STREAM LOCKSTEP  ; stimulus : none
  [a_fd] fn=65995 fn%13=7 etat=8080 BLUD=1 FIRE=0 d_tch_mode=ca00 L2=03 76 19 83 | ok=50 ko=0
  [chrono] fn=65998 sur 1000 trames (ms) : qemu 1.98 | A 0.18 | go 0.29 | B 0.07 | apres DONE 2.10 | trame 4.61 (temps reel 4.62)
  [a_fd] fn=66008 fn%13=7 etat=8080 BLUD=1 FIRE=0 d_tch_mode=ca00 L2=01 81 01 2b | ok=51 ko=0
  [a_fd] fn=66030 fn%13=3 etat=8080 BLUD=1 FIRE=0 d_tch_mode=ca00 L2=03 91 01 2b | ok=52 ko=0
  [a_fd] fn=66034 fn%13=7 etat=8080 BLUD=1 FIRE=0 d_tch_mode=ca00 L2=03 88 0d 06 | ok=53 ko=0
  [a5] #49500 A5/1 fn=65359 (T1=49 T2=21 T3=28) Kc=8a4515f338ca9400 | dernier depot BSP fn=65358 (ecart +1)
  [BSP] dedie : DESACCORD fn=65375 p51=44 p102=95 : table=1 tpu=0 (offset=1031 ref=667, tn_fenetre=1) [18400 fois]
  [a_dd] fn=66060 etat=c214 FIRE=0 BFI=1 err=0 (ecart 4 trames) | vues=3600 ko=0 bfi=3600
  [a_fd] fn=66069 fn%13=3 etat=8080 BLUD=1 FIRE=0 d_tch_mode=ca00 L2=03 98 0d 06 | ok=54 ko=0
  [a_fd] fn=66086 fn%13=7 etat=8080 BLUD=1 FIRE=0 d_tch_mode=ca00 L2=01 73 01 2b | ok=55 ko=0
  [a5-arm] tick=66087 d_a5mode=0 a_kc=9400 38ca 15f3 8a45  (BSP sur le TCH)
  [montant] retour en clair (seq=19)
  [montant] tache FB postee : le mobile cherche la synchro, canal dedie libere (TS0 rendu au FCCH/SCH)
  [jalon] fn=66098 d_fb_det=1  hacks=RHEA_DMA
  [sbwin] SB #4652 fn=65423 p51=41 tick=66099 : armee=0 one_shot=0 page_prog=48 rif_avant=0 nwin=0 marge=0 -> DMA NON ARMEE (le RIF jette) : SCH memorise pour la fenetre SB (dans une vraie fenetre SB : 50/4652)
  [jalon] fn=66109 d_fb_det=1  hacks=RHEA_DMA
  [sbwin] SB #4653 fn=65434 p51=1 tick=66110 : armee=0 one_shot=0 page_prog=48 rif_avant=0 nwin=0 marge=0 -> DMA NON ARMEE (le RIF jette) : SCH memorise pour la fenetre SB (dans une vraie fenetre SB : 50/4653)
  [cmd] fn=66118 tache SB postee par l'ARM (W0 md=6 W1 md=0)
  [sb] fn=66118 p51=22 | FB a fn=66109 toa=9995 pm=5438 ang=-1 | TOA-ROM=9995 src=fine | a_sch=0100 crc_ko
  [a_sch] fn=66119 page=0 : 0100 0000 0000 0000 -> 8100 0016 f85d 01fb  (d_dsp_page=0003) TOA=0 PM=5521 SNR=12 crc_ko
  [sbwin] SB #4654 fn=65444 p51=11 tick=66120 : armee=1 one_shot=1 page_prog=191 rif_avant=0 nwin=191 marge=21 -> FENETRE SB (one-shot) (dans une vraie fenetre SB : 51/4654)
  [a_sch] fn=66120 page=1 : 0100 0000 0000 0000 -> 8000 0490 181c 0188  (d_dsp_page=0003) TOA=23 PM=5376 SNR=16384 CRC_OK
  [jalon] fn=66120 SB PLAUSIBLE page=1 BSIC=7 a_sch=8000 0490 181c 0188  hacks=RHEA_DMA
  [a_sch] fn=66121 page=0 : 8100 0016 f85d 01fb -> 0100 0000 0000 0000  (d_dsp_page=0003) TOA=0 PM=0 SNR=0 crc_ko
  [sbwin] SB #4655 fn=65454 p51=21 tick=66130 : armee=0 one_shot=0 page_prog=191 rif_avant=0 nwin=0 marge=0 -> DMA NON ARMEE (le RIF jette) : SCH memorise pour la fenetre SB (dans une vraie fenetre SB : 51/4655)
  [sbwin] SB #4656 fn=65464 p51=31 tick=66140 : armee=0 one_shot=0 page_prog=191 rif_avant=0 nwin=0 marge=0 -> DMA NON ARMEE (le RIF jette) : SCH memorise pour la fenetre SB (dans une vraie fenetre SB : 51/4656)
  [sbwin] SB #4657 fn=65474 p51=41 tick=66150 : armee=0 one_shot=0 page_prog=191 rif_avant=0 nwin=0 marge=0 -> DMA NON ARMEE (le RIF jette) : SCH memorise pour la fenetre SB (dans une vraie fenetre SB : 51/4657)
  [sbwin] SB #4658 fn=65485 p51=1 tick=66161 : armee=0 one_shot=0 page_prog=191 rif_avant=0 nwin=0 marge=0 -> DMA NON ARMEE (le RIF jette) : SCH memorise pour la fenetre SB (dans une vraie fenetre SB : 51/4658)
  [a_sch] fn=66164 page=1 : 8000 0490 181c 0188 -> 0100 0000 0000 0000  (d_dsp_page=0003) TOA=0 PM=0 SNR=0 crc_ko
  [sbwin] SB #4660 fn=65505 p51=21 tick=66181 : armee=0 one_shot=0 page_prog=151 rif_avant=0 nwin=0 marge=0 -> DMA NON ARMEE (le RIF jette) : SCH memorise pour la fenetre SB (dans une vraie fenetre SB : 51/4660)
  profil PC (69440 tranches, high-water 0xefcb) : e980:8% 9a80:6% 8240:5% 8380:5% ecc0:4% 83c0:3% 8300:2% e940:2% 8200:2% 8540:2% 77c0:2% 9a40:2%
  fn=66183   page=1 insn=119     IDLE   d_fb_det=0     a_sch=0100 0000 0000 0000 sync=0000 153e ffff  | trames=66185 irq=0 iq=0
  [montant] canal dedie (side-band seq=21) : libere TS0 SDCCH/4 SS=0
pont : canal dedie libere : TS0 SDCCH/8 SS=0
  [montant] TCH (seq=0) : annonce TS2 retiree (le firmware n'y etait pas)
  [ts0] tick=66257 fn=65581 p51=46 NB fenetre=0 marge=0 rif_avant=0
  [sbwin] SB #4670 fn=65607 p51=21 tick=66283 : armee=0 one_shot=0 page_prog=151 rif_avant=0 nwin=0 marge=0 -> DMA NON ARMEE (le RIF jette) : SCH memorise pour la fenetre SB (dans une vraie fenetre SB : 51/4670)
  [jalon] fn=66374 d_fb_det=1  hacks=RHEA_DMA
  [sbwin] SB #4679 fn=65699 p51=11 tick=66375 : armee=0 one_shot=0 page_prog=48 rif_avant=0 nwin=0 marge=0 -> DMA NON ARMEE (le RIF jette) : SCH memorise pour la fenetre SB (dans une vraie fenetre SB : 51/4679)
  [jalon] fn=66384 d_fb_det=1  hacks=RHEA_DMA
  [sbwin] SB #4680 fn=65709 p51=21 tick=66385 : armee=0 one_shot=0 page_prog=48 rif_avant=0 nwin=0 marge=0 -> DMA NON ARMEE (le RIF jette) : SCH memorise pour la fenetre SB (dans une vraie fenetre SB : 51/4680)
  [cmd] fn=66393 tache SB postee par l'ARM (W0 md=6 W1 md=0)
  [sb] fn=66393 p51=42 | FB a fn=66384 toa=8743 pm=5424 ang=-1 | TOA-ROM=8743 src=fine | a_sch=0100 crc_ko
  [a_sch] fn=66394 page=0 : 0100 0000 0000 0000 -> 8100 0016 f85d 01fb  (d_dsp_page=0003) TOA=0 PM=5521 SNR=12 crc_ko
  [sbwin] SB #4681 fn=65719 p51=31 tick=66395 : armee=1 one_shot=1 page_prog=191 rif_avant=0 nwin=191 marge=21 -> FENETRE SB (one-shot) (dans une vraie fenetre SB : 52/4681)
  [a_sch] fn=66395 page=1 : 0100 0000 0000 0000 -> 8000 8e26 181c 01c5  (d_dsp_page=0003) TOA=23 PM=5363 SNR=6042 CRC_OK
  [jalon] fn=66395 SB PLAUSIBLE page=1 BSIC=7 a_sch=8000 8e26 181c 01c5  hacks=RHEA_DMA
  [a_sch] fn=66396 page=0 : 8100 0016 f85d 01fb -> 0100 0000 0000 0000  (d_dsp_page=0003) TOA=0 PM=0 SNR=0 crc_ko
  profil PC (17463 tranches, high-water 0xde92) : 9a80:8% 8240:7% 8380:7% 77c0:6% 83c0:3% 7800:3% 8200:3% 8300:3% 7840:3% 8540:3% a680:3% 78c0:3%
  fn=66400   page=0 insn=119     IDLE   d_fb_det=0     a_sch=0100 0000 0000 0000 sync=0000 1530 ffff  | trames=66402 irq=0 iq=0
  [sbwin] SB #4682 fn=65729 p51=41 tick=66405 : armee=0 one_shot=0 page_prog=64 rif_avant=0 nwin=0 marge=0 -> DMA NON ARMEE (le RIF jette) : SCH memorise pour la fenetre SB (dans une vraie fenetre SB : 52/4682)
  [sbwin] SB #4683 fn=65740 p51=1 tick=66416 : armee=0 one_shot=0 page_prog=64 rif_avant=0 nwin=0 marge=0 -> DMA NON ARMEE (le RIF jette) : SCH memorise pour la fenetre SB (dans une vraie fenetre SB : 52/4683)
  [a_sch] fn=66416 page=1 : 8000 8e26 181c 01c5 -> 0100 0000 0000 0000  (d_dsp_page=0002) TOA=0 PM=0 SNR=0 crc_ko
  [sbwin] SB #4684 fn=65750 p51=11 tick=66426 : armee=0 one_shot=0 page_prog=64 rif_avant=0 nwin=0 marge=0 -> DMA NON ARMEE (le RIF jette) : SCH memorise pour la fenetre SB (dans une vraie fenetre SB : 52/4684)
  [sbwin] SB #4685 fn=65760 p51=21 tick=66436 : armee=0 one_shot=0 page_prog=64 rif_avant=0 nwin=0 marge=0 -> DMA NON ARMEE (le RIF jette) : SCH memorise pour la fenetre SB (dans une vraie fenetre SB : 52/4685)
  [sbwin] SB #4690 fn=65811 p51=21 tick=66487 : armee=0 one_shot=0 page_prog=64 rif_avant=0 nwin=0 marge=0 -> DMA NON ARMEE (le RIF jette) : SCH memorise pour la fenetre SB (dans une vraie fenetre SB : 52/4690)
  [sbwin] SB #4700 fn=65913 p51=21 tick=66589 : armee=0 one_shot=0 page_prog=64 rif_avant=0 nwin=0 marge=0 -> DMA NON ARMEE (le RIF jette) : SCH memorise pour la fenetre SB (dans une vraie fenetre SB : 52/4700)
  profil PC (21055 tranches, high-water 0xde91) : 9a80:11% 8240:11% 8380:10% 83c0:5% 8200:5% 8300:4% 8540:4% 9a40:4% a0c0:3% 81c0:3% 82c0:3% 9a00:2%
  fn=66617   page=0 insn=119     IDLE   d_fb_det=0     a_sch=0100 0000 0000 0000 sync=0000 1530 ffff  | trames=66619 irq=0 iq=0
  [sbwin] SB #4710 fn=66015 p51=21 tick=66691 : armee=0 one_shot=0 page_prog=64 rif_avant=0 nwin=0 marge=0 -> DMA NON ARMEE (le RIF jette) : SCH memorise pour la fenetre SB (dans une vraie fenetre SB : 52/4710)
  [sbwin] SB #4720 fn=66117 p51=21 tick=66793 : armee=0 one_shot=0 page_prog=64 rif_avant=0 nwin=0 marge=0 -> DMA NON ARMEE (le RIF jette) : SCH memorise pour la fenetre SB (dans une vraie fenetre SB : 52/4720)
  profil PC (23566 tranches, high-water 0xde91) : 9a80:11% 8240:11% 8380:10% 83c0:5% 8200:5% 8300:4% 8540:4% 9a40:4% a0c0:3% 81c0:3% 82c0:3% 9a00:2%
  fn=66834   page=0 insn=119     IDLE   d_fb_det=0     a_sch=0100 0000 0000 0000 sync=0000 1530 ffff  | trames=66836 irq=0 iq=0
  [sbwin] SB #4730 fn=66219 p51=21 tick=66895 : armee=0 one_shot=0 page_prog=64 rif_avant=0 nwin=0 marge=0 -> DMA NON ARMEE (le RIF jette) : SCH memorise pour la fenetre SB (dans une vraie fenetre SB : 52/4730)
  [sbwin] SB #4740 fn=66321 p51=21 tick=66997 : armee=0 one_shot=0 page_prog=64 rif_avant=0 nwin=0 marge=0 -> DMA NON ARMEE (le RIF jette) : SCH memorise pour la fenetre SB (dans une vraie fenetre SB : 52/4740)
  [chrono] fn=66998 sur 1000 trames (ms) : qemu 3.43 | A 0.06 | go 0.27 | B 0.17 | apres DONE 0.69 | trame 4.61 (temps reel 4.62)
  profil PC (23551 tranches, high-water 0xde91) : 9a80:11% 8240:11% 8380:10% 83c0:5% 8200:5% 8300:4% 8540:4% 9a40:4% a0c0:3% 81c0:3% 82c0:3% 9a00:2%
  fn=67051   page=1 insn=119     IDLE   d_fb_det=0     a_sch=0100 0000 0000 0000 sync=0000 1530 ffff  | trames=67053 irq=0 iq=0
  [sbwin] SB #4750 fn=66423 p51=21 tick=67099 : armee=0 one_shot=0 page_prog=64 rif_avant=0 nwin=0 marge=0 -> DMA NON ARMEE (le RIF jette) : SCH memorise pour la fenetre SB (dans une vraie fenetre SB : 52/4750)
  [sbwin] SB #4760 fn=66525 p51=21 tick=67201 : armee=0 one_shot=0 page_prog=64 rif_avant=0 nwin=0 marge=0 -> DMA NON ARMEE (le RIF jette) : SCH memorise pour la fenetre SB (dans une vraie fenetre SB : 52/4760)
  [jalon] fn=67261 d_fb_det=1  hacks=RHEA_DMA
  [sbwin] SB #4766 fn=66586 p51=31 tick=67262 : armee=0 one_shot=0 page_prog=48 rif_avant=0 nwin=0 marge=0 -> DMA NON ARMEE (le RIF jette) : SCH memorise pour la fenetre SB (dans une vraie fenetre SB : 52/4766)
  [afc] fn=67264 w_page=0 relaye=-699 | page0=-699 page1=-700
  [afc] fn=67265 w_page=0 relaye=-699 | page0=-699 page1=-699
  profil PC (26355 tranches, high-water 0xde91) : 9a80:9% 8240:8% 8380:8% 77c0:5% 83c0:4% 8200:4% 8300:3% 8540:3% 9a40:3% 7800:3% a0c0:3% 81c0:2%
  fn=67268   page=0 insn=35388   IDLE   d_fb_det=0     a_sch=0100 0000 0000 0000 sync=0000 0000 0000  | trames=67270 irq=0 iq=0
  [jalon] fn=67271 d_fb_det=1  hacks=RHEA_DMA
  [sbwin] SB #4767 fn=66596 p51=41 tick=67272 : armee=0 one_shot=0 page_prog=48 rif_avant=0 nwin=0 marge=0 -> DMA NON ARMEE (le RIF jette) : SCH memorise pour la fenetre SB (dans une vraie fenetre SB : 52/4767)
  [cmd] fn=67280 tache SB postee par l'ARM (W0 md=6 W1 md=0)
  [sb] fn=67280 p51=11 | FB a fn=67271 toa=8743 pm=5431 ang=-7 | TOA-ROM=8743 src=fine | a_sch=0100 crc_ko
  [a_sch] fn=67281 page=0 : 0100 0000 0000 0000 -> 8100 0172 86be 0060  (d_dsp_page=0003) TOA=23 PM=5416 SNR=427 crc_ko
  [a_sch] fn=67282 page=1 : 0100 0000 0000 0000 -> 8100 003a 4285 00a1  (d_dsp_page=0003) TOA=20 PM=5521 SNR=7 crc_ko
  [sbwin] SB #4768 fn=66607 p51=1 tick=67283 : armee=0 one_shot=0 page_prog=191 rif_avant=0 nwin=0 marge=0 -> DMA NON ARMEE (le RIF jette) : SCH memorise pour la fenetre SB (dans une vraie fenetre SB : 52/4768)
  [a_sch] fn=67283 page=0 : 8100 0172 86be 0060 -> 0100 0000 0000 0000  (d_dsp_page=0003) TOA=0 PM=0 SNR=0 crc_ko
  [a_sch] fn=67284 page=1 : 8100 003a 4285 00a1 -> 0100 0000 0000 0000  (d_dsp_page=0003) TOA=0 PM=0 SNR=0 crc_ko
  [afc] fn=67286 w_page=0 relaye=-700 | page0=-700 page1=-699
  [afc] fn=67287 w_page=1 relaye=-700 | page0=-700 page1=-700
  [jalon] fn=67292 d_fb_det=1  hacks=RHEA_DMA
  [sbwin] SB #4769 fn=66617 p51=11 tick=67293 : armee=0 one_shot=0 page_prog=48 rif_avant=0 nwin=0 marge=0 -> DMA NON ARMEE (le RIF jette) : SCH memorise pour la fenetre SB (dans une vraie fenetre SB : 52/4769)
  [jalon] fn=67302 d_fb_det=1  hacks=RHEA_DMA
  [sbwin] SB #4770 fn=66627 p51=21 tick=67303 : armee=0 one_shot=0 page_prog=48 rif_avant=0 nwin=0 marge=0 -> DMA NON ARMEE (le RIF jette) : SCH memorise pour la fenetre SB (dans une vraie fenetre SB : 52/4770)
  [sb] fn=67311 p51=42 | FB a fn=67302 toa=8743 pm=5431 ang=-1 | TOA-ROM=8743 src=fine | a_sch=0100 crc_ko
  [a_sch] fn=67312 page=0 : 0100 0000 0000 0000 -> 8100 0016 f85d 01fb  (d_dsp_page=0003) TOA=0 PM=5521 SNR=12 crc_ko
  [sbwin] SB #4771 fn=66637 p51=31 tick=67313 : armee=1 one_shot=1 page_prog=191 rif_avant=0 nwin=191 marge=21 -> FENETRE SB (one-shot) (dans une vraie fenetre SB : 53/4771)
  [a_sch] fn=67313 page=1 : 0100 0000 0000 0000 -> 8000 06a8 191c 0165  (d_dsp_page=0003) TOA=23 PM=5349 SNR=16384 CRC_OK
  [jalon] fn=67313 SB PLAUSIBLE page=1 BSIC=7 a_sch=8000 06a8 191c 0165  hacks=RHEA_DMA
  [a_sch] fn=67314 page=0 : 8100 0016 f85d 01fb -> 0100 0000 0000 0000  (d_dsp_page=0003) TOA=0 PM=0 SNR=0 crc_ko
  [sbwin] SB #4772 fn=66647 p51=41 tick=67323 : armee=0 one_shot=0 page_prog=191 rif_avant=0 nwin=0 marge=0 -> DMA NON ARMEE (le RIF jette) : SCH memorise pour la fenetre SB (dans une vraie fenetre SB : 53/4772)
  [sbwin] SB #4773 fn=66658 p51=1 tick=67334 : armee=0 one_shot=0 page_prog=191 rif_avant=0 nwin=0 marge=0 -> DMA NON ARMEE (le RIF jette) : SCH memorise pour la fenetre SB (dans une vraie fenetre SB : 53/4773)
  [a_sch] fn=67337 page=1 : 8000 06a8 191c 0165 -> 0100 0000 0000 0000  (d_dsp_page=0003) TOA=0 PM=0 SNR=0 crc_ko
  [jalon] fn=67343 d_fb_det=1  hacks=RHEA_DMA
  [sbwin] SB #4774 fn=66668 p51=11 tick=67344 : armee=0 one_shot=0 page_prog=48 rif_avant=0 nwin=0 marge=0 -> DMA NON ARMEE (le RIF jette) : SCH memorise pour la fenetre SB (dans une vraie fenetre SB : 53/4774)
  [jalon] fn=67353 d_fb_det=1  hacks=RHEA_DMA
  [sbwin] SB #4775 fn=66678 p51=21 tick=67354 : armee=0 one_shot=0 page_prog=48 rif_avant=0 nwin=0 marge=0 -> DMA NON ARMEE (le RIF jette) : SCH memorise pour la fenetre SB (dans une vraie fenetre SB : 53/4775)
  [sb] fn=67362 p51=42 | FB a fn=67353 toa=8743 pm=5424 ang=-1 | TOA-ROM=8743 src=fine | a_sch=0100 crc_ko
  [a_sch] fn=67363 page=0 : 0100 0000 0000 0000 -> 8100 0016 f85d 01fb  (d_dsp_page=0003) TOA=0 PM=5521 SNR=12 crc_ko
  [sbwin] SB #4776 fn=66688 p51=31 tick=67364 : armee=1 one_shot=1 page_prog=191 rif_avant=0 nwin=191 marge=21 -> FENETRE SB (one-shot) (dans une vraie fenetre SB : 54/4776)
  [a_sch] fn=67364 page=1 : 0100 0000 0000 0000 -> 8000 06d8 191c 0161  (d_dsp_page=0003) TOA=23 PM=5367 SNR=16384 CRC_OK
  [jalon] fn=67364 SB PLAUSIBLE page=1 BSIC=7 a_sch=8000 06d8 191c 0161  hacks=RHEA_DMA
  [a_sch] fn=67365 page=0 : 8100 0016 f85d 01fb -> 0100 0000 0000 0000  (d_dsp_page=0003) TOA=0 PM=0 SNR=0 crc_ko
  [sbwin] SB #4777 fn=66698 p51=41 tick=67374 : armee=0 one_shot=0 page_prog=64 rif_avant=0 nwin=0 marge=0 -> DMA NON ARMEE (le RIF jette) : SCH memorise pour la fenetre SB (dans une vraie fenetre SB : 54/4777)
  [sbwin] SB #4778 fn=66709 p51=1 tick=67385 : armee=0 one_shot=0 page_prog=64 rif_avant=0 nwin=0 marge=0 -> DMA NON ARMEE (le RIF jette) : SCH memorise pour la fenetre SB (dans une vraie fenetre SB : 54/4778)
  [a_sch] fn=67385 page=1 : 8000 06d8 191c 0161 -> 0100 0000 0000 0000  (d_dsp_page=0002) TOA=0 PM=0 SNR=0 crc_ko
  [sbwin] SB #4779 fn=66719 p51=11 tick=67395 : armee=0 one_shot=0 page_prog=64 rif_avant=0 nwin=0 marge=0 -> DMA NON ARMEE (le RIF jette) : SCH memorise pour la fenetre SB (dans une vraie fenetre SB : 54/4779)
  [sbwin] SB #4780 fn=66729 p51=21 tick=67405 : armee=0 one_shot=0 page_prog=64 rif_avant=0 nwin=0 marge=0 -> DMA NON ARMEE (le RIF jette) : SCH memorise pour la fenetre SB (dans une vraie fenetre SB : 54/4780)
  profil PC (26395 tranches, high-water 0xde92) : 77c0:11% 7800:6% 9a80:5% 7840:5% 8240:5% 78c0:4% 8380:4% a680:2% 83c0:2% b2c0:2% 8300:2% 8200:2%
  fn=67485   page=0 insn=119     IDLE   d_fb_det=0     a_sch=0100 0000 0000 0000 sync=0000 1530 ffff  | trames=67487 irq=0 iq=0
  [sbwin] SB #4790 fn=66831 p51=21 tick=67507 : armee=0 one_shot=0 page_prog=64 rif_avant=0 nwin=0 marge=0 -> DMA NON ARMEE (le RIF jette) : SCH memorise pour la fenetre SB (dans une vraie fenetre SB : 54/4790)
  [sbwin] SB #4800 fn=66933 p51=21 tick=67609 : armee=0 one_shot=0 page_prog=64 rif_avant=0 nwin=0 marge=0 -> DMA NON ARMEE (le RIF jette) : SCH memorise pour la fenetre SB (dans une vraie fenetre SB : 54/4800)
  profil PC (23793 tranches, high-water 0xde91) : 9a80:11% 8240:11% 8380:10% 83c0:5% 8200:5% 8300:4% 8540:4% 9a40:4% a0c0:3% 81c0:3% 82c0:3% 9a00:2%
  fn=67702   page=1 insn=13787   IDLE   d_fb_det=0     a_sch=0100 0000 0000 0000 sync=0000 1530 ffff  | trames=67704 irq=0 iq=0
  hacks actifs : RHEA_DMA ; cadencement : STREAM LOCKSTEP  ; stimulus : none
  [sbwin] SB #4810 fn=67035 p51=21 tick=67711 : armee=0 one_shot=0 page_prog=64 rif_avant=0 nwin=0 marge=0 -> DMA NON ARMEE (le RIF jette) : SCH memorise pour la fenetre SB (dans une vraie fenetre SB : 54/4810)
  [sbwin] SB #4820 fn=67137 p51=21 tick=67813 : armee=0 one_shot=0 page_prog=64 rif_avant=0 nwin=0 marge=0 -> DMA NON ARMEE (le RIF jette) : SCH memorise pour la fenetre SB (dans une vraie fenetre SB : 54/4820)
  [sbwin] SB #4830 fn=67239 p51=21 tick=67915 : armee=0 one_shot=0 page_prog=64 rif_avant=0 nwin=0 marge=0 -> DMA NON ARMEE (le RIF jette) : SCH memorise pour la fenetre SB (dans une vraie fenetre SB : 54/4830)
  profil PC (23326 tranches, high-water 0xde91) : 9a80:11% 8240:11% 8380:10% 83c0:5% 8200:5% 8300:4% 8540:4% 9a40:4% a0c0:3% 81c0:3% 82c0:3% 9a00:2%
  fn=67919   page=1 insn=119     IDLE   d_fb_det=0     a_sch=0100 0000 0000 0000 sync=0000 1530 ffff  | trames=67921 irq=0 iq=0
  [chrono] fn=67998 sur 1000 trames (ms) : qemu 3.45 | A 0.05 | go 0.27 | B 0.19 | apres DONE 0.65 | trame 4.62 (temps reel 4.62)
  [sbwin] SB #4840 fn=67341 p51=21 tick=68017 : armee=0 one_shot=0 page_prog=64 rif_avant=0 nwin=0 marge=0 -> DMA NON ARMEE (le RIF jette) : SCH memorise pour la fenetre SB (dans une vraie fenetre SB : 54/4840)
  [sbwin] SB #4850 fn=67443 p51=21 tick=68119 : armee=0 one_shot=0 page_prog=64 rif_avant=0 nwin=0 marge=0 -> DMA NON ARMEE (le RIF jette) : SCH memorise pour la fenetre SB (dans une vraie fenetre SB : 54/4850)
  profil PC (21052 tranches, high-water 0xde91) : 9a80:11% 8240:11% 8380:10% 83c0:5% 8200:5% 8300:4% 8540:4% 9a40:4% a0c0:3% 81c0:3% 82c0:3% 9a00:2%
  fn=68136   page=0 insn=119     IDLE   d_fb_det=0     a_sch=0100 0000 0000 0000 sync=0000 1530 ffff  | trames=68138 irq=0 iq=0
  [sbwin] SB #4860 fn=67545 p51=21 tick=68221 : armee=0 one_shot=0 page_prog=64 rif_avant=0 nwin=0 marge=0 -> DMA NON ARMEE (le RIF jette) : SCH memorise pour la fenetre SB (dans une vraie fenetre SB : 54/4860)
  [sbwin] SB #4870 fn=67647 p51=21 tick=68323 : armee=0 one_shot=0 page_prog=64 rif_avant=0 nwin=0 marge=0 -> DMA NON ARMEE (le RIF jette) : SCH memorise pour la fenetre SB (dans une vraie fenetre SB : 54/4870)
  profil PC (21076 tranches, high-water 0xde91) : 9a80:11% 8240:11% 8380:10% 83c0:5% 8200:5% 8300:4% 8540:4% 9a40:4% a0c0:3% 81c0:3% 82c0:3% 9a00:2%
  fn=68353   page=0 insn=1357    IDLE   d_fb_det=0     a_sch=0100 0000 0000 0000 sync=0000 1530 ffff  | trames=68355 irq=0 iq=0
  [sbwin] SB #4880 fn=67749 p51=21 tick=68425 : armee=0 one_shot=0 page_prog=64 rif_avant=0 nwin=0 marge=0 -> DMA NON ARMEE (le RIF jette) : SCH memorise pour la fenetre SB (dans une vraie fenetre SB : 54/4880)
  [sbwin] SB #4890 fn=67851 p51=21 tick=68527 : armee=0 one_shot=0 page_prog=64 rif_avant=0 nwin=0 marge=0 -> DMA NON ARMEE (le RIF jette) : SCH memorise pour la fenetre SB (dans une vraie fenetre SB : 54/4890)
  profil PC (23995 tranches, high-water 0xde91) : 9a80:11% 8240:11% 8380:10% 83c0:5% 8200:5% 8300:4% 8540:4% 9a40:4% a0c0:3% 81c0:3% 82c0:3% 9a00:2%
  fn=68570   page=1 insn=13661   IDLE   d_fb_det=0     a_sch=0100 0000 0000 0000 sync=0000 1530 ffff  | trames=68572 irq=0 iq=0
  [sbwin] SB #4900 fn=67953 p51=21 tick=68629 : armee=0 one_shot=0 page_prog=64 rif_avant=0 nwin=0 marge=0 -> DMA NON ARMEE (le RIF jette) : SCH memorise pour la fenetre SB (dans une vraie fenetre SB : 54/4900)
  [sbwin] SB #4910 fn=68055 p51=21 tick=68731 : armee=0 one_shot=0 page_prog=64 rif_avant=0 nwin=0 marge=0 -> DMA NON ARMEE (le RIF jette) : SCH memorise pour la fenetre SB (dans une vraie fenetre SB : 54/4910)
  profil PC (23103 tranches, high-water 0xde91) : 9a80:11% 8240:11% 8380:10% 83c0:5% 8200:5% 8300:4% 8540:4% 9a40:4% a0c0:3% 81c0:3% 82c0:3% 9a00:2%
  fn=68787   page=0 insn=119     IDLE   d_fb_det=0     a_sch=0100 0000 0000 0000 sync=0000 1530 ffff  | trames=68789 irq=0 iq=0
  [sbwin] SB #4920 fn=68157 p51=21 tick=68833 : armee=0 one_shot=0 page_prog=64 rif_avant=0 nwin=0 marge=0 -> DMA NON ARMEE (le RIF jette) : SCH memorise pour la fenetre SB (dans une vraie fenetre SB : 54/4920)
  [sbwin] SB #4930 fn=68259 p51=21 tick=68935 : armee=0 one_shot=0 page_prog=64 rif_avant=0 nwin=0 marge=0 -> DMA NON ARMEE (le RIF jette) : SCH memorise pour la fenetre SB (dans une vraie fenetre SB : 54/4930)
  [chrono] fn=68998 sur 1000 trames (ms) : qemu 3.49 | A 0.06 | go 0.28 | B 0.18 | apres DONE 0.60 | trame 4.61 (temps reel 4.62)
  profil PC (21052 tranches, high-water 0xde91) : 9a80:11% 8240:11% 8380:10% 83c0:5% 8200:5% 8300:4% 8540:4% 9a40:4% a0c0:3% 81c0:3% 82c0:3% 9a00:2%
  fn=69004   page=1 insn=119     IDLE   d_fb_det=0     a_sch=0100 0000 0000 0000 sync=0000 1530 ffff  | trames=69006 irq=0 iq=0
  [sbwin] SB #4940 fn=68361 p51=21 tick=69037 : armee=0 one_shot=0 page_prog=64 rif_avant=0 nwin=0 marge=0 -> DMA NON ARMEE (le RIF jette) : SCH memorise pour la fenetre SB (dans une vraie fenetre SB : 54/4940)
  [sbwin] SB #4950 fn=68463 p51=21 tick=69139 : armee=0 one_shot=0 page_prog=64 rif_avant=0 nwin=0 marge=0 -> DMA NON ARMEE (le RIF jette) : SCH memorise pour la fenetre SB (dans une vraie fenetre SB : 54/4950)
  profil PC (21076 tranches, high-water 0xde91) : 9a80:11% 8240:11% 8380:10% 83c0:5% 8200:5% 8300:4% 8540:4% 9a40:4% a0c0:3% 81c0:3% 82c0:3% 9a00:2%
  fn=69221   page=1 insn=119     IDLE   d_fb_det=0     a_sch=0100 0000 0000 0000 sync=0000 1530 ffff  | trames=69223 irq=0 iq=0
  [sbwin] SB #4960 fn=68565 p51=21 tick=69241 : armee=0 one_shot=0 page_prog=64 rif_avant=0 nwin=0 marge=0 -> DMA NON ARMEE (le RIF jette) : SCH memorise pour la fenetre SB (dans une vraie fenetre SB : 54/4960)
  [sbwin] SB #4970 fn=68667 p51=21 tick=69343 : armee=0 one_shot=0 page_prog=64 rif_avant=0 nwin=0 marge=0 -> DMA NON ARMEE (le RIF jette) : SCH memorise pour la fenetre SB (dans une vraie fenetre SB : 54/4970)
  profil PC (24219 tranches, high-water 0xde91) : 8240:11% 9a80:11% 8380:10% 83c0:5% 8200:5% 8300:4% 8540:4% 9a40:4% a0c0:3% 81c0:3% 82c0:3% 9a00:2%
  fn=69438   page=1 insn=13663   IDLE   d_fb_det=0     a_sch=0100 0000 0000 0000 sync=0000 1530 ffff  | trames=69440 irq=0 iq=0
  hacks actifs : RHEA_DMA ; cadencement : STREAM LOCKSTEP  ; stimulus : none
  [sbwin] SB #4980 fn=68769 p51=21 tick=69445 : armee=0 one_shot=0 page_prog=64 rif_avant=0 nwin=0 marge=0 -> DMA NON ARMEE (le RIF jette) : SCH memorise pour la fenetre SB (dans une vraie fenetre SB : 54/4980)
  [sbwin] SB #4990 fn=68871 p51=21 tick=69547 : armee=0 one_shot=0 page_prog=64 rif_avant=0 nwin=0 marge=0 -> DMA NON ARMEE (le RIF jette) : SCH memorise pour la fenetre SB (dans une vraie fenetre SB : 54/4990)
  [sbwin] SB #5000 fn=68973 p51=21 tick=69649 : armee=0 one_shot=0 page_prog=64 rif_avant=0 nwin=0 marge=0 -> DMA NON ARMEE (le RIF jette) : SCH memorise pour la fenetre SB (dans une vraie fenetre SB : 54/5000)
  profil PC (22877 tranches, high-water 0xde91) : 9a80:12% 8240:11% 8380:9% 83c0:5% 8200:5% 8300:4% 8540:4% 9a40:4% a0c0:3% 81c0:3% 82c0:3% 9a00:2%
  fn=69655   page=1 insn=119     IDLE   d_fb_det=0     a_sch=0100 0000 0000 0000 sync=0000 1530 ffff  | trames=69657 irq=0 iq=0
  [sbwin] SB #5010 fn=69075 p51=21 tick=69751 : armee=0 one_shot=0 page_prog=64 rif_avant=0 nwin=0 marge=0 -> DMA NON ARMEE (le RIF jette) : SCH memorise pour la fenetre SB (dans une vraie fenetre SB : 54/5010)
  [sbwin] SB #5020 fn=69177 p51=21 tick=69853 : armee=0 one_shot=0 page_prog=64 rif_avant=0 nwin=0 marge=0 -> DMA NON ARMEE (le RIF jette) : SCH memorise pour la fenetre SB (dans une vraie fenetre SB : 54/5020)
  profil PC (21076 tranches, high-water 0xde91) : 9a80:11% 8240:11% 8380:10% 83c0:5% 8200:5% 8300:4% 8540:4% 9a40:4% a0c0:3% 81c0:3% 82c0:3% 9a00:2%
  fn=69872   page=1 insn=1359    IDLE   d_fb_det=0     a_sch=0100 0000 0000 0000 sync=0000 1530 ffff  | trames=69874 irq=0 iq=0
  [sbwin] SB #5030 fn=69279 p51=21 tick=69955 : armee=0 one_shot=0 page_prog=64 rif_avant=0 nwin=0 marge=0 -> DMA NON ARMEE (le RIF jette) : SCH memorise pour la fenetre SB (dans une vraie fenetre SB : 54/5030)
  [chrono] fn=69998 sur 1000 trames (ms) : qemu 3.59 | A 0.05 | go 0.27 | B 0.16 | apres DONE 0.54 | trame 4.62 (temps reel 4.62)
  [sbwin] SB #5040 fn=69381 p51=21 tick=70057 : armee=0 one_shot=0 page_prog=64 rif_avant=0 nwin=0 marge=0 -> DMA NON ARMEE (le RIF jette) : SCH memorise pour la fenetre SB (dans une vraie fenetre SB : 54/5040)
  profil PC (21277 tranches, high-water 0xde91) : 9a80:11% 8240:11% 8380:10% 83c0:5% 8200:5% 8300:4% 8540:4% 9a40:4% a0c0:3% 81c0:3% 82c0:3% 9a00:2%
  fn=70089   page=1 insn=13781   IDLE   d_fb_det=0     a_sch=0100 0000 0000 0000 sync=0000 1530 ffff  | trames=70091 irq=0 iq=0
  [sbwin] SB #5050 fn=69483 p51=21 tick=70159 : armee=0 one_shot=0 page_prog=64 rif_avant=0 nwin=0 marge=0 -> DMA NON ARMEE (le RIF jette) : SCH memorise pour la fenetre SB (dans une vraie fenetre SB : 54/5050)
  [sbwin] SB #5060 fn=69585 p51=21 tick=70261 : armee=0 one_shot=0 page_prog=64 rif_avant=0 nwin=0 marge=0 -> DMA NON ARMEE (le RIF jette) : SCH memorise pour la fenetre SB (dans une vraie fenetre SB : 54/5060)
  profil PC (24571 tranches, high-water 0xde91) : 9a80:11% 8240:11% 8380:10% 83c0:5% 8200:5% 8300:4% 8540:4% 9a40:4% a0c0:3% 81c0:3% 82c0:3% 9a00:2%
  fn=70306   page=1 insn=36254   IDLE   d_fb_det=0     a_sch=0100 0000 0000 0000 sync=0000 1530 ffff  | trames=70308 irq=0 iq=0
  [sbwin] SB #5070 fn=69687 p51=21 tick=70363 : armee=0 one_shot=0 page_prog=64 rif_avant=0 nwin=0 marge=0 -> DMA NON ARMEE (le RIF jette) : SCH memorise pour la fenetre SB (dans une vraie fenetre SB : 54/5070)
  [sbwin] SB #5080 fn=69789 p51=21 tick=70465 : armee=0 one_shot=0 page_prog=64 rif_avant=0 nwin=0 marge=0 -> DMA NON ARMEE (le RIF jette) : SCH memorise pour la fenetre SB (dans une vraie fenetre SB : 54/5080)
  profil PC (22300 tranches, high-water 0xde91) : 9a80:11% 8240:11% 8380:10% 83c0:5% 8200:5% 8300:4% 8540:4% 9a40:4% a0c0:3% 81c0:3% 82c0:3% 9a00:2%
  fn=70523   page=0 insn=119     IDLE   d_fb_det=0     a_sch=0100 0000 0000 0000 sync=0000 1530 ffff  | trames=70525 irq=0 iq=0
  [sbwin] SB #5090 fn=69891 p51=21 tick=70567 : armee=0 one_shot=0 page_prog=64 rif_avant=0 nwin=0 marge=0 -> DMA NON ARMEE (le RIF jette) : SCH memorise pour la fenetre SB (dans une vraie fenetre SB : 54/5090)
  [sbwin] SB #5100 fn=69993 p51=21 tick=70669 : armee=0 one_shot=0 page_prog=64 rif_avant=0 nwin=0 marge=0 -> DMA NON ARMEE (le RIF jette) : SCH memorise pour la fenetre SB (dans une vraie fenetre SB : 54/5100)
  profil PC (21076 tranches, high-water 0xde91) : 9a80:11% 8240:11% 8380:10% 83c0:5% 8200:5% 8300:4% 8540:4% 9a40:4% a0c0:3% 81c0:3% 82c0:3% 9a00:2%
  fn=70740   page=0 insn=119     IDLE   d_fb_det=0     a_sch=0100 0000 0000 0000 sync=0000 1530 ffff  | trames=70742 irq=0 iq=0
  [sbwin] SB #5110 fn=70095 p51=21 tick=70771 : armee=0 one_shot=0 page_prog=64 rif_avant=0 nwin=0 marge=0 -> DMA NON ARMEE (le RIF jette) : SCH memorise pour la fenetre SB (dans une vraie fenetre SB : 54/5110)
  [sbwin] SB #5120 fn=70197 p51=21 tick=70873 : armee=0 one_shot=0 page_prog=64 rif_avant=0 nwin=0 marge=0 -> DMA NON ARMEE (le RIF jette) : SCH memorise pour la fenetre SB (dans une vraie fenetre SB : 54/5120)
  profil PC (21500 tranches, high-water 0xde91) : 9a80:11% 8240:11% 8380:10% 83c0:5% 8200:5% 8300:4% 8540:4% 9a40:4% a0c0:3% 81c0:3% 82c0:3% 9a00:2%
  fn=70957   page=1 insn=13664   IDLE   d_fb_det=0     a_sch=0100 0000 0000 0000 sync=0000 1530 ffff  | trames=70959 irq=0 iq=0
  [sbwin] SB #5130 fn=70299 p51=21 tick=70975 : armee=0 one_shot=0 page_prog=64 rif_avant=0 nwin=0 marge=0 -> DMA NON ARMEE (le RIF jette) : SCH memorise pour la fenetre SB (dans une vraie fenetre SB : 54/5130)
  [chrono] fn=70998 sur 1000 trames (ms) : qemu 3.71 | A 0.05 | go 0.25 | B 0.15 | apres DONE 0.46 | trame 4.61 (temps reel 4.62)
  [sbwin] SB #5140 fn=70401 p51=21 tick=71077 : armee=0 one_shot=0 page_prog=64 rif_avant=0 nwin=0 marge=0 -> DMA NON ARMEE (le RIF jette) : SCH memorise pour la fenetre SB (dans une vraie fenetre SB : 54/5140)
  profil PC (24575 tranches, high-water 0xde91) : 9a80:11% 8240:11% 8380:10% 83c0:5% 8200:5% 8300:4% 8540:4% 9a40:4% a0c0:3% 81c0:3% 82c0:3% 9a00:2%
  fn=71174   page=1 insn=13787   IDLE   d_fb_det=0     a_sch=0100 0000 0000 0000 sync=0000 1530 ffff  | trames=71176 irq=0 iq=0
  hacks actifs : RHEA_DMA ; cadencement : STREAM LOCKSTEP  ; stimulus : none
  [sbwin] SB #5150 fn=70503 p51=21 tick=71179 : armee=0 one_shot=0 page_prog=64 rif_avant=0 nwin=0 marge=0 -> DMA NON ARMEE (le RIF jette) : SCH memorise pour la fenetre SB (dans une vraie fenetre SB : 54/5150)
  [ts0] tick=71257 fn=70581 p51=48 NB fenetre=0 marge=0 rif_avant=0
  [sbwin] SB #5160 fn=70605 p51=21 tick=71281 : armee=0 one_shot=0 page_prog=64 rif_avant=0 nwin=0 marge=0 -> DMA NON ARMEE (le RIF jette) : SCH memorise pour la fenetre SB (dans une vraie fenetre SB : 54/5160)
  [sbwin] SB #5170 fn=70707 p51=21 tick=71383 : armee=0 one_shot=0 page_prog=64 rif_avant=0 nwin=0 marge=0 -> DMA NON ARMEE (le RIF jette) : SCH memorise pour la fenetre SB (dans une vraie fenetre SB : 54/5170)
  profil PC (22075 tranches, high-water 0xde91) : 9a80:11% 8240:11% 8380:10% 83c0:5% 8200:5% 8300:4% 8540:4% 9a40:4% a0c0:3% 81c0:3% 82c0:3% 9a00:2%
  fn=71391   page=1 insn=119     IDLE   d_fb_det=0     a_sch=0100 0000 0000 0000 sync=0000 1530 ffff  | trames=71393 irq=0 iq=0
  [sbwin] SB #5180 fn=70809 p51=21 tick=71485 : armee=0 one_shot=0 page_prog=64 rif_avant=0 nwin=0 marge=0 -> DMA NON ARMEE (le RIF jette) : SCH memorise pour la fenetre SB (dans une vraie fenetre SB : 54/5180)
  [sbwin] SB #5190 fn=70911 p51=21 tick=71587 : armee=0 one_shot=0 page_prog=64 rif_avant=0 nwin=0 marge=0 -> DMA NON ARMEE (le RIF jette) : SCH memorise pour la fenetre SB (dans une vraie fenetre SB : 54/5190)
  profil PC (21076 tranches, high-water 0xde91) : 9a80:11% 8240:11% 8380:10% 83c0:5% 8200:5% 8300:4% 8540:4% 9a40:4% a0c0:3% 81c0:3% 82c0:3% 9a00:2%
  fn=71608   page=1 insn=119     IDLE   d_fb_det=0     a_sch=0100 0000 0000 0000 sync=0000 1530 ffff  | trames=71610 irq=0 iq=0
  [sbwin] SB #5200 fn=71013 p51=21 tick=71689 : armee=0 one_shot=0 page_prog=64 rif_avant=0 nwin=0 marge=0 -> DMA NON ARMEE (le RIF jette) : SCH memorise pour la fenetre SB (dans une vraie fenetre SB : 54/5200)
  [sbwin] SB #5210 fn=71115 p51=21 tick=71791 : armee=0 one_shot=0 page_prog=64 rif_avant=0 nwin=0 marge=0 -> DMA NON ARMEE (le RIF jette) : SCH memorise pour la fenetre SB (dans une vraie fenetre SB : 54/5210)
  profil PC (21723 tranches, high-water 0xde91) : 8240:11% 9a80:11% 8380:10% 83c0:5% 8200:5% 8300:4% 8540:4% 9a40:4% a0c0:3% 81c0:3% 82c0:3% 9a00:2%
  fn=71825   page=1 insn=13665   IDLE   d_fb_det=0     a_sch=0100 0000 0000 0000 sync=0000 1530 ffff  | trames=71827 irq=0 iq=0
  [sbwin] SB #5220 fn=71217 p51=21 tick=71893 : armee=0 one_shot=0 page_prog=64 rif_avant=0 nwin=0 marge=0 -> DMA NON ARMEE (le RIF jette) : SCH memorise pour la fenetre SB (dans une vraie fenetre SB : 54/5220)
  [sbwin] SB #5230 fn=71319 p51=21 tick=71995 : armee=0 one_shot=0 page_prog=64 rif_avant=0 nwin=0 marge=0 -> DMA NON ARMEE (le RIF jette) : SCH memorise pour la fenetre SB (dans une vraie fenetre SB : 54/5230)
  [chrono] fn=71998 sur 1000 trames (ms) : qemu 3.56 | A 0.06 | go 0.27 | B 0.16 | apres DONE 0.57 | trame 4.62 (temps reel 4.62)
  profil PC (24575 tranches, high-water 0xde91) : 9a80:11% 8240:11% 8380:10% 83c0:5% 8200:5% 8300:4% 8540:4% 9a40:4% a0c0:3% 81c0:3% 82c0:3% 9a00:2%
  fn=72042   page=1 insn=13661   IDLE   d_fb_det=0     a_sch=0100 0000 0000 0000 sync=0000 1530 ffff  | trames=72044 irq=0 iq=0
  [sbwin] SB #5240 fn=71421 p51=21 tick=72097 : armee=0 one_shot=0 page_prog=64 rif_avant=0 nwin=0 marge=0 -> DMA NON ARMEE (le RIF jette) : SCH memorise pour la fenetre SB (dans une vraie fenetre SB : 54/5240)
  [sbwin] SB #5250 fn=71523 p51=21 tick=72199 : armee=0 one_shot=0 page_prog=64 rif_avant=0 nwin=0 marge=0 -> DMA NON ARMEE (le RIF jette) : SCH memorise pour la fenetre SB (dans une vraie fenetre SB : 54/5250)
  profil PC (21873 tranches, high-water 0xde91) : 9a80:11% 8240:11% 8380:9% 83c0:5% 8200:5% 8300:4% 8540:4% 9a40:4% a0c0:3% 81c0:3% 82c0:3% 9a00:2%
  fn=72259   page=1 insn=1359    IDLE   d_fb_det=0     a_sch=0100 0000 0000 0000 sync=0000 1530 ffff  | trames=72261 irq=0 iq=0
  [sbwin] SB #5260 fn=71625 p51=21 tick=72301 : armee=0 one_shot=0 page_prog=64 rif_avant=0 nwin=0 marge=0 -> DMA NON ARMEE (le RIF jette) : SCH memorise pour la fenetre SB (dans une vraie fenetre SB : 54/5260)
  [sbwin] SB #5270 fn=71727 p51=21 tick=72403 : armee=0 one_shot=0 page_prog=64 rif_avant=0 nwin=0 marge=0 -> DMA NON ARMEE (le RIF jette) : SCH memorise pour la fenetre SB (dans une vraie fenetre SB : 54/5270)
  profil PC (21055 tranches, high-water 0xde91) : 9a80:11% 8240:11% 8380:10% 83c0:5% 8200:5% 8300:4% 8540:4% 9a40:4% a0c0:3% 81c0:3% 82c0:3% 9a00:2%
  fn=72476   page=0 insn=119     IDLE   d_fb_det=0     a_sch=0100 0000 0000 0000 sync=0000 1530 ffff  | trames=72478 irq=0 iq=0
  [sbwin] SB #5280 fn=71829 p51=21 tick=72505 : armee=0 one_shot=0 page_prog=64 rif_avant=0 nwin=0 marge=0 -> DMA NON ARMEE (le RIF jette) : SCH memorise pour la fenetre SB (dans une vraie fenetre SB : 54/5280)
  [sbwin] SB #5290 fn=71931 p51=21 tick=72607 : armee=0 one_shot=0 page_prog=64 rif_avant=0 nwin=0 marge=0 -> DMA NON ARMEE (le RIF jette) : SCH memorise pour la fenetre SB (dans une vraie fenetre SB : 54/5290)
  profil PC (22300 tranches, high-water 0xde91) : 9a80:11% 8240:11% 8380:10% 83c0:5% 8200:5% 8300:4% 8540:4% 9a40:4% a0c0:3% 81c0:3% 82c0:3% 9a00:2%
  fn=72693   page=1 insn=36220   IDLE   d_fb_det=0     a_sch=0100 0000 0000 0000 sync=0000 1530 ffff  | trames=72695 irq=0 iq=0
  [sbwin] SB #5300 fn=72033 p51=21 tick=72709 : armee=0 one_shot=0 page_prog=64 rif_avant=0 nwin=0 marge=0 -> DMA NON ARMEE (le RIF jette) : SCH memorise pour la fenetre SB (dans une vraie fenetre SB : 54/5300)
  [sbwin] SB #5310 fn=72135 p51=21 tick=72811 : armee=0 one_shot=0 page_prog=64 rif_avant=0 nwin=0 marge=0 -> DMA NON ARMEE (le RIF jette) : SCH memorise pour la fenetre SB (dans une vraie fenetre SB : 54/5310)
  profil PC (24219 tranches, high-water 0xde91) : 8240:11% 9a80:11% 8380:10% 83c0:5% 8200:5% 8300:4% 8540:4% 9a40:4% a0c0:3% 81c0:3% 82c0:3% 9a00:2%
  fn=72910   page=1 insn=13663   IDLE   d_fb_det=0     a_sch=0100 0000 0000 0000 sync=0000 1530 ffff  | trames=72912 irq=0 iq=0
  hacks actifs : RHEA_DMA ; cadencement : STREAM LOCKSTEP  ; stimulus : none
  [sbwin] SB #5320 fn=72237 p51=21 tick=72913 : armee=0 one_shot=0 page_prog=64 rif_avant=0 nwin=0 marge=0 -> DMA NON ARMEE (le RIF jette) : SCH memorise pour la fenetre SB (dans une vraie fenetre SB : 54/5320)
  [chrono] fn=72998 sur 1000 trames (ms) : qemu 3.66 | A 0.05 | go 0.27 | B 0.16 | apres DONE 0.48 | trame 4.62 (temps reel 4.62)
  [sbwin] SB #5330 fn=72339 p51=21 tick=73015 : armee=0 one_shot=0 page_prog=64 rif_avant=0 nwin=0 marge=0 -> DMA NON ARMEE (le RIF jette) : SCH memorise pour la fenetre SB (dans une vraie fenetre SB : 54/5330)
  [sbwin] SB #5340 fn=72441 p51=21 tick=73117 : armee=0 one_shot=0 page_prog=64 rif_avant=0 nwin=0 marge=0 -> DMA NON ARMEE (le RIF jette) : SCH memorise pour la fenetre SB (dans une vraie fenetre SB : 54/5340)
  profil PC (21653 tranches, high-water 0xde91) : 9a80:12% 8240:11% 8380:9% 83c0:5% 8200:5% 8300:4% 8540:4% 9a40:4% a0c0:3% 81c0:3% 82c0:3% 9a00:2%
  fn=73127   page=0 insn=119     IDLE   d_fb_det=0     a_sch=0100 0000 0000 0000 sync=0000 1530 ffff  | trames=73129 irq=0 iq=0
  [sbwin] SB #5350 fn=72543 p51=21 tick=73219 : armee=0 one_shot=0 page_prog=64 rif_avant=0 nwin=0 marge=0 -> DMA NON ARMEE (le RIF jette) : SCH memorise pour la fenetre SB (dans une vraie fenetre SB : 54/5350)
  [sbwin] SB #5360 fn=72645 p51=21 tick=73321 : armee=0 one_shot=0 page_prog=64 rif_avant=0 nwin=0 marge=0 -> DMA NON ARMEE (le RIF jette) : SCH memorise pour la fenetre SB (dans une vraie fenetre SB : 54/5360)
  profil PC (21052 tranches, high-water 0xde91) : 9a80:11% 8240:11% 8380:10% 83c0:5% 8200:5% 8300:4% 8540:4% 9a40:4% a0c0:3% 81c0:3% 82c0:3% 9a00:2%
  fn=73344   page=1 insn=119     IDLE   d_fb_det=0     a_sch=0100 0000 0000 0000 sync=0000 1530 ffff  | trames=73346 irq=0 iq=0
  [sbwin] SB #5370 fn=72747 p51=21 tick=73423 : armee=0 one_shot=0 page_prog=64 rif_avant=0 nwin=0 marge=0 -> DMA NON ARMEE (le RIF jette) : SCH memorise pour la fenetre SB (dans une vraie fenetre SB : 54/5370)
  [sbwin] SB #5380 fn=72849 p51=21 tick=73525 : armee=0 one_shot=0 page_prog=64 rif_avant=0 nwin=0 marge=0 -> DMA NON ARMEE (le RIF jette) : SCH memorise pour la fenetre SB (dans une vraie fenetre SB : 54/5380)
  profil PC (22525 tranches, high-water 0xde91) : 9a80:11% 8240:11% 8380:10% 83c0:5% 8200:5% 8300:4% 8540:4% 9a40:4% a0c0:3% 81c0:3% 82c0:3% 9a00:2%
  fn=73561   page=1 insn=13781   IDLE   d_fb_det=0     a_sch=0100 0000 0000 0000 sync=0000 1530 ffff  | trames=73563 irq=0 iq=0
  [sbwin] SB #5390 fn=72951 p51=21 tick=73627 : armee=0 one_shot=0 page_prog=64 rif_avant=0 nwin=0 marge=0 -> DMA NON ARMEE (le RIF jette) : SCH memorise pour la fenetre SB (dans une vraie fenetre SB : 54/5390)
  [sbwin] SB #5400 fn=73053 p51=21 tick=73729 : armee=0 one_shot=0 page_prog=64 rif_avant=0 nwin=0 marge=0 -> DMA NON ARMEE (le RIF jette) : SCH memorise pour la fenetre SB (dans une vraie fenetre SB : 54/5400)
  profil PC (24571 tranches, high-water 0xde91) : 9a80:11% 8240:11% 8380:10% 83c0:5% 8200:5% 8300:4% 8540:4% 9a40:4% a0c0:3% 81c0:3% 82c0:3% 9a00:2%
  fn=73778   page=1 insn=36254   IDLE   d_fb_det=0     a_sch=0100 0000 0000 0000 sync=0000 1530 ffff  | trames=73780 irq=0 iq=0
  [sbwin] SB #5410 fn=73155 p51=21 tick=73831 : armee=0 one_shot=0 page_prog=64 rif_avant=0 nwin=0 marge=0 -> DMA NON ARMEE (le RIF jette) : SCH memorise pour la fenetre SB (dans une vraie fenetre SB : 54/5410)
  [sbwin] SB #5420 fn=73257 p51=21 tick=73933 : armee=0 one_shot=0 page_prog=64 rif_avant=0 nwin=0 marge=0 -> DMA NON ARMEE (le RIF jette) : SCH memorise pour la fenetre SB (dans une vraie fenetre SB : 54/5420)
  profil PC (21076 tranches, high-water 0xde91) : 9a80:11% 8240:11% 8380:10% 83c0:5% 8200:5% 8300:4% 8540:4% 9a40:4% a0c0:3% 81c0:3% 82c0:3% 9a00:2%
  fn=73995   page=1 insn=119     IDLE   d_fb_det=0     a_sch=0100 0000 0000 0000 sync=0000 1530 ffff  | trames=73997 irq=0 iq=0
  [chrono] fn=73998 sur 1000 trames (ms) : qemu 3.59 | A 0.05 | go 0.27 | B 0.15 | apres DONE 0.54 | trame 4.61 (temps reel 4.62)
  [sbwin] SB #5430 fn=73359 p51=21 tick=74035 : armee=0 one_shot=0 page_prog=64 rif_avant=0 nwin=0 marge=0 -> DMA NON ARMEE (le RIF jette) : SCH memorise pour la fenetre SB (dans une vraie fenetre SB : 54/5430)
  [sbwin] SB #5440 fn=73461 p51=21 tick=74137 : armee=0 one_shot=0 page_prog=64 rif_avant=0 nwin=0 marge=0 -> DMA NON ARMEE (le RIF jette) : SCH memorise pour la fenetre SB (dans une vraie fenetre SB : 54/5440)
  profil PC (21052 tranches, high-water 0xde91) : 9a80:11% 8240:11% 8380:10% 83c0:5% 8200:5% 8300:4% 8540:4% 9a40:4% a0c0:3% 81c0:3% 82c0:3% 9a00:2%
  fn=74212   page=0 insn=119     IDLE   d_fb_det=0     a_sch=0100 0000 0000 0000 sync=0000 1530 ffff  | trames=74214 irq=0 iq=0
  [sbwin] SB #5450 fn=73563 p51=21 tick=74239 : armee=0 one_shot=0 page_prog=64 rif_avant=0 nwin=0 marge=0 -> DMA NON ARMEE (le RIF jette) : SCH memorise pour la fenetre SB (dans une vraie fenetre SB : 54/5450)
  [sbwin] SB #5460 fn=73665 p51=21 tick=74341 : armee=0 one_shot=0 page_prog=64 rif_avant=0 nwin=0 marge=0 -> DMA NON ARMEE (le RIF jette) : SCH memorise pour la fenetre SB (dans une vraie fenetre SB : 54/5460)
  profil PC (22750 tranches, high-water 0xde91) : 9a80:11% 8240:11% 8380:10% 83c0:5% 8200:5% 8300:4% 8540:4% 9a40:4% a0c0:3% 81c0:3% 82c0:3% 9a00:2%
  fn=74429   page=1 insn=13665   IDLE   d_fb_det=0     a_sch=0100 0000 0000 0000 sync=0000 1530 ffff  | trames=74431 irq=0 iq=0
  [sbwin] SB #5470 fn=73767 p51=21 tick=74443 : armee=0 one_shot=0 page_prog=64 rif_avant=0 nwin=0 marge=0 -> DMA NON ARMEE (le RIF jette) : SCH memorise pour la fenetre SB (dans une vraie fenetre SB : 54/5470)
  [sbwin] SB #5480 fn=73869 p51=21 tick=74545 : armee=0 one_shot=0 page_prog=64 rif_avant=0 nwin=0 marge=0 -> DMA NON ARMEE (le RIF jette) : SCH memorise pour la fenetre SB (dans une vraie fenetre SB : 54/5480)
  profil PC (24369 tranches, high-water 0xde91) : 9a80:11% 8240:11% 8380:10% 83c0:5% 8200:5% 8300:4% 8540:4% 9a40:4% a0c0:3% 81c0:3% 82c0:3% 9a00:2%
  fn=74646   page=1 insn=1359    IDLE   d_fb_det=0     a_sch=0100 0000 0000 0000 sync=0000 1530 ffff  | trames=74648 irq=0 iq=0
  hacks actifs : RHEA_DMA ; cadencement : STREAM LOCKSTEP  ; stimulus : none
  [sbwin] SB #5490 fn=73971 p51=21 tick=74647 : armee=0 one_shot=0 page_prog=64 rif_avant=0 nwin=0 marge=0 -> DMA NON ARMEE (le RIF jette) : SCH memorise pour la fenetre SB (dans une vraie fenetre SB : 54/5490)
  [sbwin] SB #5500 fn=74073 p51=21 tick=74749 : armee=0 one_shot=0 page_prog=64 rif_avant=0 nwin=0 marge=0 -> DMA NON ARMEE (le RIF jette) : SCH memorise pour la fenetre SB (dans une vraie fenetre SB : 54/5500)
  [sbwin] SB #5510 fn=74175 p51=21 tick=74851 : armee=0 one_shot=0 page_prog=64 rif_avant=0 nwin=0 marge=0 -> DMA NON ARMEE (le RIF jette) : SCH memorise pour la fenetre SB (dans une vraie fenetre SB : 54/5510)
  profil PC (21055 tranches, high-water 0xde91) : 9a80:11% 8240:11% 8380:10% 83c0:5% 8200:5% 8300:4% 8540:4% 9a40:4% a0c0:3% 81c0:3% 82c0:3% 9a00:2%
  fn=74863   page=0 insn=119     IDLE   d_fb_det=0     a_sch=0100 0000 0000 0000 sync=0000 1530 ffff  | trames=74865 irq=0 iq=0
  [sbwin] SB #5520 fn=74277 p51=21 tick=74953 : armee=0 one_shot=0 page_prog=64 rif_avant=0 nwin=0 marge=0 -> DMA NON ARMEE (le RIF jette) : SCH memorise pour la fenetre SB (dans une vraie fenetre SB : 54/5520)
  [chrono] fn=74998 sur 1000 trames (ms) : qemu 3.65 | A 0.05 | go 0.26 | B 0.16 | apres DONE 0.49 | trame 4.62 (temps reel 4.62)
  [sbwin] SB #5530 fn=74379 p51=21 tick=75055 : armee=0 one_shot=0 page_prog=64 rif_avant=0 nwin=0 marge=0 -> DMA NON ARMEE (le RIF jette) : SCH memorise pour la fenetre SB (dans une vraie fenetre SB : 54/5530)
  profil PC (21052 tranches, high-water 0xde91) : 9a80:11% 8240:11% 8380:10% 83c0:5% 8200:5% 8300:4% 8540:4% 9a40:4% a0c0:3% 81c0:3% 82c0:3% 9a00:2%
  fn=75080   page=1 insn=119     IDLE   d_fb_det=0     a_sch=0100 0000 0000 0000 sync=0000 1530 ffff  | trames=75082 irq=0 iq=0
  [sbwin] SB #5540 fn=74481 p51=21 tick=75157 : armee=0 one_shot=0 page_prog=64 rif_avant=0 nwin=0 marge=0 -> DMA NON ARMEE (le RIF jette) : SCH memorise pour la fenetre SB (dans une vraie fenetre SB : 54/5540)
  [sbwin] SB #5550 fn=74583 p51=21 tick=75259 : armee=0 one_shot=0 page_prog=64 rif_avant=0 nwin=0 marge=0 -> DMA NON ARMEE (le RIF jette) : SCH memorise pour la fenetre SB (dans une vraie fenetre SB : 54/5550)
  profil PC (22973 tranches, high-water 0xde91) : 8240:11% 9a80:11% 8380:10% 83c0:5% 8200:5% 8300:4% 8540:4% 9a40:4% a0c0:3% 81c0:3% 82c0:3% 9a00:2%
  fn=75297   page=1 insn=13663   IDLE   d_fb_det=0     a_sch=0100 0000 0000 0000 sync=0000 1530 ffff  | trames=75299 irq=0 iq=0
  [sbwin] SB #5560 fn=74685 p51=21 tick=75361 : armee=0 one_shot=0 page_prog=64 rif_avant=0 nwin=0 marge=0 -> DMA NON ARMEE (le RIF jette) : SCH memorise pour la fenetre SB (dans une vraie fenetre SB : 54/5560)
  [sbwin] SB #5570 fn=74787 p51=21 tick=75463 : armee=0 one_shot=0 page_prog=64 rif_avant=0 nwin=0 marge=0 -> DMA NON ARMEE (le RIF jette) : SCH memorise pour la fenetre SB (dans une vraie fenetre SB : 54/5570)
  profil PC (24146 tranches, high-water 0xde91) : 9a80:12% 8240:11% 8380:10% 83c0:5% 8200:5% 8300:4% 8540:4% 9a40:4% a0c0:3% 81c0:3% 82c0:3% 9a00:2%
  fn=75514   page=0 insn=119     IDLE   d_fb_det=0     a_sch=0100 0000 0000 0000 sync=0000 1530 ffff  | trames=75516 irq=0 iq=0
  [sbwin] SB #5580 fn=74889 p51=21 tick=75565 : armee=0 one_shot=0 page_prog=64 rif_avant=0 nwin=0 marge=0 -> DMA NON ARMEE (le RIF jette) : SCH memorise pour la fenetre SB (dans une vraie fenetre SB : 54/5580)
  [sbwin] SB #5590 fn=74991 p51=21 tick=75667 : armee=0 one_shot=0 page_prog=64 rif_avant=0 nwin=0 marge=0 -> DMA NON ARMEE (le RIF jette) : SCH memorise pour la fenetre SB (dans une vraie fenetre SB : 54/5590)
  profil PC (21055 tranches, high-water 0xde91) : 9a80:11% 8240:11% 8380:10% 83c0:5% 8200:5% 8300:4% 8540:4% 9a40:4% a0c0:3% 81c0:3% 82c0:3% 9a00:2%
  fn=75731   page=1 insn=119     IDLE   d_fb_det=0     a_sch=0100 0000 0000 0000 sync=0000 1530 ffff  | trames=75733 irq=0 iq=0
  [sbwin] SB #5600 fn=75093 p51=21 tick=75769 : armee=0 one_shot=0 page_prog=64 rif_avant=0 nwin=0 marge=0 -> DMA NON ARMEE (le RIF jette) : SCH memorise pour la fenetre SB (dans une vraie fenetre SB : 54/5600)
  [sbwin] SB #5610 fn=75195 p51=21 tick=75871 : armee=0 one_shot=0 page_prog=64 rif_avant=0 nwin=0 marge=0 -> DMA NON ARMEE (le RIF jette) : SCH memorise pour la fenetre SB (dans une vraie fenetre SB : 54/5610)
  profil PC (21052 tranches, high-water 0xde91) : 9a80:11% 8240:11% 8380:10% 83c0:5% 8200:5% 8300:4% 8540:4% 9a40:4% a0c0:3% 81c0:3% 82c0:3% 9a00:2%
  fn=75948   page=0 insn=119     IDLE   d_fb_det=0     a_sch=0100 0000 0000 0000 sync=0000 1530 ffff  | trames=75950 irq=0 iq=0
  [sbwin] SB #5620 fn=75297 p51=21 tick=75973 : armee=0 one_shot=0 page_prog=64 rif_avant=0 nwin=0 marge=0 -> DMA NON ARMEE (le RIF jette) : SCH memorise pour la fenetre SB (dans une vraie fenetre SB : 54/5620)
  [chrono] fn=75998 sur 1000 trames (ms) : qemu 3.68 | A 0.05 | go 0.27 | B 0.15 | apres DONE 0.46 | trame 4.61 (temps reel 4.62)
  [sbwin] SB #5630 fn=75399 p51=21 tick=76075 : armee=0 one_shot=0 page_prog=64 rif_avant=0 nwin=0 marge=0 -> DMA NON ARMEE (le RIF jette) : SCH memorise pour la fenetre SB (dans une vraie fenetre SB : 54/5630)
  profil PC (23548 tranches, high-water 0xde91) : 9a80:11% 8240:11% 8380:10% 83c0:5% 8200:5% 8300:4% 8540:4% 9a40:4% a0c0:3% 81c0:3% 82c0:3% 9a00:2%
  fn=76165   page=1 insn=36258   IDLE   d_fb_det=0     a_sch=0100 0000 0000 0000 sync=0000 1530 ffff  | trames=76167 irq=0 iq=0
  [sbwin] SB #5640 fn=75501 p51=21 tick=76177 : armee=0 one_shot=0 page_prog=64 rif_avant=0 nwin=0 marge=0 -> DMA NON ARMEE (le RIF jette) : SCH memorise pour la fenetre SB (dans une vraie fenetre SB : 54/5640)
  [ts0] tick=76257 fn=75581 p51=50 NB fenetre=0 marge=0 rif_avant=0
  [sbwin] SB #5650 fn=75603 p51=21 tick=76279 : armee=0 one_shot=0 page_prog=64 rif_avant=0 nwin=0 marge=0 -> DMA NON ARMEE (le RIF jette) : SCH memorise pour la fenetre SB (dans une vraie fenetre SB : 54/5650)
  [sbwin] SB #5660 fn=75705 p51=21 tick=76381 : armee=0 one_shot=0 page_prog=64 rif_avant=0 nwin=0 marge=0 -> DMA NON ARMEE (le RIF jette) : SCH memorise pour la fenetre SB (dans une vraie fenetre SB : 54/5660)
  profil PC (23572 tranches, high-water 0xde91) : 9a80:11% 8240:11% 8380:10% 83c0:5% 8200:5% 8300:4% 8540:4% 9a40:4% a0c0:3% 81c0:3% 82c0:3% 9a00:2%
  fn=76382   page=1 insn=119     IDLE   d_fb_det=0     a_sch=0100 0000 0000 0000 sync=0000 1530 ffff  | trames=76384 irq=0 iq=0
  hacks actifs : RHEA_DMA ; cadencement : STREAM LOCKSTEP  ; stimulus : none
  [sbwin] SB #5670 fn=75807 p51=21 tick=76483 : armee=0 one_shot=0 page_prog=64 rif_avant=0 nwin=0 marge=0 -> DMA NON ARMEE (le RIF jette) : SCH memorise pour la fenetre SB (dans une vraie fenetre SB : 54/5670)
  [sbwin] SB #5680 fn=75909 p51=21 tick=76585 : armee=0 one_shot=0 page_prog=64 rif_avant=0 nwin=0 marge=0 -> DMA NON ARMEE (le RIF jette) : SCH memorise pour la fenetre SB (dans une vraie fenetre SB : 54/5680)
  profil PC (21052 tranches, high-water 0xde91) : 9a80:11% 8240:11% 8380:10% 83c0:5% 8200:5% 8300:4% 8540:4% 9a40:4% a0c0:3% 81c0:3% 82c0:3% 9a00:2%
  fn=76599   page=0 insn=119     IDLE   d_fb_det=0     a_sch=0100 0000 0000 0000 sync=0000 1530 ffff  | trames=76601 irq=0 iq=0
  [sbwin] SB #5690 fn=76011 p51=21 tick=76687 : armee=0 one_shot=0 page_prog=64 rif_avant=0 nwin=0 marge=0 -> DMA NON ARMEE (le RIF jette) : SCH memorise pour la fenetre SB (dans une vraie fenetre SB : 54/5690)
  [sbwin] SB #5700 fn=76113 p51=21 tick=76789 : armee=0 one_shot=0 page_prog=64 rif_avant=0 nwin=0 marge=0 -> DMA NON ARMEE (le RIF jette) : SCH memorise pour la fenetre SB (dans une vraie fenetre SB : 54/5700)
  profil PC (21055 tranches, high-water 0xde91) : 9a80:11% 8240:11% 8380:10% 83c0:5% 8200:5% 8300:4% 8540:4% 9a40:4% a0c0:3% 81c0:3% 82c0:3% 9a00:2%
  fn=76816   page=1 insn=119     IDLE   d_fb_det=0     a_sch=0100 0000 0000 0000 sync=0000 1530 ffff  | trames=76818 irq=0 iq=0
  [sbwin] SB #5710 fn=76215 p51=21 tick=76891 : armee=0 one_shot=0 page_prog=64 rif_avant=0 nwin=0 marge=0 -> DMA NON ARMEE (le RIF jette) : SCH memorise pour la fenetre SB (dans une vraie fenetre SB : 54/5710)
  [sbwin] SB #5720 fn=76317 p51=21 tick=76993 : armee=0 one_shot=0 page_prog=64 rif_avant=0 nwin=0 marge=0 -> DMA NON ARMEE (le RIF jette) : SCH memorise pour la fenetre SB (dans une vraie fenetre SB : 54/5720)
  [chrono] fn=76998 sur 1000 trames (ms) : qemu 3.62 | A 0.05 | go 0.26 | B 0.15 | apres DONE 0.53 | trame 4.62 (temps reel 4.62)
  profil PC (23566 tranches, high-water 0xde91) : 9a80:11% 8240:11% 8380:10% 83c0:5% 8200:5% 8300:4% 8540:4% 9a40:4% a0c0:3% 81c0:3% 82c0:3% 9a00:2%
  fn=77033   page=1 insn=1359    IDLE   d_fb_det=0     a_sch=0100 0000 0000 0000 sync=0000 1530 ffff  | trames=77035 irq=0 iq=0
  [sbwin] SB #5730 fn=76419 p51=21 tick=77095 : armee=0 one_shot=0 page_prog=64 rif_avant=0 nwin=0 marge=0 -> DMA NON ARMEE (le RIF jette) : SCH memorise pour la fenetre SB (dans une vraie fenetre SB : 54/5730)
pont : PONT_GO attendu (fn=77174)
  [sbwin] SB #5740 fn=76521 p51=21 tick=77197 : armee=0 one_shot=0 page_prog=64 rif_avant=0 nwin=0 marge=0 -> DMA NON ARMEE (le RIF jette) : SCH memorise pour la fenetre SB (dans une vraie fenetre SB : 54/5740)
  profil PC (22066 tranches, high-water 0xde91) : 9a80:12% 8240:9% 8380:8% 8200:5% 8540:5% 83c0:4% 9a40:4% 8300:4% a0c0:4% 81c0:3% 82c0:3% 9a00:2%
  fn=77250   page=0 insn=119     IDLE   d_fb_det=0     a_sch=0100 0000 0000 0000 sync=0000 1530 ffff  | trames=77252 irq=0 iq=0
  [ts0] tick=77293 : pas de burst BTS pour fn=76617 (manques=400/77293) ; derniere trame recue fn=77156, soit -539 : le burst a existe puis a disparu (autre cause)
  [ts0] silence 500 : fn=76717 sans burst, effacement depose (au lieu de relire la page du tick precedent)
  profil PC (15108 tranches, high-water 0xde8a) : 9a80:16% 8200:8% 8540:6% 9a40:5% 81c0:5% a0c0:4% 82c0:4% 9a00:3% a180:3% a680:2% 8140:2% 8580:2%
  fn=77467   page=1 insn=119     IDLE   d_fb_det=0     a_sch=0100 0000 0000 0000 sync=0000 1530 ffff  | trames=77469 irq=0 iq=0
  [ts0] tick=77493 : pas de burst BTS pour fn=76817 (manques=600/77493) ; derniere trame recue fn=77209, soit -392 : le burst a existe puis a disparu (autre cause)
  profil PC (15108 tranches, high-water 0xde8a) : 9a80:16% 8200:8% 8540:6% 9a40:5% 81c0:5% a0c0:4% 82c0:4% 9a00:3% a180:3% a680:2% 8140:2% 8580:2%
  fn=77684   page=0 insn=119     IDLE   d_fb_det=0     a_sch=0100 0000 0000 0000 sync=0000 1530 ffff  | trames=77686 irq=0 iq=0
  [ts0] tick=77693 : pas de burst BTS pour fn=77017 (manques=800/77693) ; derniere trame recue fn=77261, soit -244 : le burst a existe puis a disparu (autre cause)
  [sbwin] SB #5750 fn=77164 p51=1 tick=77840 : armee=0 one_shot=0 page_prog=64 rif_avant=0 nwin=0 marge=0 -> DMA NON ARMEE (le RIF jette) : SCH memorise pour la fenetre SB (dans une vraie fenetre SB : 54/5750)
  profil PC (20594 tranches, high-water 0xde91) : 9a80:13% 8240:7% 8200:6% 8380:6% 8540:5% 9a40:4% a0c0:4% 81c0:4% 82c0:3% 83c0:3% 8300:3% 9a00:2%
  fn=77901   page=0 insn=119     IDLE   d_fb_det=0     a_sch=0100 0000 0000 0000 sync=0000 1530 ffff  | trames=77903 irq=0 iq=0
