Copyright (C) 2010-2015 Andreas Eversberg, Sylvain Munaut, Holger Freyther, Harald Welte
Contributions by Alex Badea, Pablo Neira, Steve Markgraf and others

License GPLv2+: GNU GPL version 2 or later <http://gnu.org/licenses/gpl.html>
This is free software: you are free to change and redistribute it.
There is NO WARRANTY, to the extent permitted by law.

[1;33mWed Sep 30 12:57:16 2026 [1;32mDCC[0;m[1;33m <0006> gsm48_cc.c:62 init Call Control[0;m
[1;34mWed Sep 30 12:57:16 2026 [1;32mDRR[0;m[1;34m <0001> gsm48_rr.c:7079 init Radio Ressource process[0;m
[1;32mWed Sep 30 12:57:16 2026 [1;32mDMM[0;m[1;32m <0005> gsm48_mm.c:1480 init Mobility Management process[0;m
[1;32mWed Sep 30 12:57:16 2026 [1;32mDMM[0;m[1;32m <0005> gsm48_mm.c:1197 Selecting PLMN SEARCH state, because no SIM.[0;m
[1;35mWed Sep 30 12:57:16 2026 [1;33mDMOB[0;m[1;35m <0013> app_mobile.c:295 Mobile '1' initialized, please start phone now![0;m
Wed Sep 30 12:57:16 2026 [1;33mDLGLOBAL[0;m <001e> telnet_interface.c:88 Available via telnet 127.0.0.1 4347
[1;32mWed Sep 30 12:57:16 2026 [1;32mDMM[0;m[1;32m <0005> subscriber.c:606 (ms 1) Inserting test card (IMSI=001010001000001, Test, Test)[0;m
[1;32mWed Sep 30 12:57:16 2026 [1;32mDMM[0;m[1;32m <0005> subscriber.c:611 -> Test card registered to 001-01-65534 (Test, Test)[0;m
[1;32mWed Sep 30 12:57:16 2026 [1;32mDMM[0;m[1;32m <0005> subscriber.c:626 -> Test card not GPRS registered[0;m
[1;32mWed Sep 30 12:57:16 2026 [1;32mDMM[0;m[1;32m <0005> gsm48_mm.c:5129 (ms 1) Received 'MMR_REG_REQ' event[0;m
[1;31mWed Sep 30 12:57:17 2026 [1;31mDL1C[0;m[1;31m <000e> l1ctl.c:141 FBSB RESP: result=255[0;m
[1;31mWed Sep 30 12:57:17 2026 [1;31mDL1C[0;m[1;31m <000e> l1ctl.c:141 FBSB RESP: result=255[0;m
[1;32mWed Sep 30 12:57:17 2026 [1;32mDMM[0;m[1;32m <0005> gsm48_mm.c:5058 (ms 1) Received 'MM_EVENT_NO_CELL_FOUND' event in state MM IDLE, PLMN search[0;m
[1;32mWed Sep 30 12:57:17 2026 [1;32mDMM[0;m[1;32m <0005> gsm48_mm.c:1051 new MM IDLE state PLMN search -> no cell available[0;m
[1;31mWed Sep 30 12:57:17 2026 [1;31mDL1C[0;m[1;31m <000e> l1ctl.c:141 FBSB RESP: result=255[0;m
[1;32mWed Sep 30 12:57:17 2026 [1;32mDMM[0;m[1;32m <0005> gsm48_mm.c:5058 (ms 1) Received 'MM_EVENT_NO_CELL_FOUND' event in state MM IDLE, no cell available[0;m
[1;32mWed Sep 30 12:57:17 2026 [1;33mDMM[0;m[1;32m <0005> gsm48_mm.c:5074 Message MM_EVENT_NO_CELL_FOUND unhandled in state MM idle.[0;m
[1;31mWed Sep 30 12:57:18 2026 [1;31mDL1C[0;m[1;31m <000e> l1ctl.c:141 FBSB RESP: result=255[0;m
[1;32mWed Sep 30 12:57:18 2026 [1;32mDMM[0;m[1;32m <0005> gsm48_mm.c:5058 (ms 1) Received 'MM_EVENT_NO_CELL_FOUND' event in state MM IDLE, no cell available[0;m
[1;32mWed Sep 30 12:57:18 2026 [1;33mDMM[0;m[1;32m <0005> gsm48_mm.c:5074 Message MM_EVENT_NO_CELL_FOUND unhandled in state MM idle.[0;m
[1;31mWed Sep 30 12:57:18 2026 [1;31mDL1C[0;m[1;31m <000e> l1ctl.c:141 FBSB RESP: result=255[0;m
[1;32mWed Sep 30 12:57:18 2026 [1;32mDMM[0;m[1;32m <0005> gsm48_mm.c:5058 (ms 1) Received 'MM_EVENT_NO_CELL_FOUND' event in state MM IDLE, no cell available[0;m
[1;32mWed Sep 30 12:57:18 2026 [1;33mDMM[0;m[1;32m <0005> gsm48_mm.c:5074 Message MM_EVENT_NO_CELL_FOUND unhandled in state MM idle.[0;m
[1;31mWed Sep 30 12:57:18 2026 [1;31mDL1C[0;m[1;31m <000e> l1ctl.c:141 FBSB RESP: result=255[0;m
[1;32mWed Sep 30 12:57:18 2026 [1;32mDMM[0;m[1;32m <0005> gsm48_mm.c:5058 (ms 1) Received 'MM_EVENT_NO_CELL_FOUND' event in state MM IDLE, no cell available[0;m
[1;32mWed Sep 30 12:57:18 2026 [1;33mDMM[0;m[1;32m <0005> gsm48_mm.c:5074 Message MM_EVENT_NO_CELL_FOUND unhandled in state MM idle.[0;m
[1;31mWed Sep 30 12:57:18 2026 [1;31mDL1C[0;m[1;31m <000e> l1ctl.c:141 FBSB RESP: result=255[0;m
[1;32mWed Sep 30 12:57:18 2026 [1;32mDMM[0;m[1;32m <0005> gsm48_mm.c:5058 (ms 1) Received 'MM_EVENT_NO_CELL_FOUND' event in state MM IDLE, no cell available[0;m
[1;32mWed Sep 30 12:57:18 2026 [1;33mDMM[0;m[1;32m <0005> gsm48_mm.c:5074 Message MM_EVENT_NO_CELL_FOUND unhandled in state MM idle.[0;m
[1;31mWed Sep 30 12:57:19 2026 [1;31mDL1C[0;m[1;31m <000e> l1ctl.c:141 FBSB RESP: result=255[0;m
[1;32mWed Sep 30 12:57:19 2026 [1;32mDMM[0;m[1;32m <0005> gsm48_mm.c:5058 (ms 1) Received 'MM_EVENT_NO_CELL_FOUND' event in state MM IDLE, no cell available[0;m
[1;32mWed Sep 30 12:57:19 2026 [1;33mDMM[0;m[1;32m <0005> gsm48_mm.c:5074 Message MM_EVENT_NO_CELL_FOUND unhandled in state MM idle.[0;m
[1;31mWed Sep 30 12:57:19 2026 [1;31mDL1C[0;m[1;31m <000e> l1ctl.c:141 FBSB RESP: result=255[0;m
[1;32mWed Sep 30 12:57:19 2026 [1;32mDMM[0;m[1;32m <0005> gsm48_mm.c:5058 (ms 1) Received 'MM_EVENT_NO_CELL_FOUND' event in state MM IDLE, no cell available[0;m
[1;32mWed Sep 30 12:57:19 2026 [1;33mDMM[0;m[1;32m <0005> gsm48_mm.c:5074 Message MM_EVENT_NO_CELL_FOUND unhandled in state MM idle.[0;m
[1;31mWed Sep 30 12:57:19 2026 [1;31mDL1C[0;m[1;31m <000e> l1ctl.c:141 FBSB RESP: result=255[0;m
[1;32mWed Sep 30 12:57:19 2026 [1;32mDMM[0;m[1;32m <0005> gsm48_mm.c:5058 (ms 1) Received 'MM_EVENT_NO_CELL_FOUND' event in state MM IDLE, no cell available[0;m
[1;32mWed Sep 30 12:57:19 2026 [1;33mDMM[0;m[1;32m <0005> gsm48_mm.c:5074 Message MM_EVENT_NO_CELL_FOUND unhandled in state MM idle.[0;m
[1;31mWed Sep 30 12:57:19 2026 [1;31mDL1C[0;m[1;31m <000e> l1ctl.c:141 FBSB RESP: result=255[0;m
[1;32mWed Sep 30 12:57:19 2026 [1;32mDMM[0;m[1;32m <0005> gsm48_mm.c:5058 (ms 1) Received 'MM_EVENT_NO_CELL_FOUND' event in state MM IDLE, no cell available[0;m
[1;32mWed Sep 30 12:57:19 2026 [1;33mDMM[0;m[1;32m <0005> gsm48_mm.c:5074 Message MM_EVENT_NO_CELL_FOUND unhandled in state MM idle.[0;m
[1;34mWed Sep 30 12:57:20 2026 [1;32mDRR[0;m[1;34m <0001> gsm322.c:2929 using DSC of 90[0;m
[1;34mWed Sep 30 12:57:20 2026 [1;32mDRR[0;m[1;34m <0001> sysinfo.c:947 New SYSTEM INFORMATION 3 (lai=001-01-1)[0;m
[1;34mWed Sep 30 12:57:20 2026 [1;33mDRR[0;m[1;34m <0001> gsm48_rr.c:2878 Changing CCCH_MODE to 2[0;m
[1;34mWed Sep 30 12:57:20 2026 [1;32mDRR[0;m[1;34m <0001> gsm48_rr.c:2910 New SYSTEM INFORMATION 4 (lai=001-01-1)[0;m
[1;34mWed Sep 30 12:57:20 2026 [1;33mDRR[0;m[1;34m <0001> sysinfo.c:860 Now updating previously received SYSTEM INFORMATION 4[0;m
[1;34mWed Sep 30 12:57:20 2026 [1;32mDRR[0;m[1;34m <0001> gsm48_rr.c:2758 New SYSTEM INFORMATION 1[0;m
[1;34mWed Sep 30 12:57:21 2026 [1;32mDRR[0;m[1;34m <0001> gsm48_rr.c:2787 New SYSTEM INFORMATION 2[0;m
[32mWed Sep 30 12:57:21 2026 [1;31mDPLMN[0;m[32m <0002> gsm322.c:810 not in manual mode, please fix![0;m
[1;34mWed Sep 30 12:57:21 2026 [1;32mDRR[0;m[1;34m <0001> gsm322.c:2929 using DSC of 90[0;m
[1;34mWed Sep 30 12:57:21 2026 [1;32mDRR[0;m[1;34m <0001> sysinfo.c:947 New SYSTEM INFORMATION 3 (lai=001-01-1)[0;m
[1;34mWed Sep 30 12:57:21 2026 [1;33mDRR[0;m[1;34m <0001> gsm48_rr.c:2878 Changing CCCH_MODE to 2[0;m
[1;34mWed Sep 30 12:57:21 2026 [1;32mDRR[0;m[1;34m <0001> gsm48_rr.c:2910 New SYSTEM INFORMATION 4 (lai=001-01-1)[0;m
[1;34mWed Sep 30 12:57:21 2026 [1;32mDRR[0;m[1;34m <0001> gsm48_rr.c:3100 New SYSTEM INFORMATION 13 (EGPRS, RAC 0x00, NCO 0, MNO 1)[0;m
[1;34mWed Sep 30 12:57:22 2026 [1;32mDRR[0;m[1;34m <0001> gsm48_rr.c:2787 New SYSTEM INFORMATION 2[0;m
[1;34mWed Sep 30 12:57:22 2026 [1;33mDRR[0;m[1;34m <0001> sysinfo.c:860 Now updating previously received SYSTEM INFORMATION 4[0;m
[1;34mWed Sep 30 12:57:22 2026 [1;32mDRR[0;m[1;34m <0001> gsm48_rr.c:2758 New SYSTEM INFORMATION 1[0;m
[1;32mWed Sep 30 12:57:22 2026 [1;32mDMM[0;m[1;32m <0005> gsm48_mm.c:5058 (ms 1) Received 'MM_EVENT_CELL_SELECTED' event in state MM IDLE, no cell available[0;m
[1;32mWed Sep 30 12:57:22 2026 [1;32mDMM[0;m[1;32m <0005> gsm48_mm.c:1051 new MM IDLE state no cell available -> location updating needed[0;m
[1;32mWed Sep 30 12:57:22 2026 [1;32mDMM[0;m[1;32m <0005> gsm48_mm.c:1051 new MM IDLE state location updating needed -> attempting to update[0;m
[1;32mWed Sep 30 12:57:22 2026 [1;32mDMM[0;m[1;32m <0005> gsm48_mm.c:524 starting T3212 (periodic loc. upd. delay) with 1800 seconds[0;m
[1;32mWed Sep 30 12:57:22 2026 [1;32mDMM[0;m[1;32m <0005> gsm48_mm.c:2500 Do normal Loc. upd.[0;m
[1;32mWed Sep 30 12:57:22 2026 [1;32mDMM[0;m[1;32m <0005> gsm48_mm.c:2550 LOCATION UPDATING REQUEST[0;m
[1;32mWed Sep 30 12:57:22 2026 [1;32mDMM[0;m[1;32m <0005> gsm48_mm.c:2571  using LAI=001-01-65534[0;m
[1;32mWed Sep 30 12:57:22 2026 [1;32mDMM[0;m[1;32m <0005> gsm48_mm.c:2582  using IMSI 001010001000001[0;m
[1;32mWed Sep 30 12:57:22 2026 [1;32mDMM[0;m[1;32m <0005> gsm48_mm.c:1056 new state MM IDLE, attempting to update -> wait for RR connection (location updating)[0;m
[1;34mWed Sep 30 12:57:22 2026 [1;32mDRR[0;m[1;34m <0001> gsm48_rr.c:7026 (ms 1) Message 'RR_EST_REQ' received in state idle (sapi 0)[0;m
[1;34mWed Sep 30 12:57:22 2026 [1;32mDRR[0;m[1;34m <0001> gsm48_rr.c:475 new state idle -> connection pending[0;m
[1;34mWed Sep 30 12:57:22 2026 [1;32mDRR[0;m[1;34m <0001> gsm48_rr.c:2420 CHANNEL REQUEST: 00 (Location Update with NECI)[0;m
[1;34mWed Sep 30 12:57:22 2026 [1;32mDRR[0;m[1;34m <0001> gsm322.c:2929 using DSC of 90[0;m
[1;34mWed Sep 30 12:57:22 2026 [1;32mDRR[0;m[1;34m <0001> gsm48_rr.c:835 MON: no cell info[0;m
[1;34mWed Sep 30 12:57:22 2026 [1;32mDRR[0;m[1;34m <0001> gsm48_rr.c:2557 RANDOM ACCESS (requests left 8)[0;m
[1;34mWed Sep 30 12:57:22 2026 [1;32mDRR[0;m[1;34m <0001> gsm48_rr.c:2613 RANDOM ACCESS (Tx-integer 12 combined yes S(lots) 0 ra 0x04)[0;m
[1;34mWed Sep 30 12:57:22 2026 [1;32mDRR[0;m[1;34m <0001> gsm48_rr.c:2649 Use MS-TXPWR-MAX-CCH power value 7 (16 dBm)[0;m
[1;34mWed Sep 30 12:57:23 2026 [1;32mDRR[0;m[1;34m <0001> gsm48_rr.c:2557 RANDOM ACCESS (requests left 7)[0;m
[1;34mWed Sep 30 12:57:23 2026 [1;32mDRR[0;m[1;34m <0001> gsm48_rr.c:2613 RANDOM ACCESS (Tx-integer 12 combined yes S(lots) 115 ra 0x06)[0;m
[1;34mWed Sep 30 12:57:23 2026 [1;32mDRR[0;m[1;34m <0001> gsm48_rr.c:2649 Use MS-TXPWR-MAX-CCH power value 7 (16 dBm)[0;m
[1;34mWed Sep 30 12:57:23 2026 [1;32mDRR[0;m[1;34m <0001> gsm48_rr.c:3443 IMMEDIATE ASSIGNMENT:[0;m
[1;34mWed Sep 30 12:57:23 2026 [1;32mDRR[0;m[1;34m <0001> gsm48_rr.c:3465  (ta 0/0m ra 0x04 chan_nr 0x41 ARFCN 514(DCS) TS 1 SS 0 TSC 7)[0;m
[1;34mWed Sep 30 12:57:23 2026 [1;32mDRR[0;m[1;34m <0001> gsm48_rr.c:3377 request 04 matches (fn=0,1,18)[0;m
[1;34mWed Sep 30 12:57:23 2026 [1;32mDRR[0;m[1;34m <0001> gsm48_rr.c:3495 resetting scheduler[0;m
[1;34mWed Sep 30 12:57:23 2026 [1;32mDRR[0;m[1;34m <0001> gsm48_rr.c:4261 sending establish message[0;m
[1;34mWed Sep 30 12:57:23 2026 [1;32mDRR[0;m[1;34m <0001> gsm48_rr.c:289 Using and incrementing V(SD) = 0 (pdisc 5)[0;m
[1;34mWed Sep 30 12:57:23 2026 [1;32mDRR[0;m[1;34m <0001> gsm48_rr.c:3992 setting indicated TA 0 (actual TA 0)[0;m
[1;34mWed Sep 30 12:57:23 2026 [1;32mDRR[0;m[1;34m <0001> gsm48_rr.c:4007 using last BCCH timeout 32[0;m
[1;34mWed Sep 30 12:57:23 2026 [1;32mDRR[0;m[1;34m <0001> gsm48_rr.c:1050 stopping pending timer T_meas[0;m
[1;34mWed Sep 30 12:57:23 2026 [1;32mDRR[0;m[1;34m <0001> gsm48_rr.c:3885 MEAS REP: pwr=7 TA=0 meas-invalid=1 rxlev-full=-110 rxlev-sub=-110 rxqual-full=0 rxqual-sub=0 dtx 0 ba 0 no-ncell-n 7[0;m
[1;34mWed Sep 30 12:57:23 2026 [1;32mDRR[0;m[1;34m <0001> gsm48_rr.c:4026 establishing channel in dedicated/group mode[0;m
[1;34mWed Sep 30 12:57:23 2026 [1;32mDRR[0;m[1;34m <0001> gsm48_rr.c:4035  Channel type 64, subch 0, ts 1, mode 0, audio-mode 0, flags 0x00, cipher 1[0;m
[1;31mWed Sep 30 12:57:23 2026 [1;33mDL1C[0;m[1;31m <000e> l1ctl.c:268 LOSS counter for ACCH 31[0;m
[1;31mWed Sep 30 12:57:23 2026 [1;33mDL1C[0;m[1;31m <000e> l1ctl.c:278 Dropping frame with 96 bit errors[0;m
[1;34mWed Sep 30 12:57:23 2026 [1;32mDRR[0;m[1;34m <0001> gsm48_rr.c:6317 DL SACCH indicates ta 0 (actual ta 0)[0;m
[1;34mWed Sep 30 12:57:23 2026 [1;32mDRR[0;m[1;34m <0001> gsm48_rr.c:6321 DL SACCH indicates tx_power 7[0;m
[1;34mWed Sep 30 12:57:23 2026 [1;32mDRR[0;m[1;34m <0001> gsm48_rr.c:3033 New SYSTEM INFORMATION 6 (lai=001-01-1 SACCH-timeout 32)[0;m
[1;34mWed Sep 30 12:57:23 2026 [1;32mDRR[0;m[1;34m <0001> gsm48_rr.c:3037 using (new) SACCH timeout 32[0;m
[1;34mWed Sep 30 12:57:23 2026 [1;32mDRR[0;m[1;34m <0001> gsm48_rr.c:475 new state connection pending -> dedicated[0;m
[1;32mWed Sep 30 12:57:23 2026 [1;32mDMM[0;m[1;32m <0005> gsm48_mm.c:4605 (ms 1) Received 'RR_EST_CNF' from RR in state wait for RR connection (location updating) (sapi 0)[0;m
[1;32mWed Sep 30 12:57:23 2026 [1;32mDMM[0;m[1;32m <0005> gsm48_mm.c:502 starting T3210 (loc. upd. timeout) with 20.0 seconds[0;m
[1;32mWed Sep 30 12:57:23 2026 [1;32mDMM[0;m[1;32m <0005> gsm48_mm.c:1066 new state wait for RR connection (location updating) -> location updating initiated[0;m
[1;32mWed Sep 30 12:57:24 2026 [1;32mDMM[0;m[1;32m <0005> gsm48_mm.c:4605 (ms 1) Received 'RR_DATA_IND' from RR in state location updating initiated (sapi 0)[0;m
[1;32mWed Sep 30 12:57:24 2026 [1;32mDMM[0;m[1;32m <0005> gsm48_mm.c:4818 (ms 1) Received 'MT_MM_ID_REQ' in MM state location updating initiated[0;m
[1;32mWed Sep 30 12:57:24 2026 [1;32mDMM[0;m[1;32m <0005> gsm48_mm.c:588 stopping pending (periodic loc. upd. delay) timer T3212[0;m
[1;32mWed Sep 30 12:57:24 2026 [1;32mDMM[0;m[1;32m <0005> gsm48_mm.c:1937 IDENTITY REQUEST (mi_type 3)[0;m
[1;32mWed Sep 30 12:57:24 2026 [1;32mDMM[0;m[1;32m <0005> gsm48_mm.c:1962 IDENTITY RESPONSE[0;m
[1;34mWed Sep 30 12:57:24 2026 [1;32mDRR[0;m[1;34m <0001> gsm48_rr.c:7026 (ms 1) Message 'RR_DATA_REQ' received in state dedicated (sapi 0)[0;m
[1;34mWed Sep 30 12:57:24 2026 [1;32mDRR[0;m[1;34m <0001> gsm48_rr.c:289 Using and incrementing V(SD) = 1 (pdisc 5)[0;m
[1;34mWed Sep 30 12:57:24 2026 [1;32mDRR[0;m[1;34m <0001> gsm48_rr.c:835 MON: f=514 lev=>=-47 snr=75 ber= 53 CGI=001-01-1-6001 TA=0 pwr=7 TS=1/0[0;m
[1;34mWed Sep 30 12:57:24 2026 [1;32mDRR[0;m[1;34m <0001> gsm48_rr.c:3885 MEAS REP: pwr=7 TA=0 meas-invalid=0 rxlev-full=-47 rxlev-sub=-47 rxqual-full=0 rxqual-sub=0 dtx 0 ba 0 no-ncell-n 7[0;m
[1;34mWed Sep 30 12:57:24 2026 [1;32mDRR[0;m[1;34m <0001> gsm48_rr.c:6317 DL SACCH indicates ta 0 (actual ta 0)[0;m
[1;34mWed Sep 30 12:57:24 2026 [1;32mDRR[0;m[1;34m <0001> gsm48_rr.c:6321 DL SACCH indicates tx_power 7[0;m
[1;34mWed Sep 30 12:57:24 2026 [1;32mDRR[0;m[1;34m <0001> gsm48_rr.c:2940 New SYSTEM INFORMATION 5[0;m
[1;34mWed Sep 30 12:57:24 2026 [1;33mDRR[0;m[1;34m <0001> gsm48_rr.c:2688 Complete set of SI5* for BA(1)[0;m
[1;34mWed Sep 30 12:57:24 2026 [1;33mDRR[0;m[1;34m <0001> gsm48_rr.c:2703 SI5/SI5bis report arfcn 614(DCS) (index 0)[0;m
[1;34mWed Sep 30 12:57:24 2026 [1;32mDRR[0;m[1;34m <0001> gsm48_rr.c:6317 DL SACCH indicates ta 0 (actual ta 0)[0;m
[1;34mWed Sep 30 12:57:24 2026 [1;32mDRR[0;m[1;34m <0001> gsm48_rr.c:6321 DL SACCH indicates tx_power 7[0;m
[1;32mWed Sep 30 12:57:25 2026 [1;32mDMM[0;m[1;32m <0005> gsm48_mm.c:4605 (ms 1) Received 'RR_DATA_IND' from RR in state location updating initiated (sapi 0)[0;m
[1;32mWed Sep 30 12:57:25 2026 [1;32mDMM[0;m[1;32m <0005> gsm48_mm.c:4818 (ms 1) Received 'MT_MM_AUTH_REQ' in MM state location updating initiated[0;m
[1;32mWed Sep 30 12:57:25 2026 [1;32mDMM[0;m[1;32m <0005> gsm48_mm.c:1833 AUTHENTICATION REQUEST (seq 0)[0;m
[1;32mWed Sep 30 12:57:25 2026 [1;32mDMM[0;m[1;32m <0005> subscriber.c:658 Sending authentication response[0;m
[1;32mWed Sep 30 12:57:25 2026 [1;32mDMM[0;m[1;32m <0005> gsm48_mm.c:5063 (ms 1) Received 'MM_EVENT_AUTH_RESPONSE' event in state location updating initiated[0;m
[1;32mWed Sep 30 12:57:25 2026 [1;32mDMM[0;m[1;32m <0005> gsm48_mm.c:1857 AUTHENTICATION RESPONSE[0;m
[1;34mWed Sep 30 12:57:25 2026 [1;32mDRR[0;m[1;34m <0001> gsm48_rr.c:7026 (ms 1) Message 'RR_DATA_REQ' received in state dedicated (sapi 0)[0;m
[1;34mWed Sep 30 12:57:25 2026 [1;32mDRR[0;m[1;34m <0001> gsm48_rr.c:289 Using and incrementing V(SD) = 0 (pdisc 5)[0;m
[1;34mWed Sep 30 12:57:25 2026 [1;32mDRR[0;m[1;34m <0001> gsm48_rr.c:6317 DL SACCH indicates ta 0 (actual ta 0)[0;m
[1;34mWed Sep 30 12:57:25 2026 [1;32mDRR[0;m[1;34m <0001> gsm48_rr.c:6321 DL SACCH indicates tx_power 7[0;m
[1;34mWed Sep 30 12:57:25 2026 [1;32mDRR[0;m[1;34m <0001> gsm48_rr.c:835 MON: f=514 lev=>=-47 snr=80 ber= 41 CGI=001-01-1-6001 TA=0 pwr=7 TS=1/0[0;m
[1;34mWed Sep 30 12:57:25 2026 [1;32mDRR[0;m[1;34m <0001> gsm48_rr.c:3885 MEAS REP: pwr=7 TA=0 meas-invalid=0 rxlev-full=-47 rxlev-sub=-47 rxqual-full=0 rxqual-sub=0 dtx 0 ba 1 no-ncell-n 0[0;m
[1;34mWed Sep 30 12:57:25 2026 [1;32mDRR[0;m[1;34m <0001> gsm48_rr.c:6317 DL SACCH indicates ta 0 (actual ta 0)[0;m
[1;34mWed Sep 30 12:57:25 2026 [1;32mDRR[0;m[1;34m <0001> gsm48_rr.c:6321 DL SACCH indicates tx_power 7[0;m
[1;34mWed Sep 30 12:57:26 2026 [1;32mDRR[0;m[1;34m <0001> gsm48_rr.c:1219 CIPHERING MODE COMMAND (sc=1, algo=A5/1 cr=1)[0;m
[1;34mWed Sep 30 12:57:26 2026 [1;32mDRR[0;m[1;34m <0001> gsm48_rr.c:1166 CIPHERING MODE COMPLETE (cr 1)[0;m
[1;32mWed Sep 30 12:57:26 2026 [1;32mDMM[0;m[1;32m <0005> gsm48_mm.c:4605 (ms 1) Received 'RR_SYNC_IND' from RR in state location updating initiated (sapi 0)[0;m
[1;32mWed Sep 30 12:57:26 2026 [1;33mDMM[0;m[1;32m <0005> gsm48_mm.c:4618 Message unhandled at this state.[0;m
[1;31mWed Sep 30 12:57:26 2026 [1;33mDL1C[0;m[1;31m <000e> l1ctl.c:268 LOSS counter for ACCH 31[0;m
[1;31mWed Sep 30 12:57:26 2026 [1;33mDL1C[0;m[1;31m <000e> l1ctl.c:278 Dropping frame with 84 bit errors[0;m
[1;31mWed Sep 30 12:57:26 2026 [1;33mDL1C[0;m[1;31m <000e> l1ctl.c:278 Dropping frame with 87 bit errors[0;m
[1;34mWed Sep 30 12:57:26 2026 [1;32mDRR[0;m[1;34m <0001> gsm48_rr.c:835 MON: f=514 lev=>=-47 snr=83 ber= 60 CGI=001-01-1-6001 TA=0 pwr=7 TS=1/0[0;m
[1;34mWed Sep 30 12:57:26 2026 [1;32mDRR[0;m[1;34m <0001> gsm48_rr.c:3885 MEAS REP: pwr=7 TA=0 meas-invalid=0 rxlev-full=-47 rxlev-sub=-47 rxqual-full=0 rxqual-sub=0 dtx 0 ba 1 no-ncell-n 0[0;m
[1;31mWed Sep 30 12:57:26 2026 [1;33mDL1C[0;m[1;31m <000e> l1ctl.c:278 Dropping frame with 77 bit errors[0;m
[1;34mWed Sep 30 12:57:26 2026 [1;32mDRR[0;m[1;34m <0001> gsm48_rr.c:6317 DL SACCH indicates ta 0 (actual ta 0)[0;m
[1;34mWed Sep 30 12:57:26 2026 [1;32mDRR[0;m[1;34m <0001> gsm48_rr.c:6321 DL SACCH indicates tx_power 8[0;m
[1;34mWed Sep 30 12:57:26 2026 [1;32mDRR[0;m[1;34m <0001> gsm48_rr.c:6325 Applying new ta and tx_power[0;m
[1;32mWed Sep 30 12:57:26 2026 [1;32mDMM[0;m[1;32m <0005> gsm48_mm.c:4605 (ms 1) Received 'RR_DATA_IND' from RR in state location updating initiated (sapi 0)[0;m
[1;32mWed Sep 30 12:57:26 2026 [1;32mDMM[0;m[1;32m <0005> gsm48_mm.c:4818 (ms 1) Received 'MT_MM_LOC_UPD_ACCEPT' in MM state location updating initiated[0;m
[1;32mWed Sep 30 12:57:26 2026 [1;32mDMM[0;m[1;32m <0005> gsm48_mm.c:570 stopping pending (loc. upd. timeout) timer T3210[0;m
[1;32mWed Sep 30 12:57:26 2026 [1;32mDMM[0;m[1;32m <0005> subscriber.c:233 (ms 1) new state U2_NOT_UPDATED -> U1_UPDATED[0;m
[1;32mWed Sep 30 12:57:26 2026 [1;32mDMM[0;m[1;32m <0005> subscriber.c:305 Updating LOCI on SIM[0;m
[1;32mWed Sep 30 12:57:26 2026 [1;33mDMM[0;m[1;32m <0005> subscriber.c:312 Updating LOCI on test SIM: not implemented![0;m
[1;32mWed Sep 30 12:57:26 2026 [1;32mDMM[0;m[1;32m <0005> gsm48_mm.c:2662 LOCATION UPDATING ACCEPT (lai=001-01-1)[0;m
[1;32mWed Sep 30 12:57:26 2026 [1;32mDMM[0;m[1;32m <0005> gsm48_mm.c:2685 got TMSI 0x03cdb407 (63812615)[0;m
[1;32mWed Sep 30 12:57:26 2026 [1;32mDMM[0;m[1;32m <0005> subscriber.c:305 Updating LOCI on SIM[0;m
[1;32mWed Sep 30 12:57:26 2026 [1;33mDMM[0;m[1;32m <0005> subscriber.c:312 Updating LOCI on test SIM: not implemented![0;m
[1;32mWed Sep 30 12:57:26 2026 [1;32mDMM[0;m[1;32m <0005> gsm48_mm.c:1745 TMSI REALLOCATION COMPLETE[0;m
[1;34mWed Sep 30 12:57:26 2026 [1;32mDRR[0;m[1;34m <0001> gsm48_rr.c:7026 (ms 1) Message 'RR_DATA_REQ' received in state dedicated (sapi 0)[0;m
[1;34mWed Sep 30 12:57:26 2026 [1;32mDRR[0;m[1;34m <0001> gsm48_rr.c:289 Using and incrementing V(SD) = 1 (pdisc 5)[0;m
[1;32mWed Sep 30 12:57:26 2026 [1;32mDMM[0;m[1;32m <0005> gsm48_mm.c:560 starting T3240 (RR release timeout) with 10.0 seconds[0;m
[1;32mWed Sep 30 12:57:26 2026 [1;32mDMM[0;m[1;32m <0005> gsm48_mm.c:1066 new state location updating initiated -> wait for network command[0;m
[32mWed Sep 30 12:57:26 2026 [1;33mDPLMN[0;m[32m <0002> gsm322.c:3783 Event EVENT_REG_SUCCESS unhandled in state A4 wait for PLMN to appear.[0;m
[1;34mWed Sep 30 12:57:27 2026 [1;32mDRR[0;m[1;34m <0001> gsm48_rr.c:6317 DL SACCH indicates ta 0 (actual ta 0)[0;m
[1;34mWed Sep 30 12:57:27 2026 [1;32mDRR[0;m[1;34m <0001> gsm48_rr.c:6321 DL SACCH indicates tx_power 8[0;m
[1;34mWed Sep 30 12:57:27 2026 [1;32mDRR[0;m[1;34m <0001> gsm48_rr.c:835 MON: f=514 lev=>=-47 snr=81 ber= 47 CGI=001-01-1-6001 TA=0 pwr=8 TS=1/0[0;m
[1;34mWed Sep 30 12:57:27 2026 [1;32mDRR[0;m[1;34m <0001> gsm48_rr.c:3885 MEAS REP: pwr=8 TA=0 meas-invalid=0 rxlev-full=-47 rxlev-sub=-47 rxqual-full=0 rxqual-sub=0 dtx 0 ba 1 no-ncell-n 0[0;m
[1;31mWed Sep 30 12:57:27 2026 [1;33mDL1C[0;m[1;31m <000e> l1ctl.c:268 LOSS counter for ACCH 31[0;m
[1;31mWed Sep 30 12:57:27 2026 [1;33mDL1C[0;m[1;31m <000e> l1ctl.c:278 Dropping frame with 91 bit errors[0;m
[1;34mWed Sep 30 12:57:27 2026 [1;32mDRR[0;m[1;34m <0001> gsm48_rr.c:4432 channel release request with cause 0x00[0;m
[1;34mWed Sep 30 12:57:27 2026 [1;32mDRR[0;m[1;34m <0001> gsm48_rr.c:475 new state dedicated -> release pending[0;m
[1;34mWed Sep 30 12:57:27 2026 [1;32mDRR[0;m[1;34m <0001> gsm48_rr.c:995 starting T3110 with 1.500 seconds[0;m
[1;31mWed Sep 30 12:57:28 2026 [1;33mDL1C[0;m[1;31m <000e> l1ctl.c:268 LOSS counter for ACCH 30[0;m
[1;31mWed Sep 30 12:57:28 2026 [1;33mDL1C[0;m[1;31m <000e> l1ctl.c:278 Dropping frame with 101 bit errors[0;m
[1;34mWed Sep 30 12:57:28 2026 [1;32mDRR[0;m[1;34m <0001> gsm48_rr.c:835 MON: f=514 lev=>=-47 snr=71 ber= 67 CGI=001-01-1-6001[0;m
[1;34mWed Sep 30 12:57:28 2026 [1;32mDRR[0;m[1;34m <0001> gsm48_rr.c:3885 MEAS REP: pwr=8 TA=0 meas-invalid=0 rxlev-full=-47 rxlev-sub=-47 rxqual-full=0 rxqual-sub=0 dtx 0 ba 1 no-ncell-n 0[0;m
[1;31mWed Sep 30 12:57:28 2026 [1;33mDL1C[0;m[1;31m <000e> l1ctl.c:268 LOSS counter for ACCH 29[0;m
[1;31mWed Sep 30 12:57:28 2026 [1;33mDL1C[0;m[1;31m <000e> l1ctl.c:278 Dropping frame with 105 bit errors[0;m
[1;34mWed Sep 30 12:57:28 2026 [1;32mDRR[0;m[1;34m <0001> gsm48_rr.c:1074 stopping pending timer T3110[0;m
[1;34mWed Sep 30 12:57:28 2026 [1;32mDRR[0;m[1;34m <0001> gsm48_rr.c:475 new state release pending -> idle[0;m
[1;34mWed Sep 30 12:57:28 2026 [1;32mDRR[0;m[1;34m <0001> gsm48_rr.c:498 Returning to IDLE mode.[0;m
[1;32mWed Sep 30 12:57:28 2026 [1;32mDMM[0;m[1;32m <0005> gsm48_mm.c:4605 (ms 1) Received 'RR_REL_IND' from RR in state wait for network command (sapi 0)[0;m
[1;32mWed Sep 30 12:57:28 2026 [1;32mDMM[0;m[1;32m <0005> gsm48_mm.c:624 stopping pending (RR release timeout) timer T3240[0;m
[1;32mWed Sep 30 12:57:28 2026 [1;32mDMM[0;m[1;32m <0005> gsm48_mm.c:1293 We are in registered LAI as returning to MM IDLE[0;m
[1;32mWed Sep 30 12:57:28 2026 [1;32mDMM[0;m[1;32m <0005> gsm48_mm.c:1061 new state wait for network command -> MM IDLE, normal service[0;m
[1;32mWed Sep 30 12:57:28 2026 [1;32mDMM[0;m[1;32m <0005> gsm48_mm.c:524 starting T3212 (periodic loc. upd. delay) with 1800 seconds[0;m
[1;32mWed Sep 30 12:57:28 2026 [1;32mDMM[0;m[1;32m <0005> gsm48_mm.c:5058 (ms 1) Received 'MM_EVENT_CELL_SELECTED' event in state MM IDLE, normal service[0;m
[1;32mWed Sep 30 12:57:28 2026 [1;32mDMM[0;m[1;32m <0005> gsm48_mm.c:2466 Loc. upd. not required.[0;m
[1;32mWed Sep 30 12:57:28 2026 [1;32mDMM[0;m[1;32m <0005> gsm48_mm.c:1051 new MM IDLE state normal service -> normal service[0;m
[32mWed Sep 30 12:57:28 2026 [1;33mDPLMN[0;m[32m <0002> gsm322.c:3783 Event EVENT_REG_SUCCESS unhandled in state A4 wait for PLMN to appear.[0;m
[1;31mWed Sep 30 12:57:28 2026 [1;31mDL1C[0;m[1;31m <000e> l1ctl.c:141 FBSB RESP: result=255[0;m
[1;34mWed Sep 30 12:57:28 2026 [1;32mDRR[0;m[1;34m <0001> gsm322.c:2929 using DSC of 90[0;m
[1;34mWed Sep 30 12:57:29 2026 [1;32mDRR[0;m[1;34m <0001> gsm322.c:2929 using DSC of 90[0;m
[1;34mWed Sep 30 12:57:29 2026 [1;32mDRR[0;m[1;34m <0001> gsm48_rr.c:3100 New SYSTEM INFORMATION 13 (EGPRS, RAC 0x00, NCO 0, MNO 1)[0;m
[1;34mWed Sep 30 12:57:29 2026 [1;32mDRR[0;m[1;34m <0001> gsm48_rr.c:2787 New SYSTEM INFORMATION 2[0;m
[1;34mWed Sep 30 12:57:29 2026 [1;32mDRR[0;m[1;34m <0001> sysinfo.c:947 New SYSTEM INFORMATION 3 (lai=001-01-1)[0;m
[1;34mWed Sep 30 12:57:29 2026 [1;33mDRR[0;m[1;34m <0001> gsm48_rr.c:2878 Changing CCCH_MODE to 2[0;m
[1;31mWed Sep 30 12:57:29 2026 [1;31mDL1C[0;m[1;31m <000e> l1ctl.c:141 FBSB RESP: result=255[0;m
[1;34mWed Sep 30 12:57:30 2026 [1;32mDRR[0;m[1;34m <0001> gsm322.c:2929 using DSC of 90[0;m
[1;34mWed Sep 30 12:57:30 2026 [1;32mDRR[0;m[1;34m <0001> gsm48_rr.c:835 MON: f=514 lev=>=-47 snr=83 ber= 37 CGI=001-01-1-6001[0;m
[1;34mWed Sep 30 12:57:31 2026 [1;32mDRR[0;m[1;34m <0001> gsm48_rr.c:835 MON: f=514 lev=>=-47 snr=83 ber= 49 CGI=001-01-1-6001[0;m
[1;34mWed Sep 30 12:57:32 2026 [1;32mDRR[0;m[1;34m <0001> gsm48_rr.c:835 MON: f=514 lev=>=-47 snr=83 ber= 47 CGI=001-01-1-6001[0;m
[1;34mWed Sep 30 12:57:33 2026 [1;32mDRR[0;m[1;34m <0001> gsm48_rr.c:835 MON: f=514 lev=>=-47 snr=83 ber= 48 CGI=001-01-1-6001[0;m
[1;34mWed Sep 30 12:57:34 2026 [1;32mDRR[0;m[1;34m <0001> gsm48_rr.c:835 MON: f=514 lev=>=-47 snr=83 ber= 46 CGI=001-01-1-6001[0;m
[1;34mWed Sep 30 12:57:35 2026 [1;32mDRR[0;m[1;34m <0001> gsm48_rr.c:835 MON: f=514 lev=>=-47 snr=83 ber= 49 CGI=001-01-1-6001[0;m
[1;34mWed Sep 30 12:57:36 2026 [1;32mDRR[0;m[1;34m <0001> gsm48_rr.c:835 MON: f=514 lev=>=-47 snr=83 ber= 47 CGI=001-01-1-6001[0;m
[1;34mWed Sep 30 12:57:37 2026 [1;32mDRR[0;m[1;34m <0001> gsm48_rr.c:835 MON: f=514 lev=>=-47 snr=83 ber= 48 CGI=001-01-1-6001[0;m
[1;34mWed Sep 30 12:57:38 2026 [1;32mDRR[0;m[1;34m <0001> gsm48_rr.c:835 MON: f=514 lev=>=-47 snr=83 ber= 47 CGI=001-01-1-6001[0;m
[1;34mWed Sep 30 12:57:39 2026 [1;32mDRR[0;m[1;34m <0001> gsm48_rr.c:835 MON: f=514 lev=>=-47 snr=83 ber= 49 CGI=001-01-1-6001[0;m
[1;34mWed Sep 30 12:57:40 2026 [1;32mDRR[0;m[1;34m <0001> gsm48_rr.c:835 MON: f=514 lev=>=-47 snr=83 ber= 47 CGI=001-01-1-6001[0;m
[1;34mWed Sep 30 12:57:41 2026 [1;32mDRR[0;m[1;34m <0001> gsm48_rr.c:835 MON: f=514 lev=>=-47 snr=83 ber= 48 CGI=001-01-1-6001[0;m
[1;34mWed Sep 30 12:57:42 2026 [1;32mDRR[0;m[1;34m <0001> gsm48_rr.c:835 MON: f=514 lev=>=-47 snr=83 ber= 47 CGI=001-01-1-6001[0;m
[1;34mWed Sep 30 12:57:43 2026 [1;32mDRR[0;m[1;34m <0001> gsm48_rr.c:835 MON: f=514 lev=>=-47 snr=83 ber= 49 CGI=001-01-1-6001[0;m
[1;34mWed Sep 30 12:57:44 2026 [1;32mDRR[0;m[1;34m <0001> gsm48_rr.c:835 MON: f=514 lev=>=-47 snr=83 ber= 47 CGI=001-01-1-6001[0;m
[1;34mWed Sep 30 12:57:45 2026 [1;32mDRR[0;m[1;34m <0001> gsm48_rr.c:835 MON: f=514 lev=>=-47 snr=83 ber= 48 CGI=001-01-1-6001[0;m
[1;34mWed Sep 30 12:57:46 2026 [1;32mDRR[0;m[1;34m <0001> gsm48_rr.c:835 MON: f=514 lev=>=-47 snr=83 ber= 47 CGI=001-01-1-6001[0;m
[1;34mWed Sep 30 12:57:47 2026 [1;32mDRR[0;m[1;34m <0001> gsm48_rr.c:835 MON: f=514 lev=>=-47 snr=83 ber= 48 CGI=001-01-1-6001[0;m
[1;34mWed Sep 30 12:57:48 2026 [1;32mDRR[0;m[1;34m <0001> gsm48_rr.c:835 MON: f=514 lev=>=-47 snr=83 ber= 48 CGI=001-01-1-6001[0;m
[1;34mWed Sep 30 12:57:49 2026 [1;32mDRR[0;m[1;34m <0001> gsm48_rr.c:835 MON: f=514 lev=>=-47 snr=83 ber= 47 CGI=001-01-1-6001[0;m
[1;34mWed Sep 30 12:57:50 2026 [1;32mDRR[0;m[1;34m <0001> gsm48_rr.c:835 MON: f=514 lev=>=-47 snr=83 ber= 47 CGI=001-01-1-6001[0;m
[1;34mWed Sep 30 12:57:51 2026 [1;32mDRR[0;m[1;34m <0001> gsm48_rr.c:835 MON: f=514 lev=>=-47 snr=83 ber= 48 CGI=001-01-1-6001[0;m
[1;34mWed Sep 30 12:57:52 2026 [1;32mDRR[0;m[1;34m <0001> gsm48_rr.c:835 MON: f=514 lev=>=-47 snr=83 ber= 48 CGI=001-01-1-6001[0;m
[1;34mWed Sep 30 12:57:53 2026 [1;32mDRR[0;m[1;34m <0001> gsm48_rr.c:835 MON: f=514 lev=>=-47 snr=83 ber= 47 CGI=001-01-1-6001[0;m
[1;34mWed Sep 30 12:57:54 2026 [1;32mDRR[0;m[1;34m <0001> gsm48_rr.c:835 MON: f=514 lev=>=-47 snr=83 ber= 48 CGI=001-01-1-6001[0;m
[1;34mWed Sep 30 12:57:55 2026 [1;32mDRR[0;m[1;34m <0001> gsm48_rr.c:835 MON: f=514 lev=>=-47 snr=83 ber= 48 CGI=001-01-1-6001[0;m
[1;34mWed Sep 30 12:57:56 2026 [1;32mDRR[0;m[1;34m <0001> gsm48_rr.c:835 MON: f=514 lev=>=-47 snr=83 ber= 48 CGI=001-01-1-6001[0;m
[1;34mWed Sep 30 12:57:57 2026 [1;32mDRR[0;m[1;34m <0001> gsm48_rr.c:835 MON: f=514 lev=>=-47 snr=83 ber= 47 CGI=001-01-1-6001[0;m
[1;34mWed Sep 30 12:57:58 2026 [1;32mDRR[0;m[1;34m <0001> gsm48_rr.c:835 MON: f=514 lev=>=-47 snr=83 ber= 48 CGI=001-01-1-6001[0;m
[1;34mWed Sep 30 12:57:59 2026 [1;32mDRR[0;m[1;34m <0001> gsm48_rr.c:835 MON: f=514 lev=>=-47 snr=83 ber= 48 CGI=001-01-1-6001[0;m
[1;34mWed Sep 30 12:58:00 2026 [1;32mDRR[0;m[1;34m <0001> gsm48_rr.c:835 MON: f=514 lev=>=-47 snr=83 ber= 48 CGI=001-01-1-6001[0;m
[1;34mWed Sep 30 12:58:01 2026 [1;32mDRR[0;m[1;34m <0001> gsm48_rr.c:835 MON: f=514 lev=>=-47 snr=83 ber= 47 CGI=001-01-1-6001[0;m
[1;34mWed Sep 30 12:58:02 2026 [1;32mDRR[0;m[1;34m <0001> gsm48_rr.c:835 MON: f=514 lev=>=-47 snr=83 ber= 47 CGI=001-01-1-6001[0;m
[1;34mWed Sep 30 12:58:03 2026 [1;32mDRR[0;m[1;34m <0001> gsm48_rr.c:835 MON: f=514 lev=>=-47 snr=83 ber= 49 CGI=001-01-1-6001[0;m
[1;34mWed Sep 30 12:58:04 2026 [1;32mDRR[0;m[1;34m <0001> gsm48_rr.c:835 MON: f=514 lev=>=-47 snr=83 ber= 47 CGI=001-01-1-6001[0;m
[1;34mWed Sep 30 12:58:05 2026 [1;32mDRR[0;m[1;34m <0001> gsm48_rr.c:835 MON: f=514 lev=>=-47 snr=83 ber= 48 CGI=001-01-1-6001[0;m
[1;34mWed Sep 30 12:58:06 2026 [1;32mDRR[0;m[1;34m <0001> gsm48_rr.c:835 MON: f=514 lev=>=-47 snr=83 ber= 46 CGI=001-01-1-6001[0;m
[1;34mWed Sep 30 12:58:07 2026 [1;32mDRR[0;m[1;34m <0001> gsm48_rr.c:835 MON: f=514 lev=>=-47 snr=83 ber= 49 CGI=001-01-1-6001[0;m
[1;34mWed Sep 30 12:58:08 2026 [1;32mDRR[0;m[1;34m <0001> gsm48_rr.c:835 MON: f=514 lev=>=-47 snr=83 ber= 47 CGI=001-01-1-6001[0;m
[1;34mWed Sep 30 12:58:09 2026 [1;32mDRR[0;m[1;34m <0001> gsm48_rr.c:835 MON: f=514 lev=>=-47 snr=83 ber= 48 CGI=001-01-1-6001[0;m
[1;34mWed Sep 30 12:58:10 2026 [1;32mDRR[0;m[1;34m <0001> gsm48_rr.c:835 MON: f=514 lev=>=-47 snr=83 ber= 47 CGI=001-01-1-6001[0;m
[1;34mWed Sep 30 12:58:11 2026 [1;32mDRR[0;m[1;34m <0001> gsm48_rr.c:835 MON: f=514 lev=>=-47 snr=83 ber= 49 CGI=001-01-1-6001[0;m
[1;34mWed Sep 30 12:58:12 2026 [1;32mDRR[0;m[1;34m <0001> gsm48_rr.c:835 MON: f=514 lev=>=-47 snr=83 ber= 47 CGI=001-01-1-6001[0;m
[1;34mWed Sep 30 12:58:13 2026 [1;32mDRR[0;m[1;34m <0001> gsm48_rr.c:835 MON: f=514 lev=>=-47 snr=83 ber= 48 CGI=001-01-1-6001[0;m
[1;34mWed Sep 30 12:58:14 2026 [1;32mDRR[0;m[1;34m <0001> gsm48_rr.c:835 MON: f=514 lev=>=-47 snr=83 ber= 47 CGI=001-01-1-6001[0;m
[1;34mWed Sep 30 12:58:15 2026 [1;32mDRR[0;m[1;34m <0001> gsm48_rr.c:835 MON: f=514 lev=>=-47 snr=83 ber= 49 CGI=001-01-1-6001[0;m
[1;34mWed Sep 30 12:58:16 2026 [1;32mDRR[0;m[1;34m <0001> gsm48_rr.c:835 MON: f=514 lev=>=-47 snr=83 ber= 47 CGI=001-01-1-6001[0;m
[1;34mWed Sep 30 12:58:17 2026 [1;32mDRR[0;m[1;34m <0001> gsm48_rr.c:835 MON: f=514 lev=>=-47 snr=83 ber= 48 CGI=001-01-1-6001[0;m
[1;34mWed Sep 30 12:58:18 2026 [1;32mDRR[0;m[1;34m <0001> gsm48_rr.c:835 MON: f=514 lev=>=-47 snr=83 ber= 47 CGI=001-01-1-6001[0;m
[1;34mWed Sep 30 12:58:19 2026 [1;32mDRR[0;m[1;34m <0001> gsm48_rr.c:835 MON: f=514 lev=>=-47 snr=83 ber= 48 CGI=001-01-1-6001[0;m
[1;34mWed Sep 30 12:58:20 2026 [1;32mDRR[0;m[1;34m <0001> gsm48_rr.c:835 MON: f=514 lev=>=-47 snr=83 ber= 48 CGI=001-01-1-6001[0;m
[1;34mWed Sep 30 12:58:21 2026 [1;32mDRR[0;m[1;34m <0001> gsm48_rr.c:835 MON: f=514 lev=>=-47 snr=83 ber= 47 CGI=001-01-1-6001[0;m
[1;34mWed Sep 30 12:58:22 2026 [1;32mDRR[0;m[1;34m <0001> gsm48_rr.c:835 MON: f=514 lev=>=-47 snr=83 ber= 47 CGI=001-01-1-6001[0;m
[1;34mWed Sep 30 12:58:23 2026 [1;32mDRR[0;m[1;34m <0001> gsm48_rr.c:835 MON: f=514 lev=>=-47 snr=83 ber= 48 CGI=001-01-1-6001[0;m
[1;34mWed Sep 30 12:58:24 2026 [1;32mDRR[0;m[1;34m <0001> gsm48_rr.c:835 MON: f=514 lev=>=-47 snr=83 ber= 48 CGI=001-01-1-6001[0;m
[1;34mWed Sep 30 12:58:25 2026 [1;32mDRR[0;m[1;34m <0001> gsm48_rr.c:835 MON: f=514 lev=>=-47 snr=83 ber= 47 CGI=001-01-1-6001[0;m
[1;34mWed Sep 30 12:58:26 2026 [1;32mDRR[0;m[1;34m <0001> gsm48_rr.c:835 MON: f=514 lev=>=-47 snr=83 ber= 48 CGI=001-01-1-6001[0;m
[1;34mWed Sep 30 12:58:27 2026 [1;32mDRR[0;m[1;34m <0001> gsm48_rr.c:835 MON: f=514 lev=>=-47 snr=83 ber= 48 CGI=001-01-1-6001[0;m
[1;34mWed Sep 30 12:58:28 2026 [1;32mDRR[0;m[1;34m <0001> gsm48_rr.c:835 MON: f=514 lev=>=-47 snr=83 ber= 48 CGI=001-01-1-6001[0;m
[1;34mWed Sep 30 12:58:29 2026 [1;32mDRR[0;m[1;34m <0001> gsm48_rr.c:835 MON: f=514 lev=>=-47 snr=83 ber= 47 CGI=001-01-1-6001[0;m
[1;34mWed Sep 30 12:58:30 2026 [1;32mDRR[0;m[1;34m <0001> gsm48_rr.c:835 MON: f=514 lev=>=-47 snr=83 ber= 48 CGI=001-01-1-6001[0;m
[1;34mWed Sep 30 12:58:31 2026 [1;32mDRR[0;m[1;34m <0001> gsm48_rr.c:835 MON: f=514 lev=>=-47 snr=83 ber= 48 CGI=001-01-1-6001[0;m
[1;34mWed Sep 30 12:58:32 2026 [1;32mDRR[0;m[1;34m <0001> gsm48_rr.c:835 MON: f=514 lev=>=-47 snr=83 ber= 48 CGI=001-01-1-6001[0;m
[1;34mWed Sep 30 12:58:33 2026 [1;32mDRR[0;m[1;34m <0001> gsm48_rr.c:835 MON: f=514 lev=>=-47 snr=83 ber= 47 CGI=001-01-1-6001[0;m
[1;34mWed Sep 30 12:58:34 2026 [1;32mDRR[0;m[1;34m <0001> gsm48_rr.c:835 MON: f=514 lev=>=-47 snr=83 ber= 47 CGI=001-01-1-6001[0;m
[1;34mWed Sep 30 12:58:35 2026 [1;32mDRR[0;m[1;34m <0001> gsm48_rr.c:835 MON: f=514 lev=>=-47 snr=83 ber= 49 CGI=001-01-1-6001[0;m
[1;34mWed Sep 30 12:58:36 2026 [1;32mDRR[0;m[1;34m <0001> gsm48_rr.c:835 MON: f=514 lev=>=-47 snr=83 ber= 47 CGI=001-01-1-6001[0;m
[1;34mWed Sep 30 12:58:37 2026 [1;32mDRR[0;m[1;34m <0001> gsm48_rr.c:835 MON: f=514 lev=>=-47 snr=83 ber= 48 CGI=001-01-1-6001[0;m
[1;34mWed Sep 30 12:58:38 2026 [1;32mDRR[0;m[1;34m <0001> gsm48_rr.c:835 MON: f=514 lev=>=-47 snr=83 ber= 46 CGI=001-01-1-6001[0;m
[1;34mWed Sep 30 12:58:39 2026 [1;32mDRR[0;m[1;34m <0001> gsm48_rr.c:835 MON: f=514 lev=>=-47 snr=83 ber= 49 CGI=001-01-1-6001[0;m
[1;34mWed Sep 30 12:58:40 2026 [1;32mDRR[0;m[1;34m <0001> gsm48_rr.c:835 MON: f=514 lev=>=-47 snr=83 ber= 47 CGI=001-01-1-6001[0;m
[1;34mWed Sep 30 12:58:41 2026 [1;32mDRR[0;m[1;34m <0001> gsm48_rr.c:835 MON: f=514 lev=>=-47 snr=83 ber= 48 CGI=001-01-1-6001[0;m
[1;34mWed Sep 30 12:58:42 2026 [1;32mDRR[0;m[1;34m <0001> gsm48_rr.c:835 MON: f=514 lev=>=-47 snr=83 ber= 47 CGI=001-01-1-6001[0;m
[1;34mWed Sep 30 12:58:43 2026 [1;32mDRR[0;m[1;34m <0001> gsm48_rr.c:835 MON: f=514 lev=>=-47 snr=83 ber= 49 CGI=001-01-1-6001[0;m
[1;34mWed Sep 30 12:58:44 2026 [1;32mDRR[0;m[1;34m <0001> gsm48_rr.c:835 MON: f=514 lev=>=-47 snr=83 ber= 47 CGI=001-01-1-6001[0;m
[1;34mWed Sep 30 12:58:45 2026 [1;32mDRR[0;m[1;34m <0001> gsm48_rr.c:835 MON: f=514 lev=>=-47 snr=83 ber= 48 CGI=001-01-1-6001[0;m
[1;34mWed Sep 30 12:58:46 2026 [1;32mDRR[0;m[1;34m <0001> gsm48_rr.c:835 MON: f=514 lev=>=-47 snr=83 ber= 47 CGI=001-01-1-6001[0;m
[1;34mWed Sep 30 12:58:47 2026 [1;32mDRR[0;m[1;34m <0001> gsm48_rr.c:835 MON: f=514 lev=>=-47 snr=83 ber= 49 CGI=001-01-1-6001[0;m
[1;34mWed Sep 30 12:58:48 2026 [1;32mDRR[0;m[1;34m <0001> gsm48_rr.c:835 MON: f=514 lev=>=-47 snr=83 ber= 47 CGI=001-01-1-6001[0;m
[1;34mWed Sep 30 12:58:49 2026 [1;32mDRR[0;m[1;34m <0001> gsm48_rr.c:835 MON: f=514 lev=>=-47 snr=83 ber= 48 CGI=001-01-1-6001[0;m
[1;34mWed Sep 30 12:58:50 2026 [1;32mDRR[0;m[1;34m <0001> gsm48_rr.c:835 MON: f=514 lev=>=-47 snr=83 ber= 47 CGI=001-01-1-6001[0;m
[1;34mWed Sep 30 12:58:51 2026 [1;32mDRR[0;m[1;34m <0001> gsm48_rr.c:835 MON: f=514 lev=>=-47 snr=83 ber= 48 CGI=001-01-1-6001[0;m
[1;34mWed Sep 30 12:58:52 2026 [1;32mDRR[0;m[1;34m <0001> gsm48_rr.c:835 MON: f=514 lev=>=-47 snr=83 ber= 48 CGI=001-01-1-6001[0;m
[1;34mWed Sep 30 12:58:53 2026 [1;32mDRR[0;m[1;34m <0001> gsm48_rr.c:835 MON: f=514 lev=>=-47 snr=83 ber= 47 CGI=001-01-1-6001[0;m
[1;34mWed Sep 30 12:58:54 2026 [1;32mDRR[0;m[1;34m <0001> gsm48_rr.c:835 MON: f=514 lev=>=-47 snr=83 ber= 47 CGI=001-01-1-6001[0;m
[1;34mWed Sep 30 12:58:55 2026 [1;32mDRR[0;m[1;34m <0001> gsm48_rr.c:835 MON: f=514 lev=>=-47 snr=83 ber= 47 CGI=001-01-1-6001[0;m
[1;34mWed Sep 30 12:58:56 2026 [1;32mDRR[0;m[1;34m <0001> gsm48_rr.c:835 MON: no cell info[0;m
[1;34mWed Sep 30 12:58:57 2026 [1;32mDRR[0;m[1;34m <0001> gsm48_rr.c:835 MON: no cell info[0;m
[1;31mWed Sep 30 12:58:57 2026 [1;33mDL1C[0;m[1;31m <000e> l1ctl.c:278 Dropping frame with 81 bit errors[0;m
[1;31mWed Sep 30 12:58:58 2026 [1;33mDL1C[0;m[1;31m <000e> l1ctl.c:278 Dropping frame with 108 bit errors[0;m
[1;31mWed Sep 30 12:58:58 2026 [1;33mDL1C[0;m[1;31m <000e> l1ctl.c:278 Dropping frame with 0 bit errors[0;m
[1;31mWed Sep 30 12:58:58 2026 [1;33mDL1C[0;m[1;31m <000e> l1ctl.c:278 Dropping frame with 0 bit errors[0;m
[1;31mWed Sep 30 12:58:58 2026 [1;33mDL1C[0;m[1;31m <000e> l1ctl.c:278 Dropping frame with 0 bit errors[0;m
[1;31mWed Sep 30 12:58:58 2026 [1;33mDL1C[0;m[1;31m <000e> l1ctl.c:278 Dropping frame with 0 bit errors[0;m
[1;31mWed Sep 30 12:58:58 2026 [1;33mDL1C[0;m[1;31m <000e> l1ctl.c:278 Dropping frame with 0 bit errors[0;m
[1;31mWed Sep 30 12:58:58 2026 [1;33mDL1C[0;m[1;31m <000e> l1ctl.c:278 Dropping frame with 0 bit errors[0;m
[1;34mWed Sep 30 12:58:58 2026 [1;32mDRR[0;m[1;34m <0001> gsm48_rr.c:835 MON: f=514 lev=-91 snr=23 ber= 27 CGI=001-01-1-6001[0;m
[1;31mWed Sep 30 12:58:58 2026 [1;33mDL1C[0;m[1;31m <000e> l1ctl.c:278 Dropping frame with 0 bit errors[0;m
[1;31mWed Sep 30 12:58:58 2026 [1;33mDL1C[0;m[1;31m <000e> l1ctl.c:278 Dropping frame with 0 bit errors[0;m
[1;31mWed Sep 30 12:58:58 2026 [1;33mDL1C[0;m[1;31m <000e> l1ctl.c:278 Dropping frame with 0 bit errors[0;m
[1;31mWed Sep 30 12:58:58 2026 [1;33mDL1C[0;m[1;31m <000e> l1ctl.c:278 Dropping frame with 0 bit errors[0;m
[1;31mWed Sep 30 12:58:58 2026 [1;33mDL1C[0;m[1;31m <000e> l1ctl.c:278 Dropping frame with 0 bit errors[0;m
[1;31mWed Sep 30 12:58:58 2026 [1;33mDL1C[0;m[1;31m <000e> l1ctl.c:278 Dropping frame with 0 bit errors[0;m
[1;31mWed Sep 30 12:58:58 2026 [1;33mDL1C[0;m[1;31m <000e> l1ctl.c:278 Dropping frame with 0 bit errors[0;m
[1;31mWed Sep 30 12:58:58 2026 [1;33mDL1C[0;m[1;31m <000e> l1ctl.c:278 Dropping frame with 0 bit errors[0;m
[1;31mWed Sep 30 12:58:58 2026 [1;33mDL1C[0;m[1;31m <000e> l1ctl.c:278 Dropping frame with 0 bit errors[0;m
[1;31mWed Sep 30 12:58:59 2026 [1;33mDL1C[0;m[1;31m <000e> l1ctl.c:278 Dropping frame with 0 bit errors[0;m
[1;31mWed Sep 30 12:58:59 2026 [1;33mDL1C[0;m[1;31m <000e> l1ctl.c:278 Dropping frame with 0 bit errors[0;m
[1;31mWed Sep 30 12:58:59 2026 [1;33mDL1C[0;m[1;31m <000e> l1ctl.c:278 Dropping frame with 0 bit errors[0;m
[1;31mWed Sep 30 12:58:59 2026 [1;33mDL1C[0;m[1;31m <000e> l1ctl.c:278 Dropping frame with 0 bit errors[0;m
[1;31mWed Sep 30 12:58:59 2026 [1;33mDL1C[0;m[1;31m <000e> l1ctl.c:278 Dropping frame with 0 bit errors[0;m
[1;31mWed Sep 30 12:58:59 2026 [1;33mDL1C[0;m[1;31m <000e> l1ctl.c:278 Dropping frame with 0 bit errors[0;m
[1;31mWed Sep 30 12:58:59 2026 [1;33mDL1C[0;m[1;31m <000e> l1ctl.c:278 Dropping frame with 0 bit errors[0;m
[1;31mWed Sep 30 12:58:59 2026 [1;33mDL1C[0;m[1;31m <000e> l1ctl.c:278 Dropping frame with 0 bit errors[0;m
[1;34mWed Sep 30 12:58:59 2026 [1;32mDRR[0;m[1;34m <0001> gsm48_rr.c:835 MON: f=514 lev=<=-110 snr= 0 ber=  0 CGI=001-01-1-6001[0;m
[1;34mWed Sep 30 12:59:00 2026 [1;32mDRR[0;m[1;34m <0001> gsm48_rr.c:835 MON: f=514 lev=>=-47 snr=83 ber= 47 CGI=001-01-1-6001[0;m
[1;34mWed Sep 30 12:59:01 2026 [1;32mDRR[0;m[1;34m <0001> gsm48_rr.c:835 MON: f=514 lev=>=-47 snr=83 ber= 47 CGI=001-01-1-6001[0;m
[1;34mWed Sep 30 12:59:02 2026 [1;32mDRR[0;m[1;34m <0001> gsm48_rr.c:835 MON: f=514 lev=>=-47 snr=83 ber= 49 CGI=001-01-1-6001[0;m
[1;34mWed Sep 30 12:59:03 2026 [1;32mDRR[0;m[1;34m <0001> gsm48_rr.c:835 MON: f=514 lev=>=-47 snr=83 ber= 48 CGI=001-01-1-6001[0;m
[1;34mWed Sep 30 12:59:04 2026 [1;32mDRR[0;m[1;34m <0001> gsm48_rr.c:835 MON: f=514 lev=>=-47 snr=83 ber= 48 CGI=001-01-1-6001[0;m
[1;34mWed Sep 30 12:59:05 2026 [1;32mDRR[0;m[1;34m <0001> gsm48_rr.c:835 MON: f=514 lev=>=-47 snr=83 ber= 46 CGI=001-01-1-6001[0;m
[1;34mWed Sep 30 12:59:06 2026 [1;32mDRR[0;m[1;34m <0001> gsm48_rr.c:835 MON: f=514 lev=>=-47 snr=83 ber= 49 CGI=001-01-1-6001[0;m
[1;34mWed Sep 30 12:59:07 2026 [1;32mDRR[0;m[1;34m <0001> gsm48_rr.c:835 MON: f=514 lev=>=-47 snr=83 ber= 48 CGI=001-01-1-6001[0;m
[1;34mWed Sep 30 12:59:08 2026 [1;32mDRR[0;m[1;34m <0001> gsm48_rr.c:835 MON: f=514 lev=>=-47 snr=83 ber= 48 CGI=001-01-1-6001[0;m
[1;34mWed Sep 30 12:59:09 2026 [1;32mDRR[0;m[1;34m <0001> gsm48_rr.c:835 MON: f=514 lev=>=-47 snr=83 ber= 47 CGI=001-01-1-6001[0;m
[1;34mWed Sep 30 12:59:10 2026 [1;32mDRR[0;m[1;34m <0001> gsm48_rr.c:835 MON: f=514 lev=>=-47 snr=83 ber= 49 CGI=001-01-1-6001[0;m
[1;34mWed Sep 30 12:59:11 2026 [1;32mDRR[0;m[1;34m <0001> gsm48_rr.c:835 MON: f=514 lev=>=-47 snr=83 ber= 47 CGI=001-01-1-6001[0;m
[1;34mWed Sep 30 12:59:12 2026 [1;32mDRR[0;m[1;34m <0001> gsm48_rr.c:835 MON: f=514 lev=>=-47 snr=83 ber= 48 CGI=001-01-1-6001[0;m
[1;34mWed Sep 30 12:59:13 2026 [1;32mDRR[0;m[1;34m <0001> gsm48_rr.c:835 MON: f=514 lev=>=-47 snr=83 ber= 47 CGI=001-01-1-6001[0;m
[1;34mWed Sep 30 12:59:14 2026 [1;32mDRR[0;m[1;34m <0001> gsm48_rr.c:835 MON: f=514 lev=>=-47 snr=83 ber= 49 CGI=001-01-1-6001[0;m
[1;34mWed Sep 30 12:59:15 2026 [1;32mDRR[0;m[1;34m <0001> gsm48_rr.c:835 MON: f=514 lev=>=-47 snr=83 ber= 47 CGI=001-01-1-6001[0;m
[1;34mWed Sep 30 12:59:16 2026 [1;32mDRR[0;m[1;34m <0001> gsm48_rr.c:835 MON: f=514 lev=>=-47 snr=83 ber= 48 CGI=001-01-1-6001[0;m
[1;34mWed Sep 30 12:59:17 2026 [1;32mDRR[0;m[1;34m <0001> gsm48_rr.c:835 MON: f=514 lev=>=-47 snr=83 ber= 47 CGI=001-01-1-6001[0;m
[1;34mWed Sep 30 12:59:18 2026 [1;32mDRR[0;m[1;34m <0001> gsm48_rr.c:835 MON: f=514 lev=>=-47 snr=83 ber= 48 CGI=001-01-1-6001[0;m
[1;34mWed Sep 30 12:59:19 2026 [1;32mDRR[0;m[1;34m <0001> gsm48_rr.c:835 MON: f=514 lev=>=-47 snr=83 ber= 48 CGI=001-01-1-6001[0;m
[1;34mWed Sep 30 12:59:20 2026 [1;32mDRR[0;m[1;34m <0001> gsm48_rr.c:835 MON: f=514 lev=>=-47 snr=83 ber= 47 CGI=001-01-1-6001[0;m
[1;34mWed Sep 30 12:59:21 2026 [1;32mDRR[0;m[1;34m <0001> gsm48_rr.c:835 MON: f=514 lev=>=-47 snr=83 ber= 47 CGI=001-01-1-6001[0;m
[1;34mWed Sep 30 12:59:22 2026 [1;32mDRR[0;m[1;34m <0001> gsm48_rr.c:835 MON: f=514 lev=>=-47 snr=83 ber= 48 CGI=001-01-1-6001[0;m
[1;34mWed Sep 30 12:59:23 2026 [1;32mDRR[0;m[1;34m <0001> gsm48_rr.c:835 MON: f=514 lev=>=-47 snr=83 ber= 48 CGI=001-01-1-6001[0;m
[1;34mWed Sep 30 12:59:24 2026 [1;32mDRR[0;m[1;34m <0001> gsm48_rr.c:835 MON: f=514 lev=>=-47 snr=83 ber= 47 CGI=001-01-1-6001[0;m
[1;34mWed Sep 30 12:59:25 2026 [1;32mDRR[0;m[1;34m <0001> gsm48_rr.c:835 MON: f=514 lev=>=-47 snr=83 ber= 48 CGI=001-01-1-6001[0;m
[1;34mWed Sep 30 12:59:26 2026 [1;32mDRR[0;m[1;34m <0001> gsm48_rr.c:835 MON: f=514 lev=>=-47 snr=83 ber= 48 CGI=001-01-1-6001[0;m
[1;34mWed Sep 30 12:59:27 2026 [1;32mDRR[0;m[1;34m <0001> gsm48_rr.c:835 MON: f=514 lev=>=-47 snr=83 ber= 48 CGI=001-01-1-6001[0;m
[1;34mWed Sep 30 12:59:28 2026 [1;32mDRR[0;m[1;34m <0001> gsm48_rr.c:835 MON: f=514 lev=>=-47 snr=83 ber= 47 CGI=001-01-1-6001[0;m
[1;34mWed Sep 30 12:59:29 2026 [1;32mDRR[0;m[1;34m <0001> gsm48_rr.c:835 MON: f=514 lev=>=-47 snr=83 ber= 48 CGI=001-01-1-6001[0;m
[1;34mWed Sep 30 12:59:30 2026 [1;32mDRR[0;m[1;34m <0001> gsm48_rr.c:835 MON: f=514 lev=>=-47 snr=83 ber= 48 CGI=001-01-1-6001[0;m
[1;34mWed Sep 30 12:59:31 2026 [1;32mDRR[0;m[1;34m <0001> gsm48_rr.c:835 MON: f=514 lev=>=-47 snr=83 ber= 48 CGI=001-01-1-6001[0;m
[1;34mWed Sep 30 12:59:32 2026 [1;32mDRR[0;m[1;34m <0001> gsm48_rr.c:835 MON: f=514 lev=>=-47 snr=83 ber= 47 CGI=001-01-1-6001[0;m
[1;34mWed Sep 30 12:59:33 2026 [1;32mDRR[0;m[1;34m <0001> gsm48_rr.c:835 MON: f=514 lev=>=-47 snr=83 ber= 47 CGI=001-01-1-6001[0;m
[1;34mWed Sep 30 12:59:34 2026 [1;32mDRR[0;m[1;34m <0001> gsm48_rr.c:835 MON: f=514 lev=>=-47 snr=83 ber= 49 CGI=001-01-1-6001[0;m
[1;34mWed Sep 30 12:59:35 2026 [1;32mDRR[0;m[1;34m <0001> gsm48_rr.c:835 MON: f=514 lev=>=-47 snr=83 ber= 47 CGI=001-01-1-6001[0;m
[1;33mWed Sep 30 12:59:36 2026 [1;34mDCC[0;m[1;33m <0006> transaction.c:71 ms 1 allocates transaction (proto 9 trans_id 0 callref 40000001 mem 0x596614f685a0)[0;m
[1;32mWed Sep 30 12:59:36 2026 [1;32mDMM[0;m[1;32m <0005> gsm48_mm.c:4460 (ms 1) Received 'MMSMS_EST_REQ' event in state MM idle[0;m
[1;32mWed Sep 30 12:59:36 2026 [1;32mDMM[0;m[1;32m <0005> gsm48_mm.c:4464 -> substate normal service[0;m
[1;32mWed Sep 30 12:59:36 2026 [1;32mDMM[0;m[1;32m <0005> gsm48_mm.c:4466 -> callref 40000001, transaction_id 0[0;m
[1;32mWed Sep 30 12:59:36 2026 [1;32mDMM[0;m[1;32m <0005> gsm48_mm.c:3222 Init MM Connection.[0;m
[1;32mWed Sep 30 12:59:36 2026 [1;32mDMM[0;m[1;32m <0005> gsm48_mm.c:1612 New MM Connection (proto 0x09 trans_id 0 sapi 3 ref 40000001)[0;m
[1;32mWed Sep 30 12:59:36 2026 [1;32mDMM[0;m[1;32m <0005> gsm48_mm.c:1549 (ref 0x40000001 proto 9) new state IDLE -> CONN_PEND[0;m
[1;32mWed Sep 30 12:59:36 2026 [1;32mDMM[0;m[1;32m <0005> gsm48_mm.c:3004 CM SERVICE REQUEST (cause 13)[0;m
[1;32mWed Sep 30 12:59:36 2026 [1;32mDMM[0;m[1;32m <0005> gsm48_mm.c:3038 -> Using TMSI[0;m
[1;34mWed Sep 30 12:59:36 2026 [1;32mDRR[0;m[1;34m <0001> gsm48_rr.c:7026 (ms 1) Message 'RR_EST_REQ' received in state idle (sapi 0)[0;m
[1;34mWed Sep 30 12:59:36 2026 [1;32mDRR[0;m[1;34m <0001> gsm48_rr.c:475 new state idle -> connection pending[0;m
[1;34mWed Sep 30 12:59:36 2026 [1;32mDRR[0;m[1;34m <0001> gsm48_rr.c:2433 CHANNEL REQUEST: 10 (OTHER with NECI)[0;m
[1;32mWed Sep 30 12:59:36 2026 [1;32mDMM[0;m[1;32m <0005> gsm48_mm.c:1056 new state MM IDLE, normal service -> wait for RR connection (MM connection)[0;m
[1;34mWed Sep 30 12:59:36 2026 [1;32mDRR[0;m[1;34m <0001> gsm48_rr.c:835 MON: no cell info[0;m
[1;34mWed Sep 30 12:59:36 2026 [1;32mDRR[0;m[1;34m <0001> gsm322.c:2929 using DSC of 90[0;m
[1;34mWed Sep 30 12:59:36 2026 [1;32mDRR[0;m[1;34m <0001> gsm48_rr.c:2557 RANDOM ACCESS (requests left 8)[0;m
[1;34mWed Sep 30 12:59:36 2026 [1;32mDRR[0;m[1;34m <0001> gsm48_rr.c:2613 RANDOM ACCESS (Tx-integer 12 combined yes S(lots) 0 ra 0x1d)[0;m
[1;34mWed Sep 30 12:59:36 2026 [1;32mDRR[0;m[1;34m <0001> gsm48_rr.c:2649 Use MS-TXPWR-MAX-CCH power value 7 (16 dBm)[0;m
[1;34mWed Sep 30 12:59:36 2026 [1;32mDRR[0;m[1;34m <0001> gsm48_rr.c:2557 RANDOM ACCESS (requests left 7)[0;m
[1;34mWed Sep 30 12:59:36 2026 [1;32mDRR[0;m[1;34m <0001> gsm48_rr.c:2613 RANDOM ACCESS (Tx-integer 12 combined yes S(lots) 115 ra 0x10)[0;m
[1;34mWed Sep 30 12:59:36 2026 [1;32mDRR[0;m[1;34m <0001> gsm48_rr.c:2649 Use MS-TXPWR-MAX-CCH power value 7 (16 dBm)[0;m
[1;34mWed Sep 30 12:59:36 2026 [1;32mDRR[0;m[1;34m <0001> gsm48_rr.c:3443 IMMEDIATE ASSIGNMENT:[0;m
[1;34mWed Sep 30 12:59:36 2026 [1;32mDRR[0;m[1;34m <0001> gsm48_rr.c:3465  (ta 0/0m ra 0x1d chan_nr 0x41 ARFCN 514(DCS) TS 1 SS 0 TSC 7)[0;m
[1;34mWed Sep 30 12:59:36 2026 [1;32mDRR[0;m[1;34m <0001> gsm48_rr.c:3377 request 1d matches (fn=22,22,23)[0;m
[1;34mWed Sep 30 12:59:36 2026 [1;32mDRR[0;m[1;34m <0001> gsm48_rr.c:3495 resetting scheduler[0;m
[1;34mWed Sep 30 12:59:36 2026 [1;32mDRR[0;m[1;34m <0001> gsm48_rr.c:4261 sending establish message[0;m
[1;34mWed Sep 30 12:59:36 2026 [1;32mDRR[0;m[1;34m <0001> gsm48_rr.c:289 Using and incrementing V(SD) = 0 (pdisc 5)[0;m
[1;34mWed Sep 30 12:59:36 2026 [1;32mDRR[0;m[1;34m <0001> gsm48_rr.c:3992 setting indicated TA 0 (actual TA 0)[0;m
[1;34mWed Sep 30 12:59:36 2026 [1;32mDRR[0;m[1;34m <0001> gsm48_rr.c:4003 using last SACCH timeout 32[0;m
[1;34mWed Sep 30 12:59:36 2026 [1;32mDRR[0;m[1;34m <0001> gsm48_rr.c:1050 stopping pending timer T_meas[0;m
[1;34mWed Sep 30 12:59:36 2026 [1;32mDRR[0;m[1;34m <0001> gsm48_rr.c:3885 MEAS REP: pwr=7 TA=0 meas-invalid=1 rxlev-full=-110 rxlev-sub=-110 rxqual-full=0 rxqual-sub=0 dtx 0 ba 1 no-ncell-n 0[0;m
[1;34mWed Sep 30 12:59:36 2026 [1;32mDRR[0;m[1;34m <0001> gsm48_rr.c:4026 establishing channel in dedicated/group mode[0;m
[1;34mWed Sep 30 12:59:36 2026 [1;32mDRR[0;m[1;34m <0001> gsm48_rr.c:4035  Channel type 64, subch 0, ts 1, mode 0, audio-mode 0, flags 0x00, cipher 1[0;m
[1;31mWed Sep 30 12:59:36 2026 [1;33mDL1C[0;m[1;31m <000e> l1ctl.c:268 LOSS counter for ACCH 31[0;m
[1;31mWed Sep 30 12:59:36 2026 [1;33mDL1C[0;m[1;31m <000e> l1ctl.c:278 Dropping frame with 96 bit errors[0;m
[1;34mWed Sep 30 12:59:37 2026 [1;32mDRR[0;m[1;34m <0001> gsm48_rr.c:6317 DL SACCH indicates ta 0 (actual ta 0)[0;m
[1;34mWed Sep 30 12:59:37 2026 [1;32mDRR[0;m[1;34m <0001> gsm48_rr.c:6321 DL SACCH indicates tx_power 7[0;m
[1;34mWed Sep 30 12:59:37 2026 [1;32mDRR[0;m[1;34m <0001> gsm48_rr.c:2940 New SYSTEM INFORMATION 5[0;m
[1;34mWed Sep 30 12:59:37 2026 [1;33mDRR[0;m[1;34m <0001> gsm48_rr.c:2688 Complete set of SI5* for BA(1)[0;m
[1;34mWed Sep 30 12:59:37 2026 [1;33mDRR[0;m[1;34m <0001> gsm48_rr.c:2703 SI5/SI5bis report arfcn 614(DCS) (index 0)[0;m
[1;34mWed Sep 30 12:59:37 2026 [1;32mDRR[0;m[1;34m <0001> gsm48_rr.c:475 new state connection pending -> dedicated[0;m
[1;32mWed Sep 30 12:59:37 2026 [1;32mDMM[0;m[1;32m <0005> gsm48_mm.c:4605 (ms 1) Received 'RR_EST_CNF' from RR in state wait for RR connection (MM connection) (sapi 0)[0;m
[1;32mWed Sep 30 12:59:37 2026 [1;32mDMM[0;m[1;32m <0005> gsm48_mm.c:551 starting T3230 (MM connection timeout) with 15.0 seconds[0;m
[1;32mWed Sep 30 12:59:37 2026 [1;32mDMM[0;m[1;32m <0005> gsm48_mm.c:1066 new state wait for RR connection (MM connection) -> wait for outgoing MM connection[0;m
[1;34mWed Sep 30 12:59:37 2026 [1;32mDRR[0;m[1;34m <0001> gsm48_rr.c:1219 CIPHERING MODE COMMAND (sc=1, algo=A5/1 cr=1)[0;m
[1;34mWed Sep 30 12:59:37 2026 [1;32mDRR[0;m[1;34m <0001> gsm48_rr.c:1166 CIPHERING MODE COMPLETE (cr 1)[0;m
[1;32mWed Sep 30 12:59:37 2026 [1;32mDMM[0;m[1;32m <0005> gsm48_mm.c:4605 (ms 1) Received 'RR_SYNC_IND' from RR in state wait for outgoing MM connection (sapi 0)[0;m
[1;32mWed Sep 30 12:59:37 2026 [1;32mDMM[0;m[1;32m <0005> gsm48_mm.c:615 stopping pending (MM connection timeout) timer T3230[0;m
[1;32mWed Sep 30 12:59:37 2026 [1;32mDMM[0;m[1;32m <0005> gsm48_mm.c:1066 new state wait for outgoing MM connection -> MM connection active[0;m
[1;32mWed Sep 30 12:59:37 2026 [1;32mDMM[0;m[1;32m <0005> gsm48_mm.c:1549 (ref 0x40000001 proto 9) new state CONN_PEND -> DEDICATED[0;m
[1;32mWed Sep 30 12:59:37 2026 [1;32mDMM[0;m[1;32m <0005> gsm48_mm.c:3472 Sapi 3 link down, requesting link, waiting for confirm.[0;m
[1;34mWed Sep 30 12:59:37 2026 [1;32mDRR[0;m[1;34m <0001> gsm48_rr.c:7026 (ms 1) Message 'RR_EST_REQ' received in state dedicated (sapi 3)[0;m
[1;34mWed Sep 30 12:59:37 2026 [1;32mDRR[0;m[1;34m <0001> gsm48_rr.c:6725 Requesting DCCH link, because no TCH (sapi 3)[0;m
[1;34mWed Sep 30 12:59:37 2026 [1;32mDRR[0;m[1;34m <0001> gsm48_rr.c:588 new SAPI 3 link state idle -> wait establishment[0;m
[1;34mWed Sep 30 12:59:37 2026 [1;32mDRR[0;m[1;34m <0001> gsm48_rr.c:835 MON: f=514 lev=>=-47 snr=77 ber= 52 CGI=001-01-1-6001 TA=0 pwr=7 TS=1/0[0;m
[1;34mWed Sep 30 12:59:37 2026 [1;32mDRR[0;m[1;34m <0001> gsm48_rr.c:3885 MEAS REP: pwr=7 TA=0 meas-invalid=0 rxlev-full=-47 rxlev-sub=-47 rxqual-full=0 rxqual-sub=0 dtx 0 ba 1 no-ncell-n 0[0;m
[1;31mWed Sep 30 12:59:37 2026 [1;33mDL1C[0;m[1;31m <000e> l1ctl.c:268 LOSS counter for ACCH 31[0;m
[1;31mWed Sep 30 12:59:37 2026 [1;33mDL1C[0;m[1;31m <000e> l1ctl.c:278 Dropping frame with 82 bit errors[0;m
[1;31mWed Sep 30 12:59:37 2026 [1;33mDL1C[0;m[1;31m <000e> l1ctl.c:278 Dropping frame with 85 bit errors[0;m
[1;31mWed Sep 30 12:59:38 2026 [1;33mDL1C[0;m[1;31m <000e> l1ctl.c:278 Dropping frame with 87 bit errors[0;m
[1;34mWed Sep 30 12:59:38 2026 [1;32mDRR[0;m[1;34m <0001> gsm48_rr.c:6317 DL SACCH indicates ta 0 (actual ta 0)[0;m
[1;34mWed Sep 30 12:59:38 2026 [1;32mDRR[0;m[1;34m <0001> gsm48_rr.c:6321 DL SACCH indicates tx_power 7[0;m
[1;34mWed Sep 30 12:59:38 2026 [1;32mDRR[0;m[1;34m <0001> gsm48_rr.c:588 new SAPI 3 link state wait establishment -> established[0;m
[1;32mWed Sep 30 12:59:38 2026 [1;32mDMM[0;m[1;32m <0005> gsm48_mm.c:4605 (ms 1) Received 'RR_EST_CNF' from RR in state MM connection active (sapi 3)[0;m
[1;32mWed Sep 30 12:59:38 2026 [1;32mDMM[0;m[1;32m <0005> gsm48_mm.c:4135 SAPI 3 link up, confirming conns.[0;m
[1;32mWed Sep 30 12:59:38 2026 [1;32mDMM[0;m[1;32m <0005> gsm48_mm.c:4460 (ms 1) Received 'MMSMS_DATA_REQ' event in state MM connection active[0;m
[1;32mWed Sep 30 12:59:38 2026 [1;32mDMM[0;m[1;32m <0005> gsm48_mm.c:4466 -> callref 40000001, transaction_id 0[0;m
[1;34mWed Sep 30 12:59:38 2026 [1;32mDRR[0;m[1;34m <0001> gsm48_rr.c:7026 (ms 1) Message 'RR_DATA_REQ' received in state dedicated (sapi 3)[0;m
[1;34mWed Sep 30 12:59:38 2026 [1;32mDRR[0;m[1;34m <0001> gsm48_rr.c:835 MON: f=514 lev=>=-47 snr=78 ber= 64 CGI=001-01-1-6001 TA=0 pwr=7 TS=1/0[0;m
[1;34mWed Sep 30 12:59:38 2026 [1;32mDRR[0;m[1;34m <0001> gsm48_rr.c:3885 MEAS REP: pwr=7 TA=0 meas-invalid=0 rxlev-full=-47 rxlev-sub=-47 rxqual-full=0 rxqual-sub=0 dtx 0 ba 1 no-ncell-n 0[0;m
[1;34mWed Sep 30 12:59:38 2026 [1;32mDRR[0;m[1;34m <0001> gsm48_rr.c:6317 DL SACCH indicates ta 0 (actual ta 0)[0;m
[1;34mWed Sep 30 12:59:38 2026 [1;32mDRR[0;m[1;34m <0001> gsm48_rr.c:6321 DL SACCH indicates tx_power 7[0;m
[1;34mWed Sep 30 12:59:39 2026 [1;32mDRR[0;m[1;34m <0001> gsm48_rr.c:6317 DL SACCH indicates ta 0 (actual ta 0)[0;m
[1;34mWed Sep 30 12:59:39 2026 [1;32mDRR[0;m[1;34m <0001> gsm48_rr.c:6321 DL SACCH indicates tx_power 7[0;m
[1;34mWed Sep 30 12:59:39 2026 [1;32mDRR[0;m[1;34m <0001> gsm48_rr.c:6317 DL SACCH indicates ta 0 (actual ta 0)[0;m
[1;34mWed Sep 30 12:59:39 2026 [1;32mDRR[0;m[1;34m <0001> gsm48_rr.c:6321 DL SACCH indicates tx_power 7[0;m
[1;34mWed Sep 30 12:59:39 2026 [1;32mDRR[0;m[1;34m <0001> gsm48_rr.c:835 MON: f=514 lev=>=-47 snr=80 ber= 48 CGI=001-01-1-6001 TA=0 pwr=7 TS=1/0[0;m
[1;34mWed Sep 30 12:59:39 2026 [1;32mDRR[0;m[1;34m <0001> gsm48_rr.c:3885 MEAS REP: pwr=7 TA=0 meas-invalid=0 rxlev-full=-47 rxlev-sub=-47 rxqual-full=0 rxqual-sub=0 dtx 0 ba 1 no-ncell-n 0[0;m
[1;34mWed Sep 30 12:59:40 2026 [1;32mDRR[0;m[1;34m <0001> gsm48_rr.c:6317 DL SACCH indicates ta 0 (actual ta 0)[0;m
[1;34mWed Sep 30 12:59:40 2026 [1;32mDRR[0;m[1;34m <0001> gsm48_rr.c:6321 DL SACCH indicates tx_power 7[0;m
[1;32mWed Sep 30 12:59:40 2026 [1;32mDMM[0;m[1;32m <0005> gsm48_mm.c:4605 (ms 1) Received 'RR_DATA_IND' from RR in state MM connection active (sapi 3)[0;m
[1;34mWed Sep 30 12:59:40 2026 [1;32mDRR[0;m[1;34m <0001> gsm48_rr.c:6317 DL SACCH indicates ta 0 (actual ta 0)[0;m
[1;34mWed Sep 30 12:59:40 2026 [1;32mDRR[0;m[1;34m <0001> gsm48_rr.c:6321 DL SACCH indicates tx_power 7[0;m
[1;32mWed Sep 30 12:59:40 2026 [1;32mDMM[0;m[1;32m <0005> gsm48_mm.c:4605 (ms 1) Received 'RR_DATA_IND' from RR in state MM connection active (sapi 3)[0;m
[1;32mWed Sep 30 12:59:40 2026 [1;32mDMM[0;m[1;32m <0005> gsm48_mm.c:4460 (ms 1) Received 'MMSMS_DATA_REQ' event in state MM connection active[0;m
[1;32mWed Sep 30 12:59:40 2026 [1;32mDMM[0;m[1;32m <0005> gsm48_mm.c:4466 -> callref 40000001, transaction_id 0[0;m
[1;34mWed Sep 30 12:59:40 2026 [1;32mDRR[0;m[1;34m <0001> gsm48_rr.c:7026 (ms 1) Message 'RR_DATA_REQ' received in state dedicated (sapi 3)[0;m
[1;32mWed Sep 30 12:59:40 2026 [1;32mDMM[0;m[1;32m <0005> gsm48_mm.c:4460 (ms 1) Received 'MMSMS_REL_REQ' event in state MM connection active[0;m
[1;32mWed Sep 30 12:59:40 2026 [1;32mDMM[0;m[1;32m <0005> gsm48_mm.c:4466 -> callref 40000001, transaction_id 0[0;m
[1;32mWed Sep 30 12:59:40 2026 [1;32mDMM[0;m[1;32m <0005> gsm48_mm.c:1630 Freeing MM Connection[0;m
[1;32mWed Sep 30 12:59:40 2026 [1;32mDMM[0;m[1;32m <0005> gsm48_mm.c:1549 (ref 0x40000001 proto 9) new state DEDICATED -> IDLE[0;m
[1;32mWed Sep 30 12:59:40 2026 [1;32mDMM[0;m[1;32m <0005> gsm48_mm.c:560 starting T3240 (RR release timeout) with 10.0 seconds[0;m
[1;32mWed Sep 30 12:59:40 2026 [1;32mDMM[0;m[1;32m <0005> gsm48_mm.c:1066 new state MM connection active -> wait for network command[0;m
[1;32mWed Sep 30 12:59:40 2026 [1;32mDMM[0;m[1;32m <0005> gsm48_mm.c:4460 (ms 1) Received 'MMSMS_REL_REQ' event in state wait for network command[0;m
[1;32mWed Sep 30 12:59:40 2026 [1;32mDMM[0;m[1;32m <0005> gsm48_mm.c:4466 -> callref 40000001, transaction_id 0[0;m
[1;32mWed Sep 30 12:59:40 2026 [1;33mDMM[0;m[1;32m <0005> gsm48_mm.c:4476 Message unhandled at this state.[0;m
[1;33mWed Sep 30 12:59:40 2026 [1;34mDCC[0;m[1;33m <0006> transaction.c:108 ms 1 frees transaction (mem 0x596614f685a0)[0;m
[1;34mWed Sep 30 12:59:40 2026 [1;32mDRR[0;m[1;34m <0001> gsm48_rr.c:835 MON: f=514 lev=>=-47 snr=82 ber= 46 CGI=001-01-1-6001 TA=0 pwr=7 TS=1/0[0;m
[1;34mWed Sep 30 12:59:40 2026 [1;32mDRR[0;m[1;34m <0001> gsm48_rr.c:3885 MEAS REP: pwr=7 TA=0 meas-invalid=0 rxlev-full=-47 rxlev-sub=-47 rxqual-full=0 rxqual-sub=0 dtx 0 ba 1 no-ncell-n 0[0;m
[1;34mWed Sep 30 12:59:41 2026 [1;32mDRR[0;m[1;34m <0001> gsm48_rr.c:6317 DL SACCH indicates ta 0 (actual ta 0)[0;m
[1;34mWed Sep 30 12:59:41 2026 [1;32mDRR[0;m[1;34m <0001> gsm48_rr.c:6321 DL SACCH indicates tx_power 7[0;m
[1;34mWed Sep 30 12:59:41 2026 [1;32mDRR[0;m[1;34m <0001> gsm48_rr.c:4432 channel release request with cause 0x00[0;m
[1;34mWed Sep 30 12:59:41 2026 [1;32mDRR[0;m[1;34m <0001> gsm48_rr.c:475 new state dedicated -> release pending[0;m
[1;34mWed Sep 30 12:59:41 2026 [1;32mDRR[0;m[1;34m <0001> gsm48_rr.c:995 starting T3110 with 1.500 seconds[0;m
[1;34mWed Sep 30 12:59:41 2026 [1;32mDRR[0;m[1;34m <0001> gsm48_rr.c:762 Main signallin link is down, so release SAPI 3 link locally.[0;m
[1;34mWed Sep 30 12:59:41 2026 [1;32mDRR[0;m[1;34m <0001> gsm48_rr.c:588 new SAPI 3 link state established -> idle[0;m
[1;35mWed Sep 30 12:59:41 2026 [1;33mDRSL[0;m[1;35m <0000> gsm48_rr.c:6885 RSLms message 'REL_CONF' unhandled[0;m
[1;32mWed Sep 30 12:59:41 2026 [1;32mDMM[0;m[1;32m <0005> gsm48_mm.c:4605 (ms 1) Received 'RR_REL_IND' from RR in state wait for network command (sapi 3)[0;m
[1;32mWed Sep 30 12:59:41 2026 [1;32mDMM[0;m[1;32m <0005> gsm48_mm.c:4154 SAPI 3 link down, releasing conns.[0;m
[1;32mWed Sep 30 12:59:41 2026 [1;32mDMM[0;m[1;32m <0005> gsm48_mm.c:1652 Release any MM Connection (sapi = 3)[0;m
[1;31mWed Sep 30 12:59:41 2026 [1;33mDL1C[0;m[1;31m <000e> l1ctl.c:268 LOSS counter for ACCH 31[0;m
[1;31mWed Sep 30 12:59:41 2026 [1;33mDL1C[0;m[1;31m <000e> l1ctl.c:278 Dropping frame with 108 bit errors[0;m
[1;34mWed Sep 30 12:59:41 2026 [1;32mDRR[0;m[1;34m <0001> gsm48_rr.c:835 MON: f=514 lev=>=-47 snr=75 ber= 56 CGI=001-01-1-6001[0;m
[1;34mWed Sep 30 12:59:41 2026 [1;32mDRR[0;m[1;34m <0001> gsm48_rr.c:3885 MEAS REP: pwr=7 TA=0 meas-invalid=0 rxlev-full=-47 rxlev-sub=-47 rxqual-full=0 rxqual-sub=0 dtx 0 ba 1 no-ncell-n 0[0;m
[1;31mWed Sep 30 12:59:41 2026 [1;33mDL1C[0;m[1;31m <000e> l1ctl.c:268 LOSS counter for ACCH 30[0;m
[1;31mWed Sep 30 12:59:41 2026 [1;33mDL1C[0;m[1;31m <000e> l1ctl.c:278 Dropping frame with 95 bit errors[0;m
[1;34mWed Sep 30 12:59:42 2026 [1;32mDRR[0;m[1;34m <0001> gsm48_rr.c:1074 stopping pending timer T3110[0;m
[1;34mWed Sep 30 12:59:42 2026 [1;32mDRR[0;m[1;34m <0001> gsm48_rr.c:475 new state release pending -> idle[0;m
[1;34mWed Sep 30 12:59:42 2026 [1;32mDRR[0;m[1;34m <0001> gsm48_rr.c:498 Returning to IDLE mode.[0;m
[1;32mWed Sep 30 12:59:42 2026 [1;32mDMM[0;m[1;32m <0005> gsm48_mm.c:4605 (ms 1) Received 'RR_REL_IND' from RR in state wait for network command (sapi 0)[0;m
[1;32mWed Sep 30 12:59:42 2026 [1;32mDMM[0;m[1;32m <0005> gsm48_mm.c:624 stopping pending (RR release timeout) timer T3240[0;m
[1;32mWed Sep 30 12:59:42 2026 [1;32mDMM[0;m[1;32m <0005> gsm48_mm.c:1254 Not camping, wait for CS process to camp, it sends us CELL_SELECTED then.[0;m
[1;34mWed Sep 30 12:59:42 2026 [1;32mDRR[0;m[1;34m <0001> gsm322.c:2929 using DSC of 90[0;m
[1;34mWed Sep 30 12:59:42 2026 [1;32mDRR[0;m[1;34m <0001> sysinfo.c:947 New SYSTEM INFORMATION 3 (lai=001-01-1)[0;m
[1;34mWed Sep 30 12:59:42 2026 [1;33mDRR[0;m[1;34m <0001> gsm48_rr.c:2878 Changing CCCH_MODE to 2[0;m
[1;34mWed Sep 30 12:59:42 2026 [1;32mDRR[0;m[1;34m <0001> gsm48_rr.c:2910 New SYSTEM INFORMATION 4 (lai=001-01-1)[0;m
[1;34mWed Sep 30 12:59:42 2026 [1;33mDRR[0;m[1;34m <0001> sysinfo.c:860 Now updating previously received SYSTEM INFORMATION 4[0;m
[1;34mWed Sep 30 12:59:42 2026 [1;32mDRR[0;m[1;34m <0001> gsm48_rr.c:2758 New SYSTEM INFORMATION 1[0;m
[1;34mWed Sep 30 12:59:43 2026 [1;32mDRR[0;m[1;34m <0001> gsm48_rr.c:2787 New SYSTEM INFORMATION 2[0;m
[1;32mWed Sep 30 12:59:43 2026 [1;32mDMM[0;m[1;32m <0005> gsm48_mm.c:5063 (ms 1) Received 'MM_EVENT_CELL_SELECTED' event in state wait for network command[0;m
[1;32mWed Sep 30 12:59:43 2026 [1;32mDMM[0;m[1;32m <0005> gsm48_mm.c:1293 We are in registered LAI as returning to MM IDLE[0;m
[1;32mWed Sep 30 12:59:43 2026 [1;32mDMM[0;m[1;32m <0005> gsm48_mm.c:1061 new state wait for network command -> MM IDLE, normal service[0;m
[1;31mWed Sep 30 12:59:43 2026 [1;31mDL1C[0;m[1;31m <000e> l1ctl.c:141 FBSB RESP: result=255[0;m
[1;34mWed Sep 30 12:59:43 2026 [1;32mDRR[0;m[1;34m <0001> gsm322.c:2929 using DSC of 90[0;m
[1;34mWed Sep 30 12:59:43 2026 [1;32mDRR[0;m[1;34m <0001> gsm48_rr.c:835 MON: f=514 lev=>=-47 snr=83 ber= 51 CGI=001-01-1-6001[0;m
[1;34mWed Sep 30 12:59:43 2026 [1;32mDRR[0;m[1;34m <0001> gsm48_rr.c:3100 New SYSTEM INFORMATION 13 (EGPRS, RAC 0x00, NCO 0, MNO 1)[0;m
[1;34mWed Sep 30 12:59:44 2026 [1;32mDRR[0;m[1;34m <0001> gsm48_rr.c:835 MON: f=514 lev=>=-47 snr=83 ber= 47 CGI=001-01-1-6001[0;m
[1;34mWed Sep 30 12:59:45 2026 [1;32mDRR[0;m[1;34m <0001> gsm48_rr.c:835 MON: f=514 lev=>=-47 snr=83 ber= 49 CGI=001-01-1-6001[0;m
[1;34mWed Sep 30 12:59:46 2026 [1;32mDRR[0;m[1;34m <0001> gsm48_rr.c:835 MON: f=514 lev=>=-47 snr=83 ber= 47 CGI=001-01-1-6001[0;m
[1;34mWed Sep 30 12:59:47 2026 [1;32mDRR[0;m[1;34m <0001> gsm48_rr.c:835 MON: f=514 lev=>=-47 snr=83 ber= 48 CGI=001-01-1-6001[0;m
[1;34mWed Sep 30 12:59:48 2026 [1;32mDRR[0;m[1;34m <0001> gsm48_rr.c:835 MON: f=514 lev=>=-47 snr=83 ber= 46 CGI=001-01-1-6001[0;m
[1;34mWed Sep 30 12:59:49 2026 [1;32mDRR[0;m[1;34m <0001> gsm48_rr.c:835 MON: f=514 lev=>=-47 snr=83 ber= 49 CGI=001-01-1-6001[0;m
[1;34mWed Sep 30 12:59:50 2026 [1;32mDRR[0;m[1;34m <0001> gsm48_rr.c:835 MON: f=514 lev=>=-47 snr=83 ber= 47 CGI=001-01-1-6001[0;m
[1;34mWed Sep 30 12:59:51 2026 [1;32mDRR[0;m[1;34m <0001> gsm48_rr.c:835 MON: f=514 lev=>=-47 snr=83 ber= 48 CGI=001-01-1-6001[0;m
[1;34mWed Sep 30 12:59:52 2026 [1;32mDRR[0;m[1;34m <0001> gsm48_rr.c:475 new state idle -> connection pending[0;m
[1;34mWed Sep 30 12:59:52 2026 [1;32mDRR[0;m[1;34m <0001> gsm48_rr.c:2364 CHANNEL REQUEST: 80 (PAGING Any channel)[0;m
[1;31mWed Sep 30 12:59:52 2026 [1;31mDL1C[0;m[1;31m <000e> l1ctl.c:141 FBSB RESP: result=255[0;m
[1;31mWed Sep 30 12:59:52 2026 [1;31mDL1C[0;m[1;31m <000e> l1ctl.c:141 FBSB RESP: result=255[0;m
[1;34mWed Sep 30 12:59:52 2026 [1;32mDRR[0;m[1;34m <0001> gsm48_rr.c:3927 LOS during RACH request[0;m
[1;34mWed Sep 30 12:59:52 2026 [1;32mDRR[0;m[1;34m <0001> gsm48_rr.c:475 new state connection pending -> idle[0;m
[1;34mWed Sep 30 12:59:52 2026 [1;32mDRR[0;m[1;34m <0001> gsm48_rr.c:498 Returning to IDLE mode.[0;m
[1;32mWed Sep 30 12:59:52 2026 [1;32mDMM[0;m[1;32m <0005> gsm48_mm.c:4605 (ms 1) Received 'RR_REL_IND' from RR in state MM idle (sapi 0)[0;m
[1;32mWed Sep 30 12:59:52 2026 [1;32mDMM[0;m[1;32m <0005> gsm48_mm.c:1254 Not camping, wait for CS process to camp, it sends us CELL_SELECTED then.[0;m
[1;34mWed Sep 30 12:59:52 2026 [1;32mDRR[0;m[1;34m <0001> gsm322.c:2929 using DSC of 90[0;m
[1;34mWed Sep 30 12:59:52 2026 [1;32mDRR[0;m[1;34m <0001> gsm48_rr.c:2910 New SYSTEM INFORMATION 4 (lai=001-01-1)[0;m
[1;34mWed Sep 30 12:59:53 2026 [1;32mDRR[0;m[1;34m <0001> gsm48_rr.c:3100 New SYSTEM INFORMATION 13 (EGPRS, RAC 0x00, NCO 0, MNO 1)[0;m
[1;34mWed Sep 30 12:59:53 2026 [1;32mDRR[0;m[1;34m <0001> gsm48_rr.c:2787 New SYSTEM INFORMATION 2[0;m
[1;34mWed Sep 30 12:59:53 2026 [1;32mDRR[0;m[1;34m <0001> sysinfo.c:947 New SYSTEM INFORMATION 3 (lai=001-01-1)[0;m
[1;34mWed Sep 30 12:59:53 2026 [1;33mDRR[0;m[1;34m <0001> gsm48_rr.c:2878 Changing CCCH_MODE to 2[0;m
[1;34mWed Sep 30 12:59:54 2026 [1;33mDRR[0;m[1;34m <0001> sysinfo.c:860 Now updating previously received SYSTEM INFORMATION 4[0;m
[1;34mWed Sep 30 12:59:54 2026 [1;32mDRR[0;m[1;34m <0001> gsm48_rr.c:2758 New SYSTEM INFORMATION 1[0;m
[1;32mWed Sep 30 12:59:54 2026 [1;32mDMM[0;m[1;32m <0005> gsm48_mm.c:5058 (ms 1) Received 'MM_EVENT_CELL_SELECTED' event in state MM IDLE, normal service[0;m
[1;32mWed Sep 30 12:59:54 2026 [1;32mDMM[0;m[1;32m <0005> gsm48_mm.c:2466 Loc. upd. not required.[0;m
[1;32mWed Sep 30 12:59:54 2026 [1;32mDMM[0;m[1;32m <0005> gsm48_mm.c:1051 new MM IDLE state normal service -> normal service[0;m
[32mWed Sep 30 12:59:54 2026 [1;33mDPLMN[0;m[32m <0002> gsm322.c:3783 Event EVENT_REG_SUCCESS unhandled in state A4 wait for PLMN to appear.[0;m
[1;34mWed Sep 30 12:59:54 2026 [1;32mDRR[0;m[1;34m <0001> gsm322.c:2929 using DSC of 90[0;m
[1;34mWed Sep 30 12:59:54 2026 [1;32mDRR[0;m[1;34m <0001> gsm48_rr.c:475 new state idle -> connection pending[0;m
[1;34mWed Sep 30 12:59:54 2026 [1;32mDRR[0;m[1;34m <0001> gsm48_rr.c:2364 CHANNEL REQUEST: 80 (PAGING Any channel)[0;m
[1;34mWed Sep 30 12:59:54 2026 [1;32mDRR[0;m[1;34m <0001> gsm48_rr.c:835 MON: no cell info[0;m
[1;31mWed Sep 30 12:59:54 2026 [1;31mDL1C[0;m[1;31m <000e> l1ctl.c:141 FBSB RESP: result=255[0;m
[1;34mWed Sep 30 12:59:54 2026 [1;32mDRR[0;m[1;34m <0001> gsm322.c:2929 using DSC of 90[0;m
[1;34mWed Sep 30 12:59:55 2026 [1;32mDRR[0;m[1;34m <0001> gsm48_rr.c:2557 RANDOM ACCESS (requests left 8)[0;m
[1;34mWed Sep 30 12:59:55 2026 [1;32mDRR[0;m[1;34m <0001> gsm48_rr.c:2613 RANDOM ACCESS (Tx-integer 12 combined yes S(lots) 0 ra 0x8e)[0;m
[1;34mWed Sep 30 12:59:55 2026 [1;32mDRR[0;m[1;34m <0001> gsm48_rr.c:2649 Use MS-TXPWR-MAX-CCH power value 7 (16 dBm)[0;m
[1;34mWed Sep 30 12:59:55 2026 [1;32mDRR[0;m[1;34m <0001> gsm48_rr.c:2557 RANDOM ACCESS (requests left 7)[0;m
[1;34mWed Sep 30 12:59:55 2026 [1;32mDRR[0;m[1;34m <0001> gsm48_rr.c:2613 RANDOM ACCESS (Tx-integer 12 combined yes S(lots) 115 ra 0x99)[0;m
[1;34mWed Sep 30 12:59:55 2026 [1;32mDRR[0;m[1;34m <0001> gsm48_rr.c:2649 Use MS-TXPWR-MAX-CCH power value 7 (16 dBm)[0;m
[1;34mWed Sep 30 12:59:55 2026 [1;32mDRR[0;m[1;34m <0001> gsm48_rr.c:3443 IMMEDIATE ASSIGNMENT:[0;m
[1;34mWed Sep 30 12:59:55 2026 [1;32mDRR[0;m[1;34m <0001> gsm48_rr.c:3465  (ta 0/0m ra 0x8e chan_nr 0x41 ARFCN 514(DCS) TS 1 SS 0 TSC 7)[0;m
[1;34mWed Sep 30 12:59:55 2026 [1;32mDRR[0;m[1;34m <0001> gsm48_rr.c:3377 request 8e matches (fn=25,25,27)[0;m
[1;34mWed Sep 30 12:59:55 2026 [1;32mDRR[0;m[1;34m <0001> gsm48_rr.c:3495 resetting scheduler[0;m
[1;34mWed Sep 30 12:59:55 2026 [1;32mDRR[0;m[1;34m <0001> gsm48_rr.c:4288 sending paging response with TMSI[0;m
[1;34mWed Sep 30 12:59:55 2026 [1;32mDRR[0;m[1;34m <0001> gsm48_rr.c:3992 setting indicated TA 0 (actual TA 0)[0;m
[1;34mWed Sep 30 12:59:55 2026 [1;32mDRR[0;m[1;34m <0001> gsm48_rr.c:4007 using last BCCH timeout 32[0;m
[1;34mWed Sep 30 12:59:55 2026 [1;32mDRR[0;m[1;34m <0001> gsm48_rr.c:1050 stopping pending timer T_meas[0;m
[1;34mWed Sep 30 12:59:55 2026 [1;32mDRR[0;m[1;34m <0001> gsm48_rr.c:3885 MEAS REP: pwr=7 TA=0 meas-invalid=1 rxlev-full=-110 rxlev-sub=-110 rxqual-full=0 rxqual-sub=0 dtx 0 ba 0 no-ncell-n 7[0;m
[1;34mWed Sep 30 12:59:55 2026 [1;32mDRR[0;m[1;34m <0001> gsm48_rr.c:4026 establishing channel in dedicated/group mode[0;m
[1;34mWed Sep 30 12:59:55 2026 [1;32mDRR[0;m[1;34m <0001> gsm48_rr.c:4035  Channel type 64, subch 0, ts 1, mode 0, audio-mode 0, flags 0x00, cipher 1[0;m
[1;31mWed Sep 30 12:59:55 2026 [1;33mDL1C[0;m[1;31m <000e> l1ctl.c:278 Dropping frame with 97 bit errors[0;m
[1;34mWed Sep 30 12:59:55 2026 [1;32mDRR[0;m[1;34m <0001> gsm48_rr.c:6317 DL SACCH indicates ta 0 (actual ta 0)[0;m
[1;34mWed Sep 30 12:59:55 2026 [1;32mDRR[0;m[1;34m <0001> gsm48_rr.c:6321 DL SACCH indicates tx_power 7[0;m
[1;34mWed Sep 30 12:59:55 2026 [1;32mDRR[0;m[1;34m <0001> gsm48_rr.c:3033 New SYSTEM INFORMATION 6 (lai=001-01-1 SACCH-timeout 32)[0;m
[1;34mWed Sep 30 12:59:55 2026 [1;32mDRR[0;m[1;34m <0001> gsm48_rr.c:3037 using (new) SACCH timeout 32[0;m
[1;34mWed Sep 30 12:59:55 2026 [1;32mDRR[0;m[1;34m <0001> gsm48_rr.c:475 new state connection pending -> dedicated[0;m
[1;32mWed Sep 30 12:59:55 2026 [1;32mDMM[0;m[1;32m <0005> gsm48_mm.c:4605 (ms 1) Received 'RR_EST_IND' from RR in state MM idle (sapi 0)[0;m
[1;32mWed Sep 30 12:59:55 2026 [1;32mDMM[0;m[1;32m <0005> gsm48_mm.c:1056 new state MM IDLE, normal service -> wait for network command[0;m
[1;34mWed Sep 30 12:59:56 2026 [1;32mDRR[0;m[1;34m <0001> gsm48_rr.c:6317 DL SACCH indicates ta 0 (actual ta 0)[0;m
[1;34mWed Sep 30 12:59:56 2026 [1;32mDRR[0;m[1;34m <0001> gsm48_rr.c:6321 DL SACCH indicates tx_power 7[0;m
[1;34mWed Sep 30 12:59:56 2026 [1;32mDRR[0;m[1;34m <0001> gsm48_rr.c:2940 New SYSTEM INFORMATION 5[0;m
[1;34mWed Sep 30 12:59:56 2026 [1;33mDRR[0;m[1;34m <0001> gsm48_rr.c:2688 Complete set of SI5* for BA(1)[0;m
[1;34mWed Sep 30 12:59:56 2026 [1;33mDRR[0;m[1;34m <0001> gsm48_rr.c:2703 SI5/SI5bis report arfcn 614(DCS) (index 0)[0;m
[1;34mWed Sep 30 12:59:56 2026 [1;32mDRR[0;m[1;34m <0001> gsm48_rr.c:1219 CIPHERING MODE COMMAND (sc=1, algo=A5/1 cr=1)[0;m
[1;34mWed Sep 30 12:59:56 2026 [1;32mDRR[0;m[1;34m <0001> gsm48_rr.c:1166 CIPHERING MODE COMPLETE (cr 1)[0;m
[1;32mWed Sep 30 12:59:56 2026 [1;32mDMM[0;m[1;32m <0005> gsm48_mm.c:4605 (ms 1) Received 'RR_SYNC_IND' from RR in state wait for network command (sapi 0)[0;m
[1;32mWed Sep 30 12:59:56 2026 [1;33mDMM[0;m[1;32m <0005> gsm48_mm.c:4618 Message unhandled at this state.[0;m
[1;34mWed Sep 30 12:59:56 2026 [1;32mDRR[0;m[1;34m <0001> gsm48_rr.c:835 MON: f=514 lev=>=-47 snr=84 ber= 52 CGI=001-01-1-6001 TA=0 pwr=7 TS=1/0[0;m
[1;34mWed Sep 30 12:59:56 2026 [1;32mDRR[0;m[1;34m <0001> gsm48_rr.c:3885 MEAS REP: pwr=7 TA=0 meas-invalid=0 rxlev-full=-47 rxlev-sub=-47 rxqual-full=0 rxqual-sub=0 dtx 0 ba 1 no-ncell-n 0[0;m
[1;31mWed Sep 30 12:59:56 2026 [1;33mDL1C[0;m[1;31m <000e> l1ctl.c:278 Dropping frame with 86 bit errors[0;m
[1;31mWed Sep 30 12:59:56 2026 [1;33mDL1C[0;m[1;31m <000e> l1ctl.c:268 LOSS counter for ACCH 31[0;m
[1;31mWed Sep 30 12:59:56 2026 [1;33mDL1C[0;m[1;31m <000e> l1ctl.c:278 Dropping frame with 73 bit errors[0;m
[1;31mWed Sep 30 12:59:56 2026 [1;33mDL1C[0;m[1;31m <000e> l1ctl.c:278 Dropping frame with 87 bit errors[0;m
[1;34mWed Sep 30 12:59:57 2026 [1;32mDRR[0;m[1;34m <0001> gsm48_rr.c:6317 DL SACCH indicates ta 0 (actual ta 0)[0;m
[1;34mWed Sep 30 12:59:57 2026 [1;32mDRR[0;m[1;34m <0001> gsm48_rr.c:6321 DL SACCH indicates tx_power 8[0;m
[1;34mWed Sep 30 12:59:57 2026 [1;32mDRR[0;m[1;34m <0001> gsm48_rr.c:6325 Applying new ta and tx_power[0;m
[1;34mWed Sep 30 12:59:57 2026 [1;32mDRR[0;m[1;34m <0001> gsm48_rr.c:588 new SAPI 3 link state idle -> established[0;m
[1;32mWed Sep 30 12:59:57 2026 [1;32mDMM[0;m[1;32m <0005> gsm48_mm.c:4605 (ms 1) Received 'RR_EST_IND' from RR in state wait for network command (sapi 3)[0;m
[1;34mWed Sep 30 12:59:57 2026 [1;32mDRR[0;m[1;34m <0001> gsm48_rr.c:835 MON: f=514 lev=>=-47 snr=82 ber= 62 CGI=001-01-1-6001 TA=0 pwr=8 TS=1/0[0;m
[1;34mWed Sep 30 12:59:57 2026 [1;32mDRR[0;m[1;34m <0001> gsm48_rr.c:3885 MEAS REP: pwr=8 TA=0 meas-invalid=0 rxlev-full=-47 rxlev-sub=-47 rxqual-full=0 rxqual-sub=0 dtx 0 ba 1 no-ncell-n 0[0;m
[1;34mWed Sep 30 12:59:57 2026 [1;32mDRR[0;m[1;34m <0001> gsm48_rr.c:6317 DL SACCH indicates ta 0 (actual ta 0)[0;m
[1;34mWed Sep 30 12:59:57 2026 [1;32mDRR[0;m[1;34m <0001> gsm48_rr.c:6321 DL SACCH indicates tx_power 8[0;m
[1;34mWed Sep 30 12:59:57 2026 [1;32mDRR[0;m[1;34m <0001> gsm48_rr.c:6317 DL SACCH indicates ta 0 (actual ta 0)[0;m
[1;34mWed Sep 30 12:59:57 2026 [1;32mDRR[0;m[1;34m <0001> gsm48_rr.c:6321 DL SACCH indicates tx_power 8[0;m
[1;34mWed Sep 30 12:59:58 2026 [1;32mDRR[0;m[1;34m <0001> gsm48_rr.c:835 MON: f=514 lev=>=-47 snr=79 ber= 39 CGI=001-01-1-6001 TA=0 pwr=8 TS=1/0[0;m
[1;34mWed Sep 30 12:59:58 2026 [1;32mDRR[0;m[1;34m <0001> gsm48_rr.c:3885 MEAS REP: pwr=8 TA=0 meas-invalid=0 rxlev-full=-47 rxlev-sub=-47 rxqual-full=0 rxqual-sub=0 dtx 0 ba 1 no-ncell-n 0[0;m
[1;34mWed Sep 30 12:59:58 2026 [1;32mDRR[0;m[1;34m <0001> gsm48_rr.c:6317 DL SACCH indicates ta 0 (actual ta 0)[0;m
[1;34mWed Sep 30 12:59:58 2026 [1;32mDRR[0;m[1;34m <0001> gsm48_rr.c:6321 DL SACCH indicates tx_power 9[0;m
[1;34mWed Sep 30 12:59:58 2026 [1;32mDRR[0;m[1;34m <0001> gsm48_rr.c:6325 Applying new ta and tx_power[0;m
[1;32mWed Sep 30 12:59:58 2026 [1;32mDMM[0;m[1;32m <0005> gsm48_mm.c:4605 (ms 1) Received 'RR_DATA_IND' from RR in state wait for network command (sapi 3)[0;m
[1;32mWed Sep 30 12:59:58 2026 [1;32mDMM[0;m[1;32m <0005> gsm48_mm.c:1612 New MM Connection (proto 0x09 trans_id 8 sapi 3 ref 80000001)[0;m
[1;32mWed Sep 30 12:59:58 2026 [1;32mDMM[0;m[1;32m <0005> gsm48_mm.c:1066 new state wait for network command -> MM connection active[0;m
[1;33mWed Sep 30 12:59:58 2026 [1;34mDCC[0;m[1;33m <0006> transaction.c:71 ms 1 allocates transaction (proto 9 trans_id 8 callref 80000001 mem 0x596614f68730)[0;m
[1;32mWed Sep 30 12:59:58 2026 [1;32mDMM[0;m[1;32m <0005> gsm48_mm.c:4460 (ms 1) Received 'MMSMS_DATA_REQ' event in state MM connection active[0;m
[1;32mWed Sep 30 12:59:58 2026 [1;32mDMM[0;m[1;32m <0005> gsm48_mm.c:4466 -> callref 80000001, transaction_id 8[0;m
[1;34mWed Sep 30 12:59:58 2026 [1;32mDRR[0;m[1;34m <0001> gsm48_rr.c:7026 (ms 1) Message 'RR_DATA_REQ' received in state dedicated (sapi 3)[0;m
[38;5;31mWed Sep 30 12:59:58 2026 [1;31mDLSMS[0;m[38;5;31m <0024> gsm0411_utils.c:79 gsm411_unbcdify got too big nibble: 0x1B[0;m
[1;32mWed Sep 30 12:59:58 2026 [1;32mDMM[0;m[1;32m <0005> gsm48_mm.c:4460 (ms 1) Received 'MMSMS_DATA_REQ' event in state MM connection active[0;m
[1;32mWed Sep 30 12:59:58 2026 [1;32mDMM[0;m[1;32m <0005> gsm48_mm.c:4466 -> callref 80000001, transaction_id 8[0;m
[1;34mWed Sep 30 12:59:58 2026 [1;32mDRR[0;m[1;34m <0001> gsm48_rr.c:7026 (ms 1) Message 'RR_DATA_REQ' received in state dedicated (sapi 3)[0;m
[38;5;31mWed Sep 30 12:59:58 2026 [1;33mDLSMS[0;m[38;5;31m <0024> gsm0411_smc.c:338 SMC(8) cannot release yet current state: WAIT_CP_ACK[0;m
[1;34mWed Sep 30 12:59:58 2026 [1;32mDRR[0;m[1;34m <0001> gsm48_rr.c:6317 DL SACCH indicates ta 0 (actual ta 0)[0;m
[1;34mWed Sep 30 12:59:58 2026 [1;32mDRR[0;m[1;34m <0001> gsm48_rr.c:6321 DL SACCH indicates tx_power 9[0;m
[1;34mWed Sep 30 12:59:59 2026 [1;32mDRR[0;m[1;34m <0001> gsm48_rr.c:835 MON: f=514 lev=>=-47 snr=77 ber= 44 CGI=001-01-1-6001 TA=0 pwr=9 TS=1/0[0;m
[1;34mWed Sep 30 12:59:59 2026 [1;32mDRR[0;m[1;34m <0001> gsm48_rr.c:3885 MEAS REP: pwr=9 TA=0 meas-invalid=0 rxlev-full=-47 rxlev-sub=-47 rxqual-full=0 rxqual-sub=0 dtx 0 ba 1 no-ncell-n 0[0;m
[1;34mWed Sep 30 12:59:59 2026 [1;32mDRR[0;m[1;34m <0001> gsm48_rr.c:6317 DL SACCH indicates ta 0 (actual ta 0)[0;m
[1;34mWed Sep 30 12:59:59 2026 [1;32mDRR[0;m[1;34m <0001> gsm48_rr.c:6321 DL SACCH indicates tx_power 9[0;m
[1;34mWed Sep 30 12:59:59 2026 [1;32mDRR[0;m[1;34m <0001> gsm48_rr.c:4432 channel release request with cause 0x00[0;m
[1;34mWed Sep 30 12:59:59 2026 [1;32mDRR[0;m[1;34m <0001> gsm48_rr.c:475 new state dedicated -> release pending[0;m
[1;34mWed Sep 30 12:59:59 2026 [1;32mDRR[0;m[1;34m <0001> gsm48_rr.c:995 starting T3110 with 1.500 seconds[0;m
[1;34mWed Sep 30 12:59:59 2026 [1;32mDRR[0;m[1;34m <0001> gsm48_rr.c:762 Main signallin link is down, so release SAPI 3 link locally.[0;m
[1;34mWed Sep 30 12:59:59 2026 [1;32mDRR[0;m[1;34m <0001> gsm48_rr.c:588 new SAPI 3 link state established -> idle[0;m
[1;35mWed Sep 30 12:59:59 2026 [1;33mDRSL[0;m[1;35m <0000> gsm48_rr.c:6885 RSLms message 'REL_CONF' unhandled[0;m
[1;32mWed Sep 30 12:59:59 2026 [1;32mDMM[0;m[1;32m <0005> gsm48_mm.c:4605 (ms 1) Received 'RR_REL_IND' from RR in state MM connection active (sapi 3)[0;m
[1;32mWed Sep 30 12:59:59 2026 [1;32mDMM[0;m[1;32m <0005> gsm48_mm.c:4154 SAPI 3 link down, releasing conns.[0;m
[1;32mWed Sep 30 12:59:59 2026 [1;32mDMM[0;m[1;32m <0005> gsm48_mm.c:1652 Release any MM Connection (sapi = 3)[0;m
[1;32mWed Sep 30 12:59:59 2026 [1;32mDMM[0;m[1;32m <0005> gsm48_mm.c:1630 Freeing MM Connection[0;m
[1;32mWed Sep 30 12:59:59 2026 [1;32mDMM[0;m[1;32m <0005> gsm48_mm.c:1549 (ref 0x80000001 proto 9) new state IDLE -> IDLE[0;m
[1;33mWed Sep 30 12:59:59 2026 [1;34mDCC[0;m[1;33m <0006> transaction.c:108 ms 1 frees transaction (mem 0x596614f68730)[0;m
[1;31mWed Sep 30 12:59:59 2026 [1;33mDL1C[0;m[1;31m <000e> l1ctl.c:268 LOSS counter for ACCH 31[0;m
[1;31mWed Sep 30 12:59:59 2026 [1;33mDL1C[0;m[1;31m <000e> l1ctl.c:278 Dropping frame with 109 bit errors[0;m
[1;34mWed Sep 30 13:00:00 2026 [1;32mDRR[0;m[1;34m <0001> gsm48_rr.c:835 MON: f=514 lev=>=-47 snr=76 ber= 60 CGI=001-01-1-6001[0;m
[1;34mWed Sep 30 13:00:00 2026 [1;32mDRR[0;m[1;34m <0001> gsm48_rr.c:3885 MEAS REP: pwr=9 TA=0 meas-invalid=0 rxlev-full=-47 rxlev-sub=-47 rxqual-full=0 rxqual-sub=0 dtx 0 ba 1 no-ncell-n 0[0;m
[1;31mWed Sep 30 13:00:00 2026 [1;33mDL1C[0;m[1;31m <000e> l1ctl.c:268 LOSS counter for ACCH 30[0;m
[1;31mWed Sep 30 13:00:00 2026 [1;33mDL1C[0;m[1;31m <000e> l1ctl.c:278 Dropping frame with 97 bit errors[0;m
[1;34mWed Sep 30 13:00:00 2026 [1;32mDRR[0;m[1;34m <0001> gsm48_rr.c:1074 stopping pending timer T3110[0;m
[1;34mWed Sep 30 13:00:00 2026 [1;32mDRR[0;m[1;34m <0001> gsm48_rr.c:475 new state release pending -> idle[0;m
[1;34mWed Sep 30 13:00:00 2026 [1;32mDRR[0;m[1;34m <0001> gsm48_rr.c:498 Returning to IDLE mode.[0;m
[1;32mWed Sep 30 13:00:00 2026 [1;32mDMM[0;m[1;32m <0005> gsm48_mm.c:4605 (ms 1) Received 'RR_REL_IND' from RR in state MM connection active (sapi 0)[0;m
[1;32mWed Sep 30 13:00:00 2026 [1;32mDMM[0;m[1;32m <0005> gsm48_mm.c:3580 Aborting connection with cause 16[0;m
[1;32mWed Sep 30 13:00:00 2026 [1;32mDMM[0;m[1;32m <0005> gsm48_mm.c:1652 Release any MM Connection (sapi = 0)[0;m
[1;32mWed Sep 30 13:00:00 2026 [1;32mDMM[0;m[1;32m <0005> gsm48_mm.c:1254 Not camping, wait for CS process to camp, it sends us CELL_SELECTED then.[0;m
[1;31mWed Sep 30 13:00:00 2026 [1;31mDL1C[0;m[1;31m <000e> l1ctl.c:141 FBSB RESP: result=255[0;m
[1;34mWed Sep 30 13:00:00 2026 [1;32mDRR[0;m[1;34m <0001> gsm322.c:2929 using DSC of 90[0;m
[1;34mWed Sep 30 13:00:00 2026 [1;32mDRR[0;m[1;34m <0001> gsm48_rr.c:2787 New SYSTEM INFORMATION 2[0;m
[1;34mWed Sep 30 13:00:01 2026 [1;32mDRR[0;m[1;34m <0001> sysinfo.c:947 New SYSTEM INFORMATION 3 (lai=001-01-1)[0;m
[1;34mWed Sep 30 13:00:01 2026 [1;33mDRR[0;m[1;34m <0001> gsm48_rr.c:2878 Changing CCCH_MODE to 2[0;m
[1;34mWed Sep 30 13:00:01 2026 [1;32mDRR[0;m[1;34m <0001> gsm48_rr.c:2910 New SYSTEM INFORMATION 4 (lai=001-01-1)[0;m
[1;34mWed Sep 30 13:00:01 2026 [1;33mDRR[0;m[1;34m <0001> sysinfo.c:860 Now updating previously received SYSTEM INFORMATION 4[0;m
[1;34mWed Sep 30 13:00:01 2026 [1;32mDRR[0;m[1;34m <0001> gsm48_rr.c:2758 New SYSTEM INFORMATION 1[0;m
[1;32mWed Sep 30 13:00:01 2026 [1;32mDMM[0;m[1;32m <0005> gsm48_mm.c:5063 (ms 1) Received 'MM_EVENT_CELL_SELECTED' event in state MM connection active[0;m
[1;32mWed Sep 30 13:00:01 2026 [1;32mDMM[0;m[1;32m <0005> gsm48_mm.c:1293 We are in registered LAI as returning to MM IDLE[0;m
[1;32mWed Sep 30 13:00:01 2026 [1;32mDMM[0;m[1;32m <0005> gsm48_mm.c:1061 new state MM connection active -> MM IDLE, normal service[0;m
[1;31mWed Sep 30 13:00:01 2026 [1;31mDL1C[0;m[1;31m <000e> l1ctl.c:141 FBSB RESP: result=255[0;m
[1;31mWed Sep 30 13:00:01 2026 [1;31mDL1C[0;m[1;31m <000e> l1ctl.c:141 FBSB RESP: result=255[0;m
[1;32mWed Sep 30 13:00:01 2026 [1;32mDMM[0;m[1;32m <0005> gsm48_mm.c:5058 (ms 1) Received 'MM_EVENT_LOST_COVERAGE' event in state MM IDLE, normal service[0;m
[1;32mWed Sep 30 13:00:01 2026 [1;32mDMM[0;m[1;32m <0005> gsm48_mm.c:1216 Selecting PLMN SEARCH state, because no cell selected.[0;m
[1;32mWed Sep 30 13:00:01 2026 [1;32mDMM[0;m[1;32m <0005> gsm48_mm.c:1051 new MM IDLE state normal service -> PLMN search[0;m
[1;31mWed Sep 30 13:00:02 2026 [1;31mDL1C[0;m[1;31m <000e> l1ctl.c:141 FBSB RESP: result=255[0;m
[1;32mWed Sep 30 13:00:02 2026 [1;32mDMM[0;m[1;32m <0005> gsm48_mm.c:5058 (ms 1) Received 'MM_EVENT_NO_CELL_FOUND' event in state MM IDLE, PLMN search[0;m
[1;32mWed Sep 30 13:00:02 2026 [1;32mDMM[0;m[1;32m <0005> gsm48_mm.c:1051 new MM IDLE state PLMN search -> no cell available[0;m
[1;34mWed Sep 30 13:00:02 2026 [1;32mDRR[0;m[1;34m <0001> gsm322.c:2929 using DSC of 90[0;m
[1;34mWed Sep 30 13:00:02 2026 [1;32mDRR[0;m[1;34m <0001> gsm48_rr.c:2910 New SYSTEM INFORMATION 4 (lai=001-01-1)[0;m
[1;34mWed Sep 30 13:00:02 2026 [1;32mDRR[0;m[1;34m <0001> gsm48_rr.c:3100 New SYSTEM INFORMATION 13 (EGPRS, RAC 0x00, NCO 0, MNO 1)[0;m
[1;34mWed Sep 30 13:00:02 2026 [1;32mDRR[0;m[1;34m <0001> gsm48_rr.c:2787 New SYSTEM INFORMATION 2[0;m
[1;34mWed Sep 30 13:00:03 2026 [1;32mDRR[0;m[1;34m <0001> sysinfo.c:947 New SYSTEM INFORMATION 3 (lai=001-01-1)[0;m
[1;34mWed Sep 30 13:00:03 2026 [1;33mDRR[0;m[1;34m <0001> gsm48_rr.c:2878 Changing CCCH_MODE to 2[0;m
[1;34mWed Sep 30 13:00:03 2026 [1;33mDRR[0;m[1;34m <0001> sysinfo.c:860 Now updating previously received SYSTEM INFORMATION 4[0;m
[1;34mWed Sep 30 13:00:03 2026 [1;32mDRR[0;m[1;34m <0001> gsm48_rr.c:2758 New SYSTEM INFORMATION 1[0;m
[32mWed Sep 30 13:00:03 2026 [1;31mDPLMN[0;m[32m <0002> gsm322.c:810 not in manual mode, please fix![0;m
[1;31mWed Sep 30 13:00:03 2026 [1;31mDL1C[0;m[1;31m <000e> l1ctl.c:141 FBSB RESP: result=255[0;m
[1;31mWed Sep 30 13:00:03 2026 [1;31mDL1C[0;m[1;31m <000e> l1ctl.c:141 FBSB RESP: result=255[0;m
[1;32mWed Sep 30 13:00:03 2026 [1;32mDMM[0;m[1;32m <0005> gsm48_mm.c:5058 (ms 1) Received 'MM_EVENT_NO_CELL_FOUND' event in state MM IDLE, no cell available[0;m
[1;32mWed Sep 30 13:00:03 2026 [1;33mDMM[0;m[1;32m <0005> gsm48_mm.c:5074 Message MM_EVENT_NO_CELL_FOUND unhandled in state MM idle.[0;m
[1;31mWed Sep 30 13:00:03 2026 [1;31mDL1C[0;m[1;31m <000e> l1ctl.c:141 FBSB RESP: result=255[0;m
[1;32mWed Sep 30 13:00:03 2026 [1;32mDMM[0;m[1;32m <0005> gsm48_mm.c:5058 (ms 1) Received 'MM_EVENT_NO_CELL_FOUND' event in state MM IDLE, no cell available[0;m
[1;32mWed Sep 30 13:00:03 2026 [1;33mDMM[0;m[1;32m <0005> gsm48_mm.c:5074 Message MM_EVENT_NO_CELL_FOUND unhandled in state MM idle.[0;m
[1;34mWed Sep 30 13:00:04 2026 [1;32mDRR[0;m[1;34m <0001> gsm322.c:2929 using DSC of 90[0;m
[1;34mWed Sep 30 13:00:04 2026 [1;32mDRR[0;m[1;34m <0001> gsm48_rr.c:2910 New SYSTEM INFORMATION 4 (lai=001-01-1)[0;m
[1;34mWed Sep 30 13:00:04 2026 [1;32mDRR[0;m[1;34m <0001> gsm48_rr.c:3100 New SYSTEM INFORMATION 13 (EGPRS, RAC 0x00, NCO 0, MNO 1)[0;m
[1;34mWed Sep 30 13:00:04 2026 [1;32mDRR[0;m[1;34m <0001> gsm48_rr.c:2787 New SYSTEM INFORMATION 2[0;m
[1;34mWed Sep 30 13:00:04 2026 [1;32mDRR[0;m[1;34m <0001> sysinfo.c:947 New SYSTEM INFORMATION 3 (lai=001-01-1)[0;m
[1;34mWed Sep 30 13:00:04 2026 [1;33mDRR[0;m[1;34m <0001> gsm48_rr.c:2878 Changing CCCH_MODE to 2[0;m
[1;34mWed Sep 30 13:00:05 2026 [1;33mDRR[0;m[1;34m <0001> sysinfo.c:860 Now updating previously received SYSTEM INFORMATION 4[0;m
[1;34mWed Sep 30 13:00:05 2026 [1;32mDRR[0;m[1;34m <0001> gsm48_rr.c:2758 New SYSTEM INFORMATION 1[0;m
[32mWed Sep 30 13:00:05 2026 [1;31mDPLMN[0;m[32m <0002> gsm322.c:810 not in manual mode, please fix![0;m
[1;34mWed Sep 30 13:00:05 2026 [1;32mDRR[0;m[1;34m <0001> gsm322.c:2929 using DSC of 90[0;m
[1;34mWed Sep 30 13:00:05 2026 [1;32mDRR[0;m[1;34m <0001> gsm48_rr.c:2787 New SYSTEM INFORMATION 2[0;m
[1;34mWed Sep 30 13:00:05 2026 [1;32mDRR[0;m[1;34m <0001> sysinfo.c:947 New SYSTEM INFORMATION 3 (lai=001-01-1)[0;m
[1;34mWed Sep 30 13:00:05 2026 [1;33mDRR[0;m[1;34m <0001> gsm48_rr.c:2878 Changing CCCH_MODE to 2[0;m
[1;34mWed Sep 30 13:00:06 2026 [1;32mDRR[0;m[1;34m <0001> gsm48_rr.c:2910 New SYSTEM INFORMATION 4 (lai=001-01-1)[0;m
[1;34mWed Sep 30 13:00:06 2026 [1;32mDRR[0;m[1;34m <0001> gsm48_rr.c:3100 New SYSTEM INFORMATION 13 (EGPRS, RAC 0x00, NCO 0, MNO 1)[0;m
[1;34mWed Sep 30 13:00:07 2026 [1;33mDRR[0;m[1;34m <0001> sysinfo.c:860 Now updating previously received SYSTEM INFORMATION 4[0;m
[1;34mWed Sep 30 13:00:07 2026 [1;32mDRR[0;m[1;34m <0001> gsm48_rr.c:2758 New SYSTEM INFORMATION 1[0;m
[1;32mWed Sep 30 13:00:07 2026 [1;32mDMM[0;m[1;32m <0005> gsm48_mm.c:5058 (ms 1) Received 'MM_EVENT_CELL_SELECTED' event in state MM IDLE, no cell available[0;m
[1;32mWed Sep 30 13:00:07 2026 [1;32mDMM[0;m[1;32m <0005> gsm48_mm.c:1385 Valid in location area.[0;m
[1;32mWed Sep 30 13:00:07 2026 [1;32mDMM[0;m[1;32m <0005> gsm48_mm.c:1051 new MM IDLE state no cell available -> normal service[0;m
[32mWed Sep 30 13:00:07 2026 [1;33mDPLMN[0;m[32m <0002> gsm322.c:3783 Event EVENT_REG_SUCCESS unhandled in state A4 wait for PLMN to appear.[0;m
[1;34mWed Sep 30 13:00:07 2026 [1;32mDRR[0;m[1;34m <0001> gsm48_rr.c:835 MON: no cell info[0;m
[1;34mWed Sep 30 13:00:07 2026 [1;32mDRR[0;m[1;34m <0001> gsm322.c:2929 using DSC of 90[0;m
[1;34mWed Sep 30 13:00:08 2026 [1;32mDRR[0;m[1;34m <0001> gsm48_rr.c:835 MON: f=514 lev=>=-47 snr=83 ber= 48 CGI=001-01-1-6001[0;m
[1;33mWed Sep 30 13:00:08 2026 [1;34mDCC[0;m[1;33m <0006> transaction.c:71 ms 1 allocates transaction (proto 11 trans_id 0 callref 80000001 mem 0x596614f68730)[0;m
[1;32mWed Sep 30 13:00:08 2026 [1;32mDMM[0;m[1;32m <0005> gsm48_mm.c:4460 (ms 1) Received 'MMSS_EST_REQ' event in state MM idle[0;m
[1;32mWed Sep 30 13:00:08 2026 [1;32mDMM[0;m[1;32m <0005> gsm48_mm.c:4464 -> substate normal service[0;m
[1;32mWed Sep 30 13:00:08 2026 [1;32mDMM[0;m[1;32m <0005> gsm48_mm.c:4466 -> callref 80000001, transaction_id 0[0;m
[1;32mWed Sep 30 13:00:08 2026 [1;32mDMM[0;m[1;32m <0005> gsm48_mm.c:3222 Init MM Connection.[0;m
[1;32mWed Sep 30 13:00:08 2026 [1;32mDMM[0;m[1;32m <0005> gsm48_mm.c:1612 New MM Connection (proto 0x0b trans_id 0 sapi 0 ref 80000001)[0;m
[1;32mWed Sep 30 13:00:08 2026 [1;32mDMM[0;m[1;32m <0005> gsm48_mm.c:1549 (ref 0x80000001 proto 11) new state IDLE -> CONN_PEND[0;m
[1;32mWed Sep 30 13:00:08 2026 [1;32mDMM[0;m[1;32m <0005> gsm48_mm.c:3004 CM SERVICE REQUEST (cause 13)[0;m
[1;32mWed Sep 30 13:00:08 2026 [1;32mDMM[0;m[1;32m <0005> gsm48_mm.c:3038 -> Using TMSI[0;m
[1;34mWed Sep 30 13:00:08 2026 [1;32mDRR[0;m[1;34m <0001> gsm48_rr.c:7026 (ms 1) Message 'RR_EST_REQ' received in state idle (sapi 0)[0;m
[1;34mWed Sep 30 13:00:08 2026 [1;32mDRR[0;m[1;34m <0001> gsm48_rr.c:475 new state idle -> connection pending[0;m
[1;34mWed Sep 30 13:00:08 2026 [1;32mDRR[0;m[1;34m <0001> gsm48_rr.c:2433 CHANNEL REQUEST: 10 (OTHER with NECI)[0;m
[1;32mWed Sep 30 13:00:08 2026 [1;32mDMM[0;m[1;32m <0005> gsm48_mm.c:1056 new state MM IDLE, normal service -> wait for RR connection (MM connection)[0;m
[1;31mWed Sep 30 13:00:08 2026 [1;31mDL1C[0;m[1;31m <000e> l1ctl.c:141 FBSB RESP: result=255[0;m
[1;34mWed Sep 30 13:00:08 2026 [1;32mDRR[0;m[1;34m <0001> gsm322.c:2929 using DSC of 90[0;m
[1;34mWed Sep 30 13:00:08 2026 [1;32mDRR[0;m[1;34m <0001> gsm48_rr.c:2557 RANDOM ACCESS (requests left 8)[0;m
[1;34mWed Sep 30 13:00:08 2026 [1;32mDRR[0;m[1;34m <0001> gsm48_rr.c:2613 RANDOM ACCESS (Tx-integer 12 combined yes S(lots) 0 ra 0x18)[0;m
[1;34mWed Sep 30 13:00:08 2026 [1;32mDRR[0;m[1;34m <0001> gsm48_rr.c:2649 Use MS-TXPWR-MAX-CCH power value 7 (16 dBm)[0;m
[1;34mWed Sep 30 13:00:08 2026 [1;32mDRR[0;m[1;34m <0001> gsm48_rr.c:2557 RANDOM ACCESS (requests left 7)[0;m
[1;34mWed Sep 30 13:00:08 2026 [1;32mDRR[0;m[1;34m <0001> gsm48_rr.c:2613 RANDOM ACCESS (Tx-integer 12 combined yes S(lots) 115 ra 0x1c)[0;m
[1;34mWed Sep 30 13:00:08 2026 [1;32mDRR[0;m[1;34m <0001> gsm48_rr.c:2649 Use MS-TXPWR-MAX-CCH power value 7 (16 dBm)[0;m
[1;34mWed Sep 30 13:00:09 2026 [1;32mDRR[0;m[1;34m <0001> gsm48_rr.c:3443 IMMEDIATE ASSIGNMENT:[0;m
[1;34mWed Sep 30 13:00:09 2026 [1;32mDRR[0;m[1;34m <0001> gsm48_rr.c:3465  (ta 0/0m ra 0x18 chan_nr 0x41 ARFCN 514(DCS) TS 1 SS 0 TSC 7)[0;m
[1;34mWed Sep 30 13:00:09 2026 [1;32mDRR[0;m[1;34m <0001> gsm48_rr.c:3377 request 18 matches (fn=27,10,19)[0;m
[1;34mWed Sep 30 13:00:09 2026 [1;32mDRR[0;m[1;34m <0001> gsm48_rr.c:3495 resetting scheduler[0;m
[1;34mWed Sep 30 13:00:09 2026 [1;32mDRR[0;m[1;34m <0001> gsm48_rr.c:4261 sending establish message[0;m
[1;34mWed Sep 30 13:00:09 2026 [1;32mDRR[0;m[1;34m <0001> gsm48_rr.c:289 Using and incrementing V(SD) = 0 (pdisc 5)[0;m
[1;34mWed Sep 30 13:00:09 2026 [1;32mDRR[0;m[1;34m <0001> gsm48_rr.c:3992 setting indicated TA 0 (actual TA 0)[0;m
[1;34mWed Sep 30 13:00:09 2026 [1;32mDRR[0;m[1;34m <0001> gsm48_rr.c:4007 using last BCCH timeout 32[0;m
[1;34mWed Sep 30 13:00:09 2026 [1;32mDRR[0;m[1;34m <0001> gsm48_rr.c:1050 stopping pending timer T_meas[0;m
[1;34mWed Sep 30 13:00:09 2026 [1;32mDRR[0;m[1;34m <0001> gsm48_rr.c:3885 MEAS REP: pwr=7 TA=0 meas-invalid=1 rxlev-full=-110 rxlev-sub=-110 rxqual-full=0 rxqual-sub=0 dtx 0 ba 0 no-ncell-n 7[0;m
[1;34mWed Sep 30 13:00:09 2026 [1;32mDRR[0;m[1;34m <0001> gsm48_rr.c:4026 establishing channel in dedicated/group mode[0;m
[1;34mWed Sep 30 13:00:09 2026 [1;32mDRR[0;m[1;34m <0001> gsm48_rr.c:4035  Channel type 64, subch 0, ts 1, mode 0, audio-mode 0, flags 0x00, cipher 1[0;m
[1;31mWed Sep 30 13:00:09 2026 [1;33mDL1C[0;m[1;31m <000e> l1ctl.c:268 LOSS counter for ACCH 31[0;m
[1;31mWed Sep 30 13:00:09 2026 [1;33mDL1C[0;m[1;31m <000e> l1ctl.c:278 Dropping frame with 96 bit errors[0;m
[1;34mWed Sep 30 13:00:09 2026 [1;32mDRR[0;m[1;34m <0001> gsm48_rr.c:6317 DL SACCH indicates ta 0 (actual ta 0)[0;m
[1;34mWed Sep 30 13:00:09 2026 [1;32mDRR[0;m[1;34m <0001> gsm48_rr.c:6321 DL SACCH indicates tx_power 7[0;m
[1;34mWed Sep 30 13:00:09 2026 [1;32mDRR[0;m[1;34m <0001> gsm48_rr.c:3033 New SYSTEM INFORMATION 6 (lai=001-01-1 SACCH-timeout 32)[0;m
[1;34mWed Sep 30 13:00:09 2026 [1;32mDRR[0;m[1;34m <0001> gsm48_rr.c:3037 using (new) SACCH timeout 32[0;m
[1;34mWed Sep 30 13:00:09 2026 [1;32mDRR[0;m[1;34m <0001> gsm48_rr.c:475 new state connection pending -> dedicated[0;m
[1;32mWed Sep 30 13:00:09 2026 [1;32mDMM[0;m[1;32m <0005> gsm48_mm.c:4605 (ms 1) Received 'RR_EST_CNF' from RR in state wait for RR connection (MM connection) (sapi 0)[0;m
[1;32mWed Sep 30 13:00:09 2026 [1;32mDMM[0;m[1;32m <0005> gsm48_mm.c:551 starting T3230 (MM connection timeout) with 15.0 seconds[0;m
[1;32mWed Sep 30 13:00:09 2026 [1;32mDMM[0;m[1;32m <0005> gsm48_mm.c:1066 new state wait for RR connection (MM connection) -> wait for outgoing MM connection[0;m
[1;34mWed Sep 30 13:00:10 2026 [1;32mDRR[0;m[1;34m <0001> gsm48_rr.c:1219 CIPHERING MODE COMMAND (sc=1, algo=A5/1 cr=1)[0;m
[1;34mWed Sep 30 13:00:10 2026 [1;32mDRR[0;m[1;34m <0001> gsm48_rr.c:1166 CIPHERING MODE COMPLETE (cr 1)[0;m
[1;32mWed Sep 30 13:00:10 2026 [1;32mDMM[0;m[1;32m <0005> gsm48_mm.c:4605 (ms 1) Received 'RR_SYNC_IND' from RR in state wait for outgoing MM connection (sapi 0)[0;m
[1;32mWed Sep 30 13:00:10 2026 [1;32mDMM[0;m[1;32m <0005> gsm48_mm.c:615 stopping pending (MM connection timeout) timer T3230[0;m
[1;32mWed Sep 30 13:00:10 2026 [1;32mDMM[0;m[1;32m <0005> gsm48_mm.c:1066 new state wait for outgoing MM connection -> MM connection active[0;m
[1;32mWed Sep 30 13:00:10 2026 [1;32mDMM[0;m[1;32m <0005> gsm48_mm.c:1549 (ref 0x80000001 proto 11) new state CONN_PEND -> DEDICATED[0;m
[1;32mWed Sep 30 13:00:10 2026 [1;32mDMM[0;m[1;32m <0005> gsm48_mm.c:4460 (ms 1) Received 'MMSS_DATA_REQ' event in state MM connection active[0;m
[1;32mWed Sep 30 13:00:10 2026 [1;32mDMM[0;m[1;32m <0005> gsm48_mm.c:4466 -> callref 80000001, transaction_id 0[0;m
[1;34mWed Sep 30 13:00:10 2026 [1;32mDRR[0;m[1;34m <0001> gsm48_rr.c:7026 (ms 1) Message 'RR_DATA_REQ' received in state dedicated (sapi 0)[0;m
[1;34mWed Sep 30 13:00:10 2026 [1;32mDRR[0;m[1;34m <0001> gsm48_rr.c:289 Using and incrementing V(SD) = 1 (pdisc 5)[0;m
[1;34mWed Sep 30 13:00:10 2026 [1;32mDRR[0;m[1;34m <0001> gsm48_rr.c:835 MON: f=514 lev=>=-47 snr=76 ber= 56 CGI=001-01-1-6001 TA=0 pwr=7 TS=1/0[0;m
[1;34mWed Sep 30 13:00:10 2026 [1;32mDRR[0;m[1;34m <0001> gsm48_rr.c:3885 MEAS REP: pwr=7 TA=0 meas-invalid=0 rxlev-full=-47 rxlev-sub=-47 rxqual-full=0 rxqual-sub=0 dtx 0 ba 0 no-ncell-n 7[0;m
[1;31mWed Sep 30 13:00:10 2026 [1;33mDL1C[0;m[1;31m <000e> l1ctl.c:268 LOSS counter for ACCH 31[0;m
[1;31mWed Sep 30 13:00:10 2026 [1;33mDL1C[0;m[1;31m <000e> l1ctl.c:278 Dropping frame with 95 bit errors[0;m
[1;31mWed Sep 30 13:00:10 2026 [1;33mDL1C[0;m[1;31m <000e> l1ctl.c:278 Dropping frame with 83 bit errors[0;m
[1;31mWed Sep 30 13:00:10 2026 [1;33mDL1C[0;m[1;31m <000e> l1ctl.c:278 Dropping frame with 98 bit errors[0;m
[1;34mWed Sep 30 13:00:10 2026 [1;32mDRR[0;m[1;34m <0001> gsm48_rr.c:6317 DL SACCH indicates ta 0 (actual ta 0)[0;m
[1;34mWed Sep 30 13:00:10 2026 [1;32mDRR[0;m[1;34m <0001> gsm48_rr.c:6321 DL SACCH indicates tx_power 7[0;m
[1;34mWed Sep 30 13:00:11 2026 [1;32mDRR[0;m[1;34m <0001> gsm48_rr.c:835 MON: f=514 lev=>=-47 snr=80 ber= 71 CGI=001-01-1-6001 TA=0 pwr=7 TS=1/0[0;m
[1;34mWed Sep 30 13:00:11 2026 [1;32mDRR[0;m[1;34m <0001> gsm48_rr.c:3885 MEAS REP: pwr=7 TA=0 meas-invalid=0 rxlev-full=-47 rxlev-sub=-47 rxqual-full=0 rxqual-sub=0 dtx 0 ba 0 no-ncell-n 7[0;m
[1;34mWed Sep 30 13:00:11 2026 [1;32mDRR[0;m[1;34m <0001> gsm48_rr.c:6317 DL SACCH indicates ta 0 (actual ta 0)[0;m
[1;34mWed Sep 30 13:00:11 2026 [1;32mDRR[0;m[1;34m <0001> gsm48_rr.c:6321 DL SACCH indicates tx_power 7[0;m
[1;34mWed Sep 30 13:00:11 2026 [1;32mDRR[0;m[1;34m <0001> gsm48_rr.c:2940 New SYSTEM INFORMATION 5[0;m
[1;34mWed Sep 30 13:00:11 2026 [1;33mDRR[0;m[1;34m <0001> gsm48_rr.c:2688 Complete set of SI5* for BA(1)[0;m
[1;34mWed Sep 30 13:00:11 2026 [1;33mDRR[0;m[1;34m <0001> gsm48_rr.c:2703 SI5/SI5bis report arfcn 614(DCS) (index 0)[0;m
[1;31mWed Sep 30 13:00:11 2026 [1;33mDL1C[0;m[1;31m <000e> l1ctl.c:268 LOSS counter for ACCH 31[0;m
[1;31mWed Sep 30 13:00:11 2026 [1;33mDL1C[0;m[1;31m <000e> l1ctl.c:278 Dropping frame with 97 bit errors[0;m
[1;31mWed Sep 30 13:00:12 2026 [1;33mDL1C[0;m[1;31m <000e> l1ctl.c:268 LOSS counter for ACCH 30[0;m
[1;31mWed Sep 30 13:00:12 2026 [1;33mDL1C[0;m[1;31m <000e> l1ctl.c:278 Dropping frame with 100 bit errors[0;m
[1;34mWed Sep 30 13:00:12 2026 [1;32mDRR[0;m[1;34m <0001> gsm48_rr.c:835 MON: f=514 lev=>=-47 snr=70 ber= 58 CGI=001-01-1-6001 TA=0 pwr=7 TS=1/0[0;m
[1;34mWed Sep 30 13:00:12 2026 [1;32mDRR[0;m[1;34m <0001> gsm48_rr.c:3885 MEAS REP: pwr=7 TA=0 meas-invalid=0 rxlev-full=-47 rxlev-sub=-47 rxqual-full=0 rxqual-sub=0 dtx 0 ba 1 no-ncell-n 0[0;m
[1;31mWed Sep 30 13:00:12 2026 [1;33mDL1C[0;m[1;31m <000e> l1ctl.c:268 LOSS counter for ACCH 29[0;m
[1;31mWed Sep 30 13:00:12 2026 [1;33mDL1C[0;m[1;31m <000e> l1ctl.c:278 Dropping frame with 92 bit errors[0;m
[1;32mWed Sep 30 13:00:12 2026 [1;32mDMM[0;m[1;32m <0005> gsm48_mm.c:4605 (ms 1) Received 'RR_DATA_IND' from RR in state MM connection active (sapi 0)[0;m
[1;32mWed Sep 30 13:00:12 2026 [1;32mDMM[0;m[1;32m <0005> gsm48_mm.c:4460 (ms 1) Received 'MMSS_REL_REQ' event in state MM connection active[0;m
[1;32mWed Sep 30 13:00:12 2026 [1;32mDMM[0;m[1;32m <0005> gsm48_mm.c:4466 -> callref 80000001, transaction_id 0[0;m
[1;32mWed Sep 30 13:00:12 2026 [1;32mDMM[0;m[1;32m <0005> gsm48_mm.c:1630 Freeing MM Connection[0;m
[1;32mWed Sep 30 13:00:12 2026 [1;32mDMM[0;m[1;32m <0005> gsm48_mm.c:1549 (ref 0x80000001 proto 11) new state DEDICATED -> IDLE[0;m
[1;32mWed Sep 30 13:00:12 2026 [1;32mDMM[0;m[1;32m <0005> gsm48_mm.c:560 starting T3240 (RR release timeout) with 10.0 seconds[0;m
[1;32mWed Sep 30 13:00:12 2026 [1;32mDMM[0;m[1;32m <0005> gsm48_mm.c:1066 new state MM connection active -> wait for network command[0;m
[1;33mWed Sep 30 13:00:12 2026 [1;34mDCC[0;m[1;33m <0006> transaction.c:108 ms 1 frees transaction (mem 0x596614f68730)[0;m
[1;31mWed Sep 30 13:00:13 2026 [1;33mDL1C[0;m[1;31m <000e> l1ctl.c:268 LOSS counter for ACCH 28[0;m
[1;31mWed Sep 30 13:00:13 2026 [1;33mDL1C[0;m[1;31m <000e> l1ctl.c:278 Dropping frame with 89 bit errors[0;m
[1;34mWed Sep 30 13:00:13 2026 [1;32mDRR[0;m[1;34m <0001> gsm48_rr.c:835 MON: f=514 lev=>=-47 snr=71 ber= 61 CGI=001-01-1-6001 TA=0 pwr=7 TS=1/0[0;m
[1;34mWed Sep 30 13:00:13 2026 [1;32mDRR[0;m[1;34m <0001> gsm48_rr.c:3885 MEAS REP: pwr=7 TA=0 meas-invalid=0 rxlev-full=-47 rxlev-sub=-47 rxqual-full=0 rxqual-sub=0 dtx 0 ba 1 no-ncell-n 0[0;m
[1;34mWed Sep 30 13:00:13 2026 [1;32mDRR[0;m[1;34m <0001> gsm48_rr.c:4432 channel release request with cause 0x00[0;m
[1;34mWed Sep 30 13:00:13 2026 [1;32mDRR[0;m[1;34m <0001> gsm48_rr.c:475 new state dedicated -> release pending[0;m
[1;34mWed Sep 30 13:00:13 2026 [1;32mDRR[0;m[1;34m <0001> gsm48_rr.c:995 starting T3110 with 1.500 seconds[0;m
[1;31mWed Sep 30 13:00:13 2026 [1;33mDL1C[0;m[1;31m <000e> l1ctl.c:268 LOSS counter for ACCH 27[0;m
[1;31mWed Sep 30 13:00:13 2026 [1;33mDL1C[0;m[1;31m <000e> l1ctl.c:278 Dropping frame with 93 bit errors[0;m
[1;31mWed Sep 30 13:00:13 2026 [1;33mDL1C[0;m[1;31m <000e> l1ctl.c:278 Dropping frame with 96 bit errors[0;m
[1;31mWed Sep 30 13:00:13 2026 [1;33mDL1C[0;m[1;31m <000e> l1ctl.c:278 Dropping frame with 97 bit errors[0;m
[1;31mWed Sep 30 13:00:13 2026 [1;33mDL1C[0;m[1;31m <000e> l1ctl.c:268 LOSS counter for ACCH 26[0;m
[1;31mWed Sep 30 13:00:13 2026 [1;33mDL1C[0;m[1;31m <000e> l1ctl.c:278 Dropping frame with 94 bit errors[0;m
[1;31mWed Sep 30 13:00:14 2026 [1;33mDL1C[0;m[1;31m <000e> l1ctl.c:278 Dropping frame with 93 bit errors[0;m
[1;34mWed Sep 30 13:00:14 2026 [1;32mDRR[0;m[1;34m <0001> gsm48_rr.c:835 MON: f=514 lev=>=-47 snr=51 ber= 88 CGI=001-01-1-6001[0;m
[1;34mWed Sep 30 13:00:14 2026 [1;32mDRR[0;m[1;34m <0001> gsm48_rr.c:3885 MEAS REP: pwr=7 TA=0 meas-invalid=0 rxlev-full=-47 rxlev-sub=-47 rxqual-full=0 rxqual-sub=0 dtx 0 ba 1 no-ncell-n 0[0;m
[1;31mWed Sep 30 13:00:14 2026 [1;33mDL1C[0;m[1;31m <000e> l1ctl.c:278 Dropping frame with 88 bit errors[0;m
[1;31mWed Sep 30 13:00:14 2026 [1;33mDL1C[0;m[1;31m <000e> l1ctl.c:268 LOSS counter for ACCH 25[0;m
[1;31mWed Sep 30 13:00:14 2026 [1;33mDL1C[0;m[1;31m <000e> l1ctl.c:278 Dropping frame with 101 bit errors[0;m
[1;31mWed Sep 30 13:00:14 2026 [1;33mDL1C[0;m[1;31m <000e> l1ctl.c:278 Dropping frame with 103 bit errors[0;m
[1;31mWed Sep 30 13:00:14 2026 [1;33mDL1C[0;m[1;31m <000e> l1ctl.c:278 Dropping frame with 97 bit errors[0;m
[1;34mWed Sep 30 13:00:14 2026 [1;32mDRR[0;m[1;34m <0001> gsm48_rr.c:893 timer T3110 has fired, release locally[0;m
[1;34mWed Sep 30 13:00:14 2026 [1;32mDRR[0;m[1;34m <0001> gsm48_rr.c:470 equal state ? release pending[0;m
[1;34mWed Sep 30 13:00:14 2026 [1;32mDRR[0;m[1;34m <0001> gsm48_rr.c:475 new state release pending -> idle[0;m
[1;34mWed Sep 30 13:00:14 2026 [1;32mDRR[0;m[1;34m <0001> gsm48_rr.c:498 Returning to IDLE mode.[0;m
[1;32mWed Sep 30 13:00:14 2026 [1;32mDMM[0;m[1;32m <0005> gsm48_mm.c:4605 (ms 1) Received 'RR_REL_IND' from RR in state wait for network command (sapi 0)[0;m
[1;32mWed Sep 30 13:00:14 2026 [1;32mDMM[0;m[1;32m <0005> gsm48_mm.c:624 stopping pending (RR release timeout) timer T3240[0;m
[1;32mWed Sep 30 13:00:14 2026 [1;32mDMM[0;m[1;32m <0005> gsm48_mm.c:1254 Not camping, wait for CS process to camp, it sends us CELL_SELECTED then.[0;m
[1;31mWed Sep 30 13:00:15 2026 [1;31mDL1C[0;m[1;31m <000e> l1ctl.c:141 FBSB RESP: result=255[0;m
[1;31mWed Sep 30 13:00:15 2026 [1;31mDL1C[0;m[1;31m <000e> l1ctl.c:141 FBSB RESP: result=255[0;m
[1;32mWed Sep 30 13:00:15 2026 [1;32mDMM[0;m[1;32m <0005> gsm48_mm.c:5063 (ms 1) Received 'MM_EVENT_NO_CELL_FOUND' event in state wait for network command[0;m
[1;32mWed Sep 30 13:00:15 2026 [1;32mDMM[0;m[1;32m <0005> gsm48_mm.c:1061 new state wait for network command -> MM IDLE, no cell available[0;m
[1;34mWed Sep 30 13:00:15 2026 [1;32mDRR[0;m[1;34m <0001> gsm322.c:2929 using DSC of 90[0;m
[1;34mWed Sep 30 13:00:15 2026 [1;32mDRR[0;m[1;34m <0001> gsm48_rr.c:2910 New SYSTEM INFORMATION 4 (lai=001-01-1)[0;m
[1;34mWed Sep 30 13:00:15 2026 [1;32mDRR[0;m[1;34m <0001> gsm48_rr.c:3100 New SYSTEM INFORMATION 13 (EGPRS, RAC 0x00, NCO 0, MNO 1)[0;m
[1;34mWed Sep 30 13:00:15 2026 [1;32mDRR[0;m[1;34m <0001> gsm48_rr.c:2787 New SYSTEM INFORMATION 2[0;m
[1;34mWed Sep 30 13:00:16 2026 [1;32mDRR[0;m[1;34m <0001> sysinfo.c:947 New SYSTEM INFORMATION 3 (lai=001-01-1)[0;m
[1;34mWed Sep 30 13:00:16 2026 [1;33mDRR[0;m[1;34m <0001> gsm48_rr.c:2878 Changing CCCH_MODE to 2[0;m
[1;34mWed Sep 30 13:00:16 2026 [1;33mDRR[0;m[1;34m <0001> sysinfo.c:860 Now updating previously received SYSTEM INFORMATION 4[0;m
[1;34mWed Sep 30 13:00:16 2026 [1;32mDRR[0;m[1;34m <0001> gsm48_rr.c:2758 New SYSTEM INFORMATION 1[0;m
[32mWed Sep 30 13:00:16 2026 [1;31mDPLMN[0;m[32m <0002> gsm322.c:810 not in manual mode, please fix![0;m
[1;34mWed Sep 30 13:00:16 2026 [1;32mDRR[0;m[1;34m <0001> gsm322.c:2929 using DSC of 90[0;m
[1;34mWed Sep 30 13:00:16 2026 [1;32mDRR[0;m[1;34m <0001> gsm48_rr.c:2787 New SYSTEM INFORMATION 2[0;m
[1;34mWed Sep 30 13:00:17 2026 [1;32mDRR[0;m[1;34m <0001> sysinfo.c:947 New SYSTEM INFORMATION 3 (lai=001-01-1)[0;m
[1;34mWed Sep 30 13:00:17 2026 [1;33mDRR[0;m[1;34m <0001> gsm48_rr.c:2878 Changing CCCH_MODE to 2[0;m
[1;34mWed Sep 30 13:00:17 2026 [1;32mDRR[0;m[1;34m <0001> gsm48_rr.c:2910 New SYSTEM INFORMATION 4 (lai=001-01-1)[0;m
[1;34mWed Sep 30 13:00:17 2026 [1;32mDRR[0;m[1;34m <0001> gsm48_rr.c:3100 New SYSTEM INFORMATION 13 (EGPRS, RAC 0x00, NCO 0, MNO 1)[0;m
[1;34mWed Sep 30 13:00:18 2026 [1;33mDRR[0;m[1;34m <0001> sysinfo.c:860 Now updating previously received SYSTEM INFORMATION 4[0;m
[1;34mWed Sep 30 13:00:18 2026 [1;32mDRR[0;m[1;34m <0001> gsm48_rr.c:2758 New SYSTEM INFORMATION 1[0;m
[1;32mWed Sep 30 13:00:18 2026 [1;32mDMM[0;m[1;32m <0005> gsm48_mm.c:5058 (ms 1) Received 'MM_EVENT_CELL_SELECTED' event in state MM IDLE, no cell available[0;m
[1;32mWed Sep 30 13:00:18 2026 [1;32mDMM[0;m[1;32m <0005> gsm48_mm.c:1385 Valid in location area.[0;m
[1;32mWed Sep 30 13:00:18 2026 [1;32mDMM[0;m[1;32m <0005> gsm48_mm.c:1051 new MM IDLE state no cell available -> normal service[0;m
[32mWed Sep 30 13:00:18 2026 [1;33mDPLMN[0;m[32m <0002> gsm322.c:3783 Event EVENT_REG_SUCCESS unhandled in state A4 wait for PLMN to appear.[0;m
[1;34mWed Sep 30 13:00:18 2026 [1;32mDRR[0;m[1;34m <0001> gsm322.c:2929 using DSC of 90[0;m
[1;34mWed Sep 30 13:00:19 2026 [1;32mDRR[0;m[1;34m <0001> gsm48_rr.c:835 MON: f=514 lev=>=-47 snr=83 ber= 47 CGI=001-01-1-6001[0;m
[1;34mWed Sep 30 13:00:20 2026 [1;32mDRR[0;m[1;34m <0001> gsm48_rr.c:835 MON: f=514 lev=>=-47 snr=83 ber= 48 CGI=001-01-1-6001[0;m
[1;34mWed Sep 30 13:00:21 2026 [1;32mDRR[0;m[1;34m <0001> gsm48_rr.c:835 MON: f=514 lev=>=-47 snr=83 ber= 47 CGI=001-01-1-6001[0;m
[1;34mWed Sep 30 13:00:22 2026 [1;32mDRR[0;m[1;34m <0001> gsm48_rr.c:835 MON: f=514 lev=>=-47 snr=83 ber= 49 CGI=001-01-1-6001[0;m
[1;34mWed Sep 30 13:00:23 2026 [1;32mDRR[0;m[1;34m <0001> gsm48_rr.c:835 MON: f=514 lev=>=-47 snr=83 ber= 47 CGI=001-01-1-6001[0;m
[1;33mWed Sep 30 13:00:23 2026 [1;34mDCC[0;m[1;33m <0006> transaction.c:71 ms 1 allocates transaction (proto 11 trans_id 0 callref 80000002 mem 0x596614f687c0)[0;m
[1;32mWed Sep 30 13:00:23 2026 [1;32mDMM[0;m[1;32m <0005> gsm48_mm.c:4460 (ms 1) Received 'MMSS_EST_REQ' event in state MM idle[0;m
[1;32mWed Sep 30 13:00:23 2026 [1;32mDMM[0;m[1;32m <0005> gsm48_mm.c:4464 -> substate normal service[0;m
[1;32mWed Sep 30 13:00:23 2026 [1;32mDMM[0;m[1;32m <0005> gsm48_mm.c:4466 -> callref 80000002, transaction_id 0[0;m
[1;32mWed Sep 30 13:00:23 2026 [1;32mDMM[0;m[1;32m <0005> gsm48_mm.c:3222 Init MM Connection.[0;m
[1;32mWed Sep 30 13:00:23 2026 [1;32mDMM[0;m[1;32m <0005> gsm48_mm.c:1612 New MM Connection (proto 0x0b trans_id 0 sapi 0 ref 80000002)[0;m
[1;32mWed Sep 30 13:00:23 2026 [1;32mDMM[0;m[1;32m <0005> gsm48_mm.c:1549 (ref 0x80000002 proto 11) new state IDLE -> CONN_PEND[0;m
[1;32mWed Sep 30 13:00:23 2026 [1;32mDMM[0;m[1;32m <0005> gsm48_mm.c:3004 CM SERVICE REQUEST (cause 13)[0;m
[1;32mWed Sep 30 13:00:23 2026 [1;32mDMM[0;m[1;32m <0005> gsm48_mm.c:3038 -> Using TMSI[0;m
[1;34mWed Sep 30 13:00:23 2026 [1;32mDRR[0;m[1;34m <0001> gsm48_rr.c:7026 (ms 1) Message 'RR_EST_REQ' received in state idle (sapi 0)[0;m
[1;34mWed Sep 30 13:00:23 2026 [1;32mDRR[0;m[1;34m <0001> gsm48_rr.c:475 new state idle -> connection pending[0;m
[1;34mWed Sep 30 13:00:23 2026 [1;32mDRR[0;m[1;34m <0001> gsm48_rr.c:2433 CHANNEL REQUEST: 10 (OTHER with NECI)[0;m
[1;32mWed Sep 30 13:00:23 2026 [1;32mDMM[0;m[1;32m <0005> gsm48_mm.c:1056 new state MM IDLE, normal service -> wait for RR connection (MM connection)[0;m
[1;34mWed Sep 30 13:00:23 2026 [1;32mDRR[0;m[1;34m <0001> gsm322.c:2929 using DSC of 90[0;m
[1;34mWed Sep 30 13:00:23 2026 [1;32mDRR[0;m[1;34m <0001> gsm48_rr.c:2557 RANDOM ACCESS (requests left 8)[0;m
[1;34mWed Sep 30 13:00:23 2026 [1;32mDRR[0;m[1;34m <0001> gsm48_rr.c:2613 RANDOM ACCESS (Tx-integer 12 combined yes S(lots) 0 ra 0x14)[0;m
[1;34mWed Sep 30 13:00:23 2026 [1;32mDRR[0;m[1;34m <0001> gsm48_rr.c:2649 Use MS-TXPWR-MAX-CCH power value 7 (16 dBm)[0;m
[1;34mWed Sep 30 13:00:23 2026 [1;32mDRR[0;m[1;34m <0001> gsm48_rr.c:2557 RANDOM ACCESS (requests left 7)[0;m
[1;34mWed Sep 30 13:00:23 2026 [1;32mDRR[0;m[1;34m <0001> gsm48_rr.c:2613 RANDOM ACCESS (Tx-integer 12 combined yes S(lots) 115 ra 0x1d)[0;m
[1;34mWed Sep 30 13:00:23 2026 [1;32mDRR[0;m[1;34m <0001> gsm48_rr.c:2649 Use MS-TXPWR-MAX-CCH power value 7 (16 dBm)[0;m
[1;34mWed Sep 30 13:00:23 2026 [1;32mDRR[0;m[1;34m <0001> gsm48_rr.c:3443 IMMEDIATE ASSIGNMENT:[0;m
[1;34mWed Sep 30 13:00:23 2026 [1;32mDRR[0;m[1;34m <0001> gsm48_rr.c:3465  (ta 0/0m ra 0x14 chan_nr 0x41 ARFCN 514(DCS) TS 1 SS 0 TSC 7)[0;m
[1;34mWed Sep 30 13:00:23 2026 [1;32mDRR[0;m[1;34m <0001> gsm48_rr.c:3377 request 14 matches (fn=29,6,26)[0;m
[1;34mWed Sep 30 13:00:23 2026 [1;32mDRR[0;m[1;34m <0001> gsm48_rr.c:3495 resetting scheduler[0;m
[1;34mWed Sep 30 13:00:23 2026 [1;32mDRR[0;m[1;34m <0001> gsm48_rr.c:4261 sending establish message[0;m
[1;34mWed Sep 30 13:00:23 2026 [1;32mDRR[0;m[1;34m <0001> gsm48_rr.c:289 Using and incrementing V(SD) = 0 (pdisc 5)[0;m
[1;34mWed Sep 30 13:00:23 2026 [1;32mDRR[0;m[1;34m <0001> gsm48_rr.c:3992 setting indicated TA 0 (actual TA 0)[0;m
[1;34mWed Sep 30 13:00:23 2026 [1;32mDRR[0;m[1;34m <0001> gsm48_rr.c:4007 using last BCCH timeout 32[0;m
[1;34mWed Sep 30 13:00:23 2026 [1;32mDRR[0;m[1;34m <0001> gsm48_rr.c:1050 stopping pending timer T_meas[0;m
[1;34mWed Sep 30 13:00:23 2026 [1;32mDRR[0;m[1;34m <0001> gsm48_rr.c:3885 MEAS REP: pwr=7 TA=0 meas-invalid=1 rxlev-full=-110 rxlev-sub=-110 rxqual-full=0 rxqual-sub=0 dtx 0 ba 0 no-ncell-n 7[0;m
[1;34mWed Sep 30 13:00:23 2026 [1;32mDRR[0;m[1;34m <0001> gsm48_rr.c:4026 establishing channel in dedicated/group mode[0;m
[1;34mWed Sep 30 13:00:23 2026 [1;32mDRR[0;m[1;34m <0001> gsm48_rr.c:4035  Channel type 64, subch 0, ts 1, mode 0, audio-mode 0, flags 0x00, cipher 1[0;m
[1;31mWed Sep 30 13:00:24 2026 [1;33mDL1C[0;m[1;31m <000e> l1ctl.c:278 Dropping frame with 70 bit errors[0;m
[1;34mWed Sep 30 13:00:24 2026 [1;32mDRR[0;m[1;34m <0001> gsm48_rr.c:6317 DL SACCH indicates ta 0 (actual ta 0)[0;m
[1;34mWed Sep 30 13:00:24 2026 [1;32mDRR[0;m[1;34m <0001> gsm48_rr.c:6321 DL SACCH indicates tx_power 7[0;m
[1;34mWed Sep 30 13:00:24 2026 [1;32mDRR[0;m[1;34m <0001> gsm48_rr.c:3033 New SYSTEM INFORMATION 6 (lai=001-01-1 SACCH-timeout 32)[0;m
[1;34mWed Sep 30 13:00:24 2026 [1;32mDRR[0;m[1;34m <0001> gsm48_rr.c:3037 using (new) SACCH timeout 32[0;m
[1;34mWed Sep 30 13:00:24 2026 [1;32mDRR[0;m[1;34m <0001> gsm48_rr.c:475 new state connection pending -> dedicated[0;m
[1;32mWed Sep 30 13:00:24 2026 [1;32mDMM[0;m[1;32m <0005> gsm48_mm.c:4605 (ms 1) Received 'RR_EST_CNF' from RR in state wait for RR connection (MM connection) (sapi 0)[0;m
[1;32mWed Sep 30 13:00:24 2026 [1;32mDMM[0;m[1;32m <0005> gsm48_mm.c:551 starting T3230 (MM connection timeout) with 15.0 seconds[0;m
[1;32mWed Sep 30 13:00:24 2026 [1;32mDMM[0;m[1;32m <0005> gsm48_mm.c:1066 new state wait for RR connection (MM connection) -> wait for outgoing MM connection[0;m
[1;34mWed Sep 30 13:00:24 2026 [1;32mDRR[0;m[1;34m <0001> gsm48_rr.c:6317 DL SACCH indicates ta 0 (actual ta 0)[0;m
[1;34mWed Sep 30 13:00:24 2026 [1;32mDRR[0;m[1;34m <0001> gsm48_rr.c:6321 DL SACCH indicates tx_power 7[0;m
[1;34mWed Sep 30 13:00:24 2026 [1;32mDRR[0;m[1;34m <0001> gsm48_rr.c:2940 New SYSTEM INFORMATION 5[0;m
[1;34mWed Sep 30 13:00:24 2026 [1;33mDRR[0;m[1;34m <0001> gsm48_rr.c:2688 Complete set of SI5* for BA(1)[0;m
[1;34mWed Sep 30 13:00:24 2026 [1;33mDRR[0;m[1;34m <0001> gsm48_rr.c:2703 SI5/SI5bis report arfcn 614(DCS) (index 0)[0;m
[1;32mWed Sep 30 13:00:24 2026 [1;32mDMM[0;m[1;32m <0005> gsm48_mm.c:4605 (ms 1) Received 'RR_DATA_IND' from RR in state wait for outgoing MM connection (sapi 0)[0;m
[1;32mWed Sep 30 13:00:24 2026 [1;32mDMM[0;m[1;32m <0005> gsm48_mm.c:4818 (ms 1) Received 'MT_MM_AUTH_REQ' in MM state wait for outgoing MM connection[0;m
[1;32mWed Sep 30 13:00:24 2026 [1;32mDMM[0;m[1;32m <0005> gsm48_mm.c:588 stopping pending (periodic loc. upd. delay) timer T3212[0;m
[1;32mWed Sep 30 13:00:24 2026 [1;32mDMM[0;m[1;32m <0005> gsm48_mm.c:1833 AUTHENTICATION REQUEST (seq 1)[0;m
[1;32mWed Sep 30 13:00:24 2026 [1;32mDMM[0;m[1;32m <0005> subscriber.c:658 Sending authentication response[0;m
[1;32mWed Sep 30 13:00:24 2026 [1;32mDMM[0;m[1;32m <0005> gsm48_mm.c:5063 (ms 1) Received 'MM_EVENT_AUTH_RESPONSE' event in state wait for outgoing MM connection[0;m
[1;32mWed Sep 30 13:00:24 2026 [1;32mDMM[0;m[1;32m <0005> gsm48_mm.c:1857 AUTHENTICATION RESPONSE[0;m
[1;34mWed Sep 30 13:00:24 2026 [1;32mDRR[0;m[1;34m <0001> gsm48_rr.c:7026 (ms 1) Message 'RR_DATA_REQ' received in state dedicated (sapi 0)[0;m
[1;34mWed Sep 30 13:00:24 2026 [1;32mDRR[0;m[1;34m <0001> gsm48_rr.c:289 Using and incrementing V(SD) = 1 (pdisc 5)[0;m
[1;34mWed Sep 30 13:00:24 2026 [1;32mDRR[0;m[1;34m <0001> gsm48_rr.c:835 MON: f=514 lev=>=-47 snr=83 ber= 46 CGI=001-01-1-6001 TA=0 pwr=7 TS=1/0[0;m
[1;34mWed Sep 30 13:00:24 2026 [1;32mDRR[0;m[1;34m <0001> gsm48_rr.c:3885 MEAS REP: pwr=7 TA=0 meas-invalid=0 rxlev-full=-47 rxlev-sub=-47 rxqual-full=0 rxqual-sub=0 dtx 0 ba 1 no-ncell-n 0[0;m
[1;34mWed Sep 30 13:00:25 2026 [1;32mDRR[0;m[1;34m <0001> gsm48_rr.c:6317 DL SACCH indicates ta 0 (actual ta 0)[0;m
[1;34mWed Sep 30 13:00:25 2026 [1;32mDRR[0;m[1;34m <0001> gsm48_rr.c:6321 DL SACCH indicates tx_power 8[0;m
[1;34mWed Sep 30 13:00:25 2026 [1;32mDRR[0;m[1;34m <0001> gsm48_rr.c:6325 Applying new ta and tx_power[0;m
[1;34mWed Sep 30 13:00:25 2026 [1;32mDRR[0;m[1;34m <0001> gsm48_rr.c:6317 DL SACCH indicates ta 0 (actual ta 0)[0;m
[1;34mWed Sep 30 13:00:25 2026 [1;32mDRR[0;m[1;34m <0001> gsm48_rr.c:6321 DL SACCH indicates tx_power 8[0;m
[1;34mWed Sep 30 13:00:25 2026 [1;32mDRR[0;m[1;34m <0001> gsm48_rr.c:1219 CIPHERING MODE COMMAND (sc=1, algo=A5/1 cr=1)[0;m
[1;34mWed Sep 30 13:00:25 2026 [1;32mDRR[0;m[1;34m <0001> gsm48_rr.c:1166 CIPHERING MODE COMPLETE (cr 1)[0;m
[1;32mWed Sep 30 13:00:25 2026 [1;32mDMM[0;m[1;32m <0005> gsm48_mm.c:4605 (ms 1) Received 'RR_SYNC_IND' from RR in state wait for outgoing MM connection (sapi 0)[0;m
[1;32mWed Sep 30 13:00:25 2026 [1;32mDMM[0;m[1;32m <0005> gsm48_mm.c:615 stopping pending (MM connection timeout) timer T3230[0;m
[1;32mWed Sep 30 13:00:25 2026 [1;32mDMM[0;m[1;32m <0005> gsm48_mm.c:1066 new state wait for outgoing MM connection -> MM connection active[0;m
[1;32mWed Sep 30 13:00:25 2026 [1;32mDMM[0;m[1;32m <0005> gsm48_mm.c:1549 (ref 0x80000002 proto 11) new state CONN_PEND -> DEDICATED[0;m
[1;32mWed Sep 30 13:00:25 2026 [1;32mDMM[0;m[1;32m <0005> gsm48_mm.c:4460 (ms 1) Received 'MMSS_DATA_REQ' event in state MM connection active[0;m
[1;32mWed Sep 30 13:00:25 2026 [1;32mDMM[0;m[1;32m <0005> gsm48_mm.c:4466 -> callref 80000002, transaction_id 0[0;m
[1;34mWed Sep 30 13:00:25 2026 [1;32mDRR[0;m[1;34m <0001> gsm48_rr.c:7026 (ms 1) Message 'RR_DATA_REQ' received in state dedicated (sapi 0)[0;m
[1;34mWed Sep 30 13:00:25 2026 [1;32mDRR[0;m[1;34m <0001> gsm48_rr.c:289 Using and incrementing V(SD) = 0 (pdisc 5)[0;m
[1;34mWed Sep 30 13:00:25 2026 [1;32mDRR[0;m[1;34m <0001> gsm48_rr.c:835 MON: f=514 lev=>=-47 snr=82 ber= 45 CGI=001-01-1-6001 TA=0 pwr=8 TS=1/0[0;m
[1;34mWed Sep 30 13:00:25 2026 [1;32mDRR[0;m[1;34m <0001> gsm48_rr.c:3885 MEAS REP: pwr=8 TA=0 meas-invalid=0 rxlev-full=-47 rxlev-sub=-47 rxqual-full=0 rxqual-sub=0 dtx 0 ba 1 no-ncell-n 0[0;m
[1;31mWed Sep 30 13:00:26 2026 [1;33mDL1C[0;m[1;31m <000e> l1ctl.c:278 Dropping frame with 84 bit errors[0;m
[1;31mWed Sep 30 13:00:26 2026 [1;33mDL1C[0;m[1;31m <000e> l1ctl.c:268 LOSS counter for ACCH 31[0;m
[1;31mWed Sep 30 13:00:26 2026 [1;33mDL1C[0;m[1;31m <000e> l1ctl.c:278 Dropping frame with 86 bit errors[0;m
[1;31mWed Sep 30 13:00:26 2026 [1;33mDL1C[0;m[1;31m <000e> l1ctl.c:278 Dropping frame with 86 bit errors[0;m
[1;34mWed Sep 30 13:00:26 2026 [1;32mDRR[0;m[1;34m <0001> gsm48_rr.c:6317 DL SACCH indicates ta 0 (actual ta 0)[0;m
[1;34mWed Sep 30 13:00:26 2026 [1;32mDRR[0;m[1;34m <0001> gsm48_rr.c:6321 DL SACCH indicates tx_power 8[0;m
[1;34mWed Sep 30 13:00:26 2026 [1;32mDRR[0;m[1;34m <0001> gsm48_rr.c:835 MON: f=514 lev=>=-47 snr=79 ber= 62 CGI=001-01-1-6001 TA=0 pwr=8 TS=1/0[0;m
[1;34mWed Sep 30 13:00:26 2026 [1;32mDRR[0;m[1;34m <0001> gsm48_rr.c:3885 MEAS REP: pwr=8 TA=0 meas-invalid=0 rxlev-full=-47 rxlev-sub=-47 rxqual-full=0 rxqual-sub=0 dtx 0 ba 1 no-ncell-n 0[0;m
[1;34mWed Sep 30 13:00:27 2026 [1;32mDRR[0;m[1;34m <0001> gsm48_rr.c:6317 DL SACCH indicates ta 0 (actual ta 0)[0;m
[1;34mWed Sep 30 13:00:27 2026 [1;32mDRR[0;m[1;34m <0001> gsm48_rr.c:6321 DL SACCH indicates tx_power 9[0;m
[1;34mWed Sep 30 13:00:27 2026 [1;32mDRR[0;m[1;34m <0001> gsm48_rr.c:6325 Applying new ta and tx_power[0;m
[1;31mWed Sep 30 13:00:27 2026 [1;33mDL1C[0;m[1;31m <000e> l1ctl.c:268 LOSS counter for ACCH 31[0;m
[1;31mWed Sep 30 13:00:27 2026 [1;33mDL1C[0;m[1;31m <000e> l1ctl.c:278 Dropping frame with 86 bit errors[0;m
[1;34mWed Sep 30 13:00:27 2026 [1;32mDRR[0;m[1;34m <0001> gsm48_rr.c:835 MON: f=514 lev=>=-47 snr=75 ber= 52 CGI=001-01-1-6001 TA=0 pwr=9 TS=1/0[0;m
[1;34mWed Sep 30 13:00:27 2026 [1;32mDRR[0;m[1;34m <0001> gsm48_rr.c:3885 MEAS REP: pwr=9 TA=0 meas-invalid=0 rxlev-full=-47 rxlev-sub=-47 rxqual-full=0 rxqual-sub=0 dtx 0 ba 1 no-ncell-n 0[0;m
[1;31mWed Sep 30 13:00:28 2026 [1;33mDL1C[0;m[1;31m <000e> l1ctl.c:268 LOSS counter for ACCH 30[0;m
[1;31mWed Sep 30 13:00:28 2026 [1;33mDL1C[0;m[1;31m <000e> l1ctl.c:278 Dropping frame with 105 bit errors[0;m
[1;31mWed Sep 30 13:00:28 2026 [1;33mDL1C[0;m[1;31m <000e> l1ctl.c:268 LOSS counter for ACCH 29[0;m
[1;31mWed Sep 30 13:00:28 2026 [1;33mDL1C[0;m[1;31m <000e> l1ctl.c:278 Dropping frame with 95 bit errors[0;m
[1;32mWed Sep 30 13:00:28 2026 [1;32mDMM[0;m[1;32m <0005> gsm48_mm.c:4605 (ms 1) Received 'RR_DATA_IND' from RR in state MM connection active (sapi 0)[0;m
[1;32mWed Sep 30 13:00:28 2026 [1;32mDMM[0;m[1;32m <0005> gsm48_mm.c:4460 (ms 1) Received 'MMSS_REL_REQ' event in state MM connection active[0;m
[1;32mWed Sep 30 13:00:28 2026 [1;32mDMM[0;m[1;32m <0005> gsm48_mm.c:4466 -> callref 80000002, transaction_id 0[0;m
[1;32mWed Sep 30 13:00:28 2026 [1;32mDMM[0;m[1;32m <0005> gsm48_mm.c:1630 Freeing MM Connection[0;m
[1;32mWed Sep 30 13:00:28 2026 [1;32mDMM[0;m[1;32m <0005> gsm48_mm.c:1549 (ref 0x80000002 proto 11) new state DEDICATED -> IDLE[0;m
[1;32mWed Sep 30 13:00:28 2026 [1;32mDMM[0;m[1;32m <0005> gsm48_mm.c:560 starting T3240 (RR release timeout) with 10.0 seconds[0;m
[1;32mWed Sep 30 13:00:28 2026 [1;32mDMM[0;m[1;32m <0005> gsm48_mm.c:1066 new state MM connection active -> wait for network command[0;m
[1;33mWed Sep 30 13:00:28 2026 [1;34mDCC[0;m[1;33m <0006> transaction.c:108 ms 1 frees transaction (mem 0x596614f687c0)[0;m
[1;34mWed Sep 30 13:00:28 2026 [1;32mDRR[0;m[1;34m <0001> gsm48_rr.c:835 MON: f=514 lev=>=-47 snr=69 ber= 64 CGI=001-01-1-6001 TA=0 pwr=9 TS=1/0[0;m
[1;34mWed Sep 30 13:00:28 2026 [1;32mDRR[0;m[1;34m <0001> gsm48_rr.c:3885 MEAS REP: pwr=9 TA=0 meas-invalid=0 rxlev-full=-47 rxlev-sub=-47 rxqual-full=0 rxqual-sub=0 dtx 0 ba 1 no-ncell-n 0[0;m
[1;31mWed Sep 30 13:00:29 2026 [1;33mDL1C[0;m[1;31m <000e> l1ctl.c:268 LOSS counter for ACCH 28[0;m
[1;31mWed Sep 30 13:00:29 2026 [1;33mDL1C[0;m[1;31m <000e> l1ctl.c:278 Dropping frame with 93 bit errors[0;m
[1;34mWed Sep 30 13:00:29 2026 [1;32mDRR[0;m[1;34m <0001> gsm48_rr.c:4432 channel release request with cause 0x00[0;m
[1;34mWed Sep 30 13:00:29 2026 [1;32mDRR[0;m[1;34m <0001> gsm48_rr.c:475 new state dedicated -> release pending[0;m
[1;34mWed Sep 30 13:00:29 2026 [1;32mDRR[0;m[1;34m <0001> gsm48_rr.c:995 starting T3110 with 1.500 seconds[0;m
[1;31mWed Sep 30 13:00:29 2026 [1;33mDL1C[0;m[1;31m <000e> l1ctl.c:278 Dropping frame with 89 bit errors[0;m
[1;31mWed Sep 30 13:00:29 2026 [1;33mDL1C[0;m[1;31m <000e> l1ctl.c:268 LOSS counter for ACCH 27[0;m
[1;31mWed Sep 30 13:00:29 2026 [1;33mDL1C[0;m[1;31m <000e> l1ctl.c:278 Dropping frame with 87 bit errors[0;m
[1;31mWed Sep 30 13:00:29 2026 [1;33mDL1C[0;m[1;31m <000e> l1ctl.c:278 Dropping frame with 111 bit errors[0;m
[1;31mWed Sep 30 13:00:29 2026 [1;33mDL1C[0;m[1;31m <000e> l1ctl.c:278 Dropping frame with 96 bit errors[0;m
[1;34mWed Sep 30 13:00:29 2026 [1;32mDRR[0;m[1;34m <0001> gsm48_rr.c:835 MON: f=514 lev=>=-47 snr=52 ber= 88 CGI=001-01-1-6001[0;m
[1;34mWed Sep 30 13:00:29 2026 [1;32mDRR[0;m[1;34m <0001> gsm48_rr.c:3885 MEAS REP: pwr=9 TA=0 meas-invalid=0 rxlev-full=-47 rxlev-sub=-47 rxqual-full=0 rxqual-sub=0 dtx 0 ba 1 no-ncell-n 0[0;m
[1;31mWed Sep 30 13:00:30 2026 [1;33mDL1C[0;m[1;31m <000e> l1ctl.c:268 LOSS counter for ACCH 26[0;m
[1;31mWed Sep 30 13:00:30 2026 [1;33mDL1C[0;m[1;31m <000e> l1ctl.c:278 Dropping frame with 97 bit errors[0;m
[1;31mWed Sep 30 13:00:30 2026 [1;33mDL1C[0;m[1;31m <000e> l1ctl.c:278 Dropping frame with 100 bit errors[0;m
[1;31mWed Sep 30 13:00:30 2026 [1;33mDL1C[0;m[1;31m <000e> l1ctl.c:278 Dropping frame with 105 bit errors[0;m
[1;31mWed Sep 30 13:00:30 2026 [1;33mDL1C[0;m[1;31m <000e> l1ctl.c:268 LOSS counter for ACCH 25[0;m
[1;31mWed Sep 30 13:00:30 2026 [1;33mDL1C[0;m[1;31m <000e> l1ctl.c:278 Dropping frame with 100 bit errors[0;m
[1;31mWed Sep 30 13:00:30 2026 [1;33mDL1C[0;m[1;31m <000e> l1ctl.c:278 Dropping frame with 105 bit errors[0;m
[1;34mWed Sep 30 13:00:30 2026 [1;32mDRR[0;m[1;34m <0001> gsm48_rr.c:893 timer T3110 has fired, release locally[0;m
[1;34mWed Sep 30 13:00:30 2026 [1;32mDRR[0;m[1;34m <0001> gsm48_rr.c:470 equal state ? release pending[0;m
[1;34mWed Sep 30 13:00:30 2026 [1;32mDRR[0;m[1;34m <0001> gsm48_rr.c:475 new state release pending -> idle[0;m
[1;34mWed Sep 30 13:00:30 2026 [1;32mDRR[0;m[1;34m <0001> gsm48_rr.c:498 Returning to IDLE mode.[0;m
[1;32mWed Sep 30 13:00:30 2026 [1;32mDMM[0;m[1;32m <0005> gsm48_mm.c:4605 (ms 1) Received 'RR_REL_IND' from RR in state wait for network command (sapi 0)[0;m
[1;32mWed Sep 30 13:00:30 2026 [1;32mDMM[0;m[1;32m <0005> gsm48_mm.c:624 stopping pending (RR release timeout) timer T3240[0;m
[1;32mWed Sep 30 13:00:30 2026 [1;32mDMM[0;m[1;32m <0005> gsm48_mm.c:1254 Not camping, wait for CS process to camp, it sends us CELL_SELECTED then.[0;m
[1;31mWed Sep 30 13:00:30 2026 [1;31mDL1C[0;m[1;31m <000e> l1ctl.c:141 FBSB RESP: result=255[0;m
[1;34mWed Sep 30 13:00:30 2026 [1;32mDRR[0;m[1;34m <0001> gsm322.c:2929 using DSC of 90[0;m
[1;34mWed Sep 30 13:00:31 2026 [1;32mDRR[0;m[1;34m <0001> gsm48_rr.c:2787 New SYSTEM INFORMATION 2[0;m
[1;34mWed Sep 30 13:00:31 2026 [1;32mDRR[0;m[1;34m <0001> sysinfo.c:947 New SYSTEM INFORMATION 3 (lai=001-01-1)[0;m
[1;34mWed Sep 30 13:00:31 2026 [1;33mDRR[0;m[1;34m <0001> gsm48_rr.c:2878 Changing CCCH_MODE to 2[0;m
[1;34mWed Sep 30 13:00:31 2026 [1;32mDRR[0;m[1;34m <0001> gsm48_rr.c:2910 New SYSTEM INFORMATION 4 (lai=001-01-1)[0;m
[1;34mWed Sep 30 13:00:31 2026 [1;33mDRR[0;m[1;34m <0001> sysinfo.c:860 Now updating previously received SYSTEM INFORMATION 4[0;m
[1;34mWed Sep 30 13:00:31 2026 [1;32mDRR[0;m[1;34m <0001> gsm48_rr.c:2758 New SYSTEM INFORMATION 1[0;m
[1;32mWed Sep 30 13:00:31 2026 [1;32mDMM[0;m[1;32m <0005> gsm48_mm.c:5063 (ms 1) Received 'MM_EVENT_CELL_SELECTED' event in state wait for network command[0;m
[1;32mWed Sep 30 13:00:31 2026 [1;32mDMM[0;m[1;32m <0005> gsm48_mm.c:1293 We are in registered LAI as returning to MM IDLE[0;m
[1;32mWed Sep 30 13:00:31 2026 [1;32mDMM[0;m[1;32m <0005> gsm48_mm.c:1061 new state wait for network command -> MM IDLE, normal service[0;m
[1;32mWed Sep 30 13:00:31 2026 [1;32mDMM[0;m[1;32m <0005> gsm48_mm.c:524 starting T3212 (periodic loc. upd. delay) with 1800 seconds[0;m
[1;34mWed Sep 30 13:00:31 2026 [1;32mDRR[0;m[1;34m <0001> gsm322.c:2929 using DSC of 90[0;m
[1;34mWed Sep 30 13:00:31 2026 [1;32mDRR[0;m[1;34m <0001> gsm48_rr.c:835 MON: f=514 lev=>=-47 snr=84 ber= 23 CGI=001-01-1-6001[0;m
[1;34mWed Sep 30 13:00:32 2026 [1;32mDRR[0;m[1;34m <0001> gsm48_rr.c:3100 New SYSTEM INFORMATION 13 (EGPRS, RAC 0x00, NCO 0, MNO 1)[0;m
[1;34mWed Sep 30 13:00:32 2026 [1;32mDRR[0;m[1;34m <0001> gsm48_rr.c:835 MON: f=514 lev=>=-47 snr=83 ber= 49 CGI=001-01-1-6001[0;m
[1;34mWed Sep 30 13:00:33 2026 [1;32mDRR[0;m[1;34m <0001> gsm48_rr.c:835 MON: f=514 lev=>=-47 snr=83 ber= 47 CGI=001-01-1-6001[0;m
[1;34mWed Sep 30 13:00:34 2026 [1;32mDRR[0;m[1;34m <0001> gsm48_rr.c:835 MON: f=514 lev=>=-47 snr=83 ber= 48 CGI=001-01-1-6001[0;m
[1;34mWed Sep 30 13:00:36 2026 [1;32mDRR[0;m[1;34m <0001> gsm48_rr.c:835 MON: f=514 lev=>=-47 snr=83 ber= 47 CGI=001-01-1-6001[0;m
[1;34mWed Sep 30 13:00:37 2026 [1;32mDRR[0;m[1;34m <0001> gsm48_rr.c:835 MON: f=514 lev=>=-47 snr=83 ber= 49 CGI=001-01-1-6001[0;m
[1;34mWed Sep 30 13:00:38 2026 [1;32mDRR[0;m[1;34m <0001> gsm48_rr.c:835 MON: f=514 lev=>=-47 snr=83 ber= 47 CGI=001-01-1-6001[0;m
[1;34mWed Sep 30 13:00:39 2026 [1;32mDRR[0;m[1;34m <0001> gsm48_rr.c:835 MON: f=514 lev=>=-47 snr=83 ber= 48 CGI=001-01-1-6001[0;m
[1;34mWed Sep 30 13:00:40 2026 [1;32mDRR[0;m[1;34m <0001> gsm48_rr.c:835 MON: f=514 lev=>=-47 snr=83 ber= 47 CGI=001-01-1-6001[0;m
[1;34mWed Sep 30 13:00:41 2026 [1;32mDRR[0;m[1;34m <0001> gsm48_rr.c:835 MON: f=514 lev=>=-47 snr=83 ber= 49 CGI=001-01-1-6001[0;m
[1;34mWed Sep 30 13:00:42 2026 [1;32mDRR[0;m[1;34m <0001> gsm48_rr.c:835 MON: f=514 lev=>=-47 snr=83 ber= 47 CGI=001-01-1-6001[0;m
[1;34mWed Sep 30 13:00:43 2026 [1;32mDRR[0;m[1;34m <0001> gsm48_rr.c:835 MON: f=514 lev=>=-47 snr=83 ber= 48 CGI=001-01-1-6001[0;m
[1;33mWed Sep 30 13:00:43 2026 [1;34mDCC[0;m[1;33m <0006> transaction.c:71 ms 1 allocates transaction (proto 3 trans_id 255 callref 1 mem 0x596614f687c0)[0;m
[1;33mWed Sep 30 13:00:43 2026 [1;34mDCC[0;m[1;33m <0006> gsm48_cc.c:242 new state NULL -> MM_CONNECTION_PEND[0;m
[1;33mWed Sep 30 13:00:43 2026 [1;32mDCC[0;m[1;33m <0006> gsm48_cc.c:523 Sending MMCC_EST_REQ[0;m
[1;32mWed Sep 30 13:00:43 2026 [1;32mDMM[0;m[1;32m <0005> gsm48_mm.c:4460 (ms 1) Received 'MMCC_EST_REQ' event in state MM idle[0;m
[1;32mWed Sep 30 13:00:43 2026 [1;32mDMM[0;m[1;32m <0005> gsm48_mm.c:4464 -> substate normal service[0;m
[1;32mWed Sep 30 13:00:43 2026 [1;32mDMM[0;m[1;32m <0005> gsm48_mm.c:4466 -> callref 1, transaction_id 255[0;m
[1;32mWed Sep 30 13:00:43 2026 [1;32mDMM[0;m[1;32m <0005> gsm48_mm.c:3222 Init MM Connection.[0;m
[1;32mWed Sep 30 13:00:43 2026 [1;32mDMM[0;m[1;32m <0005> gsm48_mm.c:1612 New MM Connection (proto 0x03 trans_id 255 sapi 0 ref 1)[0;m
[1;32mWed Sep 30 13:00:43 2026 [1;32mDMM[0;m[1;32m <0005> gsm48_mm.c:1549 (ref 0x1 proto 3) new state IDLE -> CONN_PEND[0;m
[1;32mWed Sep 30 13:00:43 2026 [1;32mDMM[0;m[1;32m <0005> gsm48_mm.c:3004 CM SERVICE REQUEST (cause 9)[0;m
[1;32mWed Sep 30 13:00:43 2026 [1;32mDMM[0;m[1;32m <0005> gsm48_mm.c:3038 -> Using TMSI[0;m
[1;34mWed Sep 30 13:00:43 2026 [1;32mDRR[0;m[1;34m <0001> gsm48_rr.c:7026 (ms 1) Message 'RR_EST_REQ' received in state idle (sapi 0)[0;m
[1;34mWed Sep 30 13:00:43 2026 [1;32mDRR[0;m[1;34m <0001> gsm48_rr.c:475 new state idle -> connection pending[0;m
[1;34mWed Sep 30 13:00:43 2026 [1;32mDRR[0;m[1;34m <0001> gsm48_rr.c:2413 CHANNEL REQUEST: e0 (Orig TCH/F)[0;m
[1;32mWed Sep 30 13:00:43 2026 [1;32mDMM[0;m[1;32m <0005> gsm48_mm.c:1056 new state MM IDLE, normal service -> wait for RR connection (MM connection)[0;m
[1;31mWed Sep 30 13:00:43 2026 [1;31mDL1C[0;m[1;31m <000e> l1ctl.c:141 FBSB RESP: result=255[0;m
[1;34mWed Sep 30 13:00:43 2026 [1;32mDRR[0;m[1;34m <0001> gsm322.c:2929 using DSC of 90[0;m
[1;34mWed Sep 30 13:00:43 2026 [1;32mDRR[0;m[1;34m <0001> gsm48_rr.c:2557 RANDOM ACCESS (requests left 8)[0;m
[1;34mWed Sep 30 13:00:43 2026 [1;32mDRR[0;m[1;34m <0001> gsm48_rr.c:2613 RANDOM ACCESS (Tx-integer 12 combined yes S(lots) 0 ra 0xe9)[0;m
[1;34mWed Sep 30 13:00:43 2026 [1;32mDRR[0;m[1;34m <0001> gsm48_rr.c:2649 Use MS-TXPWR-MAX-CCH power value 7 (16 dBm)[0;m
[1;34mWed Sep 30 13:00:43 2026 [1;32mDRR[0;m[1;34m <0001> gsm48_rr.c:2557 RANDOM ACCESS (requests left 7)[0;m
[1;34mWed Sep 30 13:00:43 2026 [1;32mDRR[0;m[1;34m <0001> gsm48_rr.c:2613 RANDOM ACCESS (Tx-integer 12 combined yes S(lots) 115 ra 0xf5)[0;m
[1;34mWed Sep 30 13:00:43 2026 [1;32mDRR[0;m[1;34m <0001> gsm48_rr.c:2649 Use MS-TXPWR-MAX-CCH power value 7 (16 dBm)[0;m
[1;34mWed Sep 30 13:00:44 2026 [1;32mDRR[0;m[1;34m <0001> gsm48_rr.c:3443 IMMEDIATE ASSIGNMENT:[0;m
[1;34mWed Sep 30 13:00:44 2026 [1;32mDRR[0;m[1;34m <0001> gsm48_rr.c:3465  (ta 0/0m ra 0xe9 chan_nr 0x41 ARFCN 514(DCS) TS 1 SS 0 TSC 7)[0;m
[1;34mWed Sep 30 13:00:44 2026 [1;32mDRR[0;m[1;34m <0001> gsm48_rr.c:3377 request e9 matches (fn=1,6,33)[0;m
[1;34mWed Sep 30 13:00:44 2026 [1;32mDRR[0;m[1;34m <0001> gsm48_rr.c:3495 resetting scheduler[0;m
[1;34mWed Sep 30 13:00:44 2026 [1;32mDRR[0;m[1;34m <0001> gsm48_rr.c:4261 sending establish message[0;m
[1;34mWed Sep 30 13:00:44 2026 [1;32mDRR[0;m[1;34m <0001> gsm48_rr.c:289 Using and incrementing V(SD) = 0 (pdisc 5)[0;m
[1;34mWed Sep 30 13:00:44 2026 [1;32mDRR[0;m[1;34m <0001> gsm48_rr.c:3992 setting indicated TA 0 (actual TA 0)[0;m
[1;34mWed Sep 30 13:00:44 2026 [1;32mDRR[0;m[1;34m <0001> gsm48_rr.c:4007 using last BCCH timeout 32[0;m
[1;34mWed Sep 30 13:00:44 2026 [1;32mDRR[0;m[1;34m <0001> gsm48_rr.c:1050 stopping pending timer T_meas[0;m
[1;34mWed Sep 30 13:00:44 2026 [1;32mDRR[0;m[1;34m <0001> gsm48_rr.c:3885 MEAS REP: pwr=7 TA=0 meas-invalid=1 rxlev-full=-110 rxlev-sub=-110 rxqual-full=0 rxqual-sub=0 dtx 0 ba 0 no-ncell-n 7[0;m
[1;34mWed Sep 30 13:00:44 2026 [1;32mDRR[0;m[1;34m <0001> gsm48_rr.c:4026 establishing channel in dedicated/group mode[0;m
[1;34mWed Sep 30 13:00:44 2026 [1;32mDRR[0;m[1;34m <0001> gsm48_rr.c:4035  Channel type 64, subch 0, ts 1, mode 0, audio-mode 0, flags 0x00, cipher 1[0;m
[1;31mWed Sep 30 13:00:44 2026 [1;33mDL1C[0;m[1;31m <000e> l1ctl.c:268 LOSS counter for ACCH 31[0;m
[1;31mWed Sep 30 13:00:44 2026 [1;33mDL1C[0;m[1;31m <000e> l1ctl.c:278 Dropping frame with 96 bit errors[0;m
[1;34mWed Sep 30 13:00:44 2026 [1;32mDRR[0;m[1;34m <0001> gsm48_rr.c:6317 DL SACCH indicates ta 0 (actual ta 0)[0;m
[1;34mWed Sep 30 13:00:44 2026 [1;32mDRR[0;m[1;34m <0001> gsm48_rr.c:6321 DL SACCH indicates tx_power 7[0;m
[1;34mWed Sep 30 13:00:44 2026 [1;32mDRR[0;m[1;34m <0001> gsm48_rr.c:3033 New SYSTEM INFORMATION 6 (lai=001-01-1 SACCH-timeout 32)[0;m
[1;34mWed Sep 30 13:00:44 2026 [1;32mDRR[0;m[1;34m <0001> gsm48_rr.c:3037 using (new) SACCH timeout 32[0;m
[1;34mWed Sep 30 13:00:44 2026 [1;32mDRR[0;m[1;34m <0001> gsm48_rr.c:475 new state connection pending -> dedicated[0;m
[1;32mWed Sep 30 13:00:44 2026 [1;32mDMM[0;m[1;32m <0005> gsm48_mm.c:4605 (ms 1) Received 'RR_EST_CNF' from RR in state wait for RR connection (MM connection) (sapi 0)[0;m
[1;32mWed Sep 30 13:00:44 2026 [1;32mDMM[0;m[1;32m <0005> gsm48_mm.c:551 starting T3230 (MM connection timeout) with 15.0 seconds[0;m
[1;32mWed Sep 30 13:00:44 2026 [1;32mDMM[0;m[1;32m <0005> gsm48_mm.c:1066 new state wait for RR connection (MM connection) -> wait for outgoing MM connection[0;m
[1;34mWed Sep 30 13:00:44 2026 [1;32mDRR[0;m[1;34m <0001> gsm48_rr.c:1219 CIPHERING MODE COMMAND (sc=1, algo=A5/1 cr=1)[0;m
[1;34mWed Sep 30 13:00:44 2026 [1;32mDRR[0;m[1;34m <0001> gsm48_rr.c:1166 CIPHERING MODE COMPLETE (cr 1)[0;m
[1;32mWed Sep 30 13:00:44 2026 [1;32mDMM[0;m[1;32m <0005> gsm48_mm.c:4605 (ms 1) Received 'RR_SYNC_IND' from RR in state wait for outgoing MM connection (sapi 0)[0;m
[1;32mWed Sep 30 13:00:44 2026 [1;32mDMM[0;m[1;32m <0005> gsm48_mm.c:615 stopping pending (MM connection timeout) timer T3230[0;m
[1;32mWed Sep 30 13:00:44 2026 [1;32mDMM[0;m[1;32m <0005> gsm48_mm.c:1066 new state wait for outgoing MM connection -> MM connection active[0;m
[1;32mWed Sep 30 13:00:44 2026 [1;32mDMM[0;m[1;32m <0005> gsm48_mm.c:1549 (ref 0x1 proto 3) new state CONN_PEND -> DEDICATED[0;m
[1;33mWed Sep 30 13:00:44 2026 [1;32mDCC[0;m[1;33m <0006> gsm48_cc.c:2240 (ms 1) Received 'MMCC_EST_CNF' in CC state MM_CONNECTION_PEND[0;m
[1;33mWed Sep 30 13:00:44 2026 [1;32mDCC[0;m[1;33m <0006> gsm48_cc.c:557 sending SETUP[0;m
[1;33mWed Sep 30 13:00:44 2026 [1;32mDCC[0;m[1;33m <0006> gsm48_cc.c:347 starting timer T303 with 30 seconds[0;m
[1;33mWed Sep 30 13:00:44 2026 [1;34mDCC[0;m[1;33m <0006> gsm48_cc.c:242 new state MM_CONNECTION_PEND -> INITIATED[0;m
[1;33mWed Sep 30 13:00:44 2026 [1;32mDCC[0;m[1;33m <0006> gsm48_cc.c:179 Sending 'SETUP' using MMCC_DATA_REQ (callref=1, transaction_id=0)[0;m
[1;32mWed Sep 30 13:00:44 2026 [1;32mDMM[0;m[1;32m <0005> gsm48_mm.c:4460 (ms 1) Received 'MMCC_DATA_REQ' event in state MM connection active[0;m
[1;32mWed Sep 30 13:00:44 2026 [1;32mDMM[0;m[1;32m <0005> gsm48_mm.c:4466 -> callref 1, transaction_id 0[0;m
[1;34mWed Sep 30 13:00:44 2026 [1;32mDRR[0;m[1;34m <0001> gsm48_rr.c:7026 (ms 1) Message 'RR_DATA_REQ' received in state dedicated (sapi 0)[0;m
[1;34mWed Sep 30 13:00:44 2026 [1;32mDRR[0;m[1;34m <0001> gsm48_rr.c:289 Using and incrementing V(SD) = 1 (pdisc 5)[0;m
[1;34mWed Sep 30 13:00:45 2026 [1;32mDRR[0;m[1;34m <0001> gsm48_rr.c:835 MON: f=514 lev=>=-47 snr=77 ber= 56 CGI=001-01-1-6001 TA=0 pwr=7 TS=1/0[0;m
[1;34mWed Sep 30 13:00:45 2026 [1;32mDRR[0;m[1;34m <0001> gsm48_rr.c:3885 MEAS REP: pwr=7 TA=0 meas-invalid=0 rxlev-full=-47 rxlev-sub=-47 rxqual-full=0 rxqual-sub=0 dtx 0 ba 0 no-ncell-n 7[0;m
[1;31mWed Sep 30 13:00:45 2026 [1;33mDL1C[0;m[1;31m <000e> l1ctl.c:268 LOSS counter for ACCH 31[0;m
[1;31mWed Sep 30 13:00:45 2026 [1;33mDL1C[0;m[1;31m <000e> l1ctl.c:278 Dropping frame with 84 bit errors[0;m
[1;31mWed Sep 30 13:00:45 2026 [1;33mDL1C[0;m[1;31m <000e> l1ctl.c:278 Dropping frame with 91 bit errors[0;m
[1;31mWed Sep 30 13:00:45 2026 [1;33mDL1C[0;m[1;31m <000e> l1ctl.c:278 Dropping frame with 93 bit errors[0;m
[1;34mWed Sep 30 13:00:45 2026 [1;32mDRR[0;m[1;34m <0001> gsm48_rr.c:6317 DL SACCH indicates ta 0 (actual ta 0)[0;m
[1;34mWed Sep 30 13:00:45 2026 [1;32mDRR[0;m[1;34m <0001> gsm48_rr.c:6321 DL SACCH indicates tx_power 7[0;m
[1;34mWed Sep 30 13:00:46 2026 [1;32mDRR[0;m[1;34m <0001> gsm48_rr.c:835 MON: f=514 lev=>=-47 snr=83 ber= 70 CGI=001-01-1-6001 TA=0 pwr=7 TS=1/0[0;m
[1;34mWed Sep 30 13:00:46 2026 [1;32mDRR[0;m[1;34m <0001> gsm48_rr.c:3885 MEAS REP: pwr=7 TA=0 meas-invalid=0 rxlev-full=-47 rxlev-sub=-47 rxqual-full=0 rxqual-sub=0 dtx 0 ba 0 no-ncell-n 7[0;m
[1;34mWed Sep 30 13:00:46 2026 [1;32mDRR[0;m[1;34m <0001> gsm48_rr.c:6317 DL SACCH indicates ta 0 (actual ta 0)[0;m
[1;34mWed Sep 30 13:00:46 2026 [1;32mDRR[0;m[1;34m <0001> gsm48_rr.c:6321 DL SACCH indicates tx_power 7[0;m
[1;34mWed Sep 30 13:00:46 2026 [1;32mDRR[0;m[1;34m <0001> gsm48_rr.c:2940 New SYSTEM INFORMATION 5[0;m
[1;34mWed Sep 30 13:00:46 2026 [1;33mDRR[0;m[1;34m <0001> gsm48_rr.c:2688 Complete set of SI5* for BA(1)[0;m
[1;34mWed Sep 30 13:00:46 2026 [1;33mDRR[0;m[1;34m <0001> gsm48_rr.c:2703 SI5/SI5bis report arfcn 614(DCS) (index 0)[0;m
[1;34mWed Sep 30 13:00:46 2026 [1;32mDRR[0;m[1;34m <0001> gsm48_rr.c:4788 ASSIGNMENT COMMAND[0;m
[1;34mWed Sep 30 13:00:46 2026 [1;32mDRR[0;m[1;34m <0001> gsm48_rr.c:4853  after: (chan_nr 0x0a ARFCN 514(DCS) TS 2 SS 0 TSC 7)[0;m
[1;34mWed Sep 30 13:00:46 2026 [1;32mDRR[0;m[1;34m <0001> gsm48_rr.c:5000  both: changing channel mode 0x01[0;m
[1;34mWed Sep 30 13:00:46 2026 [1;32mDRR[0;m[1;34m <0001> gsm48_rr.c:5020  both: (tx_power 7 TA 0)[0;m
[1;34mWed Sep 30 13:00:46 2026 [1;32mDRR[0;m[1;34m <0001> gsm48_rr.c:335 Mode: full-rate speech V1[0;m
[1;34mWed Sep 30 13:00:46 2026 [1;32mDRR[0;m[1;34m <0001> gsm48_rr.c:5079 request suspension of data link[0;m
[1;34mWed Sep 30 13:00:46 2026 [1;32mDRR[0;m[1;34m <0001> gsm48_rr.c:5562 suspension coplete, leaving dedicated mode[0;m
[1;34mWed Sep 30 13:00:46 2026 [1;32mDRR[0;m[1;34m <0001> gsm48_rr.c:3992 setting indicated TA 0 (actual TA 0)[0;m
[1;34mWed Sep 30 13:00:46 2026 [1;32mDRR[0;m[1;34m <0001> gsm48_rr.c:4003 using last SACCH timeout 32[0;m
[1;34mWed Sep 30 13:00:46 2026 [1;32mDRR[0;m[1;34m <0001> gsm48_rr.c:1050 stopping pending timer T_meas[0;m
[1;34mWed Sep 30 13:00:46 2026 [1;32mDRR[0;m[1;34m <0001> gsm48_rr.c:3885 MEAS REP: pwr=7 TA=0 meas-invalid=1 rxlev-full=-110 rxlev-sub=-110 rxqual-full=0 rxqual-sub=0 dtx 0 ba 1 no-ncell-n 0[0;m
[1;34mWed Sep 30 13:00:46 2026 [1;32mDRR[0;m[1;34m <0001> gsm48_rr.c:4026 establishing channel in dedicated/group mode[0;m
[1;34mWed Sep 30 13:00:46 2026 [1;32mDRR[0;m[1;34m <0001> gsm48_rr.c:4035  Channel type 8, subch 0, ts 2, mode 1, audio-mode 0, flags 0x00, cipher 1[0;m
[1;34mWed Sep 30 13:00:46 2026 [1;32mDRR[0;m[1;34m <0001> gsm48_rr.c:5598 request resume of data link[0;m
[1;34mWed Sep 30 13:00:46 2026 [1;32mDRR[0;m[1;34m <0001> gsm48_rr.c:4720 ASSIGNMENT COMPLETE (cause #0)[0;m
[1;34mWed Sep 30 13:00:46 2026 [1;32mDRR[0;m[1;34m <0001> gsm48_rr.c:5541 data link is resumed[0;m
[1;32mWed Sep 30 13:00:46 2026 [1;32mDMM[0;m[1;32m <0005> gsm48_mm.c:4605 (ms 1) Received 'RR_DATA_IND' from RR in state MM connection active (sapi 0)[0;m
[1;33mWed Sep 30 13:00:46 2026 [1;32mDCC[0;m[1;33m <0006> gsm48_cc.c:2240 (ms 1) Received 'MMCC_DATA_IND' in CC state INITIATED[0;m
[1;33mWed Sep 30 13:00:46 2026 [1;32mDCC[0;m[1;33m <0006> gsm48_cc.c:2194 (ms 1) Received 'CALL_PROC' in CC state INITIATED[0;m
[1;33mWed Sep 30 13:00:46 2026 [1;32mDCC[0;m[1;33m <0006> gsm48_cc.c:681 received CALL PROCEEDING[0;m
[1;33mWed Sep 30 13:00:46 2026 [1;32mDCC[0;m[1;33m <0006> gsm48_cc.c:359 stopping pending timer T303[0;m
[1;33mWed Sep 30 13:00:46 2026 [1;34mDCC[0;m[1;33m <0006> gsm48_cc.c:242 new state INITIATED -> MO_CALL_PROC[0;m
[1;33mWed Sep 30 13:00:46 2026 [1;32mDCC[0;m[1;33m <0006> gsm48_cc.c:195 (ms 1 ti 0) Sending 'MNCC_CALL_PROC_IND' to MNCC.[0;m
[38;5;12mWed Sep 30 13:00:47 2026 [1;33mDLLAPD[0;m[38;5;12m <001f> lapd_core.c:1636 (dl=0x596614f6a4b8) N(S) sequence error: N(S)=0, V(R)=1 (state LAPD_STATE_MF_EST)[0;m
[1;34mWed Sep 30 13:00:47 2026 [1;32mDRR[0;m[1;34m <0001> gsm48_rr.c:6317 DL SACCH indicates ta 0 (actual ta 0)[0;m
[1;34mWed Sep 30 13:00:47 2026 [1;32mDRR[0;m[1;34m <0001> gsm48_rr.c:6321 DL SACCH indicates tx_power 7[0;m
[1;32mWed Sep 30 13:00:47 2026 [1;32mDMM[0;m[1;32m <0005> gsm48_mm.c:4605 (ms 1) Received 'RR_DATA_IND' from RR in state MM connection active (sapi 0)[0;m
[1;33mWed Sep 30 13:00:47 2026 [1;32mDCC[0;m[1;33m <0006> gsm48_cc.c:2240 (ms 1) Received 'MMCC_DATA_IND' in CC state MO_CALL_PROC[0;m
[1;33mWed Sep 30 13:00:47 2026 [1;32mDCC[0;m[1;33m <0006> gsm48_cc.c:2194 (ms 1) Received 'CONNECT' in CC state MO_CALL_PROC[0;m
[1;33mWed Sep 30 13:00:47 2026 [1;32mDCC[0;m[1;33m <0006> gsm48_cc.c:786 received CONNECT[0;m
[1;33mWed Sep 30 13:00:47 2026 [1;32mDCC[0;m[1;33m <0006> gsm48_cc.c:834 sending CONNECT ACKNOWLEDGE[0;m
[1;33mWed Sep 30 13:00:47 2026 [1;34mDCC[0;m[1;33m <0006> gsm48_cc.c:242 new state MO_CALL_PROC -> ACTIVE[0;m
[0;36mWed Sep 30 13:00:47 2026 [1;33mDGAPK[0;m[0;36m <0016> gapk_io.c:397 Initialize GAPK I/O[0;m
[0;36mWed Sep 30 13:00:47 2026 [1;34mDGAPK[0;m[0;36m <0016> gapk_io.c:177 Prepare audio input (capture) chain[0;m
[0;36mWed Sep 30 13:00:47 2026 [1;34mDGAPK[0;m[0;36m <0016> pq_alsa.c:183 PQ 'pq_audio_source': Adding ALSA input (dev='gsm_in', blk_len=320)[0;m
[0;36mWed Sep 30 13:00:47 2026 [1;34mDGAPK[0;m[0;36m <0016> pq_codec.c:81 PQ 'pq_audio_source': Adding codec fr, encoding to format gsm[0;m
[0;36mWed Sep 30 13:00:47 2026 [1;34mDGAPK[0;m[0;36m <0016> pq_format.c:65 PQ 'pq_audio_source': Adding conversion from gsm to canon (for codec fr)[0;m
[0;36mWed Sep 30 13:00:47 2026 [1;34mDGAPK[0;m[0;36m <0016> pq_format.c:59 PQ 'pq_audio_source': Adding conversion from canon to ti-fr (for codec fr)[0;m
[0;36mWed Sep 30 13:00:47 2026 [1;34mDGAPK[0;m[0;36m <0016> gapk_io.c:113 PQ 'pq_audio_source': Adding TCH frame buffer output[0;m
[0;36mWed Sep 30 13:00:47 2026 [1;34mDGAPK[0;m[0;36m <0016> gapk_io.c:224 PQ 'pq_audio_source': chain 'source/alsa -> codec/fr -> format/gsm -> format/ti-fr -> sink/tch_fb' prepared[0;m
[0;36mWed Sep 30 13:00:47 2026 [1;34mDGAPK[0;m[0;36m <0016> gapk_io.c:254 Prepare audio output (playback) chain[0;m
[0;36mWed Sep 30 13:00:47 2026 [1;34mDGAPK[0;m[0;36m <0016> gapk_io.c:113 PQ 'pq_audio_sink': Adding TCH frame buffer input[0;m
[0;36mWed Sep 30 13:00:47 2026 [1;34mDGAPK[0;m[0;36m <0016> pq_format.c:65 PQ 'pq_audio_sink': Adding conversion from ti-fr to canon (for codec fr)[0;m
[0;36mWed Sep 30 13:00:47 2026 [1;34mDGAPK[0;m[0;36m <0016> pq_ecu.c:84 PQ 'pq_audio_sink': Adding ECU for codec 'fr', format 'gsm'[0;m
[0;36mWed Sep 30 13:00:47 2026 [1;34mDGAPK[0;m[0;36m <0016> pq_format.c:59 PQ 'pq_audio_sink': Adding conversion from canon to gsm (for codec fr)[0;m
[0;36mWed Sep 30 13:00:47 2026 [1;34mDGAPK[0;m[0;36m <0016> pq_codec.c:81 PQ 'pq_audio_sink': Adding codec fr, decoding from format gsm[0;m
[0;36mWed Sep 30 13:00:47 2026 [1;34mDGAPK[0;m[0;36m <0016> pq_alsa.c:197 PQ 'pq_audio_sink': Adding ALSA output (dev='gsm_out', blk_len=320)[0;m
[0;36mWed Sep 30 13:00:47 2026 [1;34mDGAPK[0;m[0;36m <0016> gapk_io.c:304 PQ 'pq_audio_sink': chain 'source/tch_fb -> format/ti-fr -> ecu/fr -> format/gsm -> codec/fr -> sink/alsa' prepared[0;m
[0;36mWed Sep 30 13:00:47 2026 [1;33mDGAPK[0;m[0;36m <0016> gapk_io.c:472 GAPK I/O initialized for MS '1', codec 'fr'[0;m
[1;34mWed Sep 30 13:00:47 2026 [1;32mDRR[0;m[1;34m <0001> gsm48_rr.c:7207 setting audio mode to 10[0;m
[1;33mWed Sep 30 13:00:47 2026 [1;32mDCC[0;m[1;33m <0006> gsm48_cc.c:179 Sending 'CONNECT_ACK' using MMCC_DATA_REQ (callref=1, transaction_id=0)[0;m
[1;32mWed Sep 30 13:00:47 2026 [1;32mDMM[0;m[1;32m <0005> gsm48_mm.c:4460 (ms 1) Received 'MMCC_DATA_REQ' event in state MM connection active[0;m
[1;32mWed Sep 30 13:00:47 2026 [1;32mDMM[0;m[1;32m <0005> gsm48_mm.c:4466 -> callref 1, transaction_id 0[0;m
[1;34mWed Sep 30 13:00:47 2026 [1;32mDRR[0;m[1;34m <0001> gsm48_rr.c:7026 (ms 1) Message 'RR_DATA_REQ' received in state dedicated (sapi 0)[0;m
[1;34mWed Sep 30 13:00:47 2026 [1;32mDRR[0;m[1;34m <0001> gsm48_rr.c:289 Using and incrementing V(SD) = 0 (pdisc 5)[0;m
[1;33mWed Sep 30 13:00:47 2026 [1;32mDCC[0;m[1;33m <0006> gsm48_cc.c:195 (ms 1 ti 0) Sending 'MNCC_SETUP_CNF' to MNCC.[0;m
[1;34mWed Sep 30 13:00:47 2026 [1;32mDRR[0;m[1;34m <0001> gsm48_rr.c:835 MON: f=514 lev=>=-47 snr=77 ber= 52 CGI=001-01-1-6001 TA=0 pwr=7 TS=2[0;m
[1;34mWed Sep 30 13:00:47 2026 [1;32mDRR[0;m[1;34m <0001> gsm48_rr.c:3885 MEAS REP: pwr=7 TA=0 meas-invalid=0 rxlev-full=-47 rxlev-sub=-47 rxqual-full=0 rxqual-sub=0 dtx 0 ba 0 no-ncell-n 7[0;m
[38;5;12mWed Sep 30 13:00:47 2026 [1;33mDLLAPD[0;m[38;5;12m <001f> lapd_core.c:1636 (dl=0x596614f6a4b8) N(S) sequence error: N(S)=1, V(R)=2 (state LAPD_STATE_MF_EST)[0;m
[38;5;12mWed Sep 30 13:00:47 2026 [1;33mDLLAPD[0;m[38;5;12m <001f> lapd_core.c:1636 (dl=0x596614f6a4b8) N(S) sequence error: N(S)=1, V(R)=2 (state LAPD_STATE_MF_EST)[0;m
[1;31mWed Sep 30 13:00:47 2026 [1;33mDL1C[0;m[1;31m <000e> l1ctl.c:268 LOSS counter for ACCH 31[0;m
[1;31mWed Sep 30 13:00:47 2026 [1;33mDL1C[0;m[1;31m <000e> l1ctl.c:278 Dropping frame with 48 bit errors[0;m
[1;34mWed Sep 30 13:00:47 2026 [1;32mDRR[0;m[1;34m <0001> gsm48_rr.c:6317 DL SACCH indicates ta 0 (actual ta 0)[0;m
[1;34mWed Sep 30 13:00:47 2026 [1;32mDRR[0;m[1;34m <0001> gsm48_rr.c:6321 DL SACCH indicates tx_power 8[0;m
[1;34mWed Sep 30 13:00:47 2026 [1;32mDRR[0;m[1;34m <0001> gsm48_rr.c:6325 Applying new ta and tx_power[0;m
[1;34mWed Sep 30 13:00:48 2026 [1;32mDRR[0;m[1;34m <0001> gsm48_rr.c:835 MON: f=514 lev=>=-47 snr=82 ber= 51 CGI=001-01-1-6001 TA=0 pwr=8 TS=2[0;m
[1;34mWed Sep 30 13:00:48 2026 [1;32mDRR[0;m[1;34m <0001> gsm48_rr.c:3885 MEAS REP: pwr=8 TA=0 meas-invalid=0 rxlev-full=-47 rxlev-sub=-47 rxqual-full=0 rxqual-sub=0 dtx 0 ba 0 no-ncell-n 7[0;m
[1;34mWed Sep 30 13:00:48 2026 [1;32mDRR[0;m[1;34m <0001> gsm48_rr.c:6317 DL SACCH indicates ta 0 (actual ta 0)[0;m
[1;34mWed Sep 30 13:00:48 2026 [1;32mDRR[0;m[1;34m <0001> gsm48_rr.c:6321 DL SACCH indicates tx_power 8[0;m
[1;34mWed Sep 30 13:00:48 2026 [1;32mDRR[0;m[1;34m <0001> gsm48_rr.c:2940 New SYSTEM INFORMATION 5[0;m
[1;34mWed Sep 30 13:00:48 2026 [1;33mDRR[0;m[1;34m <0001> gsm48_rr.c:2688 Complete set of SI5* for BA(1)[0;m
[1;34mWed Sep 30 13:00:48 2026 [1;33mDRR[0;m[1;34m <0001> gsm48_rr.c:2703 SI5/SI5bis report arfcn 614(DCS) (index 0)[0;m
[1;34mWed Sep 30 13:00:48 2026 [1;32mDRR[0;m[1;34m <0001> gsm48_rr.c:6317 DL SACCH indicates ta 0 (actual ta 0)[0;m
[1;34mWed Sep 30 13:00:48 2026 [1;32mDRR[0;m[1;34m <0001> gsm48_rr.c:6321 DL SACCH indicates tx_power 8[0;m
[1;34mWed Sep 30 13:00:49 2026 [1;32mDRR[0;m[1;34m <0001> gsm48_rr.c:835 MON: f=514 lev=>=-47 snr=84 ber= 33 CGI=001-01-1-6001 TA=0 pwr=8 TS=2[0;m
[1;34mWed Sep 30 13:00:49 2026 [1;32mDRR[0;m[1;34m <0001> gsm48_rr.c:3885 MEAS REP: pwr=8 TA=0 meas-invalid=0 rxlev-full=-47 rxlev-sub=-47 rxqual-full=0 rxqual-sub=0 dtx 0 ba 1 no-ncell-n 0[0;m
[1;34mWed Sep 30 13:00:49 2026 [1;32mDRR[0;m[1;34m <0001> gsm48_rr.c:6317 DL SACCH indicates ta 0 (actual ta 0)[0;m
[1;34mWed Sep 30 13:00:49 2026 [1;32mDRR[0;m[1;34m <0001> gsm48_rr.c:6321 DL SACCH indicates tx_power 8[0;m
[1;34mWed Sep 30 13:00:49 2026 [1;32mDRR[0;m[1;34m <0001> gsm48_rr.c:6317 DL SACCH indicates ta 0 (actual ta 0)[0;m
[1;34mWed Sep 30 13:00:49 2026 [1;32mDRR[0;m[1;34m <0001> gsm48_rr.c:6321 DL SACCH indicates tx_power 9[0;m
[1;34mWed Sep 30 13:00:49 2026 [1;32mDRR[0;m[1;34m <0001> gsm48_rr.c:6325 Applying new ta and tx_power[0;m
[1;34mWed Sep 30 13:00:50 2026 [1;32mDRR[0;m[1;34m <0001> gsm48_rr.c:835 MON: f=514 lev=>=-47 snr=79 ber= 34 CGI=001-01-1-6001 TA=0 pwr=9 TS=2[0;m
[1;34mWed Sep 30 13:00:50 2026 [1;32mDRR[0;m[1;34m <0001> gsm48_rr.c:3885 MEAS REP: pwr=9 TA=0 meas-invalid=0 rxlev-full=-47 rxlev-sub=-47 rxqual-full=0 rxqual-sub=0 dtx 0 ba 1 no-ncell-n 0[0;m
[1;34mWed Sep 30 13:00:50 2026 [1;32mDRR[0;m[1;34m <0001> gsm48_rr.c:6317 DL SACCH indicates ta 0 (actual ta 0)[0;m
[1;34mWed Sep 30 13:00:50 2026 [1;32mDRR[0;m[1;34m <0001> gsm48_rr.c:6321 DL SACCH indicates tx_power 9[0;m
[1;34mWed Sep 30 13:00:50 2026 [1;32mDRR[0;m[1;34m <0001> gsm48_rr.c:6317 DL SACCH indicates ta 0 (actual ta 0)[0;m
[1;34mWed Sep 30 13:00:50 2026 [1;32mDRR[0;m[1;34m <0001> gsm48_rr.c:6321 DL SACCH indicates tx_power 9[0;m
[1;34mWed Sep 30 13:00:51 2026 [1;32mDRR[0;m[1;34m <0001> gsm48_rr.c:835 MON: f=514 lev=>=-47 snr=81 ber= 37 CGI=001-01-1-6001 TA=0 pwr=9 TS=2[0;m
[1;34mWed Sep 30 13:00:51 2026 [1;32mDRR[0;m[1;34m <0001> gsm48_rr.c:3885 MEAS REP: pwr=9 TA=0 meas-invalid=0 rxlev-full=-47 rxlev-sub=-47 rxqual-full=0 rxqual-sub=0 dtx 0 ba 1 no-ncell-n 0[0;m
[1;34mWed Sep 30 13:00:51 2026 [1;32mDRR[0;m[1;34m <0001> gsm48_rr.c:6317 DL SACCH indicates ta 0 (actual ta 0)[0;m
[1;34mWed Sep 30 13:00:51 2026 [1;32mDRR[0;m[1;34m <0001> gsm48_rr.c:6321 DL SACCH indicates tx_power 9[0;m
[1;34mWed Sep 30 13:00:51 2026 [1;32mDRR[0;m[1;34m <0001> gsm48_rr.c:6317 DL SACCH indicates ta 0 (actual ta 0)[0;m
[1;34mWed Sep 30 13:00:51 2026 [1;32mDRR[0;m[1;34m <0001> gsm48_rr.c:6321 DL SACCH indicates tx_power 10[0;m
[1;34mWed Sep 30 13:00:51 2026 [1;32mDRR[0;m[1;34m <0001> gsm48_rr.c:6325 Applying new ta and tx_power[0;m
[1;34mWed Sep 30 13:00:52 2026 [1;32mDRR[0;m[1;34m <0001> gsm48_rr.c:6317 DL SACCH indicates ta 0 (actual ta 0)[0;m
[1;34mWed Sep 30 13:00:52 2026 [1;32mDRR[0;m[1;34m <0001> gsm48_rr.c:6321 DL SACCH indicates tx_power 10[0;m
[1;34mWed Sep 30 13:00:52 2026 [1;32mDRR[0;m[1;34m <0001> gsm48_rr.c:835 MON: f=514 lev=>=-47 snr=76 ber= 30 CGI=001-01-1-6001 TA=0 pwr=10 TS=2[0;m
[1;34mWed Sep 30 13:00:52 2026 [1;32mDRR[0;m[1;34m <0001> gsm48_rr.c:3885 MEAS REP: pwr=10 TA=0 meas-invalid=0 rxlev-full=-47 rxlev-sub=-47 rxqual-full=0 rxqual-sub=0 dtx 0 ba 1 no-ncell-n 0[0;m
[1;34mWed Sep 30 13:00:52 2026 [1;32mDRR[0;m[1;34m <0001> gsm48_rr.c:6317 DL SACCH indicates ta 0 (actual ta 0)[0;m
[1;34mWed Sep 30 13:00:52 2026 [1;32mDRR[0;m[1;34m <0001> gsm48_rr.c:6321 DL SACCH indicates tx_power 10[0;m
[1;34mWed Sep 30 13:00:53 2026 [1;32mDRR[0;m[1;34m <0001> gsm48_rr.c:6317 DL SACCH indicates ta 0 (actual ta 0)[0;m
[1;34mWed Sep 30 13:00:53 2026 [1;32mDRR[0;m[1;34m <0001> gsm48_rr.c:6321 DL SACCH indicates tx_power 10[0;m
[1;34mWed Sep 30 13:00:53 2026 [1;32mDRR[0;m[1;34m <0001> gsm48_rr.c:835 MON: f=514 lev=>=-47 snr=83 ber= 32 CGI=001-01-1-6001 TA=0 pwr=10 TS=2[0;m
[1;34mWed Sep 30 13:00:53 2026 [1;32mDRR[0;m[1;34m <0001> gsm48_rr.c:3885 MEAS REP: pwr=10 TA=0 meas-invalid=0 rxlev-full=-47 rxlev-sub=-47 rxqual-full=0 rxqual-sub=0 dtx 0 ba 1 no-ncell-n 0[0;m
[1;34mWed Sep 30 13:00:53 2026 [1;32mDRR[0;m[1;34m <0001> gsm48_rr.c:6317 DL SACCH indicates ta 0 (actual ta 0)[0;m
[1;34mWed Sep 30 13:00:53 2026 [1;32mDRR[0;m[1;34m <0001> gsm48_rr.c:6321 DL SACCH indicates tx_power 11[0;m
[1;34mWed Sep 30 13:00:53 2026 [1;32mDRR[0;m[1;34m <0001> gsm48_rr.c:6325 Applying new ta and tx_power[0;m
[1;34mWed Sep 30 13:00:54 2026 [1;32mDRR[0;m[1;34m <0001> gsm48_rr.c:6317 DL SACCH indicates ta 0 (actual ta 0)[0;m
[1;34mWed Sep 30 13:00:54 2026 [1;32mDRR[0;m[1;34m <0001> gsm48_rr.c:6321 DL SACCH indicates tx_power 11[0;m
[1;34mWed Sep 30 13:00:54 2026 [1;32mDRR[0;m[1;34m <0001> gsm48_rr.c:835 MON: f=514 lev=>=-47 snr=82 ber= 36 CGI=001-01-1-6001 TA=0 pwr=11 TS=2[0;m
[1;34mWed Sep 30 13:00:54 2026 [1;32mDRR[0;m[1;34m <0001> gsm48_rr.c:3885 MEAS REP: pwr=11 TA=0 meas-invalid=0 rxlev-full=-47 rxlev-sub=-47 rxqual-full=0 rxqual-sub=0 dtx 0 ba 1 no-ncell-n 0[0;m
[1;34mWed Sep 30 13:00:54 2026 [1;32mDRR[0;m[1;34m <0001> gsm48_rr.c:6317 DL SACCH indicates ta 0 (actual ta 0)[0;m
[1;34mWed Sep 30 13:00:54 2026 [1;32mDRR[0;m[1;34m <0001> gsm48_rr.c:6321 DL SACCH indicates tx_power 11[0;m
[1;34mWed Sep 30 13:00:55 2026 [1;32mDRR[0;m[1;34m <0001> gsm48_rr.c:6317 DL SACCH indicates ta 0 (actual ta 0)[0;m
[1;34mWed Sep 30 13:00:55 2026 [1;32mDRR[0;m[1;34m <0001> gsm48_rr.c:6321 DL SACCH indicates tx_power 11[0;m
[1;34mWed Sep 30 13:00:55 2026 [1;32mDRR[0;m[1;34m <0001> gsm48_rr.c:835 MON: f=514 lev=>=-47 snr=81 ber= 36 CGI=001-01-1-6001 TA=0 pwr=11 TS=2[0;m
[1;34mWed Sep 30 13:00:55 2026 [1;32mDRR[0;m[1;34m <0001> gsm48_rr.c:3885 MEAS REP: pwr=11 TA=0 meas-invalid=0 rxlev-full=-47 rxlev-sub=-47 rxqual-full=0 rxqual-sub=0 dtx 0 ba 1 no-ncell-n 0[0;m
[1;33mWed Sep 30 13:00:55 2026 [1;32mDCC[0;m[1;33m <0006> gsm48_cc.c:1596 sending DISCONNECT[0;m
[1;33mWed Sep 30 13:00:55 2026 [1;32mDCC[0;m[1;33m <0006> gsm48_cc.c:347 starting timer T305 with 30 seconds[0;m
[1;33mWed Sep 30 13:00:55 2026 [1;34mDCC[0;m[1;33m <0006> gsm48_cc.c:242 new state ACTIVE -> DISCONNECT_IND[0;m
[1;33mWed Sep 30 13:00:55 2026 [1;32mDCC[0;m[1;33m <0006> gsm48_cc.c:179 Sending 'DISCONNECT' using MMCC_DATA_REQ (callref=1, transaction_id=0)[0;m
[1;32mWed Sep 30 13:00:55 2026 [1;32mDMM[0;m[1;32m <0005> gsm48_mm.c:4460 (ms 1) Received 'MMCC_DATA_REQ' event in state MM connection active[0;m
[1;32mWed Sep 30 13:00:55 2026 [1;32mDMM[0;m[1;32m <0005> gsm48_mm.c:4466 -> callref 1, transaction_id 0[0;m
[1;34mWed Sep 30 13:00:55 2026 [1;32mDRR[0;m[1;34m <0001> gsm48_rr.c:7026 (ms 1) Message 'RR_DATA_REQ' received in state dedicated (sapi 0)[0;m
[1;34mWed Sep 30 13:00:55 2026 [1;32mDRR[0;m[1;34m <0001> gsm48_rr.c:289 Using and incrementing V(SD) = 1 (pdisc 5)[0;m
[1;34mWed Sep 30 13:00:55 2026 [1;32mDRR[0;m[1;34m <0001> gsm48_rr.c:6317 DL SACCH indicates ta 0 (actual ta 0)[0;m
[1;34mWed Sep 30 13:00:55 2026 [1;32mDRR[0;m[1;34m <0001> gsm48_rr.c:6321 DL SACCH indicates tx_power 12[0;m
[1;34mWed Sep 30 13:00:55 2026 [1;32mDRR[0;m[1;34m <0001> gsm48_rr.c:6325 Applying new ta and tx_power[0;m
[1;32mWed Sep 30 13:00:55 2026 [1;32mDMM[0;m[1;32m <0005> gsm48_mm.c:4605 (ms 1) Received 'RR_DATA_IND' from RR in state MM connection active (sapi 0)[0;m
[1;33mWed Sep 30 13:00:55 2026 [1;32mDCC[0;m[1;33m <0006> gsm48_cc.c:2240 (ms 1) Received 'MMCC_DATA_IND' in CC state DISCONNECT_IND[0;m
[1;33mWed Sep 30 13:00:55 2026 [1;32mDCC[0;m[1;33m <0006> gsm48_cc.c:2194 (ms 1) Received 'RELEASE' in CC state DISCONNECT_IND[0;m
[1;33mWed Sep 30 13:00:55 2026 [1;32mDCC[0;m[1;33m <0006> gsm48_cc.c:1784 received RELEASE[0;m
[1;33mWed Sep 30 13:00:55 2026 [1;32mDCC[0;m[1;33m <0006> gsm48_cc.c:359 stopping pending timer T305[0;m
[1;33mWed Sep 30 13:00:55 2026 [1;32mDCC[0;m[1;33m <0006> gsm48_cc.c:1827 sending RELEASE COMPLETE[0;m
[1;33mWed Sep 30 13:00:55 2026 [1;32mDCC[0;m[1;33m <0006> gsm48_cc.c:179 Sending 'RELEASE_COMPL' using MMCC_DATA_REQ (callref=1, transaction_id=0)[0;m
[1;32mWed Sep 30 13:00:55 2026 [1;32mDMM[0;m[1;32m <0005> gsm48_mm.c:4460 (ms 1) Received 'MMCC_DATA_REQ' event in state MM connection active[0;m
[1;32mWed Sep 30 13:00:55 2026 [1;32mDMM[0;m[1;32m <0005> gsm48_mm.c:4466 -> callref 1, transaction_id 0[0;m
[1;34mWed Sep 30 13:00:55 2026 [1;32mDRR[0;m[1;34m <0001> gsm48_rr.c:7026 (ms 1) Message 'RR_DATA_REQ' received in state dedicated (sapi 0)[0;m
[1;34mWed Sep 30 13:00:55 2026 [1;32mDRR[0;m[1;34m <0001> gsm48_rr.c:289 Using and incrementing V(SD) = 0 (pdisc 5)[0;m
[1;33mWed Sep 30 13:00:55 2026 [1;32mDCC[0;m[1;33m <0006> gsm48_cc.c:195 (ms 1 ti 0) Sending 'MNCC_REL_IND' to MNCC.[0;m
[1;33mWed Sep 30 13:00:55 2026 [1;32mDCC[0;m[1;33m <0006> gsm48_cc.c:415 Sending MMCC_REL_REQ[0;m
[1;32mWed Sep 30 13:00:55 2026 [1;32mDMM[0;m[1;32m <0005> gsm48_mm.c:4460 (ms 1) Received 'MMCC_REL_REQ' event in state MM connection active[0;m
[1;32mWed Sep 30 13:00:55 2026 [1;32mDMM[0;m[1;32m <0005> gsm48_mm.c:4466 -> callref 1, transaction_id 0[0;m
[1;32mWed Sep 30 13:00:55 2026 [1;32mDMM[0;m[1;32m <0005> gsm48_mm.c:1630 Freeing MM Connection[0;m
[1;32mWed Sep 30 13:00:55 2026 [1;32mDMM[0;m[1;32m <0005> gsm48_mm.c:1549 (ref 0x1 proto 3) new state DEDICATED -> IDLE[0;m
[1;32mWed Sep 30 13:00:55 2026 [1;32mDMM[0;m[1;32m <0005> gsm48_mm.c:560 starting T3240 (RR release timeout) with 10.0 seconds[0;m
[1;32mWed Sep 30 13:00:55 2026 [1;32mDMM[0;m[1;32m <0005> gsm48_mm.c:1066 new state MM connection active -> wait for network command[0;m
[1;33mWed Sep 30 13:00:55 2026 [1;34mDCC[0;m[1;33m <0006> gsm48_cc.c:242 new state DISCONNECT_IND -> NULL[0;m
[1;33mWed Sep 30 13:00:55 2026 [1;34mDCC[0;m[1;33m <0006> transaction.c:108 ms 1 frees transaction (mem 0x596614f687c0)[0;m
[38;5;12mWed Sep 30 13:00:55 2026 [1;33mDLLAPD[0;m[38;5;12m <001f> lapd_core.c:1636 (dl=0x596614f6a4b8) N(S) sequence error: N(S)=2, V(R)=3 (state LAPD_STATE_MF_EST)[0;m
[1;34mWed Sep 30 13:00:56 2026 [1;32mDRR[0;m[1;34m <0001> gsm48_rr.c:4432 channel release request with cause 0x00[0;m
[1;34mWed Sep 30 13:00:56 2026 [1;32mDRR[0;m[1;34m <0001> gsm48_rr.c:475 new state dedicated -> release pending[0;m
[1;34mWed Sep 30 13:00:56 2026 [1;32mDRR[0;m[1;34m <0001> gsm48_rr.c:995 starting T3110 with 1.500 seconds[0;m
[1;31mWed Sep 30 13:00:56 2026 [1;33mDL1C[0;m[1;31m <000e> l1ctl.c:268 LOSS counter for ACCH 31[0;m
[1;31mWed Sep 30 13:00:56 2026 [1;33mDL1C[0;m[1;31m <000e> l1ctl.c:278 Dropping frame with 96 bit errors[0;m
[38;5;12mWed Sep 30 13:00:56 2026 [1;33mDLLAPD[0;m[38;5;12m <001f> lapd_core.c:1629 (dl=0x596614f6a4b8) I frame ignored in state LAPD_STATE_DISC_SENT[0;m
[1;34mWed Sep 30 13:00:56 2026 [1;32mDRR[0;m[1;34m <0001> gsm48_rr.c:835 MON: f=514 lev=>=-47 snr=92 ber= 56 CGI=001-01-1-6001[0;m
[1;34mWed Sep 30 13:00:56 2026 [1;32mDRR[0;m[1;34m <0001> gsm48_rr.c:3885 MEAS REP: pwr=12 TA=0 meas-invalid=0 rxlev-full=-47 rxlev-sub=-47 rxqual-full=0 rxqual-sub=0 dtx 0 ba 1 no-ncell-n 0[0;m
[1;34mWed Sep 30 13:00:56 2026 [1;32mDRR[0;m[1;34m <0001> gsm48_rr.c:1074 stopping pending timer T3110[0;m
[1;34mWed Sep 30 13:00:56 2026 [1;32mDRR[0;m[1;34m <0001> gsm48_rr.c:475 new state release pending -> idle[0;m
[1;34mWed Sep 30 13:00:56 2026 [1;32mDRR[0;m[1;34m <0001> gsm48_rr.c:498 Returning to IDLE mode.[0;m
[1;32mWed Sep 30 13:00:56 2026 [1;32mDMM[0;m[1;32m <0005> gsm48_mm.c:4605 (ms 1) Received 'RR_REL_IND' from RR in state wait for network command (sapi 0)[0;m
[1;32mWed Sep 30 13:00:56 2026 [1;32mDMM[0;m[1;32m <0005> gsm48_mm.c:624 stopping pending (RR release timeout) timer T3240[0;m
[1;32mWed Sep 30 13:00:56 2026 [1;32mDMM[0;m[1;32m <0005> gsm48_mm.c:1254 Not camping, wait for CS process to camp, it sends us CELL_SELECTED then.[0;m
[1;34mWed Sep 30 13:00:56 2026 [1;32mDRR[0;m[1;34m <0001> gsm322.c:2929 using DSC of 90[0;m
[1;34mWed Sep 30 13:00:56 2026 [1;32mDRR[0;m[1;34m <0001> sysinfo.c:947 New SYSTEM INFORMATION 3 (lai=001-01-1)[0;m
[1;34mWed Sep 30 13:00:56 2026 [1;33mDRR[0;m[1;34m <0001> gsm48_rr.c:2878 Changing CCCH_MODE to 2[0;m
[1;34mWed Sep 30 13:00:56 2026 [1;32mDRR[0;m[1;34m <0001> gsm48_rr.c:2910 New SYSTEM INFORMATION 4 (lai=001-01-1)[0;m
[1;34mWed Sep 30 13:00:57 2026 [1;32mDRR[0;m[1;34m <0001> gsm48_rr.c:3100 New SYSTEM INFORMATION 13 (EGPRS, RAC 0x00, NCO 0, MNO 1)[0;m
[1;34mWed Sep 30 13:00:57 2026 [1;32mDRR[0;m[1;34m <0001> gsm48_rr.c:2787 New SYSTEM INFORMATION 2[0;m
[1;34mWed Sep 30 13:00:58 2026 [1;33mDRR[0;m[1;34m <0001> sysinfo.c:860 Now updating previously received SYSTEM INFORMATION 4[0;m
[1;34mWed Sep 30 13:00:58 2026 [1;32mDRR[0;m[1;34m <0001> gsm48_rr.c:2758 New SYSTEM INFORMATION 1[0;m
[1;32mWed Sep 30 13:00:58 2026 [1;32mDMM[0;m[1;32m <0005> gsm48_mm.c:5063 (ms 1) Received 'MM_EVENT_CELL_SELECTED' event in state wait for network command[0;m
[1;32mWed Sep 30 13:00:58 2026 [1;32mDMM[0;m[1;32m <0005> gsm48_mm.c:1293 We are in registered LAI as returning to MM IDLE[0;m
[1;32mWed Sep 30 13:00:58 2026 [1;32mDMM[0;m[1;32m <0005> gsm48_mm.c:1061 new state wait for network command -> MM IDLE, normal service[0;m
[1;31mWed Sep 30 13:00:58 2026 [1;31mDL1C[0;m[1;31m <000e> l1ctl.c:141 FBSB RESP: result=255[0;m
[1;34mWed Sep 30 13:00:58 2026 [1;32mDRR[0;m[1;34m <0001> gsm48_rr.c:835 MON: no cell info[0;m
[1;31mWed Sep 30 13:00:58 2026 [1;31mDL1C[0;m[1;31m <000e> l1ctl.c:141 FBSB RESP: result=255[0;m
[1;32mWed Sep 30 13:00:58 2026 [1;32mDMM[0;m[1;32m <0005> gsm48_mm.c:5058 (ms 1) Received 'MM_EVENT_LOST_COVERAGE' event in state MM IDLE, normal service[0;m
[1;32mWed Sep 30 13:00:58 2026 [1;32mDMM[0;m[1;32m <0005> gsm48_mm.c:1216 Selecting PLMN SEARCH state, because no cell selected.[0;m
[1;32mWed Sep 30 13:00:58 2026 [1;32mDMM[0;m[1;32m <0005> gsm48_mm.c:1051 new MM IDLE state normal service -> PLMN search[0;m
[1;34mWed Sep 30 13:00:58 2026 [1;32mDRR[0;m[1;34m <0001> gsm322.c:2929 using DSC of 90[0;m
[1;34mWed Sep 30 13:00:58 2026 [1;32mDRR[0;m[1;34m <0001> sysinfo.c:947 New SYSTEM INFORMATION 3 (lai=001-01-1)[0;m
[1;34mWed Sep 30 13:00:58 2026 [1;33mDRR[0;m[1;34m <0001> gsm48_rr.c:2878 Changing CCCH_MODE to 2[0;m
[1;34mWed Sep 30 13:00:58 2026 [1;32mDRR[0;m[1;34m <0001> gsm48_rr.c:2910 New SYSTEM INFORMATION 4 (lai=001-01-1)[0;m
[1;34mWed Sep 30 13:00:59 2026 [1;32mDRR[0;m[1;34m <0001> gsm48_rr.c:3100 New SYSTEM INFORMATION 13 (EGPRS, RAC 0x00, NCO 0, MNO 1)[0;m
[1;34mWed Sep 30 13:00:59 2026 [1;32mDRR[0;m[1;34m <0001> gsm48_rr.c:2787 New SYSTEM INFORMATION 2[0;m
[1;34mWed Sep 30 13:00:59 2026 [1;33mDRR[0;m[1;34m <0001> sysinfo.c:860 Now updating previously received SYSTEM INFORMATION 4[0;m
[1;34mWed Sep 30 13:00:59 2026 [1;32mDRR[0;m[1;34m <0001> gsm48_rr.c:2758 New SYSTEM INFORMATION 1[0;m
[1;32mWed Sep 30 13:00:59 2026 [1;32mDMM[0;m[1;32m <0005> gsm48_mm.c:5058 (ms 1) Received 'MM_EVENT_CELL_SELECTED' event in state MM IDLE, PLMN search[0;m
[1;32mWed Sep 30 13:00:59 2026 [1;32mDMM[0;m[1;32m <0005> gsm48_mm.c:1385 Valid in location area.[0;m
[1;32mWed Sep 30 13:00:59 2026 [1;32mDMM[0;m[1;32m <0005> gsm48_mm.c:1051 new MM IDLE state PLMN search -> normal service[0;m
[32mWed Sep 30 13:00:59 2026 [1;33mDPLMN[0;m[32m <0002> gsm322.c:3783 Event EVENT_REG_SUCCESS unhandled in state A4 wait for PLMN to appear.[0;m
[1;34mWed Sep 30 13:01:00 2026 [1;32mDRR[0;m[1;34m <0001> gsm322.c:2929 using DSC of 90[0;m
[1;34mWed Sep 30 13:01:00 2026 [1;32mDRR[0;m[1;34m <0001> gsm48_rr.c:835 MON: f=514 lev=>=-47 snr=83 ber= 45 CGI=001-01-1-6001[0;m
[1;34mWed Sep 30 13:01:01 2026 [1;32mDRR[0;m[1;34m <0001> gsm48_rr.c:835 MON: f=514 lev=>=-47 snr=83 ber= 48 CGI=001-01-1-6001[0;m
[1;34mWed Sep 30 13:01:02 2026 [1;32mDRR[0;m[1;34m <0001> gsm48_rr.c:835 MON: f=514 lev=>=-47 snr=83 ber= 47 CGI=001-01-1-6001[0;m
[1;33mWed Sep 30 13:01:02 2026 [1;34mDCC[0;m[1;33m <0006> transaction.c:71 ms 1 allocates transaction (proto 3 trans_id 255 callref 2 mem 0x596614f687c0)[0;m
[1;33mWed Sep 30 13:01:02 2026 [1;34mDCC[0;m[1;33m <0006> gsm48_cc.c:242 new state NULL -> MM_CONNECTION_PEND[0;m
[1;33mWed Sep 30 13:01:02 2026 [1;32mDCC[0;m[1;33m <0006> gsm48_cc.c:523 Sending MMCC_EST_REQ[0;m
[1;32mWed Sep 30 13:01:02 2026 [1;32mDMM[0;m[1;32m <0005> gsm48_mm.c:4460 (ms 1) Received 'MMCC_EST_REQ' event in state MM idle[0;m
[1;32mWed Sep 30 13:01:02 2026 [1;32mDMM[0;m[1;32m <0005> gsm48_mm.c:4464 -> substate normal service[0;m
[1;32mWed Sep 30 13:01:02 2026 [1;32mDMM[0;m[1;32m <0005> gsm48_mm.c:4466 -> callref 2, transaction_id 255[0;m
[1;32mWed Sep 30 13:01:02 2026 [1;32mDMM[0;m[1;32m <0005> gsm48_mm.c:3222 Init MM Connection.[0;m
[1;32mWed Sep 30 13:01:02 2026 [1;32mDMM[0;m[1;32m <0005> gsm48_mm.c:1612 New MM Connection (proto 0x03 trans_id 255 sapi 0 ref 2)[0;m
[1;32mWed Sep 30 13:01:02 2026 [1;32mDMM[0;m[1;32m <0005> gsm48_mm.c:1549 (ref 0x2 proto 3) new state IDLE -> CONN_PEND[0;m
[1;32mWed Sep 30 13:01:02 2026 [1;32mDMM[0;m[1;32m <0005> gsm48_mm.c:3004 CM SERVICE REQUEST (cause 9)[0;m
[1;32mWed Sep 30 13:01:02 2026 [1;32mDMM[0;m[1;32m <0005> gsm48_mm.c:3038 -> Using TMSI[0;m
[1;34mWed Sep 30 13:01:02 2026 [1;32mDRR[0;m[1;34m <0001> gsm48_rr.c:7026 (ms 1) Message 'RR_EST_REQ' received in state idle (sapi 0)[0;m
[1;34mWed Sep 30 13:01:02 2026 [1;32mDRR[0;m[1;34m <0001> gsm48_rr.c:475 new state idle -> connection pending[0;m
[1;34mWed Sep 30 13:01:02 2026 [1;32mDRR[0;m[1;34m <0001> gsm48_rr.c:2413 CHANNEL REQUEST: e0 (Orig TCH/F)[0;m
[1;32mWed Sep 30 13:01:02 2026 [1;32mDMM[0;m[1;32m <0005> gsm48_mm.c:1056 new state MM IDLE, normal service -> wait for RR connection (MM connection)[0;m
[1;31mWed Sep 30 13:01:02 2026 [1;31mDL1C[0;m[1;31m <000e> l1ctl.c:141 FBSB RESP: result=255[0;m
[1;34mWed Sep 30 13:01:02 2026 [1;32mDRR[0;m[1;34m <0001> gsm322.c:2929 using DSC of 90[0;m
[1;34mWed Sep 30 13:01:03 2026 [1;32mDRR[0;m[1;34m <0001> gsm48_rr.c:2557 RANDOM ACCESS (requests left 8)[0;m
[1;34mWed Sep 30 13:01:03 2026 [1;32mDRR[0;m[1;34m <0001> gsm48_rr.c:2613 RANDOM ACCESS (Tx-integer 12 combined yes S(lots) 0 ra 0xe0)[0;m
[1;34mWed Sep 30 13:01:03 2026 [1;32mDRR[0;m[1;34m <0001> gsm48_rr.c:2649 Use MS-TXPWR-MAX-CCH power value 7 (16 dBm)[0;m
[1;34mWed Sep 30 13:01:03 2026 [1;32mDRR[0;m[1;34m <0001> gsm48_rr.c:2557 RANDOM ACCESS (requests left 7)[0;m
[1;34mWed Sep 30 13:01:03 2026 [1;32mDRR[0;m[1;34m <0001> gsm48_rr.c:2613 RANDOM ACCESS (Tx-integer 12 combined yes S(lots) 115 ra 0xfe)[0;m
[1;34mWed Sep 30 13:01:03 2026 [1;32mDRR[0;m[1;34m <0001> gsm48_rr.c:2649 Use MS-TXPWR-MAX-CCH power value 7 (16 dBm)[0;m
[1;34mWed Sep 30 13:01:03 2026 [1;32mDRR[0;m[1;34m <0001> gsm48_rr.c:3443 IMMEDIATE ASSIGNMENT:[0;m
[1;34mWed Sep 30 13:01:03 2026 [1;32mDRR[0;m[1;34m <0001> gsm48_rr.c:3465  (ta 0/0m ra 0xe0 chan_nr 0x41 ARFCN 514(DCS) TS 1 SS 0 TSC 7)[0;m
[1;34mWed Sep 30 13:01:03 2026 [1;32mDRR[0;m[1;34m <0001> gsm48_rr.c:3377 request e0 matches (fn=4,18,23)[0;m
[1;34mWed Sep 30 13:01:03 2026 [1;32mDRR[0;m[1;34m <0001> gsm48_rr.c:3495 resetting scheduler[0;m
[1;34mWed Sep 30 13:01:03 2026 [1;32mDRR[0;m[1;34m <0001> gsm48_rr.c:4261 sending establish message[0;m
[1;34mWed Sep 30 13:01:03 2026 [1;32mDRR[0;m[1;34m <0001> gsm48_rr.c:289 Using and incrementing V(SD) = 0 (pdisc 5)[0;m
[1;34mWed Sep 30 13:01:03 2026 [1;32mDRR[0;m[1;34m <0001> gsm48_rr.c:3992 setting indicated TA 0 (actual TA 0)[0;m
[1;34mWed Sep 30 13:01:03 2026 [1;32mDRR[0;m[1;34m <0001> gsm48_rr.c:4007 using last BCCH timeout 32[0;m
[1;34mWed Sep 30 13:01:03 2026 [1;32mDRR[0;m[1;34m <0001> gsm48_rr.c:1050 stopping pending timer T_meas[0;m
[1;34mWed Sep 30 13:01:03 2026 [1;32mDRR[0;m[1;34m <0001> gsm48_rr.c:3885 MEAS REP: pwr=7 TA=0 meas-invalid=1 rxlev-full=-110 rxlev-sub=-110 rxqual-full=0 rxqual-sub=0 dtx 0 ba 0 no-ncell-n 7[0;m
[1;34mWed Sep 30 13:01:03 2026 [1;32mDRR[0;m[1;34m <0001> gsm48_rr.c:4026 establishing channel in dedicated/group mode[0;m
[1;34mWed Sep 30 13:01:03 2026 [1;32mDRR[0;m[1;34m <0001> gsm48_rr.c:4035  Channel type 64, subch 0, ts 1, mode 0, audio-mode 0, flags 0x00, cipher 1[0;m
[1;31mWed Sep 30 13:01:03 2026 [1;33mDL1C[0;m[1;31m <000e> l1ctl.c:268 LOSS counter for ACCH 31[0;m
[1;31mWed Sep 30 13:01:03 2026 [1;33mDL1C[0;m[1;31m <000e> l1ctl.c:278 Dropping frame with 96 bit errors[0;m
[1;34mWed Sep 30 13:01:03 2026 [1;32mDRR[0;m[1;34m <0001> gsm48_rr.c:6317 DL SACCH indicates ta 0 (actual ta 0)[0;m
[1;34mWed Sep 30 13:01:03 2026 [1;32mDRR[0;m[1;34m <0001> gsm48_rr.c:6321 DL SACCH indicates tx_power 7[0;m
[1;34mWed Sep 30 13:01:03 2026 [1;32mDRR[0;m[1;34m <0001> gsm48_rr.c:3033 New SYSTEM INFORMATION 6 (lai=001-01-1 SACCH-timeout 32)[0;m
[1;34mWed Sep 30 13:01:03 2026 [1;32mDRR[0;m[1;34m <0001> gsm48_rr.c:3037 using (new) SACCH timeout 32[0;m
[1;34mWed Sep 30 13:01:03 2026 [1;32mDRR[0;m[1;34m <0001> gsm48_rr.c:475 new state connection pending -> dedicated[0;m
[1;32mWed Sep 30 13:01:03 2026 [1;32mDMM[0;m[1;32m <0005> gsm48_mm.c:4605 (ms 1) Received 'RR_EST_CNF' from RR in state wait for RR connection (MM connection) (sapi 0)[0;m
[1;32mWed Sep 30 13:01:03 2026 [1;32mDMM[0;m[1;32m <0005> gsm48_mm.c:551 starting T3230 (MM connection timeout) with 15.0 seconds[0;m
[1;32mWed Sep 30 13:01:03 2026 [1;32mDMM[0;m[1;32m <0005> gsm48_mm.c:1066 new state wait for RR connection (MM connection) -> wait for outgoing MM connection[0;m
[1;34mWed Sep 30 13:01:04 2026 [1;32mDRR[0;m[1;34m <0001> gsm48_rr.c:1219 CIPHERING MODE COMMAND (sc=1, algo=A5/1 cr=1)[0;m
[1;34mWed Sep 30 13:01:04 2026 [1;32mDRR[0;m[1;34m <0001> gsm48_rr.c:1166 CIPHERING MODE COMPLETE (cr 1)[0;m
[1;32mWed Sep 30 13:01:04 2026 [1;32mDMM[0;m[1;32m <0005> gsm48_mm.c:4605 (ms 1) Received 'RR_SYNC_IND' from RR in state wait for outgoing MM connection (sapi 0)[0;m
[1;32mWed Sep 30 13:01:04 2026 [1;32mDMM[0;m[1;32m <0005> gsm48_mm.c:615 stopping pending (MM connection timeout) timer T3230[0;m
[1;32mWed Sep 30 13:01:04 2026 [1;32mDMM[0;m[1;32m <0005> gsm48_mm.c:1066 new state wait for outgoing MM connection -> MM connection active[0;m
[1;32mWed Sep 30 13:01:04 2026 [1;32mDMM[0;m[1;32m <0005> gsm48_mm.c:1549 (ref 0x2 proto 3) new state CONN_PEND -> DEDICATED[0;m
[1;33mWed Sep 30 13:01:04 2026 [1;32mDCC[0;m[1;33m <0006> gsm48_cc.c:2240 (ms 1) Received 'MMCC_EST_CNF' in CC state MM_CONNECTION_PEND[0;m
[1;33mWed Sep 30 13:01:04 2026 [1;32mDCC[0;m[1;33m <0006> gsm48_cc.c:557 sending SETUP[0;m
[1;33mWed Sep 30 13:01:04 2026 [1;32mDCC[0;m[1;33m <0006> gsm48_cc.c:347 starting timer T303 with 30 seconds[0;m
[1;33mWed Sep 30 13:01:04 2026 [1;34mDCC[0;m[1;33m <0006> gsm48_cc.c:242 new state MM_CONNECTION_PEND -> INITIATED[0;m
[1;33mWed Sep 30 13:01:04 2026 [1;32mDCC[0;m[1;33m <0006> gsm48_cc.c:179 Sending 'SETUP' using MMCC_DATA_REQ (callref=2, transaction_id=0)[0;m
[1;32mWed Sep 30 13:01:04 2026 [1;32mDMM[0;m[1;32m <0005> gsm48_mm.c:4460 (ms 1) Received 'MMCC_DATA_REQ' event in state MM connection active[0;m
[1;32mWed Sep 30 13:01:04 2026 [1;32mDMM[0;m[1;32m <0005> gsm48_mm.c:4466 -> callref 2, transaction_id 0[0;m
[1;34mWed Sep 30 13:01:04 2026 [1;32mDRR[0;m[1;34m <0001> gsm48_rr.c:7026 (ms 1) Message 'RR_DATA_REQ' received in state dedicated (sapi 0)[0;m
[1;34mWed Sep 30 13:01:04 2026 [1;32mDRR[0;m[1;34m <0001> gsm48_rr.c:289 Using and incrementing V(SD) = 1 (pdisc 5)[0;m
[1;34mWed Sep 30 13:01:04 2026 [1;32mDRR[0;m[1;34m <0001> gsm48_rr.c:835 MON: f=514 lev=>=-47 snr=77 ber= 56 CGI=001-01-1-6001 TA=0 pwr=7 TS=1/0[0;m
[1;34mWed Sep 30 13:01:04 2026 [1;32mDRR[0;m[1;34m <0001> gsm48_rr.c:3885 MEAS REP: pwr=7 TA=0 meas-invalid=0 rxlev-full=-47 rxlev-sub=-47 rxqual-full=0 rxqual-sub=0 dtx 0 ba 0 no-ncell-n 7[0;m
[1;31mWed Sep 30 13:01:04 2026 [1;33mDL1C[0;m[1;31m <000e> l1ctl.c:268 LOSS counter for ACCH 31[0;m
[1;31mWed Sep 30 13:01:04 2026 [1;33mDL1C[0;m[1;31m <000e> l1ctl.c:278 Dropping frame with 88 bit errors[0;m
[1;31mWed Sep 30 13:01:04 2026 [1;33mDL1C[0;m[1;31m <000e> l1ctl.c:278 Dropping frame with 71 bit errors[0;m
[1;31mWed Sep 30 13:01:04 2026 [1;33mDL1C[0;m[1;31m <000e> l1ctl.c:278 Dropping frame with 93 bit errors[0;m
[1;34mWed Sep 30 13:01:04 2026 [1;32mDRR[0;m[1;34m <0001> gsm48_rr.c:6317 DL SACCH indicates ta 0 (actual ta 0)[0;m
[1;34mWed Sep 30 13:01:04 2026 [1;32mDRR[0;m[1;34m <0001> gsm48_rr.c:6321 DL SACCH indicates tx_power 7[0;m
[1;34mWed Sep 30 13:01:05 2026 [1;32mDRR[0;m[1;34m <0001> gsm48_rr.c:835 MON: f=514 lev=>=-47 snr=83 ber= 67 CGI=001-01-1-6001 TA=0 pwr=7 TS=1/0[0;m
[1;34mWed Sep 30 13:01:05 2026 [1;32mDRR[0;m[1;34m <0001> gsm48_rr.c:3885 MEAS REP: pwr=7 TA=0 meas-invalid=0 rxlev-full=-47 rxlev-sub=-47 rxqual-full=0 rxqual-sub=0 dtx 0 ba 0 no-ncell-n 7[0;m
[1;34mWed Sep 30 13:01:05 2026 [1;32mDRR[0;m[1;34m <0001> gsm48_rr.c:6317 DL SACCH indicates ta 0 (actual ta 0)[0;m
[1;34mWed Sep 30 13:01:05 2026 [1;32mDRR[0;m[1;34m <0001> gsm48_rr.c:6321 DL SACCH indicates tx_power 7[0;m
[1;34mWed Sep 30 13:01:05 2026 [1;32mDRR[0;m[1;34m <0001> gsm48_rr.c:2940 New SYSTEM INFORMATION 5[0;m
[1;34mWed Sep 30 13:01:05 2026 [1;33mDRR[0;m[1;34m <0001> gsm48_rr.c:2688 Complete set of SI5* for BA(1)[0;m
[1;34mWed Sep 30 13:01:05 2026 [1;33mDRR[0;m[1;34m <0001> gsm48_rr.c:2703 SI5/SI5bis report arfcn 614(DCS) (index 0)[0;m
[1;34mWed Sep 30 13:01:05 2026 [1;32mDRR[0;m[1;34m <0001> gsm48_rr.c:4788 ASSIGNMENT COMMAND[0;m
[1;34mWed Sep 30 13:01:05 2026 [1;32mDRR[0;m[1;34m <0001> gsm48_rr.c:4853  after: (chan_nr 0x0a ARFCN 514(DCS) TS 2 SS 0 TSC 7)[0;m
[1;34mWed Sep 30 13:01:05 2026 [1;32mDRR[0;m[1;34m <0001> gsm48_rr.c:5000  both: changing channel mode 0x01[0;m
[1;34mWed Sep 30 13:01:05 2026 [1;32mDRR[0;m[1;34m <0001> gsm48_rr.c:5020  both: (tx_power 7 TA 0)[0;m
[1;34mWed Sep 30 13:01:05 2026 [1;32mDRR[0;m[1;34m <0001> gsm48_rr.c:335 Mode: full-rate speech V1[0;m
[1;34mWed Sep 30 13:01:05 2026 [1;32mDRR[0;m[1;34m <0001> gsm48_rr.c:5079 request suspension of data link[0;m
[1;34mWed Sep 30 13:01:05 2026 [1;32mDRR[0;m[1;34m <0001> gsm48_rr.c:5562 suspension coplete, leaving dedicated mode[0;m
[1;34mWed Sep 30 13:01:05 2026 [1;32mDRR[0;m[1;34m <0001> gsm48_rr.c:3992 setting indicated TA 0 (actual TA 0)[0;m
[1;34mWed Sep 30 13:01:05 2026 [1;32mDRR[0;m[1;34m <0001> gsm48_rr.c:4003 using last SACCH timeout 32[0;m
[1;34mWed Sep 30 13:01:05 2026 [1;32mDRR[0;m[1;34m <0001> gsm48_rr.c:1050 stopping pending timer T_meas[0;m
[1;34mWed Sep 30 13:01:05 2026 [1;32mDRR[0;m[1;34m <0001> gsm48_rr.c:3885 MEAS REP: pwr=7 TA=0 meas-invalid=1 rxlev-full=-110 rxlev-sub=-110 rxqual-full=0 rxqual-sub=0 dtx 0 ba 1 no-ncell-n 0[0;m
[1;34mWed Sep 30 13:01:05 2026 [1;32mDRR[0;m[1;34m <0001> gsm48_rr.c:4026 establishing channel in dedicated/group mode[0;m
[1;34mWed Sep 30 13:01:05 2026 [1;32mDRR[0;m[1;34m <0001> gsm48_rr.c:4035  Channel type 8, subch 0, ts 2, mode 1, audio-mode 0, flags 0x00, cipher 1[0;m
[1;34mWed Sep 30 13:01:05 2026 [1;32mDRR[0;m[1;34m <0001> gsm48_rr.c:5598 request resume of data link[0;m
[1;34mWed Sep 30 13:01:05 2026 [1;32mDRR[0;m[1;34m <0001> gsm48_rr.c:4720 ASSIGNMENT COMPLETE (cause #0)[0;m
[1;31mWed Sep 30 13:01:05 2026 [1;33mDL1C[0;m[1;31m <000e> l1ctl.c:268 LOSS counter for ACCH 31[0;m
[1;31mWed Sep 30 13:01:05 2026 [1;33mDL1C[0;m[1;31m <000e> l1ctl.c:278 Dropping frame with 48 bit errors[0;m
[1;34mWed Sep 30 13:01:06 2026 [1;32mDRR[0;m[1;34m <0001> gsm48_rr.c:5541 data link is resumed[0;m
[1;32mWed Sep 30 13:01:06 2026 [1;32mDMM[0;m[1;32m <0005> gsm48_mm.c:4605 (ms 1) Received 'RR_DATA_IND' from RR in state MM connection active (sapi 0)[0;m
[1;33mWed Sep 30 13:01:06 2026 [1;32mDCC[0;m[1;33m <0006> gsm48_cc.c:2240 (ms 1) Received 'MMCC_DATA_IND' in CC state INITIATED[0;m
[1;33mWed Sep 30 13:01:06 2026 [1;32mDCC[0;m[1;33m <0006> gsm48_cc.c:2194 (ms 1) Received 'CALL_PROC' in CC state INITIATED[0;m
[1;33mWed Sep 30 13:01:06 2026 [1;32mDCC[0;m[1;33m <0006> gsm48_cc.c:681 received CALL PROCEEDING[0;m
[1;33mWed Sep 30 13:01:06 2026 [1;32mDCC[0;m[1;33m <0006> gsm48_cc.c:359 stopping pending timer T303[0;m
[1;33mWed Sep 30 13:01:06 2026 [1;34mDCC[0;m[1;33m <0006> gsm48_cc.c:242 new state INITIATED -> MO_CALL_PROC[0;m
[1;33mWed Sep 30 13:01:06 2026 [1;32mDCC[0;m[1;33m <0006> gsm48_cc.c:195 (ms 1 ti 0) Sending 'MNCC_CALL_PROC_IND' to MNCC.[0;m
[1;34mWed Sep 30 13:01:06 2026 [1;32mDRR[0;m[1;34m <0001> gsm48_rr.c:6317 DL SACCH indicates ta 0 (actual ta 0)[0;m
[1;34mWed Sep 30 13:01:06 2026 [1;32mDRR[0;m[1;34m <0001> gsm48_rr.c:6321 DL SACCH indicates tx_power 7[0;m
[1;34mWed Sep 30 13:01:06 2026 [1;32mDRR[0;m[1;34m <0001> gsm48_rr.c:2940 New SYSTEM INFORMATION 5[0;m
[1;34mWed Sep 30 13:01:06 2026 [1;33mDRR[0;m[1;34m <0001> gsm48_rr.c:2688 Complete set of SI5* for BA(1)[0;m
[1;34mWed Sep 30 13:01:06 2026 [1;33mDRR[0;m[1;34m <0001> gsm48_rr.c:2703 SI5/SI5bis report arfcn 614(DCS) (index 0)[0;m
[38;5;12mWed Sep 30 13:01:06 2026 [1;33mDLLAPD[0;m[38;5;12m <001f> lapd_core.c:1636 (dl=0x596614f6a4b8) N(S) sequence error: N(S)=0, V(R)=1 (state LAPD_STATE_MF_EST)[0;m
[1;32mWed Sep 30 13:01:06 2026 [1;32mDMM[0;m[1;32m <0005> gsm48_mm.c:4605 (ms 1) Received 'RR_DATA_IND' from RR in state MM connection active (sapi 0)[0;m
[1;33mWed Sep 30 13:01:06 2026 [1;32mDCC[0;m[1;33m <0006> gsm48_cc.c:2240 (ms 1) Received 'MMCC_DATA_IND' in CC state MO_CALL_PROC[0;m
[1;33mWed Sep 30 13:01:06 2026 [1;32mDCC[0;m[1;33m <0006> gsm48_cc.c:2194 (ms 1) Received 'CONNECT' in CC state MO_CALL_PROC[0;m
[1;33mWed Sep 30 13:01:06 2026 [1;32mDCC[0;m[1;33m <0006> gsm48_cc.c:786 received CONNECT[0;m
[1;33mWed Sep 30 13:01:06 2026 [1;32mDCC[0;m[1;33m <0006> gsm48_cc.c:834 sending CONNECT ACKNOWLEDGE[0;m
[1;33mWed Sep 30 13:01:06 2026 [1;34mDCC[0;m[1;33m <0006> gsm48_cc.c:242 new state MO_CALL_PROC -> ACTIVE[0;m
[0;36mWed Sep 30 13:01:06 2026 [1;33mDGAPK[0;m[0;36m <0016> gapk_io.c:397 Initialize GAPK I/O[0;m
[0;36mWed Sep 30 13:01:06 2026 [1;34mDGAPK[0;m[0;36m <0016> gapk_io.c:177 Prepare audio input (capture) chain[0;m
[0;36mWed Sep 30 13:01:06 2026 [1;34mDGAPK[0;m[0;36m <0016> pq_alsa.c:183 PQ 'pq_audio_source': Adding ALSA input (dev='gsm_in', blk_len=320)[0;m
[0;36mWed Sep 30 13:01:06 2026 [1;34mDGAPK[0;m[0;36m <0016> pq_codec.c:81 PQ 'pq_audio_source': Adding codec fr, encoding to format gsm[0;m
[0;36mWed Sep 30 13:01:06 2026 [1;34mDGAPK[0;m[0;36m <0016> pq_format.c:65 PQ 'pq_audio_source': Adding conversion from gsm to canon (for codec fr)[0;m
[0;36mWed Sep 30 13:01:06 2026 [1;34mDGAPK[0;m[0;36m <0016> pq_format.c:59 PQ 'pq_audio_source': Adding conversion from canon to ti-fr (for codec fr)[0;m
[0;36mWed Sep 30 13:01:06 2026 [1;34mDGAPK[0;m[0;36m <0016> gapk_io.c:113 PQ 'pq_audio_source': Adding TCH frame buffer output[0;m
[0;36mWed Sep 30 13:01:06 2026 [1;34mDGAPK[0;m[0;36m <0016> gapk_io.c:224 PQ 'pq_audio_source': chain 'source/alsa -> codec/fr -> format/gsm -> format/ti-fr -> sink/tch_fb' prepared[0;m
[0;36mWed Sep 30 13:01:06 2026 [1;34mDGAPK[0;m[0;36m <0016> gapk_io.c:254 Prepare audio output (playback) chain[0;m
[0;36mWed Sep 30 13:01:06 2026 [1;34mDGAPK[0;m[0;36m <0016> gapk_io.c:113 PQ 'pq_audio_sink': Adding TCH frame buffer input[0;m
[0;36mWed Sep 30 13:01:06 2026 [1;34mDGAPK[0;m[0;36m <0016> pq_format.c:65 PQ 'pq_audio_sink': Adding conversion from ti-fr to canon (for codec fr)[0;m
[0;36mWed Sep 30 13:01:06 2026 [1;34mDGAPK[0;m[0;36m <0016> pq_ecu.c:84 PQ 'pq_audio_sink': Adding ECU for codec 'fr', format 'gsm'[0;m
[0;36mWed Sep 30 13:01:06 2026 [1;34mDGAPK[0;m[0;36m <0016> pq_format.c:59 PQ 'pq_audio_sink': Adding conversion from canon to gsm (for codec fr)[0;m
[0;36mWed Sep 30 13:01:06 2026 [1;34mDGAPK[0;m[0;36m <0016> pq_codec.c:81 PQ 'pq_audio_sink': Adding codec fr, decoding from format gsm[0;m
[0;36mWed Sep 30 13:01:06 2026 [1;34mDGAPK[0;m[0;36m <0016> pq_alsa.c:197 PQ 'pq_audio_sink': Adding ALSA output (dev='gsm_out', blk_len=320)[0;m
[0;36mWed Sep 30 13:01:06 2026 [1;34mDGAPK[0;m[0;36m <0016> gapk_io.c:304 PQ 'pq_audio_sink': chain 'source/tch_fb -> format/ti-fr -> ecu/fr -> format/gsm -> codec/fr -> sink/alsa' prepared[0;m
[0;36mWed Sep 30 13:01:06 2026 [1;33mDGAPK[0;m[0;36m <0016> gapk_io.c:472 GAPK I/O initialized for MS '1', codec 'fr'[0;m
[1;34mWed Sep 30 13:01:06 2026 [1;32mDRR[0;m[1;34m <0001> gsm48_rr.c:7207 setting audio mode to 10[0;m
[1;33mWed Sep 30 13:01:06 2026 [1;32mDCC[0;m[1;33m <0006> gsm48_cc.c:179 Sending 'CONNECT_ACK' using MMCC_DATA_REQ (callref=2, transaction_id=0)[0;m
[1;32mWed Sep 30 13:01:06 2026 [1;32mDMM[0;m[1;32m <0005> gsm48_mm.c:4460 (ms 1) Received 'MMCC_DATA_REQ' event in state MM connection active[0;m
[1;32mWed Sep 30 13:01:06 2026 [1;32mDMM[0;m[1;32m <0005> gsm48_mm.c:4466 -> callref 2, transaction_id 0[0;m
[1;34mWed Sep 30 13:01:06 2026 [1;32mDRR[0;m[1;34m <0001> gsm48_rr.c:7026 (ms 1) Message 'RR_DATA_REQ' received in state dedicated (sapi 0)[0;m
[1;34mWed Sep 30 13:01:06 2026 [1;32mDRR[0;m[1;34m <0001> gsm48_rr.c:289 Using and incrementing V(SD) = 0 (pdisc 5)[0;m
[1;33mWed Sep 30 13:01:06 2026 [1;32mDCC[0;m[1;33m <0006> gsm48_cc.c:195 (ms 1 ti 0) Sending 'MNCC_SETUP_CNF' to MNCC.[0;m
[1;34mWed Sep 30 13:01:06 2026 [1;32mDRR[0;m[1;34m <0001> gsm48_rr.c:835 MON: f=514 lev=>=-47 snr=94 ber= 49 CGI=001-01-1-6001 TA=0 pwr=7 TS=2[0;m
[1;34mWed Sep 30 13:01:06 2026 [1;32mDRR[0;m[1;34m <0001> gsm48_rr.c:3885 MEAS REP: pwr=7 TA=0 meas-invalid=0 rxlev-full=-47 rxlev-sub=-47 rxqual-full=0 rxqual-sub=0 dtx 0 ba 1 no-ncell-n 0[0;m
[38;5;12mWed Sep 30 13:01:06 2026 [1;33mDLLAPD[0;m[38;5;12m <001f> lapd_core.c:1636 (dl=0x596614f6a4b8) N(S) sequence error: N(S)=1, V(R)=2 (state LAPD_STATE_MF_EST)[0;m
[1;31mWed Sep 30 13:01:06 2026 [1;33mDL1C[0;m[1;31m <000e> l1ctl.c:268 LOSS counter for ACCH 31[0;m
[1;31mWed Sep 30 13:01:06 2026 [1;33mDL1C[0;m[1;31m <000e> l1ctl.c:278 Dropping frame with 48 bit errors[0;m
[38;5;12mWed Sep 30 13:01:06 2026 [1;33mDLLAPD[0;m[38;5;12m <001f> lapd_core.c:1636 (dl=0x596614f6a4b8) N(S) sequence error: N(S)=1, V(R)=2 (state LAPD_STATE_MF_EST)[0;m
[1;34mWed Sep 30 13:01:07 2026 [1;32mDRR[0;m[1;34m <0001> gsm48_rr.c:6317 DL SACCH indicates ta 0 (actual ta 0)[0;m
[1;34mWed Sep 30 13:01:07 2026 [1;32mDRR[0;m[1;34m <0001> gsm48_rr.c:6321 DL SACCH indicates tx_power 8[0;m
[1;34mWed Sep 30 13:01:07 2026 [1;32mDRR[0;m[1;34m <0001> gsm48_rr.c:6325 Applying new ta and tx_power[0;m
[1;34mWed Sep 30 13:01:07 2026 [1;32mDRR[0;m[1;34m <0001> gsm48_rr.c:6317 DL SACCH indicates ta 0 (actual ta 0)[0;m
[1;34mWed Sep 30 13:01:07 2026 [1;32mDRR[0;m[1;34m <0001> gsm48_rr.c:6321 DL SACCH indicates tx_power 8[0;m
[1;34mWed Sep 30 13:01:07 2026 [1;32mDRR[0;m[1;34m <0001> gsm48_rr.c:835 MON: f=514 lev=>=-47 snr=82 ber= 47 CGI=001-01-1-6001 TA=0 pwr=8 TS=2[0;m
[1;34mWed Sep 30 13:01:07 2026 [1;32mDRR[0;m[1;34m <0001> gsm48_rr.c:3885 MEAS REP: pwr=8 TA=0 meas-invalid=0 rxlev-full=-47 rxlev-sub=-47 rxqual-full=0 rxqual-sub=0 dtx 0 ba 1 no-ncell-n 0[0;m
[1;34mWed Sep 30 13:01:08 2026 [1;32mDRR[0;m[1;34m <0001> gsm48_rr.c:6317 DL SACCH indicates ta 0 (actual ta 0)[0;m
[1;34mWed Sep 30 13:01:08 2026 [1;32mDRR[0;m[1;34m <0001> gsm48_rr.c:6321 DL SACCH indicates tx_power 8[0;m
[1;34mWed Sep 30 13:01:08 2026 [1;32mDRR[0;m[1;34m <0001> gsm48_rr.c:6317 DL SACCH indicates ta 0 (actual ta 0)[0;m
[1;34mWed Sep 30 13:01:08 2026 [1;32mDRR[0;m[1;34m <0001> gsm48_rr.c:6321 DL SACCH indicates tx_power 8[0;m
[1;34mWed Sep 30 13:01:08 2026 [1;32mDRR[0;m[1;34m <0001> gsm48_rr.c:835 MON: f=514 lev=>=-47 snr=78 ber= 33 CGI=001-01-1-6001 TA=0 pwr=8 TS=2[0;m
[1;34mWed Sep 30 13:01:08 2026 [1;32mDRR[0;m[1;34m <0001> gsm48_rr.c:3885 MEAS REP: pwr=8 TA=0 meas-invalid=0 rxlev-full=-47 rxlev-sub=-47 rxqual-full=0 rxqual-sub=0 dtx 0 ba 1 no-ncell-n 0[0;m
[1;34mWed Sep 30 13:01:09 2026 [1;32mDRR[0;m[1;34m <0001> gsm48_rr.c:6317 DL SACCH indicates ta 0 (actual ta 0)[0;m
[1;34mWed Sep 30 13:01:09 2026 [1;32mDRR[0;m[1;34m <0001> gsm48_rr.c:6321 DL SACCH indicates tx_power 8[0;m
[1;34mWed Sep 30 13:01:09 2026 [1;32mDRR[0;m[1;34m <0001> gsm48_rr.c:6317 DL SACCH indicates ta 0 (actual ta 0)[0;m
[1;34mWed Sep 30 13:01:09 2026 [1;32mDRR[0;m[1;34m <0001> gsm48_rr.c:6321 DL SACCH indicates tx_power 8[0;m
[1;34mWed Sep 30 13:01:09 2026 [1;32mDRR[0;m[1;34m <0001> gsm48_rr.c:835 MON: f=514 lev=>=-47 snr=80 ber= 33 CGI=001-01-1-6001 TA=0 pwr=8 TS=2[0;m
[1;34mWed Sep 30 13:01:09 2026 [1;32mDRR[0;m[1;34m <0001> gsm48_rr.c:3885 MEAS REP: pwr=8 TA=0 meas-invalid=0 rxlev-full=-47 rxlev-sub=-47 rxqual-full=0 rxqual-sub=0 dtx 0 ba 1 no-ncell-n 0[0;m
[1;34mWed Sep 30 13:01:10 2026 [1;32mDRR[0;m[1;34m <0001> gsm48_rr.c:6317 DL SACCH indicates ta 0 (actual ta 0)[0;m
[1;34mWed Sep 30 13:01:10 2026 [1;32mDRR[0;m[1;34m <0001> gsm48_rr.c:6321 DL SACCH indicates tx_power 8[0;m
[1;34mWed Sep 30 13:01:10 2026 [1;32mDRR[0;m[1;34m <0001> gsm48_rr.c:6317 DL SACCH indicates ta 0 (actual ta 0)[0;m
[1;34mWed Sep 30 13:01:10 2026 [1;32mDRR[0;m[1;34m <0001> gsm48_rr.c:6321 DL SACCH indicates tx_power 8[0;m
[1;34mWed Sep 30 13:01:10 2026 [1;32mDRR[0;m[1;34m <0001> gsm48_rr.c:835 MON: f=514 lev=>=-47 snr=83 ber= 33 CGI=001-01-1-6001 TA=0 pwr=8 TS=2[0;m
[1;34mWed Sep 30 13:01:10 2026 [1;32mDRR[0;m[1;34m <0001> gsm48_rr.c:3885 MEAS REP: pwr=8 TA=0 meas-invalid=0 rxlev-full=-47 rxlev-sub=-47 rxqual-full=0 rxqual-sub=0 dtx 0 ba 1 no-ncell-n 0[0;m
[1;34mWed Sep 30 13:01:11 2026 [1;32mDRR[0;m[1;34m <0001> gsm48_rr.c:6317 DL SACCH indicates ta 0 (actual ta 0)[0;m
[1;34mWed Sep 30 13:01:11 2026 [1;32mDRR[0;m[1;34m <0001> gsm48_rr.c:6321 DL SACCH indicates tx_power 9[0;m
[1;34mWed Sep 30 13:01:11 2026 [1;32mDRR[0;m[1;34m <0001> gsm48_rr.c:6325 Applying new ta and tx_power[0;m
[1;34mWed Sep 30 13:01:11 2026 [1;32mDRR[0;m[1;34m <0001> gsm48_rr.c:6317 DL SACCH indicates ta 0 (actual ta 0)[0;m
[1;34mWed Sep 30 13:01:11 2026 [1;32mDRR[0;m[1;34m <0001> gsm48_rr.c:6321 DL SACCH indicates tx_power 9[0;m
[1;34mWed Sep 30 13:01:11 2026 [1;32mDRR[0;m[1;34m <0001> gsm48_rr.c:835 MON: f=514 lev=>=-47 snr=82 ber= 37 CGI=001-01-1-6001 TA=0 pwr=9 TS=2[0;m
[1;34mWed Sep 30 13:01:11 2026 [1;32mDRR[0;m[1;34m <0001> gsm48_rr.c:3885 MEAS REP: pwr=9 TA=0 meas-invalid=0 rxlev-full=-47 rxlev-sub=-47 rxqual-full=0 rxqual-sub=0 dtx 0 ba 1 no-ncell-n 0[0;m
[1;34mWed Sep 30 13:01:11 2026 [1;32mDRR[0;m[1;34m <0001> gsm48_rr.c:6317 DL SACCH indicates ta 0 (actual ta 0)[0;m
[1;34mWed Sep 30 13:01:11 2026 [1;32mDRR[0;m[1;34m <0001> gsm48_rr.c:6321 DL SACCH indicates tx_power 9[0;m
[1;34mWed Sep 30 13:01:12 2026 [1;32mDRR[0;m[1;34m <0001> gsm48_rr.c:6317 DL SACCH indicates ta 0 (actual ta 0)[0;m
[1;34mWed Sep 30 13:01:12 2026 [1;32mDRR[0;m[1;34m <0001> gsm48_rr.c:6321 DL SACCH indicates tx_power 9[0;m
[1;34mWed Sep 30 13:01:12 2026 [1;32mDRR[0;m[1;34m <0001> gsm48_rr.c:835 MON: f=514 lev=>=-47 snr=81 ber= 37 CGI=001-01-1-6001 TA=0 pwr=9 TS=2[0;m
[1;34mWed Sep 30 13:01:12 2026 [1;32mDRR[0;m[1;34m <0001> gsm48_rr.c:3885 MEAS REP: pwr=9 TA=0 meas-invalid=0 rxlev-full=-47 rxlev-sub=-47 rxqual-full=0 rxqual-sub=0 dtx 0 ba 1 no-ncell-n 0[0;m
[1;34mWed Sep 30 13:01:12 2026 [1;32mDRR[0;m[1;34m <0001> gsm48_rr.c:6317 DL SACCH indicates ta 0 (actual ta 0)[0;m
[1;34mWed Sep 30 13:01:12 2026 [1;32mDRR[0;m[1;34m <0001> gsm48_rr.c:6321 DL SACCH indicates tx_power 9[0;m
[1;34mWed Sep 30 13:01:13 2026 [1;32mDRR[0;m[1;34m <0001> gsm48_rr.c:6317 DL SACCH indicates ta 0 (actual ta 0)[0;m
[1;34mWed Sep 30 13:01:13 2026 [1;32mDRR[0;m[1;34m <0001> gsm48_rr.c:6321 DL SACCH indicates tx_power 9[0;m
[1;34mWed Sep 30 13:01:13 2026 [1;32mDRR[0;m[1;34m <0001> gsm48_rr.c:835 MON: f=514 lev=>=-47 snr=75 ber= 37 CGI=001-01-1-6001 TA=0 pwr=9 TS=2[0;m
[1;34mWed Sep 30 13:01:13 2026 [1;32mDRR[0;m[1;34m <0001> gsm48_rr.c:3885 MEAS REP: pwr=9 TA=0 meas-invalid=0 rxlev-full=-47 rxlev-sub=-47 rxqual-full=0 rxqual-sub=0 dtx 0 ba 1 no-ncell-n 0[0;m
[1;34mWed Sep 30 13:01:13 2026 [1;32mDRR[0;m[1;34m <0001> gsm48_rr.c:6317 DL SACCH indicates ta 0 (actual ta 0)[0;m
[1;34mWed Sep 30 13:01:13 2026 [1;32mDRR[0;m[1;34m <0001> gsm48_rr.c:6321 DL SACCH indicates tx_power 9[0;m
[1;34mWed Sep 30 13:01:14 2026 [1;32mDRR[0;m[1;34m <0001> gsm48_rr.c:6317 DL SACCH indicates ta 0 (actual ta 0)[0;m
[1;34mWed Sep 30 13:01:14 2026 [1;32mDRR[0;m[1;34m <0001> gsm48_rr.c:6321 DL SACCH indicates tx_power 9[0;m
[1;34mWed Sep 30 13:01:14 2026 [1;32mDRR[0;m[1;34m <0001> gsm48_rr.c:835 MON: f=514 lev=>=-47 snr=84 ber= 37 CGI=001-01-1-6001 TA=0 pwr=9 TS=2[0;m
[1;34mWed Sep 30 13:01:14 2026 [1;32mDRR[0;m[1;34m <0001> gsm48_rr.c:3885 MEAS REP: pwr=9 TA=0 meas-invalid=0 rxlev-full=-47 rxlev-sub=-47 rxqual-full=0 rxqual-sub=0 dtx 0 ba 1 no-ncell-n 0[0;m
[1;34mWed Sep 30 13:01:14 2026 [1;32mDRR[0;m[1;34m <0001> gsm48_rr.c:6317 DL SACCH indicates ta 0 (actual ta 0)[0;m
[1;34mWed Sep 30 13:01:14 2026 [1;32mDRR[0;m[1;34m <0001> gsm48_rr.c:6321 DL SACCH indicates tx_power 10[0;m
[1;34mWed Sep 30 13:01:14 2026 [1;32mDRR[0;m[1;34m <0001> gsm48_rr.c:6325 Applying new ta and tx_power[0;m
[1;34mWed Sep 30 13:01:15 2026 [1;32mDRR[0;m[1;34m <0001> gsm48_rr.c:6317 DL SACCH indicates ta 0 (actual ta 0)[0;m
[1;34mWed Sep 30 13:01:15 2026 [1;32mDRR[0;m[1;34m <0001> gsm48_rr.c:6321 DL SACCH indicates tx_power 10[0;m
[1;34mWed Sep 30 13:01:15 2026 [1;32mDRR[0;m[1;34m <0001> gsm48_rr.c:6317 DL SACCH indicates ta 0 (actual ta 0)[0;m
[1;34mWed Sep 30 13:01:15 2026 [1;32mDRR[0;m[1;34m <0001> gsm48_rr.c:6321 DL SACCH indicates tx_power 10[0;m
[1;34mWed Sep 30 13:01:15 2026 [1;32mDRR[0;m[1;34m <0001> gsm48_rr.c:835 MON: f=514 lev=>=-47 snr=83 ber= 29 CGI=001-01-1-6001 TA=0 pwr=10 TS=2[0;m
[1;34mWed Sep 30 13:01:15 2026 [1;32mDRR[0;m[1;34m <0001> gsm48_rr.c:3885 MEAS REP: pwr=10 TA=0 meas-invalid=0 rxlev-full=-47 rxlev-sub=-47 rxqual-full=0 rxqual-sub=0 dtx 0 ba 1 no-ncell-n 0[0;m
[1;34mWed Sep 30 13:01:16 2026 [1;32mDRR[0;m[1;34m <0001> gsm48_rr.c:6317 DL SACCH indicates ta 0 (actual ta 0)[0;m
[1;34mWed Sep 30 13:01:16 2026 [1;32mDRR[0;m[1;34m <0001> gsm48_rr.c:6321 DL SACCH indicates tx_power 10[0;m
[1;34mWed Sep 30 13:01:16 2026 [1;32mDRR[0;m[1;34m <0001> gsm48_rr.c:6317 DL SACCH indicates ta 0 (actual ta 0)[0;m
[1;34mWed Sep 30 13:01:16 2026 [1;32mDRR[0;m[1;34m <0001> gsm48_rr.c:6321 DL SACCH indicates tx_power 10[0;m
[1;34mWed Sep 30 13:01:16 2026 [1;32mDRR[0;m[1;34m <0001> gsm48_rr.c:835 MON: f=514 lev=>=-47 snr=81 ber= 32 CGI=001-01-1-6001 TA=0 pwr=10 TS=2[0;m
[1;34mWed Sep 30 13:01:16 2026 [1;32mDRR[0;m[1;34m <0001> gsm48_rr.c:3885 MEAS REP: pwr=10 TA=0 meas-invalid=0 rxlev-full=-47 rxlev-sub=-47 rxqual-full=0 rxqual-sub=0 dtx 0 ba 1 no-ncell-n 0[0;m
[1;34mWed Sep 30 13:01:17 2026 [1;32mDRR[0;m[1;34m <0001> gsm48_rr.c:6317 DL SACCH indicates ta 0 (actual ta 0)[0;m
[1;34mWed Sep 30 13:01:17 2026 [1;32mDRR[0;m[1;34m <0001> gsm48_rr.c:6321 DL SACCH indicates tx_power 10[0;m
[1;34mWed Sep 30 13:01:17 2026 [1;32mDRR[0;m[1;34m <0001> gsm48_rr.c:6317 DL SACCH indicates ta 0 (actual ta 0)[0;m
[1;34mWed Sep 30 13:01:17 2026 [1;32mDRR[0;m[1;34m <0001> gsm48_rr.c:6321 DL SACCH indicates tx_power 10[0;m
[1;34mWed Sep 30 13:01:17 2026 [1;32mDRR[0;m[1;34m <0001> gsm48_rr.c:835 MON: f=514 lev=>=-47 snr=79 ber= 32 CGI=001-01-1-6001 TA=0 pwr=10 TS=2[0;m
[1;34mWed Sep 30 13:01:17 2026 [1;32mDRR[0;m[1;34m <0001> gsm48_rr.c:3885 MEAS REP: pwr=10 TA=0 meas-invalid=0 rxlev-full=-47 rxlev-sub=-47 rxqual-full=0 rxqual-sub=0 dtx 0 ba 1 no-ncell-n 0[0;m
[1;34mWed Sep 30 13:01:18 2026 [1;32mDRR[0;m[1;34m <0001> gsm48_rr.c:6317 DL SACCH indicates ta 0 (actual ta 0)[0;m
[1;34mWed Sep 30 13:01:18 2026 [1;32mDRR[0;m[1;34m <0001> gsm48_rr.c:6321 DL SACCH indicates tx_power 10[0;m
[1;34mWed Sep 30 13:01:18 2026 [1;32mDRR[0;m[1;34m <0001> gsm48_rr.c:6317 DL SACCH indicates ta 0 (actual ta 0)[0;m
[1;34mWed Sep 30 13:01:18 2026 [1;32mDRR[0;m[1;34m <0001> gsm48_rr.c:6321 DL SACCH indicates tx_power 11[0;m
[1;34mWed Sep 30 13:01:18 2026 [1;32mDRR[0;m[1;34m <0001> gsm48_rr.c:6325 Applying new ta and tx_power[0;m
[1;34mWed Sep 30 13:01:18 2026 [1;32mDRR[0;m[1;34m <0001> gsm48_rr.c:835 MON: f=514 lev=>=-47 snr=84 ber= 33 CGI=001-01-1-6001 TA=0 pwr=11 TS=2[0;m
[1;34mWed Sep 30 13:01:18 2026 [1;32mDRR[0;m[1;34m <0001> gsm48_rr.c:3885 MEAS REP: pwr=11 TA=0 meas-invalid=0 rxlev-full=-47 rxlev-sub=-47 rxqual-full=0 rxqual-sub=0 dtx 0 ba 1 no-ncell-n 0[0;m
[1;34mWed Sep 30 13:01:19 2026 [1;32mDRR[0;m[1;34m <0001> gsm48_rr.c:6317 DL SACCH indicates ta 0 (actual ta 0)[0;m
[1;34mWed Sep 30 13:01:19 2026 [1;32mDRR[0;m[1;34m <0001> gsm48_rr.c:6321 DL SACCH indicates tx_power 11[0;m
[1;34mWed Sep 30 13:01:19 2026 [1;32mDRR[0;m[1;34m <0001> gsm48_rr.c:6317 DL SACCH indicates ta 0 (actual ta 0)[0;m
[1;34mWed Sep 30 13:01:19 2026 [1;32mDRR[0;m[1;34m <0001> gsm48_rr.c:6321 DL SACCH indicates tx_power 11[0;m
[1;34mWed Sep 30 13:01:19 2026 [1;32mDRR[0;m[1;34m <0001> gsm48_rr.c:835 MON: f=514 lev=>=-47 snr=83 ber= 36 CGI=001-01-1-6001 TA=0 pwr=11 TS=2[0;m
[1;34mWed Sep 30 13:01:19 2026 [1;32mDRR[0;m[1;34m <0001> gsm48_rr.c:3885 MEAS REP: pwr=11 TA=0 meas-invalid=0 rxlev-full=-47 rxlev-sub=-47 rxqual-full=0 rxqual-sub=0 dtx 0 ba 1 no-ncell-n 0[0;m
[1;34mWed Sep 30 13:01:20 2026 [1;32mDRR[0;m[1;34m <0001> gsm48_rr.c:6317 DL SACCH indicates ta 0 (actual ta 0)[0;m
[1;34mWed Sep 30 13:01:20 2026 [1;32mDRR[0;m[1;34m <0001> gsm48_rr.c:6321 DL SACCH indicates tx_power 11[0;m
[1;34mWed Sep 30 13:01:20 2026 [1;32mDRR[0;m[1;34m <0001> gsm48_rr.c:6317 DL SACCH indicates ta 0 (actual ta 0)[0;m
[1;34mWed Sep 30 13:01:20 2026 [1;32mDRR[0;m[1;34m <0001> gsm48_rr.c:6321 DL SACCH indicates tx_power 12[0;m
[1;34mWed Sep 30 13:01:20 2026 [1;32mDRR[0;m[1;34m <0001> gsm48_rr.c:6325 Applying new ta and tx_power[0;m
[1;34mWed Sep 30 13:01:20 2026 [1;32mDRR[0;m[1;34m <0001> gsm48_rr.c:835 MON: f=514 lev=>=-47 snr=81 ber= 35 CGI=001-01-1-6001 TA=0 pwr=12 TS=2[0;m
[1;34mWed Sep 30 13:01:20 2026 [1;32mDRR[0;m[1;34m <0001> gsm48_rr.c:3885 MEAS REP: pwr=12 TA=0 meas-invalid=0 rxlev-full=-47 rxlev-sub=-47 rxqual-full=0 rxqual-sub=0 dtx 0 ba 1 no-ncell-n 0[0;m
[1;34mWed Sep 30 13:01:21 2026 [1;32mDRR[0;m[1;34m <0001> gsm48_rr.c:6317 DL SACCH indicates ta 0 (actual ta 0)[0;m
[1;34mWed Sep 30 13:01:21 2026 [1;32mDRR[0;m[1;34m <0001> gsm48_rr.c:6321 DL SACCH indicates tx_power 12[0;m
[1;34mWed Sep 30 13:01:21 2026 [1;32mDRR[0;m[1;34m <0001> gsm48_rr.c:6317 DL SACCH indicates ta 0 (actual ta 0)[0;m
[1;34mWed Sep 30 13:01:21 2026 [1;32mDRR[0;m[1;34m <0001> gsm48_rr.c:6321 DL SACCH indicates tx_power 12[0;m
[1;34mWed Sep 30 13:01:21 2026 [1;32mDRR[0;m[1;34m <0001> gsm48_rr.c:835 MON: f=514 lev=>=-47 snr=81 ber= 32 CGI=001-01-1-6001 TA=0 pwr=12 TS=2[0;m
[1;34mWed Sep 30 13:01:21 2026 [1;32mDRR[0;m[1;34m <0001> gsm48_rr.c:3885 MEAS REP: pwr=12 TA=0 meas-invalid=0 rxlev-full=-47 rxlev-sub=-47 rxqual-full=0 rxqual-sub=0 dtx 0 ba 1 no-ncell-n 0[0;m
[1;34mWed Sep 30 13:01:22 2026 [1;32mDRR[0;m[1;34m <0001> gsm48_rr.c:6317 DL SACCH indicates ta 0 (actual ta 0)[0;m
[1;34mWed Sep 30 13:01:22 2026 [1;32mDRR[0;m[1;34m <0001> gsm48_rr.c:6321 DL SACCH indicates tx_power 12[0;m
[1;34mWed Sep 30 13:01:22 2026 [1;32mDRR[0;m[1;34m <0001> gsm48_rr.c:6317 DL SACCH indicates ta 0 (actual ta 0)[0;m
[1;34mWed Sep 30 13:01:22 2026 [1;32mDRR[0;m[1;34m <0001> gsm48_rr.c:6321 DL SACCH indicates tx_power 13[0;m
[1;34mWed Sep 30 13:01:22 2026 [1;32mDRR[0;m[1;34m <0001> gsm48_rr.c:6325 Applying new ta and tx_power[0;m
[1;34mWed Sep 30 13:01:22 2026 [1;32mDRR[0;m[1;34m <0001> gsm48_rr.c:835 MON: f=514 lev=>=-47 snr=84 ber= 33 CGI=001-01-1-6001 TA=0 pwr=13 TS=2[0;m
[1;34mWed Sep 30 13:01:22 2026 [1;32mDRR[0;m[1;34m <0001> gsm48_rr.c:3885 MEAS REP: pwr=13 TA=0 meas-invalid=0 rxlev-full=-47 rxlev-sub=-47 rxqual-full=0 rxqual-sub=0 dtx 0 ba 1 no-ncell-n 0[0;m
[1;34mWed Sep 30 13:01:23 2026 [1;32mDRR[0;m[1;34m <0001> gsm48_rr.c:6317 DL SACCH indicates ta 0 (actual ta 0)[0;m
[1;34mWed Sep 30 13:01:23 2026 [1;32mDRR[0;m[1;34m <0001> gsm48_rr.c:6321 DL SACCH indicates tx_power 13[0;m
[1;34mWed Sep 30 13:01:23 2026 [1;32mDRR[0;m[1;34m <0001> gsm48_rr.c:6317 DL SACCH indicates ta 0 (actual ta 0)[0;m
[1;34mWed Sep 30 13:01:23 2026 [1;32mDRR[0;m[1;34m <0001> gsm48_rr.c:6321 DL SACCH indicates tx_power 13[0;m
[1;34mWed Sep 30 13:01:23 2026 [1;32mDRR[0;m[1;34m <0001> gsm48_rr.c:835 MON: f=514 lev=>=-47 snr=80 ber= 38 CGI=001-01-1-6001 TA=0 pwr=13 TS=2[0;m
[1;34mWed Sep 30 13:01:23 2026 [1;32mDRR[0;m[1;34m <0001> gsm48_rr.c:3885 MEAS REP: pwr=13 TA=0 meas-invalid=0 rxlev-full=-47 rxlev-sub=-47 rxqual-full=0 rxqual-sub=0 dtx 0 ba 1 no-ncell-n 0[0;m
[1;34mWed Sep 30 13:01:23 2026 [1;32mDRR[0;m[1;34m <0001> gsm48_rr.c:6317 DL SACCH indicates ta 0 (actual ta 0)[0;m
[1;34mWed Sep 30 13:01:23 2026 [1;32mDRR[0;m[1;34m <0001> gsm48_rr.c:6321 DL SACCH indicates tx_power 13[0;m
[1;34mWed Sep 30 13:01:24 2026 [1;32mDRR[0;m[1;34m <0001> gsm48_rr.c:6317 DL SACCH indicates ta 0 (actual ta 0)[0;m
[1;34mWed Sep 30 13:01:24 2026 [1;32mDRR[0;m[1;34m <0001> gsm48_rr.c:6321 DL SACCH indicates tx_power 14[0;m
[1;34mWed Sep 30 13:01:24 2026 [1;32mDRR[0;m[1;34m <0001> gsm48_rr.c:6325 Applying new ta and tx_power[0;m
[1;34mWed Sep 30 13:01:24 2026 [1;32mDRR[0;m[1;34m <0001> gsm48_rr.c:835 MON: f=514 lev=>=-47 snr=79 ber= 33 CGI=001-01-1-6001 TA=0 pwr=14 TS=2[0;m
[1;34mWed Sep 30 13:01:24 2026 [1;32mDRR[0;m[1;34m <0001> gsm48_rr.c:3885 MEAS REP: pwr=14 TA=0 meas-invalid=0 rxlev-full=-47 rxlev-sub=-47 rxqual-full=0 rxqual-sub=0 dtx 0 ba 1 no-ncell-n 0[0;m
[1;34mWed Sep 30 13:01:24 2026 [1;32mDRR[0;m[1;34m <0001> gsm48_rr.c:6317 DL SACCH indicates ta 0 (actual ta 0)[0;m
[1;34mWed Sep 30 13:01:24 2026 [1;32mDRR[0;m[1;34m <0001> gsm48_rr.c:6321 DL SACCH indicates tx_power 14[0;m
[1;34mWed Sep 30 13:01:25 2026 [1;32mDRR[0;m[1;34m <0001> gsm48_rr.c:6317 DL SACCH indicates ta 0 (actual ta 0)[0;m
[1;34mWed Sep 30 13:01:25 2026 [1;32mDRR[0;m[1;34m <0001> gsm48_rr.c:6321 DL SACCH indicates tx_power 14[0;m
[1;34mWed Sep 30 13:01:25 2026 [1;32mDRR[0;m[1;34m <0001> gsm48_rr.c:835 MON: f=514 lev=>=-47 snr=77 ber= 33 CGI=001-01-1-6001 TA=0 pwr=14 TS=2[0;m
[1;34mWed Sep 30 13:01:25 2026 [1;32mDRR[0;m[1;34m <0001> gsm48_rr.c:3885 MEAS REP: pwr=14 TA=0 meas-invalid=0 rxlev-full=-47 rxlev-sub=-47 rxqual-full=0 rxqual-sub=0 dtx 0 ba 1 no-ncell-n 0[0;m
[1;34mWed Sep 30 13:01:25 2026 [1;32mDRR[0;m[1;34m <0001> gsm48_rr.c:6317 DL SACCH indicates ta 0 (actual ta 0)[0;m
[1;34mWed Sep 30 13:01:25 2026 [1;32mDRR[0;m[1;34m <0001> gsm48_rr.c:6321 DL SACCH indicates tx_power 14[0;m
[1;34mWed Sep 30 13:01:26 2026 [1;32mDRR[0;m[1;34m <0001> gsm48_rr.c:6317 DL SACCH indicates ta 0 (actual ta 0)[0;m
[1;34mWed Sep 30 13:01:26 2026 [1;32mDRR[0;m[1;34m <0001> gsm48_rr.c:6321 DL SACCH indicates tx_power 15[0;m
[1;34mWed Sep 30 13:01:26 2026 [1;32mDRR[0;m[1;34m <0001> gsm48_rr.c:6325 Applying new ta and tx_power[0;m
[1;34mWed Sep 30 13:01:26 2026 [1;32mDRR[0;m[1;34m <0001> gsm48_rr.c:835 MON: f=514 lev=>=-47 snr=84 ber= 36 CGI=001-01-1-6001 TA=0 pwr=15 TS=2[0;m
[1;34mWed Sep 30 13:01:26 2026 [1;32mDRR[0;m[1;34m <0001> gsm48_rr.c:3885 MEAS REP: pwr=15 TA=0 meas-invalid=0 rxlev-full=-47 rxlev-sub=-47 rxqual-full=0 rxqual-sub=0 dtx 0 ba 1 no-ncell-n 0[0;m
[1;34mWed Sep 30 13:01:26 2026 [1;32mDRR[0;m[1;34m <0001> gsm48_rr.c:6317 DL SACCH indicates ta 0 (actual ta 0)[0;m
[1;34mWed Sep 30 13:01:26 2026 [1;32mDRR[0;m[1;34m <0001> gsm48_rr.c:6321 DL SACCH indicates tx_power 15[0;m
[1;34mWed Sep 30 13:01:27 2026 [1;32mDRR[0;m[1;34m <0001> gsm48_rr.c:6317 DL SACCH indicates ta 0 (actual ta 0)[0;m
[1;34mWed Sep 30 13:01:27 2026 [1;32mDRR[0;m[1;34m <0001> gsm48_rr.c:6321 DL SACCH indicates tx_power 15[0;m
[1;34mWed Sep 30 13:01:27 2026 [1;32mDRR[0;m[1;34m <0001> gsm48_rr.c:6317 DL SACCH indicates ta 0 (actual ta 0)[0;m
[1;34mWed Sep 30 13:01:27 2026 [1;32mDRR[0;m[1;34m <0001> gsm48_rr.c:6321 DL SACCH indicates tx_power 15[0;m
[1;34mWed Sep 30 13:01:27 2026 [1;32mDRR[0;m[1;34m <0001> gsm48_rr.c:835 MON: f=514 lev=>=-47 snr=75 ber= 40 CGI=001-01-1-6001 TA=0 pwr=15 TS=2[0;m
[1;34mWed Sep 30 13:01:27 2026 [1;32mDRR[0;m[1;34m <0001> gsm48_rr.c:3885 MEAS REP: pwr=15 TA=0 meas-invalid=0 rxlev-full=-47 rxlev-sub=-47 rxqual-full=0 rxqual-sub=0 dtx 0 ba 1 no-ncell-n 0[0;m
[1;34mWed Sep 30 13:01:28 2026 [1;32mDRR[0;m[1;34m <0001> gsm48_rr.c:6317 DL SACCH indicates ta 0 (actual ta 0)[0;m
[1;34mWed Sep 30 13:01:28 2026 [1;32mDRR[0;m[1;34m <0001> gsm48_rr.c:6321 DL SACCH indicates tx_power 15[0;m
[1;34mWed Sep 30 13:01:28 2026 [1;32mDRR[0;m[1;34m <0001> gsm48_rr.c:6317 DL SACCH indicates ta 0 (actual ta 0)[0;m
[1;34mWed Sep 30 13:01:28 2026 [1;32mDRR[0;m[1;34m <0001> gsm48_rr.c:6321 DL SACCH indicates tx_power 15[0;m
[1;34mWed Sep 30 13:01:28 2026 [1;32mDRR[0;m[1;34m <0001> gsm48_rr.c:835 MON: f=514 lev=>=-47 snr=78 ber= 36 CGI=001-01-1-6001 TA=0 pwr=15 TS=2[0;m
[1;34mWed Sep 30 13:01:28 2026 [1;32mDRR[0;m[1;34m <0001> gsm48_rr.c:3885 MEAS REP: pwr=15 TA=0 meas-invalid=0 rxlev-full=-47 rxlev-sub=-47 rxqual-full=0 rxqual-sub=0 dtx 0 ba 1 no-ncell-n 0[0;m
[1;34mWed Sep 30 13:01:29 2026 [1;32mDRR[0;m[1;34m <0001> gsm48_rr.c:6317 DL SACCH indicates ta 0 (actual ta 0)[0;m
[1;34mWed Sep 30 13:01:29 2026 [1;32mDRR[0;m[1;34m <0001> gsm48_rr.c:6321 DL SACCH indicates tx_power 15[0;m
[1;34mWed Sep 30 13:01:29 2026 [1;32mDRR[0;m[1;34m <0001> gsm48_rr.c:6317 DL SACCH indicates ta 0 (actual ta 0)[0;m
[1;34mWed Sep 30 13:01:29 2026 [1;32mDRR[0;m[1;34m <0001> gsm48_rr.c:6321 DL SACCH indicates tx_power 15[0;m
[1;34mWed Sep 30 13:01:29 2026 [1;32mDRR[0;m[1;34m <0001> gsm48_rr.c:835 MON: f=514 lev=>=-47 snr=80 ber= 36 CGI=001-01-1-6001 TA=0 pwr=15 TS=2[0;m
[1;34mWed Sep 30 13:01:29 2026 [1;32mDRR[0;m[1;34m <0001> gsm48_rr.c:3885 MEAS REP: pwr=15 TA=0 meas-invalid=0 rxlev-full=-47 rxlev-sub=-47 rxqual-full=0 rxqual-sub=0 dtx 0 ba 1 no-ncell-n 0[0;m
[1;34mWed Sep 30 13:01:30 2026 [1;32mDRR[0;m[1;34m <0001> gsm48_rr.c:6317 DL SACCH indicates ta 0 (actual ta 0)[0;m
[1;34mWed Sep 30 13:01:30 2026 [1;32mDRR[0;m[1;34m <0001> gsm48_rr.c:6321 DL SACCH indicates tx_power 15[0;m
[1;34mWed Sep 30 13:01:30 2026 [1;32mDRR[0;m[1;34m <0001> gsm48_rr.c:6317 DL SACCH indicates ta 0 (actual ta 0)[0;m
[1;34mWed Sep 30 13:01:30 2026 [1;32mDRR[0;m[1;34m <0001> gsm48_rr.c:6321 DL SACCH indicates tx_power 15[0;m
[1;34mWed Sep 30 13:01:30 2026 [1;32mDRR[0;m[1;34m <0001> gsm48_rr.c:835 MON: f=514 lev=>=-47 snr=83 ber= 36 CGI=001-01-1-6001 TA=0 pwr=15 TS=2[0;m
[1;34mWed Sep 30 13:01:30 2026 [1;32mDRR[0;m[1;34m <0001> gsm48_rr.c:3885 MEAS REP: pwr=15 TA=0 meas-invalid=0 rxlev-full=-47 rxlev-sub=-47 rxqual-full=0 rxqual-sub=0 dtx 0 ba 1 no-ncell-n 0[0;m
[1;34mWed Sep 30 13:01:31 2026 [1;32mDRR[0;m[1;34m <0001> gsm48_rr.c:6317 DL SACCH indicates ta 0 (actual ta 0)[0;m
[1;34mWed Sep 30 13:01:31 2026 [1;32mDRR[0;m[1;34m <0001> gsm48_rr.c:6321 DL SACCH indicates tx_power 15[0;m
[1;34mWed Sep 30 13:01:31 2026 [1;32mDRR[0;m[1;34m <0001> gsm48_rr.c:6317 DL SACCH indicates ta 0 (actual ta 0)[0;m
[1;34mWed Sep 30 13:01:31 2026 [1;32mDRR[0;m[1;34m <0001> gsm48_rr.c:6321 DL SACCH indicates tx_power 15[0;m
[1;34mWed Sep 30 13:01:31 2026 [1;32mDRR[0;m[1;34m <0001> gsm48_rr.c:835 MON: f=514 lev=>=-47 snr=82 ber= 36 CGI=001-01-1-6001 TA=0 pwr=15 TS=2[0;m
[1;34mWed Sep 30 13:01:31 2026 [1;32mDRR[0;m[1;34m <0001> gsm48_rr.c:3885 MEAS REP: pwr=15 TA=0 meas-invalid=0 rxlev-full=-47 rxlev-sub=-47 rxqual-full=0 rxqual-sub=0 dtx 0 ba 1 no-ncell-n 0[0;m
[1;34mWed Sep 30 13:01:32 2026 [1;32mDRR[0;m[1;34m <0001> gsm48_rr.c:6317 DL SACCH indicates ta 0 (actual ta 0)[0;m
[1;34mWed Sep 30 13:01:32 2026 [1;32mDRR[0;m[1;34m <0001> gsm48_rr.c:6321 DL SACCH indicates tx_power 15[0;m
[1;34mWed Sep 30 13:01:32 2026 [1;32mDRR[0;m[1;34m <0001> gsm48_rr.c:6317 DL SACCH indicates ta 0 (actual ta 0)[0;m
[1;34mWed Sep 30 13:01:32 2026 [1;32mDRR[0;m[1;34m <0001> gsm48_rr.c:6321 DL SACCH indicates tx_power 15[0;m
[1;34mWed Sep 30 13:01:32 2026 [1;32mDRR[0;m[1;34m <0001> gsm48_rr.c:835 MON: f=514 lev=>=-47 snr=78 ber= 36 CGI=001-01-1-6001 TA=0 pwr=15 TS=2[0;m
[1;34mWed Sep 30 13:01:32 2026 [1;32mDRR[0;m[1;34m <0001> gsm48_rr.c:3885 MEAS REP: pwr=15 TA=0 meas-invalid=0 rxlev-full=-47 rxlev-sub=-47 rxqual-full=0 rxqual-sub=0 dtx 0 ba 1 no-ncell-n 0[0;m
[1;34mWed Sep 30 13:01:33 2026 [1;32mDRR[0;m[1;34m <0001> gsm48_rr.c:6317 DL SACCH indicates ta 0 (actual ta 0)[0;m
[1;34mWed Sep 30 13:01:33 2026 [1;32mDRR[0;m[1;34m <0001> gsm48_rr.c:6321 DL SACCH indicates tx_power 15[0;m
[1;34mWed Sep 30 13:01:33 2026 [1;32mDRR[0;m[1;34m <0001> gsm48_rr.c:6317 DL SACCH indicates ta 0 (actual ta 0)[0;m
[1;34mWed Sep 30 13:01:33 2026 [1;32mDRR[0;m[1;34m <0001> gsm48_rr.c:6321 DL SACCH indicates tx_power 15[0;m
[1;34mWed Sep 30 13:01:33 2026 [1;32mDRR[0;m[1;34m <0001> gsm48_rr.c:835 MON: f=514 lev=>=-47 snr=86 ber= 36 CGI=001-01-1-6001 TA=0 pwr=15 TS=2[0;m
[1;34mWed Sep 30 13:01:33 2026 [1;32mDRR[0;m[1;34m <0001> gsm48_rr.c:3885 MEAS REP: pwr=15 TA=0 meas-invalid=0 rxlev-full=-47 rxlev-sub=-47 rxqual-full=0 rxqual-sub=0 dtx 0 ba 1 no-ncell-n 0[0;m
[1;34mWed Sep 30 13:01:34 2026 [1;32mDRR[0;m[1;34m <0001> gsm48_rr.c:6317 DL SACCH indicates ta 0 (actual ta 0)[0;m
[1;34mWed Sep 30 13:01:34 2026 [1;32mDRR[0;m[1;34m <0001> gsm48_rr.c:6321 DL SACCH indicates tx_power 15[0;m
[1;34mWed Sep 30 13:01:34 2026 [1;32mDRR[0;m[1;34m <0001> gsm48_rr.c:6317 DL SACCH indicates ta 0 (actual ta 0)[0;m
[1;34mWed Sep 30 13:01:34 2026 [1;32mDRR[0;m[1;34m <0001> gsm48_rr.c:6321 DL SACCH indicates tx_power 15[0;m
[1;34mWed Sep 30 13:01:34 2026 [1;32mDRR[0;m[1;34m <0001> gsm48_rr.c:835 MON: f=514 lev=>=-47 snr=78 ber= 36 CGI=001-01-1-6001 TA=0 pwr=15 TS=2[0;m
[1;34mWed Sep 30 13:01:34 2026 [1;32mDRR[0;m[1;34m <0001> gsm48_rr.c:3885 MEAS REP: pwr=15 TA=0 meas-invalid=0 rxlev-full=-47 rxlev-sub=-47 rxqual-full=0 rxqual-sub=0 dtx 0 ba 1 no-ncell-n 0[0;m
[1;34mWed Sep 30 13:01:35 2026 [1;32mDRR[0;m[1;34m <0001> gsm48_rr.c:6317 DL SACCH indicates ta 0 (actual ta 0)[0;m
[1;34mWed Sep 30 13:01:35 2026 [1;32mDRR[0;m[1;34m <0001> gsm48_rr.c:6321 DL SACCH indicates tx_power 15[0;m
[1;34mWed Sep 30 13:01:35 2026 [1;32mDRR[0;m[1;34m <0001> gsm48_rr.c:6317 DL SACCH indicates ta 0 (actual ta 0)[0;m
[1;34mWed Sep 30 13:01:35 2026 [1;32mDRR[0;m[1;34m <0001> gsm48_rr.c:6321 DL SACCH indicates tx_power 15[0;m
[1;34mWed Sep 30 13:01:35 2026 [1;32mDRR[0;m[1;34m <0001> gsm48_rr.c:835 MON: f=514 lev=>=-47 snr=85 ber= 36 CGI=001-01-1-6001 TA=0 pwr=15 TS=2[0;m
[1;34mWed Sep 30 13:01:35 2026 [1;32mDRR[0;m[1;34m <0001> gsm48_rr.c:3885 MEAS REP: pwr=15 TA=0 meas-invalid=0 rxlev-full=-47 rxlev-sub=-47 rxqual-full=0 rxqual-sub=0 dtx 0 ba 1 no-ncell-n 0[0;m
[1;34mWed Sep 30 13:01:35 2026 [1;32mDRR[0;m[1;34m <0001> gsm48_rr.c:6317 DL SACCH indicates ta 0 (actual ta 0)[0;m
[1;34mWed Sep 30 13:01:35 2026 [1;32mDRR[0;m[1;34m <0001> gsm48_rr.c:6321 DL SACCH indicates tx_power 15[0;m
[1;34mWed Sep 30 13:01:36 2026 [1;32mDRR[0;m[1;34m <0001> gsm48_rr.c:6317 DL SACCH indicates ta 0 (actual ta 0)[0;m
[1;34mWed Sep 30 13:01:36 2026 [1;32mDRR[0;m[1;34m <0001> gsm48_rr.c:6321 DL SACCH indicates tx_power 15[0;m
[1;34mWed Sep 30 13:01:36 2026 [1;32mDRR[0;m[1;34m <0001> gsm48_rr.c:835 MON: f=514 lev=>=-47 snr=79 ber= 36 CGI=001-01-1-6001 TA=0 pwr=15 TS=2[0;m
[1;34mWed Sep 30 13:01:36 2026 [1;32mDRR[0;m[1;34m <0001> gsm48_rr.c:3885 MEAS REP: pwr=15 TA=0 meas-invalid=0 rxlev-full=-47 rxlev-sub=-47 rxqual-full=0 rxqual-sub=0 dtx 0 ba 1 no-ncell-n 0[0;m
[1;34mWed Sep 30 13:01:36 2026 [1;32mDRR[0;m[1;34m <0001> gsm48_rr.c:6317 DL SACCH indicates ta 0 (actual ta 0)[0;m
[1;34mWed Sep 30 13:01:36 2026 [1;32mDRR[0;m[1;34m <0001> gsm48_rr.c:6321 DL SACCH indicates tx_power 15[0;m
[1;34mWed Sep 30 13:01:37 2026 [1;32mDRR[0;m[1;34m <0001> gsm48_rr.c:6317 DL SACCH indicates ta 0 (actual ta 0)[0;m
[1;34mWed Sep 30 13:01:37 2026 [1;32mDRR[0;m[1;34m <0001> gsm48_rr.c:6321 DL SACCH indicates tx_power 15[0;m
[1;34mWed Sep 30 13:01:37 2026 [1;32mDRR[0;m[1;34m <0001> gsm48_rr.c:835 MON: f=514 lev=>=-47 snr=84 ber= 36 CGI=001-01-1-6001 TA=0 pwr=15 TS=2[0;m
[1;34mWed Sep 30 13:01:37 2026 [1;32mDRR[0;m[1;34m <0001> gsm48_rr.c:3885 MEAS REP: pwr=15 TA=0 meas-invalid=0 rxlev-full=-47 rxlev-sub=-47 rxqual-full=0 rxqual-sub=0 dtx 0 ba 1 no-ncell-n 0[0;m
[1;31mWed Sep 30 13:01:38 2026 [1;33mDL1C[0;m[1;31m <000e> l1ctl.c:268 LOSS counter for ACCH 31[0;m
[1;31mWed Sep 30 13:01:38 2026 [1;33mDL1C[0;m[1;31m <000e> l1ctl.c:278 Dropping frame with 62 bit errors[0;m
[1;34mWed Sep 30 13:01:38 2026 [1;32mDRR[0;m[1;34m <0001> gsm48_rr.c:6317 DL SACCH indicates ta 0 (actual ta 0)[0;m
[1;34mWed Sep 30 13:01:38 2026 [1;32mDRR[0;m[1;34m <0001> gsm48_rr.c:6321 DL SACCH indicates tx_power 15[0;m
[1;34mWed Sep 30 13:01:38 2026 [1;32mDRR[0;m[1;34m <0001> gsm48_rr.c:835 MON: f=514 lev=-59 snr=58 ber= 55 CGI=001-01-1-6001 TA=0 pwr=15 TS=2[0;m
[1;34mWed Sep 30 13:01:38 2026 [1;32mDRR[0;m[1;34m <0001> gsm48_rr.c:3885 MEAS REP: pwr=15 TA=0 meas-invalid=0 rxlev-full=-59 rxlev-sub=-59 rxqual-full=0 rxqual-sub=0 dtx 0 ba 1 no-ncell-n 0[0;m
[1;34mWed Sep 30 13:01:39 2026 [1;32mDRR[0;m[1;34m <0001> gsm48_rr.c:6317 DL SACCH indicates ta 0 (actual ta 0)[0;m
[1;34mWed Sep 30 13:01:39 2026 [1;32mDRR[0;m[1;34m <0001> gsm48_rr.c:6321 DL SACCH indicates tx_power 15[0;m
[1;34mWed Sep 30 13:01:39 2026 [1;32mDRR[0;m[1;34m <0001> gsm48_rr.c:6317 DL SACCH indicates ta 0 (actual ta 0)[0;m
[1;34mWed Sep 30 13:01:39 2026 [1;32mDRR[0;m[1;34m <0001> gsm48_rr.c:6321 DL SACCH indicates tx_power 15[0;m
[1;34mWed Sep 30 13:01:39 2026 [1;32mDRR[0;m[1;34m <0001> gsm48_rr.c:835 MON: f=514 lev=>=-47 snr=83 ber= 36 CGI=001-01-1-6001 TA=0 pwr=15 TS=2[0;m
[1;34mWed Sep 30 13:01:39 2026 [1;32mDRR[0;m[1;34m <0001> gsm48_rr.c:3885 MEAS REP: pwr=15 TA=0 meas-invalid=0 rxlev-full=-47 rxlev-sub=-47 rxqual-full=0 rxqual-sub=0 dtx 0 ba 1 no-ncell-n 0[0;m
[1;34mWed Sep 30 13:01:40 2026 [1;32mDRR[0;m[1;34m <0001> gsm48_rr.c:6317 DL SACCH indicates ta 0 (actual ta 0)[0;m
[1;34mWed Sep 30 13:01:40 2026 [1;32mDRR[0;m[1;34m <0001> gsm48_rr.c:6321 DL SACCH indicates tx_power 15[0;m
[1;34mWed Sep 30 13:01:40 2026 [1;32mDRR[0;m[1;34m <0001> gsm48_rr.c:6317 DL SACCH indicates ta 0 (actual ta 0)[0;m
[1;34mWed Sep 30 13:01:40 2026 [1;32mDRR[0;m[1;34m <0001> gsm48_rr.c:6321 DL SACCH indicates tx_power 15[0;m
[1;34mWed Sep 30 13:01:40 2026 [1;32mDRR[0;m[1;34m <0001> gsm48_rr.c:835 MON: f=514 lev=>=-47 snr=84 ber= 36 CGI=001-01-1-6001 TA=0 pwr=15 TS=2[0;m
[1;34mWed Sep 30 13:01:40 2026 [1;32mDRR[0;m[1;34m <0001> gsm48_rr.c:3885 MEAS REP: pwr=15 TA=0 meas-invalid=0 rxlev-full=-47 rxlev-sub=-47 rxqual-full=0 rxqual-sub=0 dtx 0 ba 1 no-ncell-n 0[0;m
[1;34mWed Sep 30 13:01:41 2026 [1;32mDRR[0;m[1;34m <0001> gsm48_rr.c:6317 DL SACCH indicates ta 0 (actual ta 0)[0;m
[1;34mWed Sep 30 13:01:41 2026 [1;32mDRR[0;m[1;34m <0001> gsm48_rr.c:6321 DL SACCH indicates tx_power 15[0;m
[1;34mWed Sep 30 13:01:41 2026 [1;32mDRR[0;m[1;34m <0001> gsm48_rr.c:6317 DL SACCH indicates ta 0 (actual ta 0)[0;m
[1;34mWed Sep 30 13:01:41 2026 [1;32mDRR[0;m[1;34m <0001> gsm48_rr.c:6321 DL SACCH indicates tx_power 15[0;m
[1;34mWed Sep 30 13:01:41 2026 [1;32mDRR[0;m[1;34m <0001> gsm48_rr.c:835 MON: f=514 lev=>=-47 snr=83 ber= 36 CGI=001-01-1-6001 TA=0 pwr=15 TS=2[0;m
[1;34mWed Sep 30 13:01:41 2026 [1;32mDRR[0;m[1;34m <0001> gsm48_rr.c:3885 MEAS REP: pwr=15 TA=0 meas-invalid=0 rxlev-full=-47 rxlev-sub=-47 rxqual-full=0 rxqual-sub=0 dtx 0 ba 1 no-ncell-n 0[0;m
[1;34mWed Sep 30 13:01:42 2026 [1;32mDRR[0;m[1;34m <0001> gsm48_rr.c:6317 DL SACCH indicates ta 0 (actual ta 0)[0;m
[1;34mWed Sep 30 13:01:42 2026 [1;32mDRR[0;m[1;34m <0001> gsm48_rr.c:6321 DL SACCH indicates tx_power 15[0;m
[1;34mWed Sep 30 13:01:42 2026 [1;32mDRR[0;m[1;34m <0001> gsm48_rr.c:6317 DL SACCH indicates ta 0 (actual ta 0)[0;m
[1;34mWed Sep 30 13:01:42 2026 [1;32mDRR[0;m[1;34m <0001> gsm48_rr.c:6321 DL SACCH indicates tx_power 15[0;m
[1;34mWed Sep 30 13:01:42 2026 [1;32mDRR[0;m[1;34m <0001> gsm48_rr.c:835 MON: f=514 lev=>=-47 snr=76 ber= 36 CGI=001-01-1-6001 TA=0 pwr=15 TS=2[0;m
[1;34mWed Sep 30 13:01:42 2026 [1;32mDRR[0;m[1;34m <0001> gsm48_rr.c:3885 MEAS REP: pwr=15 TA=0 meas-invalid=0 rxlev-full=-47 rxlev-sub=-47 rxqual-full=0 rxqual-sub=0 dtx 0 ba 1 no-ncell-n 0[0;m
[1;34mWed Sep 30 13:01:43 2026 [1;32mDRR[0;m[1;34m <0001> gsm48_rr.c:6317 DL SACCH indicates ta 0 (actual ta 0)[0;m
[1;34mWed Sep 30 13:01:43 2026 [1;32mDRR[0;m[1;34m <0001> gsm48_rr.c:6321 DL SACCH indicates tx_power 15[0;m
[1;34mWed Sep 30 13:01:43 2026 [1;32mDRR[0;m[1;34m <0001> gsm48_rr.c:6317 DL SACCH indicates ta 0 (actual ta 0)[0;m
[1;34mWed Sep 30 13:01:43 2026 [1;32mDRR[0;m[1;34m <0001> gsm48_rr.c:6321 DL SACCH indicates tx_power 15[0;m
[1;34mWed Sep 30 13:01:43 2026 [1;32mDRR[0;m[1;34m <0001> gsm48_rr.c:835 MON: f=514 lev=>=-47 snr=82 ber= 36 CGI=001-01-1-6001 TA=0 pwr=15 TS=2[0;m
[1;34mWed Sep 30 13:01:43 2026 [1;32mDRR[0;m[1;34m <0001> gsm48_rr.c:3885 MEAS REP: pwr=15 TA=0 meas-invalid=0 rxlev-full=-47 rxlev-sub=-47 rxqual-full=0 rxqual-sub=0 dtx 0 ba 1 no-ncell-n 0[0;m
[1;34mWed Sep 30 13:01:43 2026 [1;32mDRR[0;m[1;34m <0001> gsm48_rr.c:6317 DL SACCH indicates ta 0 (actual ta 0)[0;m
[1;34mWed Sep 30 13:01:43 2026 [1;32mDRR[0;m[1;34m <0001> gsm48_rr.c:6321 DL SACCH indicates tx_power 15[0;m
[1;34mWed Sep 30 13:01:44 2026 [1;32mDRR[0;m[1;34m <0001> gsm48_rr.c:6317 DL SACCH indicates ta 0 (actual ta 0)[0;m
[1;34mWed Sep 30 13:01:44 2026 [1;32mDRR[0;m[1;34m <0001> gsm48_rr.c:6321 DL SACCH indicates tx_power 15[0;m
[1;34mWed Sep 30 13:01:44 2026 [1;32mDRR[0;m[1;34m <0001> gsm48_rr.c:835 MON: f=514 lev=>=-47 snr=83 ber= 36 CGI=001-01-1-6001 TA=0 pwr=15 TS=2[0;m
[1;34mWed Sep 30 13:01:44 2026 [1;32mDRR[0;m[1;34m <0001> gsm48_rr.c:3885 MEAS REP: pwr=15 TA=0 meas-invalid=0 rxlev-full=-47 rxlev-sub=-47 rxqual-full=0 rxqual-sub=0 dtx 0 ba 1 no-ncell-n 0[0;m
[1;34mWed Sep 30 13:01:44 2026 [1;32mDRR[0;m[1;34m <0001> gsm48_rr.c:6317 DL SACCH indicates ta 0 (actual ta 0)[0;m
[1;34mWed Sep 30 13:01:44 2026 [1;32mDRR[0;m[1;34m <0001> gsm48_rr.c:6321 DL SACCH indicates tx_power 15[0;m
[1;34mWed Sep 30 13:01:45 2026 [1;32mDRR[0;m[1;34m <0001> gsm48_rr.c:6317 DL SACCH indicates ta 0 (actual ta 0)[0;m
[1;34mWed Sep 30 13:01:45 2026 [1;32mDRR[0;m[1;34m <0001> gsm48_rr.c:6321 DL SACCH indicates tx_power 15[0;m
[1;34mWed Sep 30 13:01:45 2026 [1;32mDRR[0;m[1;34m <0001> gsm48_rr.c:835 MON: f=514 lev=>=-47 snr=78 ber= 36 CGI=001-01-1-6001 TA=0 pwr=15 TS=2[0;m
[1;34mWed Sep 30 13:01:45 2026 [1;32mDRR[0;m[1;34m <0001> gsm48_rr.c:3885 MEAS REP: pwr=15 TA=0 meas-invalid=0 rxlev-full=-47 rxlev-sub=-47 rxqual-full=0 rxqual-sub=0 dtx 0 ba 1 no-ncell-n 0[0;m
[1;34mWed Sep 30 13:01:45 2026 [1;32mDRR[0;m[1;34m <0001> gsm48_rr.c:6317 DL SACCH indicates ta 0 (actual ta 0)[0;m
[1;34mWed Sep 30 13:01:45 2026 [1;32mDRR[0;m[1;34m <0001> gsm48_rr.c:6321 DL SACCH indicates tx_power 15[0;m
[1;34mWed Sep 30 13:01:46 2026 [1;32mDRR[0;m[1;34m <0001> gsm48_rr.c:6317 DL SACCH indicates ta 0 (actual ta 0)[0;m
[1;34mWed Sep 30 13:01:46 2026 [1;32mDRR[0;m[1;34m <0001> gsm48_rr.c:6321 DL SACCH indicates tx_power 15[0;m
[1;34mWed Sep 30 13:01:46 2026 [1;32mDRR[0;m[1;34m <0001> gsm48_rr.c:6317 DL SACCH indicates ta 0 (actual ta 0)[0;m
[1;34mWed Sep 30 13:01:46 2026 [1;32mDRR[0;m[1;34m <0001> gsm48_rr.c:6321 DL SACCH indicates tx_power 15[0;m
[1;34mWed Sep 30 13:01:46 2026 [1;32mDRR[0;m[1;34m <0001> gsm48_rr.c:835 MON: f=514 lev=>=-47 snr=83 ber= 32 CGI=001-01-1-6001 TA=0 pwr=15 TS=2[0;m
[1;34mWed Sep 30 13:01:46 2026 [1;32mDRR[0;m[1;34m <0001> gsm48_rr.c:3885 MEAS REP: pwr=15 TA=0 meas-invalid=0 rxlev-full=-47 rxlev-sub=-47 rxqual-full=0 rxqual-sub=0 dtx 0 ba 1 no-ncell-n 0[0;m
[1;34mWed Sep 30 13:01:47 2026 [1;32mDRR[0;m[1;34m <0001> gsm48_rr.c:6317 DL SACCH indicates ta 0 (actual ta 0)[0;m
[1;34mWed Sep 30 13:01:47 2026 [1;32mDRR[0;m[1;34m <0001> gsm48_rr.c:6321 DL SACCH indicates tx_power 15[0;m
[1;34mWed Sep 30 13:01:47 2026 [1;32mDRR[0;m[1;34m <0001> gsm48_rr.c:6317 DL SACCH indicates ta 0 (actual ta 0)[0;m
[1;34mWed Sep 30 13:01:47 2026 [1;32mDRR[0;m[1;34m <0001> gsm48_rr.c:6321 DL SACCH indicates tx_power 15[0;m
[1;34mWed Sep 30 13:01:47 2026 [1;32mDRR[0;m[1;34m <0001> gsm48_rr.c:835 MON: f=514 lev=>=-47 snr=81 ber= 36 CGI=001-01-1-6001 TA=0 pwr=15 TS=2[0;m
[1;34mWed Sep 30 13:01:47 2026 [1;32mDRR[0;m[1;34m <0001> gsm48_rr.c:3885 MEAS REP: pwr=15 TA=0 meas-invalid=0 rxlev-full=-47 rxlev-sub=-47 rxqual-full=0 rxqual-sub=0 dtx 0 ba 1 no-ncell-n 0[0;m
[1;34mWed Sep 30 13:01:48 2026 [1;32mDRR[0;m[1;34m <0001> gsm48_rr.c:6317 DL SACCH indicates ta 0 (actual ta 0)[0;m
[1;34mWed Sep 30 13:01:48 2026 [1;32mDRR[0;m[1;34m <0001> gsm48_rr.c:6321 DL SACCH indicates tx_power 15[0;m
[1;34mWed Sep 30 13:01:48 2026 [1;32mDRR[0;m[1;34m <0001> gsm48_rr.c:6317 DL SACCH indicates ta 0 (actual ta 0)[0;m
[1;34mWed Sep 30 13:01:48 2026 [1;32mDRR[0;m[1;34m <0001> gsm48_rr.c:6321 DL SACCH indicates tx_power 15[0;m
[1;34mWed Sep 30 13:01:48 2026 [1;32mDRR[0;m[1;34m <0001> gsm48_rr.c:835 MON: f=514 lev=>=-47 snr=81 ber= 36 CGI=001-01-1-6001 TA=0 pwr=15 TS=2[0;m
[1;34mWed Sep 30 13:01:48 2026 [1;32mDRR[0;m[1;34m <0001> gsm48_rr.c:3885 MEAS REP: pwr=15 TA=0 meas-invalid=0 rxlev-full=-47 rxlev-sub=-47 rxqual-full=0 rxqual-sub=0 dtx 0 ba 1 no-ncell-n 0[0;m
[1;34mWed Sep 30 13:01:49 2026 [1;32mDRR[0;m[1;34m <0001> gsm48_rr.c:6317 DL SACCH indicates ta 0 (actual ta 0)[0;m
[1;34mWed Sep 30 13:01:49 2026 [1;32mDRR[0;m[1;34m <0001> gsm48_rr.c:6321 DL SACCH indicates tx_power 15[0;m
[1;34mWed Sep 30 13:01:49 2026 [1;32mDRR[0;m[1;34m <0001> gsm48_rr.c:6317 DL SACCH indicates ta 0 (actual ta 0)[0;m
[1;34mWed Sep 30 13:01:49 2026 [1;32mDRR[0;m[1;34m <0001> gsm48_rr.c:6321 DL SACCH indicates tx_power 15[0;m
[1;34mWed Sep 30 13:01:49 2026 [1;32mDRR[0;m[1;34m <0001> gsm48_rr.c:835 MON: f=514 lev=>=-47 snr=83 ber= 36 CGI=001-01-1-6001 TA=0 pwr=15 TS=2[0;m
[1;34mWed Sep 30 13:01:49 2026 [1;32mDRR[0;m[1;34m <0001> gsm48_rr.c:3885 MEAS REP: pwr=15 TA=0 meas-invalid=0 rxlev-full=-47 rxlev-sub=-47 rxqual-full=0 rxqual-sub=0 dtx 0 ba 1 no-ncell-n 0[0;m
[1;34mWed Sep 30 13:01:50 2026 [1;32mDRR[0;m[1;34m <0001> gsm48_rr.c:6317 DL SACCH indicates ta 0 (actual ta 0)[0;m
[1;34mWed Sep 30 13:01:50 2026 [1;32mDRR[0;m[1;34m <0001> gsm48_rr.c:6321 DL SACCH indicates tx_power 15[0;m
[1;34mWed Sep 30 13:01:50 2026 [1;32mDRR[0;m[1;34m <0001> gsm48_rr.c:6317 DL SACCH indicates ta 0 (actual ta 0)[0;m
[1;34mWed Sep 30 13:01:50 2026 [1;32mDRR[0;m[1;34m <0001> gsm48_rr.c:6321 DL SACCH indicates tx_power 15[0;m
[1;34mWed Sep 30 13:01:50 2026 [1;32mDRR[0;m[1;34m <0001> gsm48_rr.c:835 MON: f=514 lev=>=-47 snr=81 ber= 36 CGI=001-01-1-6001 TA=0 pwr=15 TS=2[0;m
[1;34mWed Sep 30 13:01:50 2026 [1;32mDRR[0;m[1;34m <0001> gsm48_rr.c:3885 MEAS REP: pwr=15 TA=0 meas-invalid=0 rxlev-full=-47 rxlev-sub=-47 rxqual-full=0 rxqual-sub=0 dtx 0 ba 1 no-ncell-n 0[0;m
[1;34mWed Sep 30 13:01:51 2026 [1;32mDRR[0;m[1;34m <0001> gsm48_rr.c:6317 DL SACCH indicates ta 0 (actual ta 0)[0;m
[1;34mWed Sep 30 13:01:51 2026 [1;32mDRR[0;m[1;34m <0001> gsm48_rr.c:6321 DL SACCH indicates tx_power 15[0;m
[1;34mWed Sep 30 13:01:51 2026 [1;32mDRR[0;m[1;34m <0001> gsm48_rr.c:6317 DL SACCH indicates ta 0 (actual ta 0)[0;m
[1;34mWed Sep 30 13:01:51 2026 [1;32mDRR[0;m[1;34m <0001> gsm48_rr.c:6321 DL SACCH indicates tx_power 15[0;m
[1;34mWed Sep 30 13:01:51 2026 [1;32mDRR[0;m[1;34m <0001> gsm48_rr.c:835 MON: f=514 lev=>=-47 snr=83 ber= 36 CGI=001-01-1-6001 TA=0 pwr=15 TS=2[0;m
[1;34mWed Sep 30 13:01:51 2026 [1;32mDRR[0;m[1;34m <0001> gsm48_rr.c:3885 MEAS REP: pwr=15 TA=0 meas-invalid=0 rxlev-full=-47 rxlev-sub=-47 rxqual-full=0 rxqual-sub=0 dtx 0 ba 1 no-ncell-n 0[0;m
[1;33mWed Sep 30 13:01:51 2026 [1;32mDCC[0;m[1;33m <0006> gsm48_cc.c:1596 sending DISCONNECT[0;m
[1;33mWed Sep 30 13:01:51 2026 [1;32mDCC[0;m[1;33m <0006> gsm48_cc.c:347 starting timer T305 with 30 seconds[0;m
[1;33mWed Sep 30 13:01:51 2026 [1;34mDCC[0;m[1;33m <0006> gsm48_cc.c:242 new state ACTIVE -> DISCONNECT_IND[0;m
[1;33mWed Sep 30 13:01:51 2026 [1;32mDCC[0;m[1;33m <0006> gsm48_cc.c:179 Sending 'DISCONNECT' using MMCC_DATA_REQ (callref=2, transaction_id=0)[0;m
[1;32mWed Sep 30 13:01:51 2026 [1;32mDMM[0;m[1;32m <0005> gsm48_mm.c:4460 (ms 1) Received 'MMCC_DATA_REQ' event in state MM connection active[0;m
[1;32mWed Sep 30 13:01:51 2026 [1;32mDMM[0;m[1;32m <0005> gsm48_mm.c:4466 -> callref 2, transaction_id 0[0;m
[1;34mWed Sep 30 13:01:51 2026 [1;32mDRR[0;m[1;34m <0001> gsm48_rr.c:7026 (ms 1) Message 'RR_DATA_REQ' received in state dedicated (sapi 0)[0;m
[1;34mWed Sep 30 13:01:51 2026 [1;32mDRR[0;m[1;34m <0001> gsm48_rr.c:289 Using and incrementing V(SD) = 1 (pdisc 5)[0;m
[1;32mWed Sep 30 13:01:52 2026 [1;32mDMM[0;m[1;32m <0005> gsm48_mm.c:4605 (ms 1) Received 'RR_DATA_IND' from RR in state MM connection active (sapi 0)[0;m
[1;33mWed Sep 30 13:01:52 2026 [1;32mDCC[0;m[1;33m <0006> gsm48_cc.c:2240 (ms 1) Received 'MMCC_DATA_IND' in CC state DISCONNECT_IND[0;m
[1;33mWed Sep 30 13:01:52 2026 [1;32mDCC[0;m[1;33m <0006> gsm48_cc.c:2194 (ms 1) Received 'RELEASE' in CC state DISCONNECT_IND[0;m
[1;33mWed Sep 30 13:01:52 2026 [1;32mDCC[0;m[1;33m <0006> gsm48_cc.c:1784 received RELEASE[0;m
[1;33mWed Sep 30 13:01:52 2026 [1;32mDCC[0;m[1;33m <0006> gsm48_cc.c:359 stopping pending timer T305[0;m
[1;33mWed Sep 30 13:01:52 2026 [1;32mDCC[0;m[1;33m <0006> gsm48_cc.c:1827 sending RELEASE COMPLETE[0;m
[1;33mWed Sep 30 13:01:52 2026 [1;32mDCC[0;m[1;33m <0006> gsm48_cc.c:179 Sending 'RELEASE_COMPL' using MMCC_DATA_REQ (callref=2, transaction_id=0)[0;m
[1;32mWed Sep 30 13:01:52 2026 [1;32mDMM[0;m[1;32m <0005> gsm48_mm.c:4460 (ms 1) Received 'MMCC_DATA_REQ' event in state MM connection active[0;m
[1;32mWed Sep 30 13:01:52 2026 [1;32mDMM[0;m[1;32m <0005> gsm48_mm.c:4466 -> callref 2, transaction_id 0[0;m
[1;34mWed Sep 30 13:01:52 2026 [1;32mDRR[0;m[1;34m <0001> gsm48_rr.c:7026 (ms 1) Message 'RR_DATA_REQ' received in state dedicated (sapi 0)[0;m
[1;34mWed Sep 30 13:01:52 2026 [1;32mDRR[0;m[1;34m <0001> gsm48_rr.c:289 Using and incrementing V(SD) = 0 (pdisc 5)[0;m
[1;33mWed Sep 30 13:01:52 2026 [1;32mDCC[0;m[1;33m <0006> gsm48_cc.c:195 (ms 1 ti 0) Sending 'MNCC_REL_IND' to MNCC.[0;m
[1;33mWed Sep 30 13:01:52 2026 [1;32mDCC[0;m[1;33m <0006> gsm48_cc.c:415 Sending MMCC_REL_REQ[0;m
[1;32mWed Sep 30 13:01:52 2026 [1;32mDMM[0;m[1;32m <0005> gsm48_mm.c:4460 (ms 1) Received 'MMCC_REL_REQ' event in state MM connection active[0;m
[1;32mWed Sep 30 13:01:52 2026 [1;32mDMM[0;m[1;32m <0005> gsm48_mm.c:4466 -> callref 2, transaction_id 0[0;m
[1;32mWed Sep 30 13:01:52 2026 [1;32mDMM[0;m[1;32m <0005> gsm48_mm.c:1630 Freeing MM Connection[0;m
[1;32mWed Sep 30 13:01:52 2026 [1;32mDMM[0;m[1;32m <0005> gsm48_mm.c:1549 (ref 0x2 proto 3) new state DEDICATED -> IDLE[0;m
[1;32mWed Sep 30 13:01:52 2026 [1;32mDMM[0;m[1;32m <0005> gsm48_mm.c:560 starting T3240 (RR release timeout) with 10.0 seconds[0;m
[1;32mWed Sep 30 13:01:52 2026 [1;32mDMM[0;m[1;32m <0005> gsm48_mm.c:1066 new state MM connection active -> wait for network command[0;m
[1;33mWed Sep 30 13:01:52 2026 [1;34mDCC[0;m[1;33m <0006> gsm48_cc.c:242 new state DISCONNECT_IND -> NULL[0;m
[1;33mWed Sep 30 13:01:52 2026 [1;34mDCC[0;m[1;33m <0006> transaction.c:108 ms 1 frees transaction (mem 0x596614f687c0)[0;m
[1;34mWed Sep 30 13:01:52 2026 [1;32mDRR[0;m[1;34m <0001> gsm48_rr.c:6317 DL SACCH indicates ta 0 (actual ta 0)[0;m
[1;34mWed Sep 30 13:01:52 2026 [1;32mDRR[0;m[1;34m <0001> gsm48_rr.c:6321 DL SACCH indicates tx_power 15[0;m
[38;5;12mWed Sep 30 13:01:52 2026 [1;33mDLLAPD[0;m[38;5;12m <001f> lapd_core.c:1636 (dl=0x596614f6a4b8) N(S) sequence error: N(S)=2, V(R)=3 (state LAPD_STATE_MF_EST)[0;m
[1;34mWed Sep 30 13:01:52 2026 [1;32mDRR[0;m[1;34m <0001> gsm48_rr.c:4432 channel release request with cause 0x00[0;m
[1;34mWed Sep 30 13:01:52 2026 [1;32mDRR[0;m[1;34m <0001> gsm48_rr.c:475 new state dedicated -> release pending[0;m
[1;34mWed Sep 30 13:01:52 2026 [1;32mDRR[0;m[1;34m <0001> gsm48_rr.c:995 starting T3110 with 1.500 seconds[0;m
[1;31mWed Sep 30 13:01:52 2026 [1;33mDL1C[0;m[1;31m <000e> l1ctl.c:268 LOSS counter for ACCH 31[0;m
[1;31mWed Sep 30 13:01:52 2026 [1;33mDL1C[0;m[1;31m <000e> l1ctl.c:278 Dropping frame with 101 bit errors[0;m
[38;5;12mWed Sep 30 13:01:52 2026 [1;33mDLLAPD[0;m[38;5;12m <001f> lapd_core.c:1629 (dl=0x596614f6a4b8) I frame ignored in state LAPD_STATE_DISC_SENT[0;m
[1;34mWed Sep 30 13:01:52 2026 [1;32mDRR[0;m[1;34m <0001> gsm48_rr.c:1074 stopping pending timer T3110[0;m
[1;34mWed Sep 30 13:01:52 2026 [1;32mDRR[0;m[1;34m <0001> gsm48_rr.c:475 new state release pending -> idle[0;m
[1;34mWed Sep 30 13:01:52 2026 [1;32mDRR[0;m[1;34m <0001> gsm48_rr.c:498 Returning to IDLE mode.[0;m
[1;32mWed Sep 30 13:01:52 2026 [1;32mDMM[0;m[1;32m <0005> gsm48_mm.c:4605 (ms 1) Received 'RR_REL_IND' from RR in state wait for network command (sapi 0)[0;m
[1;32mWed Sep 30 13:01:52 2026 [1;32mDMM[0;m[1;32m <0005> gsm48_mm.c:624 stopping pending (RR release timeout) timer T3240[0;m
[1;32mWed Sep 30 13:01:52 2026 [1;32mDMM[0;m[1;32m <0005> gsm48_mm.c:1254 Not camping, wait for CS process to camp, it sends us CELL_SELECTED then.[0;m
[1;34mWed Sep 30 13:01:52 2026 [1;32mDRR[0;m[1;34m <0001> gsm322.c:2929 using DSC of 90[0;m
[1;34mWed Sep 30 13:01:53 2026 [1;32mDRR[0;m[1;34m <0001> gsm48_rr.c:2758 New SYSTEM INFORMATION 1[0;m
[1;34mWed Sep 30 13:01:53 2026 [1;32mDRR[0;m[1;34m <0001> gsm48_rr.c:2787 New SYSTEM INFORMATION 2[0;m
[1;34mWed Sep 30 13:01:53 2026 [1;32mDRR[0;m[1;34m <0001> sysinfo.c:947 New SYSTEM INFORMATION 3 (lai=001-01-1)[0;m
[1;34mWed Sep 30 13:01:53 2026 [1;33mDRR[0;m[1;34m <0001> gsm48_rr.c:2878 Changing CCCH_MODE to 2[0;m
[1;32mWed Sep 30 13:01:53 2026 [1;32mDMM[0;m[1;32m <0005> gsm48_mm.c:5063 (ms 1) Received 'MM_EVENT_CELL_SELECTED' event in state wait for network command[0;m
[1;32mWed Sep 30 13:01:53 2026 [1;32mDMM[0;m[1;32m <0005> gsm48_mm.c:1293 We are in registered LAI as returning to MM IDLE[0;m
[1;32mWed Sep 30 13:01:53 2026 [1;32mDMM[0;m[1;32m <0005> gsm48_mm.c:1061 new state wait for network command -> MM IDLE, normal service[0;m
[1;31mWed Sep 30 13:01:53 2026 [1;31mDL1C[0;m[1;31m <000e> l1ctl.c:141 FBSB RESP: result=255[0;m
[1;34mWed Sep 30 13:01:53 2026 [1;32mDRR[0;m[1;34m <0001> gsm322.c:2929 using DSC of 90[0;m
[1;34mWed Sep 30 13:01:53 2026 [1;32mDRR[0;m[1;34m <0001> gsm48_rr.c:835 MON: f=514 lev=>=-47 snr=84 ber= 53 CGI=001-01-1-6001[0;m
[1;34mWed Sep 30 13:01:53 2026 [1;32mDRR[0;m[1;34m <0001> gsm48_rr.c:3100 New SYSTEM INFORMATION 13 (EGPRS, RAC 0x00, NCO 0, MNO 1)[0;m
[1;34mWed Sep 30 13:01:54 2026 [1;32mDRR[0;m[1;34m <0001> gsm48_rr.c:2910 New SYSTEM INFORMATION 4 (lai=001-01-1)[0;m
[1;34mWed Sep 30 13:01:54 2026 [1;32mDRR[0;m[1;34m <0001> gsm48_rr.c:835 MON: f=514 lev=>=-47 snr=83 ber= 48 CGI=001-01-1-6001[0;m
[1;34mWed Sep 30 13:01:55 2026 [1;32mDRR[0;m[1;34m <0001> gsm48_rr.c:835 MON: f=514 lev=>=-47 snr=83 ber= 47 CGI=001-01-1-6001[0;m
[1;34mWed Sep 30 13:01:56 2026 [1;32mDRR[0;m[1;34m <0001> gsm48_rr.c:835 MON: f=514 lev=>=-47 snr=83 ber= 48 CGI=001-01-1-6001[0;m
[1;33mWed Sep 30 13:01:57 2026 [1;34mDCC[0;m[1;33m <0006> transaction.c:71 ms 1 allocates transaction (proto 9 trans_id 0 callref 40000002 mem 0x596614f687c0)[0;m
[1;32mWed Sep 30 13:01:57 2026 [1;32mDMM[0;m[1;32m <0005> gsm48_mm.c:4460 (ms 1) Received 'MMSMS_EST_REQ' event in state MM idle[0;m
[1;32mWed Sep 30 13:01:57 2026 [1;32mDMM[0;m[1;32m <0005> gsm48_mm.c:4464 -> substate normal service[0;m
[1;32mWed Sep 30 13:01:57 2026 [1;32mDMM[0;m[1;32m <0005> gsm48_mm.c:4466 -> callref 40000002, transaction_id 0[0;m
[1;32mWed Sep 30 13:01:57 2026 [1;32mDMM[0;m[1;32m <0005> gsm48_mm.c:3222 Init MM Connection.[0;m
[1;32mWed Sep 30 13:01:57 2026 [1;32mDMM[0;m[1;32m <0005> gsm48_mm.c:1612 New MM Connection (proto 0x09 trans_id 0 sapi 3 ref 40000002)[0;m
[1;32mWed Sep 30 13:01:57 2026 [1;32mDMM[0;m[1;32m <0005> gsm48_mm.c:1549 (ref 0x40000002 proto 9) new state IDLE -> CONN_PEND[0;m
[1;32mWed Sep 30 13:01:57 2026 [1;32mDMM[0;m[1;32m <0005> gsm48_mm.c:3004 CM SERVICE REQUEST (cause 13)[0;m
[1;32mWed Sep 30 13:01:57 2026 [1;32mDMM[0;m[1;32m <0005> gsm48_mm.c:3038 -> Using TMSI[0;m
[1;34mWed Sep 30 13:01:57 2026 [1;32mDRR[0;m[1;34m <0001> gsm48_rr.c:7026 (ms 1) Message 'RR_EST_REQ' received in state idle (sapi 0)[0;m
[1;34mWed Sep 30 13:01:57 2026 [1;32mDRR[0;m[1;34m <0001> gsm48_rr.c:475 new state idle -> connection pending[0;m
[1;34mWed Sep 30 13:01:57 2026 [1;32mDRR[0;m[1;34m <0001> gsm48_rr.c:2433 CHANNEL REQUEST: 10 (OTHER with NECI)[0;m
[1;32mWed Sep 30 13:01:57 2026 [1;32mDMM[0;m[1;32m <0005> gsm48_mm.c:1056 new state MM IDLE, normal service -> wait for RR connection (MM connection)[0;m
[1;34mWed Sep 30 13:01:57 2026 [1;32mDRR[0;m[1;34m <0001> gsm322.c:2929 using DSC of 90[0;m
[1;34mWed Sep 30 13:01:57 2026 [1;32mDRR[0;m[1;34m <0001> gsm48_rr.c:2557 RANDOM ACCESS (requests left 8)[0;m
[1;34mWed Sep 30 13:01:57 2026 [1;32mDRR[0;m[1;34m <0001> gsm48_rr.c:2613 RANDOM ACCESS (Tx-integer 12 combined yes S(lots) 0 ra 0x1e)[0;m
[1;34mWed Sep 30 13:01:57 2026 [1;32mDRR[0;m[1;34m <0001> gsm48_rr.c:2649 Use MS-TXPWR-MAX-CCH power value 7 (16 dBm)[0;m
[1;34mWed Sep 30 13:01:57 2026 [1;32mDRR[0;m[1;34m <0001> gsm48_rr.c:2557 RANDOM ACCESS (requests left 7)[0;m
[1;34mWed Sep 30 13:01:57 2026 [1;32mDRR[0;m[1;34m <0001> gsm48_rr.c:2613 RANDOM ACCESS (Tx-integer 12 combined yes S(lots) 115 ra 0x15)[0;m
[1;34mWed Sep 30 13:01:57 2026 [1;32mDRR[0;m[1;34m <0001> gsm48_rr.c:2649 Use MS-TXPWR-MAX-CCH power value 7 (16 dBm)[0;m
[1;34mWed Sep 30 13:01:57 2026 [1;32mDRR[0;m[1;34m <0001> gsm48_rr.c:835 MON: f=514 lev=>=-47 snr=84 ber= 53 CGI=001-01-1-6001[0;m
[1;34mWed Sep 30 13:01:57 2026 [1;32mDRR[0;m[1;34m <0001> gsm48_rr.c:3443 IMMEDIATE ASSIGNMENT:[0;m
[1;34mWed Sep 30 13:01:57 2026 [1;32mDRR[0;m[1;34m <0001> gsm48_rr.c:3465  (ta 0/0m ra 0x1e chan_nr 0x41 ARFCN 514(DCS) TS 1 SS 0 TSC 7)[0;m
[1;34mWed Sep 30 13:01:57 2026 [1;32mDRR[0;m[1;34m <0001> gsm48_rr.c:3377 request 1e matches (fn=13,22,24)[0;m
[1;34mWed Sep 30 13:01:57 2026 [1;32mDRR[0;m[1;34m <0001> gsm48_rr.c:3495 resetting scheduler[0;m
[1;34mWed Sep 30 13:01:57 2026 [1;32mDRR[0;m[1;34m <0001> gsm48_rr.c:4261 sending establish message[0;m
[1;34mWed Sep 30 13:01:57 2026 [1;32mDRR[0;m[1;34m <0001> gsm48_rr.c:289 Using and incrementing V(SD) = 0 (pdisc 5)[0;m
[1;34mWed Sep 30 13:01:57 2026 [1;32mDRR[0;m[1;34m <0001> gsm48_rr.c:3992 setting indicated TA 0 (actual TA 0)[0;m
[1;34mWed Sep 30 13:01:57 2026 [1;32mDRR[0;m[1;34m <0001> gsm48_rr.c:4007 using last BCCH timeout 32[0;m
[1;34mWed Sep 30 13:01:57 2026 [1;32mDRR[0;m[1;34m <0001> gsm48_rr.c:1050 stopping pending timer T_meas[0;m
[1;34mWed Sep 30 13:01:57 2026 [1;32mDRR[0;m[1;34m <0001> gsm48_rr.c:3885 MEAS REP: pwr=7 TA=0 meas-invalid=1 rxlev-full=-110 rxlev-sub=-110 rxqual-full=0 rxqual-sub=0 dtx 0 ba 0 no-ncell-n 7[0;m
[1;34mWed Sep 30 13:01:57 2026 [1;32mDRR[0;m[1;34m <0001> gsm48_rr.c:4026 establishing channel in dedicated/group mode[0;m
[1;34mWed Sep 30 13:01:57 2026 [1;32mDRR[0;m[1;34m <0001> gsm48_rr.c:4035  Channel type 64, subch 0, ts 1, mode 0, audio-mode 0, flags 0x00, cipher 1[0;m
[1;31mWed Sep 30 13:01:58 2026 [1;33mDL1C[0;m[1;31m <000e> l1ctl.c:278 Dropping frame with 87 bit errors[0;m
[1;34mWed Sep 30 13:01:58 2026 [1;32mDRR[0;m[1;34m <0001> gsm48_rr.c:6317 DL SACCH indicates ta 0 (actual ta 0)[0;m
[1;34mWed Sep 30 13:01:58 2026 [1;32mDRR[0;m[1;34m <0001> gsm48_rr.c:6321 DL SACCH indicates tx_power 7[0;m
[1;34mWed Sep 30 13:01:58 2026 [1;32mDRR[0;m[1;34m <0001> gsm48_rr.c:2940 New SYSTEM INFORMATION 5[0;m
[1;34mWed Sep 30 13:01:58 2026 [1;33mDRR[0;m[1;34m <0001> gsm48_rr.c:2688 Complete set of SI5* for BA(1)[0;m
[1;34mWed Sep 30 13:01:58 2026 [1;33mDRR[0;m[1;34m <0001> gsm48_rr.c:2703 SI5/SI5bis report arfcn 614(DCS) (index 0)[0;m
[1;34mWed Sep 30 13:01:58 2026 [1;32mDRR[0;m[1;34m <0001> gsm48_rr.c:475 new state connection pending -> dedicated[0;m
[1;32mWed Sep 30 13:01:58 2026 [1;32mDMM[0;m[1;32m <0005> gsm48_mm.c:4605 (ms 1) Received 'RR_EST_CNF' from RR in state wait for RR connection (MM connection) (sapi 0)[0;m
[1;32mWed Sep 30 13:01:58 2026 [1;32mDMM[0;m[1;32m <0005> gsm48_mm.c:551 starting T3230 (MM connection timeout) with 15.0 seconds[0;m
[1;32mWed Sep 30 13:01:58 2026 [1;32mDMM[0;m[1;32m <0005> gsm48_mm.c:1066 new state wait for RR connection (MM connection) -> wait for outgoing MM connection[0;m
[1;34mWed Sep 30 13:01:58 2026 [1;32mDRR[0;m[1;34m <0001> gsm48_rr.c:6317 DL SACCH indicates ta 0 (actual ta 0)[0;m
[1;34mWed Sep 30 13:01:58 2026 [1;32mDRR[0;m[1;34m <0001> gsm48_rr.c:6321 DL SACCH indicates tx_power 7[0;m
[1;34mWed Sep 30 13:01:58 2026 [1;32mDRR[0;m[1;34m <0001> gsm48_rr.c:3033 New SYSTEM INFORMATION 6 (lai=001-01-1 SACCH-timeout 32)[0;m
[1;34mWed Sep 30 13:01:58 2026 [1;32mDRR[0;m[1;34m <0001> gsm48_rr.c:3037 using (new) SACCH timeout 32[0;m
[1;34mWed Sep 30 13:01:58 2026 [1;32mDRR[0;m[1;34m <0001> gsm48_rr.c:1219 CIPHERING MODE COMMAND (sc=1, algo=A5/1 cr=1)[0;m
[1;34mWed Sep 30 13:01:58 2026 [1;32mDRR[0;m[1;34m <0001> gsm48_rr.c:1166 CIPHERING MODE COMPLETE (cr 1)[0;m
[1;32mWed Sep 30 13:01:58 2026 [1;32mDMM[0;m[1;32m <0005> gsm48_mm.c:4605 (ms 1) Received 'RR_SYNC_IND' from RR in state wait for outgoing MM connection (sapi 0)[0;m
[1;32mWed Sep 30 13:01:58 2026 [1;32mDMM[0;m[1;32m <0005> gsm48_mm.c:615 stopping pending (MM connection timeout) timer T3230[0;m
[1;32mWed Sep 30 13:01:58 2026 [1;32mDMM[0;m[1;32m <0005> gsm48_mm.c:1066 new state wait for outgoing MM connection -> MM connection active[0;m
[1;32mWed Sep 30 13:01:58 2026 [1;32mDMM[0;m[1;32m <0005> gsm48_mm.c:1549 (ref 0x40000002 proto 9) new state CONN_PEND -> DEDICATED[0;m
[1;32mWed Sep 30 13:01:58 2026 [1;32mDMM[0;m[1;32m <0005> gsm48_mm.c:3472 Sapi 3 link down, requesting link, waiting for confirm.[0;m
[1;34mWed Sep 30 13:01:58 2026 [1;32mDRR[0;m[1;34m <0001> gsm48_rr.c:7026 (ms 1) Message 'RR_EST_REQ' received in state dedicated (sapi 3)[0;m
[1;34mWed Sep 30 13:01:58 2026 [1;32mDRR[0;m[1;34m <0001> gsm48_rr.c:6725 Requesting DCCH link, because no TCH (sapi 3)[0;m
[1;34mWed Sep 30 13:01:58 2026 [1;32mDRR[0;m[1;34m <0001> gsm48_rr.c:588 new SAPI 3 link state idle -> wait establishment[0;m
[1;34mWed Sep 30 13:01:58 2026 [1;32mDRR[0;m[1;34m <0001> gsm48_rr.c:835 MON: f=514 lev=>=-47 snr=84 ber= 51 CGI=001-01-1-6001 TA=0 pwr=7 TS=1/0[0;m
[1;34mWed Sep 30 13:01:58 2026 [1;32mDRR[0;m[1;34m <0001> gsm48_rr.c:3885 MEAS REP: pwr=7 TA=0 meas-invalid=0 rxlev-full=-47 rxlev-sub=-47 rxqual-full=0 rxqual-sub=0 dtx 0 ba 1 no-ncell-n 0[0;m
[1;31mWed Sep 30 13:01:59 2026 [1;33mDL1C[0;m[1;31m <000e> l1ctl.c:278 Dropping frame with 93 bit errors[0;m
[1;31mWed Sep 30 13:01:59 2026 [1;33mDL1C[0;m[1;31m <000e> l1ctl.c:268 LOSS counter for ACCH 31[0;m
[1;31mWed Sep 30 13:01:59 2026 [1;33mDL1C[0;m[1;31m <000e> l1ctl.c:278 Dropping frame with 83 bit errors[0;m
[1;31mWed Sep 30 13:01:59 2026 [1;33mDL1C[0;m[1;31m <000e> l1ctl.c:278 Dropping frame with 84 bit errors[0;m
[1;34mWed Sep 30 13:01:59 2026 [1;32mDRR[0;m[1;34m <0001> gsm48_rr.c:6317 DL SACCH indicates ta 0 (actual ta 0)[0;m
[1;34mWed Sep 30 13:01:59 2026 [1;32mDRR[0;m[1;34m <0001> gsm48_rr.c:6321 DL SACCH indicates tx_power 8[0;m
[1;34mWed Sep 30 13:01:59 2026 [1;32mDRR[0;m[1;34m <0001> gsm48_rr.c:6325 Applying new ta and tx_power[0;m
[1;34mWed Sep 30 13:01:59 2026 [1;32mDRR[0;m[1;34m <0001> gsm48_rr.c:588 new SAPI 3 link state wait establishment -> established[0;m
[1;32mWed Sep 30 13:01:59 2026 [1;32mDMM[0;m[1;32m <0005> gsm48_mm.c:4605 (ms 1) Received 'RR_EST_CNF' from RR in state MM connection active (sapi 3)[0;m
[1;32mWed Sep 30 13:01:59 2026 [1;32mDMM[0;m[1;32m <0005> gsm48_mm.c:4135 SAPI 3 link up, confirming conns.[0;m
[1;32mWed Sep 30 13:01:59 2026 [1;32mDMM[0;m[1;32m <0005> gsm48_mm.c:4460 (ms 1) Received 'MMSMS_DATA_REQ' event in state MM connection active[0;m
[1;32mWed Sep 30 13:01:59 2026 [1;32mDMM[0;m[1;32m <0005> gsm48_mm.c:4466 -> callref 40000002, transaction_id 0[0;m
[1;34mWed Sep 30 13:01:59 2026 [1;32mDRR[0;m[1;34m <0001> gsm48_rr.c:7026 (ms 1) Message 'RR_DATA_REQ' received in state dedicated (sapi 3)[0;m
[1;34mWed Sep 30 13:01:59 2026 [1;32mDRR[0;m[1;34m <0001> gsm48_rr.c:835 MON: f=514 lev=>=-47 snr=81 ber= 68 CGI=001-01-1-6001 TA=0 pwr=8 TS=1/0[0;m
[1;34mWed Sep 30 13:01:59 2026 [1;32mDRR[0;m[1;34m <0001> gsm48_rr.c:3885 MEAS REP: pwr=8 TA=0 meas-invalid=0 rxlev-full=-47 rxlev-sub=-47 rxqual-full=0 rxqual-sub=0 dtx 0 ba 1 no-ncell-n 0[0;m
[1;34mWed Sep 30 13:02:00 2026 [1;32mDRR[0;m[1;34m <0001> gsm48_rr.c:6317 DL SACCH indicates ta 0 (actual ta 0)[0;m
[1;34mWed Sep 30 13:02:00 2026 [1;32mDRR[0;m[1;34m <0001> gsm48_rr.c:6321 DL SACCH indicates tx_power 8[0;m
[1;34mWed Sep 30 13:02:00 2026 [1;32mDRR[0;m[1;34m <0001> gsm48_rr.c:6317 DL SACCH indicates ta 0 (actual ta 0)[0;m
[1;34mWed Sep 30 13:02:00 2026 [1;32mDRR[0;m[1;34m <0001> gsm48_rr.c:6321 DL SACCH indicates tx_power 8[0;m
[1;34mWed Sep 30 13:02:00 2026 [1;32mDRR[0;m[1;34m <0001> gsm48_rr.c:835 MON: f=514 lev=>=-47 snr=83 ber= 46 CGI=001-01-1-6001 TA=0 pwr=8 TS=1/0[0;m
[1;34mWed Sep 30 13:02:00 2026 [1;32mDRR[0;m[1;34m <0001> gsm48_rr.c:3885 MEAS REP: pwr=8 TA=0 meas-invalid=0 rxlev-full=-47 rxlev-sub=-47 rxqual-full=0 rxqual-sub=0 dtx 0 ba 1 no-ncell-n 0[0;m
[1;34mWed Sep 30 13:02:01 2026 [1;32mDRR[0;m[1;34m <0001> gsm48_rr.c:6317 DL SACCH indicates ta 0 (actual ta 0)[0;m
[1;34mWed Sep 30 13:02:01 2026 [1;32mDRR[0;m[1;34m <0001> gsm48_rr.c:6321 DL SACCH indicates tx_power 8[0;m
[1;32mWed Sep 30 13:02:01 2026 [1;32mDMM[0;m[1;32m <0005> gsm48_mm.c:4605 (ms 1) Received 'RR_DATA_IND' from RR in state MM connection active (sapi 3)[0;m
[1;34mWed Sep 30 13:02:01 2026 [1;32mDRR[0;m[1;34m <0001> gsm48_rr.c:6317 DL SACCH indicates ta 0 (actual ta 0)[0;m
[1;34mWed Sep 30 13:02:01 2026 [1;32mDRR[0;m[1;34m <0001> gsm48_rr.c:6321 DL SACCH indicates tx_power 8[0;m
[1;32mWed Sep 30 13:02:01 2026 [1;32mDMM[0;m[1;32m <0005> gsm48_mm.c:4605 (ms 1) Received 'RR_DATA_IND' from RR in state MM connection active (sapi 3)[0;m
[1;32mWed Sep 30 13:02:01 2026 [1;32mDMM[0;m[1;32m <0005> gsm48_mm.c:4460 (ms 1) Received 'MMSMS_DATA_REQ' event in state MM connection active[0;m
[1;32mWed Sep 30 13:02:01 2026 [1;32mDMM[0;m[1;32m <0005> gsm48_mm.c:4466 -> callref 40000002, transaction_id 0[0;m
[1;34mWed Sep 30 13:02:01 2026 [1;32mDRR[0;m[1;34m <0001> gsm48_rr.c:7026 (ms 1) Message 'RR_DATA_REQ' received in state dedicated (sapi 3)[0;m
[1;32mWed Sep 30 13:02:01 2026 [1;32mDMM[0;m[1;32m <0005> gsm48_mm.c:4460 (ms 1) Received 'MMSMS_REL_REQ' event in state MM connection active[0;m
[1;32mWed Sep 30 13:02:01 2026 [1;32mDMM[0;m[1;32m <0005> gsm48_mm.c:4466 -> callref 40000002, transaction_id 0[0;m
[1;32mWed Sep 30 13:02:01 2026 [1;32mDMM[0;m[1;32m <0005> gsm48_mm.c:1630 Freeing MM Connection[0;m
[1;32mWed Sep 30 13:02:01 2026 [1;32mDMM[0;m[1;32m <0005> gsm48_mm.c:1549 (ref 0x40000002 proto 9) new state DEDICATED -> IDLE[0;m
[1;32mWed Sep 30 13:02:01 2026 [1;32mDMM[0;m[1;32m <0005> gsm48_mm.c:560 starting T3240 (RR release timeout) with 10.0 seconds[0;m
[1;32mWed Sep 30 13:02:01 2026 [1;32mDMM[0;m[1;32m <0005> gsm48_mm.c:1066 new state MM connection active -> wait for network command[0;m
[1;32mWed Sep 30 13:02:01 2026 [1;32mDMM[0;m[1;32m <0005> gsm48_mm.c:4460 (ms 1) Received 'MMSMS_REL_REQ' event in state wait for network command[0;m
[1;32mWed Sep 30 13:02:01 2026 [1;32mDMM[0;m[1;32m <0005> gsm48_mm.c:4466 -> callref 40000002, transaction_id 0[0;m
[1;32mWed Sep 30 13:02:01 2026 [1;33mDMM[0;m[1;32m <0005> gsm48_mm.c:4476 Message unhandled at this state.[0;m
[1;33mWed Sep 30 13:02:01 2026 [1;34mDCC[0;m[1;33m <0006> transaction.c:108 ms 1 frees transaction (mem 0x596614f687c0)[0;m
[1;34mWed Sep 30 13:02:01 2026 [1;32mDRR[0;m[1;34m <0001> gsm48_rr.c:835 MON: f=514 lev=>=-47 snr=80 ber= 45 CGI=001-01-1-6001 TA=0 pwr=8 TS=1/0[0;m
[1;34mWed Sep 30 13:02:01 2026 [1;32mDRR[0;m[1;34m <0001> gsm48_rr.c:3885 MEAS REP: pwr=8 TA=0 meas-invalid=0 rxlev-full=-47 rxlev-sub=-47 rxqual-full=0 rxqual-sub=0 dtx 0 ba 1 no-ncell-n 0[0;m
[1;34mWed Sep 30 13:02:02 2026 [1;32mDRR[0;m[1;34m <0001> gsm48_rr.c:6317 DL SACCH indicates ta 0 (actual ta 0)[0;m
[1;34mWed Sep 30 13:02:02 2026 [1;32mDRR[0;m[1;34m <0001> gsm48_rr.c:6321 DL SACCH indicates tx_power 8[0;m
[1;31mWed Sep 30 13:02:02 2026 [1;33mDL1C[0;m[1;31m <000e> l1ctl.c:268 LOSS counter for ACCH 31[0;m
[1;31mWed Sep 30 13:02:02 2026 [1;33mDL1C[0;m[1;31m <000e> l1ctl.c:278 Dropping frame with 101 bit errors[0;m
[1;34mWed Sep 30 13:02:02 2026 [1;32mDRR[0;m[1;34m <0001> gsm48_rr.c:4432 channel release request with cause 0x00[0;m
[1;34mWed Sep 30 13:02:02 2026 [1;32mDRR[0;m[1;34m <0001> gsm48_rr.c:475 new state dedicated -> release pending[0;m
[1;34mWed Sep 30 13:02:02 2026 [1;32mDRR[0;m[1;34m <0001> gsm48_rr.c:995 starting T3110 with 1.500 seconds[0;m
[1;34mWed Sep 30 13:02:02 2026 [1;32mDRR[0;m[1;34m <0001> gsm48_rr.c:762 Main signallin link is down, so release SAPI 3 link locally.[0;m
[1;34mWed Sep 30 13:02:02 2026 [1;32mDRR[0;m[1;34m <0001> gsm48_rr.c:588 new SAPI 3 link state established -> idle[0;m
[1;35mWed Sep 30 13:02:02 2026 [1;33mDRSL[0;m[1;35m <0000> gsm48_rr.c:6885 RSLms message 'REL_CONF' unhandled[0;m
[1;32mWed Sep 30 13:02:02 2026 [1;32mDMM[0;m[1;32m <0005> gsm48_mm.c:4605 (ms 1) Received 'RR_REL_IND' from RR in state wait for network command (sapi 3)[0;m
[1;32mWed Sep 30 13:02:02 2026 [1;32mDMM[0;m[1;32m <0005> gsm48_mm.c:4154 SAPI 3 link down, releasing conns.[0;m
[1;32mWed Sep 30 13:02:02 2026 [1;32mDMM[0;m[1;32m <0005> gsm48_mm.c:1652 Release any MM Connection (sapi = 3)[0;m
[1;34mWed Sep 30 13:02:02 2026 [1;32mDRR[0;m[1;34m <0001> gsm48_rr.c:835 MON: f=514 lev=>=-47 snr=73 ber= 54 CGI=001-01-1-6001[0;m
[1;34mWed Sep 30 13:02:02 2026 [1;32mDRR[0;m[1;34m <0001> gsm48_rr.c:3885 MEAS REP: pwr=8 TA=0 meas-invalid=0 rxlev-full=-47 rxlev-sub=-47 rxqual-full=0 rxqual-sub=0 dtx 0 ba 1 no-ncell-n 0[0;m
[1;31mWed Sep 30 13:02:03 2026 [1;33mDL1C[0;m[1;31m <000e> l1ctl.c:268 LOSS counter for ACCH 30[0;m
[1;31mWed Sep 30 13:02:03 2026 [1;33mDL1C[0;m[1;31m <000e> l1ctl.c:278 Dropping frame with 107 bit errors[0;m
[1;34mWed Sep 30 13:02:03 2026 [1;32mDRR[0;m[1;34m <0001> gsm48_rr.c:1074 stopping pending timer T3110[0;m
[1;34mWed Sep 30 13:02:03 2026 [1;32mDRR[0;m[1;34m <0001> gsm48_rr.c:475 new state release pending -> idle[0;m
[1;34mWed Sep 30 13:02:03 2026 [1;32mDRR[0;m[1;34m <0001> gsm48_rr.c:498 Returning to IDLE mode.[0;m
[1;32mWed Sep 30 13:02:03 2026 [1;32mDMM[0;m[1;32m <0005> gsm48_mm.c:4605 (ms 1) Received 'RR_REL_IND' from RR in state wait for network command (sapi 0)[0;m
[1;32mWed Sep 30 13:02:03 2026 [1;32mDMM[0;m[1;32m <0005> gsm48_mm.c:624 stopping pending (RR release timeout) timer T3240[0;m
[1;32mWed Sep 30 13:02:03 2026 [1;32mDMM[0;m[1;32m <0005> gsm48_mm.c:1254 Not camping, wait for CS process to camp, it sends us CELL_SELECTED then.[0;m
[1;31mWed Sep 30 13:02:03 2026 [1;31mDL1C[0;m[1;31m <000e> l1ctl.c:141 FBSB RESP: result=255[0;m
[1;34mWed Sep 30 13:02:03 2026 [1;32mDRR[0;m[1;34m <0001> gsm322.c:2929 using DSC of 90[0;m
[1;34mWed Sep 30 13:02:03 2026 [1;32mDRR[0;m[1;34m <0001> sysinfo.c:947 New SYSTEM INFORMATION 3 (lai=001-01-1)[0;m
[1;34mWed Sep 30 13:02:03 2026 [1;33mDRR[0;m[1;34m <0001> gsm48_rr.c:2878 Changing CCCH_MODE to 2[0;m
[1;34mWed Sep 30 13:02:04 2026 [1;32mDRR[0;m[1;34m <0001> gsm48_rr.c:2910 New SYSTEM INFORMATION 4 (lai=001-01-1)[0;m
[1;34mWed Sep 30 13:02:04 2026 [1;33mDRR[0;m[1;34m <0001> sysinfo.c:860 Now updating previously received SYSTEM INFORMATION 4[0;m
[1;34mWed Sep 30 13:02:04 2026 [1;32mDRR[0;m[1;34m <0001> gsm48_rr.c:2758 New SYSTEM INFORMATION 1[0;m
[1;34mWed Sep 30 13:02:04 2026 [1;32mDRR[0;m[1;34m <0001> gsm48_rr.c:2787 New SYSTEM INFORMATION 2[0;m
[1;32mWed Sep 30 13:02:04 2026 [1;32mDMM[0;m[1;32m <0005> gsm48_mm.c:5063 (ms 1) Received 'MM_EVENT_CELL_SELECTED' event in state wait for network command[0;m
[1;32mWed Sep 30 13:02:04 2026 [1;32mDMM[0;m[1;32m <0005> gsm48_mm.c:1293 We are in registered LAI as returning to MM IDLE[0;m
[1;32mWed Sep 30 13:02:04 2026 [1;32mDMM[0;m[1;32m <0005> gsm48_mm.c:1061 new state wait for network command -> MM IDLE, normal service[0;m
[1;33mWed Sep 30 13:02:04 2026 [1;34mDCC[0;m[1;33m <0006> transaction.c:71 ms 1 allocates transaction (proto 3 trans_id 255 callref 3 mem 0x596614f687c0)[0;m
[1;33mWed Sep 30 13:02:04 2026 [1;34mDCC[0;m[1;33m <0006> gsm48_cc.c:242 new state NULL -> MM_CONNECTION_PEND[0;m
[1;33mWed Sep 30 13:02:04 2026 [1;32mDCC[0;m[1;33m <0006> gsm48_cc.c:523 Sending MMCC_EST_REQ[0;m
[1;32mWed Sep 30 13:02:04 2026 [1;32mDMM[0;m[1;32m <0005> gsm48_mm.c:4460 (ms 1) Received 'MMCC_EST_REQ' event in state MM idle[0;m
[1;32mWed Sep 30 13:02:04 2026 [1;32mDMM[0;m[1;32m <0005> gsm48_mm.c:4464 -> substate normal service[0;m
[1;32mWed Sep 30 13:02:04 2026 [1;32mDMM[0;m[1;32m <0005> gsm48_mm.c:4466 -> callref 3, transaction_id 255[0;m
[1;32mWed Sep 30 13:02:04 2026 [1;32mDMM[0;m[1;32m <0005> gsm48_mm.c:3222 Init MM Connection.[0;m
[1;32mWed Sep 30 13:02:04 2026 [1;32mDMM[0;m[1;32m <0005> gsm48_mm.c:1612 New MM Connection (proto 0x03 trans_id 255 sapi 0 ref 3)[0;m
[1;32mWed Sep 30 13:02:04 2026 [1;32mDMM[0;m[1;32m <0005> gsm48_mm.c:1549 (ref 0x3 proto 3) new state IDLE -> CONN_PEND[0;m
[1;32mWed Sep 30 13:02:04 2026 [1;32mDMM[0;m[1;32m <0005> gsm48_mm.c:3004 CM SERVICE REQUEST (cause 9)[0;m
[1;32mWed Sep 30 13:02:04 2026 [1;32mDMM[0;m[1;32m <0005> gsm48_mm.c:3038 -> Using TMSI[0;m
[1;34mWed Sep 30 13:02:04 2026 [1;32mDRR[0;m[1;34m <0001> gsm48_rr.c:7026 (ms 1) Message 'RR_EST_REQ' received in state idle (sapi 0)[0;m
[1;34mWed Sep 30 13:02:04 2026 [1;32mDRR[0;m[1;34m <0001> gsm48_rr.c:475 new state idle -> connection pending[0;m
[1;34mWed Sep 30 13:02:04 2026 [1;32mDRR[0;m[1;34m <0001> gsm48_rr.c:2413 CHANNEL REQUEST: e0 (Orig TCH/F)[0;m
[1;32mWed Sep 30 13:02:04 2026 [1;32mDMM[0;m[1;32m <0005> gsm48_mm.c:1056 new state MM IDLE, normal service -> wait for RR connection (MM connection)[0;m
[1;34mWed Sep 30 13:02:04 2026 [1;32mDRR[0;m[1;34m <0001> gsm322.c:2929 using DSC of 90[0;m
[1;34mWed Sep 30 13:02:04 2026 [1;32mDRR[0;m[1;34m <0001> gsm48_rr.c:2557 RANDOM ACCESS (requests left 8)[0;m
[1;34mWed Sep 30 13:02:04 2026 [1;32mDRR[0;m[1;34m <0001> gsm48_rr.c:2613 RANDOM ACCESS (Tx-integer 12 combined yes S(lots) 0 ra 0xe4)[0;m
[1;34mWed Sep 30 13:02:04 2026 [1;32mDRR[0;m[1;34m <0001> gsm48_rr.c:2649 Use MS-TXPWR-MAX-CCH power value 7 (16 dBm)[0;m
[1;34mWed Sep 30 13:02:04 2026 [1;32mDRR[0;m[1;34m <0001> gsm48_rr.c:2557 RANDOM ACCESS (requests left 7)[0;m
[1;34mWed Sep 30 13:02:04 2026 [1;32mDRR[0;m[1;34m <0001> gsm48_rr.c:2613 RANDOM ACCESS (Tx-integer 12 combined yes S(lots) 115 ra 0xf0)[0;m
[1;34mWed Sep 30 13:02:04 2026 [1;32mDRR[0;m[1;34m <0001> gsm48_rr.c:2649 Use MS-TXPWR-MAX-CCH power value 7 (16 dBm)[0;m
[1;34mWed Sep 30 13:02:04 2026 [1;32mDRR[0;m[1;34m <0001> gsm48_rr.c:835 MON: f=514 lev=>=-47 snr=83 ber= 50 CGI=001-01-1-6001[0;m
[1;34mWed Sep 30 13:02:05 2026 [1;32mDRR[0;m[1;34m <0001> gsm48_rr.c:3443 IMMEDIATE ASSIGNMENT:[0;m
[1;34mWed Sep 30 13:02:05 2026 [1;32mDRR[0;m[1;34m <0001> gsm48_rr.c:3465  (ta 0/0m ra 0xe4 chan_nr 0x41 ARFCN 514(DCS) TS 1 SS 0 TSC 7)[0;m
[1;34mWed Sep 30 13:02:05 2026 [1;32mDRR[0;m[1;34m <0001> gsm48_rr.c:3377 request e4 matches (fn=14,16,22)[0;m
[1;34mWed Sep 30 13:02:05 2026 [1;32mDRR[0;m[1;34m <0001> gsm48_rr.c:3495 resetting scheduler[0;m
[1;34mWed Sep 30 13:02:05 2026 [1;32mDRR[0;m[1;34m <0001> gsm48_rr.c:4261 sending establish message[0;m
[1;34mWed Sep 30 13:02:05 2026 [1;32mDRR[0;m[1;34m <0001> gsm48_rr.c:289 Using and incrementing V(SD) = 0 (pdisc 5)[0;m
[1;34mWed Sep 30 13:02:05 2026 [1;32mDRR[0;m[1;34m <0001> gsm48_rr.c:3992 setting indicated TA 0 (actual TA 0)[0;m
[1;34mWed Sep 30 13:02:05 2026 [1;32mDRR[0;m[1;34m <0001> gsm48_rr.c:4007 using last BCCH timeout 32[0;m
[1;34mWed Sep 30 13:02:05 2026 [1;32mDRR[0;m[1;34m <0001> gsm48_rr.c:1050 stopping pending timer T_meas[0;m
[1;34mWed Sep 30 13:02:05 2026 [1;32mDRR[0;m[1;34m <0001> gsm48_rr.c:3885 MEAS REP: pwr=7 TA=0 meas-invalid=1 rxlev-full=-110 rxlev-sub=-110 rxqual-full=0 rxqual-sub=0 dtx 0 ba 0 no-ncell-n 7[0;m
[1;34mWed Sep 30 13:02:05 2026 [1;32mDRR[0;m[1;34m <0001> gsm48_rr.c:4026 establishing channel in dedicated/group mode[0;m
[1;34mWed Sep 30 13:02:05 2026 [1;32mDRR[0;m[1;34m <0001> gsm48_rr.c:4035  Channel type 64, subch 0, ts 1, mode 0, audio-mode 0, flags 0x00, cipher 1[0;m
[1;31mWed Sep 30 13:02:05 2026 [1;33mDL1C[0;m[1;31m <000e> l1ctl.c:278 Dropping frame with 86 bit errors[0;m
[1;34mWed Sep 30 13:02:05 2026 [1;32mDRR[0;m[1;34m <0001> gsm48_rr.c:6317 DL SACCH indicates ta 0 (actual ta 0)[0;m
[1;34mWed Sep 30 13:02:05 2026 [1;32mDRR[0;m[1;34m <0001> gsm48_rr.c:6321 DL SACCH indicates tx_power 7[0;m
[1;34mWed Sep 30 13:02:05 2026 [1;32mDRR[0;m[1;34m <0001> gsm48_rr.c:3033 New SYSTEM INFORMATION 6 (lai=001-01-1 SACCH-timeout 32)[0;m
[1;34mWed Sep 30 13:02:05 2026 [1;32mDRR[0;m[1;34m <0001> gsm48_rr.c:3037 using (new) SACCH timeout 32[0;m
[1;34mWed Sep 30 13:02:05 2026 [1;32mDRR[0;m[1;34m <0001> gsm48_rr.c:475 new state connection pending -> dedicated[0;m
[1;32mWed Sep 30 13:02:05 2026 [1;32mDMM[0;m[1;32m <0005> gsm48_mm.c:4605 (ms 1) Received 'RR_EST_CNF' from RR in state wait for RR connection (MM connection) (sapi 0)[0;m
[1;32mWed Sep 30 13:02:05 2026 [1;32mDMM[0;m[1;32m <0005> gsm48_mm.c:551 starting T3230 (MM connection timeout) with 15.0 seconds[0;m
[1;32mWed Sep 30 13:02:05 2026 [1;32mDMM[0;m[1;32m <0005> gsm48_mm.c:1066 new state wait for RR connection (MM connection) -> wait for outgoing MM connection[0;m
[1;34mWed Sep 30 13:02:05 2026 [1;32mDRR[0;m[1;34m <0001> gsm48_rr.c:6317 DL SACCH indicates ta 0 (actual ta 0)[0;m
[1;34mWed Sep 30 13:02:05 2026 [1;32mDRR[0;m[1;34m <0001> gsm48_rr.c:6321 DL SACCH indicates tx_power 7[0;m
[1;34mWed Sep 30 13:02:05 2026 [1;32mDRR[0;m[1;34m <0001> gsm48_rr.c:2940 New SYSTEM INFORMATION 5[0;m
[1;34mWed Sep 30 13:02:05 2026 [1;33mDRR[0;m[1;34m <0001> gsm48_rr.c:2688 Complete set of SI5* for BA(1)[0;m
[1;34mWed Sep 30 13:02:05 2026 [1;33mDRR[0;m[1;34m <0001> gsm48_rr.c:2703 SI5/SI5bis report arfcn 614(DCS) (index 0)[0;m
[1;32mWed Sep 30 13:02:05 2026 [1;32mDMM[0;m[1;32m <0005> gsm48_mm.c:4605 (ms 1) Received 'RR_DATA_IND' from RR in state wait for outgoing MM connection (sapi 0)[0;m
[1;32mWed Sep 30 13:02:05 2026 [1;32mDMM[0;m[1;32m <0005> gsm48_mm.c:4818 (ms 1) Received 'MT_MM_AUTH_REQ' in MM state wait for outgoing MM connection[0;m
[1;32mWed Sep 30 13:02:05 2026 [1;32mDMM[0;m[1;32m <0005> gsm48_mm.c:588 stopping pending (periodic loc. upd. delay) timer T3212[0;m
[1;32mWed Sep 30 13:02:05 2026 [1;32mDMM[0;m[1;32m <0005> gsm48_mm.c:1833 AUTHENTICATION REQUEST (seq 2)[0;m
[1;32mWed Sep 30 13:02:05 2026 [1;32mDMM[0;m[1;32m <0005> subscriber.c:658 Sending authentication response[0;m
[1;32mWed Sep 30 13:02:05 2026 [1;32mDMM[0;m[1;32m <0005> gsm48_mm.c:5063 (ms 1) Received 'MM_EVENT_AUTH_RESPONSE' event in state wait for outgoing MM connection[0;m
[1;32mWed Sep 30 13:02:05 2026 [1;32mDMM[0;m[1;32m <0005> gsm48_mm.c:1857 AUTHENTICATION RESPONSE[0;m
[1;34mWed Sep 30 13:02:05 2026 [1;32mDRR[0;m[1;34m <0001> gsm48_rr.c:7026 (ms 1) Message 'RR_DATA_REQ' received in state dedicated (sapi 0)[0;m
[1;34mWed Sep 30 13:02:05 2026 [1;32mDRR[0;m[1;34m <0001> gsm48_rr.c:289 Using and incrementing V(SD) = 1 (pdisc 5)[0;m
[1;34mWed Sep 30 13:02:06 2026 [1;32mDRR[0;m[1;34m <0001> gsm48_rr.c:835 MON: f=514 lev=>=-47 snr=83 ber= 48 CGI=001-01-1-6001 TA=0 pwr=7 TS=1/0[0;m
[1;34mWed Sep 30 13:02:06 2026 [1;32mDRR[0;m[1;34m <0001> gsm48_rr.c:3885 MEAS REP: pwr=7 TA=0 meas-invalid=0 rxlev-full=-47 rxlev-sub=-47 rxqual-full=0 rxqual-sub=0 dtx 0 ba 1 no-ncell-n 0[0;m
[1;34mWed Sep 30 13:02:06 2026 [1;32mDRR[0;m[1;34m <0001> gsm48_rr.c:6317 DL SACCH indicates ta 0 (actual ta 0)[0;m
[1;34mWed Sep 30 13:02:06 2026 [1;32mDRR[0;m[1;34m <0001> gsm48_rr.c:6321 DL SACCH indicates tx_power 8[0;m
[1;34mWed Sep 30 13:02:06 2026 [1;32mDRR[0;m[1;34m <0001> gsm48_rr.c:6325 Applying new ta and tx_power[0;m
[1;34mWed Sep 30 13:02:06 2026 [1;32mDRR[0;m[1;34m <0001> gsm48_rr.c:6317 DL SACCH indicates ta 0 (actual ta 0)[0;m
[1;34mWed Sep 30 13:02:06 2026 [1;32mDRR[0;m[1;34m <0001> gsm48_rr.c:6321 DL SACCH indicates tx_power 8[0;m
[1;34mWed Sep 30 13:02:06 2026 [1;32mDRR[0;m[1;34m <0001> gsm48_rr.c:1219 CIPHERING MODE COMMAND (sc=1, algo=A5/1 cr=1)[0;m
[1;34mWed Sep 30 13:02:06 2026 [1;32mDRR[0;m[1;34m <0001> gsm48_rr.c:1166 CIPHERING MODE COMPLETE (cr 1)[0;m
[1;32mWed Sep 30 13:02:06 2026 [1;32mDMM[0;m[1;32m <0005> gsm48_mm.c:4605 (ms 1) Received 'RR_SYNC_IND' from RR in state wait for outgoing MM connection (sapi 0)[0;m
[1;32mWed Sep 30 13:02:06 2026 [1;32mDMM[0;m[1;32m <0005> gsm48_mm.c:615 stopping pending (MM connection timeout) timer T3230[0;m
[1;32mWed Sep 30 13:02:06 2026 [1;32mDMM[0;m[1;32m <0005> gsm48_mm.c:1066 new state wait for outgoing MM connection -> MM connection active[0;m
[1;32mWed Sep 30 13:02:06 2026 [1;32mDMM[0;m[1;32m <0005> gsm48_mm.c:1549 (ref 0x3 proto 3) new state CONN_PEND -> DEDICATED[0;m
[1;33mWed Sep 30 13:02:06 2026 [1;32mDCC[0;m[1;33m <0006> gsm48_cc.c:2240 (ms 1) Received 'MMCC_EST_CNF' in CC state MM_CONNECTION_PEND[0;m
[1;33mWed Sep 30 13:02:06 2026 [1;32mDCC[0;m[1;33m <0006> gsm48_cc.c:557 sending SETUP[0;m
[1;33mWed Sep 30 13:02:06 2026 [1;32mDCC[0;m[1;33m <0006> gsm48_cc.c:347 starting timer T303 with 30 seconds[0;m
[1;33mWed Sep 30 13:02:06 2026 [1;34mDCC[0;m[1;33m <0006> gsm48_cc.c:242 new state MM_CONNECTION_PEND -> INITIATED[0;m
[1;33mWed Sep 30 13:02:06 2026 [1;32mDCC[0;m[1;33m <0006> gsm48_cc.c:179 Sending 'SETUP' using MMCC_DATA_REQ (callref=3, transaction_id=0)[0;m
[1;32mWed Sep 30 13:02:06 2026 [1;32mDMM[0;m[1;32m <0005> gsm48_mm.c:4460 (ms 1) Received 'MMCC_DATA_REQ' event in state MM connection active[0;m
[1;32mWed Sep 30 13:02:06 2026 [1;32mDMM[0;m[1;32m <0005> gsm48_mm.c:4466 -> callref 3, transaction_id 0[0;m
[1;34mWed Sep 30 13:02:06 2026 [1;32mDRR[0;m[1;34m <0001> gsm48_rr.c:7026 (ms 1) Message 'RR_DATA_REQ' received in state dedicated (sapi 0)[0;m
[1;34mWed Sep 30 13:02:06 2026 [1;32mDRR[0;m[1;34m <0001> gsm48_rr.c:289 Using and incrementing V(SD) = 0 (pdisc 5)[0;m
[1;34mWed Sep 30 13:02:07 2026 [1;32mDRR[0;m[1;34m <0001> gsm48_rr.c:835 MON: f=514 lev=>=-47 snr=82 ber= 45 CGI=001-01-1-6001 TA=0 pwr=8 TS=1/0[0;m
[1;34mWed Sep 30 13:02:07 2026 [1;32mDRR[0;m[1;34m <0001> gsm48_rr.c:3885 MEAS REP: pwr=8 TA=0 meas-invalid=0 rxlev-full=-47 rxlev-sub=-47 rxqual-full=0 rxqual-sub=0 dtx 0 ba 1 no-ncell-n 0[0;m
[1;31mWed Sep 30 13:02:07 2026 [1;33mDL1C[0;m[1;31m <000e> l1ctl.c:278 Dropping frame with 88 bit errors[0;m
[1;31mWed Sep 30 13:02:07 2026 [1;33mDL1C[0;m[1;31m <000e> l1ctl.c:268 LOSS counter for ACCH 31[0;m
[1;31mWed Sep 30 13:02:07 2026 [1;33mDL1C[0;m[1;31m <000e> l1ctl.c:278 Dropping frame with 89 bit errors[0;m
[1;31mWed Sep 30 13:02:07 2026 [1;33mDL1C[0;m[1;31m <000e> l1ctl.c:278 Dropping frame with 78 bit errors[0;m
[1;34mWed Sep 30 13:02:07 2026 [1;32mDRR[0;m[1;34m <0001> gsm48_rr.c:6317 DL SACCH indicates ta 0 (actual ta 0)[0;m
[1;34mWed Sep 30 13:02:07 2026 [1;32mDRR[0;m[1;34m <0001> gsm48_rr.c:6321 DL SACCH indicates tx_power 8[0;m
[1;34mWed Sep 30 13:02:08 2026 [1;32mDRR[0;m[1;34m <0001> gsm48_rr.c:835 MON: f=514 lev=>=-47 snr=80 ber= 62 CGI=001-01-1-6001 TA=0 pwr=8 TS=1/0[0;m
[1;34mWed Sep 30 13:02:08 2026 [1;32mDRR[0;m[1;34m <0001> gsm48_rr.c:3885 MEAS REP: pwr=8 TA=0 meas-invalid=0 rxlev-full=-47 rxlev-sub=-47 rxqual-full=0 rxqual-sub=0 dtx 0 ba 1 no-ncell-n 0[0;m
[1;34mWed Sep 30 13:02:08 2026 [1;32mDRR[0;m[1;34m <0001> gsm48_rr.c:6317 DL SACCH indicates ta 0 (actual ta 0)[0;m
[1;34mWed Sep 30 13:02:08 2026 [1;32mDRR[0;m[1;34m <0001> gsm48_rr.c:6321 DL SACCH indicates tx_power 9[0;m
[1;34mWed Sep 30 13:02:08 2026 [1;32mDRR[0;m[1;34m <0001> gsm48_rr.c:6325 Applying new ta and tx_power[0;m
[1;34mWed Sep 30 13:02:08 2026 [1;32mDRR[0;m[1;34m <0001> gsm48_rr.c:4788 ASSIGNMENT COMMAND[0;m
[1;34mWed Sep 30 13:02:08 2026 [1;32mDRR[0;m[1;34m <0001> gsm48_rr.c:4853  after: (chan_nr 0x0a ARFCN 514(DCS) TS 2 SS 0 TSC 7)[0;m
[1;34mWed Sep 30 13:02:08 2026 [1;32mDRR[0;m[1;34m <0001> gsm48_rr.c:5000  both: changing channel mode 0x01[0;m
[1;34mWed Sep 30 13:02:08 2026 [1;32mDRR[0;m[1;34m <0001> gsm48_rr.c:5020  both: (tx_power 7 TA 0)[0;m
[1;34mWed Sep 30 13:02:08 2026 [1;32mDRR[0;m[1;34m <0001> gsm48_rr.c:335 Mode: full-rate speech V1[0;m
[1;34mWed Sep 30 13:02:08 2026 [1;32mDRR[0;m[1;34m <0001> gsm48_rr.c:5079 request suspension of data link[0;m
[1;34mWed Sep 30 13:02:08 2026 [1;32mDRR[0;m[1;34m <0001> gsm48_rr.c:5562 suspension coplete, leaving dedicated mode[0;m
[1;34mWed Sep 30 13:02:08 2026 [1;32mDRR[0;m[1;34m <0001> gsm48_rr.c:3992 setting indicated TA 0 (actual TA 0)[0;m
[1;34mWed Sep 30 13:02:08 2026 [1;32mDRR[0;m[1;34m <0001> gsm48_rr.c:4003 using last SACCH timeout 32[0;m
[1;34mWed Sep 30 13:02:08 2026 [1;32mDRR[0;m[1;34m <0001> gsm48_rr.c:1050 stopping pending timer T_meas[0;m
[1;34mWed Sep 30 13:02:08 2026 [1;32mDRR[0;m[1;34m <0001> gsm48_rr.c:3885 MEAS REP: pwr=7 TA=0 meas-invalid=1 rxlev-full=-110 rxlev-sub=-110 rxqual-full=0 rxqual-sub=0 dtx 0 ba 1 no-ncell-n 0[0;m
[1;34mWed Sep 30 13:02:08 2026 [1;32mDRR[0;m[1;34m <0001> gsm48_rr.c:4026 establishing channel in dedicated/group mode[0;m
[1;34mWed Sep 30 13:02:08 2026 [1;32mDRR[0;m[1;34m <0001> gsm48_rr.c:4035  Channel type 8, subch 0, ts 2, mode 1, audio-mode 0, flags 0x00, cipher 1[0;m
[1;34mWed Sep 30 13:02:08 2026 [1;32mDRR[0;m[1;34m <0001> gsm48_rr.c:5598 request resume of data link[0;m
[1;34mWed Sep 30 13:02:08 2026 [1;32mDRR[0;m[1;34m <0001> gsm48_rr.c:4720 ASSIGNMENT COMPLETE (cause #0)[0;m
[1;34mWed Sep 30 13:02:08 2026 [1;32mDRR[0;m[1;34m <0001> gsm48_rr.c:5541 data link is resumed[0;m
[1;32mWed Sep 30 13:02:08 2026 [1;32mDMM[0;m[1;32m <0005> gsm48_mm.c:4605 (ms 1) Received 'RR_DATA_IND' from RR in state MM connection active (sapi 0)[0;m
[1;33mWed Sep 30 13:02:08 2026 [1;32mDCC[0;m[1;33m <0006> gsm48_cc.c:2240 (ms 1) Received 'MMCC_DATA_IND' in CC state INITIATED[0;m
[1;33mWed Sep 30 13:02:08 2026 [1;32mDCC[0;m[1;33m <0006> gsm48_cc.c:2194 (ms 1) Received 'CALL_PROC' in CC state INITIATED[0;m
[1;33mWed Sep 30 13:02:08 2026 [1;32mDCC[0;m[1;33m <0006> gsm48_cc.c:681 received CALL PROCEEDING[0;m
[1;33mWed Sep 30 13:02:08 2026 [1;32mDCC[0;m[1;33m <0006> gsm48_cc.c:359 stopping pending timer T303[0;m
[1;33mWed Sep 30 13:02:08 2026 [1;34mDCC[0;m[1;33m <0006> gsm48_cc.c:242 new state INITIATED -> MO_CALL_PROC[0;m
[1;33mWed Sep 30 13:02:08 2026 [1;32mDCC[0;m[1;33m <0006> gsm48_cc.c:195 (ms 1 ti 0) Sending 'MNCC_CALL_PROC_IND' to MNCC.[0;m
[1;34mWed Sep 30 13:02:08 2026 [1;32mDRR[0;m[1;34m <0001> gsm48_rr.c:6317 DL SACCH indicates ta 0 (actual ta 0)[0;m
[1;34mWed Sep 30 13:02:08 2026 [1;32mDRR[0;m[1;34m <0001> gsm48_rr.c:6321 DL SACCH indicates tx_power 7[0;m
[1;34mWed Sep 30 13:02:08 2026 [1;32mDRR[0;m[1;34m <0001> gsm48_rr.c:2940 New SYSTEM INFORMATION 5[0;m
[1;34mWed Sep 30 13:02:08 2026 [1;33mDRR[0;m[1;34m <0001> gsm48_rr.c:2688 Complete set of SI5* for BA(1)[0;m
[1;34mWed Sep 30 13:02:08 2026 [1;33mDRR[0;m[1;34m <0001> gsm48_rr.c:2703 SI5/SI5bis report arfcn 614(DCS) (index 0)[0;m
[38;5;12mWed Sep 30 13:02:09 2026 [1;33mDLLAPD[0;m[38;5;12m <001f> lapd_core.c:1636 (dl=0x596614f6a4b8) N(S) sequence error: N(S)=0, V(R)=1 (state LAPD_STATE_MF_EST)[0;m
[1;32mWed Sep 30 13:02:09 2026 [1;32mDMM[0;m[1;32m <0005> gsm48_mm.c:4605 (ms 1) Received 'RR_DATA_IND' from RR in state MM connection active (sapi 0)[0;m
[1;33mWed Sep 30 13:02:09 2026 [1;32mDCC[0;m[1;33m <0006> gsm48_cc.c:2240 (ms 1) Received 'MMCC_DATA_IND' in CC state MO_CALL_PROC[0;m
[1;33mWed Sep 30 13:02:09 2026 [1;32mDCC[0;m[1;33m <0006> gsm48_cc.c:2194 (ms 1) Received 'ALERTING' in CC state MO_CALL_PROC[0;m
[1;33mWed Sep 30 13:02:09 2026 [1;32mDCC[0;m[1;33m <0006> gsm48_cc.c:741 received ALERTING[0;m
[1;33mWed Sep 30 13:02:09 2026 [1;34mDCC[0;m[1;33m <0006> gsm48_cc.c:242 new state MO_CALL_PROC -> CALL_DELIVERED[0;m
[0;36mWed Sep 30 13:02:09 2026 [1;33mDGAPK[0;m[0;36m <0016> gapk_io.c:397 Initialize GAPK I/O[0;m
[0;36mWed Sep 30 13:02:09 2026 [1;34mDGAPK[0;m[0;36m <0016> gapk_io.c:177 Prepare audio input (capture) chain[0;m
[0;36mWed Sep 30 13:02:09 2026 [1;34mDGAPK[0;m[0;36m <0016> pq_alsa.c:183 PQ 'pq_audio_source': Adding ALSA input (dev='gsm_in', blk_len=320)[0;m
[0;36mWed Sep 30 13:02:09 2026 [1;34mDGAPK[0;m[0;36m <0016> pq_codec.c:81 PQ 'pq_audio_source': Adding codec fr, encoding to format gsm[0;m
[0;36mWed Sep 30 13:02:09 2026 [1;34mDGAPK[0;m[0;36m <0016> pq_format.c:65 PQ 'pq_audio_source': Adding conversion from gsm to canon (for codec fr)[0;m
[0;36mWed Sep 30 13:02:09 2026 [1;34mDGAPK[0;m[0;36m <0016> pq_format.c:59 PQ 'pq_audio_source': Adding conversion from canon to ti-fr (for codec fr)[0;m
[0;36mWed Sep 30 13:02:09 2026 [1;34mDGAPK[0;m[0;36m <0016> gapk_io.c:113 PQ 'pq_audio_source': Adding TCH frame buffer output[0;m
[0;36mWed Sep 30 13:02:09 2026 [1;34mDGAPK[0;m[0;36m <0016> gapk_io.c:224 PQ 'pq_audio_source': chain 'source/alsa -> codec/fr -> format/gsm -> format/ti-fr -> sink/tch_fb' prepared[0;m
[0;36mWed Sep 30 13:02:09 2026 [1;34mDGAPK[0;m[0;36m <0016> gapk_io.c:254 Prepare audio output (playback) chain[0;m
[0;36mWed Sep 30 13:02:09 2026 [1;34mDGAPK[0;m[0;36m <0016> gapk_io.c:113 PQ 'pq_audio_sink': Adding TCH frame buffer input[0;m
[0;36mWed Sep 30 13:02:09 2026 [1;34mDGAPK[0;m[0;36m <0016> pq_format.c:65 PQ 'pq_audio_sink': Adding conversion from ti-fr to canon (for codec fr)[0;m
[0;36mWed Sep 30 13:02:09 2026 [1;34mDGAPK[0;m[0;36m <0016> pq_ecu.c:84 PQ 'pq_audio_sink': Adding ECU for codec 'fr', format 'gsm'[0;m
[0;36mWed Sep 30 13:02:09 2026 [1;34mDGAPK[0;m[0;36m <0016> pq_format.c:59 PQ 'pq_audio_sink': Adding conversion from canon to gsm (for codec fr)[0;m
[0;36mWed Sep 30 13:02:09 2026 [1;34mDGAPK[0;m[0;36m <0016> pq_codec.c:81 PQ 'pq_audio_sink': Adding codec fr, decoding from format gsm[0;m
[0;36mWed Sep 30 13:02:09 2026 [1;34mDGAPK[0;m[0;36m <0016> pq_alsa.c:197 PQ 'pq_audio_sink': Adding ALSA output (dev='gsm_out', blk_len=320)[0;m
[0;36mWed Sep 30 13:02:09 2026 [1;34mDGAPK[0;m[0;36m <0016> gapk_io.c:304 PQ 'pq_audio_sink': chain 'source/tch_fb -> format/ti-fr -> ecu/fr -> format/gsm -> codec/fr -> sink/alsa' prepared[0;m
[0;36mWed Sep 30 13:02:09 2026 [1;33mDGAPK[0;m[0;36m <0016> gapk_io.c:472 GAPK I/O initialized for MS '1', codec 'fr'[0;m
[1;34mWed Sep 30 13:02:09 2026 [1;32mDRR[0;m[1;34m <0001> gsm48_rr.c:7207 setting audio mode to 10[0;m
[1;33mWed Sep 30 13:02:09 2026 [1;32mDCC[0;m[1;33m <0006> gsm48_cc.c:195 (ms 1 ti 0) Sending 'MNCC_ALERT_IND' to MNCC.[0;m
[1;34mWed Sep 30 13:02:09 2026 [1;32mDRR[0;m[1;34m <0001> gsm48_rr.c:835 MON: f=514 lev=>=-47 snr=80 ber= 48 CGI=001-01-1-6001 TA=0 pwr=7 TS=2[0;m
[1;34mWed Sep 30 13:02:09 2026 [1;32mDRR[0;m[1;34m <0001> gsm48_rr.c:3885 MEAS REP: pwr=7 TA=0 meas-invalid=0 rxlev-full=-47 rxlev-sub=-47 rxqual-full=0 rxqual-sub=0 dtx 0 ba 1 no-ncell-n 0[0;m
[1;31mWed Sep 30 13:02:09 2026 [1;33mDL1C[0;m[1;31m <000e> l1ctl.c:268 LOSS counter for ACCH 31[0;m
[1;31mWed Sep 30 13:02:09 2026 [1;33mDL1C[0;m[1;31m <000e> l1ctl.c:278 Dropping frame with 98 bit errors[0;m
[38;5;12mWed Sep 30 13:02:09 2026 [1;33mDLLAPD[0;m[38;5;12m <001f> lapd_core.c:1636 (dl=0x596614f6a4b8) N(S) sequence error: N(S)=1, V(R)=2 (state LAPD_STATE_MF_EST)[0;m
[38;5;12mWed Sep 30 13:02:09 2026 [1;33mDLLAPD[0;m[38;5;12m <001f> lapd_core.c:1636 (dl=0x596614f6a4b8) N(S) sequence error: N(S)=1, V(R)=2 (state LAPD_STATE_MF_EST)[0;m
[1;34mWed Sep 30 13:02:09 2026 [1;32mDRR[0;m[1;34m <0001> gsm48_rr.c:6317 DL SACCH indicates ta 0 (actual ta 0)[0;m
[1;34mWed Sep 30 13:02:09 2026 [1;32mDRR[0;m[1;34m <0001> gsm48_rr.c:6321 DL SACCH indicates tx_power 8[0;m
[1;34mWed Sep 30 13:02:09 2026 [1;32mDRR[0;m[1;34m <0001> gsm48_rr.c:6325 Applying new ta and tx_power[0;m
[1;34mWed Sep 30 13:02:10 2026 [1;32mDRR[0;m[1;34m <0001> gsm48_rr.c:835 MON: f=514 lev=>=-47 snr=81 ber= 53 CGI=001-01-1-6001 TA=0 pwr=8 TS=2[0;m
[1;34mWed Sep 30 13:02:10 2026 [1;32mDRR[0;m[1;34m <0001> gsm48_rr.c:3885 MEAS REP: pwr=8 TA=0 meas-invalid=0 rxlev-full=-47 rxlev-sub=-47 rxqual-full=0 rxqual-sub=0 dtx 0 ba 1 no-ncell-n 0[0;m
[1;34mWed Sep 30 13:02:10 2026 [1;32mDRR[0;m[1;34m <0001> gsm48_rr.c:6317 DL SACCH indicates ta 0 (actual ta 0)[0;m
[1;34mWed Sep 30 13:02:10 2026 [1;32mDRR[0;m[1;34m <0001> gsm48_rr.c:6321 DL SACCH indicates tx_power 8[0;m
[1;34mWed Sep 30 13:02:10 2026 [1;32mDRR[0;m[1;34m <0001> gsm48_rr.c:6317 DL SACCH indicates ta 0 (actual ta 0)[0;m
[1;34mWed Sep 30 13:02:10 2026 [1;32mDRR[0;m[1;34m <0001> gsm48_rr.c:6321 DL SACCH indicates tx_power 8[0;m
[1;34mWed Sep 30 13:02:11 2026 [1;32mDRR[0;m[1;34m <0001> gsm48_rr.c:835 MON: f=514 lev=>=-47 snr=79 ber= 33 CGI=001-01-1-6001 TA=0 pwr=8 TS=2[0;m
[1;34mWed Sep 30 13:02:11 2026 [1;32mDRR[0;m[1;34m <0001> gsm48_rr.c:3885 MEAS REP: pwr=8 TA=0 meas-invalid=0 rxlev-full=-47 rxlev-sub=-47 rxqual-full=0 rxqual-sub=0 dtx 0 ba 1 no-ncell-n 0[0;m
[1;34mWed Sep 30 13:02:11 2026 [1;32mDRR[0;m[1;34m <0001> gsm48_rr.c:6317 DL SACCH indicates ta 0 (actual ta 0)[0;m
[1;34mWed Sep 30 13:02:11 2026 [1;32mDRR[0;m[1;34m <0001> gsm48_rr.c:6321 DL SACCH indicates tx_power 8[0;m
[1;34mWed Sep 30 13:02:11 2026 [1;32mDRR[0;m[1;34m <0001> gsm48_rr.c:6317 DL SACCH indicates ta 0 (actual ta 0)[0;m
[1;34mWed Sep 30 13:02:11 2026 [1;32mDRR[0;m[1;34m <0001> gsm48_rr.c:6321 DL SACCH indicates tx_power 9[0;m
[1;34mWed Sep 30 13:02:11 2026 [1;32mDRR[0;m[1;34m <0001> gsm48_rr.c:6325 Applying new ta and tx_power[0;m
[1;34mWed Sep 30 13:02:12 2026 [1;32mDRR[0;m[1;34m <0001> gsm48_rr.c:6317 DL SACCH indicates ta 0 (actual ta 0)[0;m
[1;34mWed Sep 30 13:02:12 2026 [1;32mDRR[0;m[1;34m <0001> gsm48_rr.c:6321 DL SACCH indicates tx_power 9[0;m
[1;34mWed Sep 30 13:02:12 2026 [1;32mDRR[0;m[1;34m <0001> gsm48_rr.c:835 MON: f=514 lev=>=-47 snr=83 ber= 40 CGI=001-01-1-6001 TA=0 pwr=9 TS=2[0;m
[1;34mWed Sep 30 13:02:12 2026 [1;32mDRR[0;m[1;34m <0001> gsm48_rr.c:3885 MEAS REP: pwr=9 TA=0 meas-invalid=0 rxlev-full=-47 rxlev-sub=-47 rxqual-full=0 rxqual-sub=0 dtx 0 ba 1 no-ncell-n 0[0;m
[1;34mWed Sep 30 13:02:12 2026 [1;32mDRR[0;m[1;34m <0001> gsm48_rr.c:6317 DL SACCH indicates ta 0 (actual ta 0)[0;m
[1;34mWed Sep 30 13:02:12 2026 [1;32mDRR[0;m[1;34m <0001> gsm48_rr.c:6321 DL SACCH indicates tx_power 9[0;m
[1;34mWed Sep 30 13:02:13 2026 [1;32mDRR[0;m[1;34m <0001> gsm48_rr.c:6317 DL SACCH indicates ta 0 (actual ta 0)[0;m
[1;34mWed Sep 30 13:02:13 2026 [1;32mDRR[0;m[1;34m <0001> gsm48_rr.c:6321 DL SACCH indicates tx_power 9[0;m
[1;34mWed Sep 30 13:02:13 2026 [1;32mDRR[0;m[1;34m <0001> gsm48_rr.c:835 MON: f=514 lev=>=-47 snr=81 ber= 37 CGI=001-01-1-6001 TA=0 pwr=9 TS=2[0;m
[1;34mWed Sep 30 13:02:13 2026 [1;32mDRR[0;m[1;34m <0001> gsm48_rr.c:3885 MEAS REP: pwr=9 TA=0 meas-invalid=0 rxlev-full=-47 rxlev-sub=-47 rxqual-full=0 rxqual-sub=0 dtx 0 ba 1 no-ncell-n 0[0;m
[1;34mWed Sep 30 13:02:13 2026 [1;32mDRR[0;m[1;34m <0001> gsm48_rr.c:6317 DL SACCH indicates ta 0 (actual ta 0)[0;m
[1;34mWed Sep 30 13:02:13 2026 [1;32mDRR[0;m[1;34m <0001> gsm48_rr.c:6321 DL SACCH indicates tx_power 10[0;m
[1;34mWed Sep 30 13:02:13 2026 [1;32mDRR[0;m[1;34m <0001> gsm48_rr.c:6325 Applying new ta and tx_power[0;m
[1;34mWed Sep 30 13:02:14 2026 [1;32mDRR[0;m[1;34m <0001> gsm48_rr.c:6317 DL SACCH indicates ta 0 (actual ta 0)[0;m
[1;34mWed Sep 30 13:02:14 2026 [1;32mDRR[0;m[1;34m <0001> gsm48_rr.c:6321 DL SACCH indicates tx_power 10[0;m
[1;34mWed Sep 30 13:02:14 2026 [1;32mDRR[0;m[1;34m <0001> gsm48_rr.c:835 MON: f=514 lev=>=-47 snr=85 ber= 32 CGI=001-01-1-6001 TA=0 pwr=10 TS=2[0;m
[1;34mWed Sep 30 13:02:14 2026 [1;32mDRR[0;m[1;34m <0001> gsm48_rr.c:3885 MEAS REP: pwr=10 TA=0 meas-invalid=0 rxlev-full=-47 rxlev-sub=-47 rxqual-full=0 rxqual-sub=0 dtx 0 ba 1 no-ncell-n 0[0;m
[1;34mWed Sep 30 13:02:14 2026 [1;32mDRR[0;m[1;34m <0001> gsm48_rr.c:6317 DL SACCH indicates ta 0 (actual ta 0)[0;m
[1;34mWed Sep 30 13:02:14 2026 [1;32mDRR[0;m[1;34m <0001> gsm48_rr.c:6321 DL SACCH indicates tx_power 10[0;m
[1;32mWed Sep 30 13:02:14 2026 [1;32mDMM[0;m[1;32m <0005> gsm48_mm.c:4605 (ms 1) Received 'RR_DATA_IND' from RR in state MM connection active (sapi 0)[0;m
[1;33mWed Sep 30 13:02:14 2026 [1;32mDCC[0;m[1;33m <0006> gsm48_cc.c:2240 (ms 1) Received 'MMCC_DATA_IND' in CC state CALL_DELIVERED[0;m
[1;33mWed Sep 30 13:02:14 2026 [1;32mDCC[0;m[1;33m <0006> gsm48_cc.c:2194 (ms 1) Received 'CONNECT' in CC state CALL_DELIVERED[0;m
[1;33mWed Sep 30 13:02:14 2026 [1;32mDCC[0;m[1;33m <0006> gsm48_cc.c:786 received CONNECT[0;m
[1;33mWed Sep 30 13:02:14 2026 [1;32mDCC[0;m[1;33m <0006> gsm48_cc.c:834 sending CONNECT ACKNOWLEDGE[0;m
[1;33mWed Sep 30 13:02:14 2026 [1;34mDCC[0;m[1;33m <0006> gsm48_cc.c:242 new state CALL_DELIVERED -> ACTIVE[0;m
[1;33mWed Sep 30 13:02:14 2026 [1;32mDCC[0;m[1;33m <0006> gsm48_cc.c:179 Sending 'CONNECT_ACK' using MMCC_DATA_REQ (callref=3, transaction_id=0)[0;m
[1;32mWed Sep 30 13:02:14 2026 [1;32mDMM[0;m[1;32m <0005> gsm48_mm.c:4460 (ms 1) Received 'MMCC_DATA_REQ' event in state MM connection active[0;m
[1;32mWed Sep 30 13:02:14 2026 [1;32mDMM[0;m[1;32m <0005> gsm48_mm.c:4466 -> callref 3, transaction_id 0[0;m
[1;34mWed Sep 30 13:02:14 2026 [1;32mDRR[0;m[1;34m <0001> gsm48_rr.c:7026 (ms 1) Message 'RR_DATA_REQ' received in state dedicated (sapi 0)[0;m
[1;34mWed Sep 30 13:02:14 2026 [1;32mDRR[0;m[1;34m <0001> gsm48_rr.c:289 Using and incrementing V(SD) = 1 (pdisc 5)[0;m
[1;33mWed Sep 30 13:02:14 2026 [1;32mDCC[0;m[1;33m <0006> gsm48_cc.c:195 (ms 1 ti 0) Sending 'MNCC_SETUP_CNF' to MNCC.[0;m
[38;5;12mWed Sep 30 13:02:15 2026 [1;33mDLLAPD[0;m[38;5;12m <001f> lapd_core.c:1636 (dl=0x596614f6a4b8) N(S) sequence error: N(S)=2, V(R)=3 (state LAPD_STATE_MF_EST)[0;m
[1;34mWed Sep 30 13:02:15 2026 [1;32mDRR[0;m[1;34m <0001> gsm48_rr.c:6317 DL SACCH indicates ta 0 (actual ta 0)[0;m
[1;34mWed Sep 30 13:02:15 2026 [1;32mDRR[0;m[1;34m <0001> gsm48_rr.c:6321 DL SACCH indicates tx_power 10[0;m
[1;34mWed Sep 30 13:02:15 2026 [1;32mDRR[0;m[1;34m <0001> gsm48_rr.c:835 MON: f=514 lev=>=-47 snr=80 ber= 46 CGI=001-01-1-6001 TA=0 pwr=10 TS=2[0;m
[1;34mWed Sep 30 13:02:15 2026 [1;32mDRR[0;m[1;34m <0001> gsm48_rr.c:3885 MEAS REP: pwr=10 TA=0 meas-invalid=0 rxlev-full=-47 rxlev-sub=-47 rxqual-full=0 rxqual-sub=0 dtx 0 ba 1 no-ncell-n 0[0;m
[1;34mWed Sep 30 13:02:15 2026 [1;32mDRR[0;m[1;34m <0001> gsm48_rr.c:6317 DL SACCH indicates ta 0 (actual ta 0)[0;m
[1;34mWed Sep 30 13:02:15 2026 [1;32mDRR[0;m[1;34m <0001> gsm48_rr.c:6321 DL SACCH indicates tx_power 11[0;m
[1;34mWed Sep 30 13:02:15 2026 [1;32mDRR[0;m[1;34m <0001> gsm48_rr.c:6325 Applying new ta and tx_power[0;m
[1;34mWed Sep 30 13:02:16 2026 [1;32mDRR[0;m[1;34m <0001> gsm48_rr.c:6317 DL SACCH indicates ta 0 (actual ta 0)[0;m
[1;34mWed Sep 30 13:02:16 2026 [1;32mDRR[0;m[1;34m <0001> gsm48_rr.c:6321 DL SACCH indicates tx_power 11[0;m
[1;34mWed Sep 30 13:02:16 2026 [1;32mDRR[0;m[1;34m <0001> gsm48_rr.c:835 MON: f=514 lev=>=-47 snr=81 ber= 36 CGI=001-01-1-6001 TA=0 pwr=11 TS=2[0;m
[1;34mWed Sep 30 13:02:16 2026 [1;32mDRR[0;m[1;34m <0001> gsm48_rr.c:3885 MEAS REP: pwr=11 TA=0 meas-invalid=0 rxlev-full=-47 rxlev-sub=-47 rxqual-full=0 rxqual-sub=0 dtx 0 ba 1 no-ncell-n 0[0;m
[1;34mWed Sep 30 13:02:16 2026 [1;32mDRR[0;m[1;34m <0001> gsm48_rr.c:6317 DL SACCH indicates ta 0 (actual ta 0)[0;m
[1;34mWed Sep 30 13:02:16 2026 [1;32mDRR[0;m[1;34m <0001> gsm48_rr.c:6321 DL SACCH indicates tx_power 11[0;m
[1;34mWed Sep 30 13:02:17 2026 [1;32mDRR[0;m[1;34m <0001> gsm48_rr.c:6317 DL SACCH indicates ta 0 (actual ta 0)[0;m
[1;34mWed Sep 30 13:02:17 2026 [1;32mDRR[0;m[1;34m <0001> gsm48_rr.c:6321 DL SACCH indicates tx_power 11[0;m
[1;34mWed Sep 30 13:02:17 2026 [1;32mDRR[0;m[1;34m <0001> gsm48_rr.c:835 MON: f=514 lev=>=-47 snr=83 ber= 36 CGI=001-01-1-6001 TA=0 pwr=11 TS=2[0;m
[1;34mWed Sep 30 13:02:17 2026 [1;32mDRR[0;m[1;34m <0001> gsm48_rr.c:3885 MEAS REP: pwr=11 TA=0 meas-invalid=0 rxlev-full=-47 rxlev-sub=-47 rxqual-full=0 rxqual-sub=0 dtx 0 ba 1 no-ncell-n 0[0;m
[1;34mWed Sep 30 13:02:17 2026 [1;32mDRR[0;m[1;34m <0001> gsm48_rr.c:6317 DL SACCH indicates ta 0 (actual ta 0)[0;m
[1;34mWed Sep 30 13:02:17 2026 [1;32mDRR[0;m[1;34m <0001> gsm48_rr.c:6321 DL SACCH indicates tx_power 11[0;m
[1;34mWed Sep 30 13:02:18 2026 [1;32mDRR[0;m[1;34m <0001> gsm48_rr.c:6317 DL SACCH indicates ta 0 (actual ta 0)[0;m
[1;34mWed Sep 30 13:02:18 2026 [1;32mDRR[0;m[1;34m <0001> gsm48_rr.c:6321 DL SACCH indicates tx_power 11[0;m
[1;34mWed Sep 30 13:02:18 2026 [1;32mDRR[0;m[1;34m <0001> gsm48_rr.c:835 MON: f=514 lev=>=-47 snr=84 ber= 36 CGI=001-01-1-6001 TA=0 pwr=11 TS=2[0;m
[1;34mWed Sep 30 13:02:18 2026 [1;32mDRR[0;m[1;34m <0001> gsm48_rr.c:3885 MEAS REP: pwr=11 TA=0 meas-invalid=0 rxlev-full=-47 rxlev-sub=-47 rxqual-full=0 rxqual-sub=0 dtx 0 ba 1 no-ncell-n 0[0;m
[1;34mWed Sep 30 13:02:18 2026 [1;32mDRR[0;m[1;34m <0001> gsm48_rr.c:6317 DL SACCH indicates ta 0 (actual ta 0)[0;m
[1;34mWed Sep 30 13:02:18 2026 [1;32mDRR[0;m[1;34m <0001> gsm48_rr.c:6321 DL SACCH indicates tx_power 11[0;m
[1;34mWed Sep 30 13:02:19 2026 [1;32mDRR[0;m[1;34m <0001> gsm48_rr.c:6317 DL SACCH indicates ta 0 (actual ta 0)[0;m
[1;34mWed Sep 30 13:02:19 2026 [1;32mDRR[0;m[1;34m <0001> gsm48_rr.c:6321 DL SACCH indicates tx_power 11[0;m
[1;34mWed Sep 30 13:02:19 2026 [1;32mDRR[0;m[1;34m <0001> gsm48_rr.c:835 MON: f=514 lev=>=-47 snr=81 ber= 36 CGI=001-01-1-6001 TA=0 pwr=11 TS=2[0;m
[1;34mWed Sep 30 13:02:19 2026 [1;32mDRR[0;m[1;34m <0001> gsm48_rr.c:3885 MEAS REP: pwr=11 TA=0 meas-invalid=0 rxlev-full=-47 rxlev-sub=-47 rxqual-full=0 rxqual-sub=0 dtx 0 ba 1 no-ncell-n 0[0;m
[1;34mWed Sep 30 13:02:19 2026 [1;32mDRR[0;m[1;34m <0001> gsm48_rr.c:6317 DL SACCH indicates ta 0 (actual ta 0)[0;m
[1;34mWed Sep 30 13:02:19 2026 [1;32mDRR[0;m[1;34m <0001> gsm48_rr.c:6321 DL SACCH indicates tx_power 12[0;m
[1;34mWed Sep 30 13:02:19 2026 [1;32mDRR[0;m[1;34m <0001> gsm48_rr.c:6325 Applying new ta and tx_power[0;m
[1;34mWed Sep 30 13:02:19 2026 [1;32mDRR[0;m[1;34m <0001> gsm48_rr.c:6317 DL SACCH indicates ta 0 (actual ta 0)[0;m
[1;34mWed Sep 30 13:02:19 2026 [1;32mDRR[0;m[1;34m <0001> gsm48_rr.c:6321 DL SACCH indicates tx_power 12[0;m
[1;34mWed Sep 30 13:02:20 2026 [1;32mDRR[0;m[1;34m <0001> gsm48_rr.c:835 MON: f=514 lev=>=-47 snr=80 ber= 32 CGI=001-01-1-6001 TA=0 pwr=12 TS=2[0;m
[1;34mWed Sep 30 13:02:20 2026 [1;32mDRR[0;m[1;34m <0001> gsm48_rr.c:3885 MEAS REP: pwr=12 TA=0 meas-invalid=0 rxlev-full=-47 rxlev-sub=-47 rxqual-full=0 rxqual-sub=0 dtx 0 ba 1 no-ncell-n 0[0;m
[1;34mWed Sep 30 13:02:20 2026 [1;32mDRR[0;m[1;34m <0001> gsm48_rr.c:6317 DL SACCH indicates ta 0 (actual ta 0)[0;m
[1;34mWed Sep 30 13:02:20 2026 [1;32mDRR[0;m[1;34m <0001> gsm48_rr.c:6321 DL SACCH indicates tx_power 12[0;m
[1;34mWed Sep 30 13:02:20 2026 [1;32mDRR[0;m[1;34m <0001> gsm48_rr.c:6317 DL SACCH indicates ta 0 (actual ta 0)[0;m
[1;34mWed Sep 30 13:02:20 2026 [1;32mDRR[0;m[1;34m <0001> gsm48_rr.c:6321 DL SACCH indicates tx_power 12[0;m
[1;34mWed Sep 30 13:02:21 2026 [1;32mDRR[0;m[1;34m <0001> gsm48_rr.c:835 MON: f=514 lev=>=-47 snr=74 ber= 32 CGI=001-01-1-6001 TA=0 pwr=12 TS=2[0;m
[1;34mWed Sep 30 13:02:21 2026 [1;32mDRR[0;m[1;34m <0001> gsm48_rr.c:3885 MEAS REP: pwr=12 TA=0 meas-invalid=0 rxlev-full=-47 rxlev-sub=-47 rxqual-full=0 rxqual-sub=0 dtx 0 ba 1 no-ncell-n 0[0;m
[1;34mWed Sep 30 13:02:21 2026 [1;32mDRR[0;m[1;34m <0001> gsm48_rr.c:6317 DL SACCH indicates ta 0 (actual ta 0)[0;m
[1;34mWed Sep 30 13:02:21 2026 [1;32mDRR[0;m[1;34m <0001> gsm48_rr.c:6321 DL SACCH indicates tx_power 12[0;m
[1;34mWed Sep 30 13:02:21 2026 [1;32mDRR[0;m[1;34m <0001> gsm48_rr.c:6317 DL SACCH indicates ta 0 (actual ta 0)[0;m
[1;34mWed Sep 30 13:02:21 2026 [1;32mDRR[0;m[1;34m <0001> gsm48_rr.c:6321 DL SACCH indicates tx_power 12[0;m
[1;34mWed Sep 30 13:02:22 2026 [1;32mDRR[0;m[1;34m <0001> gsm48_rr.c:835 MON: f=514 lev=>=-47 snr=82 ber= 32 CGI=001-01-1-6001 TA=0 pwr=12 TS=2[0;m
[1;34mWed Sep 30 13:02:22 2026 [1;32mDRR[0;m[1;34m <0001> gsm48_rr.c:3885 MEAS REP: pwr=12 TA=0 meas-invalid=0 rxlev-full=-47 rxlev-sub=-47 rxqual-full=0 rxqual-sub=0 dtx 0 ba 1 no-ncell-n 0[0;m
[1;34mWed Sep 30 13:02:22 2026 [1;32mDRR[0;m[1;34m <0001> gsm48_rr.c:6317 DL SACCH indicates ta 0 (actual ta 0)[0;m
[1;34mWed Sep 30 13:02:22 2026 [1;32mDRR[0;m[1;34m <0001> gsm48_rr.c:6321 DL SACCH indicates tx_power 12[0;m
[1;34mWed Sep 30 13:02:22 2026 [1;32mDRR[0;m[1;34m <0001> gsm48_rr.c:6317 DL SACCH indicates ta 0 (actual ta 0)[0;m
[1;34mWed Sep 30 13:02:22 2026 [1;32mDRR[0;m[1;34m <0001> gsm48_rr.c:6321 DL SACCH indicates tx_power 12[0;m
[1;33mWed Sep 30 13:02:22 2026 [1;32mDCC[0;m[1;33m <0006> gsm48_cc.c:1596 sending DISCONNECT[0;m
[1;33mWed Sep 30 13:02:22 2026 [1;32mDCC[0;m[1;33m <0006> gsm48_cc.c:347 starting timer T305 with 30 seconds[0;m
[1;33mWed Sep 30 13:02:22 2026 [1;34mDCC[0;m[1;33m <0006> gsm48_cc.c:242 new state ACTIVE -> DISCONNECT_IND[0;m
[1;33mWed Sep 30 13:02:22 2026 [1;32mDCC[0;m[1;33m <0006> gsm48_cc.c:179 Sending 'DISCONNECT' using MMCC_DATA_REQ (callref=3, transaction_id=0)[0;m
[1;32mWed Sep 30 13:02:22 2026 [1;32mDMM[0;m[1;32m <0005> gsm48_mm.c:4460 (ms 1) Received 'MMCC_DATA_REQ' event in state MM connection active[0;m
[1;32mWed Sep 30 13:02:22 2026 [1;32mDMM[0;m[1;32m <0005> gsm48_mm.c:4466 -> callref 3, transaction_id 0[0;m
[1;34mWed Sep 30 13:02:22 2026 [1;32mDRR[0;m[1;34m <0001> gsm48_rr.c:7026 (ms 1) Message 'RR_DATA_REQ' received in state dedicated (sapi 0)[0;m
[1;34mWed Sep 30 13:02:22 2026 [1;32mDRR[0;m[1;34m <0001> gsm48_rr.c:289 Using and incrementing V(SD) = 0 (pdisc 5)[0;m
[1;32mWed Sep 30 13:02:23 2026 [1;32mDMM[0;m[1;32m <0005> gsm48_mm.c:4605 (ms 1) Received 'RR_DATA_IND' from RR in state MM connection active (sapi 0)[0;m
[1;33mWed Sep 30 13:02:23 2026 [1;32mDCC[0;m[1;33m <0006> gsm48_cc.c:2240 (ms 1) Received 'MMCC_DATA_IND' in CC state DISCONNECT_IND[0;m
[1;33mWed Sep 30 13:02:23 2026 [1;32mDCC[0;m[1;33m <0006> gsm48_cc.c:2194 (ms 1) Received 'RELEASE' in CC state DISCONNECT_IND[0;m
[1;33mWed Sep 30 13:02:23 2026 [1;32mDCC[0;m[1;33m <0006> gsm48_cc.c:1784 received RELEASE[0;m
[1;33mWed Sep 30 13:02:23 2026 [1;32mDCC[0;m[1;33m <0006> gsm48_cc.c:359 stopping pending timer T305[0;m
[1;33mWed Sep 30 13:02:23 2026 [1;32mDCC[0;m[1;33m <0006> gsm48_cc.c:1827 sending RELEASE COMPLETE[0;m
[1;33mWed Sep 30 13:02:23 2026 [1;32mDCC[0;m[1;33m <0006> gsm48_cc.c:179 Sending 'RELEASE_COMPL' using MMCC_DATA_REQ (callref=3, transaction_id=0)[0;m
[1;32mWed Sep 30 13:02:23 2026 [1;32mDMM[0;m[1;32m <0005> gsm48_mm.c:4460 (ms 1) Received 'MMCC_DATA_REQ' event in state MM connection active[0;m
[1;32mWed Sep 30 13:02:23 2026 [1;32mDMM[0;m[1;32m <0005> gsm48_mm.c:4466 -> callref 3, transaction_id 0[0;m
[1;34mWed Sep 30 13:02:23 2026 [1;32mDRR[0;m[1;34m <0001> gsm48_rr.c:7026 (ms 1) Message 'RR_DATA_REQ' received in state dedicated (sapi 0)[0;m
[1;34mWed Sep 30 13:02:23 2026 [1;32mDRR[0;m[1;34m <0001> gsm48_rr.c:289 Using and incrementing V(SD) = 1 (pdisc 5)[0;m
[1;33mWed Sep 30 13:02:23 2026 [1;32mDCC[0;m[1;33m <0006> gsm48_cc.c:195 (ms 1 ti 0) Sending 'MNCC_REL_IND' to MNCC.[0;m
[1;33mWed Sep 30 13:02:23 2026 [1;32mDCC[0;m[1;33m <0006> gsm48_cc.c:415 Sending MMCC_REL_REQ[0;m
[1;32mWed Sep 30 13:02:23 2026 [1;32mDMM[0;m[1;32m <0005> gsm48_mm.c:4460 (ms 1) Received 'MMCC_REL_REQ' event in state MM connection active[0;m
[1;32mWed Sep 30 13:02:23 2026 [1;32mDMM[0;m[1;32m <0005> gsm48_mm.c:4466 -> callref 3, transaction_id 0[0;m
[1;32mWed Sep 30 13:02:23 2026 [1;32mDMM[0;m[1;32m <0005> gsm48_mm.c:1630 Freeing MM Connection[0;m
[1;32mWed Sep 30 13:02:23 2026 [1;32mDMM[0;m[1;32m <0005> gsm48_mm.c:1549 (ref 0x3 proto 3) new state DEDICATED -> IDLE[0;m
[1;32mWed Sep 30 13:02:23 2026 [1;32mDMM[0;m[1;32m <0005> gsm48_mm.c:560 starting T3240 (RR release timeout) with 10.0 seconds[0;m
[1;32mWed Sep 30 13:02:23 2026 [1;32mDMM[0;m[1;32m <0005> gsm48_mm.c:1066 new state MM connection active -> wait for network command[0;m
[1;33mWed Sep 30 13:02:23 2026 [1;34mDCC[0;m[1;33m <0006> gsm48_cc.c:242 new state DISCONNECT_IND -> NULL[0;m
[1;33mWed Sep 30 13:02:23 2026 [1;34mDCC[0;m[1;33m <0006> transaction.c:108 ms 1 frees transaction (mem 0x596614f687c0)[0;m
[38;5;12mWed Sep 30 13:02:23 2026 [1;33mDLLAPD[0;m[38;5;12m <001f> lapd_core.c:1636 (dl=0x596614f6a4b8) N(S) sequence error: N(S)=3, V(R)=4 (state LAPD_STATE_MF_EST)[0;m
[1;34mWed Sep 30 13:02:23 2026 [1;32mDRR[0;m[1;34m <0001> gsm48_rr.c:835 MON: f=514 lev=>=-47 snr=81 ber= 41 CGI=001-01-1-6001 TA=0 pwr=12 TS=2[0;m
[1;34mWed Sep 30 13:02:23 2026 [1;32mDRR[0;m[1;34m <0001> gsm48_rr.c:3885 MEAS REP: pwr=12 TA=0 meas-invalid=0 rxlev-full=-47 rxlev-sub=-47 rxqual-full=0 rxqual-sub=0 dtx 0 ba 1 no-ncell-n 0[0;m
[1;31mWed Sep 30 13:02:23 2026 [1;33mDL1C[0;m[1;31m <000e> l1ctl.c:268 LOSS counter for ACCH 31[0;m
[1;31mWed Sep 30 13:02:23 2026 [1;33mDL1C[0;m[1;31m <000e> l1ctl.c:278 Dropping frame with 90 bit errors[0;m
[1;34mWed Sep 30 13:02:23 2026 [1;32mDRR[0;m[1;34m <0001> gsm48_rr.c:4432 channel release request with cause 0x00[0;m
[1;34mWed Sep 30 13:02:23 2026 [1;32mDRR[0;m[1;34m <0001> gsm48_rr.c:475 new state dedicated -> release pending[0;m
[1;34mWed Sep 30 13:02:23 2026 [1;32mDRR[0;m[1;34m <0001> gsm48_rr.c:995 starting T3110 with 1.500 seconds[0;m
[38;5;12mWed Sep 30 13:02:23 2026 [1;33mDLLAPD[0;m[38;5;12m <001f> lapd_core.c:1629 (dl=0x596614f6a4b8) I frame ignored in state LAPD_STATE_DISC_SENT[0;m
[1;34mWed Sep 30 13:02:23 2026 [1;32mDRR[0;m[1;34m <0001> gsm48_rr.c:1074 stopping pending timer T3110[0;m
[1;34mWed Sep 30 13:02:23 2026 [1;32mDRR[0;m[1;34m <0001> gsm48_rr.c:475 new state release pending -> idle[0;m
[1;34mWed Sep 30 13:02:23 2026 [1;32mDRR[0;m[1;34m <0001> gsm48_rr.c:498 Returning to IDLE mode.[0;m
[1;32mWed Sep 30 13:02:23 2026 [1;32mDMM[0;m[1;32m <0005> gsm48_mm.c:4605 (ms 1) Received 'RR_REL_IND' from RR in state wait for network command (sapi 0)[0;m
[1;32mWed Sep 30 13:02:23 2026 [1;32mDMM[0;m[1;32m <0005> gsm48_mm.c:624 stopping pending (RR release timeout) timer T3240[0;m
[1;32mWed Sep 30 13:02:23 2026 [1;32mDMM[0;m[1;32m <0005> gsm48_mm.c:1254 Not camping, wait for CS process to camp, it sends us CELL_SELECTED then.[0;m
[1;34mWed Sep 30 13:02:23 2026 [1;32mDRR[0;m[1;34m <0001> gsm322.c:2929 using DSC of 90[0;m
[1;34mWed Sep 30 13:02:24 2026 [1;32mDRR[0;m[1;34m <0001> gsm48_rr.c:3100 New SYSTEM INFORMATION 13 (EGPRS, RAC 0x00, NCO 0, MNO 1)[0;m
[1;34mWed Sep 30 13:02:24 2026 [1;32mDRR[0;m[1;34m <0001> gsm48_rr.c:2787 New SYSTEM INFORMATION 2[0;m
[1;34mWed Sep 30 13:02:24 2026 [1;32mDRR[0;m[1;34m <0001> sysinfo.c:947 New SYSTEM INFORMATION 3 (lai=001-01-1)[0;m
[1;34mWed Sep 30 13:02:24 2026 [1;33mDRR[0;m[1;34m <0001> gsm48_rr.c:2878 Changing CCCH_MODE to 2[0;m
[1;34mWed Sep 30 13:02:24 2026 [1;32mDRR[0;m[1;34m <0001> gsm48_rr.c:2910 New SYSTEM INFORMATION 4 (lai=001-01-1)[0;m
[1;34mWed Sep 30 13:02:25 2026 [1;33mDRR[0;m[1;34m <0001> sysinfo.c:860 Now updating previously received SYSTEM INFORMATION 4[0;m
[1;34mWed Sep 30 13:02:25 2026 [1;32mDRR[0;m[1;34m <0001> gsm48_rr.c:2758 New SYSTEM INFORMATION 1[0;m
[1;32mWed Sep 30 13:02:25 2026 [1;32mDMM[0;m[1;32m <0005> gsm48_mm.c:5063 (ms 1) Received 'MM_EVENT_CELL_SELECTED' event in state wait for network command[0;m
[1;32mWed Sep 30 13:02:25 2026 [1;32mDMM[0;m[1;32m <0005> gsm48_mm.c:1293 We are in registered LAI as returning to MM IDLE[0;m
[1;32mWed Sep 30 13:02:25 2026 [1;32mDMM[0;m[1;32m <0005> gsm48_mm.c:1061 new state wait for network command -> MM IDLE, normal service[0;m
[1;32mWed Sep 30 13:02:25 2026 [1;32mDMM[0;m[1;32m <0005> gsm48_mm.c:524 starting T3212 (periodic loc. upd. delay) with 1800 seconds[0;m
[1;34mWed Sep 30 13:02:25 2026 [1;32mDRR[0;m[1;34m <0001> gsm322.c:2929 using DSC of 90[0;m
[1;34mWed Sep 30 13:02:25 2026 [1;32mDRR[0;m[1;34m <0001> gsm48_rr.c:835 MON: f=514 lev=>=-47 snr=83 ber= 42 CGI=001-01-1-6001[0;m
[1;34mWed Sep 30 13:02:26 2026 [1;32mDRR[0;m[1;34m <0001> gsm48_rr.c:835 MON: f=514 lev=>=-47 snr=83 ber= 48 CGI=001-01-1-6001[0;m
[1;34mWed Sep 30 13:02:27 2026 [1;32mDRR[0;m[1;34m <0001> gsm48_rr.c:835 MON: f=514 lev=>=-47 snr=83 ber= 47 CGI=001-01-1-6001[0;m
[1;34mWed Sep 30 13:02:28 2026 [1;32mDRR[0;m[1;34m <0001> gsm48_rr.c:835 MON: f=514 lev=>=-47 snr=83 ber= 48 CGI=001-01-1-6001[0;m
[1;31mWed Sep 30 13:02:29 2026 [1;31mDL1C[0;m[1;31m <000e> l1ctl.c:141 FBSB RESP: result=255[0;m
[1;34mWed Sep 30 13:02:29 2026 [1;32mDRR[0;m[1;34m <0001> gsm322.c:2929 using DSC of 90[0;m
[1;34mWed Sep 30 13:02:29 2026 [1;32mDRR[0;m[1;34m <0001> gsm48_rr.c:2910 New SYSTEM INFORMATION 4 (lai=001-01-1)[0;m
[1;34mWed Sep 30 13:02:29 2026 [1;32mDRR[0;m[1;34m <0001> gsm322.c:2929 using DSC of 90[0;m
[1;34mWed Sep 30 13:02:30 2026 [1;32mDRR[0;m[1;34m <0001> gsm48_rr.c:835 MON: f=514 lev=>=-47 snr=83 ber= 47 CGI=001-01-1-6001[0;m
[1;34mWed Sep 30 13:02:31 2026 [1;32mDRR[0;m[1;34m <0001> gsm48_rr.c:835 MON: f=514 lev=>=-47 snr=83 ber= 47 CGI=001-01-1-6001[0;m
[1;34mWed Sep 30 13:02:32 2026 [1;32mDRR[0;m[1;34m <0001> gsm48_rr.c:835 MON: f=514 lev=>=-47 snr=83 ber= 48 CGI=001-01-1-6001[0;m
[1;34mWed Sep 30 13:02:33 2026 [1;32mDRR[0;m[1;34m <0001> gsm48_rr.c:835 MON: f=514 lev=>=-47 snr=83 ber= 48 CGI=001-01-1-6001[0;m
[1;34mWed Sep 30 13:02:34 2026 [1;32mDRR[0;m[1;34m <0001> gsm48_rr.c:835 MON: f=514 lev=>=-47 snr=83 ber= 48 CGI=001-01-1-6001[0;m
[1;34mWed Sep 30 13:02:35 2026 [1;32mDRR[0;m[1;34m <0001> gsm48_rr.c:835 MON: f=514 lev=>=-47 snr=83 ber= 47 CGI=001-01-1-6001[0;m
[1;34mWed Sep 30 13:02:36 2026 [1;32mDRR[0;m[1;34m <0001> gsm48_rr.c:835 MON: f=514 lev=>=-47 snr=83 ber= 48 CGI=001-01-1-6001[0;m
[1;34mWed Sep 30 13:02:37 2026 [1;32mDRR[0;m[1;34m <0001> gsm48_rr.c:835 MON: f=514 lev=>=-47 snr=83 ber= 47 CGI=001-01-1-6001[0;m
[1;34mWed Sep 30 13:02:38 2026 [1;32mDRR[0;m[1;34m <0001> gsm48_rr.c:835 MON: f=514 lev=>=-47 snr=83 ber= 48 CGI=001-01-1-6001[0;m
[1;34mWed Sep 30 13:02:39 2026 [1;32mDRR[0;m[1;34m <0001> gsm48_rr.c:835 MON: f=514 lev=>=-47 snr=83 ber= 48 CGI=001-01-1-6001[0;m
[1;34mWed Sep 30 13:02:40 2026 [1;32mDRR[0;m[1;34m <0001> gsm48_rr.c:835 MON: f=514 lev=>=-47 snr=83 ber= 46 CGI=001-01-1-6001[0;m
[1;34mWed Sep 30 13:02:41 2026 [1;32mDRR[0;m[1;34m <0001> gsm48_rr.c:835 MON: f=514 lev=>=-47 snr=83 ber= 49 CGI=001-01-1-6001[0;m
[1;34mWed Sep 30 13:02:42 2026 [1;32mDRR[0;m[1;34m <0001> gsm48_rr.c:835 MON: f=514 lev=>=-47 snr=83 ber= 48 CGI=001-01-1-6001[0;m
[1;34mWed Sep 30 13:02:43 2026 [1;32mDRR[0;m[1;34m <0001> gsm48_rr.c:835 MON: f=514 lev=>=-47 snr=83 ber= 48 CGI=001-01-1-6001[0;m
[1;34mWed Sep 30 13:02:44 2026 [1;32mDRR[0;m[1;34m <0001> gsm48_rr.c:835 MON: f=514 lev=>=-47 snr=83 ber= 47 CGI=001-01-1-6001[0;m
[1;34mWed Sep 30 13:02:45 2026 [1;32mDRR[0;m[1;34m <0001> gsm48_rr.c:835 MON: f=514 lev=>=-47 snr=83 ber= 49 CGI=001-01-1-6001[0;m
[1;34mWed Sep 30 13:02:46 2026 [1;32mDRR[0;m[1;34m <0001> gsm48_rr.c:835 MON: f=514 lev=>=-47 snr=83 ber= 48 CGI=001-01-1-6001[0;m
[1;34mWed Sep 30 13:02:47 2026 [1;32mDRR[0;m[1;34m <0001> gsm48_rr.c:835 MON: f=514 lev=>=-47 snr=83 ber= 48 CGI=001-01-1-6001[0;m
[1;34mWed Sep 30 13:02:48 2026 [1;32mDRR[0;m[1;34m <0001> gsm48_rr.c:835 MON: f=514 lev=>=-47 snr=83 ber= 47 CGI=001-01-1-6001[0;m
[1;34mWed Sep 30 13:02:49 2026 [1;32mDRR[0;m[1;34m <0001> gsm48_rr.c:835 MON: f=514 lev=>=-47 snr=83 ber= 49 CGI=001-01-1-6001[0;m
[1;34mWed Sep 30 13:02:50 2026 [1;32mDRR[0;m[1;34m <0001> gsm48_rr.c:835 MON: f=514 lev=>=-47 snr=83 ber= 48 CGI=001-01-1-6001[0;m
[1;34mWed Sep 30 13:02:51 2026 [1;32mDRR[0;m[1;34m <0001> gsm48_rr.c:835 MON: f=514 lev=>=-47 snr=83 ber= 48 CGI=001-01-1-6001[0;m
[1;34mWed Sep 30 13:02:52 2026 [1;32mDRR[0;m[1;34m <0001> gsm48_rr.c:835 MON: f=514 lev=>=-47 snr=83 ber= 47 CGI=001-01-1-6001[0;m
[1;34mWed Sep 30 13:02:53 2026 [1;32mDRR[0;m[1;34m <0001> gsm48_rr.c:835 MON: f=514 lev=>=-47 snr=83 ber= 48 CGI=001-01-1-6001[0;m
[1;34mWed Sep 30 13:02:54 2026 [1;32mDRR[0;m[1;34m <0001> gsm48_rr.c:835 MON: f=514 lev=>=-47 snr=83 ber= 48 CGI=001-01-1-6001[0;m
[1;34mWed Sep 30 13:02:55 2026 [1;32mDRR[0;m[1;34m <0001> gsm48_rr.c:835 MON: f=514 lev=>=-47 snr=83 ber= 47 CGI=001-01-1-6001[0;m
[1;34mWed Sep 30 13:02:56 2026 [1;32mDRR[0;m[1;34m <0001> gsm48_rr.c:835 MON: f=514 lev=>=-47 snr=83 ber= 47 CGI=001-01-1-6001[0;m
[1;34mWed Sep 30 13:02:57 2026 [1;32mDRR[0;m[1;34m <0001> gsm48_rr.c:835 MON: f=514 lev=>=-47 snr=83 ber= 48 CGI=001-01-1-6001[0;m
[1;34mWed Sep 30 13:02:58 2026 [1;32mDRR[0;m[1;34m <0001> gsm48_rr.c:835 MON: f=514 lev=>=-47 snr=83 ber= 48 CGI=001-01-1-6001[0;m
[1;34mWed Sep 30 13:02:59 2026 [1;32mDRR[0;m[1;34m <0001> gsm48_rr.c:835 MON: f=514 lev=>=-47 snr=83 ber= 47 CGI=001-01-1-6001[0;m
[1;34mWed Sep 30 13:03:00 2026 [1;32mDRR[0;m[1;34m <0001> gsm48_rr.c:835 MON: f=514 lev=>=-47 snr=83 ber= 48 CGI=001-01-1-6001[0;m
[1;34mWed Sep 30 13:03:01 2026 [1;32mDRR[0;m[1;34m <0001> gsm48_rr.c:835 MON: f=514 lev=>=-47 snr=83 ber= 48 CGI=001-01-1-6001[0;m
[1;34mWed Sep 30 13:03:02 2026 [1;32mDRR[0;m[1;34m <0001> gsm48_rr.c:835 MON: f=514 lev=>=-47 snr=83 ber= 48 CGI=001-01-1-6001[0;m
[1;34mWed Sep 30 13:03:03 2026 [1;32mDRR[0;m[1;34m <0001> gsm48_rr.c:835 MON: f=514 lev=>=-47 snr=83 ber= 47 CGI=001-01-1-6001[0;m
[1;34mWed Sep 30 13:03:04 2026 [1;32mDRR[0;m[1;34m <0001> gsm48_rr.c:835 MON: f=514 lev=>=-47 snr=83 ber= 48 CGI=001-01-1-6001[0;m
[1;34mWed Sep 30 13:03:05 2026 [1;32mDRR[0;m[1;34m <0001> gsm48_rr.c:835 MON: f=514 lev=>=-47 snr=83 ber= 48 CGI=001-01-1-6001[0;m
[1;34mWed Sep 30 13:03:06 2026 [1;32mDRR[0;m[1;34m <0001> gsm48_rr.c:835 MON: f=514 lev=>=-47 snr=83 ber= 48 CGI=001-01-1-6001[0;m
[1;34mWed Sep 30 13:03:07 2026 [1;32mDRR[0;m[1;34m <0001> gsm48_rr.c:835 MON: f=514 lev=>=-47 snr=83 ber= 47 CGI=001-01-1-6001[0;m
[1;34mWed Sep 30 13:03:08 2026 [1;32mDRR[0;m[1;34m <0001> gsm48_rr.c:835 MON: f=514 lev=>=-47 snr=83 ber= 47 CGI=001-01-1-6001[0;m
[1;34mWed Sep 30 13:03:09 2026 [1;32mDRR[0;m[1;34m <0001> gsm48_rr.c:835 MON: f=514 lev=>=-47 snr=83 ber= 49 CGI=001-01-1-6001[0;m
[1;34mWed Sep 30 13:03:10 2026 [1;32mDRR[0;m[1;34m <0001> gsm48_rr.c:835 MON: f=514 lev=>=-47 snr=83 ber= 47 CGI=001-01-1-6001[0;m
[1;34mWed Sep 30 13:03:11 2026 [1;32mDRR[0;m[1;34m <0001> gsm48_rr.c:835 MON: f=514 lev=>=-47 snr=83 ber= 48 CGI=001-01-1-6001[0;m
[1;34mWed Sep 30 13:03:12 2026 [1;32mDRR[0;m[1;34m <0001> gsm48_rr.c:835 MON: f=514 lev=>=-47 snr=83 ber= 46 CGI=001-01-1-6001[0;m
[1;34mWed Sep 30 13:03:13 2026 [1;32mDRR[0;m[1;34m <0001> gsm48_rr.c:835 MON: f=514 lev=>=-47 snr=83 ber= 49 CGI=001-01-1-6001[0;m
[1;34mWed Sep 30 13:03:14 2026 [1;32mDRR[0;m[1;34m <0001> gsm48_rr.c:835 MON: f=514 lev=>=-47 snr=83 ber= 47 CGI=001-01-1-6001[0;m
[1;34mWed Sep 30 13:03:15 2026 [1;32mDRR[0;m[1;34m <0001> gsm48_rr.c:835 MON: f=514 lev=>=-47 snr=83 ber= 50 CGI=001-01-1-6001[0;m
[1;34mWed Sep 30 13:03:16 2026 [1;32mDRR[0;m[1;34m <0001> gsm48_rr.c:835 MON: no cell info[0;m
[1;34mWed Sep 30 13:03:17 2026 [1;32mDRR[0;m[1;34m <0001> gsm48_rr.c:835 MON: no cell info[0;m
[1;31mWed Sep 30 13:03:17 2026 [1;33mDL1C[0;m[1;31m <000e> l1ctl.c:278 Dropping frame with 0 bit errors[0;m
[1;31mWed Sep 30 13:03:17 2026 [1;33mDL1C[0;m[1;31m <000e> l1ctl.c:278 Dropping frame with 0 bit errors[0;m
[1;31mWed Sep 30 13:03:17 2026 [1;33mDL1C[0;m[1;31m <000e> l1ctl.c:278 Dropping frame with 0 bit errors[0;m
[1;31mWed Sep 30 13:03:17 2026 [1;33mDL1C[0;m[1;31m <000e> l1ctl.c:278 Dropping frame with 0 bit errors[0;m
[1;31mWed Sep 30 13:03:18 2026 [1;33mDL1C[0;m[1;31m <000e> l1ctl.c:278 Dropping frame with 0 bit errors[0;m
[1;31mWed Sep 30 13:03:18 2026 [1;33mDL1C[0;m[1;31m <000e> l1ctl.c:278 Dropping frame with 0 bit errors[0;m
[1;31mWed Sep 30 13:03:18 2026 [1;33mDL1C[0;m[1;31m <000e> l1ctl.c:278 Dropping frame with 0 bit errors[0;m
[1;31mWed Sep 30 13:03:18 2026 [1;33mDL1C[0;m[1;31m <000e> l1ctl.c:278 Dropping frame with 0 bit errors[0;m
[1;31mWed Sep 30 13:03:18 2026 [1;33mDL1C[0;m[1;31m <000e> l1ctl.c:278 Dropping frame with 0 bit errors[0;m
[1;31mWed Sep 30 13:03:18 2026 [1;33mDL1C[0;m[1;31m <000e> l1ctl.c:278 Dropping frame with 0 bit errors[0;m
[1;31mWed Sep 30 13:03:18 2026 [1;33mDL1C[0;m[1;31m <000e> l1ctl.c:278 Dropping frame with 0 bit errors[0;m
[1;31mWed Sep 30 13:03:18 2026 [1;33mDL1C[0;m[1;31m <000e> l1ctl.c:278 Dropping frame with 0 bit errors[0;m
[1;34mWed Sep 30 13:03:18 2026 [1;32mDRR[0;m[1;34m <0001> gsm48_rr.c:835 MON: f=514 lev=-94 snr=21 ber= 12 CGI=001-01-1-6001[0;m
[1;31mWed Sep 30 13:03:18 2026 [1;33mDL1C[0;m[1;31m <000e> l1ctl.c:278 Dropping frame with 0 bit errors[0;m
[1;31mWed Sep 30 13:03:18 2026 [1;33mDL1C[0;m[1;31m <000e> l1ctl.c:278 Dropping frame with 0 bit errors[0;m
[1;31mWed Sep 30 13:03:18 2026 [1;33mDL1C[0;m[1;31m <000e> l1ctl.c:278 Dropping frame with 0 bit errors[0;m
[1;31mWed Sep 30 13:03:18 2026 [1;33mDL1C[0;m[1;31m <000e> l1ctl.c:278 Dropping frame with 0 bit errors[0;m
[1;31mWed Sep 30 13:03:18 2026 [1;33mDL1C[0;m[1;31m <000e> l1ctl.c:278 Dropping frame with 0 bit errors[0;m
[1;31mWed Sep 30 13:03:18 2026 [1;33mDL1C[0;m[1;31m <000e> l1ctl.c:278 Dropping frame with 0 bit errors[0;m
[1;31mWed Sep 30 13:03:18 2026 [1;33mDL1C[0;m[1;31m <000e> l1ctl.c:278 Dropping frame with 0 bit errors[0;m
[1;31mWed Sep 30 13:03:18 2026 [1;33mDL1C[0;m[1;31m <000e> l1ctl.c:278 Dropping frame with 0 bit errors[0;m
[1;31mWed Sep 30 13:03:18 2026 [1;33mDL1C[0;m[1;31m <000e> l1ctl.c:278 Dropping frame with 0 bit errors[0;m
[1;31mWed Sep 30 13:03:18 2026 [1;33mDL1C[0;m[1;31m <000e> l1ctl.c:278 Dropping frame with 0 bit errors[0;m
[1;31mWed Sep 30 13:03:19 2026 [1;33mDL1C[0;m[1;31m <000e> l1ctl.c:278 Dropping frame with 0 bit errors[0;m
[1;31mWed Sep 30 13:03:19 2026 [1;33mDL1C[0;m[1;31m <000e> l1ctl.c:278 Dropping frame with 0 bit errors[0;m
[1;31mWed Sep 30 13:03:19 2026 [1;33mDL1C[0;m[1;31m <000e> l1ctl.c:278 Dropping frame with 0 bit errors[0;m
[1;31mWed Sep 30 13:03:19 2026 [1;33mDL1C[0;m[1;31m <000e> l1ctl.c:278 Dropping frame with 0 bit errors[0;m
[1;31mWed Sep 30 13:03:19 2026 [1;33mDL1C[0;m[1;31m <000e> l1ctl.c:278 Dropping frame with 0 bit errors[0;m
[1;31mWed Sep 30 13:03:19 2026 [1;33mDL1C[0;m[1;31m <000e> l1ctl.c:278 Dropping frame with 0 bit errors[0;m
[1;34mWed Sep 30 13:03:19 2026 [1;32mDRR[0;m[1;34m <0001> gsm48_rr.c:835 MON: f=514 lev=<=-110 snr= 0 ber=  0 CGI=001-01-1-6001[0;m
[1;31mWed Sep 30 13:03:19 2026 [1;33mDL1C[0;m[1;31m <000e> l1ctl.c:278 Dropping frame with 0 bit errors[0;m
[1;31mWed Sep 30 13:03:19 2026 [1;33mDL1C[0;m[1;31m <000e> l1ctl.c:278 Dropping frame with 0 bit errors[0;m
[1;31mWed Sep 30 13:03:19 2026 [1;33mDL1C[0;m[1;31m <000e> l1ctl.c:278 Dropping frame with 0 bit errors[0;m
[1;31mWed Sep 30 13:03:19 2026 [1;33mDL1C[0;m[1;31m <000e> l1ctl.c:278 Dropping frame with 0 bit errors[0;m
[1;31mWed Sep 30 13:03:19 2026 [1;33mDL1C[0;m[1;31m <000e> l1ctl.c:278 Dropping frame with 0 bit errors[0;m
[1;31mWed Sep 30 13:03:19 2026 [1;33mDL1C[0;m[1;31m <000e> l1ctl.c:278 Dropping frame with 0 bit errors[0;m
[1;31mWed Sep 30 13:03:19 2026 [1;33mDL1C[0;m[1;31m <000e> l1ctl.c:278 Dropping frame with 0 bit errors[0;m
[1;31mWed Sep 30 13:03:19 2026 [1;33mDL1C[0;m[1;31m <000e> l1ctl.c:278 Dropping frame with 0 bit errors[0;m
[1;31mWed Sep 30 13:03:19 2026 [1;33mDL1C[0;m[1;31m <000e> l1ctl.c:278 Dropping frame with 0 bit errors[0;m
[1;31mWed Sep 30 13:03:19 2026 [1;33mDL1C[0;m[1;31m <000e> l1ctl.c:278 Dropping frame with 0 bit errors[0;m
[1;31mWed Sep 30 13:03:19 2026 [1;33mDL1C[0;m[1;31m <000e> l1ctl.c:278 Dropping frame with 0 bit errors[0;m
[1;31mWed Sep 30 13:03:19 2026 [1;33mDL1C[0;m[1;31m <000e> l1ctl.c:278 Dropping frame with 0 bit errors[0;m
[1;31mWed Sep 30 13:03:20 2026 [1;33mDL1C[0;m[1;31m <000e> l1ctl.c:278 Dropping frame with 0 bit errors[0;m
[1;31mWed Sep 30 13:03:20 2026 [1;33mDL1C[0;m[1;31m <000e> l1ctl.c:278 Dropping frame with 0 bit errors[0;m
[1;31mWed Sep 30 13:03:20 2026 [1;33mDL1C[0;m[1;31m <000e> l1ctl.c:278 Dropping frame with 0 bit errors[0;m
[1;31mWed Sep 30 13:03:20 2026 [1;33mDL1C[0;m[1;31m <000e> l1ctl.c:278 Dropping frame with 0 bit errors[0;m
[1;34mWed Sep 30 13:03:20 2026 [1;32mDRR[0;m[1;34m <0001> gsm48_rr.c:835 MON: f=514 lev=<=-110 snr= 0 ber=  0 CGI=001-01-1-6001[0;m
