[38;5;43mTue Sep 29 21:48:35 2026 <0023> ss7_instance.c:98 0: Creating SS7 Instance[0;m
[38;5;43mTue Sep 29 21:48:35 2026 <0023> ss7_route_table.c:62 0: Creating Route Table system[0;m
[38;5;43mTue Sep 29 21:48:35 2026 <0023> ss7_asp_vty.c:673 0: ASP(asp-to-stp) Applying Adm State change: ENABLED -> ENABLED[0;m
[38;5;43mTue Sep 29 21:48:35 2026 <0023> ss7_asp.c:892 0: ASP(asp-to-stp) Restarting ASP asp-to-stp, r=127.0.0.2:2905<->l=127.0.0.1:2906[0;m
[38;5;43mTue Sep 29 21:48:35 2026 <0023> ss7_instance.c:380 0: AS(as-msc) Created AS[0;m
[38;5;43mTue Sep 29 21:48:35 2026 <0023> ss7_as.c:185 0: AS(as-msc) Adding ASP asp-to-stp to AS[0;m
[1;39mTue Sep 29 21:48:35 2026 <0007> mncc_sock.c:300 MNCC socket at /tmp/msc_mncc[0;m
Tue Sep 29 21:48:35 2026 <0017> telnet_interface.c:88 Available via telnet 127.0.0.1 4254
Tue Sep 29 21:48:35 2026 <000f> smpp_smsc.c:990 SMPP at 0.0.0.0 2775
[38;5;33mTue Sep 29 21:48:35 2026 <001e> control_if.c:1026 CTRL at 127.0.0.1 4255[0;m
[38;5;39mTue Sep 29 21:48:35 2026 <0021> gsup_client.c:77 GSUP connecting to 127.0.0.2:4222[0;m
Tue Sep 29 21:48:35 2026 <000c> db.c:518 Init database connection to 'sms.db' using SQLite3 lib version 3.45.1
[38;5;51mTue Sep 29 21:48:35 2026 <0027> mgcp_client.c:945 MGW(mgw) MGCP client: using endpoint domain '@mgw'[0;m
Tue Sep 29 21:48:35 2026 <0009> msc_main.c:576 MGW pool with 1 pool members configured, (ignoring MGW configuration in VTY node 'msc').
[38;5;45mTue Sep 29 21:48:35 2026 <0024> sccp_instance.c:655 OsmoMSC-A: Using SS7 instance 0, pc:1.1.1[0;m
[38;5;45mTue Sep 29 21:48:35 2026 <0024> sccp_instance.c:673 OsmoMSC-A: Using AS instance as-msc[0;m
[38;5;45mTue Sep 29 21:48:35 2026 <0024> sccp_instance.c:679 OsmoMSC-A: Creating default route[0;m
[38;5;43mTue Sep 29 21:48:35 2026 <0023> ss7_route.c:143 0: RT(dpc=0=0.0.0,mask=0x0=0.0.0,prio=5,via=as-msc,st=available) Creating route: pc=0=0.0.0 mask=0x0=0.0.0 prio=5 dyn via AS as-msc proto=m3ua[0;m
[38;5;45mTue Sep 29 21:48:35 2026 <0024> sccp_instance.c:784 OsmoMSC-A: Using ASP instance asp-to-stp[0;m
[38;5;43mTue Sep 29 21:48:35 2026 <0023> ss7_instance.c:214 0: Creating SCCP instance[0;m
Tue Sep 29 21:48:35 2026 <0014> sgs_server.c:186 SGs socket bound to r=NULL<->l=127.0.0.1:29118
Tue Sep 29 21:48:35 2026 <0009> msc_main.c:790 A-interface: SCCP user OsmoMSC-A:RI=SSN_PC,PC=(no PC),SSN=BSSAP, cs7-instance 0 ((null))
[38;5;43mTue Sep 29 21:48:35 2026 <0023> ss7_asp.c:1202 0: ASP(asp-to-stp) Client connected (r=127.0.0.2:2905<->l=127.0.0.1:2906)[0;m
[38;5;23mTue Sep 29 21:48:35 2026 <0019> input/ipa.c:144 127.0.0.2:4222 connection done[0;m
[38;5;23mTue Sep 29 21:48:35 2026 <0019> input/ipa.c:617 received ID_GET for unit ID 0/0/0[0;m
[38;5;43mTue Sep 29 21:48:36 2026 <0023> ss7_asp.c:998 0: ASP(asp-to-stp) xUA CLNT SCTP NOTIFICATION 32770 flags=0x0[0;m
[38;5;43mTue Sep 29 21:48:36 2026 <0023> ss7_asp.c:1014 0: ASP(asp-to-stp) xUA CLNT SCTP_PEER_ADDR_CHANGE: ADDR_CONFIRMED 127.0.0.1:2905 err=None[0;m
[38;5;43mTue Sep 29 21:48:37 2026 <0023> xua_rkm.c:477 0: ASP(asp-to-stp) Received RKM REG RES rctx=110 status=SUCCESS[0;m
[38;5;49mTue Sep 29 21:48:37 2026 <0026> m3ua.c:707 0: ASP(asp-to-stp) Received NOTIFY Type State Change:AS Inactive ()[0;m
[38;5;43mTue Sep 29 21:48:37 2026 <0023> xua_as_fsm.c:430 0: AS(as-msc) AS became active, some routes to remote PCs may have become available[0;m
[38;5;43mTue Sep 29 21:48:37 2026 <0023> xua_as_fsm.c:471 0: AS(as-msc) AS became active => address-book pc=2059=1.1.3 is now available[0;m
[38;5;43mTue Sep 29 21:48:37 2026 <0023> ss7_route.c:143 0: RT(dpc=2059=1.1.3,mask=0x3fff=7.255.7,prio=5,via=as-msc,st=available) Creating route: pc=2059=1.1.3 mask=0x3fff=7.255.7 prio=5 dyn via AS as-msc proto=m3ua[0;m
[38;5;43mTue Sep 29 21:48:37 2026 <0023> ss7_route.c:409 0: RT(dpc=2059=1.1.3,mask=0x3fff=7.255.7,prio=5,via=as-msc,st=available) changed to status 'available'[0;m
[38;5;43mTue Sep 29 21:48:37 2026 <0023> xua_default_lm_fsm.c:406 xua_default_lm(asp-to-stp)[0x621cfc2e9580]{ACTIVE}: Ignoring primitive M-ASP_ACTIVE.confirm[0;m
[38;5;49mTue Sep 29 21:48:37 2026 <0026> m3ua.c:707 0: ASP(asp-to-stp) Received NOTIFY Type State Change:AS Active ()[0;m
[38;5;49mTue Sep 29 21:48:37 2026 <0026> xua_snm.c:501 0: ASP(asp-to-stp) Rx DUNA(RFC4666 4.5.1) for 1.1.2/0[0;m
[38;5;43mTue Sep 29 21:48:37 2026 <0023> ss7_route.c:143 0: RT(dpc=2058=1.1.2,mask=0x3fff=7.255.7,prio=5,via=as-msc,st=available) Creating route: pc=2058=1.1.2 mask=0x3fff=7.255.7 prio=5 dyn via AS as-msc proto=m3ua[0;m
[38;5;43mTue Sep 29 21:48:37 2026 <0023> ss7_route.c:409 0: RT(dpc=2058=1.1.2,mask=0x3fff=7.255.7,prio=5,via=as-msc,st=available) changed to status 'unavailable'[0;m
[38;5;49mTue Sep 29 21:48:37 2026 <0026> xua_snm.c:536 0: ASP(asp-to-stp) Rx DAVA() for 1.1.3/0[0;m
[38;5;43mTue Sep 29 21:48:37 2026 <0023> ss7_route.c:409 0: RT(dpc=2059=1.1.3,mask=0x3fff=7.255.7,prio=5,via=as-msc,st=available) changed to status 'available'[0;m
[38;5;43mTue Sep 29 21:48:37 2026 <0023> ss7_combined_linkset.c:297 0: CombinedLinkset(dpc=2059=1.1.3,mask=0x3fff=7.255.7,prio=5) RT loookup: OPC=2057=1.1.1,DPC=2059=1.1.3,SLS=0 -> eSLS=32: picked Normal Route via 'as-msc' round-robin style (available)[0;m
[1;39mTue Sep 29 21:48:37 2026 <0007> mncc_sock.c:257 MNCC Socket has connection with external call control application[0;m
[38;5;43mTue Sep 29 21:48:59 2026 <0023> ss7_combined_linkset.c:297 0: CombinedLinkset(dpc=2059=1.1.3,mask=0x3fff=7.255.7,prio=5) RT loookup: OPC=2057=1.1.1,DPC=2059=1.1.3,SLS=1 -> eSLS=33: picked Normal Route via 'as-msc' round-robin style (available)[0;m
[1;38mTue Sep 29 21:48:59 2026 <0008> ran_peer.c:123 ran_peer(GERAN-A:RI-SSN_PC:PC-1-1-3:SSN-BSSAP)[0x621cfc47b950]{READY}: Added seen cell to this RAN peer: CGI:001-01-1-6012[0;m
[38;5;43mTue Sep 29 21:49:00 2026 <0023> ss7_combined_linkset.c:297 0: CombinedLinkset(dpc=2059=1.1.3,mask=0x3fff=7.255.7,prio=5) RT loookup: OPC=2057=1.1.1,DPC=2059=1.1.3,SLS=2 -> eSLS=34: picked Normal Route via 'as-msc' round-robin style (available)[0;m
[1;38mTue Sep 29 21:49:00 2026 <0008> ran_peer.c:123 ran_peer(GERAN-A:RI-SSN_PC:PC-1-1-3:SSN-BSSAP)[0x621cfc47b950]{READY}: Added seen cell to this RAN peer: CGI:001-01-1-6001[0;m
Tue Sep 29 21:49:02 2026 <0009> gsm_04_08.c:1548 msub(IMSI-001010001000002:MSISDN-100102) VLR: update for IMSI=001010001000002 (MSISDN=100102)
Tue Sep 29 21:49:02 2026 <0009> gsm_04_08.c:1548 msub(IMSI-001010001000002:MSISDN-100102:TMSInew-0x4B265282) VLR: update for IMSI=001010001000002 (MSISDN=100102)
Tue Sep 29 21:49:02 2026 <0009> gsm_04_08.c:1548 msub(IMSI-001010001000002:MSISDN-100102:TMSI-0x4B265282) VLR: update for IMSI=001010001000002 (MSISDN=100102)
Tue Sep 29 21:49:04 2026 <0009> gsm_04_08.c:1548 msub(IMSI-001010001000001:MSISDN-100101) VLR: update for IMSI=001010001000001 (MSISDN=100101)
Tue Sep 29 21:49:04 2026 <0009> gsm_04_08.c:1548 msub(IMSI-001010001000001:MSISDN-100101:TMSInew-0x56AEF983) VLR: update for IMSI=001010001000001 (MSISDN=100101)
Tue Sep 29 21:49:05 2026 <0009> gsm_04_08.c:1548 msub(IMSI-001010001000001:MSISDN-100101:TMSI-0x56AEF983) VLR: update for IMSI=001010001000001 (MSISDN=100101)
[38;5;43mTue Sep 29 21:50:55 2026 <0023> ss7_combined_linkset.c:297 0: CombinedLinkset(dpc=2059=1.1.3,mask=0x3fff=7.255.7,prio=5) RT loookup: OPC=2057=1.1.1,DPC=2059=1.1.3,SLS=3 -> eSLS=35: picked Normal Route via 'as-msc' round-robin style (available)[0;m
[38;5;31mTue Sep 29 21:50:57 2026 <001d> gsm0411_smc.c:94 SMC(0) instance created for network[0;m
[38;5;31mTue Sep 29 21:50:57 2026 <001d> gsm0411_smr.c:90 SMR(0) instance created for network.[0;m
[38;5;31mTue Sep 29 21:50:57 2026 <001d> gsm0411_smc.c:573 SMC(0) message MMSMS-EST-IND (CP DATA) received in state IDLE[0;m
[38;5;31mTue Sep 29 21:50:57 2026 <001d> gsm0411_smc.c:291 SMC(0) received CP-DATA[0;m
[38;5;31mTue Sep 29 21:50:57 2026 <001d> gsm0411_smc.c:140 SMC(0) new CP state IDLE -> MM_ESTABLISHED[0;m
[38;5;31mTue Sep 29 21:50:57 2026 <001d> gsm0411_smr.c:487 SMR(0) message MNSMS-EST-IND received in state IDLE[0;m
[38;5;31mTue Sep 29 21:50:57 2026 <001d> gsm0411_smr.c:144 SMR(0) new RP state IDLE -> WAIT_TO_TX_RP_ACK[0;m
[38;5;31mTue Sep 29 21:50:57 2026 <001d> gsm0411_smr.c:420 SMR(0) message SM-RL-REPORT_REQ received in state WAIT_TO_TX_RP_ACK[0;m
[38;5;31mTue Sep 29 21:50:57 2026 <001d> gsm0411_smr.c:144 SMR(0) new RP state WAIT_TO_TX_RP_ACK -> IDLE[0;m
[38;5;31mTue Sep 29 21:50:57 2026 <001d> gsm0411_smc.c:473 SMC(0) message MNSMS-DATA-REQ received in state MM_ESTABLISHED[0;m
[38;5;31mTue Sep 29 21:50:57 2026 <001d> gsm0411_smc.c:188 SMC(0) send CP data[0;m
[38;5;31mTue Sep 29 21:50:57 2026 <001d> gsm0411_smc.c:140 SMC(0) new CP state MM_ESTABLISHED -> WAIT_CP_ACK[0;m
[38;5;31mTue Sep 29 21:50:57 2026 <001d> gsm0411_smc.c:473 SMC(0) message MNSMS-REL-REQ received in state WAIT_CP_ACK[0;m
[38;5;31mTue Sep 29 21:50:57 2026 <001d> gsm0411_smc.c:338 SMC(0) cannot release yet current state: WAIT_CP_ACK[0;m
[38;5;31mTue Sep 29 21:50:59 2026 <001d> gsm0411_smc.c:573 SMC(0) message MMSMS-DATA-IND (CP ACK) received in state WAIT_CP_ACK[0;m
[38;5;31mTue Sep 29 21:50:59 2026 <001d> gsm0411_smc.c:263 SMC(0) received CP-ACK[0;m
[38;5;31mTue Sep 29 21:50:59 2026 <001d> gsm0411_smc.c:140 SMC(0) new CP state WAIT_CP_ACK -> MM_ESTABLISHED[0;m
[38;5;31mTue Sep 29 21:50:59 2026 <001d> gsm0411_smc.c:274 SMC(0) we have pending release.[0;m
[38;5;31mTue Sep 29 21:50:59 2026 <001d> gsm0411_smc.c:140 SMC(0) new CP state MM_ESTABLISHED -> IDLE[0;m
[38;5;31mTue Sep 29 21:50:59 2026 <001d> gsm0411_smr.c:98 SMR(0) clearing SMR instance[0;m
[38;5;31mTue Sep 29 21:50:59 2026 <001d> gsm0411_smc.c:102 SMC(0) clearing instance[0;m
[38;5;43mTue Sep 29 21:55:30 2026 <0023> ss7_combined_linkset.c:297 0: CombinedLinkset(dpc=2059=1.1.3,mask=0x3fff=7.255.7,prio=5) RT loookup: OPC=2057=1.1.1,DPC=2059=1.1.3,SLS=4 -> eSLS=36: picked Normal Route via 'as-msc' round-robin style (available)[0;m
[38;5;31mTue Sep 29 21:55:32 2026 <001d> gsm0411_smc.c:94 SMC(0) instance created for network[0;m
[38;5;31mTue Sep 29 21:55:32 2026 <001d> gsm0411_smr.c:90 SMR(0) instance created for network.[0;m
[38;5;31mTue Sep 29 21:55:32 2026 <001d> gsm0411_smc.c:573 SMC(0) message MMSMS-EST-IND (CP DATA) received in state IDLE[0;m
[38;5;31mTue Sep 29 21:55:32 2026 <001d> gsm0411_smc.c:291 SMC(0) received CP-DATA[0;m
[38;5;31mTue Sep 29 21:55:32 2026 <001d> gsm0411_smc.c:140 SMC(0) new CP state IDLE -> MM_ESTABLISHED[0;m
[38;5;31mTue Sep 29 21:55:32 2026 <001d> gsm0411_smr.c:487 SMR(0) message MNSMS-EST-IND received in state IDLE[0;m
[38;5;31mTue Sep 29 21:55:32 2026 <001d> gsm0411_smr.c:144 SMR(0) new RP state IDLE -> WAIT_TO_TX_RP_ACK[0;m
[38;5;31mTue Sep 29 21:55:32 2026 <001d> gsm0411_smr.c:420 SMR(0) message SM-RL-REPORT_REQ received in state WAIT_TO_TX_RP_ACK[0;m
[38;5;31mTue Sep 29 21:55:32 2026 <001d> gsm0411_smr.c:144 SMR(0) new RP state WAIT_TO_TX_RP_ACK -> IDLE[0;m
[38;5;31mTue Sep 29 21:55:32 2026 <001d> gsm0411_smc.c:473 SMC(0) message MNSMS-DATA-REQ received in state MM_ESTABLISHED[0;m
[38;5;31mTue Sep 29 21:55:32 2026 <001d> gsm0411_smc.c:188 SMC(0) send CP data[0;m
[38;5;31mTue Sep 29 21:55:32 2026 <001d> gsm0411_smc.c:140 SMC(0) new CP state MM_ESTABLISHED -> WAIT_CP_ACK[0;m
[38;5;31mTue Sep 29 21:55:32 2026 <001d> gsm0411_smc.c:473 SMC(0) message MNSMS-REL-REQ received in state WAIT_CP_ACK[0;m
[38;5;31mTue Sep 29 21:55:32 2026 <001d> gsm0411_smc.c:338 SMC(0) cannot release yet current state: WAIT_CP_ACK[0;m
[38;5;31mTue Sep 29 21:55:32 2026 <001d> gsm0411_smc.c:94 SMC(0) instance created for network[0;m
[38;5;31mTue Sep 29 21:55:32 2026 <001d> gsm0411_smr.c:90 SMR(0) instance created for network.[0;m
[38;5;31mTue Sep 29 21:55:32 2026 <001d> gsm_04_11.c:1195 trans(SMS IMSI-001010001000001:MSISDN-100101:TMSI-0x56AEF983:GERAN-A-4:CM_SERVICE_REQ callref-0x40000003 tid-0) Going to send a MT SMS[0;m
[38;5;31mTue Sep 29 21:55:32 2026 <001d> gsm0411_smr.c:420 SMR(0) message SM-RL-DATA_REQ received in state IDLE[0;m
[38;5;31mTue Sep 29 21:55:32 2026 <001d> gsm0411_smr.c:144 SMR(0) new RP state IDLE -> WAIT_FOR_RP_ACK[0;m
[38;5;31mTue Sep 29 21:55:32 2026 <001d> gsm0411_smc.c:473 SMC(0) message MNSMS-EST-REQ received in state IDLE[0;m
[38;5;31mTue Sep 29 21:55:32 2026 <001d> gsm0411_smc.c:140 SMC(0) new CP state IDLE -> MM_CONN_PENDING[0;m
[38;5;31mTue Sep 29 21:55:32 2026 <001d> gsm0411_smc.c:573 SMC(0) message MMSMS-EST-CNF received in state MM_CONN_PENDING[0;m
[38;5;31mTue Sep 29 21:55:32 2026 <001d> gsm0411_smc.c:188 SMC(0) send CP data[0;m
[38;5;31mTue Sep 29 21:55:32 2026 <001d> gsm0411_smc.c:140 SMC(0) new CP state MM_CONN_PENDING -> WAIT_CP_ACK[0;m
[38;5;31mTue Sep 29 21:55:34 2026 <001d> gsm0411_smc.c:573 SMC(0) message MMSMS-DATA-IND (CP ACK) received in state WAIT_CP_ACK[0;m
[38;5;31mTue Sep 29 21:55:34 2026 <001d> gsm0411_smc.c:263 SMC(0) received CP-ACK[0;m
[38;5;31mTue Sep 29 21:55:34 2026 <001d> gsm0411_smc.c:140 SMC(0) new CP state WAIT_CP_ACK -> MM_ESTABLISHED[0;m
[38;5;31mTue Sep 29 21:55:34 2026 <001d> gsm0411_smc.c:274 SMC(0) we have pending release.[0;m
[38;5;31mTue Sep 29 21:55:34 2026 <001d> gsm0411_smc.c:140 SMC(0) new CP state MM_ESTABLISHED -> IDLE[0;m
[38;5;31mTue Sep 29 21:55:34 2026 <001d> gsm0411_smr.c:98 SMR(0) clearing SMR instance[0;m
[38;5;31mTue Sep 29 21:55:34 2026 <001d> gsm0411_smc.c:102 SMC(0) clearing instance[0;m
[38;5;31mTue Sep 29 21:55:36 2026 <001d> gsm0411_smc.c:573 SMC(0) message MMSMS-DATA-IND (CP ACK) received in state WAIT_CP_ACK[0;m
[38;5;31mTue Sep 29 21:55:36 2026 <001d> gsm0411_smc.c:263 SMC(0) received CP-ACK[0;m
[38;5;31mTue Sep 29 21:55:36 2026 <001d> gsm0411_smc.c:140 SMC(0) new CP state WAIT_CP_ACK -> MM_ESTABLISHED[0;m
[38;5;31mTue Sep 29 21:55:36 2026 <001d> gsm0411_smc.c:573 SMC(0) message MMSMS-DATA-IND (CP DATA) received in state MM_ESTABLISHED[0;m
[38;5;31mTue Sep 29 21:55:36 2026 <001d> gsm0411_smc.c:291 SMC(0) received CP-DATA[0;m
[38;5;31mTue Sep 29 21:55:36 2026 <001d> gsm0411_smr.c:487 SMR(0) message MNSMS-DATA-IND received in state WAIT_FOR_RP_ACK[0;m
[38;5;31mTue Sep 29 21:55:36 2026 <001d> gsm0411_smr.c:144 SMR(0) new RP state WAIT_FOR_RP_ACK -> IDLE[0;m
[38;5;31mTue Sep 29 21:55:36 2026 <001d> gsm0411_smc.c:473 SMC(0) message MNSMS-REL-REQ received in state MM_ESTABLISHED[0;m
[38;5;31mTue Sep 29 21:55:36 2026 <001d> gsm0411_smc.c:140 SMC(0) new CP state MM_ESTABLISHED -> IDLE[0;m
[38;5;31mTue Sep 29 21:55:36 2026 <001d> gsm0411_smr.c:98 SMR(0) clearing SMR instance[0;m
[38;5;31mTue Sep 29 21:55:36 2026 <001d> gsm0411_smc.c:102 SMC(0) clearing instance[0;m
[38;5;43mTue Sep 29 21:55:51 2026 <0023> ss7_combined_linkset.c:297 0: CombinedLinkset(dpc=2059=1.1.3,mask=0x3fff=7.255.7,prio=5) RT loookup: OPC=2057=1.1.1,DPC=2059=1.1.3,SLS=5 -> eSLS=37: picked Normal Route via 'as-msc' round-robin style (available)[0;m
[38;5;43mTue Sep 29 21:56:05 2026 <0023> ss7_combined_linkset.c:297 0: CombinedLinkset(dpc=2059=1.1.3,mask=0x3fff=7.255.7,prio=5) RT loookup: OPC=2057=1.1.1,DPC=2059=1.1.3,SLS=6 -> eSLS=38: picked Normal Route via 'as-msc' round-robin style (available)[0;m
[38;5;43mTue Sep 29 21:56:43 2026 <0023> ss7_combined_linkset.c:297 0: CombinedLinkset(dpc=2059=1.1.3,mask=0x3fff=7.255.7,prio=5) RT loookup: OPC=2057=1.1.1,DPC=2059=1.1.3,SLS=7 -> eSLS=39: picked Normal Route via 'as-msc' round-robin style (available)[0;m
[1;32mTue Sep 29 21:56:45 2026 <0001> transaction.c:151 LCLS: using 14 bits (1 bytes) for node ID[0;m
[1;32mTue Sep 29 21:56:45 2026 <0001> transaction.c:168 LCLS: allocated LAC-based CR-ID 00 00 01 00 01 for callref 0x80000001[0;m
[1;32mTue Sep 29 21:56:45 2026 <0001> gsm_04_08_cc.c:704 trans(CC:NULL IMSI-001010001000001:MSISDN-100101:TMSI-0x56AEF983:GERAN-A-7:CM_SERVICE_REQ callref-0x80000001 tid-8) SETUP to 600[0;m
[1;32mTue Sep 29 21:56:46 2026 <0001> msc_a.c:1597 trans(CC:INITIATED IMSI-001010001000001:MSISDN-100101:TMSI-0x56AEF983:GERAN-A-7:CM_SERVICE_REQ callref-0x80000001 tid-8) Assignment Complete: RAN: GSM#3, CN: GSM#3[0;m
[38;5;43mTue Sep 29 21:57:39 2026 <0023> ss7_combined_linkset.c:297 0: CombinedLinkset(dpc=2059=1.1.3,mask=0x3fff=7.255.7,prio=5) RT loookup: OPC=2057=1.1.1,DPC=2059=1.1.3,SLS=8 -> eSLS=40: picked Normal Route via 'as-msc' round-robin style (available)[0;m
[38;5;31mTue Sep 29 21:57:42 2026 <001d> gsm0411_smc.c:94 SMC(0) instance created for network[0;m
[38;5;31mTue Sep 29 21:57:42 2026 <001d> gsm0411_smr.c:90 SMR(0) instance created for network.[0;m
[38;5;31mTue Sep 29 21:57:42 2026 <001d> gsm0411_smc.c:573 SMC(0) message MMSMS-EST-IND (CP DATA) received in state IDLE[0;m
[38;5;31mTue Sep 29 21:57:42 2026 <001d> gsm0411_smc.c:291 SMC(0) received CP-DATA[0;m
[38;5;31mTue Sep 29 21:57:42 2026 <001d> gsm0411_smc.c:140 SMC(0) new CP state IDLE -> MM_ESTABLISHED[0;m
[38;5;31mTue Sep 29 21:57:42 2026 <001d> gsm0411_smr.c:487 SMR(0) message MNSMS-EST-IND received in state IDLE[0;m
[38;5;31mTue Sep 29 21:57:42 2026 <001d> gsm0411_smr.c:144 SMR(0) new RP state IDLE -> WAIT_TO_TX_RP_ACK[0;m
[38;5;31mTue Sep 29 21:57:42 2026 <001d> gsm0411_smr.c:420 SMR(0) message SM-RL-REPORT_REQ received in state WAIT_TO_TX_RP_ACK[0;m
[38;5;31mTue Sep 29 21:57:42 2026 <001d> gsm0411_smr.c:144 SMR(0) new RP state WAIT_TO_TX_RP_ACK -> IDLE[0;m
[38;5;31mTue Sep 29 21:57:42 2026 <001d> gsm0411_smc.c:473 SMC(0) message MNSMS-DATA-REQ received in state MM_ESTABLISHED[0;m
[38;5;31mTue Sep 29 21:57:42 2026 <001d> gsm0411_smc.c:188 SMC(0) send CP data[0;m
[38;5;31mTue Sep 29 21:57:42 2026 <001d> gsm0411_smc.c:140 SMC(0) new CP state MM_ESTABLISHED -> WAIT_CP_ACK[0;m
[38;5;31mTue Sep 29 21:57:42 2026 <001d> gsm0411_smc.c:473 SMC(0) message MNSMS-REL-REQ received in state WAIT_CP_ACK[0;m
[38;5;31mTue Sep 29 21:57:42 2026 <001d> gsm0411_smc.c:338 SMC(0) cannot release yet current state: WAIT_CP_ACK[0;m
[38;5;31mTue Sep 29 21:57:42 2026 <001d> gsm0411_smc.c:94 SMC(0) instance created for network[0;m
[38;5;31mTue Sep 29 21:57:42 2026 <001d> gsm0411_smr.c:90 SMR(0) instance created for network.[0;m
[38;5;31mTue Sep 29 21:57:42 2026 <001d> gsm_04_11.c:1195 trans(SMS IMSI-001010001000002:MSISDN-100102:TMSI-0x4B265282 callref-0x40000005 tid-0) Going to send a MT SMS[0;m
[38;5;31mTue Sep 29 21:57:42 2026 <001d> gsm0411_smr.c:420 SMR(0) message SM-RL-DATA_REQ received in state IDLE[0;m
[38;5;31mTue Sep 29 21:57:42 2026 <001d> gsm0411_smr.c:144 SMR(0) new RP state IDLE -> WAIT_FOR_RP_ACK[0;m
[38;5;31mTue Sep 29 21:57:42 2026 <001d> gsm0411_smc.c:473 SMC(0) message MNSMS-EST-REQ received in state IDLE[0;m
[38;5;31mTue Sep 29 21:57:42 2026 <001d> gsm0411_smc.c:140 SMC(0) new CP state IDLE -> MM_CONN_PENDING[0;m
[38;5;43mTue Sep 29 21:57:43 2026 <0023> ss7_combined_linkset.c:297 0: CombinedLinkset(dpc=2059=1.1.3,mask=0x3fff=7.255.7,prio=5) RT loookup: OPC=2057=1.1.1,DPC=2059=1.1.3,SLS=9 -> eSLS=41: picked Normal Route via 'as-msc' round-robin style (available)[0;m
[38;5;31mTue Sep 29 21:57:43 2026 <001d> gsm0411_smc.c:573 SMC(0) message MMSMS-DATA-IND (CP ACK) received in state WAIT_CP_ACK[0;m
[38;5;31mTue Sep 29 21:57:43 2026 <001d> gsm0411_smc.c:263 SMC(0) received CP-ACK[0;m
[38;5;31mTue Sep 29 21:57:43 2026 <001d> gsm0411_smc.c:140 SMC(0) new CP state WAIT_CP_ACK -> MM_ESTABLISHED[0;m
[38;5;31mTue Sep 29 21:57:43 2026 <001d> gsm0411_smc.c:274 SMC(0) we have pending release.[0;m
[38;5;31mTue Sep 29 21:57:43 2026 <001d> gsm0411_smc.c:140 SMC(0) new CP state MM_ESTABLISHED -> IDLE[0;m
[38;5;31mTue Sep 29 21:57:43 2026 <001d> gsm0411_smr.c:98 SMR(0) clearing SMR instance[0;m
[38;5;31mTue Sep 29 21:57:43 2026 <001d> gsm0411_smc.c:102 SMC(0) clearing instance[0;m
[38;5;31mTue Sep 29 21:57:44 2026 <001d> gsm0411_smc.c:573 SMC(0) message MMSMS-EST-CNF received in state MM_CONN_PENDING[0;m
[38;5;31mTue Sep 29 21:57:44 2026 <001d> gsm0411_smc.c:188 SMC(0) send CP data[0;m
[38;5;31mTue Sep 29 21:57:44 2026 <001d> gsm0411_smc.c:140 SMC(0) new CP state MM_CONN_PENDING -> WAIT_CP_ACK[0;m
[38;5;31mTue Sep 29 21:57:45 2026 <001d> gsm0411_smc.c:573 SMC(0) message MMSMS-DATA-IND (CP ACK) received in state WAIT_CP_ACK[0;m
[38;5;31mTue Sep 29 21:57:45 2026 <001d> gsm0411_smc.c:263 SMC(0) received CP-ACK[0;m
[38;5;31mTue Sep 29 21:57:45 2026 <001d> gsm0411_smc.c:140 SMC(0) new CP state WAIT_CP_ACK -> MM_ESTABLISHED[0;m
[38;5;31mTue Sep 29 21:57:46 2026 <001d> gsm0411_smc.c:573 SMC(0) message MMSMS-DATA-IND (CP DATA) received in state MM_ESTABLISHED[0;m
[38;5;31mTue Sep 29 21:57:46 2026 <001d> gsm0411_smc.c:291 SMC(0) received CP-DATA[0;m
[38;5;31mTue Sep 29 21:57:46 2026 <001d> gsm0411_smr.c:487 SMR(0) message MNSMS-DATA-IND received in state WAIT_FOR_RP_ACK[0;m
[38;5;31mTue Sep 29 21:57:46 2026 <001d> gsm0411_smr.c:144 SMR(0) new RP state WAIT_FOR_RP_ACK -> IDLE[0;m
[38;5;31mTue Sep 29 21:57:46 2026 <001d> gsm0411_smc.c:473 SMC(0) message MNSMS-REL-REQ received in state MM_ESTABLISHED[0;m
[38;5;31mTue Sep 29 21:57:46 2026 <001d> gsm0411_smc.c:140 SMC(0) new CP state MM_ESTABLISHED -> IDLE[0;m
[38;5;31mTue Sep 29 21:57:46 2026 <001d> gsm0411_smr.c:98 SMR(0) clearing SMR instance[0;m
[38;5;31mTue Sep 29 21:57:46 2026 <001d> gsm0411_smc.c:102 SMC(0) clearing instance[0;m
[1;39mTue Sep 29 22:02:48 2026 <0007> mncc_sock.c:72 MNCC Socket has LOST connection[0;m
[1;32mTue Sep 29 22:02:48 2026 <0001> gsm_04_08.c:91 Clearing all currently active transactions!!![0;m
[38;5;49mTue Sep 29 22:02:49 2026 <0026> xua_snm.c:501 0: ASP(asp-to-stp) Rx DUNA() for 1.1.3/0[0;m
[38;5;43mTue Sep 29 22:02:49 2026 <0023> ss7_route.c:409 0: RT(dpc=2059=1.1.3,mask=0x3fff=7.255.7,prio=5,via=as-msc,st=available) changed to status 'unavailable'[0;m
Tue Sep 29 22:02:49 2026 <0013> sccp_ran.c:167 ran_peer(GERAN-A:RI-SSN_PC:PC-1-1-3:SSN-BSSAP)[0x621cfc47b950]{READY}: now unreachable: N-PCSTATE ind: pc=2059=1.1.3 sp_status=INACCESSIBLE remote_sccp_status=UNAVAILABLE_UNKNOWN
Tue Sep 29 22:02:49 2026 <0009> msc_main.c:285 Terminating due to signal 15
[38;5;43mTue Sep 29 22:03:07 2026 <0023> ss7_instance.c:98 0: Creating SS7 Instance[0;m
[38;5;43mTue Sep 29 22:03:07 2026 <0023> ss7_route_table.c:62 0: Creating Route Table system[0;m
[38;5;43mTue Sep 29 22:03:07 2026 <0023> ss7_asp_vty.c:673 0: ASP(asp-to-stp) Applying Adm State change: ENABLED -> ENABLED[0;m
[38;5;43mTue Sep 29 22:03:07 2026 <0023> ss7_asp.c:892 0: ASP(asp-to-stp) Restarting ASP asp-to-stp, r=127.0.0.2:2905<->l=127.0.0.1:2906[0;m
[38;5;43mTue Sep 29 22:03:07 2026 <0023> ss7_instance.c:380 0: AS(as-msc) Created AS[0;m
[38;5;43mTue Sep 29 22:03:07 2026 <0023> ss7_as.c:185 0: AS(as-msc) Adding ASP asp-to-stp to AS[0;m
[1;39mTue Sep 29 22:03:07 2026 <0007> mncc_sock.c:300 MNCC socket at /tmp/msc_mncc[0;m
Tue Sep 29 22:03:07 2026 <0017> telnet_interface.c:88 Available via telnet 127.0.0.1 4254
Tue Sep 29 22:03:07 2026 <000f> smpp_smsc.c:990 SMPP at 0.0.0.0 2775
[38;5;33mTue Sep 29 22:03:07 2026 <001e> control_if.c:1026 CTRL at 127.0.0.1 4255[0;m
[38;5;39mTue Sep 29 22:03:07 2026 <0021> gsup_client.c:77 GSUP connecting to 127.0.0.2:4222[0;m
Tue Sep 29 22:03:07 2026 <000c> db.c:518 Init database connection to 'sms.db' using SQLite3 lib version 3.45.1
[38;5;51mTue Sep 29 22:03:07 2026 <0027> mgcp_client.c:945 MGW(mgw) MGCP client: using endpoint domain '@mgw'[0;m
Tue Sep 29 22:03:07 2026 <0009> msc_main.c:576 MGW pool with 1 pool members configured, (ignoring MGW configuration in VTY node 'msc').
[38;5;45mTue Sep 29 22:03:07 2026 <0024> sccp_instance.c:655 OsmoMSC-A: Using SS7 instance 0, pc:1.1.1[0;m
[38;5;45mTue Sep 29 22:03:07 2026 <0024> sccp_instance.c:673 OsmoMSC-A: Using AS instance as-msc[0;m
[38;5;45mTue Sep 29 22:03:07 2026 <0024> sccp_instance.c:679 OsmoMSC-A: Creating default route[0;m
[38;5;43mTue Sep 29 22:03:07 2026 <0023> ss7_route.c:143 0: RT(dpc=0=0.0.0,mask=0x0=0.0.0,prio=5,via=as-msc,st=available) Creating route: pc=0=0.0.0 mask=0x0=0.0.0 prio=5 dyn via AS as-msc proto=m3ua[0;m
[38;5;45mTue Sep 29 22:03:07 2026 <0024> sccp_instance.c:784 OsmoMSC-A: Using ASP instance asp-to-stp[0;m
[38;5;43mTue Sep 29 22:03:07 2026 <0023> ss7_instance.c:214 0: Creating SCCP instance[0;m
Tue Sep 29 22:03:07 2026 <0014> sgs_server.c:186 SGs socket bound to r=NULL<->l=127.0.0.1:29118
Tue Sep 29 22:03:07 2026 <0009> msc_main.c:790 A-interface: SCCP user OsmoMSC-A:RI=SSN_PC,PC=(no PC),SSN=BSSAP, cs7-instance 0 ((null))
[38;5;43mTue Sep 29 22:03:07 2026 <0023> ss7_asp.c:1202 0: ASP(asp-to-stp) Client connected (r=127.0.0.2:2905<->l=127.0.0.1:2906)[0;m
[38;5;23mTue Sep 29 22:03:07 2026 <0019> input/ipa.c:144 127.0.0.2:4222 connection done[0;m
[38;5;23mTue Sep 29 22:03:07 2026 <0019> input/ipa.c:617 received ID_GET for unit ID 0/0/0[0;m
[1;39mTue Sep 29 22:03:09 2026 <0007> mncc_sock.c:257 MNCC Socket has connection with external call control application[0;m
[38;5;43mTue Sep 29 22:03:09 2026 <0023> xua_rkm.c:477 0: ASP(asp-to-stp) Received RKM REG RES rctx=110 status=SUCCESS[0;m
[38;5;49mTue Sep 29 22:03:09 2026 <0026> m3ua.c:707 0: ASP(asp-to-stp) Received NOTIFY Type State Change:AS Inactive ()[0;m
[38;5;43mTue Sep 29 22:03:09 2026 <0023> xua_as_fsm.c:430 0: AS(as-msc) AS became active, some routes to remote PCs may have become available[0;m
[38;5;43mTue Sep 29 22:03:09 2026 <0023> xua_as_fsm.c:471 0: AS(as-msc) AS became active => address-book pc=2059=1.1.3 is now available[0;m
[38;5;43mTue Sep 29 22:03:09 2026 <0023> ss7_route.c:143 0: RT(dpc=2059=1.1.3,mask=0x3fff=7.255.7,prio=5,via=as-msc,st=available) Creating route: pc=2059=1.1.3 mask=0x3fff=7.255.7 prio=5 dyn via AS as-msc proto=m3ua[0;m
[38;5;43mTue Sep 29 22:03:09 2026 <0023> ss7_route.c:409 0: RT(dpc=2059=1.1.3,mask=0x3fff=7.255.7,prio=5,via=as-msc,st=available) changed to status 'available'[0;m
[38;5;43mTue Sep 29 22:03:09 2026 <0023> xua_default_lm_fsm.c:406 xua_default_lm(asp-to-stp)[0x579038289580]{ACTIVE}: Ignoring primitive M-ASP_ACTIVE.confirm[0;m
[38;5;49mTue Sep 29 22:03:09 2026 <0026> m3ua.c:707 0: ASP(asp-to-stp) Received NOTIFY Type State Change:AS Active ()[0;m
[38;5;49mTue Sep 29 22:03:09 2026 <0026> xua_snm.c:501 0: ASP(asp-to-stp) Rx DUNA(RFC4666 4.5.1) for 1.1.2/0[0;m
[38;5;43mTue Sep 29 22:03:09 2026 <0023> ss7_route.c:143 0: RT(dpc=2058=1.1.2,mask=0x3fff=7.255.7,prio=5,via=as-msc,st=available) Creating route: pc=2058=1.1.2 mask=0x3fff=7.255.7 prio=5 dyn via AS as-msc proto=m3ua[0;m
[38;5;43mTue Sep 29 22:03:09 2026 <0023> ss7_route.c:409 0: RT(dpc=2058=1.1.2,mask=0x3fff=7.255.7,prio=5,via=as-msc,st=available) changed to status 'unavailable'[0;m
[38;5;49mTue Sep 29 22:03:09 2026 <0026> xua_snm.c:536 0: ASP(asp-to-stp) Rx DAVA() for 1.1.3/0[0;m
[38;5;43mTue Sep 29 22:03:09 2026 <0023> ss7_route.c:409 0: RT(dpc=2059=1.1.3,mask=0x3fff=7.255.7,prio=5,via=as-msc,st=available) changed to status 'available'[0;m
[38;5;43mTue Sep 29 22:03:09 2026 <0023> ss7_combined_linkset.c:297 0: CombinedLinkset(dpc=2059=1.1.3,mask=0x3fff=7.255.7,prio=5) RT loookup: OPC=2057=1.1.1,DPC=2059=1.1.3,SLS=0 -> eSLS=32: picked Normal Route via 'as-msc' round-robin style (available)[0;m
[38;5;43mTue Sep 29 22:03:09 2026 <0023> ss7_asp.c:998 0: ASP(asp-to-stp) xUA CLNT SCTP NOTIFICATION 32770 flags=0x0[0;m
[38;5;43mTue Sep 29 22:03:09 2026 <0023> ss7_asp.c:1014 0: ASP(asp-to-stp) xUA CLNT SCTP_PEER_ADDR_CHANGE: ADDR_CONFIRMED 127.0.0.1:2905 err=None[0;m
[38;5;43mTue Sep 29 22:03:30 2026 <0023> ss7_combined_linkset.c:297 0: CombinedLinkset(dpc=2059=1.1.3,mask=0x3fff=7.255.7,prio=5) RT loookup: OPC=2057=1.1.1,DPC=2059=1.1.3,SLS=1 -> eSLS=33: picked Normal Route via 'as-msc' round-robin style (available)[0;m
[1;38mTue Sep 29 22:03:30 2026 <0008> ran_peer.c:123 ran_peer(GERAN-A:RI-SSN_PC:PC-1-1-3:SSN-BSSAP)[0x57903841bc50]{READY}: Added seen cell to this RAN peer: CGI:001-01-1-6012[0;m
[38;5;43mTue Sep 29 22:03:32 2026 <0023> ss7_combined_linkset.c:297 0: CombinedLinkset(dpc=2059=1.1.3,mask=0x3fff=7.255.7,prio=5) RT loookup: OPC=2057=1.1.1,DPC=2059=1.1.3,SLS=2 -> eSLS=34: picked Normal Route via 'as-msc' round-robin style (available)[0;m
[1;38mTue Sep 29 22:03:32 2026 <0008> ran_peer.c:123 ran_peer(GERAN-A:RI-SSN_PC:PC-1-1-3:SSN-BSSAP)[0x57903841bc50]{READY}: Added seen cell to this RAN peer: CGI:001-01-1-6001[0;m
Tue Sep 29 22:03:32 2026 <0009> gsm_04_08.c:1548 msub(IMSI-001010001000002:MSISDN-100102) VLR: update for IMSI=001010001000002 (MSISDN=100102)
Tue Sep 29 22:03:32 2026 <0009> gsm_04_08.c:1548 msub(IMSI-001010001000002:MSISDN-100102:TMSInew-0x1606AD31) VLR: update for IMSI=001010001000002 (MSISDN=100102)
Tue Sep 29 22:03:33 2026 <0009> gsm_04_08.c:1548 msub(IMSI-001010001000002:MSISDN-100102:TMSI-0x1606AD31) VLR: update for IMSI=001010001000002 (MSISDN=100102)
Tue Sep 29 22:03:34 2026 <0009> gsm_04_08.c:1548 msub(IMSI-001010001000001:MSISDN-100101) VLR: update for IMSI=001010001000001 (MSISDN=100101)
Tue Sep 29 22:03:34 2026 <0009> gsm_04_08.c:1548 msub(IMSI-001010001000001:MSISDN-100101:TMSInew-0x08DB16CF) VLR: update for IMSI=001010001000001 (MSISDN=100101)
Tue Sep 29 22:03:35 2026 <0009> gsm_04_08.c:1548 msub(IMSI-001010001000001:MSISDN-100101:TMSI-0x08DB16CF) VLR: update for IMSI=001010001000001 (MSISDN=100101)
[38;5;43mTue Sep 29 22:06:35 2026 <0023> ss7_combined_linkset.c:297 0: CombinedLinkset(dpc=2059=1.1.3,mask=0x3fff=7.255.7,prio=5) RT loookup: OPC=2057=1.1.1,DPC=2059=1.1.3,SLS=3 -> eSLS=35: picked Normal Route via 'as-msc' round-robin style (available)[0;m
[38;5;31mTue Sep 29 22:06:37 2026 <001d> gsm0411_smc.c:94 SMC(0) instance created for network[0;m
[38;5;31mTue Sep 29 22:06:37 2026 <001d> gsm0411_smr.c:90 SMR(0) instance created for network.[0;m
[38;5;31mTue Sep 29 22:06:37 2026 <001d> gsm0411_smc.c:573 SMC(0) message MMSMS-EST-IND (CP DATA) received in state IDLE[0;m
[38;5;31mTue Sep 29 22:06:37 2026 <001d> gsm0411_smc.c:291 SMC(0) received CP-DATA[0;m
[38;5;31mTue Sep 29 22:06:37 2026 <001d> gsm0411_smc.c:140 SMC(0) new CP state IDLE -> MM_ESTABLISHED[0;m
[38;5;31mTue Sep 29 22:06:37 2026 <001d> gsm0411_smr.c:487 SMR(0) message MNSMS-EST-IND received in state IDLE[0;m
[38;5;31mTue Sep 29 22:06:37 2026 <001d> gsm0411_smr.c:144 SMR(0) new RP state IDLE -> WAIT_TO_TX_RP_ACK[0;m
[38;5;31mTue Sep 29 22:06:37 2026 <001d> gsm0411_smr.c:420 SMR(0) message SM-RL-REPORT_REQ received in state WAIT_TO_TX_RP_ACK[0;m
[38;5;31mTue Sep 29 22:06:37 2026 <001d> gsm0411_smr.c:144 SMR(0) new RP state WAIT_TO_TX_RP_ACK -> IDLE[0;m
[38;5;31mTue Sep 29 22:06:37 2026 <001d> gsm0411_smc.c:473 SMC(0) message MNSMS-DATA-REQ received in state MM_ESTABLISHED[0;m
[38;5;31mTue Sep 29 22:06:37 2026 <001d> gsm0411_smc.c:188 SMC(0) send CP data[0;m
[38;5;31mTue Sep 29 22:06:37 2026 <001d> gsm0411_smc.c:140 SMC(0) new CP state MM_ESTABLISHED -> WAIT_CP_ACK[0;m
[38;5;31mTue Sep 29 22:06:37 2026 <001d> gsm0411_smc.c:473 SMC(0) message MNSMS-REL-REQ received in state WAIT_CP_ACK[0;m
[38;5;31mTue Sep 29 22:06:37 2026 <001d> gsm0411_smc.c:338 SMC(0) cannot release yet current state: WAIT_CP_ACK[0;m
[38;5;31mTue Sep 29 22:06:38 2026 <001d> gsm0411_smc.c:94 SMC(0) instance created for network[0;m
[38;5;31mTue Sep 29 22:06:38 2026 <001d> gsm0411_smr.c:90 SMR(0) instance created for network.[0;m
[38;5;31mTue Sep 29 22:06:38 2026 <001d> gsm_04_11.c:1195 trans(SMS IMSI-001010001000002:MSISDN-100102:TMSI-0x1606AD31 callref-0x40000002 tid-0) Going to send a MT SMS[0;m
[38;5;31mTue Sep 29 22:06:38 2026 <001d> gsm0411_smr.c:420 SMR(0) message SM-RL-DATA_REQ received in state IDLE[0;m
[38;5;31mTue Sep 29 22:06:38 2026 <001d> gsm0411_smr.c:144 SMR(0) new RP state IDLE -> WAIT_FOR_RP_ACK[0;m
[38;5;31mTue Sep 29 22:06:38 2026 <001d> gsm0411_smc.c:473 SMC(0) message MNSMS-EST-REQ received in state IDLE[0;m
[38;5;31mTue Sep 29 22:06:38 2026 <001d> gsm0411_smc.c:140 SMC(0) new CP state IDLE -> MM_CONN_PENDING[0;m
[38;5;43mTue Sep 29 22:06:39 2026 <0023> ss7_combined_linkset.c:297 0: CombinedLinkset(dpc=2059=1.1.3,mask=0x3fff=7.255.7,prio=5) RT loookup: OPC=2057=1.1.1,DPC=2059=1.1.3,SLS=4 -> eSLS=36: picked Normal Route via 'as-msc' round-robin style (available)[0;m
[38;5;31mTue Sep 29 22:06:39 2026 <001d> gsm0411_smc.c:573 SMC(0) message MMSMS-DATA-IND (CP ACK) received in state WAIT_CP_ACK[0;m
[38;5;31mTue Sep 29 22:06:39 2026 <001d> gsm0411_smc.c:263 SMC(0) received CP-ACK[0;m
[38;5;31mTue Sep 29 22:06:39 2026 <001d> gsm0411_smc.c:140 SMC(0) new CP state WAIT_CP_ACK -> MM_ESTABLISHED[0;m
[38;5;31mTue Sep 29 22:06:39 2026 <001d> gsm0411_smc.c:274 SMC(0) we have pending release.[0;m
[38;5;31mTue Sep 29 22:06:39 2026 <001d> gsm0411_smc.c:140 SMC(0) new CP state MM_ESTABLISHED -> IDLE[0;m
[38;5;31mTue Sep 29 22:06:39 2026 <001d> gsm0411_smr.c:98 SMR(0) clearing SMR instance[0;m
[38;5;31mTue Sep 29 22:06:39 2026 <001d> gsm0411_smc.c:102 SMC(0) clearing instance[0;m
[38;5;31mTue Sep 29 22:06:39 2026 <001d> gsm0411_smc.c:573 SMC(0) message MMSMS-EST-CNF received in state MM_CONN_PENDING[0;m
[38;5;31mTue Sep 29 22:06:39 2026 <001d> gsm0411_smc.c:188 SMC(0) send CP data[0;m
[38;5;31mTue Sep 29 22:06:39 2026 <001d> gsm0411_smc.c:140 SMC(0) new CP state MM_CONN_PENDING -> WAIT_CP_ACK[0;m
[38;5;31mTue Sep 29 22:06:41 2026 <001d> gsm0411_smc.c:573 SMC(0) message MMSMS-DATA-IND (CP ACK) received in state WAIT_CP_ACK[0;m
[38;5;31mTue Sep 29 22:06:41 2026 <001d> gsm0411_smc.c:263 SMC(0) received CP-ACK[0;m
[38;5;31mTue Sep 29 22:06:41 2026 <001d> gsm0411_smc.c:140 SMC(0) new CP state WAIT_CP_ACK -> MM_ESTABLISHED[0;m
[38;5;31mTue Sep 29 22:06:41 2026 <001d> gsm0411_smc.c:573 SMC(0) message MMSMS-DATA-IND (CP DATA) received in state MM_ESTABLISHED[0;m
[38;5;31mTue Sep 29 22:06:41 2026 <001d> gsm0411_smc.c:291 SMC(0) received CP-DATA[0;m
[38;5;31mTue Sep 29 22:06:41 2026 <001d> gsm0411_smr.c:487 SMR(0) message MNSMS-DATA-IND received in state WAIT_FOR_RP_ACK[0;m
[38;5;31mTue Sep 29 22:06:41 2026 <001d> gsm0411_smr.c:144 SMR(0) new RP state WAIT_FOR_RP_ACK -> IDLE[0;m
[38;5;31mTue Sep 29 22:06:41 2026 <001d> gsm0411_smc.c:473 SMC(0) message MNSMS-REL-REQ received in state MM_ESTABLISHED[0;m
[38;5;31mTue Sep 29 22:06:41 2026 <001d> gsm0411_smc.c:140 SMC(0) new CP state MM_ESTABLISHED -> IDLE[0;m
[38;5;31mTue Sep 29 22:06:41 2026 <001d> gsm0411_smr.c:98 SMR(0) clearing SMR instance[0;m
[38;5;31mTue Sep 29 22:06:41 2026 <001d> gsm0411_smc.c:102 SMC(0) clearing instance[0;m
[1;39mTue Sep 29 22:18:42 2026 <0007> mncc_sock.c:72 MNCC Socket has LOST connection[0;m
[1;32mTue Sep 29 22:18:42 2026 <0001> gsm_04_08.c:91 Clearing all currently active transactions!!![0;m
[38;5;49mTue Sep 29 22:18:43 2026 <0026> xua_snm.c:501 0: ASP(asp-to-stp) Rx DUNA() for 1.1.3/0[0;m
[38;5;43mTue Sep 29 22:18:43 2026 <0023> ss7_route.c:409 0: RT(dpc=2059=1.1.3,mask=0x3fff=7.255.7,prio=5,via=as-msc,st=available) changed to status 'unavailable'[0;m
Tue Sep 29 22:18:43 2026 <0013> sccp_ran.c:167 ran_peer(GERAN-A:RI-SSN_PC:PC-1-1-3:SSN-BSSAP)[0x57903841bc50]{READY}: now unreachable: N-PCSTATE ind: pc=2059=1.1.3 sp_status=INACCESSIBLE remote_sccp_status=UNAVAILABLE_UNKNOWN
Tue Sep 29 22:18:43 2026 <0009> msc_main.c:285 Terminating due to signal 15
[38;5;43mTue Sep 29 22:19:02 2026 <0023> ss7_instance.c:98 0: Creating SS7 Instance[0;m
[38;5;43mTue Sep 29 22:19:02 2026 <0023> ss7_route_table.c:62 0: Creating Route Table system[0;m
[38;5;43mTue Sep 29 22:19:02 2026 <0023> ss7_asp_vty.c:673 0: ASP(asp-to-stp) Applying Adm State change: ENABLED -> ENABLED[0;m
[38;5;43mTue Sep 29 22:19:02 2026 <0023> ss7_asp.c:892 0: ASP(asp-to-stp) Restarting ASP asp-to-stp, r=127.0.0.2:2905<->l=127.0.0.1:2906[0;m
[38;5;43mTue Sep 29 22:19:02 2026 <0023> ss7_instance.c:380 0: AS(as-msc) Created AS[0;m
[38;5;43mTue Sep 29 22:19:02 2026 <0023> ss7_as.c:185 0: AS(as-msc) Adding ASP asp-to-stp to AS[0;m
[1;39mTue Sep 29 22:19:02 2026 <0007> mncc_sock.c:300 MNCC socket at /tmp/msc_mncc[0;m
Tue Sep 29 22:19:02 2026 <0017> telnet_interface.c:88 Available via telnet 127.0.0.1 4254
Tue Sep 29 22:19:02 2026 <000f> smpp_smsc.c:990 SMPP at 0.0.0.0 2775
[38;5;33mTue Sep 29 22:19:02 2026 <001e> control_if.c:1026 CTRL at 127.0.0.1 4255[0;m
[38;5;39mTue Sep 29 22:19:02 2026 <0021> gsup_client.c:77 GSUP connecting to 127.0.0.2:4222[0;m
Tue Sep 29 22:19:02 2026 <000c> db.c:518 Init database connection to 'sms.db' using SQLite3 lib version 3.45.1
[38;5;51mTue Sep 29 22:19:02 2026 <0027> mgcp_client.c:945 MGW(mgw) MGCP client: using endpoint domain '@mgw'[0;m
Tue Sep 29 22:19:02 2026 <0009> msc_main.c:576 MGW pool with 1 pool members configured, (ignoring MGW configuration in VTY node 'msc').
[38;5;45mTue Sep 29 22:19:02 2026 <0024> sccp_instance.c:655 OsmoMSC-A: Using SS7 instance 0, pc:1.1.1[0;m
[38;5;45mTue Sep 29 22:19:02 2026 <0024> sccp_instance.c:673 OsmoMSC-A: Using AS instance as-msc[0;m
[38;5;45mTue Sep 29 22:19:02 2026 <0024> sccp_instance.c:679 OsmoMSC-A: Creating default route[0;m
[38;5;43mTue Sep 29 22:19:02 2026 <0023> ss7_route.c:143 0: RT(dpc=0=0.0.0,mask=0x0=0.0.0,prio=5,via=as-msc,st=available) Creating route: pc=0=0.0.0 mask=0x0=0.0.0 prio=5 dyn via AS as-msc proto=m3ua[0;m
[38;5;45mTue Sep 29 22:19:02 2026 <0024> sccp_instance.c:784 OsmoMSC-A: Using ASP instance asp-to-stp[0;m
[38;5;43mTue Sep 29 22:19:02 2026 <0023> ss7_instance.c:214 0: Creating SCCP instance[0;m
Tue Sep 29 22:19:02 2026 <0014> sgs_server.c:186 SGs socket bound to r=NULL<->l=127.0.0.1:29118
Tue Sep 29 22:19:02 2026 <0009> msc_main.c:790 A-interface: SCCP user OsmoMSC-A:RI=SSN_PC,PC=(no PC),SSN=BSSAP, cs7-instance 0 ((null))
[38;5;43mTue Sep 29 22:19:02 2026 <0023> ss7_asp.c:1202 0: ASP(asp-to-stp) Client connected (r=127.0.0.2:2905<->l=127.0.0.1:2906)[0;m
[38;5;23mTue Sep 29 22:19:02 2026 <0019> input/ipa.c:144 127.0.0.2:4222 connection done[0;m
[38;5;23mTue Sep 29 22:19:02 2026 <0019> input/ipa.c:617 received ID_GET for unit ID 0/0/0[0;m
[38;5;43mTue Sep 29 22:19:04 2026 <0023> xua_rkm.c:477 0: ASP(asp-to-stp) Received RKM REG RES rctx=110 status=SUCCESS[0;m
[38;5;49mTue Sep 29 22:19:04 2026 <0026> m3ua.c:707 0: ASP(asp-to-stp) Received NOTIFY Type State Change:AS Inactive ()[0;m
[38;5;43mTue Sep 29 22:19:04 2026 <0023> xua_as_fsm.c:430 0: AS(as-msc) AS became active, some routes to remote PCs may have become available[0;m
[38;5;43mTue Sep 29 22:19:04 2026 <0023> xua_as_fsm.c:471 0: AS(as-msc) AS became active => address-book pc=2059=1.1.3 is now available[0;m
[38;5;43mTue Sep 29 22:19:04 2026 <0023> ss7_route.c:143 0: RT(dpc=2059=1.1.3,mask=0x3fff=7.255.7,prio=5,via=as-msc,st=available) Creating route: pc=2059=1.1.3 mask=0x3fff=7.255.7 prio=5 dyn via AS as-msc proto=m3ua[0;m
[38;5;43mTue Sep 29 22:19:04 2026 <0023> ss7_route.c:409 0: RT(dpc=2059=1.1.3,mask=0x3fff=7.255.7,prio=5,via=as-msc,st=available) changed to status 'available'[0;m
[38;5;43mTue Sep 29 22:19:04 2026 <0023> xua_default_lm_fsm.c:406 xua_default_lm(asp-to-stp)[0x64485b30e580]{ACTIVE}: Ignoring primitive M-ASP_ACTIVE.confirm[0;m
[38;5;49mTue Sep 29 22:19:04 2026 <0026> m3ua.c:707 0: ASP(asp-to-stp) Received NOTIFY Type State Change:AS Active ()[0;m
[38;5;49mTue Sep 29 22:19:04 2026 <0026> xua_snm.c:501 0: ASP(asp-to-stp) Rx DUNA(RFC4666 4.5.1) for 1.1.2/0[0;m
[38;5;43mTue Sep 29 22:19:04 2026 <0023> ss7_route.c:143 0: RT(dpc=2058=1.1.2,mask=0x3fff=7.255.7,prio=5,via=as-msc,st=available) Creating route: pc=2058=1.1.2 mask=0x3fff=7.255.7 prio=5 dyn via AS as-msc proto=m3ua[0;m
[38;5;43mTue Sep 29 22:19:04 2026 <0023> ss7_route.c:409 0: RT(dpc=2058=1.1.2,mask=0x3fff=7.255.7,prio=5,via=as-msc,st=available) changed to status 'unavailable'[0;m
[38;5;49mTue Sep 29 22:19:04 2026 <0026> xua_snm.c:536 0: ASP(asp-to-stp) Rx DAVA() for 1.1.3/0[0;m
[38;5;43mTue Sep 29 22:19:04 2026 <0023> ss7_route.c:409 0: RT(dpc=2059=1.1.3,mask=0x3fff=7.255.7,prio=5,via=as-msc,st=available) changed to status 'available'[0;m
[38;5;43mTue Sep 29 22:19:04 2026 <0023> ss7_combined_linkset.c:297 0: CombinedLinkset(dpc=2059=1.1.3,mask=0x3fff=7.255.7,prio=5) RT loookup: OPC=2057=1.1.1,DPC=2059=1.1.3,SLS=0 -> eSLS=32: picked Normal Route via 'as-msc' round-robin style (available)[0;m
[1;39mTue Sep 29 22:19:04 2026 <0007> mncc_sock.c:257 MNCC Socket has connection with external call control application[0;m
[38;5;43mTue Sep 29 22:19:05 2026 <0023> ss7_asp.c:998 0: ASP(asp-to-stp) xUA CLNT SCTP NOTIFICATION 32770 flags=0x0[0;m
[38;5;43mTue Sep 29 22:19:05 2026 <0023> ss7_asp.c:1014 0: ASP(asp-to-stp) xUA CLNT SCTP_PEER_ADDR_CHANGE: ADDR_CONFIRMED 127.0.0.1:2905 err=None[0;m
[1;39mTue Sep 29 22:20:05 2026 <0007> mncc_sock.c:72 MNCC Socket has LOST connection[0;m
[1;32mTue Sep 29 22:20:05 2026 <0001> gsm_04_08.c:91 Clearing all currently active transactions!!![0;m
[38;5;49mTue Sep 29 22:20:06 2026 <0026> xua_snm.c:501 0: ASP(asp-to-stp) Rx DUNA() for 1.1.3/0[0;m
[38;5;43mTue Sep 29 22:20:06 2026 <0023> ss7_route.c:409 0: RT(dpc=2059=1.1.3,mask=0x3fff=7.255.7,prio=5,via=as-msc,st=available) changed to status 'unavailable'[0;m
Tue Sep 29 22:20:06 2026 <0013> sccp_ran.c:167 ran_peer(GERAN-A:RI-SSN_PC:PC-1-1-3:SSN-BSSAP)[0x64485b49e040]{READY}: now unreachable: N-PCSTATE ind: pc=2059=1.1.3 sp_status=INACCESSIBLE remote_sccp_status=UNAVAILABLE_UNKNOWN
Tue Sep 29 22:20:06 2026 <0009> msc_main.c:285 Terminating due to signal 15
[38;5;43mTue Sep 29 22:20:25 2026 <0023> ss7_instance.c:98 0: Creating SS7 Instance[0;m
[38;5;43mTue Sep 29 22:20:25 2026 <0023> ss7_route_table.c:62 0: Creating Route Table system[0;m
[38;5;43mTue Sep 29 22:20:25 2026 <0023> ss7_asp_vty.c:673 0: ASP(asp-to-stp) Applying Adm State change: ENABLED -> ENABLED[0;m
[38;5;43mTue Sep 29 22:20:25 2026 <0023> ss7_asp.c:892 0: ASP(asp-to-stp) Restarting ASP asp-to-stp, r=127.0.0.2:2905<->l=127.0.0.1:2906[0;m
[38;5;43mTue Sep 29 22:20:25 2026 <0023> ss7_instance.c:380 0: AS(as-msc) Created AS[0;m
[38;5;43mTue Sep 29 22:20:25 2026 <0023> ss7_as.c:185 0: AS(as-msc) Adding ASP asp-to-stp to AS[0;m
[1;39mTue Sep 29 22:20:25 2026 <0007> mncc_sock.c:300 MNCC socket at /tmp/msc_mncc[0;m
Tue Sep 29 22:20:25 2026 <0017> telnet_interface.c:88 Available via telnet 127.0.0.1 4254
Tue Sep 29 22:20:25 2026 <000f> smpp_smsc.c:990 SMPP at 0.0.0.0 2775
[38;5;33mTue Sep 29 22:20:25 2026 <001e> control_if.c:1026 CTRL at 127.0.0.1 4255[0;m
[38;5;39mTue Sep 29 22:20:25 2026 <0021> gsup_client.c:77 GSUP connecting to 127.0.0.2:4222[0;m
Tue Sep 29 22:20:25 2026 <000c> db.c:518 Init database connection to 'sms.db' using SQLite3 lib version 3.45.1
[38;5;51mTue Sep 29 22:20:25 2026 <0027> mgcp_client.c:945 MGW(mgw) MGCP client: using endpoint domain '@mgw'[0;m
Tue Sep 29 22:20:25 2026 <0009> msc_main.c:576 MGW pool with 1 pool members configured, (ignoring MGW configuration in VTY node 'msc').
[38;5;45mTue Sep 29 22:20:25 2026 <0024> sccp_instance.c:655 OsmoMSC-A: Using SS7 instance 0, pc:1.1.1[0;m
[38;5;45mTue Sep 29 22:20:25 2026 <0024> sccp_instance.c:673 OsmoMSC-A: Using AS instance as-msc[0;m
[38;5;45mTue Sep 29 22:20:25 2026 <0024> sccp_instance.c:679 OsmoMSC-A: Creating default route[0;m
[38;5;43mTue Sep 29 22:20:25 2026 <0023> ss7_route.c:143 0: RT(dpc=0=0.0.0,mask=0x0=0.0.0,prio=5,via=as-msc,st=available) Creating route: pc=0=0.0.0 mask=0x0=0.0.0 prio=5 dyn via AS as-msc proto=m3ua[0;m
[38;5;45mTue Sep 29 22:20:25 2026 <0024> sccp_instance.c:784 OsmoMSC-A: Using ASP instance asp-to-stp[0;m
[38;5;43mTue Sep 29 22:20:25 2026 <0023> ss7_instance.c:214 0: Creating SCCP instance[0;m
Tue Sep 29 22:20:25 2026 <0014> sgs_server.c:186 SGs socket bound to r=NULL<->l=127.0.0.1:29118
Tue Sep 29 22:20:25 2026 <0009> msc_main.c:790 A-interface: SCCP user OsmoMSC-A:RI=SSN_PC,PC=(no PC),SSN=BSSAP, cs7-instance 0 ((null))
[38;5;43mTue Sep 29 22:20:25 2026 <0023> ss7_asp.c:1202 0: ASP(asp-to-stp) Client connected (r=127.0.0.2:2905<->l=127.0.0.1:2906)[0;m
[38;5;23mTue Sep 29 22:20:25 2026 <0019> input/ipa.c:144 127.0.0.2:4222 connection done[0;m
[38;5;23mTue Sep 29 22:20:25 2026 <0019> input/ipa.c:617 received ID_GET for unit ID 0/0/0[0;m
[1;39mTue Sep 29 22:20:26 2026 <0007> mncc_sock.c:257 MNCC Socket has connection with external call control application[0;m
[38;5;43mTue Sep 29 22:20:27 2026 <0023> xua_rkm.c:477 0: ASP(asp-to-stp) Received RKM REG RES rctx=110 status=SUCCESS[0;m
[38;5;49mTue Sep 29 22:20:27 2026 <0026> m3ua.c:707 0: ASP(asp-to-stp) Received NOTIFY Type State Change:AS Inactive ()[0;m
[38;5;43mTue Sep 29 22:20:27 2026 <0023> xua_as_fsm.c:430 0: AS(as-msc) AS became active, some routes to remote PCs may have become available[0;m
[38;5;43mTue Sep 29 22:20:27 2026 <0023> xua_as_fsm.c:471 0: AS(as-msc) AS became active => address-book pc=2059=1.1.3 is now available[0;m
[38;5;43mTue Sep 29 22:20:27 2026 <0023> ss7_route.c:143 0: RT(dpc=2059=1.1.3,mask=0x3fff=7.255.7,prio=5,via=as-msc,st=available) Creating route: pc=2059=1.1.3 mask=0x3fff=7.255.7 prio=5 dyn via AS as-msc proto=m3ua[0;m
[38;5;43mTue Sep 29 22:20:27 2026 <0023> ss7_route.c:409 0: RT(dpc=2059=1.1.3,mask=0x3fff=7.255.7,prio=5,via=as-msc,st=available) changed to status 'available'[0;m
[38;5;43mTue Sep 29 22:20:27 2026 <0023> xua_default_lm_fsm.c:406 xua_default_lm(asp-to-stp)[0x5d04d4df6580]{ACTIVE}: Ignoring primitive M-ASP_ACTIVE.confirm[0;m
[38;5;49mTue Sep 29 22:20:27 2026 <0026> m3ua.c:707 0: ASP(asp-to-stp) Received NOTIFY Type State Change:AS Active ()[0;m
[38;5;49mTue Sep 29 22:20:27 2026 <0026> xua_snm.c:501 0: ASP(asp-to-stp) Rx DUNA(RFC4666 4.5.1) for 1.1.2/0[0;m
[38;5;43mTue Sep 29 22:20:27 2026 <0023> ss7_route.c:143 0: RT(dpc=2058=1.1.2,mask=0x3fff=7.255.7,prio=5,via=as-msc,st=available) Creating route: pc=2058=1.1.2 mask=0x3fff=7.255.7 prio=5 dyn via AS as-msc proto=m3ua[0;m
[38;5;43mTue Sep 29 22:20:27 2026 <0023> ss7_route.c:409 0: RT(dpc=2058=1.1.2,mask=0x3fff=7.255.7,prio=5,via=as-msc,st=available) changed to status 'unavailable'[0;m
[38;5;49mTue Sep 29 22:20:27 2026 <0026> xua_snm.c:536 0: ASP(asp-to-stp) Rx DAVA() for 1.1.3/0[0;m
[38;5;43mTue Sep 29 22:20:27 2026 <0023> ss7_route.c:409 0: RT(dpc=2059=1.1.3,mask=0x3fff=7.255.7,prio=5,via=as-msc,st=available) changed to status 'available'[0;m
[38;5;43mTue Sep 29 22:20:27 2026 <0023> ss7_combined_linkset.c:297 0: CombinedLinkset(dpc=2059=1.1.3,mask=0x3fff=7.255.7,prio=5) RT loookup: OPC=2057=1.1.1,DPC=2059=1.1.3,SLS=0 -> eSLS=32: picked Normal Route via 'as-msc' round-robin style (available)[0;m
[38;5;43mTue Sep 29 22:20:28 2026 <0023> ss7_asp.c:998 0: ASP(asp-to-stp) xUA CLNT SCTP NOTIFICATION 32770 flags=0x0[0;m
[38;5;43mTue Sep 29 22:20:28 2026 <0023> ss7_asp.c:1014 0: ASP(asp-to-stp) xUA CLNT SCTP_PEER_ADDR_CHANGE: ADDR_CONFIRMED 127.0.0.1:2905 err=None[0;m
[38;5;43mTue Sep 29 22:20:47 2026 <0023> ss7_combined_linkset.c:297 0: CombinedLinkset(dpc=2059=1.1.3,mask=0x3fff=7.255.7,prio=5) RT loookup: OPC=2057=1.1.1,DPC=2059=1.1.3,SLS=1 -> eSLS=33: picked Normal Route via 'as-msc' round-robin style (available)[0;m
[1;38mTue Sep 29 22:20:47 2026 <0008> ran_peer.c:123 ran_peer(GERAN-A:RI-SSN_PC:PC-1-1-3:SSN-BSSAP)[0x5d04d4f88aa0]{READY}: Added seen cell to this RAN peer: CGI:001-01-1-6012[0;m
[38;5;43mTue Sep 29 22:20:49 2026 <0023> ss7_combined_linkset.c:297 0: CombinedLinkset(dpc=2059=1.1.3,mask=0x3fff=7.255.7,prio=5) RT loookup: OPC=2057=1.1.1,DPC=2059=1.1.3,SLS=2 -> eSLS=34: picked Normal Route via 'as-msc' round-robin style (available)[0;m
[1;38mTue Sep 29 22:20:49 2026 <0008> ran_peer.c:123 ran_peer(GERAN-A:RI-SSN_PC:PC-1-1-3:SSN-BSSAP)[0x5d04d4f88aa0]{READY}: Added seen cell to this RAN peer: CGI:001-01-1-6001[0;m
Tue Sep 29 22:20:49 2026 <0009> gsm_04_08.c:1548 msub(IMSI-001010001000002:MSISDN-100102) VLR: update for IMSI=001010001000002 (MSISDN=100102)
Tue Sep 29 22:20:49 2026 <0009> gsm_04_08.c:1548 msub(IMSI-001010001000002:MSISDN-100102:TMSInew-0x321B5706) VLR: update for IMSI=001010001000002 (MSISDN=100102)
Tue Sep 29 22:20:50 2026 <0009> gsm_04_08.c:1548 msub(IMSI-001010001000002:MSISDN-100102:TMSI-0x321B5706) VLR: update for IMSI=001010001000002 (MSISDN=100102)
Tue Sep 29 22:20:52 2026 <0009> gsm_04_08.c:1548 msub(IMSI-001010001000001:MSISDN-100101) VLR: update for IMSI=001010001000001 (MSISDN=100101)
Tue Sep 29 22:20:52 2026 <0009> gsm_04_08.c:1548 msub(IMSI-001010001000001:MSISDN-100101:TMSInew-0x0F4B2228) VLR: update for IMSI=001010001000001 (MSISDN=100101)
Tue Sep 29 22:20:53 2026 <0009> gsm_04_08.c:1548 msub(IMSI-001010001000001:MSISDN-100101:TMSI-0x0F4B2228) VLR: update for IMSI=001010001000001 (MSISDN=100101)
[1;39mTue Sep 29 22:25:47 2026 <0007> mncc_sock.c:72 MNCC Socket has LOST connection[0;m
[1;32mTue Sep 29 22:25:47 2026 <0001> gsm_04_08.c:91 Clearing all currently active transactions!!![0;m
[38;5;49mTue Sep 29 22:25:49 2026 <0026> xua_snm.c:501 0: ASP(asp-to-stp) Rx DUNA() for 1.1.3/0[0;m
[38;5;43mTue Sep 29 22:25:49 2026 <0023> ss7_route.c:409 0: RT(dpc=2059=1.1.3,mask=0x3fff=7.255.7,prio=5,via=as-msc,st=available) changed to status 'unavailable'[0;m
Tue Sep 29 22:25:49 2026 <0013> sccp_ran.c:167 ran_peer(GERAN-A:RI-SSN_PC:PC-1-1-3:SSN-BSSAP)[0x5d04d4f88aa0]{READY}: now unreachable: N-PCSTATE ind: pc=2059=1.1.3 sp_status=INACCESSIBLE remote_sccp_status=UNAVAILABLE_UNKNOWN
Tue Sep 29 22:25:49 2026 <0009> msc_main.c:285 Terminating due to signal 15
[38;5;43mTue Sep 29 22:26:07 2026 <0023> ss7_instance.c:98 0: Creating SS7 Instance[0;m
[38;5;43mTue Sep 29 22:26:07 2026 <0023> ss7_route_table.c:62 0: Creating Route Table system[0;m
[38;5;43mTue Sep 29 22:26:07 2026 <0023> ss7_asp_vty.c:673 0: ASP(asp-to-stp) Applying Adm State change: ENABLED -> ENABLED[0;m
[38;5;43mTue Sep 29 22:26:07 2026 <0023> ss7_asp.c:892 0: ASP(asp-to-stp) Restarting ASP asp-to-stp, r=127.0.0.2:2905<->l=127.0.0.1:2906[0;m
[38;5;43mTue Sep 29 22:26:07 2026 <0023> ss7_instance.c:380 0: AS(as-msc) Created AS[0;m
[38;5;43mTue Sep 29 22:26:07 2026 <0023> ss7_as.c:185 0: AS(as-msc) Adding ASP asp-to-stp to AS[0;m
[1;39mTue Sep 29 22:26:07 2026 <0007> mncc_sock.c:300 MNCC socket at /tmp/msc_mncc[0;m
Tue Sep 29 22:26:07 2026 <0017> telnet_interface.c:88 Available via telnet 127.0.0.1 4254
Tue Sep 29 22:26:07 2026 <000f> smpp_smsc.c:990 SMPP at 0.0.0.0 2775
[38;5;33mTue Sep 29 22:26:07 2026 <001e> control_if.c:1026 CTRL at 127.0.0.1 4255[0;m
[38;5;39mTue Sep 29 22:26:07 2026 <0021> gsup_client.c:77 GSUP connecting to 127.0.0.2:4222[0;m
Tue Sep 29 22:26:07 2026 <000c> db.c:518 Init database connection to 'sms.db' using SQLite3 lib version 3.45.1
[38;5;51mTue Sep 29 22:26:07 2026 <0027> mgcp_client.c:945 MGW(mgw) MGCP client: using endpoint domain '@mgw'[0;m
Tue Sep 29 22:26:07 2026 <0009> msc_main.c:576 MGW pool with 1 pool members configured, (ignoring MGW configuration in VTY node 'msc').
[38;5;45mTue Sep 29 22:26:07 2026 <0024> sccp_instance.c:655 OsmoMSC-A: Using SS7 instance 0, pc:1.1.1[0;m
[38;5;45mTue Sep 29 22:26:07 2026 <0024> sccp_instance.c:673 OsmoMSC-A: Using AS instance as-msc[0;m
[38;5;45mTue Sep 29 22:26:07 2026 <0024> sccp_instance.c:679 OsmoMSC-A: Creating default route[0;m
[38;5;43mTue Sep 29 22:26:07 2026 <0023> ss7_route.c:143 0: RT(dpc=0=0.0.0,mask=0x0=0.0.0,prio=5,via=as-msc,st=available) Creating route: pc=0=0.0.0 mask=0x0=0.0.0 prio=5 dyn via AS as-msc proto=m3ua[0;m
[38;5;45mTue Sep 29 22:26:07 2026 <0024> sccp_instance.c:784 OsmoMSC-A: Using ASP instance asp-to-stp[0;m
[38;5;43mTue Sep 29 22:26:07 2026 <0023> ss7_instance.c:214 0: Creating SCCP instance[0;m
Tue Sep 29 22:26:07 2026 <0014> sgs_server.c:186 SGs socket bound to r=NULL<->l=127.0.0.1:29118
Tue Sep 29 22:26:07 2026 <0009> msc_main.c:790 A-interface: SCCP user OsmoMSC-A:RI=SSN_PC,PC=(no PC),SSN=BSSAP, cs7-instance 0 ((null))
[38;5;43mTue Sep 29 22:26:07 2026 <0023> ss7_asp.c:1202 0: ASP(asp-to-stp) Client connected (r=127.0.0.2:2905<->l=127.0.0.1:2906)[0;m
[38;5;23mTue Sep 29 22:26:07 2026 <0019> input/ipa.c:144 127.0.0.2:4222 connection done[0;m
[38;5;23mTue Sep 29 22:26:07 2026 <0019> input/ipa.c:617 received ID_GET for unit ID 0/0/0[0;m
[1;39mTue Sep 29 22:26:09 2026 <0007> mncc_sock.c:257 MNCC Socket has connection with external call control application[0;m
[38;5;43mTue Sep 29 22:26:09 2026 <0023> xua_rkm.c:477 0: ASP(asp-to-stp) Received RKM REG RES rctx=110 status=SUCCESS[0;m
[38;5;49mTue Sep 29 22:26:09 2026 <0026> m3ua.c:707 0: ASP(asp-to-stp) Received NOTIFY Type State Change:AS Inactive ()[0;m
[38;5;43mTue Sep 29 22:26:09 2026 <0023> xua_as_fsm.c:430 0: AS(as-msc) AS became active, some routes to remote PCs may have become available[0;m
[38;5;43mTue Sep 29 22:26:09 2026 <0023> xua_as_fsm.c:471 0: AS(as-msc) AS became active => address-book pc=2059=1.1.3 is now available[0;m
[38;5;43mTue Sep 29 22:26:09 2026 <0023> ss7_route.c:143 0: RT(dpc=2059=1.1.3,mask=0x3fff=7.255.7,prio=5,via=as-msc,st=available) Creating route: pc=2059=1.1.3 mask=0x3fff=7.255.7 prio=5 dyn via AS as-msc proto=m3ua[0;m
[38;5;43mTue Sep 29 22:26:09 2026 <0023> ss7_route.c:409 0: RT(dpc=2059=1.1.3,mask=0x3fff=7.255.7,prio=5,via=as-msc,st=available) changed to status 'available'[0;m
[38;5;43mTue Sep 29 22:26:09 2026 <0023> xua_default_lm_fsm.c:406 xua_default_lm(asp-to-stp)[0x60daeb862580]{ACTIVE}: Ignoring primitive M-ASP_ACTIVE.confirm[0;m
[38;5;49mTue Sep 29 22:26:09 2026 <0026> m3ua.c:707 0: ASP(asp-to-stp) Received NOTIFY Type State Change:AS Active ()[0;m
[38;5;49mTue Sep 29 22:26:09 2026 <0026> xua_snm.c:501 0: ASP(asp-to-stp) Rx DUNA(RFC4666 4.5.1) for 1.1.2/0[0;m
[38;5;43mTue Sep 29 22:26:09 2026 <0023> ss7_route.c:143 0: RT(dpc=2058=1.1.2,mask=0x3fff=7.255.7,prio=5,via=as-msc,st=available) Creating route: pc=2058=1.1.2 mask=0x3fff=7.255.7 prio=5 dyn via AS as-msc proto=m3ua[0;m
[38;5;43mTue Sep 29 22:26:09 2026 <0023> ss7_route.c:409 0: RT(dpc=2058=1.1.2,mask=0x3fff=7.255.7,prio=5,via=as-msc,st=available) changed to status 'unavailable'[0;m
[38;5;49mTue Sep 29 22:26:09 2026 <0026> xua_snm.c:536 0: ASP(asp-to-stp) Rx DAVA() for 1.1.3/0[0;m
[38;5;43mTue Sep 29 22:26:09 2026 <0023> ss7_route.c:409 0: RT(dpc=2059=1.1.3,mask=0x3fff=7.255.7,prio=5,via=as-msc,st=available) changed to status 'available'[0;m
[38;5;43mTue Sep 29 22:26:09 2026 <0023> ss7_combined_linkset.c:297 0: CombinedLinkset(dpc=2059=1.1.3,mask=0x3fff=7.255.7,prio=5) RT loookup: OPC=2057=1.1.1,DPC=2059=1.1.3,SLS=0 -> eSLS=32: picked Normal Route via 'as-msc' round-robin style (available)[0;m
[38;5;43mTue Sep 29 22:26:09 2026 <0023> ss7_asp.c:998 0: ASP(asp-to-stp) xUA CLNT SCTP NOTIFICATION 32770 flags=0x0[0;m
[38;5;43mTue Sep 29 22:26:09 2026 <0023> ss7_asp.c:1014 0: ASP(asp-to-stp) xUA CLNT SCTP_PEER_ADDR_CHANGE: ADDR_CONFIRMED 127.0.0.1:2905 err=None[0;m
[38;5;43mTue Sep 29 22:26:29 2026 <0023> ss7_combined_linkset.c:297 0: CombinedLinkset(dpc=2059=1.1.3,mask=0x3fff=7.255.7,prio=5) RT loookup: OPC=2057=1.1.1,DPC=2059=1.1.3,SLS=1 -> eSLS=33: picked Normal Route via 'as-msc' round-robin style (available)[0;m
[1;38mTue Sep 29 22:26:29 2026 <0008> ran_peer.c:123 ran_peer(GERAN-A:RI-SSN_PC:PC-1-1-3:SSN-BSSAP)[0x60daeb9f4c50]{READY}: Added seen cell to this RAN peer: CGI:001-01-1-6012[0;m
[38;5;43mTue Sep 29 22:26:31 2026 <0023> ss7_combined_linkset.c:297 0: CombinedLinkset(dpc=2059=1.1.3,mask=0x3fff=7.255.7,prio=5) RT loookup: OPC=2057=1.1.1,DPC=2059=1.1.3,SLS=2 -> eSLS=34: picked Normal Route via 'as-msc' round-robin style (available)[0;m
[1;38mTue Sep 29 22:26:31 2026 <0008> ran_peer.c:123 ran_peer(GERAN-A:RI-SSN_PC:PC-1-1-3:SSN-BSSAP)[0x60daeb9f4c50]{READY}: Added seen cell to this RAN peer: CGI:001-01-1-6001[0;m
Tue Sep 29 22:26:31 2026 <0009> gsm_04_08.c:1548 msub(IMSI-001010001000002:MSISDN-100102) VLR: update for IMSI=001010001000002 (MSISDN=100102)
Tue Sep 29 22:26:31 2026 <0009> gsm_04_08.c:1548 msub(IMSI-001010001000002:MSISDN-100102:TMSInew-0x384971EE) VLR: update for IMSI=001010001000002 (MSISDN=100102)
Tue Sep 29 22:26:32 2026 <0009> gsm_04_08.c:1548 msub(IMSI-001010001000002:MSISDN-100102:TMSI-0x384971EE) VLR: update for IMSI=001010001000002 (MSISDN=100102)
Tue Sep 29 22:26:34 2026 <0009> gsm_04_08.c:1548 msub(IMSI-001010001000001:MSISDN-100101) VLR: update for IMSI=001010001000001 (MSISDN=100101)
Tue Sep 29 22:26:34 2026 <0009> gsm_04_08.c:1548 msub(IMSI-001010001000001:MSISDN-100101:TMSInew-0x6AB938BB) VLR: update for IMSI=001010001000001 (MSISDN=100101)
Tue Sep 29 22:26:35 2026 <0009> gsm_04_08.c:1548 msub(IMSI-001010001000001:MSISDN-100101:TMSI-0x6AB938BB) VLR: update for IMSI=001010001000001 (MSISDN=100101)
[1;39mTue Sep 29 22:32:14 2026 <0007> mncc_sock.c:72 MNCC Socket has LOST connection[0;m
[1;32mTue Sep 29 22:32:14 2026 <0001> gsm_04_08.c:91 Clearing all currently active transactions!!![0;m
[38;5;49mTue Sep 29 22:32:15 2026 <0026> xua_snm.c:501 0: ASP(asp-to-stp) Rx DUNA() for 1.1.3/0[0;m
[38;5;43mTue Sep 29 22:32:15 2026 <0023> ss7_route.c:409 0: RT(dpc=2059=1.1.3,mask=0x3fff=7.255.7,prio=5,via=as-msc,st=available) changed to status 'unavailable'[0;m
Tue Sep 29 22:32:15 2026 <0013> sccp_ran.c:167 ran_peer(GERAN-A:RI-SSN_PC:PC-1-1-3:SSN-BSSAP)[0x60daeb9f4c50]{READY}: now unreachable: N-PCSTATE ind: pc=2059=1.1.3 sp_status=INACCESSIBLE remote_sccp_status=UNAVAILABLE_UNKNOWN
Tue Sep 29 22:32:15 2026 <0009> msc_main.c:285 Terminating due to signal 15
[38;5;43mTue Sep 29 22:32:33 2026 <0023> ss7_instance.c:98 0: Creating SS7 Instance[0;m
[38;5;43mTue Sep 29 22:32:33 2026 <0023> ss7_route_table.c:62 0: Creating Route Table system[0;m
[38;5;43mTue Sep 29 22:32:33 2026 <0023> ss7_asp_vty.c:673 0: ASP(asp-to-stp) Applying Adm State change: ENABLED -> ENABLED[0;m
[38;5;43mTue Sep 29 22:32:33 2026 <0023> ss7_asp.c:892 0: ASP(asp-to-stp) Restarting ASP asp-to-stp, r=127.0.0.2:2905<->l=127.0.0.1:2906[0;m
[38;5;43mTue Sep 29 22:32:33 2026 <0023> ss7_instance.c:380 0: AS(as-msc) Created AS[0;m
[38;5;43mTue Sep 29 22:32:33 2026 <0023> ss7_as.c:185 0: AS(as-msc) Adding ASP asp-to-stp to AS[0;m
[1;39mTue Sep 29 22:32:33 2026 <0007> mncc_sock.c:300 MNCC socket at /tmp/msc_mncc[0;m
Tue Sep 29 22:32:33 2026 <0017> telnet_interface.c:88 Available via telnet 127.0.0.1 4254
Tue Sep 29 22:32:33 2026 <000f> smpp_smsc.c:990 SMPP at 0.0.0.0 2775
[38;5;33mTue Sep 29 22:32:33 2026 <001e> control_if.c:1026 CTRL at 127.0.0.1 4255[0;m
[38;5;39mTue Sep 29 22:32:33 2026 <0021> gsup_client.c:77 GSUP connecting to 127.0.0.2:4222[0;m
Tue Sep 29 22:32:33 2026 <000c> db.c:518 Init database connection to 'sms.db' using SQLite3 lib version 3.45.1
[38;5;51mTue Sep 29 22:32:33 2026 <0027> mgcp_client.c:945 MGW(mgw) MGCP client: using endpoint domain '@mgw'[0;m
Tue Sep 29 22:32:33 2026 <0009> msc_main.c:576 MGW pool with 1 pool members configured, (ignoring MGW configuration in VTY node 'msc').
[38;5;45mTue Sep 29 22:32:33 2026 <0024> sccp_instance.c:655 OsmoMSC-A: Using SS7 instance 0, pc:1.1.1[0;m
[38;5;45mTue Sep 29 22:32:33 2026 <0024> sccp_instance.c:673 OsmoMSC-A: Using AS instance as-msc[0;m
[38;5;45mTue Sep 29 22:32:33 2026 <0024> sccp_instance.c:679 OsmoMSC-A: Creating default route[0;m
[38;5;43mTue Sep 29 22:32:33 2026 <0023> ss7_route.c:143 0: RT(dpc=0=0.0.0,mask=0x0=0.0.0,prio=5,via=as-msc,st=available) Creating route: pc=0=0.0.0 mask=0x0=0.0.0 prio=5 dyn via AS as-msc proto=m3ua[0;m
[38;5;45mTue Sep 29 22:32:33 2026 <0024> sccp_instance.c:784 OsmoMSC-A: Using ASP instance asp-to-stp[0;m
[38;5;43mTue Sep 29 22:32:33 2026 <0023> ss7_instance.c:214 0: Creating SCCP instance[0;m
Tue Sep 29 22:32:33 2026 <0014> sgs_server.c:186 SGs socket bound to r=NULL<->l=127.0.0.1:29118
Tue Sep 29 22:32:33 2026 <0009> msc_main.c:790 A-interface: SCCP user OsmoMSC-A:RI=SSN_PC,PC=(no PC),SSN=BSSAP, cs7-instance 0 ((null))
[38;5;43mTue Sep 29 22:32:33 2026 <0023> ss7_asp.c:1202 0: ASP(asp-to-stp) Client connected (r=127.0.0.2:2905<->l=127.0.0.1:2906)[0;m
[38;5;23mTue Sep 29 22:32:33 2026 <0019> input/ipa.c:144 127.0.0.2:4222 connection done[0;m
[38;5;23mTue Sep 29 22:32:33 2026 <0019> input/ipa.c:617 received ID_GET for unit ID 0/0/0[0;m
[38;5;43mTue Sep 29 22:32:35 2026 <0023> xua_rkm.c:477 0: ASP(asp-to-stp) Received RKM REG RES rctx=110 status=SUCCESS[0;m
[38;5;49mTue Sep 29 22:32:35 2026 <0026> m3ua.c:707 0: ASP(asp-to-stp) Received NOTIFY Type State Change:AS Inactive ()[0;m
[38;5;43mTue Sep 29 22:32:35 2026 <0023> xua_as_fsm.c:430 0: AS(as-msc) AS became active, some routes to remote PCs may have become available[0;m
[38;5;43mTue Sep 29 22:32:35 2026 <0023> xua_as_fsm.c:471 0: AS(as-msc) AS became active => address-book pc=2059=1.1.3 is now available[0;m
[38;5;43mTue Sep 29 22:32:35 2026 <0023> ss7_route.c:143 0: RT(dpc=2059=1.1.3,mask=0x3fff=7.255.7,prio=5,via=as-msc,st=available) Creating route: pc=2059=1.1.3 mask=0x3fff=7.255.7 prio=5 dyn via AS as-msc proto=m3ua[0;m
[38;5;43mTue Sep 29 22:32:35 2026 <0023> ss7_route.c:409 0: RT(dpc=2059=1.1.3,mask=0x3fff=7.255.7,prio=5,via=as-msc,st=available) changed to status 'available'[0;m
[38;5;43mTue Sep 29 22:32:35 2026 <0023> xua_default_lm_fsm.c:406 xua_default_lm(asp-to-stp)[0x59f11994f580]{ACTIVE}: Ignoring primitive M-ASP_ACTIVE.confirm[0;m
[38;5;49mTue Sep 29 22:32:35 2026 <0026> m3ua.c:707 0: ASP(asp-to-stp) Received NOTIFY Type State Change:AS Active ()[0;m
[38;5;49mTue Sep 29 22:32:35 2026 <0026> xua_snm.c:501 0: ASP(asp-to-stp) Rx DUNA(RFC4666 4.5.1) for 1.1.2/0[0;m
[38;5;43mTue Sep 29 22:32:35 2026 <0023> ss7_route.c:143 0: RT(dpc=2058=1.1.2,mask=0x3fff=7.255.7,prio=5,via=as-msc,st=available) Creating route: pc=2058=1.1.2 mask=0x3fff=7.255.7 prio=5 dyn via AS as-msc proto=m3ua[0;m
[38;5;43mTue Sep 29 22:32:35 2026 <0023> ss7_route.c:409 0: RT(dpc=2058=1.1.2,mask=0x3fff=7.255.7,prio=5,via=as-msc,st=available) changed to status 'unavailable'[0;m
[1;39mTue Sep 29 22:32:35 2026 <0007> mncc_sock.c:257 MNCC Socket has connection with external call control application[0;m
[38;5;49mTue Sep 29 22:32:35 2026 <0026> xua_snm.c:536 0: ASP(asp-to-stp) Rx DAVA() for 1.1.3/0[0;m
[38;5;43mTue Sep 29 22:32:35 2026 <0023> ss7_route.c:409 0: RT(dpc=2059=1.1.3,mask=0x3fff=7.255.7,prio=5,via=as-msc,st=available) changed to status 'available'[0;m
[38;5;43mTue Sep 29 22:32:35 2026 <0023> ss7_combined_linkset.c:297 0: CombinedLinkset(dpc=2059=1.1.3,mask=0x3fff=7.255.7,prio=5) RT loookup: OPC=2057=1.1.1,DPC=2059=1.1.3,SLS=0 -> eSLS=32: picked Normal Route via 'as-msc' round-robin style (available)[0;m
[38;5;43mTue Sep 29 22:32:36 2026 <0023> ss7_asp.c:998 0: ASP(asp-to-stp) xUA CLNT SCTP NOTIFICATION 32770 flags=0x0[0;m
[38;5;43mTue Sep 29 22:32:36 2026 <0023> ss7_asp.c:1014 0: ASP(asp-to-stp) xUA CLNT SCTP_PEER_ADDR_CHANGE: ADDR_CONFIRMED 127.0.0.1:2905 err=None[0;m
[38;5;43mTue Sep 29 22:32:57 2026 <0023> ss7_combined_linkset.c:297 0: CombinedLinkset(dpc=2059=1.1.3,mask=0x3fff=7.255.7,prio=5) RT loookup: OPC=2057=1.1.1,DPC=2059=1.1.3,SLS=1 -> eSLS=33: picked Normal Route via 'as-msc' round-robin style (available)[0;m
[1;38mTue Sep 29 22:32:57 2026 <0008> ran_peer.c:123 ran_peer(GERAN-A:RI-SSN_PC:PC-1-1-3:SSN-BSSAP)[0x59f119adee10]{READY}: Added seen cell to this RAN peer: CGI:001-01-1-6012[0;m
Tue Sep 29 22:32:59 2026 <0009> gsm_04_08.c:1548 msub(IMSI-001010001000002:MSISDN-100102) VLR: update for IMSI=001010001000002 (MSISDN=100102)
Tue Sep 29 22:32:59 2026 <0009> gsm_04_08.c:1548 msub(IMSI-001010001000002:MSISDN-100102:TMSInew-0x7A6D311F) VLR: update for IMSI=001010001000002 (MSISDN=100102)
Tue Sep 29 22:33:00 2026 <0009> gsm_04_08.c:1548 msub(IMSI-001010001000002:MSISDN-100102:TMSI-0x7A6D311F) VLR: update for IMSI=001010001000002 (MSISDN=100102)
[38;5;43mTue Sep 29 22:33:05 2026 <0023> ss7_combined_linkset.c:297 0: CombinedLinkset(dpc=2059=1.1.3,mask=0x3fff=7.255.7,prio=5) RT loookup: OPC=2057=1.1.1,DPC=2059=1.1.3,SLS=2 -> eSLS=34: picked Normal Route via 'as-msc' round-robin style (available)[0;m
[1;38mTue Sep 29 22:33:05 2026 <0008> ran_peer.c:123 ran_peer(GERAN-A:RI-SSN_PC:PC-1-1-3:SSN-BSSAP)[0x59f119adee10]{READY}: Added seen cell to this RAN peer: CGI:001-01-1-6001[0;m
Tue Sep 29 22:33:08 2026 <0009> gsm_04_08.c:1548 msub(IMSI-001010001000001:MSISDN-100101) VLR: update for IMSI=001010001000001 (MSISDN=100101)
Tue Sep 29 22:33:08 2026 <0009> gsm_04_08.c:1548 msub(IMSI-001010001000001:MSISDN-100101:TMSInew-0x7C4237D6) VLR: update for IMSI=001010001000001 (MSISDN=100101)
Tue Sep 29 22:33:09 2026 <0009> gsm_04_08.c:1548 msub(IMSI-001010001000001:MSISDN-100101:TMSI-0x7C4237D6) VLR: update for IMSI=001010001000001 (MSISDN=100101)
[1;39mTue Sep 29 22:33:25 2026 <0007> mncc_sock.c:72 MNCC Socket has LOST connection[0;m
[1;32mTue Sep 29 22:33:25 2026 <0001> gsm_04_08.c:91 Clearing all currently active transactions!!![0;m
[38;5;49mTue Sep 29 22:33:26 2026 <0026> xua_snm.c:501 0: ASP(asp-to-stp) Rx DUNA() for 1.1.3/0[0;m
[38;5;43mTue Sep 29 22:33:26 2026 <0023> ss7_route.c:409 0: RT(dpc=2059=1.1.3,mask=0x3fff=7.255.7,prio=5,via=as-msc,st=available) changed to status 'unavailable'[0;m
Tue Sep 29 22:33:26 2026 <0013> sccp_ran.c:167 ran_peer(GERAN-A:RI-SSN_PC:PC-1-1-3:SSN-BSSAP)[0x59f119adee10]{READY}: now unreachable: N-PCSTATE ind: pc=2059=1.1.3 sp_status=INACCESSIBLE remote_sccp_status=UNAVAILABLE_UNKNOWN
Tue Sep 29 22:33:26 2026 <0009> msc_main.c:285 Terminating due to signal 15
[38;5;43mTue Sep 29 22:33:45 2026 <0023> ss7_instance.c:98 0: Creating SS7 Instance[0;m
[38;5;43mTue Sep 29 22:33:45 2026 <0023> ss7_route_table.c:62 0: Creating Route Table system[0;m
[38;5;43mTue Sep 29 22:33:45 2026 <0023> ss7_asp_vty.c:673 0: ASP(asp-to-stp) Applying Adm State change: ENABLED -> ENABLED[0;m
[38;5;43mTue Sep 29 22:33:45 2026 <0023> ss7_asp.c:892 0: ASP(asp-to-stp) Restarting ASP asp-to-stp, r=127.0.0.2:2905<->l=127.0.0.1:2906[0;m
[38;5;43mTue Sep 29 22:33:45 2026 <0023> ss7_instance.c:380 0: AS(as-msc) Created AS[0;m
[38;5;43mTue Sep 29 22:33:45 2026 <0023> ss7_as.c:185 0: AS(as-msc) Adding ASP asp-to-stp to AS[0;m
[1;39mTue Sep 29 22:33:45 2026 <0007> mncc_sock.c:300 MNCC socket at /tmp/msc_mncc[0;m
Tue Sep 29 22:33:45 2026 <0017> telnet_interface.c:88 Available via telnet 127.0.0.1 4254
Tue Sep 29 22:33:45 2026 <000f> smpp_smsc.c:990 SMPP at 0.0.0.0 2775
[38;5;33mTue Sep 29 22:33:45 2026 <001e> control_if.c:1026 CTRL at 127.0.0.1 4255[0;m
[38;5;39mTue Sep 29 22:33:45 2026 <0021> gsup_client.c:77 GSUP connecting to 127.0.0.2:4222[0;m
Tue Sep 29 22:33:45 2026 <000c> db.c:518 Init database connection to 'sms.db' using SQLite3 lib version 3.45.1
[38;5;51mTue Sep 29 22:33:45 2026 <0027> mgcp_client.c:945 MGW(mgw) MGCP client: using endpoint domain '@mgw'[0;m
Tue Sep 29 22:33:45 2026 <0009> msc_main.c:576 MGW pool with 1 pool members configured, (ignoring MGW configuration in VTY node 'msc').
[38;5;45mTue Sep 29 22:33:45 2026 <0024> sccp_instance.c:655 OsmoMSC-A: Using SS7 instance 0, pc:1.1.1[0;m
[38;5;45mTue Sep 29 22:33:45 2026 <0024> sccp_instance.c:673 OsmoMSC-A: Using AS instance as-msc[0;m
[38;5;45mTue Sep 29 22:33:45 2026 <0024> sccp_instance.c:679 OsmoMSC-A: Creating default route[0;m
[38;5;43mTue Sep 29 22:33:45 2026 <0023> ss7_route.c:143 0: RT(dpc=0=0.0.0,mask=0x0=0.0.0,prio=5,via=as-msc,st=available) Creating route: pc=0=0.0.0 mask=0x0=0.0.0 prio=5 dyn via AS as-msc proto=m3ua[0;m
[38;5;45mTue Sep 29 22:33:45 2026 <0024> sccp_instance.c:784 OsmoMSC-A: Using ASP instance asp-to-stp[0;m
[38;5;43mTue Sep 29 22:33:45 2026 <0023> ss7_instance.c:214 0: Creating SCCP instance[0;m
Tue Sep 29 22:33:45 2026 <0014> sgs_server.c:186 SGs socket bound to r=NULL<->l=127.0.0.1:29118
Tue Sep 29 22:33:45 2026 <0009> msc_main.c:790 A-interface: SCCP user OsmoMSC-A:RI=SSN_PC,PC=(no PC),SSN=BSSAP, cs7-instance 0 ((null))
[38;5;43mTue Sep 29 22:33:45 2026 <0023> ss7_asp.c:1202 0: ASP(asp-to-stp) Client connected (r=127.0.0.2:2905<->l=127.0.0.1:2906)[0;m
[38;5;23mTue Sep 29 22:33:45 2026 <0019> input/ipa.c:144 127.0.0.2:4222 connection done[0;m
[38;5;23mTue Sep 29 22:33:45 2026 <0019> input/ipa.c:617 received ID_GET for unit ID 0/0/0[0;m
[1;39mTue Sep 29 22:33:47 2026 <0007> mncc_sock.c:257 MNCC Socket has connection with external call control application[0;m
[38;5;43mTue Sep 29 22:33:47 2026 <0023> xua_rkm.c:477 0: ASP(asp-to-stp) Received RKM REG RES rctx=110 status=SUCCESS[0;m
[38;5;49mTue Sep 29 22:33:47 2026 <0026> m3ua.c:707 0: ASP(asp-to-stp) Received NOTIFY Type State Change:AS Inactive ()[0;m
[38;5;43mTue Sep 29 22:33:47 2026 <0023> xua_as_fsm.c:430 0: AS(as-msc) AS became active, some routes to remote PCs may have become available[0;m
[38;5;43mTue Sep 29 22:33:47 2026 <0023> xua_as_fsm.c:471 0: AS(as-msc) AS became active => address-book pc=2059=1.1.3 is now available[0;m
[38;5;43mTue Sep 29 22:33:47 2026 <0023> ss7_route.c:143 0: RT(dpc=2059=1.1.3,mask=0x3fff=7.255.7,prio=5,via=as-msc,st=available) Creating route: pc=2059=1.1.3 mask=0x3fff=7.255.7 prio=5 dyn via AS as-msc proto=m3ua[0;m
[38;5;43mTue Sep 29 22:33:47 2026 <0023> ss7_route.c:409 0: RT(dpc=2059=1.1.3,mask=0x3fff=7.255.7,prio=5,via=as-msc,st=available) changed to status 'available'[0;m
[38;5;43mTue Sep 29 22:33:47 2026 <0023> xua_default_lm_fsm.c:406 xua_default_lm(asp-to-stp)[0x5f98fc1fb580]{ACTIVE}: Ignoring primitive M-ASP_ACTIVE.confirm[0;m
[38;5;49mTue Sep 29 22:33:47 2026 <0026> m3ua.c:707 0: ASP(asp-to-stp) Received NOTIFY Type State Change:AS Active ()[0;m
[38;5;49mTue Sep 29 22:33:47 2026 <0026> xua_snm.c:501 0: ASP(asp-to-stp) Rx DUNA(RFC4666 4.5.1) for 1.1.2/0[0;m
[38;5;43mTue Sep 29 22:33:47 2026 <0023> ss7_route.c:143 0: RT(dpc=2058=1.1.2,mask=0x3fff=7.255.7,prio=5,via=as-msc,st=available) Creating route: pc=2058=1.1.2 mask=0x3fff=7.255.7 prio=5 dyn via AS as-msc proto=m3ua[0;m
[38;5;43mTue Sep 29 22:33:47 2026 <0023> ss7_route.c:409 0: RT(dpc=2058=1.1.2,mask=0x3fff=7.255.7,prio=5,via=as-msc,st=available) changed to status 'unavailable'[0;m
[38;5;49mTue Sep 29 22:33:47 2026 <0026> xua_snm.c:536 0: ASP(asp-to-stp) Rx DAVA() for 1.1.3/0[0;m
[38;5;43mTue Sep 29 22:33:47 2026 <0023> ss7_route.c:409 0: RT(dpc=2059=1.1.3,mask=0x3fff=7.255.7,prio=5,via=as-msc,st=available) changed to status 'available'[0;m
[38;5;43mTue Sep 29 22:33:47 2026 <0023> ss7_combined_linkset.c:297 0: CombinedLinkset(dpc=2059=1.1.3,mask=0x3fff=7.255.7,prio=5) RT loookup: OPC=2057=1.1.1,DPC=2059=1.1.3,SLS=0 -> eSLS=32: picked Normal Route via 'as-msc' round-robin style (available)[0;m
[38;5;43mTue Sep 29 22:33:47 2026 <0023> ss7_asp.c:998 0: ASP(asp-to-stp) xUA CLNT SCTP NOTIFICATION 32770 flags=0x0[0;m
[38;5;43mTue Sep 29 22:33:47 2026 <0023> ss7_asp.c:1014 0: ASP(asp-to-stp) xUA CLNT SCTP_PEER_ADDR_CHANGE: ADDR_CONFIRMED 127.0.0.1:2905 err=None[0;m
[38;5;43mTue Sep 29 22:34:09 2026 <0023> ss7_combined_linkset.c:297 0: CombinedLinkset(dpc=2059=1.1.3,mask=0x3fff=7.255.7,prio=5) RT loookup: OPC=2057=1.1.1,DPC=2059=1.1.3,SLS=1 -> eSLS=33: picked Normal Route via 'as-msc' round-robin style (available)[0;m
[1;38mTue Sep 29 22:34:09 2026 <0008> ran_peer.c:123 ran_peer(GERAN-A:RI-SSN_PC:PC-1-1-3:SSN-BSSAP)[0x5f98fc38d8b0]{READY}: Added seen cell to this RAN peer: CGI:001-01-1-6012[0;m
Tue Sep 29 22:34:11 2026 <0009> gsm_04_08.c:1548 msub(IMSI-001010001000002:MSISDN-100102) VLR: update for IMSI=001010001000002 (MSISDN=100102)
Tue Sep 29 22:34:11 2026 <0009> gsm_04_08.c:1548 msub(IMSI-001010001000002:MSISDN-100102:TMSInew-0x6EEB470A) VLR: update for IMSI=001010001000002 (MSISDN=100102)
Tue Sep 29 22:34:11 2026 <0009> gsm_04_08.c:1548 msub(IMSI-001010001000002:MSISDN-100102:TMSI-0x6EEB470A) VLR: update for IMSI=001010001000002 (MSISDN=100102)
[38;5;43mTue Sep 29 22:34:15 2026 <0023> ss7_combined_linkset.c:297 0: CombinedLinkset(dpc=2059=1.1.3,mask=0x3fff=7.255.7,prio=5) RT loookup: OPC=2057=1.1.1,DPC=2059=1.1.3,SLS=2 -> eSLS=34: picked Normal Route via 'as-msc' round-robin style (available)[0;m
[1;38mTue Sep 29 22:34:15 2026 <0008> ran_peer.c:123 ran_peer(GERAN-A:RI-SSN_PC:PC-1-1-3:SSN-BSSAP)[0x5f98fc38d8b0]{READY}: Added seen cell to this RAN peer: CGI:001-01-1-6001[0;m
Tue Sep 29 22:34:18 2026 <0009> gsm_04_08.c:1548 msub(IMSI-001010001000001:MSISDN-100101) VLR: update for IMSI=001010001000001 (MSISDN=100101)
Tue Sep 29 22:34:18 2026 <0009> gsm_04_08.c:1548 msub(IMSI-001010001000001:MSISDN-100101:TMSInew-0x13545DAC) VLR: update for IMSI=001010001000001 (MSISDN=100101)
Tue Sep 29 22:34:19 2026 <0009> gsm_04_08.c:1548 msub(IMSI-001010001000001:MSISDN-100101:TMSI-0x13545DAC) VLR: update for IMSI=001010001000001 (MSISDN=100101)
[1;39mTue Sep 29 22:37:57 2026 <0007> mncc_sock.c:72 MNCC Socket has LOST connection[0;m
[1;32mTue Sep 29 22:37:57 2026 <0001> gsm_04_08.c:91 Clearing all currently active transactions!!![0;m
[38;5;49mTue Sep 29 22:37:58 2026 <0026> xua_snm.c:501 0: ASP(asp-to-stp) Rx DUNA() for 1.1.3/0[0;m
[38;5;43mTue Sep 29 22:37:58 2026 <0023> ss7_route.c:409 0: RT(dpc=2059=1.1.3,mask=0x3fff=7.255.7,prio=5,via=as-msc,st=available) changed to status 'unavailable'[0;m
Tue Sep 29 22:37:58 2026 <0013> sccp_ran.c:167 ran_peer(GERAN-A:RI-SSN_PC:PC-1-1-3:SSN-BSSAP)[0x5f98fc38d8b0]{READY}: now unreachable: N-PCSTATE ind: pc=2059=1.1.3 sp_status=INACCESSIBLE remote_sccp_status=UNAVAILABLE_UNKNOWN
Tue Sep 29 22:37:58 2026 <0009> msc_main.c:285 Terminating due to signal 15
[38;5;43mTue Sep 29 22:38:16 2026 <0023> ss7_instance.c:98 0: Creating SS7 Instance[0;m
[38;5;43mTue Sep 29 22:38:16 2026 <0023> ss7_route_table.c:62 0: Creating Route Table system[0;m
[38;5;43mTue Sep 29 22:38:16 2026 <0023> ss7_asp_vty.c:673 0: ASP(asp-to-stp) Applying Adm State change: ENABLED -> ENABLED[0;m
[38;5;43mTue Sep 29 22:38:16 2026 <0023> ss7_asp.c:892 0: ASP(asp-to-stp) Restarting ASP asp-to-stp, r=127.0.0.2:2905<->l=127.0.0.1:2906[0;m
[38;5;43mTue Sep 29 22:38:16 2026 <0023> ss7_instance.c:380 0: AS(as-msc) Created AS[0;m
[38;5;43mTue Sep 29 22:38:16 2026 <0023> ss7_as.c:185 0: AS(as-msc) Adding ASP asp-to-stp to AS[0;m
[1;39mTue Sep 29 22:38:16 2026 <0007> mncc_sock.c:300 MNCC socket at /tmp/msc_mncc[0;m
Tue Sep 29 22:38:16 2026 <0017> telnet_interface.c:88 Available via telnet 127.0.0.1 4254
Tue Sep 29 22:38:16 2026 <000f> smpp_smsc.c:990 SMPP at 0.0.0.0 2775
[38;5;33mTue Sep 29 22:38:16 2026 <001e> control_if.c:1026 CTRL at 127.0.0.1 4255[0;m
[38;5;39mTue Sep 29 22:38:16 2026 <0021> gsup_client.c:77 GSUP connecting to 127.0.0.2:4222[0;m
Tue Sep 29 22:38:16 2026 <000c> db.c:518 Init database connection to 'sms.db' using SQLite3 lib version 3.45.1
[38;5;51mTue Sep 29 22:38:16 2026 <0027> mgcp_client.c:945 MGW(mgw) MGCP client: using endpoint domain '@mgw'[0;m
Tue Sep 29 22:38:16 2026 <0009> msc_main.c:576 MGW pool with 1 pool members configured, (ignoring MGW configuration in VTY node 'msc').
[38;5;45mTue Sep 29 22:38:16 2026 <0024> sccp_instance.c:655 OsmoMSC-A: Using SS7 instance 0, pc:1.1.1[0;m
[38;5;45mTue Sep 29 22:38:16 2026 <0024> sccp_instance.c:673 OsmoMSC-A: Using AS instance as-msc[0;m
[38;5;45mTue Sep 29 22:38:16 2026 <0024> sccp_instance.c:679 OsmoMSC-A: Creating default route[0;m
[38;5;43mTue Sep 29 22:38:16 2026 <0023> ss7_route.c:143 0: RT(dpc=0=0.0.0,mask=0x0=0.0.0,prio=5,via=as-msc,st=available) Creating route: pc=0=0.0.0 mask=0x0=0.0.0 prio=5 dyn via AS as-msc proto=m3ua[0;m
[38;5;45mTue Sep 29 22:38:16 2026 <0024> sccp_instance.c:784 OsmoMSC-A: Using ASP instance asp-to-stp[0;m
[38;5;43mTue Sep 29 22:38:16 2026 <0023> ss7_instance.c:214 0: Creating SCCP instance[0;m
Tue Sep 29 22:38:16 2026 <0014> sgs_server.c:186 SGs socket bound to r=NULL<->l=127.0.0.1:29118
Tue Sep 29 22:38:16 2026 <0009> msc_main.c:790 A-interface: SCCP user OsmoMSC-A:RI=SSN_PC,PC=(no PC),SSN=BSSAP, cs7-instance 0 ((null))
[38;5;43mTue Sep 29 22:38:16 2026 <0023> ss7_asp.c:1202 0: ASP(asp-to-stp) Client connected (r=127.0.0.2:2905<->l=127.0.0.1:2906)[0;m
[38;5;23mTue Sep 29 22:38:16 2026 <0019> input/ipa.c:144 127.0.0.2:4222 connection done[0;m
[38;5;23mTue Sep 29 22:38:16 2026 <0019> input/ipa.c:617 received ID_GET for unit ID 0/0/0[0;m
[38;5;43mTue Sep 29 22:38:18 2026 <0023> xua_rkm.c:477 0: ASP(asp-to-stp) Received RKM REG RES rctx=110 status=SUCCESS[0;m
[38;5;49mTue Sep 29 22:38:18 2026 <0026> m3ua.c:707 0: ASP(asp-to-stp) Received NOTIFY Type State Change:AS Inactive ()[0;m
[38;5;43mTue Sep 29 22:38:18 2026 <0023> xua_as_fsm.c:430 0: AS(as-msc) AS became active, some routes to remote PCs may have become available[0;m
[38;5;43mTue Sep 29 22:38:18 2026 <0023> xua_as_fsm.c:471 0: AS(as-msc) AS became active => address-book pc=2059=1.1.3 is now available[0;m
[38;5;43mTue Sep 29 22:38:18 2026 <0023> ss7_route.c:143 0: RT(dpc=2059=1.1.3,mask=0x3fff=7.255.7,prio=5,via=as-msc,st=available) Creating route: pc=2059=1.1.3 mask=0x3fff=7.255.7 prio=5 dyn via AS as-msc proto=m3ua[0;m
[38;5;43mTue Sep 29 22:38:18 2026 <0023> ss7_route.c:409 0: RT(dpc=2059=1.1.3,mask=0x3fff=7.255.7,prio=5,via=as-msc,st=available) changed to status 'available'[0;m
[38;5;43mTue Sep 29 22:38:18 2026 <0023> xua_default_lm_fsm.c:406 xua_default_lm(asp-to-stp)[0x5b1b5e49b580]{ACTIVE}: Ignoring primitive M-ASP_ACTIVE.confirm[0;m
[38;5;49mTue Sep 29 22:38:18 2026 <0026> m3ua.c:707 0: ASP(asp-to-stp) Received NOTIFY Type State Change:AS Active ()[0;m
[38;5;49mTue Sep 29 22:38:18 2026 <0026> xua_snm.c:501 0: ASP(asp-to-stp) Rx DUNA(RFC4666 4.5.1) for 1.1.2/0[0;m
[38;5;43mTue Sep 29 22:38:18 2026 <0023> ss7_route.c:143 0: RT(dpc=2058=1.1.2,mask=0x3fff=7.255.7,prio=5,via=as-msc,st=available) Creating route: pc=2058=1.1.2 mask=0x3fff=7.255.7 prio=5 dyn via AS as-msc proto=m3ua[0;m
[38;5;43mTue Sep 29 22:38:18 2026 <0023> ss7_route.c:409 0: RT(dpc=2058=1.1.2,mask=0x3fff=7.255.7,prio=5,via=as-msc,st=available) changed to status 'unavailable'[0;m
[1;39mTue Sep 29 22:38:18 2026 <0007> mncc_sock.c:257 MNCC Socket has connection with external call control application[0;m
[38;5;49mTue Sep 29 22:38:18 2026 <0026> xua_snm.c:536 0: ASP(asp-to-stp) Rx DAVA() for 1.1.3/0[0;m
[38;5;43mTue Sep 29 22:38:18 2026 <0023> ss7_route.c:409 0: RT(dpc=2059=1.1.3,mask=0x3fff=7.255.7,prio=5,via=as-msc,st=available) changed to status 'available'[0;m
[38;5;43mTue Sep 29 22:38:18 2026 <0023> ss7_combined_linkset.c:297 0: CombinedLinkset(dpc=2059=1.1.3,mask=0x3fff=7.255.7,prio=5) RT loookup: OPC=2057=1.1.1,DPC=2059=1.1.3,SLS=0 -> eSLS=32: picked Normal Route via 'as-msc' round-robin style (available)[0;m
[38;5;43mTue Sep 29 22:38:20 2026 <0023> ss7_asp.c:998 0: ASP(asp-to-stp) xUA CLNT SCTP NOTIFICATION 32770 flags=0x0[0;m
[38;5;43mTue Sep 29 22:38:20 2026 <0023> ss7_asp.c:1014 0: ASP(asp-to-stp) xUA CLNT SCTP_PEER_ADDR_CHANGE: ADDR_CONFIRMED 127.0.0.1:2905 err=None[0;m
[38;5;43mTue Sep 29 22:38:39 2026 <0023> ss7_combined_linkset.c:297 0: CombinedLinkset(dpc=2059=1.1.3,mask=0x3fff=7.255.7,prio=5) RT loookup: OPC=2057=1.1.1,DPC=2059=1.1.3,SLS=1 -> eSLS=33: picked Normal Route via 'as-msc' round-robin style (available)[0;m
[1;38mTue Sep 29 22:38:39 2026 <0008> ran_peer.c:123 ran_peer(GERAN-A:RI-SSN_PC:PC-1-1-3:SSN-BSSAP)[0x5b1b5e62a360]{READY}: Added seen cell to this RAN peer: CGI:001-01-1-6012[0;m
Tue Sep 29 22:38:41 2026 <0009> gsm_04_08.c:1548 msub(IMSI-001010001000002:MSISDN-100102) VLR: update for IMSI=001010001000002 (MSISDN=100102)
Tue Sep 29 22:38:41 2026 <0009> gsm_04_08.c:1548 msub(IMSI-001010001000002:MSISDN-100102:TMSInew-0x312D024D) VLR: update for IMSI=001010001000002 (MSISDN=100102)
Tue Sep 29 22:38:41 2026 <0009> gsm_04_08.c:1548 msub(IMSI-001010001000002:MSISDN-100102:TMSI-0x312D024D) VLR: update for IMSI=001010001000002 (MSISDN=100102)
[38;5;43mTue Sep 29 22:38:48 2026 <0023> ss7_combined_linkset.c:297 0: CombinedLinkset(dpc=2059=1.1.3,mask=0x3fff=7.255.7,prio=5) RT loookup: OPC=2057=1.1.1,DPC=2059=1.1.3,SLS=2 -> eSLS=34: picked Normal Route via 'as-msc' round-robin style (available)[0;m
[1;38mTue Sep 29 22:38:48 2026 <0008> ran_peer.c:123 ran_peer(GERAN-A:RI-SSN_PC:PC-1-1-3:SSN-BSSAP)[0x5b1b5e62a360]{READY}: Added seen cell to this RAN peer: CGI:001-01-1-6001[0;m
Tue Sep 29 22:38:51 2026 <0009> gsm_04_08.c:1548 msub(IMSI-001010001000001:MSISDN-100101) VLR: update for IMSI=001010001000001 (MSISDN=100101)
Tue Sep 29 22:38:51 2026 <0009> gsm_04_08.c:1548 msub(IMSI-001010001000001:MSISDN-100101:TMSInew-0x1158D0F3) VLR: update for IMSI=001010001000001 (MSISDN=100101)
Tue Sep 29 22:38:52 2026 <0009> gsm_04_08.c:1548 msub(IMSI-001010001000001:MSISDN-100101:TMSI-0x1158D0F3) VLR: update for IMSI=001010001000001 (MSISDN=100101)
[38;5;43mTue Sep 29 22:41:40 2026 <0023> ss7_combined_linkset.c:297 0: CombinedLinkset(dpc=2059=1.1.3,mask=0x3fff=7.255.7,prio=5) RT loookup: OPC=2057=1.1.1,DPC=2059=1.1.3,SLS=3 -> eSLS=35: picked Normal Route via 'as-msc' round-robin style (available)[0;m
[38;5;31mTue Sep 29 22:41:42 2026 <001d> gsm0411_smc.c:94 SMC(0) instance created for network[0;m
[38;5;31mTue Sep 29 22:41:42 2026 <001d> gsm0411_smr.c:90 SMR(0) instance created for network.[0;m
[38;5;31mTue Sep 29 22:41:42 2026 <001d> gsm0411_smc.c:573 SMC(0) message MMSMS-EST-IND (CP DATA) received in state IDLE[0;m
[38;5;31mTue Sep 29 22:41:42 2026 <001d> gsm0411_smc.c:291 SMC(0) received CP-DATA[0;m
[38;5;31mTue Sep 29 22:41:42 2026 <001d> gsm0411_smc.c:140 SMC(0) new CP state IDLE -> MM_ESTABLISHED[0;m
[38;5;31mTue Sep 29 22:41:42 2026 <001d> gsm0411_smr.c:487 SMR(0) message MNSMS-EST-IND received in state IDLE[0;m
[38;5;31mTue Sep 29 22:41:42 2026 <001d> gsm0411_smr.c:144 SMR(0) new RP state IDLE -> WAIT_TO_TX_RP_ACK[0;m
[38;5;31mTue Sep 29 22:41:42 2026 <001d> gsm0411_smr.c:420 SMR(0) message SM-RL-REPORT_REQ received in state WAIT_TO_TX_RP_ACK[0;m
[38;5;31mTue Sep 29 22:41:42 2026 <001d> gsm0411_smr.c:144 SMR(0) new RP state WAIT_TO_TX_RP_ACK -> IDLE[0;m
[38;5;31mTue Sep 29 22:41:42 2026 <001d> gsm0411_smc.c:473 SMC(0) message MNSMS-DATA-REQ received in state MM_ESTABLISHED[0;m
[38;5;31mTue Sep 29 22:41:42 2026 <001d> gsm0411_smc.c:188 SMC(0) send CP data[0;m
[38;5;31mTue Sep 29 22:41:42 2026 <001d> gsm0411_smc.c:140 SMC(0) new CP state MM_ESTABLISHED -> WAIT_CP_ACK[0;m
[38;5;31mTue Sep 29 22:41:42 2026 <001d> gsm0411_smc.c:473 SMC(0) message MNSMS-REL-REQ received in state WAIT_CP_ACK[0;m
[38;5;31mTue Sep 29 22:41:42 2026 <001d> gsm0411_smc.c:338 SMC(0) cannot release yet current state: WAIT_CP_ACK[0;m
[38;5;31mTue Sep 29 22:41:42 2026 <001d> gsm0411_smc.c:94 SMC(0) instance created for network[0;m
[38;5;31mTue Sep 29 22:41:42 2026 <001d> gsm0411_smr.c:90 SMR(0) instance created for network.[0;m
[38;5;31mTue Sep 29 22:41:42 2026 <001d> gsm_04_11.c:1195 trans(SMS IMSI-001010001000002:MSISDN-100102:TMSI-0x312D024D callref-0x40000002 tid-0) Going to send a MT SMS[0;m
[38;5;31mTue Sep 29 22:41:42 2026 <001d> gsm0411_smr.c:420 SMR(0) message SM-RL-DATA_REQ received in state IDLE[0;m
[38;5;31mTue Sep 29 22:41:42 2026 <001d> gsm0411_smr.c:144 SMR(0) new RP state IDLE -> WAIT_FOR_RP_ACK[0;m
[38;5;31mTue Sep 29 22:41:42 2026 <001d> gsm0411_smc.c:473 SMC(0) message MNSMS-EST-REQ received in state IDLE[0;m
[38;5;31mTue Sep 29 22:41:42 2026 <001d> gsm0411_smc.c:140 SMC(0) new CP state IDLE -> MM_CONN_PENDING[0;m
[38;5;43mTue Sep 29 22:41:43 2026 <0023> ss7_combined_linkset.c:297 0: CombinedLinkset(dpc=2059=1.1.3,mask=0x3fff=7.255.7,prio=5) RT loookup: OPC=2057=1.1.1,DPC=2059=1.1.3,SLS=4 -> eSLS=36: picked Normal Route via 'as-msc' round-robin style (available)[0;m
[38;5;31mTue Sep 29 22:41:44 2026 <001d> gsm0411_smc.c:573 SMC(0) message MMSMS-EST-CNF received in state MM_CONN_PENDING[0;m
[38;5;31mTue Sep 29 22:41:44 2026 <001d> gsm0411_smc.c:188 SMC(0) send CP data[0;m
[38;5;31mTue Sep 29 22:41:44 2026 <001d> gsm0411_smc.c:140 SMC(0) new CP state MM_CONN_PENDING -> WAIT_CP_ACK[0;m
[38;5;31mTue Sep 29 22:41:44 2026 <001d> gsm0411_smc.c:573 SMC(0) message MMSMS-DATA-IND (CP ACK) received in state WAIT_CP_ACK[0;m
[38;5;31mTue Sep 29 22:41:44 2026 <001d> gsm0411_smc.c:263 SMC(0) received CP-ACK[0;m
[38;5;31mTue Sep 29 22:41:44 2026 <001d> gsm0411_smc.c:140 SMC(0) new CP state WAIT_CP_ACK -> MM_ESTABLISHED[0;m
[38;5;31mTue Sep 29 22:41:44 2026 <001d> gsm0411_smc.c:274 SMC(0) we have pending release.[0;m
[38;5;31mTue Sep 29 22:41:44 2026 <001d> gsm0411_smc.c:140 SMC(0) new CP state MM_ESTABLISHED -> IDLE[0;m
[38;5;31mTue Sep 29 22:41:44 2026 <001d> gsm0411_smr.c:98 SMR(0) clearing SMR instance[0;m
[38;5;31mTue Sep 29 22:41:44 2026 <001d> gsm0411_smc.c:102 SMC(0) clearing instance[0;m
[38;5;31mTue Sep 29 22:41:45 2026 <001d> gsm0411_smc.c:573 SMC(0) message MMSMS-DATA-IND (CP ACK) received in state WAIT_CP_ACK[0;m
[38;5;31mTue Sep 29 22:41:45 2026 <001d> gsm0411_smc.c:263 SMC(0) received CP-ACK[0;m
[38;5;31mTue Sep 29 22:41:45 2026 <001d> gsm0411_smc.c:140 SMC(0) new CP state WAIT_CP_ACK -> MM_ESTABLISHED[0;m
[38;5;31mTue Sep 29 22:41:45 2026 <001d> gsm0411_smc.c:573 SMC(0) message MMSMS-DATA-IND (CP DATA) received in state MM_ESTABLISHED[0;m
[38;5;31mTue Sep 29 22:41:45 2026 <001d> gsm0411_smc.c:291 SMC(0) received CP-DATA[0;m
[38;5;31mTue Sep 29 22:41:45 2026 <001d> gsm0411_smr.c:487 SMR(0) message MNSMS-DATA-IND received in state WAIT_FOR_RP_ACK[0;m
[38;5;31mTue Sep 29 22:41:45 2026 <001d> gsm0411_smr.c:144 SMR(0) new RP state WAIT_FOR_RP_ACK -> IDLE[0;m
[38;5;31mTue Sep 29 22:41:45 2026 <001d> gsm0411_smc.c:473 SMC(0) message MNSMS-REL-REQ received in state MM_ESTABLISHED[0;m
[38;5;31mTue Sep 29 22:41:45 2026 <001d> gsm0411_smc.c:140 SMC(0) new CP state MM_ESTABLISHED -> IDLE[0;m
[38;5;31mTue Sep 29 22:41:45 2026 <001d> gsm0411_smr.c:98 SMR(0) clearing SMR instance[0;m
[38;5;31mTue Sep 29 22:41:45 2026 <001d> gsm0411_smc.c:102 SMC(0) clearing instance[0;m
[38;5;31mTue Sep 29 22:42:03 2026 <001d> gsm0411_smc.c:94 SMC(0) instance created for network[0;m
[38;5;31mTue Sep 29 22:42:03 2026 <001d> gsm0411_smr.c:90 SMR(0) instance created for network.[0;m
[38;5;31mTue Sep 29 22:42:03 2026 <001d> gsm_04_11.c:1195 trans(SMS IMSI-001010001000001:MSISDN-100101:TMSI-0x1158D0F3 callref-0x40000003 tid-0) Going to send a MT SMS[0;m
[38;5;31mTue Sep 29 22:42:03 2026 <001d> gsm0411_smr.c:420 SMR(0) message SM-RL-DATA_REQ received in state IDLE[0;m
[38;5;31mTue Sep 29 22:42:03 2026 <001d> gsm0411_smr.c:144 SMR(0) new RP state IDLE -> WAIT_FOR_RP_ACK[0;m
[38;5;31mTue Sep 29 22:42:03 2026 <001d> gsm0411_smc.c:473 SMC(0) message MNSMS-EST-REQ received in state IDLE[0;m
[38;5;31mTue Sep 29 22:42:03 2026 <001d> gsm0411_smc.c:140 SMC(0) new CP state IDLE -> MM_CONN_PENDING[0;m
[38;5;43mTue Sep 29 22:42:05 2026 <0023> ss7_combined_linkset.c:297 0: CombinedLinkset(dpc=2059=1.1.3,mask=0x3fff=7.255.7,prio=5) RT loookup: OPC=2057=1.1.1,DPC=2059=1.1.3,SLS=5 -> eSLS=37: picked Normal Route via 'as-msc' round-robin style (available)[0;m
[38;5;31mTue Sep 29 22:42:06 2026 <001d> gsm0411_smc.c:573 SMC(0) message MMSMS-EST-CNF received in state MM_CONN_PENDING[0;m
[38;5;31mTue Sep 29 22:42:06 2026 <001d> gsm0411_smc.c:188 SMC(0) send CP data[0;m
[38;5;31mTue Sep 29 22:42:06 2026 <001d> gsm0411_smc.c:140 SMC(0) new CP state MM_CONN_PENDING -> WAIT_CP_ACK[0;m
[38;5;31mTue Sep 29 22:42:08 2026 <001d> gsm0411_smc.c:573 SMC(0) message MMSMS-DATA-IND (CP ACK) received in state WAIT_CP_ACK[0;m
[38;5;31mTue Sep 29 22:42:08 2026 <001d> gsm0411_smc.c:263 SMC(0) received CP-ACK[0;m
[38;5;31mTue Sep 29 22:42:08 2026 <001d> gsm0411_smc.c:140 SMC(0) new CP state WAIT_CP_ACK -> MM_ESTABLISHED[0;m
[38;5;31mTue Sep 29 22:42:09 2026 <001d> gsm0411_smc.c:573 SMC(0) message MMSMS-DATA-IND (CP DATA) received in state MM_ESTABLISHED[0;m
[38;5;31mTue Sep 29 22:42:09 2026 <001d> gsm0411_smc.c:291 SMC(0) received CP-DATA[0;m
[38;5;31mTue Sep 29 22:42:09 2026 <001d> gsm0411_smr.c:487 SMR(0) message MNSMS-DATA-IND received in state WAIT_FOR_RP_ACK[0;m
[38;5;31mTue Sep 29 22:42:09 2026 <001d> gsm0411_smr.c:144 SMR(0) new RP state WAIT_FOR_RP_ACK -> IDLE[0;m
[38;5;31mTue Sep 29 22:42:09 2026 <001d> gsm0411_smc.c:473 SMC(0) message MNSMS-REL-REQ received in state MM_ESTABLISHED[0;m
[38;5;31mTue Sep 29 22:42:09 2026 <001d> gsm0411_smc.c:140 SMC(0) new CP state MM_ESTABLISHED -> IDLE[0;m
[38;5;31mTue Sep 29 22:42:09 2026 <001d> gsm0411_smr.c:98 SMR(0) clearing SMR instance[0;m
[38;5;31mTue Sep 29 22:42:09 2026 <001d> gsm0411_smc.c:102 SMC(0) clearing instance[0;m
[38;5;43mTue Sep 29 23:05:02 2026 <0023> ss7_combined_linkset.c:297 0: CombinedLinkset(dpc=2059=1.1.3,mask=0x3fff=7.255.7,prio=5) RT loookup: OPC=2057=1.1.1,DPC=2059=1.1.3,SLS=6 -> eSLS=38: picked Normal Route via 'as-msc' round-robin style (available)[0;m
[38;5;31mTue Sep 29 23:05:04 2026 <001d> gsm0411_smc.c:94 SMC(0) instance created for network[0;m
[38;5;31mTue Sep 29 23:05:04 2026 <001d> gsm0411_smr.c:90 SMR(0) instance created for network.[0;m
[38;5;31mTue Sep 29 23:05:04 2026 <001d> gsm0411_smc.c:573 SMC(0) message MMSMS-EST-IND (CP DATA) received in state IDLE[0;m
[38;5;31mTue Sep 29 23:05:04 2026 <001d> gsm0411_smc.c:291 SMC(0) received CP-DATA[0;m
[38;5;31mTue Sep 29 23:05:04 2026 <001d> gsm0411_smc.c:140 SMC(0) new CP state IDLE -> MM_ESTABLISHED[0;m
[38;5;31mTue Sep 29 23:05:04 2026 <001d> gsm0411_smr.c:487 SMR(0) message MNSMS-EST-IND received in state IDLE[0;m
[38;5;31mTue Sep 29 23:05:04 2026 <001d> gsm0411_smr.c:144 SMR(0) new RP state IDLE -> WAIT_TO_TX_RP_ACK[0;m
[38;5;31mTue Sep 29 23:05:04 2026 <001d> gsm0411_smr.c:420 SMR(0) message SM-RL-REPORT_REQ received in state WAIT_TO_TX_RP_ACK[0;m
[38;5;31mTue Sep 29 23:05:04 2026 <001d> gsm0411_smr.c:144 SMR(0) new RP state WAIT_TO_TX_RP_ACK -> IDLE[0;m
[38;5;31mTue Sep 29 23:05:04 2026 <001d> gsm0411_smc.c:473 SMC(0) message MNSMS-DATA-REQ received in state MM_ESTABLISHED[0;m
[38;5;31mTue Sep 29 23:05:04 2026 <001d> gsm0411_smc.c:188 SMC(0) send CP data[0;m
[38;5;31mTue Sep 29 23:05:04 2026 <001d> gsm0411_smc.c:140 SMC(0) new CP state MM_ESTABLISHED -> WAIT_CP_ACK[0;m
[38;5;31mTue Sep 29 23:05:04 2026 <001d> gsm0411_smc.c:473 SMC(0) message MNSMS-REL-REQ received in state WAIT_CP_ACK[0;m
[38;5;31mTue Sep 29 23:05:04 2026 <001d> gsm0411_smc.c:338 SMC(0) cannot release yet current state: WAIT_CP_ACK[0;m
[38;5;31mTue Sep 29 23:05:05 2026 <001d> gsm0411_smc.c:94 SMC(0) instance created for network[0;m
[38;5;31mTue Sep 29 23:05:05 2026 <001d> gsm0411_smr.c:90 SMR(0) instance created for network.[0;m
[38;5;31mTue Sep 29 23:05:05 2026 <001d> gsm_04_11.c:1195 trans(SMS IMSI-001010001000002:MSISDN-100102:TMSI-0x312D024D callref-0x40000005 tid-0) Going to send a MT SMS[0;m
[38;5;31mTue Sep 29 23:05:05 2026 <001d> gsm0411_smr.c:420 SMR(0) message SM-RL-DATA_REQ received in state IDLE[0;m
[38;5;31mTue Sep 29 23:05:05 2026 <001d> gsm0411_smr.c:144 SMR(0) new RP state IDLE -> WAIT_FOR_RP_ACK[0;m
[38;5;31mTue Sep 29 23:05:05 2026 <001d> gsm0411_smc.c:473 SMC(0) message MNSMS-EST-REQ received in state IDLE[0;m
[38;5;31mTue Sep 29 23:05:05 2026 <001d> gsm0411_smc.c:140 SMC(0) new CP state IDLE -> MM_CONN_PENDING[0;m
[38;5;31mTue Sep 29 23:05:06 2026 <001d> gsm0411_smc.c:573 SMC(0) message MMSMS-DATA-IND (CP ACK) received in state WAIT_CP_ACK[0;m
[38;5;31mTue Sep 29 23:05:06 2026 <001d> gsm0411_smc.c:263 SMC(0) received CP-ACK[0;m
[38;5;31mTue Sep 29 23:05:06 2026 <001d> gsm0411_smc.c:140 SMC(0) new CP state WAIT_CP_ACK -> MM_ESTABLISHED[0;m
[38;5;31mTue Sep 29 23:05:06 2026 <001d> gsm0411_smc.c:274 SMC(0) we have pending release.[0;m
[38;5;31mTue Sep 29 23:05:06 2026 <001d> gsm0411_smc.c:140 SMC(0) new CP state MM_ESTABLISHED -> IDLE[0;m
[38;5;31mTue Sep 29 23:05:06 2026 <001d> gsm0411_smr.c:98 SMR(0) clearing SMR instance[0;m
[38;5;31mTue Sep 29 23:05:06 2026 <001d> gsm0411_smc.c:102 SMC(0) clearing instance[0;m
[38;5;43mTue Sep 29 23:05:06 2026 <0023> ss7_combined_linkset.c:297 0: CombinedLinkset(dpc=2059=1.1.3,mask=0x3fff=7.255.7,prio=5) RT loookup: OPC=2057=1.1.1,DPC=2059=1.1.3,SLS=7 -> eSLS=39: picked Normal Route via 'as-msc' round-robin style (available)[0;m
[38;5;31mTue Sep 29 23:05:07 2026 <001d> gsm0411_smc.c:573 SMC(0) message MMSMS-EST-CNF received in state MM_CONN_PENDING[0;m
[38;5;31mTue Sep 29 23:05:07 2026 <001d> gsm0411_smc.c:188 SMC(0) send CP data[0;m
[38;5;31mTue Sep 29 23:05:07 2026 <001d> gsm0411_smc.c:140 SMC(0) new CP state MM_CONN_PENDING -> WAIT_CP_ACK[0;m
[38;5;31mTue Sep 29 23:05:09 2026 <001d> gsm0411_smc.c:573 SMC(0) message MMSMS-DATA-IND (CP ACK) received in state WAIT_CP_ACK[0;m
[38;5;31mTue Sep 29 23:05:09 2026 <001d> gsm0411_smc.c:263 SMC(0) received CP-ACK[0;m
[38;5;31mTue Sep 29 23:05:09 2026 <001d> gsm0411_smc.c:140 SMC(0) new CP state WAIT_CP_ACK -> MM_ESTABLISHED[0;m
[38;5;31mTue Sep 29 23:05:09 2026 <001d> gsm0411_smc.c:573 SMC(0) message MMSMS-DATA-IND (CP DATA) received in state MM_ESTABLISHED[0;m
[38;5;31mTue Sep 29 23:05:09 2026 <001d> gsm0411_smc.c:291 SMC(0) received CP-DATA[0;m
[38;5;31mTue Sep 29 23:05:09 2026 <001d> gsm0411_smr.c:487 SMR(0) message MNSMS-DATA-IND received in state WAIT_FOR_RP_ACK[0;m
[38;5;31mTue Sep 29 23:05:09 2026 <001d> gsm0411_smr.c:144 SMR(0) new RP state WAIT_FOR_RP_ACK -> IDLE[0;m
[38;5;31mTue Sep 29 23:05:09 2026 <001d> gsm0411_smc.c:473 SMC(0) message MNSMS-REL-REQ received in state MM_ESTABLISHED[0;m
[38;5;31mTue Sep 29 23:05:09 2026 <001d> gsm0411_smc.c:140 SMC(0) new CP state MM_ESTABLISHED -> IDLE[0;m
[38;5;31mTue Sep 29 23:05:09 2026 <001d> gsm0411_smr.c:98 SMR(0) clearing SMR instance[0;m
[38;5;31mTue Sep 29 23:05:09 2026 <001d> gsm0411_smc.c:102 SMC(0) clearing instance[0;m
[38;5;31mTue Sep 29 23:05:25 2026 <001d> gsm0411_smc.c:94 SMC(0) instance created for network[0;m
[38;5;31mTue Sep 29 23:05:25 2026 <001d> gsm0411_smr.c:90 SMR(0) instance created for network.[0;m
[38;5;31mTue Sep 29 23:05:25 2026 <001d> gsm_04_11.c:1195 trans(SMS IMSI-001010001000001:MSISDN-100101:TMSI-0x1158D0F3 callref-0x40000006 tid-0) Going to send a MT SMS[0;m
[38;5;31mTue Sep 29 23:05:25 2026 <001d> gsm0411_smr.c:420 SMR(0) message SM-RL-DATA_REQ received in state IDLE[0;m
[38;5;31mTue Sep 29 23:05:25 2026 <001d> gsm0411_smr.c:144 SMR(0) new RP state IDLE -> WAIT_FOR_RP_ACK[0;m
[38;5;31mTue Sep 29 23:05:25 2026 <001d> gsm0411_smc.c:473 SMC(0) message MNSMS-EST-REQ received in state IDLE[0;m
[38;5;31mTue Sep 29 23:05:25 2026 <001d> gsm0411_smc.c:140 SMC(0) new CP state IDLE -> MM_CONN_PENDING[0;m
[38;5;31mTue Sep 29 23:05:35 2026 <001d> gsm0411_smc.c:573 SMC(0) message MMSMS-REL-IND received in state MM_CONN_PENDING[0;m
[38;5;31mTue Sep 29 23:05:35 2026 <001d> gsm0411_smc.c:388 SMC(0) MM layer is released[0;m
[38;5;31mTue Sep 29 23:05:35 2026 <001d> gsm0411_smc.c:140 SMC(0) new CP state MM_CONN_PENDING -> IDLE[0;m
[38;5;31mTue Sep 29 23:05:35 2026 <001d> gsm0411_smr.c:487 SMR(0) message MNSMS-ERROR-IND received in state WAIT_FOR_RP_ACK[0;m
[38;5;31mTue Sep 29 23:05:35 2026 <001d> gsm0411_smr.c:144 SMR(0) new RP state WAIT_FOR_RP_ACK -> IDLE[0;m
[38;5;31mTue Sep 29 23:05:35 2026 <001d> gsm0411_smc.c:473 SMC(0) message MNSMS-REL-REQ received in state IDLE[0;m
[38;5;31mTue Sep 29 23:05:35 2026 <001d> gsm0411_smr.c:98 SMR(0) clearing SMR instance[0;m
[38;5;31mTue Sep 29 23:05:35 2026 <001d> gsm0411_smc.c:102 SMC(0) clearing instance[0;m
[38;5;43mTue Sep 29 23:05:44 2026 <0023> ss7_combined_linkset.c:297 0: CombinedLinkset(dpc=2059=1.1.3,mask=0x3fff=7.255.7,prio=5) RT loookup: OPC=2057=1.1.1,DPC=2059=1.1.3,SLS=8 -> eSLS=40: picked Normal Route via 'as-msc' round-robin style (available)[0;m
[38;5;43mTue Sep 29 23:05:58 2026 <0023> ss7_combined_linkset.c:297 0: CombinedLinkset(dpc=2059=1.1.3,mask=0x3fff=7.255.7,prio=5) RT loookup: OPC=2057=1.1.1,DPC=2059=1.1.3,SLS=9 -> eSLS=41: picked Normal Route via 'as-msc' round-robin style (available)[0;m
[38;5;43mTue Sep 29 23:08:43 2026 <0023> ss7_combined_linkset.c:297 0: CombinedLinkset(dpc=2059=1.1.3,mask=0x3fff=7.255.7,prio=5) RT loookup: OPC=2057=1.1.1,DPC=2059=1.1.3,SLS=10 -> eSLS=42: picked Normal Route via 'as-msc' round-robin style (available)[0;m
Tue Sep 29 23:08:44 2026 <0009> gsm_04_08.c:1548 msub(IMSI-001010001000002:MSISDN-100102:TMSI-0x312D024D) VLR: update for IMSI=001010001000002 (MSISDN=100102)
Tue Sep 29 23:08:44 2026 <0009> gsm_04_08.c:1548 msub(IMSI-001010001000002:MSISDN-100102:TMSI-0x312D024D:TMSInew-0x67C1A2CD) VLR: update for IMSI=001010001000002 (MSISDN=100102)
Tue Sep 29 23:08:44 2026 <0009> gsm_04_08.c:1548 msub(IMSI-001010001000002:MSISDN-100102:TMSI-0x67C1A2CD) VLR: update for IMSI=001010001000002 (MSISDN=100102)
[1;39mTue Sep 29 23:34:07 2026 <0007> mncc_sock.c:72 MNCC Socket has LOST connection[0;m
[1;32mTue Sep 29 23:34:07 2026 <0001> gsm_04_08.c:91 Clearing all currently active transactions!!![0;m
[38;5;49mTue Sep 29 23:34:08 2026 <0026> xua_snm.c:501 0: ASP(asp-to-stp) Rx DUNA() for 1.1.3/0[0;m
[38;5;43mTue Sep 29 23:34:08 2026 <0023> ss7_route.c:409 0: RT(dpc=2059=1.1.3,mask=0x3fff=7.255.7,prio=5,via=as-msc,st=available) changed to status 'unavailable'[0;m
Tue Sep 29 23:34:08 2026 <0013> sccp_ran.c:167 ran_peer(GERAN-A:RI-SSN_PC:PC-1-1-3:SSN-BSSAP)[0x5b1b5e62a360]{READY}: now unreachable: N-PCSTATE ind: pc=2059=1.1.3 sp_status=INACCESSIBLE remote_sccp_status=UNAVAILABLE_UNKNOWN
Tue Sep 29 23:34:08 2026 <0009> msc_main.c:285 Terminating due to signal 15
[38;5;43mTue Sep 29 23:34:26 2026 <0023> ss7_instance.c:98 0: Creating SS7 Instance[0;m
[38;5;43mTue Sep 29 23:34:26 2026 <0023> ss7_route_table.c:62 0: Creating Route Table system[0;m
[38;5;43mTue Sep 29 23:34:26 2026 <0023> ss7_asp_vty.c:673 0: ASP(asp-to-stp) Applying Adm State change: ENABLED -> ENABLED[0;m
[38;5;43mTue Sep 29 23:34:26 2026 <0023> ss7_asp.c:892 0: ASP(asp-to-stp) Restarting ASP asp-to-stp, r=127.0.0.2:2905<->l=127.0.0.1:2906[0;m
[38;5;43mTue Sep 29 23:34:26 2026 <0023> ss7_instance.c:380 0: AS(as-msc) Created AS[0;m
[38;5;43mTue Sep 29 23:34:26 2026 <0023> ss7_as.c:185 0: AS(as-msc) Adding ASP asp-to-stp to AS[0;m
[1;39mTue Sep 29 23:34:26 2026 <0007> mncc_sock.c:300 MNCC socket at /tmp/msc_mncc[0;m
Tue Sep 29 23:34:26 2026 <0017> telnet_interface.c:88 Available via telnet 127.0.0.1 4254
Tue Sep 29 23:34:26 2026 <000f> smpp_smsc.c:990 SMPP at 0.0.0.0 2775
[38;5;33mTue Sep 29 23:34:26 2026 <001e> control_if.c:1026 CTRL at 127.0.0.1 4255[0;m
[38;5;39mTue Sep 29 23:34:26 2026 <0021> gsup_client.c:77 GSUP connecting to 127.0.0.2:4222[0;m
Tue Sep 29 23:34:26 2026 <000c> db.c:518 Init database connection to 'sms.db' using SQLite3 lib version 3.45.1
[38;5;51mTue Sep 29 23:34:26 2026 <0027> mgcp_client.c:945 MGW(mgw) MGCP client: using endpoint domain '@mgw'[0;m
Tue Sep 29 23:34:26 2026 <0009> msc_main.c:576 MGW pool with 1 pool members configured, (ignoring MGW configuration in VTY node 'msc').
[38;5;45mTue Sep 29 23:34:26 2026 <0024> sccp_instance.c:655 OsmoMSC-A: Using SS7 instance 0, pc:1.1.1[0;m
[38;5;45mTue Sep 29 23:34:26 2026 <0024> sccp_instance.c:673 OsmoMSC-A: Using AS instance as-msc[0;m
[38;5;45mTue Sep 29 23:34:26 2026 <0024> sccp_instance.c:679 OsmoMSC-A: Creating default route[0;m
[38;5;43mTue Sep 29 23:34:26 2026 <0023> ss7_route.c:143 0: RT(dpc=0=0.0.0,mask=0x0=0.0.0,prio=5,via=as-msc,st=available) Creating route: pc=0=0.0.0 mask=0x0=0.0.0 prio=5 dyn via AS as-msc proto=m3ua[0;m
[38;5;45mTue Sep 29 23:34:26 2026 <0024> sccp_instance.c:784 OsmoMSC-A: Using ASP instance asp-to-stp[0;m
[38;5;43mTue Sep 29 23:34:26 2026 <0023> ss7_instance.c:214 0: Creating SCCP instance[0;m
Tue Sep 29 23:34:26 2026 <0014> sgs_server.c:186 SGs socket bound to r=NULL<->l=127.0.0.1:29118
Tue Sep 29 23:34:26 2026 <0009> msc_main.c:790 A-interface: SCCP user OsmoMSC-A:RI=SSN_PC,PC=(no PC),SSN=BSSAP, cs7-instance 0 ((null))
[38;5;43mTue Sep 29 23:34:26 2026 <0023> ss7_asp.c:1202 0: ASP(asp-to-stp) Client connected (r=127.0.0.2:2905<->l=127.0.0.1:2906)[0;m
[38;5;23mTue Sep 29 23:34:26 2026 <0019> input/ipa.c:144 127.0.0.2:4222 connection done[0;m
[38;5;23mTue Sep 29 23:34:26 2026 <0019> input/ipa.c:617 received ID_GET for unit ID 0/0/0[0;m
[38;5;43mTue Sep 29 23:34:28 2026 <0023> xua_rkm.c:477 0: ASP(asp-to-stp) Received RKM REG RES rctx=110 status=SUCCESS[0;m
[38;5;49mTue Sep 29 23:34:28 2026 <0026> m3ua.c:707 0: ASP(asp-to-stp) Received NOTIFY Type State Change:AS Inactive ()[0;m
[38;5;43mTue Sep 29 23:34:28 2026 <0023> xua_as_fsm.c:430 0: AS(as-msc) AS became active, some routes to remote PCs may have become available[0;m
[38;5;43mTue Sep 29 23:34:28 2026 <0023> xua_as_fsm.c:471 0: AS(as-msc) AS became active => address-book pc=2059=1.1.3 is now available[0;m
[38;5;43mTue Sep 29 23:34:28 2026 <0023> ss7_route.c:143 0: RT(dpc=2059=1.1.3,mask=0x3fff=7.255.7,prio=5,via=as-msc,st=available) Creating route: pc=2059=1.1.3 mask=0x3fff=7.255.7 prio=5 dyn via AS as-msc proto=m3ua[0;m
[38;5;43mTue Sep 29 23:34:28 2026 <0023> ss7_route.c:409 0: RT(dpc=2059=1.1.3,mask=0x3fff=7.255.7,prio=5,via=as-msc,st=available) changed to status 'available'[0;m
[38;5;43mTue Sep 29 23:34:28 2026 <0023> xua_default_lm_fsm.c:406 xua_default_lm(asp-to-stp)[0x6247aeda3580]{ACTIVE}: Ignoring primitive M-ASP_ACTIVE.confirm[0;m
[38;5;49mTue Sep 29 23:34:28 2026 <0026> m3ua.c:707 0: ASP(asp-to-stp) Received NOTIFY Type State Change:AS Active ()[0;m
[38;5;49mTue Sep 29 23:34:28 2026 <0026> xua_snm.c:501 0: ASP(asp-to-stp) Rx DUNA(RFC4666 4.5.1) for 1.1.2/0[0;m
[38;5;43mTue Sep 29 23:34:28 2026 <0023> ss7_route.c:143 0: RT(dpc=2058=1.1.2,mask=0x3fff=7.255.7,prio=5,via=as-msc,st=available) Creating route: pc=2058=1.1.2 mask=0x3fff=7.255.7 prio=5 dyn via AS as-msc proto=m3ua[0;m
[38;5;43mTue Sep 29 23:34:28 2026 <0023> ss7_route.c:409 0: RT(dpc=2058=1.1.2,mask=0x3fff=7.255.7,prio=5,via=as-msc,st=available) changed to status 'unavailable'[0;m
[38;5;49mTue Sep 29 23:34:28 2026 <0026> xua_snm.c:536 0: ASP(asp-to-stp) Rx DAVA() for 1.1.3/0[0;m
[38;5;43mTue Sep 29 23:34:28 2026 <0023> ss7_route.c:409 0: RT(dpc=2059=1.1.3,mask=0x3fff=7.255.7,prio=5,via=as-msc,st=available) changed to status 'available'[0;m
[38;5;43mTue Sep 29 23:34:28 2026 <0023> ss7_combined_linkset.c:297 0: CombinedLinkset(dpc=2059=1.1.3,mask=0x3fff=7.255.7,prio=5) RT loookup: OPC=2057=1.1.1,DPC=2059=1.1.3,SLS=0 -> eSLS=32: picked Normal Route via 'as-msc' round-robin style (available)[0;m
[1;39mTue Sep 29 23:34:28 2026 <0007> mncc_sock.c:257 MNCC Socket has connection with external call control application[0;m
[38;5;43mTue Sep 29 23:34:28 2026 <0023> ss7_asp.c:998 0: ASP(asp-to-stp) xUA CLNT SCTP NOTIFICATION 32770 flags=0x0[0;m
[38;5;43mTue Sep 29 23:34:28 2026 <0023> ss7_asp.c:1014 0: ASP(asp-to-stp) xUA CLNT SCTP_PEER_ADDR_CHANGE: ADDR_CONFIRMED 127.0.0.1:2905 err=None[0;m
[38;5;43mTue Sep 29 23:34:50 2026 <0023> ss7_combined_linkset.c:297 0: CombinedLinkset(dpc=2059=1.1.3,mask=0x3fff=7.255.7,prio=5) RT loookup: OPC=2057=1.1.1,DPC=2059=1.1.3,SLS=1 -> eSLS=33: picked Normal Route via 'as-msc' round-robin style (available)[0;m
[1;38mTue Sep 29 23:34:50 2026 <0008> ran_peer.c:123 ran_peer(GERAN-A:RI-SSN_PC:PC-1-1-3:SSN-BSSAP)[0x6247aef355c0]{READY}: Added seen cell to this RAN peer: CGI:001-01-1-6012[0;m
Tue Sep 29 23:34:52 2026 <0009> gsm_04_08.c:1548 msub(IMSI-001010001000002:MSISDN-100102) VLR: update for IMSI=001010001000002 (MSISDN=100102)
Tue Sep 29 23:34:52 2026 <0009> gsm_04_08.c:1548 msub(IMSI-001010001000002:MSISDN-100102:TMSInew-0x08D34C04) VLR: update for IMSI=001010001000002 (MSISDN=100102)
Tue Sep 29 23:34:53 2026 <0009> gsm_04_08.c:1548 msub(IMSI-001010001000002:MSISDN-100102:TMSI-0x08D34C04) VLR: update for IMSI=001010001000002 (MSISDN=100102)
[1;39mTue Sep 29 23:39:11 2026 <0007> mncc_sock.c:72 MNCC Socket has LOST connection[0;m
[1;32mTue Sep 29 23:39:11 2026 <0001> gsm_04_08.c:91 Clearing all currently active transactions!!![0;m
[38;5;49mTue Sep 29 23:39:12 2026 <0026> xua_snm.c:501 0: ASP(asp-to-stp) Rx DUNA() for 1.1.3/0[0;m
[38;5;43mTue Sep 29 23:39:12 2026 <0023> ss7_route.c:409 0: RT(dpc=2059=1.1.3,mask=0x3fff=7.255.7,prio=5,via=as-msc,st=available) changed to status 'unavailable'[0;m
Tue Sep 29 23:39:12 2026 <0013> sccp_ran.c:167 ran_peer(GERAN-A:RI-SSN_PC:PC-1-1-3:SSN-BSSAP)[0x6247aef355c0]{READY}: now unreachable: N-PCSTATE ind: pc=2059=1.1.3 sp_status=INACCESSIBLE remote_sccp_status=UNAVAILABLE_UNKNOWN
Tue Sep 29 23:39:12 2026 <0009> msc_main.c:285 Terminating due to signal 15
[38;5;43mTue Sep 29 23:39:31 2026 <0023> ss7_instance.c:98 0: Creating SS7 Instance[0;m
[38;5;43mTue Sep 29 23:39:31 2026 <0023> ss7_route_table.c:62 0: Creating Route Table system[0;m
[38;5;43mTue Sep 29 23:39:31 2026 <0023> ss7_asp_vty.c:673 0: ASP(asp-to-stp) Applying Adm State change: ENABLED -> ENABLED[0;m
[38;5;43mTue Sep 29 23:39:31 2026 <0023> ss7_asp.c:892 0: ASP(asp-to-stp) Restarting ASP asp-to-stp, r=127.0.0.2:2905<->l=127.0.0.1:2906[0;m
[38;5;43mTue Sep 29 23:39:31 2026 <0023> ss7_instance.c:380 0: AS(as-msc) Created AS[0;m
[38;5;43mTue Sep 29 23:39:31 2026 <0023> ss7_as.c:185 0: AS(as-msc) Adding ASP asp-to-stp to AS[0;m
[1;39mTue Sep 29 23:39:31 2026 <0007> mncc_sock.c:300 MNCC socket at /tmp/msc_mncc[0;m
Tue Sep 29 23:39:31 2026 <0017> telnet_interface.c:88 Available via telnet 127.0.0.1 4254
Tue Sep 29 23:39:31 2026 <000f> smpp_smsc.c:990 SMPP at 0.0.0.0 2775
[38;5;33mTue Sep 29 23:39:31 2026 <001e> control_if.c:1026 CTRL at 127.0.0.1 4255[0;m
[38;5;39mTue Sep 29 23:39:31 2026 <0021> gsup_client.c:77 GSUP connecting to 127.0.0.2:4222[0;m
Tue Sep 29 23:39:31 2026 <000c> db.c:518 Init database connection to 'sms.db' using SQLite3 lib version 3.45.1
[38;5;51mTue Sep 29 23:39:31 2026 <0027> mgcp_client.c:945 MGW(mgw) MGCP client: using endpoint domain '@mgw'[0;m
Tue Sep 29 23:39:31 2026 <0009> msc_main.c:576 MGW pool with 1 pool members configured, (ignoring MGW configuration in VTY node 'msc').
[38;5;45mTue Sep 29 23:39:31 2026 <0024> sccp_instance.c:655 OsmoMSC-A: Using SS7 instance 0, pc:1.1.1[0;m
[38;5;45mTue Sep 29 23:39:31 2026 <0024> sccp_instance.c:673 OsmoMSC-A: Using AS instance as-msc[0;m
[38;5;45mTue Sep 29 23:39:31 2026 <0024> sccp_instance.c:679 OsmoMSC-A: Creating default route[0;m
[38;5;43mTue Sep 29 23:39:31 2026 <0023> ss7_route.c:143 0: RT(dpc=0=0.0.0,mask=0x0=0.0.0,prio=5,via=as-msc,st=available) Creating route: pc=0=0.0.0 mask=0x0=0.0.0 prio=5 dyn via AS as-msc proto=m3ua[0;m
[38;5;45mTue Sep 29 23:39:31 2026 <0024> sccp_instance.c:784 OsmoMSC-A: Using ASP instance asp-to-stp[0;m
[38;5;43mTue Sep 29 23:39:31 2026 <0023> ss7_instance.c:214 0: Creating SCCP instance[0;m
Tue Sep 29 23:39:31 2026 <0014> sgs_server.c:186 SGs socket bound to r=NULL<->l=127.0.0.1:29118
Tue Sep 29 23:39:31 2026 <0009> msc_main.c:790 A-interface: SCCP user OsmoMSC-A:RI=SSN_PC,PC=(no PC),SSN=BSSAP, cs7-instance 0 ((null))
[38;5;43mTue Sep 29 23:39:31 2026 <0023> ss7_asp.c:1202 0: ASP(asp-to-stp) Client connected (r=127.0.0.2:2905<->l=127.0.0.1:2906)[0;m
[38;5;23mTue Sep 29 23:39:31 2026 <0019> input/ipa.c:144 127.0.0.2:4222 connection done[0;m
[38;5;23mTue Sep 29 23:39:31 2026 <0019> input/ipa.c:617 received ID_GET for unit ID 0/0/0[0;m
[38;5;43mTue Sep 29 23:39:33 2026 <0023> xua_rkm.c:477 0: ASP(asp-to-stp) Received RKM REG RES rctx=110 status=SUCCESS[0;m
[38;5;49mTue Sep 29 23:39:33 2026 <0026> m3ua.c:707 0: ASP(asp-to-stp) Received NOTIFY Type State Change:AS Inactive ()[0;m
[38;5;43mTue Sep 29 23:39:33 2026 <0023> xua_as_fsm.c:430 0: AS(as-msc) AS became active, some routes to remote PCs may have become available[0;m
[38;5;43mTue Sep 29 23:39:33 2026 <0023> xua_as_fsm.c:471 0: AS(as-msc) AS became active => address-book pc=2059=1.1.3 is now available[0;m
[38;5;43mTue Sep 29 23:39:33 2026 <0023> ss7_route.c:143 0: RT(dpc=2059=1.1.3,mask=0x3fff=7.255.7,prio=5,via=as-msc,st=available) Creating route: pc=2059=1.1.3 mask=0x3fff=7.255.7 prio=5 dyn via AS as-msc proto=m3ua[0;m
[38;5;43mTue Sep 29 23:39:33 2026 <0023> ss7_route.c:409 0: RT(dpc=2059=1.1.3,mask=0x3fff=7.255.7,prio=5,via=as-msc,st=available) changed to status 'available'[0;m
[38;5;43mTue Sep 29 23:39:33 2026 <0023> xua_default_lm_fsm.c:406 xua_default_lm(asp-to-stp)[0x604b50232580]{ACTIVE}: Ignoring primitive M-ASP_ACTIVE.confirm[0;m
[38;5;49mTue Sep 29 23:39:33 2026 <0026> m3ua.c:707 0: ASP(asp-to-stp) Received NOTIFY Type State Change:AS Active ()[0;m
[38;5;49mTue Sep 29 23:39:33 2026 <0026> xua_snm.c:501 0: ASP(asp-to-stp) Rx DUNA(RFC4666 4.5.1) for 1.1.2/0[0;m
[38;5;43mTue Sep 29 23:39:33 2026 <0023> ss7_route.c:143 0: RT(dpc=2058=1.1.2,mask=0x3fff=7.255.7,prio=5,via=as-msc,st=available) Creating route: pc=2058=1.1.2 mask=0x3fff=7.255.7 prio=5 dyn via AS as-msc proto=m3ua[0;m
[38;5;43mTue Sep 29 23:39:33 2026 <0023> ss7_route.c:409 0: RT(dpc=2058=1.1.2,mask=0x3fff=7.255.7,prio=5,via=as-msc,st=available) changed to status 'unavailable'[0;m
[1;39mTue Sep 29 23:39:33 2026 <0007> mncc_sock.c:257 MNCC Socket has connection with external call control application[0;m
[38;5;49mTue Sep 29 23:39:33 2026 <0026> xua_snm.c:536 0: ASP(asp-to-stp) Rx DAVA() for 1.1.3/0[0;m
[38;5;43mTue Sep 29 23:39:33 2026 <0023> ss7_route.c:409 0: RT(dpc=2059=1.1.3,mask=0x3fff=7.255.7,prio=5,via=as-msc,st=available) changed to status 'available'[0;m
[38;5;43mTue Sep 29 23:39:33 2026 <0023> ss7_combined_linkset.c:297 0: CombinedLinkset(dpc=2059=1.1.3,mask=0x3fff=7.255.7,prio=5) RT loookup: OPC=2057=1.1.1,DPC=2059=1.1.3,SLS=0 -> eSLS=32: picked Normal Route via 'as-msc' round-robin style (available)[0;m
[38;5;43mTue Sep 29 23:39:34 2026 <0023> ss7_asp.c:998 0: ASP(asp-to-stp) xUA CLNT SCTP NOTIFICATION 32770 flags=0x0[0;m
[38;5;43mTue Sep 29 23:39:34 2026 <0023> ss7_asp.c:1014 0: ASP(asp-to-stp) xUA CLNT SCTP_PEER_ADDR_CHANGE: ADDR_CONFIRMED 127.0.0.1:2905 err=None[0;m
[1;39mTue Sep 29 23:41:58 2026 <0007> mncc_sock.c:72 MNCC Socket has LOST connection[0;m
[1;32mTue Sep 29 23:41:58 2026 <0001> gsm_04_08.c:91 Clearing all currently active transactions!!![0;m
[38;5;49mTue Sep 29 23:42:00 2026 <0026> xua_snm.c:501 0: ASP(asp-to-stp) Rx DUNA() for 1.1.3/0[0;m
[38;5;43mTue Sep 29 23:42:00 2026 <0023> ss7_route.c:409 0: RT(dpc=2059=1.1.3,mask=0x3fff=7.255.7,prio=5,via=as-msc,st=available) changed to status 'unavailable'[0;m
Tue Sep 29 23:42:00 2026 <0013> sccp_ran.c:167 ran_peer(GERAN-A:RI-SSN_PC:PC-1-1-3:SSN-BSSAP)[0x604b503c1360]{READY}: now unreachable: N-PCSTATE ind: pc=2059=1.1.3 sp_status=INACCESSIBLE remote_sccp_status=UNAVAILABLE_UNKNOWN
Tue Sep 29 23:42:00 2026 <0009> msc_main.c:285 Terminating due to signal 15
[38;5;43mTue Sep 29 23:42:18 2026 <0023> ss7_instance.c:98 0: Creating SS7 Instance[0;m
[38;5;43mTue Sep 29 23:42:18 2026 <0023> ss7_route_table.c:62 0: Creating Route Table system[0;m
[38;5;43mTue Sep 29 23:42:18 2026 <0023> ss7_asp_vty.c:673 0: ASP(asp-to-stp) Applying Adm State change: ENABLED -> ENABLED[0;m
[38;5;43mTue Sep 29 23:42:18 2026 <0023> ss7_asp.c:892 0: ASP(asp-to-stp) Restarting ASP asp-to-stp, r=127.0.0.2:2905<->l=127.0.0.1:2906[0;m
[38;5;43mTue Sep 29 23:42:18 2026 <0023> ss7_instance.c:380 0: AS(as-msc) Created AS[0;m
[38;5;43mTue Sep 29 23:42:18 2026 <0023> ss7_as.c:185 0: AS(as-msc) Adding ASP asp-to-stp to AS[0;m
[1;39mTue Sep 29 23:42:18 2026 <0007> mncc_sock.c:300 MNCC socket at /tmp/msc_mncc[0;m
Tue Sep 29 23:42:18 2026 <0017> telnet_interface.c:88 Available via telnet 127.0.0.1 4254
Tue Sep 29 23:42:18 2026 <000f> smpp_smsc.c:990 SMPP at 0.0.0.0 2775
[38;5;33mTue Sep 29 23:42:18 2026 <001e> control_if.c:1026 CTRL at 127.0.0.1 4255[0;m
[38;5;39mTue Sep 29 23:42:18 2026 <0021> gsup_client.c:77 GSUP connecting to 127.0.0.2:4222[0;m
Tue Sep 29 23:42:18 2026 <000c> db.c:518 Init database connection to 'sms.db' using SQLite3 lib version 3.45.1
[38;5;51mTue Sep 29 23:42:18 2026 <0027> mgcp_client.c:945 MGW(mgw) MGCP client: using endpoint domain '@mgw'[0;m
Tue Sep 29 23:42:18 2026 <0009> msc_main.c:576 MGW pool with 1 pool members configured, (ignoring MGW configuration in VTY node 'msc').
[38;5;45mTue Sep 29 23:42:18 2026 <0024> sccp_instance.c:655 OsmoMSC-A: Using SS7 instance 0, pc:1.1.1[0;m
[38;5;45mTue Sep 29 23:42:18 2026 <0024> sccp_instance.c:673 OsmoMSC-A: Using AS instance as-msc[0;m
[38;5;45mTue Sep 29 23:42:18 2026 <0024> sccp_instance.c:679 OsmoMSC-A: Creating default route[0;m
[38;5;43mTue Sep 29 23:42:18 2026 <0023> ss7_route.c:143 0: RT(dpc=0=0.0.0,mask=0x0=0.0.0,prio=5,via=as-msc,st=available) Creating route: pc=0=0.0.0 mask=0x0=0.0.0 prio=5 dyn via AS as-msc proto=m3ua[0;m
[38;5;45mTue Sep 29 23:42:18 2026 <0024> sccp_instance.c:784 OsmoMSC-A: Using ASP instance asp-to-stp[0;m
[38;5;43mTue Sep 29 23:42:18 2026 <0023> ss7_instance.c:214 0: Creating SCCP instance[0;m
Tue Sep 29 23:42:18 2026 <0014> sgs_server.c:186 SGs socket bound to r=NULL<->l=127.0.0.1:29118
Tue Sep 29 23:42:18 2026 <0009> msc_main.c:790 A-interface: SCCP user OsmoMSC-A:RI=SSN_PC,PC=(no PC),SSN=BSSAP, cs7-instance 0 ((null))
[38;5;43mTue Sep 29 23:42:18 2026 <0023> ss7_asp.c:1202 0: ASP(asp-to-stp) Client connected (r=127.0.0.2:2905<->l=127.0.0.1:2906)[0;m
[38;5;23mTue Sep 29 23:42:18 2026 <0019> input/ipa.c:144 127.0.0.2:4222 connection done[0;m
[38;5;23mTue Sep 29 23:42:18 2026 <0019> input/ipa.c:617 received ID_GET for unit ID 0/0/0[0;m
[1;39mTue Sep 29 23:42:20 2026 <0007> mncc_sock.c:257 MNCC Socket has connection with external call control application[0;m
[38;5;43mTue Sep 29 23:42:20 2026 <0023> xua_rkm.c:477 0: ASP(asp-to-stp) Received RKM REG RES rctx=110 status=SUCCESS[0;m
[38;5;49mTue Sep 29 23:42:20 2026 <0026> m3ua.c:707 0: ASP(asp-to-stp) Received NOTIFY Type State Change:AS Inactive ()[0;m
[38;5;43mTue Sep 29 23:42:20 2026 <0023> xua_as_fsm.c:430 0: AS(as-msc) AS became active, some routes to remote PCs may have become available[0;m
[38;5;43mTue Sep 29 23:42:20 2026 <0023> xua_as_fsm.c:471 0: AS(as-msc) AS became active => address-book pc=2059=1.1.3 is now available[0;m
[38;5;43mTue Sep 29 23:42:20 2026 <0023> ss7_route.c:143 0: RT(dpc=2059=1.1.3,mask=0x3fff=7.255.7,prio=5,via=as-msc,st=available) Creating route: pc=2059=1.1.3 mask=0x3fff=7.255.7 prio=5 dyn via AS as-msc proto=m3ua[0;m
[38;5;43mTue Sep 29 23:42:20 2026 <0023> ss7_route.c:409 0: RT(dpc=2059=1.1.3,mask=0x3fff=7.255.7,prio=5,via=as-msc,st=available) changed to status 'available'[0;m
[38;5;43mTue Sep 29 23:42:20 2026 <0023> xua_default_lm_fsm.c:406 xua_default_lm(asp-to-stp)[0x5a7337eea580]{ACTIVE}: Ignoring primitive M-ASP_ACTIVE.confirm[0;m
[38;5;49mTue Sep 29 23:42:20 2026 <0026> m3ua.c:707 0: ASP(asp-to-stp) Received NOTIFY Type State Change:AS Active ()[0;m
[38;5;49mTue Sep 29 23:42:20 2026 <0026> xua_snm.c:501 0: ASP(asp-to-stp) Rx DUNA(RFC4666 4.5.1) for 1.1.2/0[0;m
[38;5;43mTue Sep 29 23:42:20 2026 <0023> ss7_route.c:143 0: RT(dpc=2058=1.1.2,mask=0x3fff=7.255.7,prio=5,via=as-msc,st=available) Creating route: pc=2058=1.1.2 mask=0x3fff=7.255.7 prio=5 dyn via AS as-msc proto=m3ua[0;m
[38;5;43mTue Sep 29 23:42:20 2026 <0023> ss7_route.c:409 0: RT(dpc=2058=1.1.2,mask=0x3fff=7.255.7,prio=5,via=as-msc,st=available) changed to status 'unavailable'[0;m
[38;5;49mTue Sep 29 23:42:20 2026 <0026> xua_snm.c:536 0: ASP(asp-to-stp) Rx DAVA() for 1.1.3/0[0;m
[38;5;43mTue Sep 29 23:42:20 2026 <0023> ss7_route.c:409 0: RT(dpc=2059=1.1.3,mask=0x3fff=7.255.7,prio=5,via=as-msc,st=available) changed to status 'available'[0;m
[38;5;43mTue Sep 29 23:42:20 2026 <0023> ss7_combined_linkset.c:297 0: CombinedLinkset(dpc=2059=1.1.3,mask=0x3fff=7.255.7,prio=5) RT loookup: OPC=2057=1.1.1,DPC=2059=1.1.3,SLS=0 -> eSLS=32: picked Normal Route via 'as-msc' round-robin style (available)[0;m
[38;5;43mTue Sep 29 23:42:21 2026 <0023> ss7_asp.c:998 0: ASP(asp-to-stp) xUA CLNT SCTP NOTIFICATION 32770 flags=0x0[0;m
[38;5;43mTue Sep 29 23:42:21 2026 <0023> ss7_asp.c:1014 0: ASP(asp-to-stp) xUA CLNT SCTP_PEER_ADDR_CHANGE: ADDR_CONFIRMED 127.0.0.1:2905 err=None[0;m
[38;5;43mTue Sep 29 23:42:42 2026 <0023> ss7_combined_linkset.c:297 0: CombinedLinkset(dpc=2059=1.1.3,mask=0x3fff=7.255.7,prio=5) RT loookup: OPC=2057=1.1.1,DPC=2059=1.1.3,SLS=1 -> eSLS=33: picked Normal Route via 'as-msc' round-robin style (available)[0;m
[1;38mTue Sep 29 23:42:42 2026 <0008> ran_peer.c:123 ran_peer(GERAN-A:RI-SSN_PC:PC-1-1-3:SSN-BSSAP)[0x5a733807c8b0]{READY}: Added seen cell to this RAN peer: CGI:001-01-1-6012[0;m
Tue Sep 29 23:42:44 2026 <0009> gsm_04_08.c:1548 msub(IMSI-001010001000002:MSISDN-100102) VLR: update for IMSI=001010001000002 (MSISDN=100102)
Tue Sep 29 23:42:44 2026 <0009> gsm_04_08.c:1548 msub(IMSI-001010001000002:MSISDN-100102:TMSInew-0x1CAA2C91) VLR: update for IMSI=001010001000002 (MSISDN=100102)
Tue Sep 29 23:42:45 2026 <0009> gsm_04_08.c:1548 msub(IMSI-001010001000002:MSISDN-100102:TMSI-0x1CAA2C91) VLR: update for IMSI=001010001000002 (MSISDN=100102)
[38;5;43mTue Sep 29 23:42:48 2026 <0023> ss7_combined_linkset.c:297 0: CombinedLinkset(dpc=2059=1.1.3,mask=0x3fff=7.255.7,prio=5) RT loookup: OPC=2057=1.1.1,DPC=2059=1.1.3,SLS=2 -> eSLS=34: picked Normal Route via 'as-msc' round-robin style (available)[0;m
[1;38mTue Sep 29 23:42:48 2026 <0008> ran_peer.c:123 ran_peer(GERAN-A:RI-SSN_PC:PC-1-1-3:SSN-BSSAP)[0x5a733807c8b0]{READY}: Added seen cell to this RAN peer: CGI:001-01-1-6001[0;m
Tue Sep 29 23:42:51 2026 <0009> gsm_04_08.c:1548 msub(IMSI-001010001000001:MSISDN-100101) VLR: update for IMSI=001010001000001 (MSISDN=100101)
Tue Sep 29 23:42:51 2026 <0009> gsm_04_08.c:1548 msub(IMSI-001010001000001:MSISDN-100101:TMSInew-0xBFCF24AE) VLR: update for IMSI=001010001000001 (MSISDN=100101)
Tue Sep 29 23:42:52 2026 <0009> gsm_04_08.c:1548 msub(IMSI-001010001000001:MSISDN-100101:TMSI-0xBFCF24AE) VLR: update for IMSI=001010001000001 (MSISDN=100101)
[1;39mTue Sep 29 23:50:01 2026 <0007> mncc_sock.c:72 MNCC Socket has LOST connection[0;m
[1;32mTue Sep 29 23:50:01 2026 <0001> gsm_04_08.c:91 Clearing all currently active transactions!!![0;m
[38;5;49mTue Sep 29 23:50:02 2026 <0026> xua_snm.c:501 0: ASP(asp-to-stp) Rx DUNA() for 1.1.3/0[0;m
[38;5;43mTue Sep 29 23:50:02 2026 <0023> ss7_route.c:409 0: RT(dpc=2059=1.1.3,mask=0x3fff=7.255.7,prio=5,via=as-msc,st=available) changed to status 'unavailable'[0;m
Tue Sep 29 23:50:02 2026 <0013> sccp_ran.c:167 ran_peer(GERAN-A:RI-SSN_PC:PC-1-1-3:SSN-BSSAP)[0x5a733807c8b0]{READY}: now unreachable: N-PCSTATE ind: pc=2059=1.1.3 sp_status=INACCESSIBLE remote_sccp_status=UNAVAILABLE_UNKNOWN
Tue Sep 29 23:50:02 2026 <0009> msc_main.c:285 Terminating due to signal 15
[38;5;43mTue Sep 29 23:50:21 2026 <0023> ss7_instance.c:98 0: Creating SS7 Instance[0;m
[38;5;43mTue Sep 29 23:50:21 2026 <0023> ss7_route_table.c:62 0: Creating Route Table system[0;m
[38;5;43mTue Sep 29 23:50:21 2026 <0023> ss7_asp_vty.c:673 0: ASP(asp-to-stp) Applying Adm State change: ENABLED -> ENABLED[0;m
[38;5;43mTue Sep 29 23:50:21 2026 <0023> ss7_asp.c:892 0: ASP(asp-to-stp) Restarting ASP asp-to-stp, r=127.0.0.2:2905<->l=127.0.0.1:2906[0;m
[38;5;43mTue Sep 29 23:50:21 2026 <0023> ss7_instance.c:380 0: AS(as-msc) Created AS[0;m
[38;5;43mTue Sep 29 23:50:21 2026 <0023> ss7_as.c:185 0: AS(as-msc) Adding ASP asp-to-stp to AS[0;m
[1;39mTue Sep 29 23:50:21 2026 <0007> mncc_sock.c:300 MNCC socket at /tmp/msc_mncc[0;m
Tue Sep 29 23:50:21 2026 <0017> telnet_interface.c:88 Available via telnet 127.0.0.1 4254
Tue Sep 29 23:50:21 2026 <000f> smpp_smsc.c:990 SMPP at 0.0.0.0 2775
[38;5;33mTue Sep 29 23:50:21 2026 <001e> control_if.c:1026 CTRL at 127.0.0.1 4255[0;m
[38;5;39mTue Sep 29 23:50:21 2026 <0021> gsup_client.c:77 GSUP connecting to 127.0.0.2:4222[0;m
Tue Sep 29 23:50:21 2026 <000c> db.c:518 Init database connection to 'sms.db' using SQLite3 lib version 3.45.1
[38;5;51mTue Sep 29 23:50:21 2026 <0027> mgcp_client.c:945 MGW(mgw) MGCP client: using endpoint domain '@mgw'[0;m
Tue Sep 29 23:50:21 2026 <0009> msc_main.c:576 MGW pool with 1 pool members configured, (ignoring MGW configuration in VTY node 'msc').
[38;5;45mTue Sep 29 23:50:21 2026 <0024> sccp_instance.c:655 OsmoMSC-A: Using SS7 instance 0, pc:1.1.1[0;m
[38;5;45mTue Sep 29 23:50:21 2026 <0024> sccp_instance.c:673 OsmoMSC-A: Using AS instance as-msc[0;m
[38;5;45mTue Sep 29 23:50:21 2026 <0024> sccp_instance.c:679 OsmoMSC-A: Creating default route[0;m
[38;5;43mTue Sep 29 23:50:21 2026 <0023> ss7_route.c:143 0: RT(dpc=0=0.0.0,mask=0x0=0.0.0,prio=5,via=as-msc,st=available) Creating route: pc=0=0.0.0 mask=0x0=0.0.0 prio=5 dyn via AS as-msc proto=m3ua[0;m
[38;5;45mTue Sep 29 23:50:21 2026 <0024> sccp_instance.c:784 OsmoMSC-A: Using ASP instance asp-to-stp[0;m
[38;5;43mTue Sep 29 23:50:21 2026 <0023> ss7_instance.c:214 0: Creating SCCP instance[0;m
Tue Sep 29 23:50:21 2026 <0014> sgs_server.c:186 SGs socket bound to r=NULL<->l=127.0.0.1:29118
Tue Sep 29 23:50:21 2026 <0009> msc_main.c:790 A-interface: SCCP user OsmoMSC-A:RI=SSN_PC,PC=(no PC),SSN=BSSAP, cs7-instance 0 ((null))
[38;5;43mTue Sep 29 23:50:21 2026 <0023> ss7_asp.c:1202 0: ASP(asp-to-stp) Client connected (r=127.0.0.2:2905<->l=127.0.0.1:2906)[0;m
[38;5;23mTue Sep 29 23:50:21 2026 <0019> input/ipa.c:144 127.0.0.2:4222 connection done[0;m
[38;5;23mTue Sep 29 23:50:21 2026 <0019> input/ipa.c:617 received ID_GET for unit ID 0/0/0[0;m
[38;5;43mTue Sep 29 23:50:23 2026 <0023> xua_rkm.c:477 0: ASP(asp-to-stp) Received RKM REG RES rctx=110 status=SUCCESS[0;m
[38;5;49mTue Sep 29 23:50:23 2026 <0026> m3ua.c:707 0: ASP(asp-to-stp) Received NOTIFY Type State Change:AS Inactive ()[0;m
[38;5;43mTue Sep 29 23:50:23 2026 <0023> xua_as_fsm.c:430 0: AS(as-msc) AS became active, some routes to remote PCs may have become available[0;m
[38;5;43mTue Sep 29 23:50:23 2026 <0023> xua_as_fsm.c:471 0: AS(as-msc) AS became active => address-book pc=2059=1.1.3 is now available[0;m
[38;5;43mTue Sep 29 23:50:23 2026 <0023> ss7_route.c:143 0: RT(dpc=2059=1.1.3,mask=0x3fff=7.255.7,prio=5,via=as-msc,st=available) Creating route: pc=2059=1.1.3 mask=0x3fff=7.255.7 prio=5 dyn via AS as-msc proto=m3ua[0;m
[38;5;43mTue Sep 29 23:50:23 2026 <0023> ss7_route.c:409 0: RT(dpc=2059=1.1.3,mask=0x3fff=7.255.7,prio=5,via=as-msc,st=available) changed to status 'available'[0;m
[38;5;43mTue Sep 29 23:50:23 2026 <0023> xua_default_lm_fsm.c:406 xua_default_lm(asp-to-stp)[0x5b26f83bc580]{ACTIVE}: Ignoring primitive M-ASP_ACTIVE.confirm[0;m
[38;5;49mTue Sep 29 23:50:23 2026 <0026> m3ua.c:707 0: ASP(asp-to-stp) Received NOTIFY Type State Change:AS Active ()[0;m
[38;5;49mTue Sep 29 23:50:23 2026 <0026> xua_snm.c:501 0: ASP(asp-to-stp) Rx DUNA(RFC4666 4.5.1) for 1.1.2/0[0;m
[38;5;43mTue Sep 29 23:50:23 2026 <0023> ss7_route.c:143 0: RT(dpc=2058=1.1.2,mask=0x3fff=7.255.7,prio=5,via=as-msc,st=available) Creating route: pc=2058=1.1.2 mask=0x3fff=7.255.7 prio=5 dyn via AS as-msc proto=m3ua[0;m
[38;5;43mTue Sep 29 23:50:23 2026 <0023> ss7_route.c:409 0: RT(dpc=2058=1.1.2,mask=0x3fff=7.255.7,prio=5,via=as-msc,st=available) changed to status 'unavailable'[0;m
[38;5;49mTue Sep 29 23:50:23 2026 <0026> xua_snm.c:536 0: ASP(asp-to-stp) Rx DAVA() for 1.1.3/0[0;m
[38;5;43mTue Sep 29 23:50:23 2026 <0023> ss7_route.c:409 0: RT(dpc=2059=1.1.3,mask=0x3fff=7.255.7,prio=5,via=as-msc,st=available) changed to status 'available'[0;m
[38;5;43mTue Sep 29 23:50:23 2026 <0023> ss7_combined_linkset.c:297 0: CombinedLinkset(dpc=2059=1.1.3,mask=0x3fff=7.255.7,prio=5) RT loookup: OPC=2057=1.1.1,DPC=2059=1.1.3,SLS=0 -> eSLS=32: picked Normal Route via 'as-msc' round-robin style (available)[0;m
[1;39mTue Sep 29 23:50:23 2026 <0007> mncc_sock.c:257 MNCC Socket has connection with external call control application[0;m
[38;5;43mTue Sep 29 23:50:23 2026 <0023> ss7_asp.c:998 0: ASP(asp-to-stp) xUA CLNT SCTP NOTIFICATION 32770 flags=0x0[0;m
[38;5;43mTue Sep 29 23:50:23 2026 <0023> ss7_asp.c:1014 0: ASP(asp-to-stp) xUA CLNT SCTP_PEER_ADDR_CHANGE: ADDR_CONFIRMED 127.0.0.1:2905 err=None[0;m
[38;5;43mTue Sep 29 23:50:45 2026 <0023> ss7_combined_linkset.c:297 0: CombinedLinkset(dpc=2059=1.1.3,mask=0x3fff=7.255.7,prio=5) RT loookup: OPC=2057=1.1.1,DPC=2059=1.1.3,SLS=1 -> eSLS=33: picked Normal Route via 'as-msc' round-robin style (available)[0;m
[1;38mTue Sep 29 23:50:45 2026 <0008> ran_peer.c:123 ran_peer(GERAN-A:RI-SSN_PC:PC-1-1-3:SSN-BSSAP)[0x5b26f854e5c0]{READY}: Added seen cell to this RAN peer: CGI:001-01-1-6012[0;m
Tue Sep 29 23:50:47 2026 <0009> gsm_04_08.c:1548 msub(IMSI-001010001000002:MSISDN-100102) VLR: update for IMSI=001010001000002 (MSISDN=100102)
Tue Sep 29 23:50:47 2026 <0009> gsm_04_08.c:1548 msub(IMSI-001010001000002:MSISDN-100102:TMSInew-0x1862EFC0) VLR: update for IMSI=001010001000002 (MSISDN=100102)
Tue Sep 29 23:50:48 2026 <0009> gsm_04_08.c:1548 msub(IMSI-001010001000002:MSISDN-100102:TMSI-0x1862EFC0) VLR: update for IMSI=001010001000002 (MSISDN=100102)
[38;5;43mTue Sep 29 23:50:51 2026 <0023> ss7_combined_linkset.c:297 0: CombinedLinkset(dpc=2059=1.1.3,mask=0x3fff=7.255.7,prio=5) RT loookup: OPC=2057=1.1.1,DPC=2059=1.1.3,SLS=2 -> eSLS=34: picked Normal Route via 'as-msc' round-robin style (available)[0;m
[1;38mTue Sep 29 23:50:51 2026 <0008> ran_peer.c:123 ran_peer(GERAN-A:RI-SSN_PC:PC-1-1-3:SSN-BSSAP)[0x5b26f854e5c0]{READY}: Added seen cell to this RAN peer: CGI:001-01-1-6001[0;m
Tue Sep 29 23:50:54 2026 <0009> gsm_04_08.c:1548 msub(IMSI-001010001000001:MSISDN-100101) VLR: update for IMSI=001010001000001 (MSISDN=100101)
Tue Sep 29 23:50:54 2026 <0009> gsm_04_08.c:1548 msub(IMSI-001010001000001:MSISDN-100101:TMSInew-0x338DB338) VLR: update for IMSI=001010001000001 (MSISDN=100101)
Tue Sep 29 23:50:55 2026 <0009> gsm_04_08.c:1548 msub(IMSI-001010001000001:MSISDN-100101:TMSI-0x338DB338) VLR: update for IMSI=001010001000001 (MSISDN=100101)
[38;5;43mTue Sep 29 23:53:39 2026 <0023> ss7_combined_linkset.c:297 0: CombinedLinkset(dpc=2059=1.1.3,mask=0x3fff=7.255.7,prio=5) RT loookup: OPC=2057=1.1.1,DPC=2059=1.1.3,SLS=3 -> eSLS=35: picked Normal Route via 'as-msc' round-robin style (available)[0;m
[38;5;31mTue Sep 29 23:53:41 2026 <001d> gsm0411_smc.c:94 SMC(0) instance created for network[0;m
[38;5;31mTue Sep 29 23:53:41 2026 <001d> gsm0411_smr.c:90 SMR(0) instance created for network.[0;m
[38;5;31mTue Sep 29 23:53:41 2026 <001d> gsm0411_smc.c:573 SMC(0) message MMSMS-EST-IND (CP DATA) received in state IDLE[0;m
[38;5;31mTue Sep 29 23:53:41 2026 <001d> gsm0411_smc.c:291 SMC(0) received CP-DATA[0;m
[38;5;31mTue Sep 29 23:53:41 2026 <001d> gsm0411_smc.c:140 SMC(0) new CP state IDLE -> MM_ESTABLISHED[0;m
[38;5;31mTue Sep 29 23:53:41 2026 <001d> gsm0411_smr.c:487 SMR(0) message MNSMS-EST-IND received in state IDLE[0;m
[38;5;31mTue Sep 29 23:53:41 2026 <001d> gsm0411_smr.c:144 SMR(0) new RP state IDLE -> WAIT_TO_TX_RP_ACK[0;m
[38;5;31mTue Sep 29 23:53:41 2026 <001d> gsm0411_smr.c:420 SMR(0) message SM-RL-REPORT_REQ received in state WAIT_TO_TX_RP_ACK[0;m
[38;5;31mTue Sep 29 23:53:41 2026 <001d> gsm0411_smr.c:144 SMR(0) new RP state WAIT_TO_TX_RP_ACK -> IDLE[0;m
[38;5;31mTue Sep 29 23:53:41 2026 <001d> gsm0411_smc.c:473 SMC(0) message MNSMS-DATA-REQ received in state MM_ESTABLISHED[0;m
[38;5;31mTue Sep 29 23:53:41 2026 <001d> gsm0411_smc.c:188 SMC(0) send CP data[0;m
[38;5;31mTue Sep 29 23:53:41 2026 <001d> gsm0411_smc.c:140 SMC(0) new CP state MM_ESTABLISHED -> WAIT_CP_ACK[0;m
[38;5;31mTue Sep 29 23:53:41 2026 <001d> gsm0411_smc.c:473 SMC(0) message MNSMS-REL-REQ received in state WAIT_CP_ACK[0;m
[38;5;31mTue Sep 29 23:53:41 2026 <001d> gsm0411_smc.c:338 SMC(0) cannot release yet current state: WAIT_CP_ACK[0;m
[38;5;31mTue Sep 29 23:53:42 2026 <001d> gsm0411_smc.c:94 SMC(0) instance created for network[0;m
[38;5;31mTue Sep 29 23:53:42 2026 <001d> gsm0411_smr.c:90 SMR(0) instance created for network.[0;m
[38;5;31mTue Sep 29 23:53:42 2026 <001d> gsm_04_11.c:1195 trans(SMS IMSI-001010001000002:MSISDN-100102:TMSI-0x1862EFC0 callref-0x40000002 tid-0) Going to send a MT SMS[0;m
[38;5;31mTue Sep 29 23:53:42 2026 <001d> gsm0411_smr.c:420 SMR(0) message SM-RL-DATA_REQ received in state IDLE[0;m
[38;5;31mTue Sep 29 23:53:42 2026 <001d> gsm0411_smr.c:144 SMR(0) new RP state IDLE -> WAIT_FOR_RP_ACK[0;m
[38;5;31mTue Sep 29 23:53:42 2026 <001d> gsm0411_smc.c:473 SMC(0) message MNSMS-EST-REQ received in state IDLE[0;m
[38;5;31mTue Sep 29 23:53:42 2026 <001d> gsm0411_smc.c:140 SMC(0) new CP state IDLE -> MM_CONN_PENDING[0;m
[38;5;31mTue Sep 29 23:53:43 2026 <001d> gsm0411_smc.c:573 SMC(0) message MMSMS-DATA-IND (CP ACK) received in state WAIT_CP_ACK[0;m
[38;5;31mTue Sep 29 23:53:43 2026 <001d> gsm0411_smc.c:263 SMC(0) received CP-ACK[0;m
[38;5;31mTue Sep 29 23:53:43 2026 <001d> gsm0411_smc.c:140 SMC(0) new CP state WAIT_CP_ACK -> MM_ESTABLISHED[0;m
[38;5;31mTue Sep 29 23:53:43 2026 <001d> gsm0411_smc.c:274 SMC(0) we have pending release.[0;m
[38;5;31mTue Sep 29 23:53:43 2026 <001d> gsm0411_smc.c:140 SMC(0) new CP state MM_ESTABLISHED -> IDLE[0;m
[38;5;31mTue Sep 29 23:53:43 2026 <001d> gsm0411_smr.c:98 SMR(0) clearing SMR instance[0;m
[38;5;31mTue Sep 29 23:53:43 2026 <001d> gsm0411_smc.c:102 SMC(0) clearing instance[0;m
[38;5;43mTue Sep 29 23:53:43 2026 <0023> ss7_combined_linkset.c:297 0: CombinedLinkset(dpc=2059=1.1.3,mask=0x3fff=7.255.7,prio=5) RT loookup: OPC=2057=1.1.1,DPC=2059=1.1.3,SLS=4 -> eSLS=36: picked Normal Route via 'as-msc' round-robin style (available)[0;m
[38;5;31mTue Sep 29 23:53:44 2026 <001d> gsm0411_smc.c:573 SMC(0) message MMSMS-EST-CNF received in state MM_CONN_PENDING[0;m
[38;5;31mTue Sep 29 23:53:44 2026 <001d> gsm0411_smc.c:188 SMC(0) send CP data[0;m
[38;5;31mTue Sep 29 23:53:44 2026 <001d> gsm0411_smc.c:140 SMC(0) new CP state MM_CONN_PENDING -> WAIT_CP_ACK[0;m
[38;5;31mTue Sep 29 23:53:45 2026 <001d> gsm0411_smc.c:573 SMC(0) message MMSMS-DATA-IND (CP ACK) received in state WAIT_CP_ACK[0;m
[38;5;31mTue Sep 29 23:53:45 2026 <001d> gsm0411_smc.c:263 SMC(0) received CP-ACK[0;m
[38;5;31mTue Sep 29 23:53:45 2026 <001d> gsm0411_smc.c:140 SMC(0) new CP state WAIT_CP_ACK -> MM_ESTABLISHED[0;m
[38;5;31mTue Sep 29 23:53:45 2026 <001d> gsm0411_smc.c:573 SMC(0) message MMSMS-DATA-IND (CP DATA) received in state MM_ESTABLISHED[0;m
[38;5;31mTue Sep 29 23:53:45 2026 <001d> gsm0411_smc.c:291 SMC(0) received CP-DATA[0;m
[38;5;31mTue Sep 29 23:53:45 2026 <001d> gsm0411_smr.c:487 SMR(0) message MNSMS-DATA-IND received in state WAIT_FOR_RP_ACK[0;m
[38;5;31mTue Sep 29 23:53:45 2026 <001d> gsm0411_smr.c:144 SMR(0) new RP state WAIT_FOR_RP_ACK -> IDLE[0;m
[38;5;31mTue Sep 29 23:53:45 2026 <001d> gsm0411_smc.c:473 SMC(0) message MNSMS-REL-REQ received in state MM_ESTABLISHED[0;m
[38;5;31mTue Sep 29 23:53:45 2026 <001d> gsm0411_smc.c:140 SMC(0) new CP state MM_ESTABLISHED -> IDLE[0;m
[38;5;31mTue Sep 29 23:53:45 2026 <001d> gsm0411_smr.c:98 SMR(0) clearing SMR instance[0;m
[38;5;31mTue Sep 29 23:53:45 2026 <001d> gsm0411_smc.c:102 SMC(0) clearing instance[0;m
[38;5;31mTue Sep 29 23:54:02 2026 <001d> gsm0411_smc.c:94 SMC(0) instance created for network[0;m
[38;5;31mTue Sep 29 23:54:02 2026 <001d> gsm0411_smr.c:90 SMR(0) instance created for network.[0;m
[38;5;31mTue Sep 29 23:54:02 2026 <001d> gsm_04_11.c:1195 trans(SMS IMSI-001010001000001:MSISDN-100101:TMSI-0x338DB338 callref-0x40000003 tid-0) Going to send a MT SMS[0;m
[38;5;31mTue Sep 29 23:54:02 2026 <001d> gsm0411_smr.c:420 SMR(0) message SM-RL-DATA_REQ received in state IDLE[0;m
[38;5;31mTue Sep 29 23:54:02 2026 <001d> gsm0411_smr.c:144 SMR(0) new RP state IDLE -> WAIT_FOR_RP_ACK[0;m
[38;5;31mTue Sep 29 23:54:02 2026 <001d> gsm0411_smc.c:473 SMC(0) message MNSMS-EST-REQ received in state IDLE[0;m
[38;5;31mTue Sep 29 23:54:02 2026 <001d> gsm0411_smc.c:140 SMC(0) new CP state IDLE -> MM_CONN_PENDING[0;m
[38;5;43mTue Sep 29 23:54:09 2026 <0023> ss7_combined_linkset.c:297 0: CombinedLinkset(dpc=2059=1.1.3,mask=0x3fff=7.255.7,prio=5) RT loookup: OPC=2057=1.1.1,DPC=2059=1.1.3,SLS=5 -> eSLS=37: picked Normal Route via 'as-msc' round-robin style (available)[0;m
[38;5;31mTue Sep 29 23:54:10 2026 <001d> gsm0411_smc.c:573 SMC(0) message MMSMS-EST-CNF received in state MM_CONN_PENDING[0;m
[38;5;31mTue Sep 29 23:54:10 2026 <001d> gsm0411_smc.c:188 SMC(0) send CP data[0;m
[38;5;31mTue Sep 29 23:54:10 2026 <001d> gsm0411_smc.c:140 SMC(0) new CP state MM_CONN_PENDING -> WAIT_CP_ACK[0;m
[38;5;31mTue Sep 29 23:54:12 2026 <001d> gsm0411_smc.c:573 SMC(0) message MMSMS-DATA-IND (CP ACK) received in state WAIT_CP_ACK[0;m
[38;5;31mTue Sep 29 23:54:12 2026 <001d> gsm0411_smc.c:263 SMC(0) received CP-ACK[0;m
[38;5;31mTue Sep 29 23:54:12 2026 <001d> gsm0411_smc.c:140 SMC(0) new CP state WAIT_CP_ACK -> MM_ESTABLISHED[0;m
[38;5;31mTue Sep 29 23:54:12 2026 <001d> gsm0411_smc.c:573 SMC(0) message MMSMS-DATA-IND (CP DATA) received in state MM_ESTABLISHED[0;m
[38;5;31mTue Sep 29 23:54:12 2026 <001d> gsm0411_smc.c:291 SMC(0) received CP-DATA[0;m
[38;5;31mTue Sep 29 23:54:12 2026 <001d> gsm0411_smr.c:487 SMR(0) message MNSMS-DATA-IND received in state WAIT_FOR_RP_ACK[0;m
[38;5;31mTue Sep 29 23:54:12 2026 <001d> gsm0411_smr.c:144 SMR(0) new RP state WAIT_FOR_RP_ACK -> IDLE[0;m
[38;5;31mTue Sep 29 23:54:12 2026 <001d> gsm0411_smc.c:473 SMC(0) message MNSMS-REL-REQ received in state MM_ESTABLISHED[0;m
[38;5;31mTue Sep 29 23:54:12 2026 <001d> gsm0411_smc.c:140 SMC(0) new CP state MM_ESTABLISHED -> IDLE[0;m
[38;5;31mTue Sep 29 23:54:12 2026 <001d> gsm0411_smr.c:98 SMR(0) clearing SMR instance[0;m
[38;5;31mTue Sep 29 23:54:12 2026 <001d> gsm0411_smc.c:102 SMC(0) clearing instance[0;m
[1;39mWed Sep 30 00:07:33 2026 <0007> mncc_sock.c:72 MNCC Socket has LOST connection[0;m
[1;32mWed Sep 30 00:07:33 2026 <0001> gsm_04_08.c:91 Clearing all currently active transactions!!![0;m
[38;5;49mWed Sep 30 00:07:34 2026 <0026> xua_snm.c:501 0: ASP(asp-to-stp) Rx DUNA() for 1.1.3/0[0;m
[38;5;43mWed Sep 30 00:07:34 2026 <0023> ss7_route.c:409 0: RT(dpc=2059=1.1.3,mask=0x3fff=7.255.7,prio=5,via=as-msc,st=available) changed to status 'unavailable'[0;m
Wed Sep 30 00:07:34 2026 <0013> sccp_ran.c:167 ran_peer(GERAN-A:RI-SSN_PC:PC-1-1-3:SSN-BSSAP)[0x5b26f854e5c0]{READY}: now unreachable: N-PCSTATE ind: pc=2059=1.1.3 sp_status=INACCESSIBLE remote_sccp_status=UNAVAILABLE_UNKNOWN
Wed Sep 30 00:07:34 2026 <0009> msc_main.c:285 Terminating due to signal 15
[38;5;43mWed Sep 30 00:07:52 2026 <0023> ss7_instance.c:98 0: Creating SS7 Instance[0;m
[38;5;43mWed Sep 30 00:07:52 2026 <0023> ss7_route_table.c:62 0: Creating Route Table system[0;m
[38;5;43mWed Sep 30 00:07:52 2026 <0023> ss7_asp_vty.c:673 0: ASP(asp-to-stp) Applying Adm State change: ENABLED -> ENABLED[0;m
[38;5;43mWed Sep 30 00:07:52 2026 <0023> ss7_asp.c:892 0: ASP(asp-to-stp) Restarting ASP asp-to-stp, r=127.0.0.2:2905<->l=127.0.0.1:2906[0;m
[38;5;43mWed Sep 30 00:07:52 2026 <0023> ss7_instance.c:380 0: AS(as-msc) Created AS[0;m
[38;5;43mWed Sep 30 00:07:52 2026 <0023> ss7_as.c:185 0: AS(as-msc) Adding ASP asp-to-stp to AS[0;m
[1;39mWed Sep 30 00:07:52 2026 <0007> mncc_sock.c:300 MNCC socket at /tmp/msc_mncc[0;m
Wed Sep 30 00:07:52 2026 <0017> telnet_interface.c:88 Available via telnet 127.0.0.1 4254
Wed Sep 30 00:07:52 2026 <000f> smpp_smsc.c:990 SMPP at 0.0.0.0 2775
[38;5;33mWed Sep 30 00:07:52 2026 <001e> control_if.c:1026 CTRL at 127.0.0.1 4255[0;m
[38;5;39mWed Sep 30 00:07:52 2026 <0021> gsup_client.c:77 GSUP connecting to 127.0.0.2:4222[0;m
Wed Sep 30 00:07:52 2026 <000c> db.c:518 Init database connection to 'sms.db' using SQLite3 lib version 3.45.1
[38;5;51mWed Sep 30 00:07:52 2026 <0027> mgcp_client.c:945 MGW(mgw) MGCP client: using endpoint domain '@mgw'[0;m
Wed Sep 30 00:07:52 2026 <0009> msc_main.c:576 MGW pool with 1 pool members configured, (ignoring MGW configuration in VTY node 'msc').
[38;5;45mWed Sep 30 00:07:52 2026 <0024> sccp_instance.c:655 OsmoMSC-A: Using SS7 instance 0, pc:1.1.1[0;m
[38;5;45mWed Sep 30 00:07:52 2026 <0024> sccp_instance.c:673 OsmoMSC-A: Using AS instance as-msc[0;m
[38;5;45mWed Sep 30 00:07:52 2026 <0024> sccp_instance.c:679 OsmoMSC-A: Creating default route[0;m
[38;5;43mWed Sep 30 00:07:52 2026 <0023> ss7_route.c:143 0: RT(dpc=0=0.0.0,mask=0x0=0.0.0,prio=5,via=as-msc,st=available) Creating route: pc=0=0.0.0 mask=0x0=0.0.0 prio=5 dyn via AS as-msc proto=m3ua[0;m
[38;5;45mWed Sep 30 00:07:52 2026 <0024> sccp_instance.c:784 OsmoMSC-A: Using ASP instance asp-to-stp[0;m
[38;5;43mWed Sep 30 00:07:52 2026 <0023> ss7_instance.c:214 0: Creating SCCP instance[0;m
Wed Sep 30 00:07:52 2026 <0014> sgs_server.c:186 SGs socket bound to r=NULL<->l=127.0.0.1:29118
Wed Sep 30 00:07:52 2026 <0009> msc_main.c:790 A-interface: SCCP user OsmoMSC-A:RI=SSN_PC,PC=(no PC),SSN=BSSAP, cs7-instance 0 ((null))
[38;5;43mWed Sep 30 00:07:52 2026 <0023> ss7_asp.c:1202 0: ASP(asp-to-stp) Client connected (r=127.0.0.2:2905<->l=127.0.0.1:2906)[0;m
[38;5;23mWed Sep 30 00:07:52 2026 <0019> input/ipa.c:144 127.0.0.2:4222 connection done[0;m
[38;5;23mWed Sep 30 00:07:52 2026 <0019> input/ipa.c:617 received ID_GET for unit ID 0/0/0[0;m
[38;5;43mWed Sep 30 00:07:54 2026 <0023> ss7_asp.c:998 0: ASP(asp-to-stp) xUA CLNT SCTP NOTIFICATION 32770 flags=0x0[0;m
[38;5;43mWed Sep 30 00:07:54 2026 <0023> ss7_asp.c:1014 0: ASP(asp-to-stp) xUA CLNT SCTP_PEER_ADDR_CHANGE: ADDR_CONFIRMED 127.0.0.1:2905 err=None[0;m
[38;5;43mWed Sep 30 00:07:54 2026 <0023> xua_rkm.c:477 0: ASP(asp-to-stp) Received RKM REG RES rctx=110 status=SUCCESS[0;m
[38;5;49mWed Sep 30 00:07:54 2026 <0026> m3ua.c:707 0: ASP(asp-to-stp) Received NOTIFY Type State Change:AS Inactive ()[0;m
[38;5;43mWed Sep 30 00:07:54 2026 <0023> xua_as_fsm.c:430 0: AS(as-msc) AS became active, some routes to remote PCs may have become available[0;m
[38;5;43mWed Sep 30 00:07:54 2026 <0023> xua_as_fsm.c:471 0: AS(as-msc) AS became active => address-book pc=2059=1.1.3 is now available[0;m
[38;5;43mWed Sep 30 00:07:54 2026 <0023> ss7_route.c:143 0: RT(dpc=2059=1.1.3,mask=0x3fff=7.255.7,prio=5,via=as-msc,st=available) Creating route: pc=2059=1.1.3 mask=0x3fff=7.255.7 prio=5 dyn via AS as-msc proto=m3ua[0;m
[38;5;43mWed Sep 30 00:07:54 2026 <0023> ss7_route.c:409 0: RT(dpc=2059=1.1.3,mask=0x3fff=7.255.7,prio=5,via=as-msc,st=available) changed to status 'available'[0;m
[38;5;43mWed Sep 30 00:07:54 2026 <0023> xua_default_lm_fsm.c:406 xua_default_lm(asp-to-stp)[0x562beb436580]{ACTIVE}: Ignoring primitive M-ASP_ACTIVE.confirm[0;m
[38;5;49mWed Sep 30 00:07:54 2026 <0026> m3ua.c:707 0: ASP(asp-to-stp) Received NOTIFY Type State Change:AS Active ()[0;m
[38;5;49mWed Sep 30 00:07:54 2026 <0026> xua_snm.c:501 0: ASP(asp-to-stp) Rx DUNA(RFC4666 4.5.1) for 1.1.2/0[0;m
[38;5;43mWed Sep 30 00:07:54 2026 <0023> ss7_route.c:143 0: RT(dpc=2058=1.1.2,mask=0x3fff=7.255.7,prio=5,via=as-msc,st=available) Creating route: pc=2058=1.1.2 mask=0x3fff=7.255.7 prio=5 dyn via AS as-msc proto=m3ua[0;m
[38;5;43mWed Sep 30 00:07:54 2026 <0023> ss7_route.c:409 0: RT(dpc=2058=1.1.2,mask=0x3fff=7.255.7,prio=5,via=as-msc,st=available) changed to status 'unavailable'[0;m
[38;5;49mWed Sep 30 00:07:54 2026 <0026> xua_snm.c:536 0: ASP(asp-to-stp) Rx DAVA() for 1.1.3/0[0;m
[38;5;43mWed Sep 30 00:07:54 2026 <0023> ss7_route.c:409 0: RT(dpc=2059=1.1.3,mask=0x3fff=7.255.7,prio=5,via=as-msc,st=available) changed to status 'available'[0;m
[38;5;43mWed Sep 30 00:07:54 2026 <0023> ss7_combined_linkset.c:297 0: CombinedLinkset(dpc=2059=1.1.3,mask=0x3fff=7.255.7,prio=5) RT loookup: OPC=2057=1.1.1,DPC=2059=1.1.3,SLS=0 -> eSLS=32: picked Normal Route via 'as-msc' round-robin style (available)[0;m
[1;39mWed Sep 30 00:07:54 2026 <0007> mncc_sock.c:257 MNCC Socket has connection with external call control application[0;m
[38;5;43mWed Sep 30 00:08:16 2026 <0023> ss7_combined_linkset.c:297 0: CombinedLinkset(dpc=2059=1.1.3,mask=0x3fff=7.255.7,prio=5) RT loookup: OPC=2057=1.1.1,DPC=2059=1.1.3,SLS=1 -> eSLS=33: picked Normal Route via 'as-msc' round-robin style (available)[0;m
[1;38mWed Sep 30 00:08:16 2026 <0008> ran_peer.c:123 ran_peer(GERAN-A:RI-SSN_PC:PC-1-1-3:SSN-BSSAP)[0x562beb5c85c0]{READY}: Added seen cell to this RAN peer: CGI:001-01-1-6012[0;m
Wed Sep 30 00:08:18 2026 <0009> gsm_04_08.c:1548 msub(IMSI-001010001000002:MSISDN-100102) VLR: update for IMSI=001010001000002 (MSISDN=100102)
Wed Sep 30 00:08:18 2026 <0009> gsm_04_08.c:1548 msub(IMSI-001010001000002:MSISDN-100102:TMSInew-0xB5B8E786) VLR: update for IMSI=001010001000002 (MSISDN=100102)
Wed Sep 30 00:08:19 2026 <0009> gsm_04_08.c:1548 msub(IMSI-001010001000002:MSISDN-100102:TMSI-0xB5B8E786) VLR: update for IMSI=001010001000002 (MSISDN=100102)
[38;5;43mWed Sep 30 00:08:23 2026 <0023> ss7_combined_linkset.c:297 0: CombinedLinkset(dpc=2059=1.1.3,mask=0x3fff=7.255.7,prio=5) RT loookup: OPC=2057=1.1.1,DPC=2059=1.1.3,SLS=2 -> eSLS=34: picked Normal Route via 'as-msc' round-robin style (available)[0;m
[1;38mWed Sep 30 00:08:23 2026 <0008> ran_peer.c:123 ran_peer(GERAN-A:RI-SSN_PC:PC-1-1-3:SSN-BSSAP)[0x562beb5c85c0]{READY}: Added seen cell to this RAN peer: CGI:001-01-1-6001[0;m
Wed Sep 30 00:08:26 2026 <0009> gsm_04_08.c:1548 msub(IMSI-001010001000001:MSISDN-100101) VLR: update for IMSI=001010001000001 (MSISDN=100101)
Wed Sep 30 00:08:26 2026 <0009> gsm_04_08.c:1548 msub(IMSI-001010001000001:MSISDN-100101:TMSInew-0x2E104B97) VLR: update for IMSI=001010001000001 (MSISDN=100101)
Wed Sep 30 00:08:26 2026 <0009> gsm_04_08.c:1548 msub(IMSI-001010001000001:MSISDN-100101:TMSI-0x2E104B97) VLR: update for IMSI=001010001000001 (MSISDN=100101)
[38;5;43mWed Sep 30 00:10:52 2026 <0023> ss7_combined_linkset.c:297 0: CombinedLinkset(dpc=2059=1.1.3,mask=0x3fff=7.255.7,prio=5) RT loookup: OPC=2057=1.1.1,DPC=2059=1.1.3,SLS=3 -> eSLS=35: picked Normal Route via 'as-msc' round-robin style (available)[0;m
[38;5;31mWed Sep 30 00:10:55 2026 <001d> gsm0411_smc.c:94 SMC(0) instance created for network[0;m
[38;5;31mWed Sep 30 00:10:55 2026 <001d> gsm0411_smr.c:90 SMR(0) instance created for network.[0;m
[38;5;31mWed Sep 30 00:10:55 2026 <001d> gsm0411_smc.c:573 SMC(0) message MMSMS-EST-IND (CP DATA) received in state IDLE[0;m
[38;5;31mWed Sep 30 00:10:55 2026 <001d> gsm0411_smc.c:291 SMC(0) received CP-DATA[0;m
[38;5;31mWed Sep 30 00:10:55 2026 <001d> gsm0411_smc.c:140 SMC(0) new CP state IDLE -> MM_ESTABLISHED[0;m
[38;5;31mWed Sep 30 00:10:55 2026 <001d> gsm0411_smr.c:487 SMR(0) message MNSMS-EST-IND received in state IDLE[0;m
[38;5;31mWed Sep 30 00:10:55 2026 <001d> gsm0411_smr.c:144 SMR(0) new RP state IDLE -> WAIT_TO_TX_RP_ACK[0;m
[38;5;31mWed Sep 30 00:10:55 2026 <001d> gsm0411_smr.c:420 SMR(0) message SM-RL-REPORT_REQ received in state WAIT_TO_TX_RP_ACK[0;m
[38;5;31mWed Sep 30 00:10:55 2026 <001d> gsm0411_smr.c:144 SMR(0) new RP state WAIT_TO_TX_RP_ACK -> IDLE[0;m
[38;5;31mWed Sep 30 00:10:55 2026 <001d> gsm0411_smc.c:473 SMC(0) message MNSMS-DATA-REQ received in state MM_ESTABLISHED[0;m
[38;5;31mWed Sep 30 00:10:55 2026 <001d> gsm0411_smc.c:188 SMC(0) send CP data[0;m
[38;5;31mWed Sep 30 00:10:55 2026 <001d> gsm0411_smc.c:140 SMC(0) new CP state MM_ESTABLISHED -> WAIT_CP_ACK[0;m
[38;5;31mWed Sep 30 00:10:55 2026 <001d> gsm0411_smc.c:473 SMC(0) message MNSMS-REL-REQ received in state WAIT_CP_ACK[0;m
[38;5;31mWed Sep 30 00:10:55 2026 <001d> gsm0411_smc.c:338 SMC(0) cannot release yet current state: WAIT_CP_ACK[0;m
[38;5;31mWed Sep 30 00:10:56 2026 <001d> gsm0411_smc.c:94 SMC(0) instance created for network[0;m
[38;5;31mWed Sep 30 00:10:56 2026 <001d> gsm0411_smr.c:90 SMR(0) instance created for network.[0;m
[38;5;31mWed Sep 30 00:10:56 2026 <001d> gsm_04_11.c:1195 trans(SMS IMSI-001010001000002:MSISDN-100102:TMSI-0xB5B8E786 callref-0x40000002 tid-0) Going to send a MT SMS[0;m
[38;5;31mWed Sep 30 00:10:56 2026 <001d> gsm0411_smr.c:420 SMR(0) message SM-RL-DATA_REQ received in state IDLE[0;m
[38;5;31mWed Sep 30 00:10:56 2026 <001d> gsm0411_smr.c:144 SMR(0) new RP state IDLE -> WAIT_FOR_RP_ACK[0;m
[38;5;31mWed Sep 30 00:10:56 2026 <001d> gsm0411_smc.c:473 SMC(0) message MNSMS-EST-REQ received in state IDLE[0;m
[38;5;31mWed Sep 30 00:10:56 2026 <001d> gsm0411_smc.c:140 SMC(0) new CP state IDLE -> MM_CONN_PENDING[0;m
[38;5;31mWed Sep 30 00:10:56 2026 <001d> gsm0411_smc.c:573 SMC(0) message MMSMS-DATA-IND (CP ACK) received in state WAIT_CP_ACK[0;m
[38;5;31mWed Sep 30 00:10:56 2026 <001d> gsm0411_smc.c:263 SMC(0) received CP-ACK[0;m
[38;5;31mWed Sep 30 00:10:56 2026 <001d> gsm0411_smc.c:140 SMC(0) new CP state WAIT_CP_ACK -> MM_ESTABLISHED[0;m
[38;5;31mWed Sep 30 00:10:56 2026 <001d> gsm0411_smc.c:274 SMC(0) we have pending release.[0;m
[38;5;31mWed Sep 30 00:10:56 2026 <001d> gsm0411_smc.c:140 SMC(0) new CP state MM_ESTABLISHED -> IDLE[0;m
[38;5;31mWed Sep 30 00:10:56 2026 <001d> gsm0411_smr.c:98 SMR(0) clearing SMR instance[0;m
[38;5;31mWed Sep 30 00:10:56 2026 <001d> gsm0411_smc.c:102 SMC(0) clearing instance[0;m
[38;5;43mWed Sep 30 00:10:57 2026 <0023> ss7_combined_linkset.c:297 0: CombinedLinkset(dpc=2059=1.1.3,mask=0x3fff=7.255.7,prio=5) RT loookup: OPC=2057=1.1.1,DPC=2059=1.1.3,SLS=4 -> eSLS=36: picked Normal Route via 'as-msc' round-robin style (available)[0;m
[38;5;31mWed Sep 30 00:10:57 2026 <001d> gsm0411_smc.c:573 SMC(0) message MMSMS-EST-CNF received in state MM_CONN_PENDING[0;m
[38;5;31mWed Sep 30 00:10:57 2026 <001d> gsm0411_smc.c:188 SMC(0) send CP data[0;m
[38;5;31mWed Sep 30 00:10:57 2026 <001d> gsm0411_smc.c:140 SMC(0) new CP state MM_CONN_PENDING -> WAIT_CP_ACK[0;m
[38;5;31mWed Sep 30 00:10:59 2026 <001d> gsm0411_smc.c:573 SMC(0) message MMSMS-DATA-IND (CP ACK) received in state WAIT_CP_ACK[0;m
[38;5;31mWed Sep 30 00:10:59 2026 <001d> gsm0411_smc.c:263 SMC(0) received CP-ACK[0;m
[38;5;31mWed Sep 30 00:10:59 2026 <001d> gsm0411_smc.c:140 SMC(0) new CP state WAIT_CP_ACK -> MM_ESTABLISHED[0;m
[38;5;31mWed Sep 30 00:10:59 2026 <001d> gsm0411_smc.c:573 SMC(0) message MMSMS-DATA-IND (CP DATA) received in state MM_ESTABLISHED[0;m
[38;5;31mWed Sep 30 00:10:59 2026 <001d> gsm0411_smc.c:291 SMC(0) received CP-DATA[0;m
[38;5;31mWed Sep 30 00:10:59 2026 <001d> gsm0411_smr.c:487 SMR(0) message MNSMS-DATA-IND received in state WAIT_FOR_RP_ACK[0;m
[38;5;31mWed Sep 30 00:10:59 2026 <001d> gsm0411_smr.c:144 SMR(0) new RP state WAIT_FOR_RP_ACK -> IDLE[0;m
[38;5;31mWed Sep 30 00:10:59 2026 <001d> gsm0411_smc.c:473 SMC(0) message MNSMS-REL-REQ received in state MM_ESTABLISHED[0;m
[38;5;31mWed Sep 30 00:10:59 2026 <001d> gsm0411_smc.c:140 SMC(0) new CP state MM_ESTABLISHED -> IDLE[0;m
[38;5;31mWed Sep 30 00:10:59 2026 <001d> gsm0411_smr.c:98 SMR(0) clearing SMR instance[0;m
[38;5;31mWed Sep 30 00:10:59 2026 <001d> gsm0411_smc.c:102 SMC(0) clearing instance[0;m
[38;5;31mWed Sep 30 00:11:16 2026 <001d> gsm0411_smc.c:94 SMC(0) instance created for network[0;m
[38;5;31mWed Sep 30 00:11:16 2026 <001d> gsm0411_smr.c:90 SMR(0) instance created for network.[0;m
[38;5;31mWed Sep 30 00:11:16 2026 <001d> gsm_04_11.c:1195 trans(SMS IMSI-001010001000001:MSISDN-100101:TMSI-0x2E104B97 callref-0x40000003 tid-0) Going to send a MT SMS[0;m
[38;5;31mWed Sep 30 00:11:16 2026 <001d> gsm0411_smr.c:420 SMR(0) message SM-RL-DATA_REQ received in state IDLE[0;m
[38;5;31mWed Sep 30 00:11:16 2026 <001d> gsm0411_smr.c:144 SMR(0) new RP state IDLE -> WAIT_FOR_RP_ACK[0;m
[38;5;31mWed Sep 30 00:11:16 2026 <001d> gsm0411_smc.c:473 SMC(0) message MNSMS-EST-REQ received in state IDLE[0;m
[38;5;31mWed Sep 30 00:11:16 2026 <001d> gsm0411_smc.c:140 SMC(0) new CP state IDLE -> MM_CONN_PENDING[0;m
[38;5;43mWed Sep 30 00:11:17 2026 <0023> ss7_combined_linkset.c:297 0: CombinedLinkset(dpc=2059=1.1.3,mask=0x3fff=7.255.7,prio=5) RT loookup: OPC=2057=1.1.1,DPC=2059=1.1.3,SLS=5 -> eSLS=37: picked Normal Route via 'as-msc' round-robin style (available)[0;m
[38;5;31mWed Sep 30 00:11:18 2026 <001d> gsm0411_smc.c:573 SMC(0) message MMSMS-EST-CNF received in state MM_CONN_PENDING[0;m
[38;5;31mWed Sep 30 00:11:18 2026 <001d> gsm0411_smc.c:188 SMC(0) send CP data[0;m
[38;5;31mWed Sep 30 00:11:18 2026 <001d> gsm0411_smc.c:140 SMC(0) new CP state MM_CONN_PENDING -> WAIT_CP_ACK[0;m
[38;5;31mWed Sep 30 00:11:20 2026 <001d> gsm0411_smc.c:573 SMC(0) message MMSMS-DATA-IND (CP ACK) received in state WAIT_CP_ACK[0;m
[38;5;31mWed Sep 30 00:11:20 2026 <001d> gsm0411_smc.c:263 SMC(0) received CP-ACK[0;m
[38;5;31mWed Sep 30 00:11:20 2026 <001d> gsm0411_smc.c:140 SMC(0) new CP state WAIT_CP_ACK -> MM_ESTABLISHED[0;m
[38;5;31mWed Sep 30 00:11:20 2026 <001d> gsm0411_smc.c:573 SMC(0) message MMSMS-DATA-IND (CP DATA) received in state MM_ESTABLISHED[0;m
[38;5;31mWed Sep 30 00:11:20 2026 <001d> gsm0411_smc.c:291 SMC(0) received CP-DATA[0;m
[38;5;31mWed Sep 30 00:11:20 2026 <001d> gsm0411_smr.c:487 SMR(0) message MNSMS-DATA-IND received in state WAIT_FOR_RP_ACK[0;m
[38;5;31mWed Sep 30 00:11:20 2026 <001d> gsm0411_smr.c:144 SMR(0) new RP state WAIT_FOR_RP_ACK -> IDLE[0;m
[38;5;31mWed Sep 30 00:11:20 2026 <001d> gsm0411_smc.c:473 SMC(0) message MNSMS-REL-REQ received in state MM_ESTABLISHED[0;m
[38;5;31mWed Sep 30 00:11:20 2026 <001d> gsm0411_smc.c:140 SMC(0) new CP state MM_ESTABLISHED -> IDLE[0;m
[38;5;31mWed Sep 30 00:11:20 2026 <001d> gsm0411_smr.c:98 SMR(0) clearing SMR instance[0;m
[38;5;31mWed Sep 30 00:11:20 2026 <001d> gsm0411_smc.c:102 SMC(0) clearing instance[0;m
[38;5;43mWed Sep 30 00:12:30 2026 <0023> ss7_combined_linkset.c:297 0: CombinedLinkset(dpc=2059=1.1.3,mask=0x3fff=7.255.7,prio=5) RT loookup: OPC=2057=1.1.1,DPC=2059=1.1.3,SLS=6 -> eSLS=38: picked Normal Route via 'as-msc' round-robin style (available)[0;m
[38;5;43mWed Sep 30 00:13:22 2026 <0023> ss7_combined_linkset.c:297 0: CombinedLinkset(dpc=2059=1.1.3,mask=0x3fff=7.255.7,prio=5) RT loookup: OPC=2057=1.1.1,DPC=2059=1.1.3,SLS=7 -> eSLS=39: picked Normal Route via 'as-msc' round-robin style (available)[0;m
[1;32mWed Sep 30 00:13:24 2026 <0001> transaction.c:151 LCLS: using 14 bits (1 bytes) for node ID[0;m
[1;32mWed Sep 30 00:13:24 2026 <0001> transaction.c:168 LCLS: allocated LAC-based CR-ID 00 00 01 00 01 for callref 0x80000001[0;m
[1;32mWed Sep 30 00:13:24 2026 <0001> gsm_04_08_cc.c:704 trans(CC:NULL IMSI-001010001000001:MSISDN-100101:TMSI-0x2E104B97:GERAN-A-7:CM_SERVICE_REQ callref-0x80000001 tid-8) SETUP to 600[0;m
[1;32mWed Sep 30 00:13:25 2026 <0001> msc_a.c:1597 trans(CC:INITIATED IMSI-001010001000001:MSISDN-100101:TMSI-0x2E104B97:GERAN-A-7:CM_SERVICE_REQ callref-0x80000001 tid-8) Assignment Complete: RAN: GSM#3, CN: GSM#3[0;m
[38;5;43mWed Sep 30 00:14:06 2026 <0023> ss7_combined_linkset.c:297 0: CombinedLinkset(dpc=2059=1.1.3,mask=0x3fff=7.255.7,prio=5) RT loookup: OPC=2057=1.1.1,DPC=2059=1.1.3,SLS=8 -> eSLS=40: picked Normal Route via 'as-msc' round-robin style (available)[0;m
[1;32mWed Sep 30 00:14:07 2026 <0001> transaction.c:151 LCLS: using 14 bits (1 bytes) for node ID[0;m
[1;32mWed Sep 30 00:14:07 2026 <0001> transaction.c:168 LCLS: allocated LAC-based CR-ID 00 00 02 00 01 for callref 0x80000002[0;m
[1;32mWed Sep 30 00:14:07 2026 <0001> gsm_04_08_cc.c:704 trans(CC:NULL IMSI-001010001000001:MSISDN-100101:TMSI-0x2E104B97:GERAN-A-8:CM_SERVICE_REQ callref-0x80000002 tid-8) SETUP to 600[0;m
[1;32mWed Sep 30 00:14:08 2026 <0001> msc_a.c:1597 trans(CC:INITIATED IMSI-001010001000001:MSISDN-100101:TMSI-0x2E104B97:GERAN-A-8:CM_SERVICE_REQ callref-0x80000002 tid-8) Assignment Complete: RAN: GSM#3, CN: GSM#3[0;m
[38;5;43mWed Sep 30 00:14:43 2026 <0023> ss7_combined_linkset.c:297 0: CombinedLinkset(dpc=2059=1.1.3,mask=0x3fff=7.255.7,prio=5) RT loookup: OPC=2057=1.1.1,DPC=2059=1.1.3,SLS=9 -> eSLS=41: picked Normal Route via 'as-msc' round-robin style (available)[0;m
[1;32mWed Sep 30 00:14:44 2026 <0001> transaction.c:151 LCLS: using 14 bits (1 bytes) for node ID[0;m
[1;32mWed Sep 30 00:14:44 2026 <0001> transaction.c:168 LCLS: allocated LAC-based CR-ID 00 00 03 00 01 for callref 0x80000003[0;m
[1;32mWed Sep 30 00:14:44 2026 <0001> gsm_04_08_cc.c:704 trans(CC:NULL IMSI-001010001000001:MSISDN-100101:TMSI-0x2E104B97:GERAN-A-9:CM_SERVICE_REQ callref-0x80000003 tid-8) SETUP to 600[0;m
[1;32mWed Sep 30 00:14:45 2026 <0001> msc_a.c:1597 trans(CC:INITIATED IMSI-001010001000001:MSISDN-100101:TMSI-0x2E104B97:GERAN-A-9:CM_SERVICE_REQ callref-0x80000003 tid-8) Assignment Complete: RAN: GSM#3, CN: GSM#3[0;m
[1;39mWed Sep 30 00:28:04 2026 <0007> mncc_sock.c:72 MNCC Socket has LOST connection[0;m
[1;32mWed Sep 30 00:28:04 2026 <0001> gsm_04_08.c:91 Clearing all currently active transactions!!![0;m
[38;5;49mWed Sep 30 00:28:06 2026 <0026> xua_snm.c:501 0: ASP(asp-to-stp) Rx DUNA() for 1.1.3/0[0;m
[38;5;43mWed Sep 30 00:28:06 2026 <0023> ss7_route.c:409 0: RT(dpc=2059=1.1.3,mask=0x3fff=7.255.7,prio=5,via=as-msc,st=available) changed to status 'unavailable'[0;m
Wed Sep 30 00:28:06 2026 <0013> sccp_ran.c:167 ran_peer(GERAN-A:RI-SSN_PC:PC-1-1-3:SSN-BSSAP)[0x562beb5c85c0]{READY}: now unreachable: N-PCSTATE ind: pc=2059=1.1.3 sp_status=INACCESSIBLE remote_sccp_status=UNAVAILABLE_UNKNOWN
Wed Sep 30 00:28:06 2026 <0009> msc_main.c:285 Terminating due to signal 15
[38;5;43mWed Sep 30 00:28:24 2026 <0023> ss7_instance.c:98 0: Creating SS7 Instance[0;m
[38;5;43mWed Sep 30 00:28:24 2026 <0023> ss7_route_table.c:62 0: Creating Route Table system[0;m
[38;5;43mWed Sep 30 00:28:24 2026 <0023> ss7_asp_vty.c:673 0: ASP(asp-to-stp) Applying Adm State change: ENABLED -> ENABLED[0;m
[38;5;43mWed Sep 30 00:28:24 2026 <0023> ss7_asp.c:892 0: ASP(asp-to-stp) Restarting ASP asp-to-stp, r=127.0.0.2:2905<->l=127.0.0.1:2906[0;m
[38;5;43mWed Sep 30 00:28:24 2026 <0023> ss7_instance.c:380 0: AS(as-msc) Created AS[0;m
[38;5;43mWed Sep 30 00:28:24 2026 <0023> ss7_as.c:185 0: AS(as-msc) Adding ASP asp-to-stp to AS[0;m
[1;39mWed Sep 30 00:28:24 2026 <0007> mncc_sock.c:300 MNCC socket at /tmp/msc_mncc[0;m
Wed Sep 30 00:28:24 2026 <0017> telnet_interface.c:88 Available via telnet 127.0.0.1 4254
Wed Sep 30 00:28:24 2026 <000f> smpp_smsc.c:990 SMPP at 0.0.0.0 2775
[38;5;33mWed Sep 30 00:28:24 2026 <001e> control_if.c:1026 CTRL at 127.0.0.1 4255[0;m
[38;5;39mWed Sep 30 00:28:24 2026 <0021> gsup_client.c:77 GSUP connecting to 127.0.0.2:4222[0;m
Wed Sep 30 00:28:24 2026 <000c> db.c:518 Init database connection to 'sms.db' using SQLite3 lib version 3.45.1
[38;5;51mWed Sep 30 00:28:24 2026 <0027> mgcp_client.c:945 MGW(mgw) MGCP client: using endpoint domain '@mgw'[0;m
Wed Sep 30 00:28:24 2026 <0009> msc_main.c:576 MGW pool with 1 pool members configured, (ignoring MGW configuration in VTY node 'msc').
[38;5;45mWed Sep 30 00:28:24 2026 <0024> sccp_instance.c:655 OsmoMSC-A: Using SS7 instance 0, pc:1.1.1[0;m
[38;5;45mWed Sep 30 00:28:24 2026 <0024> sccp_instance.c:673 OsmoMSC-A: Using AS instance as-msc[0;m
[38;5;45mWed Sep 30 00:28:24 2026 <0024> sccp_instance.c:679 OsmoMSC-A: Creating default route[0;m
[38;5;43mWed Sep 30 00:28:24 2026 <0023> ss7_route.c:143 0: RT(dpc=0=0.0.0,mask=0x0=0.0.0,prio=5,via=as-msc,st=available) Creating route: pc=0=0.0.0 mask=0x0=0.0.0 prio=5 dyn via AS as-msc proto=m3ua[0;m
[38;5;45mWed Sep 30 00:28:24 2026 <0024> sccp_instance.c:784 OsmoMSC-A: Using ASP instance asp-to-stp[0;m
[38;5;43mWed Sep 30 00:28:24 2026 <0023> ss7_instance.c:214 0: Creating SCCP instance[0;m
Wed Sep 30 00:28:24 2026 <0014> sgs_server.c:186 SGs socket bound to r=NULL<->l=127.0.0.1:29118
Wed Sep 30 00:28:24 2026 <0009> msc_main.c:790 A-interface: SCCP user OsmoMSC-A:RI=SSN_PC,PC=(no PC),SSN=BSSAP, cs7-instance 0 ((null))
[38;5;43mWed Sep 30 00:28:24 2026 <0023> ss7_asp.c:1202 0: ASP(asp-to-stp) Client connected (r=127.0.0.2:2905<->l=127.0.0.1:2906)[0;m
[38;5;23mWed Sep 30 00:28:24 2026 <0019> input/ipa.c:144 127.0.0.2:4222 connection done[0;m
[38;5;23mWed Sep 30 00:28:24 2026 <0019> input/ipa.c:617 received ID_GET for unit ID 0/0/0[0;m
[1;39mWed Sep 30 00:28:26 2026 <0007> mncc_sock.c:257 MNCC Socket has connection with external call control application[0;m
[38;5;43mWed Sep 30 00:28:26 2026 <0023> xua_rkm.c:477 0: ASP(asp-to-stp) Received RKM REG RES rctx=110 status=SUCCESS[0;m
[38;5;49mWed Sep 30 00:28:26 2026 <0026> m3ua.c:707 0: ASP(asp-to-stp) Received NOTIFY Type State Change:AS Inactive ()[0;m
[38;5;43mWed Sep 30 00:28:26 2026 <0023> xua_as_fsm.c:430 0: AS(as-msc) AS became active, some routes to remote PCs may have become available[0;m
[38;5;43mWed Sep 30 00:28:26 2026 <0023> xua_as_fsm.c:471 0: AS(as-msc) AS became active => address-book pc=2059=1.1.3 is now available[0;m
[38;5;43mWed Sep 30 00:28:26 2026 <0023> ss7_route.c:143 0: RT(dpc=2059=1.1.3,mask=0x3fff=7.255.7,prio=5,via=as-msc,st=available) Creating route: pc=2059=1.1.3 mask=0x3fff=7.255.7 prio=5 dyn via AS as-msc proto=m3ua[0;m
[38;5;43mWed Sep 30 00:28:26 2026 <0023> ss7_route.c:409 0: RT(dpc=2059=1.1.3,mask=0x3fff=7.255.7,prio=5,via=as-msc,st=available) changed to status 'available'[0;m
[38;5;43mWed Sep 30 00:28:26 2026 <0023> xua_default_lm_fsm.c:406 xua_default_lm(asp-to-stp)[0x5f460ea8a580]{ACTIVE}: Ignoring primitive M-ASP_ACTIVE.confirm[0;m
[38;5;49mWed Sep 30 00:28:26 2026 <0026> m3ua.c:707 0: ASP(asp-to-stp) Received NOTIFY Type State Change:AS Active ()[0;m
[38;5;49mWed Sep 30 00:28:26 2026 <0026> xua_snm.c:501 0: ASP(asp-to-stp) Rx DUNA(RFC4666 4.5.1) for 1.1.2/0[0;m
[38;5;43mWed Sep 30 00:28:26 2026 <0023> ss7_route.c:143 0: RT(dpc=2058=1.1.2,mask=0x3fff=7.255.7,prio=5,via=as-msc,st=available) Creating route: pc=2058=1.1.2 mask=0x3fff=7.255.7 prio=5 dyn via AS as-msc proto=m3ua[0;m
[38;5;43mWed Sep 30 00:28:26 2026 <0023> ss7_route.c:409 0: RT(dpc=2058=1.1.2,mask=0x3fff=7.255.7,prio=5,via=as-msc,st=available) changed to status 'unavailable'[0;m
[38;5;49mWed Sep 30 00:28:26 2026 <0026> xua_snm.c:536 0: ASP(asp-to-stp) Rx DAVA() for 1.1.3/0[0;m
[38;5;43mWed Sep 30 00:28:26 2026 <0023> ss7_route.c:409 0: RT(dpc=2059=1.1.3,mask=0x3fff=7.255.7,prio=5,via=as-msc,st=available) changed to status 'available'[0;m
[38;5;43mWed Sep 30 00:28:26 2026 <0023> ss7_combined_linkset.c:297 0: CombinedLinkset(dpc=2059=1.1.3,mask=0x3fff=7.255.7,prio=5) RT loookup: OPC=2057=1.1.1,DPC=2059=1.1.3,SLS=0 -> eSLS=32: picked Normal Route via 'as-msc' round-robin style (available)[0;m
[38;5;43mWed Sep 30 00:28:28 2026 <0023> ss7_asp.c:998 0: ASP(asp-to-stp) xUA CLNT SCTP NOTIFICATION 32770 flags=0x0[0;m
[38;5;43mWed Sep 30 00:28:28 2026 <0023> ss7_asp.c:1014 0: ASP(asp-to-stp) xUA CLNT SCTP_PEER_ADDR_CHANGE: ADDR_CONFIRMED 127.0.0.1:2905 err=None[0;m
[38;5;43mWed Sep 30 00:28:48 2026 <0023> ss7_combined_linkset.c:297 0: CombinedLinkset(dpc=2059=1.1.3,mask=0x3fff=7.255.7,prio=5) RT loookup: OPC=2057=1.1.1,DPC=2059=1.1.3,SLS=1 -> eSLS=33: picked Normal Route via 'as-msc' round-robin style (available)[0;m
[1;38mWed Sep 30 00:28:48 2026 <0008> ran_peer.c:123 ran_peer(GERAN-A:RI-SSN_PC:PC-1-1-3:SSN-BSSAP)[0x5f460ec1c8b0]{READY}: Added seen cell to this RAN peer: CGI:001-01-1-6012[0;m
Wed Sep 30 00:28:50 2026 <0009> gsm_04_08.c:1548 msub(IMSI-001010001000002:MSISDN-100102) VLR: update for IMSI=001010001000002 (MSISDN=100102)
Wed Sep 30 00:28:50 2026 <0009> gsm_04_08.c:1548 msub(IMSI-001010001000002:MSISDN-100102:TMSInew-0xA5B31FFD) VLR: update for IMSI=001010001000002 (MSISDN=100102)
Wed Sep 30 00:28:50 2026 <0009> gsm_04_08.c:1548 msub(IMSI-001010001000002:MSISDN-100102:TMSI-0xA5B31FFD) VLR: update for IMSI=001010001000002 (MSISDN=100102)
[38;5;43mWed Sep 30 00:28:54 2026 <0023> ss7_combined_linkset.c:297 0: CombinedLinkset(dpc=2059=1.1.3,mask=0x3fff=7.255.7,prio=5) RT loookup: OPC=2057=1.1.1,DPC=2059=1.1.3,SLS=2 -> eSLS=34: picked Normal Route via 'as-msc' round-robin style (available)[0;m
[1;38mWed Sep 30 00:28:54 2026 <0008> ran_peer.c:123 ran_peer(GERAN-A:RI-SSN_PC:PC-1-1-3:SSN-BSSAP)[0x5f460ec1c8b0]{READY}: Added seen cell to this RAN peer: CGI:001-01-1-6001[0;m
Wed Sep 30 00:28:57 2026 <0009> gsm_04_08.c:1548 msub(IMSI-001010001000001:MSISDN-100101) VLR: update for IMSI=001010001000001 (MSISDN=100101)
Wed Sep 30 00:28:57 2026 <0009> gsm_04_08.c:1548 msub(IMSI-001010001000001:MSISDN-100101:TMSInew-0x4CEB2CA2) VLR: update for IMSI=001010001000001 (MSISDN=100101)
Wed Sep 30 00:28:58 2026 <0009> gsm_04_08.c:1548 msub(IMSI-001010001000001:MSISDN-100101:TMSI-0x4CEB2CA2) VLR: update for IMSI=001010001000001 (MSISDN=100101)
[38;5;43mWed Sep 30 00:31:29 2026 <0023> ss7_combined_linkset.c:297 0: CombinedLinkset(dpc=2059=1.1.3,mask=0x3fff=7.255.7,prio=5) RT loookup: OPC=2057=1.1.1,DPC=2059=1.1.3,SLS=3 -> eSLS=35: picked Normal Route via 'as-msc' round-robin style (available)[0;m
[38;5;31mWed Sep 30 00:31:31 2026 <001d> gsm0411_smc.c:94 SMC(0) instance created for network[0;m
[38;5;31mWed Sep 30 00:31:31 2026 <001d> gsm0411_smr.c:90 SMR(0) instance created for network.[0;m
[38;5;31mWed Sep 30 00:31:31 2026 <001d> gsm0411_smc.c:573 SMC(0) message MMSMS-EST-IND (CP DATA) received in state IDLE[0;m
[38;5;31mWed Sep 30 00:31:31 2026 <001d> gsm0411_smc.c:291 SMC(0) received CP-DATA[0;m
[38;5;31mWed Sep 30 00:31:31 2026 <001d> gsm0411_smc.c:140 SMC(0) new CP state IDLE -> MM_ESTABLISHED[0;m
[38;5;31mWed Sep 30 00:31:31 2026 <001d> gsm0411_smr.c:487 SMR(0) message MNSMS-EST-IND received in state IDLE[0;m
[38;5;31mWed Sep 30 00:31:31 2026 <001d> gsm0411_smr.c:144 SMR(0) new RP state IDLE -> WAIT_TO_TX_RP_ACK[0;m
[38;5;31mWed Sep 30 00:31:31 2026 <001d> gsm0411_smr.c:420 SMR(0) message SM-RL-REPORT_REQ received in state WAIT_TO_TX_RP_ACK[0;m
[38;5;31mWed Sep 30 00:31:31 2026 <001d> gsm0411_smr.c:144 SMR(0) new RP state WAIT_TO_TX_RP_ACK -> IDLE[0;m
[38;5;31mWed Sep 30 00:31:31 2026 <001d> gsm0411_smc.c:473 SMC(0) message MNSMS-DATA-REQ received in state MM_ESTABLISHED[0;m
[38;5;31mWed Sep 30 00:31:31 2026 <001d> gsm0411_smc.c:188 SMC(0) send CP data[0;m
[38;5;31mWed Sep 30 00:31:31 2026 <001d> gsm0411_smc.c:140 SMC(0) new CP state MM_ESTABLISHED -> WAIT_CP_ACK[0;m
[38;5;31mWed Sep 30 00:31:31 2026 <001d> gsm0411_smc.c:473 SMC(0) message MNSMS-REL-REQ received in state WAIT_CP_ACK[0;m
[38;5;31mWed Sep 30 00:31:31 2026 <001d> gsm0411_smc.c:338 SMC(0) cannot release yet current state: WAIT_CP_ACK[0;m
[38;5;31mWed Sep 30 00:31:32 2026 <001d> gsm0411_smc.c:94 SMC(0) instance created for network[0;m
[38;5;31mWed Sep 30 00:31:32 2026 <001d> gsm0411_smr.c:90 SMR(0) instance created for network.[0;m
[38;5;31mWed Sep 30 00:31:32 2026 <001d> gsm_04_11.c:1195 trans(SMS IMSI-001010001000002:MSISDN-100102:TMSI-0xA5B31FFD callref-0x40000002 tid-0) Going to send a MT SMS[0;m
[38;5;31mWed Sep 30 00:31:32 2026 <001d> gsm0411_smr.c:420 SMR(0) message SM-RL-DATA_REQ received in state IDLE[0;m
[38;5;31mWed Sep 30 00:31:32 2026 <001d> gsm0411_smr.c:144 SMR(0) new RP state IDLE -> WAIT_FOR_RP_ACK[0;m
[38;5;31mWed Sep 30 00:31:32 2026 <001d> gsm0411_smc.c:473 SMC(0) message MNSMS-EST-REQ received in state IDLE[0;m
[38;5;31mWed Sep 30 00:31:32 2026 <001d> gsm0411_smc.c:140 SMC(0) new CP state IDLE -> MM_CONN_PENDING[0;m
[38;5;43mWed Sep 30 00:31:33 2026 <0023> ss7_combined_linkset.c:297 0: CombinedLinkset(dpc=2059=1.1.3,mask=0x3fff=7.255.7,prio=5) RT loookup: OPC=2057=1.1.1,DPC=2059=1.1.3,SLS=4 -> eSLS=36: picked Normal Route via 'as-msc' round-robin style (available)[0;m
[38;5;31mWed Sep 30 00:31:33 2026 <001d> gsm0411_smc.c:573 SMC(0) message MMSMS-DATA-IND (CP ACK) received in state WAIT_CP_ACK[0;m
[38;5;31mWed Sep 30 00:31:33 2026 <001d> gsm0411_smc.c:263 SMC(0) received CP-ACK[0;m
[38;5;31mWed Sep 30 00:31:33 2026 <001d> gsm0411_smc.c:140 SMC(0) new CP state WAIT_CP_ACK -> MM_ESTABLISHED[0;m
[38;5;31mWed Sep 30 00:31:33 2026 <001d> gsm0411_smc.c:274 SMC(0) we have pending release.[0;m
[38;5;31mWed Sep 30 00:31:33 2026 <001d> gsm0411_smc.c:140 SMC(0) new CP state MM_ESTABLISHED -> IDLE[0;m
[38;5;31mWed Sep 30 00:31:33 2026 <001d> gsm0411_smr.c:98 SMR(0) clearing SMR instance[0;m
[38;5;31mWed Sep 30 00:31:33 2026 <001d> gsm0411_smc.c:102 SMC(0) clearing instance[0;m
[38;5;31mWed Sep 30 00:31:33 2026 <001d> gsm0411_smc.c:573 SMC(0) message MMSMS-EST-CNF received in state MM_CONN_PENDING[0;m
[38;5;31mWed Sep 30 00:31:33 2026 <001d> gsm0411_smc.c:188 SMC(0) send CP data[0;m
[38;5;31mWed Sep 30 00:31:33 2026 <001d> gsm0411_smc.c:140 SMC(0) new CP state MM_CONN_PENDING -> WAIT_CP_ACK[0;m
[38;5;31mWed Sep 30 00:31:35 2026 <001d> gsm0411_smc.c:573 SMC(0) message MMSMS-DATA-IND (CP ACK) received in state WAIT_CP_ACK[0;m
[38;5;31mWed Sep 30 00:31:35 2026 <001d> gsm0411_smc.c:263 SMC(0) received CP-ACK[0;m
[38;5;31mWed Sep 30 00:31:35 2026 <001d> gsm0411_smc.c:140 SMC(0) new CP state WAIT_CP_ACK -> MM_ESTABLISHED[0;m
[38;5;31mWed Sep 30 00:31:35 2026 <001d> gsm0411_smc.c:573 SMC(0) message MMSMS-DATA-IND (CP DATA) received in state MM_ESTABLISHED[0;m
[38;5;31mWed Sep 30 00:31:35 2026 <001d> gsm0411_smc.c:291 SMC(0) received CP-DATA[0;m
[38;5;31mWed Sep 30 00:31:35 2026 <001d> gsm0411_smr.c:487 SMR(0) message MNSMS-DATA-IND received in state WAIT_FOR_RP_ACK[0;m
[38;5;31mWed Sep 30 00:31:35 2026 <001d> gsm0411_smr.c:144 SMR(0) new RP state WAIT_FOR_RP_ACK -> IDLE[0;m
[38;5;31mWed Sep 30 00:31:35 2026 <001d> gsm0411_smc.c:473 SMC(0) message MNSMS-REL-REQ received in state MM_ESTABLISHED[0;m
[38;5;31mWed Sep 30 00:31:35 2026 <001d> gsm0411_smc.c:140 SMC(0) new CP state MM_ESTABLISHED -> IDLE[0;m
[38;5;31mWed Sep 30 00:31:35 2026 <001d> gsm0411_smr.c:98 SMR(0) clearing SMR instance[0;m
[38;5;31mWed Sep 30 00:31:35 2026 <001d> gsm0411_smc.c:102 SMC(0) clearing instance[0;m
[38;5;31mWed Sep 30 00:31:52 2026 <001d> gsm0411_smc.c:94 SMC(0) instance created for network[0;m
[38;5;31mWed Sep 30 00:31:52 2026 <001d> gsm0411_smr.c:90 SMR(0) instance created for network.[0;m
[38;5;31mWed Sep 30 00:31:52 2026 <001d> gsm_04_11.c:1195 trans(SMS IMSI-001010001000001:MSISDN-100101:TMSI-0x4CEB2CA2 callref-0x40000003 tid-0) Going to send a MT SMS[0;m
[38;5;31mWed Sep 30 00:31:52 2026 <001d> gsm0411_smr.c:420 SMR(0) message SM-RL-DATA_REQ received in state IDLE[0;m
[38;5;31mWed Sep 30 00:31:52 2026 <001d> gsm0411_smr.c:144 SMR(0) new RP state IDLE -> WAIT_FOR_RP_ACK[0;m
[38;5;31mWed Sep 30 00:31:52 2026 <001d> gsm0411_smc.c:473 SMC(0) message MNSMS-EST-REQ received in state IDLE[0;m
[38;5;31mWed Sep 30 00:31:52 2026 <001d> gsm0411_smc.c:140 SMC(0) new CP state IDLE -> MM_CONN_PENDING[0;m
[38;5;43mWed Sep 30 00:31:56 2026 <0023> ss7_combined_linkset.c:297 0: CombinedLinkset(dpc=2059=1.1.3,mask=0x3fff=7.255.7,prio=5) RT loookup: OPC=2057=1.1.1,DPC=2059=1.1.3,SLS=5 -> eSLS=37: picked Normal Route via 'as-msc' round-robin style (available)[0;m
[38;5;31mWed Sep 30 00:31:57 2026 <001d> gsm0411_smc.c:573 SMC(0) message MMSMS-EST-CNF received in state MM_CONN_PENDING[0;m
[38;5;31mWed Sep 30 00:31:57 2026 <001d> gsm0411_smc.c:188 SMC(0) send CP data[0;m
[38;5;31mWed Sep 30 00:31:57 2026 <001d> gsm0411_smc.c:140 SMC(0) new CP state MM_CONN_PENDING -> WAIT_CP_ACK[0;m
[38;5;31mWed Sep 30 00:31:59 2026 <001d> gsm0411_smc.c:573 SMC(0) message MMSMS-DATA-IND (CP ACK) received in state WAIT_CP_ACK[0;m
[38;5;31mWed Sep 30 00:31:59 2026 <001d> gsm0411_smc.c:263 SMC(0) received CP-ACK[0;m
[38;5;31mWed Sep 30 00:31:59 2026 <001d> gsm0411_smc.c:140 SMC(0) new CP state WAIT_CP_ACK -> MM_ESTABLISHED[0;m
[38;5;31mWed Sep 30 00:32:00 2026 <001d> gsm0411_smc.c:573 SMC(0) message MMSMS-DATA-IND (CP DATA) received in state MM_ESTABLISHED[0;m
[38;5;31mWed Sep 30 00:32:00 2026 <001d> gsm0411_smc.c:291 SMC(0) received CP-DATA[0;m
[38;5;31mWed Sep 30 00:32:00 2026 <001d> gsm0411_smr.c:487 SMR(0) message MNSMS-DATA-IND received in state WAIT_FOR_RP_ACK[0;m
[38;5;31mWed Sep 30 00:32:00 2026 <001d> gsm0411_smr.c:144 SMR(0) new RP state WAIT_FOR_RP_ACK -> IDLE[0;m
[38;5;31mWed Sep 30 00:32:00 2026 <001d> gsm0411_smc.c:473 SMC(0) message MNSMS-REL-REQ received in state MM_ESTABLISHED[0;m
[38;5;31mWed Sep 30 00:32:00 2026 <001d> gsm0411_smc.c:140 SMC(0) new CP state MM_ESTABLISHED -> IDLE[0;m
[38;5;31mWed Sep 30 00:32:00 2026 <001d> gsm0411_smr.c:98 SMR(0) clearing SMR instance[0;m
[38;5;31mWed Sep 30 00:32:00 2026 <001d> gsm0411_smc.c:102 SMC(0) clearing instance[0;m
[38;5;43mWed Sep 30 00:32:37 2026 <0023> ss7_combined_linkset.c:297 0: CombinedLinkset(dpc=2059=1.1.3,mask=0x3fff=7.255.7,prio=5) RT loookup: OPC=2057=1.1.1,DPC=2059=1.1.3,SLS=6 -> eSLS=38: picked Normal Route via 'as-msc' round-robin style (available)[0;m
[38;5;43mWed Sep 30 00:33:44 2026 <0023> ss7_combined_linkset.c:297 0: CombinedLinkset(dpc=2059=1.1.3,mask=0x3fff=7.255.7,prio=5) RT loookup: OPC=2057=1.1.1,DPC=2059=1.1.3,SLS=7 -> eSLS=39: picked Normal Route via 'as-msc' round-robin style (available)[0;m
[1;39mWed Sep 30 00:35:20 2026 <0007> mncc_sock.c:72 MNCC Socket has LOST connection[0;m
[1;32mWed Sep 30 00:35:20 2026 <0001> gsm_04_08.c:91 Clearing all currently active transactions!!![0;m
[38;5;49mWed Sep 30 00:35:21 2026 <0026> xua_snm.c:501 0: ASP(asp-to-stp) Rx DUNA() for 1.1.3/0[0;m
[38;5;43mWed Sep 30 00:35:21 2026 <0023> ss7_route.c:409 0: RT(dpc=2059=1.1.3,mask=0x3fff=7.255.7,prio=5,via=as-msc,st=available) changed to status 'unavailable'[0;m
Wed Sep 30 00:35:21 2026 <0013> sccp_ran.c:167 ran_peer(GERAN-A:RI-SSN_PC:PC-1-1-3:SSN-BSSAP)[0x5f460ec1c8b0]{READY}: now unreachable: N-PCSTATE ind: pc=2059=1.1.3 sp_status=INACCESSIBLE remote_sccp_status=UNAVAILABLE_UNKNOWN
Wed Sep 30 00:35:22 2026 <0009> msc_main.c:285 Terminating due to signal 15
[38;5;43mWed Sep 30 00:36:21 2026 <0023> ss7_instance.c:98 0: Creating SS7 Instance[0;m
[38;5;43mWed Sep 30 00:36:21 2026 <0023> ss7_route_table.c:62 0: Creating Route Table system[0;m
[38;5;43mWed Sep 30 00:36:21 2026 <0023> ss7_asp_vty.c:673 0: ASP(asp-to-stp) Applying Adm State change: ENABLED -> ENABLED[0;m
[38;5;43mWed Sep 30 00:36:21 2026 <0023> ss7_asp.c:892 0: ASP(asp-to-stp) Restarting ASP asp-to-stp, r=127.0.0.2:2905<->l=127.0.0.1:2906[0;m
[38;5;43mWed Sep 30 00:36:21 2026 <0023> ss7_instance.c:380 0: AS(as-msc) Created AS[0;m
[38;5;43mWed Sep 30 00:36:21 2026 <0023> ss7_as.c:185 0: AS(as-msc) Adding ASP asp-to-stp to AS[0;m
[1;39mWed Sep 30 00:36:21 2026 <0007> mncc_sock.c:300 MNCC socket at /tmp/msc_mncc[0;m
Wed Sep 30 00:36:21 2026 <0017> telnet_interface.c:88 Available via telnet 127.0.0.1 4254
Wed Sep 30 00:36:21 2026 <000f> smpp_smsc.c:990 SMPP at 0.0.0.0 2775
[38;5;33mWed Sep 30 00:36:21 2026 <001e> control_if.c:1026 CTRL at 127.0.0.1 4255[0;m
[38;5;39mWed Sep 30 00:36:21 2026 <0021> gsup_client.c:77 GSUP connecting to 127.0.0.2:4222[0;m
Wed Sep 30 00:36:21 2026 <000c> db.c:518 Init database connection to 'sms.db' using SQLite3 lib version 3.45.1
[38;5;51mWed Sep 30 00:36:21 2026 <0027> mgcp_client.c:945 MGW(mgw) MGCP client: using endpoint domain '@mgw'[0;m
Wed Sep 30 00:36:21 2026 <0009> msc_main.c:576 MGW pool with 1 pool members configured, (ignoring MGW configuration in VTY node 'msc').
[38;5;45mWed Sep 30 00:36:21 2026 <0024> sccp_instance.c:655 OsmoMSC-A: Using SS7 instance 0, pc:1.1.1[0;m
[38;5;45mWed Sep 30 00:36:21 2026 <0024> sccp_instance.c:673 OsmoMSC-A: Using AS instance as-msc[0;m
[38;5;45mWed Sep 30 00:36:21 2026 <0024> sccp_instance.c:679 OsmoMSC-A: Creating default route[0;m
[38;5;43mWed Sep 30 00:36:21 2026 <0023> ss7_route.c:143 0: RT(dpc=0=0.0.0,mask=0x0=0.0.0,prio=5,via=as-msc,st=available) Creating route: pc=0=0.0.0 mask=0x0=0.0.0 prio=5 dyn via AS as-msc proto=m3ua[0;m
[38;5;45mWed Sep 30 00:36:21 2026 <0024> sccp_instance.c:784 OsmoMSC-A: Using ASP instance asp-to-stp[0;m
[38;5;43mWed Sep 30 00:36:21 2026 <0023> ss7_instance.c:214 0: Creating SCCP instance[0;m
Wed Sep 30 00:36:21 2026 <0014> sgs_server.c:186 SGs socket bound to r=NULL<->l=127.0.0.1:29118
Wed Sep 30 00:36:21 2026 <0009> msc_main.c:790 A-interface: SCCP user OsmoMSC-A:RI=SSN_PC,PC=(no PC),SSN=BSSAP, cs7-instance 0 ((null))
[38;5;43mWed Sep 30 00:36:21 2026 <0023> ss7_asp.c:1202 0: ASP(asp-to-stp) Client connected (r=127.0.0.2:2905<->l=127.0.0.1:2906)[0;m
[38;5;23mWed Sep 30 00:36:21 2026 <0019> input/ipa.c:144 127.0.0.2:4222 connection done[0;m
[38;5;23mWed Sep 30 00:36:21 2026 <0019> input/ipa.c:617 received ID_GET for unit ID 0/0/0[0;m
[38;5;43mWed Sep 30 00:36:23 2026 <0023> xua_rkm.c:477 0: ASP(asp-to-stp) Received RKM REG RES rctx=110 status=SUCCESS[0;m
[38;5;49mWed Sep 30 00:36:23 2026 <0026> m3ua.c:707 0: ASP(asp-to-stp) Received NOTIFY Type State Change:AS Inactive ()[0;m
[38;5;43mWed Sep 30 00:36:23 2026 <0023> xua_as_fsm.c:430 0: AS(as-msc) AS became active, some routes to remote PCs may have become available[0;m
[38;5;43mWed Sep 30 00:36:23 2026 <0023> xua_as_fsm.c:471 0: AS(as-msc) AS became active => address-book pc=2059=1.1.3 is now available[0;m
[38;5;43mWed Sep 30 00:36:23 2026 <0023> ss7_route.c:143 0: RT(dpc=2059=1.1.3,mask=0x3fff=7.255.7,prio=5,via=as-msc,st=available) Creating route: pc=2059=1.1.3 mask=0x3fff=7.255.7 prio=5 dyn via AS as-msc proto=m3ua[0;m
[38;5;43mWed Sep 30 00:36:23 2026 <0023> ss7_route.c:409 0: RT(dpc=2059=1.1.3,mask=0x3fff=7.255.7,prio=5,via=as-msc,st=available) changed to status 'available'[0;m
[38;5;43mWed Sep 30 00:36:23 2026 <0023> xua_default_lm_fsm.c:406 xua_default_lm(asp-to-stp)[0x5d53d8eab580]{ACTIVE}: Ignoring primitive M-ASP_ACTIVE.confirm[0;m
[38;5;49mWed Sep 30 00:36:23 2026 <0026> m3ua.c:707 0: ASP(asp-to-stp) Received NOTIFY Type State Change:AS Active ()[0;m
[38;5;49mWed Sep 30 00:36:23 2026 <0026> xua_snm.c:501 0: ASP(asp-to-stp) Rx DUNA(RFC4666 4.5.1) for 1.1.2/0[0;m
[38;5;43mWed Sep 30 00:36:23 2026 <0023> ss7_route.c:143 0: RT(dpc=2058=1.1.2,mask=0x3fff=7.255.7,prio=5,via=as-msc,st=available) Creating route: pc=2058=1.1.2 mask=0x3fff=7.255.7 prio=5 dyn via AS as-msc proto=m3ua[0;m
[38;5;43mWed Sep 30 00:36:23 2026 <0023> ss7_route.c:409 0: RT(dpc=2058=1.1.2,mask=0x3fff=7.255.7,prio=5,via=as-msc,st=available) changed to status 'unavailable'[0;m
[38;5;49mWed Sep 30 00:36:23 2026 <0026> xua_snm.c:536 0: ASP(asp-to-stp) Rx DAVA() for 1.1.3/0[0;m
[38;5;43mWed Sep 30 00:36:23 2026 <0023> ss7_route.c:409 0: RT(dpc=2059=1.1.3,mask=0x3fff=7.255.7,prio=5,via=as-msc,st=available) changed to status 'available'[0;m
[38;5;43mWed Sep 30 00:36:23 2026 <0023> ss7_combined_linkset.c:297 0: CombinedLinkset(dpc=2059=1.1.3,mask=0x3fff=7.255.7,prio=5) RT loookup: OPC=2057=1.1.1,DPC=2059=1.1.3,SLS=0 -> eSLS=32: picked Normal Route via 'as-msc' round-robin style (available)[0;m
[1;39mWed Sep 30 00:36:23 2026 <0007> mncc_sock.c:257 MNCC Socket has connection with external call control application[0;m
[38;5;43mWed Sep 30 00:36:24 2026 <0023> ss7_asp.c:998 0: ASP(asp-to-stp) xUA CLNT SCTP NOTIFICATION 32770 flags=0x0[0;m
[38;5;43mWed Sep 30 00:36:24 2026 <0023> ss7_asp.c:1014 0: ASP(asp-to-stp) xUA CLNT SCTP_PEER_ADDR_CHANGE: ADDR_CONFIRMED 127.0.0.1:2905 err=None[0;m
[38;5;43mWed Sep 30 00:36:45 2026 <0023> ss7_combined_linkset.c:297 0: CombinedLinkset(dpc=2059=1.1.3,mask=0x3fff=7.255.7,prio=5) RT loookup: OPC=2057=1.1.1,DPC=2059=1.1.3,SLS=1 -> eSLS=33: picked Normal Route via 'as-msc' round-robin style (available)[0;m
[1;38mWed Sep 30 00:36:45 2026 <0008> ran_peer.c:123 ran_peer(GERAN-A:RI-SSN_PC:PC-1-1-3:SSN-BSSAP)[0x5d53d903d8c0]{READY}: Added seen cell to this RAN peer: CGI:001-01-1-6012[0;m
Wed Sep 30 00:36:47 2026 <0009> gsm_04_08.c:1548 msub(IMSI-001010001000002:MSISDN-100102) VLR: update for IMSI=001010001000002 (MSISDN=100102)
Wed Sep 30 00:36:47 2026 <0009> gsm_04_08.c:1548 msub(IMSI-001010001000002:MSISDN-100102:TMSInew-0xA9CA8CA0) VLR: update for IMSI=001010001000002 (MSISDN=100102)
Wed Sep 30 00:36:48 2026 <0009> gsm_04_08.c:1548 msub(IMSI-001010001000002:MSISDN-100102:TMSI-0xA9CA8CA0) VLR: update for IMSI=001010001000002 (MSISDN=100102)
[38;5;43mWed Sep 30 00:36:53 2026 <0023> ss7_combined_linkset.c:297 0: CombinedLinkset(dpc=2059=1.1.3,mask=0x3fff=7.255.7,prio=5) RT loookup: OPC=2057=1.1.1,DPC=2059=1.1.3,SLS=2 -> eSLS=34: picked Normal Route via 'as-msc' round-robin style (available)[0;m
[1;38mWed Sep 30 00:36:53 2026 <0008> ran_peer.c:123 ran_peer(GERAN-A:RI-SSN_PC:PC-1-1-3:SSN-BSSAP)[0x5d53d903d8c0]{READY}: Added seen cell to this RAN peer: CGI:001-01-1-6001[0;m
Wed Sep 30 00:36:56 2026 <0009> gsm_04_08.c:1548 msub(IMSI-001010001000001:MSISDN-100101) VLR: update for IMSI=001010001000001 (MSISDN=100101)
Wed Sep 30 00:36:56 2026 <0009> gsm_04_08.c:1548 msub(IMSI-001010001000001:MSISDN-100101:TMSInew-0x25E71EF3) VLR: update for IMSI=001010001000001 (MSISDN=100101)
Wed Sep 30 00:36:57 2026 <0009> gsm_04_08.c:1548 msub(IMSI-001010001000001:MSISDN-100101:TMSI-0x25E71EF3) VLR: update for IMSI=001010001000001 (MSISDN=100101)
[38;5;43mWed Sep 30 00:39:26 2026 <0023> ss7_combined_linkset.c:297 0: CombinedLinkset(dpc=2059=1.1.3,mask=0x3fff=7.255.7,prio=5) RT loookup: OPC=2057=1.1.1,DPC=2059=1.1.3,SLS=3 -> eSLS=35: picked Normal Route via 'as-msc' round-robin style (available)[0;m
[38;5;31mWed Sep 30 00:39:29 2026 <001d> gsm0411_smc.c:94 SMC(0) instance created for network[0;m
[38;5;31mWed Sep 30 00:39:29 2026 <001d> gsm0411_smr.c:90 SMR(0) instance created for network.[0;m
[38;5;31mWed Sep 30 00:39:29 2026 <001d> gsm0411_smc.c:573 SMC(0) message MMSMS-EST-IND (CP DATA) received in state IDLE[0;m
[38;5;31mWed Sep 30 00:39:29 2026 <001d> gsm0411_smc.c:291 SMC(0) received CP-DATA[0;m
[38;5;31mWed Sep 30 00:39:29 2026 <001d> gsm0411_smc.c:140 SMC(0) new CP state IDLE -> MM_ESTABLISHED[0;m
[38;5;31mWed Sep 30 00:39:29 2026 <001d> gsm0411_smr.c:487 SMR(0) message MNSMS-EST-IND received in state IDLE[0;m
[38;5;31mWed Sep 30 00:39:29 2026 <001d> gsm0411_smr.c:144 SMR(0) new RP state IDLE -> WAIT_TO_TX_RP_ACK[0;m
[38;5;31mWed Sep 30 00:39:29 2026 <001d> gsm0411_smr.c:420 SMR(0) message SM-RL-REPORT_REQ received in state WAIT_TO_TX_RP_ACK[0;m
[38;5;31mWed Sep 30 00:39:29 2026 <001d> gsm0411_smr.c:144 SMR(0) new RP state WAIT_TO_TX_RP_ACK -> IDLE[0;m
[38;5;31mWed Sep 30 00:39:29 2026 <001d> gsm0411_smc.c:473 SMC(0) message MNSMS-DATA-REQ received in state MM_ESTABLISHED[0;m
[38;5;31mWed Sep 30 00:39:29 2026 <001d> gsm0411_smc.c:188 SMC(0) send CP data[0;m
[38;5;31mWed Sep 30 00:39:29 2026 <001d> gsm0411_smc.c:140 SMC(0) new CP state MM_ESTABLISHED -> WAIT_CP_ACK[0;m
[38;5;31mWed Sep 30 00:39:29 2026 <001d> gsm0411_smc.c:473 SMC(0) message MNSMS-REL-REQ received in state WAIT_CP_ACK[0;m
[38;5;31mWed Sep 30 00:39:29 2026 <001d> gsm0411_smc.c:338 SMC(0) cannot release yet current state: WAIT_CP_ACK[0;m
[38;5;31mWed Sep 30 00:39:29 2026 <001d> gsm0411_smc.c:94 SMC(0) instance created for network[0;m
[38;5;31mWed Sep 30 00:39:29 2026 <001d> gsm0411_smr.c:90 SMR(0) instance created for network.[0;m
[38;5;31mWed Sep 30 00:39:29 2026 <001d> gsm_04_11.c:1195 trans(SMS IMSI-001010001000002:MSISDN-100102:TMSI-0xA9CA8CA0 callref-0x40000002 tid-0) Going to send a MT SMS[0;m
[38;5;31mWed Sep 30 00:39:29 2026 <001d> gsm0411_smr.c:420 SMR(0) message SM-RL-DATA_REQ received in state IDLE[0;m
[38;5;31mWed Sep 30 00:39:29 2026 <001d> gsm0411_smr.c:144 SMR(0) new RP state IDLE -> WAIT_FOR_RP_ACK[0;m
[38;5;31mWed Sep 30 00:39:29 2026 <001d> gsm0411_smc.c:473 SMC(0) message MNSMS-EST-REQ received in state IDLE[0;m
[38;5;31mWed Sep 30 00:39:29 2026 <001d> gsm0411_smc.c:140 SMC(0) new CP state IDLE -> MM_CONN_PENDING[0;m
[38;5;43mWed Sep 30 00:39:30 2026 <0023> ss7_combined_linkset.c:297 0: CombinedLinkset(dpc=2059=1.1.3,mask=0x3fff=7.255.7,prio=5) RT loookup: OPC=2057=1.1.1,DPC=2059=1.1.3,SLS=4 -> eSLS=36: picked Normal Route via 'as-msc' round-robin style (available)[0;m
[38;5;31mWed Sep 30 00:39:30 2026 <001d> gsm0411_smc.c:573 SMC(0) message MMSMS-DATA-IND (CP ACK) received in state WAIT_CP_ACK[0;m
[38;5;31mWed Sep 30 00:39:30 2026 <001d> gsm0411_smc.c:263 SMC(0) received CP-ACK[0;m
[38;5;31mWed Sep 30 00:39:30 2026 <001d> gsm0411_smc.c:140 SMC(0) new CP state WAIT_CP_ACK -> MM_ESTABLISHED[0;m
[38;5;31mWed Sep 30 00:39:30 2026 <001d> gsm0411_smc.c:274 SMC(0) we have pending release.[0;m
[38;5;31mWed Sep 30 00:39:30 2026 <001d> gsm0411_smc.c:140 SMC(0) new CP state MM_ESTABLISHED -> IDLE[0;m
[38;5;31mWed Sep 30 00:39:30 2026 <001d> gsm0411_smr.c:98 SMR(0) clearing SMR instance[0;m
[38;5;31mWed Sep 30 00:39:30 2026 <001d> gsm0411_smc.c:102 SMC(0) clearing instance[0;m
[38;5;31mWed Sep 30 00:39:31 2026 <001d> gsm0411_smc.c:573 SMC(0) message MMSMS-EST-CNF received in state MM_CONN_PENDING[0;m
[38;5;31mWed Sep 30 00:39:31 2026 <001d> gsm0411_smc.c:188 SMC(0) send CP data[0;m
[38;5;31mWed Sep 30 00:39:31 2026 <001d> gsm0411_smc.c:140 SMC(0) new CP state MM_CONN_PENDING -> WAIT_CP_ACK[0;m
[38;5;31mWed Sep 30 00:39:32 2026 <001d> gsm0411_smc.c:573 SMC(0) message MMSMS-DATA-IND (CP ACK) received in state WAIT_CP_ACK[0;m
[38;5;31mWed Sep 30 00:39:32 2026 <001d> gsm0411_smc.c:263 SMC(0) received CP-ACK[0;m
[38;5;31mWed Sep 30 00:39:32 2026 <001d> gsm0411_smc.c:140 SMC(0) new CP state WAIT_CP_ACK -> MM_ESTABLISHED[0;m
[38;5;31mWed Sep 30 00:39:32 2026 <001d> gsm0411_smc.c:573 SMC(0) message MMSMS-DATA-IND (CP DATA) received in state MM_ESTABLISHED[0;m
[38;5;31mWed Sep 30 00:39:32 2026 <001d> gsm0411_smc.c:291 SMC(0) received CP-DATA[0;m
[38;5;31mWed Sep 30 00:39:32 2026 <001d> gsm0411_smr.c:487 SMR(0) message MNSMS-DATA-IND received in state WAIT_FOR_RP_ACK[0;m
[38;5;31mWed Sep 30 00:39:32 2026 <001d> gsm0411_smr.c:144 SMR(0) new RP state WAIT_FOR_RP_ACK -> IDLE[0;m
[38;5;31mWed Sep 30 00:39:32 2026 <001d> gsm0411_smc.c:473 SMC(0) message MNSMS-REL-REQ received in state MM_ESTABLISHED[0;m
[38;5;31mWed Sep 30 00:39:32 2026 <001d> gsm0411_smc.c:140 SMC(0) new CP state MM_ESTABLISHED -> IDLE[0;m
[38;5;31mWed Sep 30 00:39:32 2026 <001d> gsm0411_smr.c:98 SMR(0) clearing SMR instance[0;m
[38;5;31mWed Sep 30 00:39:32 2026 <001d> gsm0411_smc.c:102 SMC(0) clearing instance[0;m
[38;5;31mWed Sep 30 00:39:49 2026 <001d> gsm0411_smc.c:94 SMC(0) instance created for network[0;m
[38;5;31mWed Sep 30 00:39:49 2026 <001d> gsm0411_smr.c:90 SMR(0) instance created for network.[0;m
[38;5;31mWed Sep 30 00:39:49 2026 <001d> gsm_04_11.c:1195 trans(SMS IMSI-001010001000001:MSISDN-100101:TMSI-0x25E71EF3 callref-0x40000003 tid-0) Going to send a MT SMS[0;m
[38;5;31mWed Sep 30 00:39:49 2026 <001d> gsm0411_smr.c:420 SMR(0) message SM-RL-DATA_REQ received in state IDLE[0;m
[38;5;31mWed Sep 30 00:39:49 2026 <001d> gsm0411_smr.c:144 SMR(0) new RP state IDLE -> WAIT_FOR_RP_ACK[0;m
[38;5;31mWed Sep 30 00:39:49 2026 <001d> gsm0411_smc.c:473 SMC(0) message MNSMS-EST-REQ received in state IDLE[0;m
[38;5;31mWed Sep 30 00:39:49 2026 <001d> gsm0411_smc.c:140 SMC(0) new CP state IDLE -> MM_CONN_PENDING[0;m
[38;5;43mWed Sep 30 00:39:53 2026 <0023> ss7_combined_linkset.c:297 0: CombinedLinkset(dpc=2059=1.1.3,mask=0x3fff=7.255.7,prio=5) RT loookup: OPC=2057=1.1.1,DPC=2059=1.1.3,SLS=5 -> eSLS=37: picked Normal Route via 'as-msc' round-robin style (available)[0;m
[38;5;31mWed Sep 30 00:39:54 2026 <001d> gsm0411_smc.c:573 SMC(0) message MMSMS-EST-CNF received in state MM_CONN_PENDING[0;m
[38;5;31mWed Sep 30 00:39:54 2026 <001d> gsm0411_smc.c:188 SMC(0) send CP data[0;m
[38;5;31mWed Sep 30 00:39:54 2026 <001d> gsm0411_smc.c:140 SMC(0) new CP state MM_CONN_PENDING -> WAIT_CP_ACK[0;m
[38;5;31mWed Sep 30 00:39:57 2026 <001d> gsm0411_smc.c:573 SMC(0) message MMSMS-DATA-IND (CP ACK) received in state WAIT_CP_ACK[0;m
[38;5;31mWed Sep 30 00:39:57 2026 <001d> gsm0411_smc.c:263 SMC(0) received CP-ACK[0;m
[38;5;31mWed Sep 30 00:39:57 2026 <001d> gsm0411_smc.c:140 SMC(0) new CP state WAIT_CP_ACK -> MM_ESTABLISHED[0;m
[38;5;31mWed Sep 30 00:39:57 2026 <001d> gsm0411_smc.c:573 SMC(0) message MMSMS-DATA-IND (CP DATA) received in state MM_ESTABLISHED[0;m
[38;5;31mWed Sep 30 00:39:57 2026 <001d> gsm0411_smc.c:291 SMC(0) received CP-DATA[0;m
[38;5;31mWed Sep 30 00:39:57 2026 <001d> gsm0411_smr.c:487 SMR(0) message MNSMS-DATA-IND received in state WAIT_FOR_RP_ACK[0;m
[38;5;31mWed Sep 30 00:39:57 2026 <001d> gsm0411_smr.c:144 SMR(0) new RP state WAIT_FOR_RP_ACK -> IDLE[0;m
[38;5;31mWed Sep 30 00:39:57 2026 <001d> gsm0411_smc.c:473 SMC(0) message MNSMS-REL-REQ received in state MM_ESTABLISHED[0;m
[38;5;31mWed Sep 30 00:39:57 2026 <001d> gsm0411_smc.c:140 SMC(0) new CP state MM_ESTABLISHED -> IDLE[0;m
[38;5;31mWed Sep 30 00:39:57 2026 <001d> gsm0411_smr.c:98 SMR(0) clearing SMR instance[0;m
[38;5;31mWed Sep 30 00:39:57 2026 <001d> gsm0411_smc.c:102 SMC(0) clearing instance[0;m
[38;5;43mWed Sep 30 00:40:34 2026 <0023> ss7_combined_linkset.c:297 0: CombinedLinkset(dpc=2059=1.1.3,mask=0x3fff=7.255.7,prio=5) RT loookup: OPC=2057=1.1.1,DPC=2059=1.1.3,SLS=6 -> eSLS=38: picked Normal Route via 'as-msc' round-robin style (available)[0;m
[38;5;43mWed Sep 30 00:41:21 2026 <0023> ss7_combined_linkset.c:297 0: CombinedLinkset(dpc=2059=1.1.3,mask=0x3fff=7.255.7,prio=5) RT loookup: OPC=2057=1.1.1,DPC=2059=1.1.3,SLS=7 -> eSLS=39: picked Normal Route via 'as-msc' round-robin style (available)[0;m
[38;5;43mWed Sep 30 00:41:41 2026 <0023> ss7_combined_linkset.c:297 0: CombinedLinkset(dpc=2059=1.1.3,mask=0x3fff=7.255.7,prio=5) RT loookup: OPC=2057=1.1.1,DPC=2059=1.1.3,SLS=8 -> eSLS=40: picked Normal Route via 'as-msc' round-robin style (available)[0;m
[38;5;43mWed Sep 30 00:42:25 2026 <0023> ss7_combined_linkset.c:297 0: CombinedLinkset(dpc=2059=1.1.3,mask=0x3fff=7.255.7,prio=5) RT loookup: OPC=2057=1.1.1,DPC=2059=1.1.3,SLS=9 -> eSLS=41: picked Normal Route via 'as-msc' round-robin style (available)[0;m
[1;32mWed Sep 30 00:42:27 2026 <0001> transaction.c:151 LCLS: using 14 bits (1 bytes) for node ID[0;m
[1;32mWed Sep 30 00:42:27 2026 <0001> transaction.c:168 LCLS: allocated LAC-based CR-ID 00 00 01 00 01 for callref 0x80000001[0;m
[1;32mWed Sep 30 00:42:27 2026 <0001> gsm_04_08_cc.c:704 trans(CC:NULL IMSI-001010001000001:MSISDN-100101:TMSI-0x25E71EF3:GERAN-A-9:CM_SERVICE_REQ callref-0x80000001 tid-8) SETUP to 600[0;m
[1;32mWed Sep 30 00:42:28 2026 <0001> msc_a.c:1597 trans(CC:INITIATED IMSI-001010001000001:MSISDN-100101:TMSI-0x25E71EF3:GERAN-A-9:CM_SERVICE_REQ callref-0x80000001 tid-8) Assignment Complete: RAN: GSM#3, CN: GSM#3[0;m
[38;5;43mWed Sep 30 00:48:22 2026 <0023> ss7_combined_linkset.c:297 0: CombinedLinkset(dpc=2059=1.1.3,mask=0x3fff=7.255.7,prio=5) RT loookup: OPC=2057=1.1.1,DPC=2059=1.1.3,SLS=10 -> eSLS=42: picked Normal Route via 'as-msc' round-robin style (available)[0;m
[1;32mWed Sep 30 00:48:24 2026 <0001> transaction.c:151 LCLS: using 14 bits (1 bytes) for node ID[0;m
[1;32mWed Sep 30 00:48:24 2026 <0001> transaction.c:168 LCLS: allocated LAC-based CR-ID 00 00 02 00 01 for callref 0x80000002[0;m
[1;32mWed Sep 30 00:48:24 2026 <0001> gsm_04_08_cc.c:704 trans(CC:NULL IMSI-001010001000001:MSISDN-100101:TMSI-0x25E71EF3:GERAN-A-10:CM_SERVICE_REQ callref-0x80000002 tid-8) SETUP to 600[0;m
[1;32mWed Sep 30 00:48:25 2026 <0001> msc_a.c:1597 trans(CC:INITIATED IMSI-001010001000001:MSISDN-100101:TMSI-0x25E71EF3:GERAN-A-10:CM_SERVICE_REQ callref-0x80000002 tid-8) Assignment Complete: RAN: GSM#3, CN: GSM#3[0;m
[38;5;43mWed Sep 30 01:06:49 2026 <0023> ss7_combined_linkset.c:297 0: CombinedLinkset(dpc=2059=1.1.3,mask=0x3fff=7.255.7,prio=5) RT loookup: OPC=2057=1.1.1,DPC=2059=1.1.3,SLS=11 -> eSLS=43: picked Normal Route via 'as-msc' round-robin style (available)[0;m
Wed Sep 30 01:06:50 2026 <0009> gsm_04_08.c:1548 msub(IMSI-001010001000002:MSISDN-100102:TMSI-0xA9CA8CA0) VLR: update for IMSI=001010001000002 (MSISDN=100102)
Wed Sep 30 01:06:50 2026 <0009> gsm_04_08.c:1548 msub(IMSI-001010001000002:MSISDN-100102:TMSI-0xA9CA8CA0:TMSInew-0x576D5755) VLR: update for IMSI=001010001000002 (MSISDN=100102)
Wed Sep 30 01:06:50 2026 <0009> gsm_04_08.c:1548 msub(IMSI-001010001000002:MSISDN-100102:TMSI-0x576D5755) VLR: update for IMSI=001010001000002 (MSISDN=100102)
[38;5;43mWed Sep 30 01:11:30 2026 <0023> ss7_combined_linkset.c:297 0: CombinedLinkset(dpc=2059=1.1.3,mask=0x3fff=7.255.7,prio=5) RT loookup: OPC=2057=1.1.1,DPC=2059=1.1.3,SLS=12 -> eSLS=44: picked Normal Route via 'as-msc' round-robin style (available)[0;m
Wed Sep 30 01:11:31 2026 <0009> gsm_04_08.c:1548 msub(IMSI-001010001000001:MSISDN-100101:TMSI-0x25E71EF3) VLR: update for IMSI=001010001000001 (MSISDN=100101)
Wed Sep 30 01:11:31 2026 <0009> gsm_04_08.c:1548 msub(IMSI-001010001000001:MSISDN-100101:TMSI-0x25E71EF3:TMSInew-0xAE97F969) VLR: update for IMSI=001010001000001 (MSISDN=100101)
Wed Sep 30 01:11:32 2026 <0009> gsm_04_08.c:1548 msub(IMSI-001010001000001:MSISDN-100101:TMSI-0xAE97F969) VLR: update for IMSI=001010001000001 (MSISDN=100101)
[38;5;43mWed Sep 30 01:36:52 2026 <0023> ss7_combined_linkset.c:297 0: CombinedLinkset(dpc=2059=1.1.3,mask=0x3fff=7.255.7,prio=5) RT loookup: OPC=2057=1.1.1,DPC=2059=1.1.3,SLS=13 -> eSLS=45: picked Normal Route via 'as-msc' round-robin style (available)[0;m
Wed Sep 30 01:36:52 2026 <0009> gsm_04_08.c:1548 msub(IMSI-001010001000002:MSISDN-100102:TMSI-0x576D5755) VLR: update for IMSI=001010001000002 (MSISDN=100102)
Wed Sep 30 01:36:52 2026 <0009> gsm_04_08.c:1548 msub(IMSI-001010001000002:MSISDN-100102:TMSI-0x576D5755:TMSInew-0xB7218F4E) VLR: update for IMSI=001010001000002 (MSISDN=100102)
Wed Sep 30 01:36:53 2026 <0009> gsm_04_08.c:1548 msub(IMSI-001010001000002:MSISDN-100102:TMSI-0xB7218F4E) VLR: update for IMSI=001010001000002 (MSISDN=100102)
[38;5;43mWed Sep 30 01:41:34 2026 <0023> ss7_combined_linkset.c:297 0: CombinedLinkset(dpc=2059=1.1.3,mask=0x3fff=7.255.7,prio=5) RT loookup: OPC=2057=1.1.1,DPC=2059=1.1.3,SLS=14 -> eSLS=46: picked Normal Route via 'as-msc' round-robin style (available)[0;m
Wed Sep 30 01:41:35 2026 <0009> gsm_04_08.c:1548 msub(IMSI-001010001000001:MSISDN-100101:TMSI-0xAE97F969) VLR: update for IMSI=001010001000001 (MSISDN=100101)
Wed Sep 30 01:41:35 2026 <0009> gsm_04_08.c:1548 msub(IMSI-001010001000001:MSISDN-100101:TMSI-0xAE97F969:TMSInew-0x37DC0470) VLR: update for IMSI=001010001000001 (MSISDN=100101)
Wed Sep 30 01:41:36 2026 <0009> gsm_04_08.c:1548 msub(IMSI-001010001000001:MSISDN-100101:TMSI-0x37DC0470) VLR: update for IMSI=001010001000001 (MSISDN=100101)
[38;5;43mWed Sep 30 02:06:54 2026 <0023> ss7_combined_linkset.c:297 0: CombinedLinkset(dpc=2059=1.1.3,mask=0x3fff=7.255.7,prio=5) RT loookup: OPC=2057=1.1.1,DPC=2059=1.1.3,SLS=15 -> eSLS=47: picked Normal Route via 'as-msc' round-robin style (available)[0;m
Wed Sep 30 02:06:56 2026 <0009> gsm_04_08.c:1548 msub(IMSI-001010001000002:MSISDN-100102:TMSI-0xB7218F4E) VLR: update for IMSI=001010001000002 (MSISDN=100102)
Wed Sep 30 02:06:56 2026 <0009> gsm_04_08.c:1548 msub(IMSI-001010001000002:MSISDN-100102:TMSI-0xB7218F4E:TMSInew-0x5436AE41) VLR: update for IMSI=001010001000002 (MSISDN=100102)
Wed Sep 30 02:06:56 2026 <0009> gsm_04_08.c:1548 msub(IMSI-001010001000002:MSISDN-100102:TMSI-0x5436AE41) VLR: update for IMSI=001010001000002 (MSISDN=100102)
Wed Sep 30 02:11:55 2026 <0009> gsm_04_08.c:1548 msub(IMSI-001010001000001:MSISDN-100101:TMSI-0x37DC0470) VLR: update for IMSI=001010001000001 (MSISDN=100101)
Wed Sep 30 02:11:55 2026 <0009> gsm_04_08.c:1548 msub(IMSI-001010001000001:MSISDN-100101:TMSI-0x37DC0470:TMSInew-0x7374254A) VLR: update for IMSI=001010001000001 (MSISDN=100101)
Wed Sep 30 02:11:55 2026 <0009> gsm_04_08.c:1548 msub(IMSI-001010001000001:MSISDN-100101:TMSI-0x7374254A) VLR: update for IMSI=001010001000001 (MSISDN=100101)
Wed Sep 30 02:36:58 2026 <0009> gsm_04_08.c:1548 msub(IMSI-001010001000002:MSISDN-100102:TMSI-0x5436AE41) VLR: update for IMSI=001010001000002 (MSISDN=100102)
Wed Sep 30 02:36:58 2026 <0009> gsm_04_08.c:1548 msub(IMSI-001010001000002:MSISDN-100102:TMSI-0x5436AE41:TMSInew-0x3A6E91DB) VLR: update for IMSI=001010001000002 (MSISDN=100102)
Wed Sep 30 02:36:59 2026 <0009> gsm_04_08.c:1548 msub(IMSI-001010001000002:MSISDN-100102:TMSI-0x3A6E91DB) VLR: update for IMSI=001010001000002 (MSISDN=100102)
Wed Sep 30 02:41:59 2026 <0009> gsm_04_08.c:1548 msub(IMSI-001010001000001:MSISDN-100101:TMSI-0x7374254A) VLR: update for IMSI=001010001000001 (MSISDN=100101)
Wed Sep 30 02:41:59 2026 <0009> gsm_04_08.c:1548 msub(IMSI-001010001000001:MSISDN-100101:TMSI-0x7374254A:TMSInew-0x1EFC55EE) VLR: update for IMSI=001010001000001 (MSISDN=100101)
Wed Sep 30 02:41:59 2026 <0009> gsm_04_08.c:1548 msub(IMSI-001010001000001:MSISDN-100101:TMSI-0x1EFC55EE) VLR: update for IMSI=001010001000001 (MSISDN=100101)
Wed Sep 30 03:07:01 2026 <0009> gsm_04_08.c:1548 msub(IMSI-001010001000002:MSISDN-100102:TMSI-0x3A6E91DB) VLR: update for IMSI=001010001000002 (MSISDN=100102)
Wed Sep 30 03:07:01 2026 <0009> gsm_04_08.c:1548 msub(IMSI-001010001000002:MSISDN-100102:TMSI-0x3A6E91DB:TMSInew-0x96C1C16A) VLR: update for IMSI=001010001000002 (MSISDN=100102)
Wed Sep 30 03:07:02 2026 <0009> gsm_04_08.c:1548 msub(IMSI-001010001000002:MSISDN-100102:TMSI-0x96C1C16A) VLR: update for IMSI=001010001000002 (MSISDN=100102)
Wed Sep 30 03:12:19 2026 <0009> gsm_04_08.c:1548 msub(IMSI-001010001000001:MSISDN-100101:TMSI-0x1EFC55EE) VLR: update for IMSI=001010001000001 (MSISDN=100101)
Wed Sep 30 03:12:19 2026 <0009> gsm_04_08.c:1548 msub(IMSI-001010001000001:MSISDN-100101:TMSI-0x1EFC55EE:TMSInew-0x80488773) VLR: update for IMSI=001010001000001 (MSISDN=100101)
Wed Sep 30 03:12:20 2026 <0009> gsm_04_08.c:1548 msub(IMSI-001010001000001:MSISDN-100101:TMSI-0x80488773) VLR: update for IMSI=001010001000001 (MSISDN=100101)
Wed Sep 30 03:37:04 2026 <0009> gsm_04_08.c:1548 msub(IMSI-001010001000002:MSISDN-100102:TMSI-0x96C1C16A) VLR: update for IMSI=001010001000002 (MSISDN=100102)
Wed Sep 30 03:37:04 2026 <0009> gsm_04_08.c:1548 msub(IMSI-001010001000002:MSISDN-100102:TMSI-0x96C1C16A:TMSInew-0x293B4A58) VLR: update for IMSI=001010001000002 (MSISDN=100102)
Wed Sep 30 03:37:04 2026 <0009> gsm_04_08.c:1548 msub(IMSI-001010001000002:MSISDN-100102:TMSI-0x293B4A58) VLR: update for IMSI=001010001000002 (MSISDN=100102)
Wed Sep 30 03:42:38 2026 <0009> gsm_04_08.c:1548 msub(IMSI-001010001000001:MSISDN-100101:TMSI-0x80488773) VLR: update for IMSI=001010001000001 (MSISDN=100101)
Wed Sep 30 03:42:38 2026 <0009> gsm_04_08.c:1548 msub(IMSI-001010001000001:MSISDN-100101:TMSI-0x80488773:TMSInew-0x197FF78E) VLR: update for IMSI=001010001000001 (MSISDN=100101)
Wed Sep 30 03:42:39 2026 <0009> gsm_04_08.c:1548 msub(IMSI-001010001000001:MSISDN-100101:TMSI-0x197FF78E) VLR: update for IMSI=001010001000001 (MSISDN=100101)
Wed Sep 30 04:07:07 2026 <0009> gsm_04_08.c:1548 msub(IMSI-001010001000002:MSISDN-100102:TMSI-0x293B4A58) VLR: update for IMSI=001010001000002 (MSISDN=100102)
Wed Sep 30 04:07:07 2026 <0009> gsm_04_08.c:1548 msub(IMSI-001010001000002:MSISDN-100102:TMSI-0x293B4A58:TMSInew-0xB081B32B) VLR: update for IMSI=001010001000002 (MSISDN=100102)
Wed Sep 30 04:07:08 2026 <0009> gsm_04_08.c:1548 msub(IMSI-001010001000002:MSISDN-100102:TMSI-0xB081B32B) VLR: update for IMSI=001010001000002 (MSISDN=100102)
Wed Sep 30 04:12:42 2026 <0009> gsm_04_08.c:1548 msub(IMSI-001010001000001:MSISDN-100101:TMSI-0x197FF78E) VLR: update for IMSI=001010001000001 (MSISDN=100101)
Wed Sep 30 04:12:42 2026 <0009> gsm_04_08.c:1548 msub(IMSI-001010001000001:MSISDN-100101:TMSI-0x197FF78E:TMSInew-0x3686F9B3) VLR: update for IMSI=001010001000001 (MSISDN=100101)
Wed Sep 30 04:12:43 2026 <0009> gsm_04_08.c:1548 msub(IMSI-001010001000001:MSISDN-100101:TMSI-0x3686F9B3) VLR: update for IMSI=001010001000001 (MSISDN=100101)
Wed Sep 30 04:37:10 2026 <0009> gsm_04_08.c:1548 msub(IMSI-001010001000002:MSISDN-100102:TMSI-0xB081B32B) VLR: update for IMSI=001010001000002 (MSISDN=100102)
Wed Sep 30 04:37:10 2026 <0009> gsm_04_08.c:1548 msub(IMSI-001010001000002:MSISDN-100102:TMSI-0xB081B32B:TMSInew-0x11756354) VLR: update for IMSI=001010001000002 (MSISDN=100102)
Wed Sep 30 04:37:11 2026 <0009> gsm_04_08.c:1548 msub(IMSI-001010001000002:MSISDN-100102:TMSI-0x11756354) VLR: update for IMSI=001010001000002 (MSISDN=100102)
Wed Sep 30 04:42:46 2026 <0009> gsm_04_08.c:1548 msub(IMSI-001010001000001:MSISDN-100101:TMSI-0x3686F9B3) VLR: update for IMSI=001010001000001 (MSISDN=100101)
Wed Sep 30 04:42:46 2026 <0009> gsm_04_08.c:1548 msub(IMSI-001010001000001:MSISDN-100101:TMSI-0x3686F9B3:TMSInew-0x13061B47) VLR: update for IMSI=001010001000001 (MSISDN=100101)
Wed Sep 30 04:42:47 2026 <0009> gsm_04_08.c:1548 msub(IMSI-001010001000001:MSISDN-100101:TMSI-0x13061B47) VLR: update for IMSI=001010001000001 (MSISDN=100101)
Wed Sep 30 05:07:13 2026 <0009> gsm_04_08.c:1548 msub(IMSI-001010001000002:MSISDN-100102:TMSI-0x11756354) VLR: update for IMSI=001010001000002 (MSISDN=100102)
Wed Sep 30 05:07:13 2026 <0009> gsm_04_08.c:1548 msub(IMSI-001010001000002:MSISDN-100102:TMSI-0x11756354:TMSInew-0xA1112426) VLR: update for IMSI=001010001000002 (MSISDN=100102)
Wed Sep 30 05:07:13 2026 <0009> gsm_04_08.c:1548 msub(IMSI-001010001000002:MSISDN-100102:TMSI-0xA1112426) VLR: update for IMSI=001010001000002 (MSISDN=100102)
Wed Sep 30 05:12:51 2026 <0009> gsm_04_08.c:1548 msub(IMSI-001010001000001:MSISDN-100101:TMSI-0x13061B47) VLR: update for IMSI=001010001000001 (MSISDN=100101)
Wed Sep 30 05:12:51 2026 <0009> gsm_04_08.c:1548 msub(IMSI-001010001000001:MSISDN-100101:TMSI-0x13061B47:TMSInew-0x15E10591) VLR: update for IMSI=001010001000001 (MSISDN=100101)
Wed Sep 30 05:12:52 2026 <0009> gsm_04_08.c:1548 msub(IMSI-001010001000001:MSISDN-100101:TMSI-0x15E10591) VLR: update for IMSI=001010001000001 (MSISDN=100101)
Wed Sep 30 05:37:15 2026 <0009> gsm_04_08.c:1548 msub(IMSI-001010001000002:MSISDN-100102:TMSI-0xA1112426) VLR: update for IMSI=001010001000002 (MSISDN=100102)
Wed Sep 30 05:37:15 2026 <0009> gsm_04_08.c:1548 msub(IMSI-001010001000002:MSISDN-100102:TMSI-0xA1112426:TMSInew-0x048A9AF0) VLR: update for IMSI=001010001000002 (MSISDN=100102)
Wed Sep 30 05:37:16 2026 <0009> gsm_04_08.c:1548 msub(IMSI-001010001000002:MSISDN-100102:TMSI-0x048A9AF0) VLR: update for IMSI=001010001000002 (MSISDN=100102)
Wed Sep 30 05:42:55 2026 <0009> gsm_04_08.c:1548 msub(IMSI-001010001000001:MSISDN-100101:TMSI-0x15E10591) VLR: update for IMSI=001010001000001 (MSISDN=100101)
Wed Sep 30 05:42:55 2026 <0009> gsm_04_08.c:1548 msub(IMSI-001010001000001:MSISDN-100101:TMSI-0x15E10591:TMSInew-0x0ED04F43) VLR: update for IMSI=001010001000001 (MSISDN=100101)
Wed Sep 30 05:42:56 2026 <0009> gsm_04_08.c:1548 msub(IMSI-001010001000001:MSISDN-100101:TMSI-0x0ED04F43) VLR: update for IMSI=001010001000001 (MSISDN=100101)
Wed Sep 30 06:07:18 2026 <0009> gsm_04_08.c:1548 msub(IMSI-001010001000002:MSISDN-100102:TMSI-0x048A9AF0) VLR: update for IMSI=001010001000002 (MSISDN=100102)
Wed Sep 30 06:07:18 2026 <0009> gsm_04_08.c:1548 msub(IMSI-001010001000002:MSISDN-100102:TMSI-0x048A9AF0:TMSInew-0x31804F4D) VLR: update for IMSI=001010001000002 (MSISDN=100102)
Wed Sep 30 06:07:19 2026 <0009> gsm_04_08.c:1548 msub(IMSI-001010001000002:MSISDN-100102:TMSI-0x31804F4D) VLR: update for IMSI=001010001000002 (MSISDN=100102)
Wed Sep 30 06:12:59 2026 <0009> gsm_04_08.c:1548 msub(IMSI-001010001000001:MSISDN-100101:TMSI-0x0ED04F43) VLR: update for IMSI=001010001000001 (MSISDN=100101)
Wed Sep 30 06:12:59 2026 <0009> gsm_04_08.c:1548 msub(IMSI-001010001000001:MSISDN-100101:TMSI-0x0ED04F43:TMSInew-0x396D0F60) VLR: update for IMSI=001010001000001 (MSISDN=100101)
Wed Sep 30 06:13:00 2026 <0009> gsm_04_08.c:1548 msub(IMSI-001010001000001:MSISDN-100101:TMSI-0x396D0F60) VLR: update for IMSI=001010001000001 (MSISDN=100101)
Wed Sep 30 06:37:21 2026 <0009> gsm_04_08.c:1548 msub(IMSI-001010001000002:MSISDN-100102:TMSI-0x31804F4D) VLR: update for IMSI=001010001000002 (MSISDN=100102)
Wed Sep 30 06:37:21 2026 <0009> gsm_04_08.c:1548 msub(IMSI-001010001000002:MSISDN-100102:TMSI-0x31804F4D:TMSInew-0x7C63EDBD) VLR: update for IMSI=001010001000002 (MSISDN=100102)
Wed Sep 30 06:37:22 2026 <0009> gsm_04_08.c:1548 msub(IMSI-001010001000002:MSISDN-100102:TMSI-0x7C63EDBD) VLR: update for IMSI=001010001000002 (MSISDN=100102)
Wed Sep 30 06:43:03 2026 <0009> gsm_04_08.c:1548 msub(IMSI-001010001000001:MSISDN-100101:TMSI-0x396D0F60) VLR: update for IMSI=001010001000001 (MSISDN=100101)
Wed Sep 30 06:43:03 2026 <0009> gsm_04_08.c:1548 msub(IMSI-001010001000001:MSISDN-100101:TMSI-0x396D0F60:TMSInew-0x2194C0B2) VLR: update for IMSI=001010001000001 (MSISDN=100101)
Wed Sep 30 06:43:04 2026 <0009> gsm_04_08.c:1548 msub(IMSI-001010001000001:MSISDN-100101:TMSI-0x2194C0B2) VLR: update for IMSI=001010001000001 (MSISDN=100101)
Wed Sep 30 07:07:24 2026 <0009> gsm_04_08.c:1548 msub(IMSI-001010001000002:MSISDN-100102:TMSI-0x7C63EDBD) VLR: update for IMSI=001010001000002 (MSISDN=100102)
Wed Sep 30 07:07:24 2026 <0009> gsm_04_08.c:1548 msub(IMSI-001010001000002:MSISDN-100102:TMSI-0x7C63EDBD:TMSInew-0x2BC18EE4) VLR: update for IMSI=001010001000002 (MSISDN=100102)
Wed Sep 30 07:07:25 2026 <0009> gsm_04_08.c:1548 msub(IMSI-001010001000002:MSISDN-100102:TMSI-0x2BC18EE4) VLR: update for IMSI=001010001000002 (MSISDN=100102)
Wed Sep 30 07:13:08 2026 <0009> gsm_04_08.c:1548 msub(IMSI-001010001000001:MSISDN-100101:TMSI-0x2194C0B2) VLR: update for IMSI=001010001000001 (MSISDN=100101)
Wed Sep 30 07:13:08 2026 <0009> gsm_04_08.c:1548 msub(IMSI-001010001000001:MSISDN-100101:TMSI-0x2194C0B2:TMSInew-0x9A523B02) VLR: update for IMSI=001010001000001 (MSISDN=100101)
Wed Sep 30 07:13:09 2026 <0009> gsm_04_08.c:1548 msub(IMSI-001010001000001:MSISDN-100101:TMSI-0x9A523B02) VLR: update for IMSI=001010001000001 (MSISDN=100101)
Wed Sep 30 07:37:27 2026 <0009> gsm_04_08.c:1548 msub(IMSI-001010001000002:MSISDN-100102:TMSI-0x2BC18EE4) VLR: update for IMSI=001010001000002 (MSISDN=100102)
Wed Sep 30 07:37:27 2026 <0009> gsm_04_08.c:1548 msub(IMSI-001010001000002:MSISDN-100102:TMSI-0x2BC18EE4:TMSInew-0x978A80E1) VLR: update for IMSI=001010001000002 (MSISDN=100102)
Wed Sep 30 07:37:27 2026 <0009> gsm_04_08.c:1548 msub(IMSI-001010001000002:MSISDN-100102:TMSI-0x978A80E1) VLR: update for IMSI=001010001000002 (MSISDN=100102)
Wed Sep 30 07:43:12 2026 <0009> gsm_04_08.c:1548 msub(IMSI-001010001000001:MSISDN-100101:TMSI-0x9A523B02) VLR: update for IMSI=001010001000001 (MSISDN=100101)
Wed Sep 30 07:43:12 2026 <0009> gsm_04_08.c:1548 msub(IMSI-001010001000001:MSISDN-100101:TMSI-0x9A523B02:TMSInew-0xA394E87B) VLR: update for IMSI=001010001000001 (MSISDN=100101)
Wed Sep 30 07:43:13 2026 <0009> gsm_04_08.c:1548 msub(IMSI-001010001000001:MSISDN-100101:TMSI-0xA394E87B) VLR: update for IMSI=001010001000001 (MSISDN=100101)
Wed Sep 30 08:07:30 2026 <0009> gsm_04_08.c:1548 msub(IMSI-001010001000002:MSISDN-100102:TMSI-0x978A80E1) VLR: update for IMSI=001010001000002 (MSISDN=100102)
Wed Sep 30 08:07:30 2026 <0009> gsm_04_08.c:1548 msub(IMSI-001010001000002:MSISDN-100102:TMSI-0x978A80E1:TMSInew-0x69154E61) VLR: update for IMSI=001010001000002 (MSISDN=100102)
Wed Sep 30 08:07:31 2026 <0009> gsm_04_08.c:1548 msub(IMSI-001010001000002:MSISDN-100102:TMSI-0x69154E61) VLR: update for IMSI=001010001000002 (MSISDN=100102)
Wed Sep 30 08:13:16 2026 <0009> gsm_04_08.c:1548 msub(IMSI-001010001000001:MSISDN-100101:TMSI-0xA394E87B) VLR: update for IMSI=001010001000001 (MSISDN=100101)
Wed Sep 30 08:13:16 2026 <0009> gsm_04_08.c:1548 msub(IMSI-001010001000001:MSISDN-100101:TMSI-0xA394E87B:TMSInew-0x995F6358) VLR: update for IMSI=001010001000001 (MSISDN=100101)
Wed Sep 30 08:13:17 2026 <0009> gsm_04_08.c:1548 msub(IMSI-001010001000001:MSISDN-100101:TMSI-0x995F6358) VLR: update for IMSI=001010001000001 (MSISDN=100101)
Wed Sep 30 08:37:33 2026 <0009> gsm_04_08.c:1548 msub(IMSI-001010001000002:MSISDN-100102:TMSI-0x69154E61) VLR: update for IMSI=001010001000002 (MSISDN=100102)
Wed Sep 30 08:37:33 2026 <0009> gsm_04_08.c:1548 msub(IMSI-001010001000002:MSISDN-100102:TMSI-0x69154E61:TMSInew-0x9D277DF3) VLR: update for IMSI=001010001000002 (MSISDN=100102)
Wed Sep 30 08:37:33 2026 <0009> gsm_04_08.c:1548 msub(IMSI-001010001000002:MSISDN-100102:TMSI-0x9D277DF3) VLR: update for IMSI=001010001000002 (MSISDN=100102)
Wed Sep 30 08:43:35 2026 <0009> gsm_04_08.c:1548 msub(IMSI-001010001000001:MSISDN-100101:TMSI-0x995F6358) VLR: update for IMSI=001010001000001 (MSISDN=100101)
Wed Sep 30 08:43:35 2026 <0009> gsm_04_08.c:1548 msub(IMSI-001010001000001:MSISDN-100101:TMSI-0x995F6358:TMSInew-0x3002E82A) VLR: update for IMSI=001010001000001 (MSISDN=100101)
Wed Sep 30 08:43:36 2026 <0009> gsm_04_08.c:1548 msub(IMSI-001010001000001:MSISDN-100101:TMSI-0x3002E82A) VLR: update for IMSI=001010001000001 (MSISDN=100101)
Wed Sep 30 09:07:35 2026 <0009> gsm_04_08.c:1548 msub(IMSI-001010001000002:MSISDN-100102:TMSI-0x9D277DF3) VLR: update for IMSI=001010001000002 (MSISDN=100102)
Wed Sep 30 09:07:35 2026 <0009> gsm_04_08.c:1548 msub(IMSI-001010001000002:MSISDN-100102:TMSI-0x9D277DF3:TMSInew-0x64366943) VLR: update for IMSI=001010001000002 (MSISDN=100102)
Wed Sep 30 09:07:36 2026 <0009> gsm_04_08.c:1548 msub(IMSI-001010001000002:MSISDN-100102:TMSI-0x64366943) VLR: update for IMSI=001010001000002 (MSISDN=100102)
Wed Sep 30 09:13:55 2026 <0009> gsm_04_08.c:1548 msub(IMSI-001010001000001:MSISDN-100101:TMSI-0x3002E82A) VLR: update for IMSI=001010001000001 (MSISDN=100101)
Wed Sep 30 09:13:55 2026 <0009> gsm_04_08.c:1548 msub(IMSI-001010001000001:MSISDN-100101:TMSI-0x3002E82A:TMSInew-0x29C66BA0) VLR: update for IMSI=001010001000001 (MSISDN=100101)
Wed Sep 30 09:13:56 2026 <0009> gsm_04_08.c:1548 msub(IMSI-001010001000001:MSISDN-100101:TMSI-0x29C66BA0) VLR: update for IMSI=001010001000001 (MSISDN=100101)
Wed Sep 30 09:37:38 2026 <0009> gsm_04_08.c:1548 msub(IMSI-001010001000002:MSISDN-100102:TMSI-0x64366943) VLR: update for IMSI=001010001000002 (MSISDN=100102)
Wed Sep 30 09:37:38 2026 <0009> gsm_04_08.c:1548 msub(IMSI-001010001000002:MSISDN-100102:TMSI-0x64366943:TMSInew-0x8AA3DE60) VLR: update for IMSI=001010001000002 (MSISDN=100102)
Wed Sep 30 09:37:39 2026 <0009> gsm_04_08.c:1548 msub(IMSI-001010001000002:MSISDN-100102:TMSI-0x8AA3DE60) VLR: update for IMSI=001010001000002 (MSISDN=100102)
Wed Sep 30 09:43:59 2026 <0009> gsm_04_08.c:1548 msub(IMSI-001010001000001:MSISDN-100101:TMSI-0x29C66BA0) VLR: update for IMSI=001010001000001 (MSISDN=100101)
Wed Sep 30 09:43:59 2026 <0009> gsm_04_08.c:1548 msub(IMSI-001010001000001:MSISDN-100101:TMSI-0x29C66BA0:TMSInew-0x3B2D210D) VLR: update for IMSI=001010001000001 (MSISDN=100101)
Wed Sep 30 09:44:00 2026 <0009> gsm_04_08.c:1548 msub(IMSI-001010001000001:MSISDN-100101:TMSI-0x3B2D210D) VLR: update for IMSI=001010001000001 (MSISDN=100101)
Wed Sep 30 10:07:41 2026 <0009> gsm_04_08.c:1548 msub(IMSI-001010001000002:MSISDN-100102:TMSI-0x8AA3DE60) VLR: update for IMSI=001010001000002 (MSISDN=100102)
Wed Sep 30 10:07:41 2026 <0009> gsm_04_08.c:1548 msub(IMSI-001010001000002:MSISDN-100102:TMSI-0x8AA3DE60:TMSInew-0xBF8F45A2) VLR: update for IMSI=001010001000002 (MSISDN=100102)
Wed Sep 30 10:07:42 2026 <0009> gsm_04_08.c:1548 msub(IMSI-001010001000002:MSISDN-100102:TMSI-0xBF8F45A2) VLR: update for IMSI=001010001000002 (MSISDN=100102)
Wed Sep 30 10:14:03 2026 <0009> gsm_04_08.c:1548 msub(IMSI-001010001000001:MSISDN-100101:TMSI-0x3B2D210D) VLR: update for IMSI=001010001000001 (MSISDN=100101)
Wed Sep 30 10:14:03 2026 <0009> gsm_04_08.c:1548 msub(IMSI-001010001000001:MSISDN-100101:TMSI-0x3B2D210D:TMSInew-0x93C21636) VLR: update for IMSI=001010001000001 (MSISDN=100101)
Wed Sep 30 10:14:04 2026 <0009> gsm_04_08.c:1548 msub(IMSI-001010001000001:MSISDN-100101:TMSI-0x93C21636) VLR: update for IMSI=001010001000001 (MSISDN=100101)
[1;39mWed Sep 30 10:33:37 2026 <0007> mncc_sock.c:72 MNCC Socket has LOST connection[0;m
[1;32mWed Sep 30 10:33:37 2026 <0001> gsm_04_08.c:91 Clearing all currently active transactions!!![0;m
[38;5;49mWed Sep 30 10:33:39 2026 <0026> xua_snm.c:501 0: ASP(asp-to-stp) Rx DUNA() for 1.1.3/0[0;m
[38;5;43mWed Sep 30 10:33:39 2026 <0023> ss7_route.c:409 0: RT(dpc=2059=1.1.3,mask=0x3fff=7.255.7,prio=5,via=as-msc,st=available) changed to status 'unavailable'[0;m
Wed Sep 30 10:33:39 2026 <0013> sccp_ran.c:167 ran_peer(GERAN-A:RI-SSN_PC:PC-1-1-3:SSN-BSSAP)[0x5d53d903d8c0]{READY}: now unreachable: N-PCSTATE ind: pc=2059=1.1.3 sp_status=INACCESSIBLE remote_sccp_status=UNAVAILABLE_UNKNOWN
Wed Sep 30 10:33:39 2026 <0009> msc_main.c:285 Terminating due to signal 15
[38;5;43mWed Sep 30 10:33:58 2026 <0023> ss7_instance.c:98 0: Creating SS7 Instance[0;m
[38;5;43mWed Sep 30 10:33:58 2026 <0023> ss7_route_table.c:62 0: Creating Route Table system[0;m
[38;5;43mWed Sep 30 10:33:58 2026 <0023> ss7_asp_vty.c:673 0: ASP(asp-to-stp) Applying Adm State change: ENABLED -> ENABLED[0;m
[38;5;43mWed Sep 30 10:33:58 2026 <0023> ss7_asp.c:892 0: ASP(asp-to-stp) Restarting ASP asp-to-stp, r=127.0.0.2:2905<->l=127.0.0.1:2906[0;m
[38;5;43mWed Sep 30 10:33:58 2026 <0023> ss7_instance.c:380 0: AS(as-msc) Created AS[0;m
[38;5;43mWed Sep 30 10:33:58 2026 <0023> ss7_as.c:185 0: AS(as-msc) Adding ASP asp-to-stp to AS[0;m
[1;39mWed Sep 30 10:33:58 2026 <0007> mncc_sock.c:300 MNCC socket at /tmp/msc_mncc[0;m
Wed Sep 30 10:33:58 2026 <0017> telnet_interface.c:88 Available via telnet 127.0.0.1 4254
Wed Sep 30 10:33:58 2026 <000f> smpp_smsc.c:990 SMPP at 0.0.0.0 2775
[38;5;33mWed Sep 30 10:33:58 2026 <001e> control_if.c:1026 CTRL at 127.0.0.1 4255[0;m
[38;5;39mWed Sep 30 10:33:58 2026 <0021> gsup_client.c:77 GSUP connecting to 127.0.0.2:4222[0;m
Wed Sep 30 10:33:58 2026 <000c> db.c:518 Init database connection to 'sms.db' using SQLite3 lib version 3.45.1
[38;5;51mWed Sep 30 10:33:58 2026 <0027> mgcp_client.c:945 MGW(mgw) MGCP client: using endpoint domain '@mgw'[0;m
Wed Sep 30 10:33:58 2026 <0009> msc_main.c:576 MGW pool with 1 pool members configured, (ignoring MGW configuration in VTY node 'msc').
[38;5;45mWed Sep 30 10:33:58 2026 <0024> sccp_instance.c:655 OsmoMSC-A: Using SS7 instance 0, pc:1.1.1[0;m
[38;5;45mWed Sep 30 10:33:58 2026 <0024> sccp_instance.c:673 OsmoMSC-A: Using AS instance as-msc[0;m
[38;5;45mWed Sep 30 10:33:58 2026 <0024> sccp_instance.c:679 OsmoMSC-A: Creating default route[0;m
[38;5;43mWed Sep 30 10:33:58 2026 <0023> ss7_route.c:143 0: RT(dpc=0=0.0.0,mask=0x0=0.0.0,prio=5,via=as-msc,st=available) Creating route: pc=0=0.0.0 mask=0x0=0.0.0 prio=5 dyn via AS as-msc proto=m3ua[0;m
[38;5;45mWed Sep 30 10:33:58 2026 <0024> sccp_instance.c:784 OsmoMSC-A: Using ASP instance asp-to-stp[0;m
[38;5;43mWed Sep 30 10:33:58 2026 <0023> ss7_instance.c:214 0: Creating SCCP instance[0;m
Wed Sep 30 10:33:58 2026 <0014> sgs_server.c:186 SGs socket bound to r=NULL<->l=127.0.0.1:29118
Wed Sep 30 10:33:58 2026 <0009> msc_main.c:790 A-interface: SCCP user OsmoMSC-A:RI=SSN_PC,PC=(no PC),SSN=BSSAP, cs7-instance 0 ((null))
[38;5;43mWed Sep 30 10:33:58 2026 <0023> ss7_asp.c:1202 0: ASP(asp-to-stp) Client connected (r=127.0.0.2:2905<->l=127.0.0.1:2906)[0;m
[38;5;23mWed Sep 30 10:33:58 2026 <0019> input/ipa.c:144 127.0.0.2:4222 connection done[0;m
[38;5;23mWed Sep 30 10:33:58 2026 <0019> input/ipa.c:617 received ID_GET for unit ID 0/0/0[0;m
[38;5;43mWed Sep 30 10:34:00 2026 <0023> xua_rkm.c:477 0: ASP(asp-to-stp) Received RKM REG RES rctx=110 status=SUCCESS[0;m
[38;5;49mWed Sep 30 10:34:00 2026 <0026> m3ua.c:707 0: ASP(asp-to-stp) Received NOTIFY Type State Change:AS Inactive ()[0;m
[38;5;43mWed Sep 30 10:34:00 2026 <0023> xua_as_fsm.c:430 0: AS(as-msc) AS became active, some routes to remote PCs may have become available[0;m
[38;5;43mWed Sep 30 10:34:00 2026 <0023> xua_as_fsm.c:471 0: AS(as-msc) AS became active => address-book pc=2059=1.1.3 is now available[0;m
[38;5;43mWed Sep 30 10:34:00 2026 <0023> ss7_route.c:143 0: RT(dpc=2059=1.1.3,mask=0x3fff=7.255.7,prio=5,via=as-msc,st=available) Creating route: pc=2059=1.1.3 mask=0x3fff=7.255.7 prio=5 dyn via AS as-msc proto=m3ua[0;m
[38;5;43mWed Sep 30 10:34:00 2026 <0023> ss7_route.c:409 0: RT(dpc=2059=1.1.3,mask=0x3fff=7.255.7,prio=5,via=as-msc,st=available) changed to status 'available'[0;m
[38;5;43mWed Sep 30 10:34:00 2026 <0023> xua_default_lm_fsm.c:406 xua_default_lm(asp-to-stp)[0x63543bf55580]{ACTIVE}: Ignoring primitive M-ASP_ACTIVE.confirm[0;m
[38;5;49mWed Sep 30 10:34:00 2026 <0026> m3ua.c:707 0: ASP(asp-to-stp) Received NOTIFY Type State Change:AS Active ()[0;m
[38;5;49mWed Sep 30 10:34:00 2026 <0026> xua_snm.c:501 0: ASP(asp-to-stp) Rx DUNA(RFC4666 4.5.1) for 1.1.2/0[0;m
[38;5;43mWed Sep 30 10:34:00 2026 <0023> ss7_route.c:143 0: RT(dpc=2058=1.1.2,mask=0x3fff=7.255.7,prio=5,via=as-msc,st=available) Creating route: pc=2058=1.1.2 mask=0x3fff=7.255.7 prio=5 dyn via AS as-msc proto=m3ua[0;m
[38;5;43mWed Sep 30 10:34:00 2026 <0023> ss7_route.c:409 0: RT(dpc=2058=1.1.2,mask=0x3fff=7.255.7,prio=5,via=as-msc,st=available) changed to status 'unavailable'[0;m
[38;5;49mWed Sep 30 10:34:00 2026 <0026> xua_snm.c:536 0: ASP(asp-to-stp) Rx DAVA() for 1.1.3/0[0;m
[38;5;43mWed Sep 30 10:34:00 2026 <0023> ss7_route.c:409 0: RT(dpc=2059=1.1.3,mask=0x3fff=7.255.7,prio=5,via=as-msc,st=available) changed to status 'available'[0;m
[38;5;43mWed Sep 30 10:34:00 2026 <0023> ss7_combined_linkset.c:297 0: CombinedLinkset(dpc=2059=1.1.3,mask=0x3fff=7.255.7,prio=5) RT loookup: OPC=2057=1.1.1,DPC=2059=1.1.3,SLS=0 -> eSLS=32: picked Normal Route via 'as-msc' round-robin style (available)[0;m
[1;39mWed Sep 30 10:34:00 2026 <0007> mncc_sock.c:257 MNCC Socket has connection with external call control application[0;m
[38;5;43mWed Sep 30 10:34:01 2026 <0023> ss7_asp.c:998 0: ASP(asp-to-stp) xUA CLNT SCTP NOTIFICATION 32770 flags=0x0[0;m
[38;5;43mWed Sep 30 10:34:01 2026 <0023> ss7_asp.c:1014 0: ASP(asp-to-stp) xUA CLNT SCTP_PEER_ADDR_CHANGE: ADDR_CONFIRMED 127.0.0.1:2905 err=None[0;m
[38;5;43mWed Sep 30 10:34:22 2026 <0023> ss7_combined_linkset.c:297 0: CombinedLinkset(dpc=2059=1.1.3,mask=0x3fff=7.255.7,prio=5) RT loookup: OPC=2057=1.1.1,DPC=2059=1.1.3,SLS=1 -> eSLS=33: picked Normal Route via 'as-msc' round-robin style (available)[0;m
[1;38mWed Sep 30 10:34:22 2026 <0008> ran_peer.c:123 ran_peer(GERAN-A:RI-SSN_PC:PC-1-1-3:SSN-BSSAP)[0x63543c0e75c0]{READY}: Added seen cell to this RAN peer: CGI:001-01-1-6012[0;m
Wed Sep 30 10:34:24 2026 <0009> gsm_04_08.c:1548 msub(IMSI-001010001000002:MSISDN-100102) VLR: update for IMSI=001010001000002 (MSISDN=100102)
Wed Sep 30 10:34:24 2026 <0009> gsm_04_08.c:1548 msub(IMSI-001010001000002:MSISDN-100102:TMSInew-0x27357AD3) VLR: update for IMSI=001010001000002 (MSISDN=100102)
Wed Sep 30 10:34:24 2026 <0009> gsm_04_08.c:1548 msub(IMSI-001010001000002:MSISDN-100102:TMSI-0x27357AD3) VLR: update for IMSI=001010001000002 (MSISDN=100102)
[38;5;43mWed Sep 30 10:34:30 2026 <0023> ss7_combined_linkset.c:297 0: CombinedLinkset(dpc=2059=1.1.3,mask=0x3fff=7.255.7,prio=5) RT loookup: OPC=2057=1.1.1,DPC=2059=1.1.3,SLS=2 -> eSLS=34: picked Normal Route via 'as-msc' round-robin style (available)[0;m
[1;38mWed Sep 30 10:34:30 2026 <0008> ran_peer.c:123 ran_peer(GERAN-A:RI-SSN_PC:PC-1-1-3:SSN-BSSAP)[0x63543c0e75c0]{READY}: Added seen cell to this RAN peer: CGI:001-01-1-6001[0;m
Wed Sep 30 10:34:32 2026 <0009> gsm_04_08.c:1548 msub(IMSI-001010001000001:MSISDN-100101) VLR: update for IMSI=001010001000001 (MSISDN=100101)
Wed Sep 30 10:34:32 2026 <0009> gsm_04_08.c:1548 msub(IMSI-001010001000001:MSISDN-100101:TMSInew-0x5EF5EC6D) VLR: update for IMSI=001010001000001 (MSISDN=100101)
Wed Sep 30 10:34:33 2026 <0009> gsm_04_08.c:1548 msub(IMSI-001010001000001:MSISDN-100101:TMSI-0x5EF5EC6D) VLR: update for IMSI=001010001000001 (MSISDN=100101)
[38;5;43mWed Sep 30 10:38:31 2026 <0023> ss7_combined_linkset.c:297 0: CombinedLinkset(dpc=2059=1.1.3,mask=0x3fff=7.255.7,prio=5) RT loookup: OPC=2057=1.1.1,DPC=2059=1.1.3,SLS=3 -> eSLS=35: picked Normal Route via 'as-msc' round-robin style (available)[0;m
[38;5;31mWed Sep 30 10:38:34 2026 <001d> gsm0411_smc.c:94 SMC(0) instance created for network[0;m
[38;5;31mWed Sep 30 10:38:34 2026 <001d> gsm0411_smr.c:90 SMR(0) instance created for network.[0;m
[38;5;31mWed Sep 30 10:38:34 2026 <001d> gsm0411_smc.c:573 SMC(0) message MMSMS-EST-IND (CP DATA) received in state IDLE[0;m
[38;5;31mWed Sep 30 10:38:34 2026 <001d> gsm0411_smc.c:291 SMC(0) received CP-DATA[0;m
[38;5;31mWed Sep 30 10:38:34 2026 <001d> gsm0411_smc.c:140 SMC(0) new CP state IDLE -> MM_ESTABLISHED[0;m
[38;5;31mWed Sep 30 10:38:34 2026 <001d> gsm0411_smr.c:487 SMR(0) message MNSMS-EST-IND received in state IDLE[0;m
[38;5;31mWed Sep 30 10:38:34 2026 <001d> gsm0411_smr.c:144 SMR(0) new RP state IDLE -> WAIT_TO_TX_RP_ACK[0;m
[38;5;31mWed Sep 30 10:38:34 2026 <001d> gsm0411_smr.c:420 SMR(0) message SM-RL-REPORT_REQ received in state WAIT_TO_TX_RP_ACK[0;m
[38;5;31mWed Sep 30 10:38:34 2026 <001d> gsm0411_smr.c:144 SMR(0) new RP state WAIT_TO_TX_RP_ACK -> IDLE[0;m
[38;5;31mWed Sep 30 10:38:34 2026 <001d> gsm0411_smc.c:473 SMC(0) message MNSMS-DATA-REQ received in state MM_ESTABLISHED[0;m
[38;5;31mWed Sep 30 10:38:34 2026 <001d> gsm0411_smc.c:188 SMC(0) send CP data[0;m
[38;5;31mWed Sep 30 10:38:34 2026 <001d> gsm0411_smc.c:140 SMC(0) new CP state MM_ESTABLISHED -> WAIT_CP_ACK[0;m
[38;5;31mWed Sep 30 10:38:34 2026 <001d> gsm0411_smc.c:473 SMC(0) message MNSMS-REL-REQ received in state WAIT_CP_ACK[0;m
[38;5;31mWed Sep 30 10:38:34 2026 <001d> gsm0411_smc.c:338 SMC(0) cannot release yet current state: WAIT_CP_ACK[0;m
[38;5;31mWed Sep 30 10:38:34 2026 <001d> gsm0411_smc.c:94 SMC(0) instance created for network[0;m
[38;5;31mWed Sep 30 10:38:34 2026 <001d> gsm0411_smr.c:90 SMR(0) instance created for network.[0;m
[38;5;31mWed Sep 30 10:38:34 2026 <001d> gsm_04_11.c:1195 trans(SMS IMSI-001010001000002:MSISDN-100102:TMSI-0x27357AD3 callref-0x40000002 tid-0) Going to send a MT SMS[0;m
[38;5;31mWed Sep 30 10:38:34 2026 <001d> gsm0411_smr.c:420 SMR(0) message SM-RL-DATA_REQ received in state IDLE[0;m
[38;5;31mWed Sep 30 10:38:34 2026 <001d> gsm0411_smr.c:144 SMR(0) new RP state IDLE -> WAIT_FOR_RP_ACK[0;m
[38;5;31mWed Sep 30 10:38:34 2026 <001d> gsm0411_smc.c:473 SMC(0) message MNSMS-EST-REQ received in state IDLE[0;m
[38;5;31mWed Sep 30 10:38:34 2026 <001d> gsm0411_smc.c:140 SMC(0) new CP state IDLE -> MM_CONN_PENDING[0;m
[38;5;31mWed Sep 30 10:38:35 2026 <001d> gsm0411_smc.c:573 SMC(0) message MMSMS-DATA-IND (CP ACK) received in state WAIT_CP_ACK[0;m
[38;5;31mWed Sep 30 10:38:35 2026 <001d> gsm0411_smc.c:263 SMC(0) received CP-ACK[0;m
[38;5;31mWed Sep 30 10:38:35 2026 <001d> gsm0411_smc.c:140 SMC(0) new CP state WAIT_CP_ACK -> MM_ESTABLISHED[0;m
[38;5;31mWed Sep 30 10:38:35 2026 <001d> gsm0411_smc.c:274 SMC(0) we have pending release.[0;m
[38;5;31mWed Sep 30 10:38:35 2026 <001d> gsm0411_smc.c:140 SMC(0) new CP state MM_ESTABLISHED -> IDLE[0;m
[38;5;31mWed Sep 30 10:38:35 2026 <001d> gsm0411_smr.c:98 SMR(0) clearing SMR instance[0;m
[38;5;31mWed Sep 30 10:38:35 2026 <001d> gsm0411_smc.c:102 SMC(0) clearing instance[0;m
[38;5;43mWed Sep 30 10:38:35 2026 <0023> ss7_combined_linkset.c:297 0: CombinedLinkset(dpc=2059=1.1.3,mask=0x3fff=7.255.7,prio=5) RT loookup: OPC=2057=1.1.1,DPC=2059=1.1.3,SLS=4 -> eSLS=36: picked Normal Route via 'as-msc' round-robin style (available)[0;m
[38;5;31mWed Sep 30 10:38:36 2026 <001d> gsm0411_smc.c:573 SMC(0) message MMSMS-EST-CNF received in state MM_CONN_PENDING[0;m
[38;5;31mWed Sep 30 10:38:36 2026 <001d> gsm0411_smc.c:188 SMC(0) send CP data[0;m
[38;5;31mWed Sep 30 10:38:36 2026 <001d> gsm0411_smc.c:140 SMC(0) new CP state MM_CONN_PENDING -> WAIT_CP_ACK[0;m
[38;5;31mWed Sep 30 10:38:37 2026 <001d> gsm0411_smc.c:573 SMC(0) message MMSMS-DATA-IND (CP ACK) received in state WAIT_CP_ACK[0;m
[38;5;31mWed Sep 30 10:38:37 2026 <001d> gsm0411_smc.c:263 SMC(0) received CP-ACK[0;m
[38;5;31mWed Sep 30 10:38:37 2026 <001d> gsm0411_smc.c:140 SMC(0) new CP state WAIT_CP_ACK -> MM_ESTABLISHED[0;m
[38;5;31mWed Sep 30 10:38:37 2026 <001d> gsm0411_smc.c:573 SMC(0) message MMSMS-DATA-IND (CP DATA) received in state MM_ESTABLISHED[0;m
[38;5;31mWed Sep 30 10:38:37 2026 <001d> gsm0411_smc.c:291 SMC(0) received CP-DATA[0;m
[38;5;31mWed Sep 30 10:38:37 2026 <001d> gsm0411_smr.c:487 SMR(0) message MNSMS-DATA-IND received in state WAIT_FOR_RP_ACK[0;m
[38;5;31mWed Sep 30 10:38:37 2026 <001d> gsm0411_smr.c:144 SMR(0) new RP state WAIT_FOR_RP_ACK -> IDLE[0;m
[38;5;31mWed Sep 30 10:38:37 2026 <001d> gsm0411_smc.c:473 SMC(0) message MNSMS-REL-REQ received in state MM_ESTABLISHED[0;m
[38;5;31mWed Sep 30 10:38:37 2026 <001d> gsm0411_smc.c:140 SMC(0) new CP state MM_ESTABLISHED -> IDLE[0;m
[38;5;31mWed Sep 30 10:38:37 2026 <001d> gsm0411_smr.c:98 SMR(0) clearing SMR instance[0;m
[38;5;31mWed Sep 30 10:38:37 2026 <001d> gsm0411_smc.c:102 SMC(0) clearing instance[0;m
[38;5;31mWed Sep 30 10:38:54 2026 <001d> gsm0411_smc.c:94 SMC(0) instance created for network[0;m
[38;5;31mWed Sep 30 10:38:54 2026 <001d> gsm0411_smr.c:90 SMR(0) instance created for network.[0;m
[38;5;31mWed Sep 30 10:38:54 2026 <001d> gsm_04_11.c:1195 trans(SMS IMSI-001010001000001:MSISDN-100101:TMSI-0x5EF5EC6D callref-0x40000003 tid-0) Going to send a MT SMS[0;m
[38;5;31mWed Sep 30 10:38:54 2026 <001d> gsm0411_smr.c:420 SMR(0) message SM-RL-DATA_REQ received in state IDLE[0;m
[38;5;31mWed Sep 30 10:38:54 2026 <001d> gsm0411_smr.c:144 SMR(0) new RP state IDLE -> WAIT_FOR_RP_ACK[0;m
[38;5;31mWed Sep 30 10:38:54 2026 <001d> gsm0411_smc.c:473 SMC(0) message MNSMS-EST-REQ received in state IDLE[0;m
[38;5;31mWed Sep 30 10:38:54 2026 <001d> gsm0411_smc.c:140 SMC(0) new CP state IDLE -> MM_CONN_PENDING[0;m
[38;5;43mWed Sep 30 10:38:56 2026 <0023> ss7_combined_linkset.c:297 0: CombinedLinkset(dpc=2059=1.1.3,mask=0x3fff=7.255.7,prio=5) RT loookup: OPC=2057=1.1.1,DPC=2059=1.1.3,SLS=5 -> eSLS=37: picked Normal Route via 'as-msc' round-robin style (available)[0;m
[38;5;31mWed Sep 30 10:38:57 2026 <001d> gsm0411_smc.c:573 SMC(0) message MMSMS-EST-CNF received in state MM_CONN_PENDING[0;m
[38;5;31mWed Sep 30 10:38:57 2026 <001d> gsm0411_smc.c:188 SMC(0) send CP data[0;m
[38;5;31mWed Sep 30 10:38:57 2026 <001d> gsm0411_smc.c:140 SMC(0) new CP state MM_CONN_PENDING -> WAIT_CP_ACK[0;m
[38;5;31mWed Sep 30 10:39:00 2026 <001d> gsm0411_smc.c:573 SMC(0) message MMSMS-DATA-IND (CP ACK) received in state WAIT_CP_ACK[0;m
[38;5;31mWed Sep 30 10:39:00 2026 <001d> gsm0411_smc.c:263 SMC(0) received CP-ACK[0;m
[38;5;31mWed Sep 30 10:39:00 2026 <001d> gsm0411_smc.c:140 SMC(0) new CP state WAIT_CP_ACK -> MM_ESTABLISHED[0;m
[38;5;31mWed Sep 30 10:39:00 2026 <001d> gsm0411_smc.c:573 SMC(0) message MMSMS-DATA-IND (CP DATA) received in state MM_ESTABLISHED[0;m
[38;5;31mWed Sep 30 10:39:00 2026 <001d> gsm0411_smc.c:291 SMC(0) received CP-DATA[0;m
[38;5;31mWed Sep 30 10:39:00 2026 <001d> gsm0411_smr.c:487 SMR(0) message MNSMS-DATA-IND received in state WAIT_FOR_RP_ACK[0;m
[38;5;31mWed Sep 30 10:39:00 2026 <001d> gsm0411_smr.c:144 SMR(0) new RP state WAIT_FOR_RP_ACK -> IDLE[0;m
[38;5;31mWed Sep 30 10:39:00 2026 <001d> gsm0411_smc.c:473 SMC(0) message MNSMS-REL-REQ received in state MM_ESTABLISHED[0;m
[38;5;31mWed Sep 30 10:39:00 2026 <001d> gsm0411_smc.c:140 SMC(0) new CP state MM_ESTABLISHED -> IDLE[0;m
[38;5;31mWed Sep 30 10:39:00 2026 <001d> gsm0411_smr.c:98 SMR(0) clearing SMR instance[0;m
[38;5;31mWed Sep 30 10:39:00 2026 <001d> gsm0411_smc.c:102 SMC(0) clearing instance[0;m
[38;5;43mWed Sep 30 10:39:19 2026 <0023> ss7_combined_linkset.c:297 0: CombinedLinkset(dpc=2059=1.1.3,mask=0x3fff=7.255.7,prio=5) RT loookup: OPC=2057=1.1.1,DPC=2059=1.1.3,SLS=6 -> eSLS=38: picked Normal Route via 'as-msc' round-robin style (available)[0;m
[38;5;43mWed Sep 30 10:39:39 2026 <0023> ss7_combined_linkset.c:297 0: CombinedLinkset(dpc=2059=1.1.3,mask=0x3fff=7.255.7,prio=5) RT loookup: OPC=2057=1.1.1,DPC=2059=1.1.3,SLS=7 -> eSLS=39: picked Normal Route via 'as-msc' round-robin style (available)[0;m
[38;5;43mWed Sep 30 10:40:29 2026 <0023> ss7_combined_linkset.c:297 0: CombinedLinkset(dpc=2059=1.1.3,mask=0x3fff=7.255.7,prio=5) RT loookup: OPC=2057=1.1.1,DPC=2059=1.1.3,SLS=8 -> eSLS=40: picked Normal Route via 'as-msc' round-robin style (available)[0;m
[1;32mWed Sep 30 10:40:30 2026 <0001> transaction.c:151 LCLS: using 14 bits (1 bytes) for node ID[0;m
[1;32mWed Sep 30 10:40:30 2026 <0001> transaction.c:168 LCLS: allocated LAC-based CR-ID 00 00 01 00 01 for callref 0x80000001[0;m
[1;32mWed Sep 30 10:40:30 2026 <0001> gsm_04_08_cc.c:704 trans(CC:NULL IMSI-001010001000001:MSISDN-100101:TMSI-0x5EF5EC6D:GERAN-A-8:CM_SERVICE_REQ callref-0x80000001 tid-8) SETUP to 600[0;m
[1;32mWed Sep 30 10:40:31 2026 <0001> msc_a.c:1597 trans(CC:INITIATED IMSI-001010001000001:MSISDN-100101:TMSI-0x5EF5EC6D:GERAN-A-8:CM_SERVICE_REQ callref-0x80000001 tid-8) Assignment Complete: RAN: GSM#3, CN: GSM#3[0;m
[38;5;43mWed Sep 30 10:41:19 2026 <0023> ss7_combined_linkset.c:297 0: CombinedLinkset(dpc=2059=1.1.3,mask=0x3fff=7.255.7,prio=5) RT loookup: OPC=2057=1.1.1,DPC=2059=1.1.3,SLS=9 -> eSLS=41: picked Normal Route via 'as-msc' round-robin style (available)[0;m
[1;32mWed Sep 30 10:41:21 2026 <0001> transaction.c:151 LCLS: using 14 bits (1 bytes) for node ID[0;m
[1;32mWed Sep 30 10:41:21 2026 <0001> transaction.c:168 LCLS: allocated LAC-based CR-ID 00 00 02 00 01 for callref 0x80000002[0;m
[1;32mWed Sep 30 10:41:21 2026 <0001> gsm_04_08_cc.c:704 trans(CC:NULL IMSI-001010001000001:MSISDN-100101:TMSI-0x5EF5EC6D:GERAN-A-9:CM_SERVICE_REQ callref-0x80000002 tid-8) SETUP to 600[0;m
[1;32mWed Sep 30 10:41:22 2026 <0001> msc_a.c:1597 trans(CC:INITIATED IMSI-001010001000001:MSISDN-100101:TMSI-0x5EF5EC6D:GERAN-A-9:CM_SERVICE_REQ callref-0x80000002 tid-8) Assignment Complete: RAN: GSM#3, CN: GSM#3[0;m
[38;5;43mWed Sep 30 10:42:02 2026 <0023> ss7_combined_linkset.c:297 0: CombinedLinkset(dpc=2059=1.1.3,mask=0x3fff=7.255.7,prio=5) RT loookup: OPC=2057=1.1.1,DPC=2059=1.1.3,SLS=10 -> eSLS=42: picked Normal Route via 'as-msc' round-robin style (available)[0;m
[1;32mWed Sep 30 10:42:04 2026 <0001> transaction.c:151 LCLS: using 14 bits (1 bytes) for node ID[0;m
[1;32mWed Sep 30 10:42:04 2026 <0001> transaction.c:168 LCLS: allocated LAC-based CR-ID 00 00 03 00 01 for callref 0x80000003[0;m
[1;32mWed Sep 30 10:42:04 2026 <0001> gsm_04_08_cc.c:704 trans(CC:NULL IMSI-001010001000001:MSISDN-100101:TMSI-0x5EF5EC6D:GERAN-A-10:CM_SERVICE_REQ callref-0x80000003 tid-8) SETUP to 600[0;m
[1;32mWed Sep 30 10:42:05 2026 <0001> msc_a.c:1597 trans(CC:INITIATED IMSI-001010001000001:MSISDN-100101:TMSI-0x5EF5EC6D:GERAN-A-10:CM_SERVICE_REQ callref-0x80000003 tid-8) Assignment Complete: RAN: GSM#3, CN: GSM#3[0;m
[1;32mWed Sep 30 10:42:38 2026 <0001> gsm_04_08_cc.c:471 trans(CC:RELEASE_REQ IMSI-001010001000001:MSISDN-100101:TMSI-0x5EF5EC6D:GERAN-A-10:CM_SERVICE_REQ callref-0x80000003 tid-8) Timeout of T308[0;m
[1;32mWed Sep 30 10:42:48 2026 <0001> gsm_04_08_cc.c:471 trans(CC:RELEASE_REQ IMSI-001010001000001:MSISDN-100101:TMSI-0x5EF5EC6D:GERAN-A-10:CM_SERVICE_REQ callref-0x80000003 tid-8) Timeout of T308[0;m
[1;39mWed Sep 30 10:46:01 2026 <0007> mncc_sock.c:72 MNCC Socket has LOST connection[0;m
[1;32mWed Sep 30 10:46:01 2026 <0001> gsm_04_08.c:91 Clearing all currently active transactions!!![0;m
[38;5;49mWed Sep 30 10:46:02 2026 <0026> xua_snm.c:501 0: ASP(asp-to-stp) Rx DUNA() for 1.1.3/0[0;m
[38;5;43mWed Sep 30 10:46:02 2026 <0023> ss7_route.c:409 0: RT(dpc=2059=1.1.3,mask=0x3fff=7.255.7,prio=5,via=as-msc,st=available) changed to status 'unavailable'[0;m
Wed Sep 30 10:46:02 2026 <0013> sccp_ran.c:167 ran_peer(GERAN-A:RI-SSN_PC:PC-1-1-3:SSN-BSSAP)[0x63543c0e75c0]{READY}: now unreachable: N-PCSTATE ind: pc=2059=1.1.3 sp_status=INACCESSIBLE remote_sccp_status=UNAVAILABLE_UNKNOWN
Wed Sep 30 10:46:02 2026 <0009> msc_main.c:285 Terminating due to signal 15
[38;5;43mWed Sep 30 10:46:20 2026 <0023> ss7_instance.c:98 0: Creating SS7 Instance[0;m
[38;5;43mWed Sep 30 10:46:20 2026 <0023> ss7_route_table.c:62 0: Creating Route Table system[0;m
[38;5;43mWed Sep 30 10:46:20 2026 <0023> ss7_asp_vty.c:673 0: ASP(asp-to-stp) Applying Adm State change: ENABLED -> ENABLED[0;m
[38;5;43mWed Sep 30 10:46:20 2026 <0023> ss7_asp.c:892 0: ASP(asp-to-stp) Restarting ASP asp-to-stp, r=127.0.0.2:2905<->l=127.0.0.1:2906[0;m
[38;5;43mWed Sep 30 10:46:20 2026 <0023> ss7_instance.c:380 0: AS(as-msc) Created AS[0;m
[38;5;43mWed Sep 30 10:46:20 2026 <0023> ss7_as.c:185 0: AS(as-msc) Adding ASP asp-to-stp to AS[0;m
[1;39mWed Sep 30 10:46:20 2026 <0007> mncc_sock.c:300 MNCC socket at /tmp/msc_mncc[0;m
Wed Sep 30 10:46:20 2026 <0017> telnet_interface.c:88 Available via telnet 127.0.0.1 4254
Wed Sep 30 10:46:20 2026 <000f> smpp_smsc.c:990 SMPP at 0.0.0.0 2775
[38;5;33mWed Sep 30 10:46:20 2026 <001e> control_if.c:1026 CTRL at 127.0.0.1 4255[0;m
[38;5;39mWed Sep 30 10:46:20 2026 <0021> gsup_client.c:77 GSUP connecting to 127.0.0.2:4222[0;m
Wed Sep 30 10:46:20 2026 <000c> db.c:518 Init database connection to 'sms.db' using SQLite3 lib version 3.45.1
[38;5;51mWed Sep 30 10:46:20 2026 <0027> mgcp_client.c:945 MGW(mgw) MGCP client: using endpoint domain '@mgw'[0;m
Wed Sep 30 10:46:20 2026 <0009> msc_main.c:576 MGW pool with 1 pool members configured, (ignoring MGW configuration in VTY node 'msc').
[38;5;45mWed Sep 30 10:46:20 2026 <0024> sccp_instance.c:655 OsmoMSC-A: Using SS7 instance 0, pc:1.1.1[0;m
[38;5;45mWed Sep 30 10:46:20 2026 <0024> sccp_instance.c:673 OsmoMSC-A: Using AS instance as-msc[0;m
[38;5;45mWed Sep 30 10:46:20 2026 <0024> sccp_instance.c:679 OsmoMSC-A: Creating default route[0;m
[38;5;43mWed Sep 30 10:46:20 2026 <0023> ss7_route.c:143 0: RT(dpc=0=0.0.0,mask=0x0=0.0.0,prio=5,via=as-msc,st=available) Creating route: pc=0=0.0.0 mask=0x0=0.0.0 prio=5 dyn via AS as-msc proto=m3ua[0;m
[38;5;45mWed Sep 30 10:46:20 2026 <0024> sccp_instance.c:784 OsmoMSC-A: Using ASP instance asp-to-stp[0;m
[38;5;43mWed Sep 30 10:46:20 2026 <0023> ss7_instance.c:214 0: Creating SCCP instance[0;m
Wed Sep 30 10:46:20 2026 <0014> sgs_server.c:186 SGs socket bound to r=NULL<->l=127.0.0.1:29118
Wed Sep 30 10:46:20 2026 <0009> msc_main.c:790 A-interface: SCCP user OsmoMSC-A:RI=SSN_PC,PC=(no PC),SSN=BSSAP, cs7-instance 0 ((null))
[38;5;43mWed Sep 30 10:46:20 2026 <0023> ss7_asp.c:1202 0: ASP(asp-to-stp) Client connected (r=127.0.0.2:2905<->l=127.0.0.1:2906)[0;m
[38;5;23mWed Sep 30 10:46:20 2026 <0019> input/ipa.c:144 127.0.0.2:4222 connection done[0;m
[38;5;23mWed Sep 30 10:46:20 2026 <0019> input/ipa.c:617 received ID_GET for unit ID 0/0/0[0;m
[1;39mWed Sep 30 10:46:22 2026 <0007> mncc_sock.c:257 MNCC Socket has connection with external call control application[0;m
[38;5;43mWed Sep 30 10:46:22 2026 <0023> xua_rkm.c:477 0: ASP(asp-to-stp) Received RKM REG RES rctx=110 status=SUCCESS[0;m
[38;5;49mWed Sep 30 10:46:22 2026 <0026> m3ua.c:707 0: ASP(asp-to-stp) Received NOTIFY Type State Change:AS Inactive ()[0;m
[38;5;43mWed Sep 30 10:46:22 2026 <0023> xua_as_fsm.c:430 0: AS(as-msc) AS became active, some routes to remote PCs may have become available[0;m
[38;5;43mWed Sep 30 10:46:22 2026 <0023> xua_as_fsm.c:471 0: AS(as-msc) AS became active => address-book pc=2059=1.1.3 is now available[0;m
[38;5;43mWed Sep 30 10:46:22 2026 <0023> ss7_route.c:143 0: RT(dpc=2059=1.1.3,mask=0x3fff=7.255.7,prio=5,via=as-msc,st=available) Creating route: pc=2059=1.1.3 mask=0x3fff=7.255.7 prio=5 dyn via AS as-msc proto=m3ua[0;m
[38;5;43mWed Sep 30 10:46:22 2026 <0023> ss7_route.c:409 0: RT(dpc=2059=1.1.3,mask=0x3fff=7.255.7,prio=5,via=as-msc,st=available) changed to status 'available'[0;m
[38;5;43mWed Sep 30 10:46:22 2026 <0023> xua_default_lm_fsm.c:406 xua_default_lm(asp-to-stp)[0x61e558d4a580]{ACTIVE}: Ignoring primitive M-ASP_ACTIVE.confirm[0;m
[38;5;49mWed Sep 30 10:46:22 2026 <0026> m3ua.c:707 0: ASP(asp-to-stp) Received NOTIFY Type State Change:AS Active ()[0;m
[38;5;49mWed Sep 30 10:46:22 2026 <0026> xua_snm.c:501 0: ASP(asp-to-stp) Rx DUNA(RFC4666 4.5.1) for 1.1.2/0[0;m
[38;5;43mWed Sep 30 10:46:22 2026 <0023> ss7_route.c:143 0: RT(dpc=2058=1.1.2,mask=0x3fff=7.255.7,prio=5,via=as-msc,st=available) Creating route: pc=2058=1.1.2 mask=0x3fff=7.255.7 prio=5 dyn via AS as-msc proto=m3ua[0;m
[38;5;43mWed Sep 30 10:46:22 2026 <0023> ss7_route.c:409 0: RT(dpc=2058=1.1.2,mask=0x3fff=7.255.7,prio=5,via=as-msc,st=available) changed to status 'unavailable'[0;m
[38;5;49mWed Sep 30 10:46:22 2026 <0026> xua_snm.c:536 0: ASP(asp-to-stp) Rx DAVA() for 1.1.3/0[0;m
[38;5;43mWed Sep 30 10:46:22 2026 <0023> ss7_route.c:409 0: RT(dpc=2059=1.1.3,mask=0x3fff=7.255.7,prio=5,via=as-msc,st=available) changed to status 'available'[0;m
[38;5;43mWed Sep 30 10:46:22 2026 <0023> ss7_combined_linkset.c:297 0: CombinedLinkset(dpc=2059=1.1.3,mask=0x3fff=7.255.7,prio=5) RT loookup: OPC=2057=1.1.1,DPC=2059=1.1.3,SLS=0 -> eSLS=32: picked Normal Route via 'as-msc' round-robin style (available)[0;m
[38;5;43mWed Sep 30 10:46:24 2026 <0023> ss7_asp.c:998 0: ASP(asp-to-stp) xUA CLNT SCTP NOTIFICATION 32770 flags=0x0[0;m
[38;5;43mWed Sep 30 10:46:24 2026 <0023> ss7_asp.c:1014 0: ASP(asp-to-stp) xUA CLNT SCTP_PEER_ADDR_CHANGE: ADDR_CONFIRMED 127.0.0.1:2905 err=None[0;m
[38;5;43mWed Sep 30 10:46:44 2026 <0023> ss7_combined_linkset.c:297 0: CombinedLinkset(dpc=2059=1.1.3,mask=0x3fff=7.255.7,prio=5) RT loookup: OPC=2057=1.1.1,DPC=2059=1.1.3,SLS=1 -> eSLS=33: picked Normal Route via 'as-msc' round-robin style (available)[0;m
[1;38mWed Sep 30 10:46:44 2026 <0008> ran_peer.c:123 ran_peer(GERAN-A:RI-SSN_PC:PC-1-1-3:SSN-BSSAP)[0x61e558edc8b0]{READY}: Added seen cell to this RAN peer: CGI:001-01-1-6012[0;m
Wed Sep 30 10:46:46 2026 <0009> gsm_04_08.c:1548 msub(IMSI-001010001000002:MSISDN-100102) VLR: update for IMSI=001010001000002 (MSISDN=100102)
Wed Sep 30 10:46:46 2026 <0009> gsm_04_08.c:1548 msub(IMSI-001010001000002:MSISDN-100102:TMSInew-0x4D942125) VLR: update for IMSI=001010001000002 (MSISDN=100102)
Wed Sep 30 10:46:47 2026 <0009> gsm_04_08.c:1548 msub(IMSI-001010001000002:MSISDN-100102:TMSI-0x4D942125) VLR: update for IMSI=001010001000002 (MSISDN=100102)
[38;5;43mWed Sep 30 10:46:50 2026 <0023> ss7_combined_linkset.c:297 0: CombinedLinkset(dpc=2059=1.1.3,mask=0x3fff=7.255.7,prio=5) RT loookup: OPC=2057=1.1.1,DPC=2059=1.1.3,SLS=2 -> eSLS=34: picked Normal Route via 'as-msc' round-robin style (available)[0;m
[1;38mWed Sep 30 10:46:50 2026 <0008> ran_peer.c:123 ran_peer(GERAN-A:RI-SSN_PC:PC-1-1-3:SSN-BSSAP)[0x61e558edc8b0]{READY}: Added seen cell to this RAN peer: CGI:001-01-1-6001[0;m
Wed Sep 30 10:46:53 2026 <0009> gsm_04_08.c:1548 msub(IMSI-001010001000001:MSISDN-100101) VLR: update for IMSI=001010001000001 (MSISDN=100101)
Wed Sep 30 10:46:53 2026 <0009> gsm_04_08.c:1548 msub(IMSI-001010001000001:MSISDN-100101:TMSInew-0x1B5EC0B2) VLR: update for IMSI=001010001000001 (MSISDN=100101)
Wed Sep 30 10:46:54 2026 <0009> gsm_04_08.c:1548 msub(IMSI-001010001000001:MSISDN-100101:TMSI-0x1B5EC0B2) VLR: update for IMSI=001010001000001 (MSISDN=100101)
[38;5;43mWed Sep 30 10:50:53 2026 <0023> ss7_combined_linkset.c:297 0: CombinedLinkset(dpc=2059=1.1.3,mask=0x3fff=7.255.7,prio=5) RT loookup: OPC=2057=1.1.1,DPC=2059=1.1.3,SLS=3 -> eSLS=35: picked Normal Route via 'as-msc' round-robin style (available)[0;m
[38;5;31mWed Sep 30 10:50:56 2026 <001d> gsm0411_smc.c:94 SMC(0) instance created for network[0;m
[38;5;31mWed Sep 30 10:50:56 2026 <001d> gsm0411_smr.c:90 SMR(0) instance created for network.[0;m
[38;5;31mWed Sep 30 10:50:56 2026 <001d> gsm0411_smc.c:573 SMC(0) message MMSMS-EST-IND (CP DATA) received in state IDLE[0;m
[38;5;31mWed Sep 30 10:50:56 2026 <001d> gsm0411_smc.c:291 SMC(0) received CP-DATA[0;m
[38;5;31mWed Sep 30 10:50:56 2026 <001d> gsm0411_smc.c:140 SMC(0) new CP state IDLE -> MM_ESTABLISHED[0;m
[38;5;31mWed Sep 30 10:50:56 2026 <001d> gsm0411_smr.c:487 SMR(0) message MNSMS-EST-IND received in state IDLE[0;m
[38;5;31mWed Sep 30 10:50:56 2026 <001d> gsm0411_smr.c:144 SMR(0) new RP state IDLE -> WAIT_TO_TX_RP_ACK[0;m
[38;5;31mWed Sep 30 10:50:56 2026 <001d> gsm0411_smr.c:420 SMR(0) message SM-RL-REPORT_REQ received in state WAIT_TO_TX_RP_ACK[0;m
[38;5;31mWed Sep 30 10:50:56 2026 <001d> gsm0411_smr.c:144 SMR(0) new RP state WAIT_TO_TX_RP_ACK -> IDLE[0;m
[38;5;31mWed Sep 30 10:50:56 2026 <001d> gsm0411_smc.c:473 SMC(0) message MNSMS-DATA-REQ received in state MM_ESTABLISHED[0;m
[38;5;31mWed Sep 30 10:50:56 2026 <001d> gsm0411_smc.c:188 SMC(0) send CP data[0;m
[38;5;31mWed Sep 30 10:50:56 2026 <001d> gsm0411_smc.c:140 SMC(0) new CP state MM_ESTABLISHED -> WAIT_CP_ACK[0;m
[38;5;31mWed Sep 30 10:50:56 2026 <001d> gsm0411_smc.c:473 SMC(0) message MNSMS-REL-REQ received in state WAIT_CP_ACK[0;m
[38;5;31mWed Sep 30 10:50:56 2026 <001d> gsm0411_smc.c:338 SMC(0) cannot release yet current state: WAIT_CP_ACK[0;m
[38;5;31mWed Sep 30 10:50:56 2026 <001d> gsm0411_smc.c:94 SMC(0) instance created for network[0;m
[38;5;31mWed Sep 30 10:50:56 2026 <001d> gsm0411_smr.c:90 SMR(0) instance created for network.[0;m
[38;5;31mWed Sep 30 10:50:56 2026 <001d> gsm_04_11.c:1195 trans(SMS IMSI-001010001000002:MSISDN-100102:TMSI-0x4D942125 callref-0x40000002 tid-0) Going to send a MT SMS[0;m
[38;5;31mWed Sep 30 10:50:56 2026 <001d> gsm0411_smr.c:420 SMR(0) message SM-RL-DATA_REQ received in state IDLE[0;m
[38;5;31mWed Sep 30 10:50:56 2026 <001d> gsm0411_smr.c:144 SMR(0) new RP state IDLE -> WAIT_FOR_RP_ACK[0;m
[38;5;31mWed Sep 30 10:50:56 2026 <001d> gsm0411_smc.c:473 SMC(0) message MNSMS-EST-REQ received in state IDLE[0;m
[38;5;31mWed Sep 30 10:50:56 2026 <001d> gsm0411_smc.c:140 SMC(0) new CP state IDLE -> MM_CONN_PENDING[0;m
[38;5;31mWed Sep 30 10:50:57 2026 <001d> gsm0411_smc.c:573 SMC(0) message MMSMS-DATA-IND (CP ACK) received in state WAIT_CP_ACK[0;m
[38;5;31mWed Sep 30 10:50:57 2026 <001d> gsm0411_smc.c:263 SMC(0) received CP-ACK[0;m
[38;5;31mWed Sep 30 10:50:57 2026 <001d> gsm0411_smc.c:140 SMC(0) new CP state WAIT_CP_ACK -> MM_ESTABLISHED[0;m
[38;5;31mWed Sep 30 10:50:57 2026 <001d> gsm0411_smc.c:274 SMC(0) we have pending release.[0;m
[38;5;31mWed Sep 30 10:50:57 2026 <001d> gsm0411_smc.c:140 SMC(0) new CP state MM_ESTABLISHED -> IDLE[0;m
[38;5;31mWed Sep 30 10:50:57 2026 <001d> gsm0411_smr.c:98 SMR(0) clearing SMR instance[0;m
[38;5;31mWed Sep 30 10:50:57 2026 <001d> gsm0411_smc.c:102 SMC(0) clearing instance[0;m
[38;5;43mWed Sep 30 10:50:57 2026 <0023> ss7_combined_linkset.c:297 0: CombinedLinkset(dpc=2059=1.1.3,mask=0x3fff=7.255.7,prio=5) RT loookup: OPC=2057=1.1.1,DPC=2059=1.1.3,SLS=4 -> eSLS=36: picked Normal Route via 'as-msc' round-robin style (available)[0;m
[38;5;31mWed Sep 30 10:50:58 2026 <001d> gsm0411_smc.c:573 SMC(0) message MMSMS-EST-CNF received in state MM_CONN_PENDING[0;m
[38;5;31mWed Sep 30 10:50:58 2026 <001d> gsm0411_smc.c:188 SMC(0) send CP data[0;m
[38;5;31mWed Sep 30 10:50:58 2026 <001d> gsm0411_smc.c:140 SMC(0) new CP state MM_CONN_PENDING -> WAIT_CP_ACK[0;m
[38;5;31mWed Sep 30 10:50:59 2026 <001d> gsm0411_smc.c:573 SMC(0) message MMSMS-DATA-IND (CP ACK) received in state WAIT_CP_ACK[0;m
[38;5;31mWed Sep 30 10:50:59 2026 <001d> gsm0411_smc.c:263 SMC(0) received CP-ACK[0;m
[38;5;31mWed Sep 30 10:50:59 2026 <001d> gsm0411_smc.c:140 SMC(0) new CP state WAIT_CP_ACK -> MM_ESTABLISHED[0;m
[38;5;31mWed Sep 30 10:51:00 2026 <001d> gsm0411_smc.c:573 SMC(0) message MMSMS-DATA-IND (CP DATA) received in state MM_ESTABLISHED[0;m
[38;5;31mWed Sep 30 10:51:00 2026 <001d> gsm0411_smc.c:291 SMC(0) received CP-DATA[0;m
[38;5;31mWed Sep 30 10:51:00 2026 <001d> gsm0411_smr.c:487 SMR(0) message MNSMS-DATA-IND received in state WAIT_FOR_RP_ACK[0;m
[38;5;31mWed Sep 30 10:51:00 2026 <001d> gsm0411_smr.c:144 SMR(0) new RP state WAIT_FOR_RP_ACK -> IDLE[0;m
[38;5;31mWed Sep 30 10:51:00 2026 <001d> gsm0411_smc.c:473 SMC(0) message MNSMS-REL-REQ received in state MM_ESTABLISHED[0;m
[38;5;31mWed Sep 30 10:51:00 2026 <001d> gsm0411_smc.c:140 SMC(0) new CP state MM_ESTABLISHED -> IDLE[0;m
[38;5;31mWed Sep 30 10:51:00 2026 <001d> gsm0411_smr.c:98 SMR(0) clearing SMR instance[0;m
[38;5;31mWed Sep 30 10:51:00 2026 <001d> gsm0411_smc.c:102 SMC(0) clearing instance[0;m
[38;5;31mWed Sep 30 10:51:16 2026 <001d> gsm0411_smc.c:94 SMC(0) instance created for network[0;m
[38;5;31mWed Sep 30 10:51:16 2026 <001d> gsm0411_smr.c:90 SMR(0) instance created for network.[0;m
[38;5;31mWed Sep 30 10:51:16 2026 <001d> gsm_04_11.c:1195 trans(SMS IMSI-001010001000001:MSISDN-100101:TMSI-0x1B5EC0B2 callref-0x40000003 tid-0) Going to send a MT SMS[0;m
[38;5;31mWed Sep 30 10:51:16 2026 <001d> gsm0411_smr.c:420 SMR(0) message SM-RL-DATA_REQ received in state IDLE[0;m
[38;5;31mWed Sep 30 10:51:16 2026 <001d> gsm0411_smr.c:144 SMR(0) new RP state IDLE -> WAIT_FOR_RP_ACK[0;m
[38;5;31mWed Sep 30 10:51:16 2026 <001d> gsm0411_smc.c:473 SMC(0) message MNSMS-EST-REQ received in state IDLE[0;m
[38;5;31mWed Sep 30 10:51:16 2026 <001d> gsm0411_smc.c:140 SMC(0) new CP state IDLE -> MM_CONN_PENDING[0;m
[38;5;43mWed Sep 30 10:51:18 2026 <0023> ss7_combined_linkset.c:297 0: CombinedLinkset(dpc=2059=1.1.3,mask=0x3fff=7.255.7,prio=5) RT loookup: OPC=2057=1.1.1,DPC=2059=1.1.3,SLS=5 -> eSLS=37: picked Normal Route via 'as-msc' round-robin style (available)[0;m
[38;5;31mWed Sep 30 10:51:19 2026 <001d> gsm0411_smc.c:573 SMC(0) message MMSMS-EST-CNF received in state MM_CONN_PENDING[0;m
[38;5;31mWed Sep 30 10:51:19 2026 <001d> gsm0411_smc.c:188 SMC(0) send CP data[0;m
[38;5;31mWed Sep 30 10:51:19 2026 <001d> gsm0411_smc.c:140 SMC(0) new CP state MM_CONN_PENDING -> WAIT_CP_ACK[0;m
[38;5;31mWed Sep 30 10:51:22 2026 <001d> gsm0411_smc.c:573 SMC(0) message MMSMS-DATA-IND (CP ACK) received in state WAIT_CP_ACK[0;m
[38;5;31mWed Sep 30 10:51:22 2026 <001d> gsm0411_smc.c:263 SMC(0) received CP-ACK[0;m
[38;5;31mWed Sep 30 10:51:22 2026 <001d> gsm0411_smc.c:140 SMC(0) new CP state WAIT_CP_ACK -> MM_ESTABLISHED[0;m
[38;5;31mWed Sep 30 10:51:22 2026 <001d> gsm0411_smc.c:573 SMC(0) message MMSMS-DATA-IND (CP DATA) received in state MM_ESTABLISHED[0;m
[38;5;31mWed Sep 30 10:51:22 2026 <001d> gsm0411_smc.c:291 SMC(0) received CP-DATA[0;m
[38;5;31mWed Sep 30 10:51:22 2026 <001d> gsm0411_smr.c:487 SMR(0) message MNSMS-DATA-IND received in state WAIT_FOR_RP_ACK[0;m
[38;5;31mWed Sep 30 10:51:22 2026 <001d> gsm0411_smr.c:144 SMR(0) new RP state WAIT_FOR_RP_ACK -> IDLE[0;m
[38;5;31mWed Sep 30 10:51:22 2026 <001d> gsm0411_smc.c:473 SMC(0) message MNSMS-REL-REQ received in state MM_ESTABLISHED[0;m
[38;5;31mWed Sep 30 10:51:22 2026 <001d> gsm0411_smc.c:140 SMC(0) new CP state MM_ESTABLISHED -> IDLE[0;m
[38;5;31mWed Sep 30 10:51:22 2026 <001d> gsm0411_smr.c:98 SMR(0) clearing SMR instance[0;m
[38;5;31mWed Sep 30 10:51:22 2026 <001d> gsm0411_smc.c:102 SMC(0) clearing instance[0;m
[38;5;43mWed Sep 30 10:51:41 2026 <0023> ss7_combined_linkset.c:297 0: CombinedLinkset(dpc=2059=1.1.3,mask=0x3fff=7.255.7,prio=5) RT loookup: OPC=2057=1.1.1,DPC=2059=1.1.3,SLS=6 -> eSLS=38: picked Normal Route via 'as-msc' round-robin style (available)[0;m
[38;5;43mWed Sep 30 10:52:01 2026 <0023> ss7_combined_linkset.c:297 0: CombinedLinkset(dpc=2059=1.1.3,mask=0x3fff=7.255.7,prio=5) RT loookup: OPC=2057=1.1.1,DPC=2059=1.1.3,SLS=7 -> eSLS=39: picked Normal Route via 'as-msc' round-robin style (available)[0;m
[38;5;43mWed Sep 30 10:52:46 2026 <0023> ss7_combined_linkset.c:297 0: CombinedLinkset(dpc=2059=1.1.3,mask=0x3fff=7.255.7,prio=5) RT loookup: OPC=2057=1.1.1,DPC=2059=1.1.3,SLS=8 -> eSLS=40: picked Normal Route via 'as-msc' round-robin style (available)[0;m
[1;32mWed Sep 30 10:52:47 2026 <0001> transaction.c:151 LCLS: using 14 bits (1 bytes) for node ID[0;m
[1;32mWed Sep 30 10:52:47 2026 <0001> transaction.c:168 LCLS: allocated LAC-based CR-ID 00 00 01 00 01 for callref 0x80000001[0;m
[1;32mWed Sep 30 10:52:47 2026 <0001> gsm_04_08_cc.c:704 trans(CC:NULL IMSI-001010001000001:MSISDN-100101:TMSI-0x1B5EC0B2:GERAN-A-8:CM_SERVICE_REQ callref-0x80000001 tid-8) SETUP to 600[0;m
[1;32mWed Sep 30 10:52:48 2026 <0001> msc_a.c:1597 trans(CC:INITIATED IMSI-001010001000001:MSISDN-100101:TMSI-0x1B5EC0B2:GERAN-A-8:CM_SERVICE_REQ callref-0x80000001 tid-8) Assignment Complete: RAN: GSM#3, CN: GSM#3[0;m
[38;5;43mWed Sep 30 10:53:35 2026 <0023> ss7_combined_linkset.c:297 0: CombinedLinkset(dpc=2059=1.1.3,mask=0x3fff=7.255.7,prio=5) RT loookup: OPC=2057=1.1.1,DPC=2059=1.1.3,SLS=9 -> eSLS=41: picked Normal Route via 'as-msc' round-robin style (available)[0;m
[1;32mWed Sep 30 10:53:37 2026 <0001> transaction.c:151 LCLS: using 14 bits (1 bytes) for node ID[0;m
[1;32mWed Sep 30 10:53:37 2026 <0001> transaction.c:168 LCLS: allocated LAC-based CR-ID 00 00 02 00 01 for callref 0x80000002[0;m
[1;32mWed Sep 30 10:53:37 2026 <0001> gsm_04_08_cc.c:704 trans(CC:NULL IMSI-001010001000001:MSISDN-100101:TMSI-0x1B5EC0B2:GERAN-A-9:CM_SERVICE_REQ callref-0x80000002 tid-8) SETUP to 600[0;m
[1;32mWed Sep 30 10:53:38 2026 <0001> msc_a.c:1597 trans(CC:INITIATED IMSI-001010001000001:MSISDN-100101:TMSI-0x1B5EC0B2:GERAN-A-9:CM_SERVICE_REQ callref-0x80000002 tid-8) Assignment Complete: RAN: GSM#3, CN: GSM#3[0;m
[38;5;43mWed Sep 30 10:54:43 2026 <0023> ss7_combined_linkset.c:297 0: CombinedLinkset(dpc=2059=1.1.3,mask=0x3fff=7.255.7,prio=5) RT loookup: OPC=2057=1.1.1,DPC=2059=1.1.3,SLS=10 -> eSLS=42: picked Normal Route via 'as-msc' round-robin style (available)[0;m
[1;32mWed Sep 30 10:54:44 2026 <0001> transaction.c:151 LCLS: using 14 bits (1 bytes) for node ID[0;m
[1;32mWed Sep 30 10:54:44 2026 <0001> transaction.c:168 LCLS: allocated LAC-based CR-ID 00 00 03 00 01 for callref 0x80000003[0;m
[1;32mWed Sep 30 10:54:44 2026 <0001> gsm_04_08_cc.c:704 trans(CC:NULL IMSI-001010001000001:MSISDN-100101:TMSI-0x1B5EC0B2:GERAN-A-10:CM_SERVICE_REQ callref-0x80000003 tid-8) SETUP to 600[0;m
[1;32mWed Sep 30 10:54:45 2026 <0001> msc_a.c:1597 trans(CC:INITIATED IMSI-001010001000001:MSISDN-100101:TMSI-0x1B5EC0B2:GERAN-A-10:CM_SERVICE_REQ callref-0x80000003 tid-8) Assignment Complete: RAN: GSM#3, CN: GSM#3[0;m
[38;5;43mWed Sep 30 11:16:48 2026 <0023> ss7_combined_linkset.c:297 0: CombinedLinkset(dpc=2059=1.1.3,mask=0x3fff=7.255.7,prio=5) RT loookup: OPC=2057=1.1.1,DPC=2059=1.1.3,SLS=11 -> eSLS=43: picked Normal Route via 'as-msc' round-robin style (available)[0;m
Wed Sep 30 11:16:49 2026 <0009> gsm_04_08.c:1548 msub(IMSI-001010001000002:MSISDN-100102:TMSI-0x4D942125) VLR: update for IMSI=001010001000002 (MSISDN=100102)
Wed Sep 30 11:16:49 2026 <0009> gsm_04_08.c:1548 msub(IMSI-001010001000002:MSISDN-100102:TMSI-0x4D942125:TMSInew-0x56D1E113) VLR: update for IMSI=001010001000002 (MSISDN=100102)
Wed Sep 30 11:16:49 2026 <0009> gsm_04_08.c:1548 msub(IMSI-001010001000002:MSISDN-100102:TMSI-0x56D1E113) VLR: update for IMSI=001010001000002 (MSISDN=100102)
[38;5;43mWed Sep 30 11:22:12 2026 <0023> ss7_combined_linkset.c:297 0: CombinedLinkset(dpc=2059=1.1.3,mask=0x3fff=7.255.7,prio=5) RT loookup: OPC=2057=1.1.1,DPC=2059=1.1.3,SLS=12 -> eSLS=44: picked Normal Route via 'as-msc' round-robin style (available)[0;m
Wed Sep 30 11:22:14 2026 <0009> gsm_04_08.c:1548 msub(IMSI-001010001000001:MSISDN-100101:TMSI-0x1B5EC0B2) VLR: update for IMSI=001010001000001 (MSISDN=100101)
Wed Sep 30 11:22:14 2026 <0009> gsm_04_08.c:1548 msub(IMSI-001010001000001:MSISDN-100101:TMSI-0x1B5EC0B2:TMSInew-0xA944B0BE) VLR: update for IMSI=001010001000001 (MSISDN=100101)
Wed Sep 30 11:22:15 2026 <0009> gsm_04_08.c:1548 msub(IMSI-001010001000001:MSISDN-100101:TMSI-0xA944B0BE) VLR: update for IMSI=001010001000001 (MSISDN=100101)
[1;39mWed Sep 30 11:28:39 2026 <0007> mncc_sock.c:72 MNCC Socket has LOST connection[0;m
[1;32mWed Sep 30 11:28:39 2026 <0001> gsm_04_08.c:91 Clearing all currently active transactions!!![0;m
[38;5;49mWed Sep 30 11:28:41 2026 <0026> xua_snm.c:501 0: ASP(asp-to-stp) Rx DUNA() for 1.1.3/0[0;m
[38;5;43mWed Sep 30 11:28:41 2026 <0023> ss7_route.c:409 0: RT(dpc=2059=1.1.3,mask=0x3fff=7.255.7,prio=5,via=as-msc,st=available) changed to status 'unavailable'[0;m
Wed Sep 30 11:28:41 2026 <0013> sccp_ran.c:167 ran_peer(GERAN-A:RI-SSN_PC:PC-1-1-3:SSN-BSSAP)[0x61e558edc8b0]{READY}: now unreachable: N-PCSTATE ind: pc=2059=1.1.3 sp_status=INACCESSIBLE remote_sccp_status=UNAVAILABLE_UNKNOWN
Wed Sep 30 11:28:41 2026 <0009> msc_main.c:285 Terminating due to signal 15
[38;5;43mWed Sep 30 11:28:59 2026 <0023> ss7_instance.c:98 0: Creating SS7 Instance[0;m
[38;5;43mWed Sep 30 11:28:59 2026 <0023> ss7_route_table.c:62 0: Creating Route Table system[0;m
[38;5;43mWed Sep 30 11:28:59 2026 <0023> ss7_asp_vty.c:673 0: ASP(asp-to-stp) Applying Adm State change: ENABLED -> ENABLED[0;m
[38;5;43mWed Sep 30 11:28:59 2026 <0023> ss7_asp.c:892 0: ASP(asp-to-stp) Restarting ASP asp-to-stp, r=127.0.0.2:2905<->l=127.0.0.1:2906[0;m
[38;5;43mWed Sep 30 11:28:59 2026 <0023> ss7_instance.c:380 0: AS(as-msc) Created AS[0;m
[38;5;43mWed Sep 30 11:28:59 2026 <0023> ss7_as.c:185 0: AS(as-msc) Adding ASP asp-to-stp to AS[0;m
[1;39mWed Sep 30 11:28:59 2026 <0007> mncc_sock.c:300 MNCC socket at /tmp/msc_mncc[0;m
Wed Sep 30 11:28:59 2026 <0017> telnet_interface.c:88 Available via telnet 127.0.0.1 4254
Wed Sep 30 11:28:59 2026 <000f> smpp_smsc.c:990 SMPP at 0.0.0.0 2775
[38;5;33mWed Sep 30 11:28:59 2026 <001e> control_if.c:1026 CTRL at 127.0.0.1 4255[0;m
[38;5;39mWed Sep 30 11:28:59 2026 <0021> gsup_client.c:77 GSUP connecting to 127.0.0.2:4222[0;m
Wed Sep 30 11:28:59 2026 <000c> db.c:518 Init database connection to 'sms.db' using SQLite3 lib version 3.45.1
[38;5;51mWed Sep 30 11:28:59 2026 <0027> mgcp_client.c:945 MGW(mgw) MGCP client: using endpoint domain '@mgw'[0;m
Wed Sep 30 11:28:59 2026 <0009> msc_main.c:576 MGW pool with 1 pool members configured, (ignoring MGW configuration in VTY node 'msc').
[38;5;45mWed Sep 30 11:28:59 2026 <0024> sccp_instance.c:655 OsmoMSC-A: Using SS7 instance 0, pc:1.1.1[0;m
[38;5;45mWed Sep 30 11:28:59 2026 <0024> sccp_instance.c:673 OsmoMSC-A: Using AS instance as-msc[0;m
[38;5;45mWed Sep 30 11:28:59 2026 <0024> sccp_instance.c:679 OsmoMSC-A: Creating default route[0;m
[38;5;43mWed Sep 30 11:28:59 2026 <0023> ss7_route.c:143 0: RT(dpc=0=0.0.0,mask=0x0=0.0.0,prio=5,via=as-msc,st=available) Creating route: pc=0=0.0.0 mask=0x0=0.0.0 prio=5 dyn via AS as-msc proto=m3ua[0;m
[38;5;45mWed Sep 30 11:28:59 2026 <0024> sccp_instance.c:784 OsmoMSC-A: Using ASP instance asp-to-stp[0;m
[38;5;43mWed Sep 30 11:28:59 2026 <0023> ss7_instance.c:214 0: Creating SCCP instance[0;m
Wed Sep 30 11:28:59 2026 <0014> sgs_server.c:186 SGs socket bound to r=NULL<->l=127.0.0.1:29118
Wed Sep 30 11:28:59 2026 <0009> msc_main.c:790 A-interface: SCCP user OsmoMSC-A:RI=SSN_PC,PC=(no PC),SSN=BSSAP, cs7-instance 0 ((null))
[38;5;43mWed Sep 30 11:28:59 2026 <0023> ss7_asp.c:1202 0: ASP(asp-to-stp) Client connected (r=127.0.0.2:2905<->l=127.0.0.1:2906)[0;m
[38;5;23mWed Sep 30 11:28:59 2026 <0019> input/ipa.c:144 127.0.0.2:4222 connection done[0;m
[38;5;23mWed Sep 30 11:28:59 2026 <0019> input/ipa.c:617 received ID_GET for unit ID 0/0/0[0;m
[1;39mWed Sep 30 11:29:01 2026 <0007> mncc_sock.c:257 MNCC Socket has connection with external call control application[0;m
[38;5;43mWed Sep 30 11:29:01 2026 <0023> xua_rkm.c:477 0: ASP(asp-to-stp) Received RKM REG RES rctx=110 status=SUCCESS[0;m
[38;5;49mWed Sep 30 11:29:01 2026 <0026> m3ua.c:707 0: ASP(asp-to-stp) Received NOTIFY Type State Change:AS Inactive ()[0;m
[38;5;43mWed Sep 30 11:29:01 2026 <0023> xua_as_fsm.c:430 0: AS(as-msc) AS became active, some routes to remote PCs may have become available[0;m
[38;5;43mWed Sep 30 11:29:01 2026 <0023> xua_as_fsm.c:471 0: AS(as-msc) AS became active => address-book pc=2059=1.1.3 is now available[0;m
[38;5;43mWed Sep 30 11:29:01 2026 <0023> ss7_route.c:143 0: RT(dpc=2059=1.1.3,mask=0x3fff=7.255.7,prio=5,via=as-msc,st=available) Creating route: pc=2059=1.1.3 mask=0x3fff=7.255.7 prio=5 dyn via AS as-msc proto=m3ua[0;m
[38;5;43mWed Sep 30 11:29:01 2026 <0023> ss7_route.c:409 0: RT(dpc=2059=1.1.3,mask=0x3fff=7.255.7,prio=5,via=as-msc,st=available) changed to status 'available'[0;m
[38;5;43mWed Sep 30 11:29:01 2026 <0023> xua_default_lm_fsm.c:406 xua_default_lm(asp-to-stp)[0x5bbc7721f580]{ACTIVE}: Ignoring primitive M-ASP_ACTIVE.confirm[0;m
[38;5;49mWed Sep 30 11:29:01 2026 <0026> m3ua.c:707 0: ASP(asp-to-stp) Received NOTIFY Type State Change:AS Active ()[0;m
[38;5;49mWed Sep 30 11:29:01 2026 <0026> xua_snm.c:501 0: ASP(asp-to-stp) Rx DUNA(RFC4666 4.5.1) for 1.1.2/0[0;m
[38;5;43mWed Sep 30 11:29:01 2026 <0023> ss7_route.c:143 0: RT(dpc=2058=1.1.2,mask=0x3fff=7.255.7,prio=5,via=as-msc,st=available) Creating route: pc=2058=1.1.2 mask=0x3fff=7.255.7 prio=5 dyn via AS as-msc proto=m3ua[0;m
[38;5;43mWed Sep 30 11:29:01 2026 <0023> ss7_route.c:409 0: RT(dpc=2058=1.1.2,mask=0x3fff=7.255.7,prio=5,via=as-msc,st=available) changed to status 'unavailable'[0;m
[38;5;43mWed Sep 30 11:29:01 2026 <0023> ss7_asp.c:998 0: ASP(asp-to-stp) xUA CLNT SCTP NOTIFICATION 32770 flags=0x0[0;m
[38;5;43mWed Sep 30 11:29:01 2026 <0023> ss7_asp.c:1014 0: ASP(asp-to-stp) xUA CLNT SCTP_PEER_ADDR_CHANGE: ADDR_CONFIRMED 127.0.0.1:2905 err=None[0;m
[38;5;49mWed Sep 30 11:29:01 2026 <0026> xua_snm.c:536 0: ASP(asp-to-stp) Rx DAVA() for 1.1.3/0[0;m
[38;5;43mWed Sep 30 11:29:01 2026 <0023> ss7_route.c:409 0: RT(dpc=2059=1.1.3,mask=0x3fff=7.255.7,prio=5,via=as-msc,st=available) changed to status 'available'[0;m
[38;5;43mWed Sep 30 11:29:01 2026 <0023> ss7_combined_linkset.c:297 0: CombinedLinkset(dpc=2059=1.1.3,mask=0x3fff=7.255.7,prio=5) RT loookup: OPC=2057=1.1.1,DPC=2059=1.1.3,SLS=0 -> eSLS=32: picked Normal Route via 'as-msc' round-robin style (available)[0;m
[38;5;43mWed Sep 30 11:29:21 2026 <0023> ss7_combined_linkset.c:297 0: CombinedLinkset(dpc=2059=1.1.3,mask=0x3fff=7.255.7,prio=5) RT loookup: OPC=2057=1.1.1,DPC=2059=1.1.3,SLS=1 -> eSLS=33: picked Normal Route via 'as-msc' round-robin style (available)[0;m
[1;38mWed Sep 30 11:29:21 2026 <0008> ran_peer.c:123 ran_peer(GERAN-A:RI-SSN_PC:PC-1-1-3:SSN-BSSAP)[0x5bbc773b18b0]{READY}: Added seen cell to this RAN peer: CGI:001-01-1-6012[0;m
Wed Sep 30 11:29:23 2026 <0009> gsm_04_08.c:1548 msub(IMSI-001010001000002:MSISDN-100102) VLR: update for IMSI=001010001000002 (MSISDN=100102)
Wed Sep 30 11:29:23 2026 <0009> gsm_04_08.c:1548 msub(IMSI-001010001000002:MSISDN-100102:TMSInew-0x0709D782) VLR: update for IMSI=001010001000002 (MSISDN=100102)
Wed Sep 30 11:29:24 2026 <0009> gsm_04_08.c:1548 msub(IMSI-001010001000002:MSISDN-100102:TMSI-0x0709D782) VLR: update for IMSI=001010001000002 (MSISDN=100102)
[38;5;43mWed Sep 30 11:29:29 2026 <0023> ss7_combined_linkset.c:297 0: CombinedLinkset(dpc=2059=1.1.3,mask=0x3fff=7.255.7,prio=5) RT loookup: OPC=2057=1.1.1,DPC=2059=1.1.3,SLS=2 -> eSLS=34: picked Normal Route via 'as-msc' round-robin style (available)[0;m
[1;38mWed Sep 30 11:29:29 2026 <0008> ran_peer.c:123 ran_peer(GERAN-A:RI-SSN_PC:PC-1-1-3:SSN-BSSAP)[0x5bbc773b18b0]{READY}: Added seen cell to this RAN peer: CGI:001-01-1-6001[0;m
Wed Sep 30 11:29:32 2026 <0009> gsm_04_08.c:1548 msub(IMSI-001010001000001:MSISDN-100101) VLR: update for IMSI=001010001000001 (MSISDN=100101)
Wed Sep 30 11:29:32 2026 <0009> gsm_04_08.c:1548 msub(IMSI-001010001000001:MSISDN-100101:TMSInew-0x82695B15) VLR: update for IMSI=001010001000001 (MSISDN=100101)
Wed Sep 30 11:29:33 2026 <0009> gsm_04_08.c:1548 msub(IMSI-001010001000001:MSISDN-100101:TMSI-0x82695B15) VLR: update for IMSI=001010001000001 (MSISDN=100101)
[38;5;43mWed Sep 30 11:32:05 2026 <0023> ss7_combined_linkset.c:297 0: CombinedLinkset(dpc=2059=1.1.3,mask=0x3fff=7.255.7,prio=5) RT loookup: OPC=2057=1.1.1,DPC=2059=1.1.3,SLS=3 -> eSLS=35: picked Normal Route via 'as-msc' round-robin style (available)[0;m
[38;5;31mWed Sep 30 11:32:07 2026 <001d> gsm0411_smc.c:94 SMC(0) instance created for network[0;m
[38;5;31mWed Sep 30 11:32:07 2026 <001d> gsm0411_smr.c:90 SMR(0) instance created for network.[0;m
[38;5;31mWed Sep 30 11:32:07 2026 <001d> gsm0411_smc.c:573 SMC(0) message MMSMS-EST-IND (CP DATA) received in state IDLE[0;m
[38;5;31mWed Sep 30 11:32:07 2026 <001d> gsm0411_smc.c:291 SMC(0) received CP-DATA[0;m
[38;5;31mWed Sep 30 11:32:07 2026 <001d> gsm0411_smc.c:140 SMC(0) new CP state IDLE -> MM_ESTABLISHED[0;m
[38;5;31mWed Sep 30 11:32:07 2026 <001d> gsm0411_smr.c:487 SMR(0) message MNSMS-EST-IND received in state IDLE[0;m
[38;5;31mWed Sep 30 11:32:07 2026 <001d> gsm0411_smr.c:144 SMR(0) new RP state IDLE -> WAIT_TO_TX_RP_ACK[0;m
[38;5;31mWed Sep 30 11:32:07 2026 <001d> gsm0411_smr.c:420 SMR(0) message SM-RL-REPORT_REQ received in state WAIT_TO_TX_RP_ACK[0;m
[38;5;31mWed Sep 30 11:32:07 2026 <001d> gsm0411_smr.c:144 SMR(0) new RP state WAIT_TO_TX_RP_ACK -> IDLE[0;m
[38;5;31mWed Sep 30 11:32:07 2026 <001d> gsm0411_smc.c:473 SMC(0) message MNSMS-DATA-REQ received in state MM_ESTABLISHED[0;m
[38;5;31mWed Sep 30 11:32:07 2026 <001d> gsm0411_smc.c:188 SMC(0) send CP data[0;m
[38;5;31mWed Sep 30 11:32:07 2026 <001d> gsm0411_smc.c:140 SMC(0) new CP state MM_ESTABLISHED -> WAIT_CP_ACK[0;m
[38;5;31mWed Sep 30 11:32:07 2026 <001d> gsm0411_smc.c:473 SMC(0) message MNSMS-REL-REQ received in state WAIT_CP_ACK[0;m
[38;5;31mWed Sep 30 11:32:07 2026 <001d> gsm0411_smc.c:338 SMC(0) cannot release yet current state: WAIT_CP_ACK[0;m
[38;5;31mWed Sep 30 11:32:07 2026 <001d> gsm0411_smc.c:94 SMC(0) instance created for network[0;m
[38;5;31mWed Sep 30 11:32:07 2026 <001d> gsm0411_smr.c:90 SMR(0) instance created for network.[0;m
[38;5;31mWed Sep 30 11:32:07 2026 <001d> gsm_04_11.c:1195 trans(SMS IMSI-001010001000002:MSISDN-100102:TMSI-0x0709D782 callref-0x40000002 tid-0) Going to send a MT SMS[0;m
[38;5;31mWed Sep 30 11:32:07 2026 <001d> gsm0411_smr.c:420 SMR(0) message SM-RL-DATA_REQ received in state IDLE[0;m
[38;5;31mWed Sep 30 11:32:07 2026 <001d> gsm0411_smr.c:144 SMR(0) new RP state IDLE -> WAIT_FOR_RP_ACK[0;m
[38;5;31mWed Sep 30 11:32:07 2026 <001d> gsm0411_smc.c:473 SMC(0) message MNSMS-EST-REQ received in state IDLE[0;m
[38;5;31mWed Sep 30 11:32:07 2026 <001d> gsm0411_smc.c:140 SMC(0) new CP state IDLE -> MM_CONN_PENDING[0;m
[38;5;31mWed Sep 30 11:32:09 2026 <001d> gsm0411_smc.c:573 SMC(0) message MMSMS-DATA-IND (CP ACK) received in state WAIT_CP_ACK[0;m
[38;5;31mWed Sep 30 11:32:09 2026 <001d> gsm0411_smc.c:263 SMC(0) received CP-ACK[0;m
[38;5;31mWed Sep 30 11:32:09 2026 <001d> gsm0411_smc.c:140 SMC(0) new CP state WAIT_CP_ACK -> MM_ESTABLISHED[0;m
[38;5;31mWed Sep 30 11:32:09 2026 <001d> gsm0411_smc.c:274 SMC(0) we have pending release.[0;m
[38;5;31mWed Sep 30 11:32:09 2026 <001d> gsm0411_smc.c:140 SMC(0) new CP state MM_ESTABLISHED -> IDLE[0;m
[38;5;31mWed Sep 30 11:32:09 2026 <001d> gsm0411_smr.c:98 SMR(0) clearing SMR instance[0;m
[38;5;31mWed Sep 30 11:32:09 2026 <001d> gsm0411_smc.c:102 SMC(0) clearing instance[0;m
[38;5;43mWed Sep 30 11:32:09 2026 <0023> ss7_combined_linkset.c:297 0: CombinedLinkset(dpc=2059=1.1.3,mask=0x3fff=7.255.7,prio=5) RT loookup: OPC=2057=1.1.1,DPC=2059=1.1.3,SLS=4 -> eSLS=36: picked Normal Route via 'as-msc' round-robin style (available)[0;m
[38;5;31mWed Sep 30 11:32:10 2026 <001d> gsm0411_smc.c:573 SMC(0) message MMSMS-EST-CNF received in state MM_CONN_PENDING[0;m
[38;5;31mWed Sep 30 11:32:10 2026 <001d> gsm0411_smc.c:188 SMC(0) send CP data[0;m
[38;5;31mWed Sep 30 11:32:10 2026 <001d> gsm0411_smc.c:140 SMC(0) new CP state MM_CONN_PENDING -> WAIT_CP_ACK[0;m
[38;5;31mWed Sep 30 11:32:11 2026 <001d> gsm0411_smc.c:573 SMC(0) message MMSMS-DATA-IND (CP ACK) received in state WAIT_CP_ACK[0;m
[38;5;31mWed Sep 30 11:32:11 2026 <001d> gsm0411_smc.c:263 SMC(0) received CP-ACK[0;m
[38;5;31mWed Sep 30 11:32:11 2026 <001d> gsm0411_smc.c:140 SMC(0) new CP state WAIT_CP_ACK -> MM_ESTABLISHED[0;m
[38;5;31mWed Sep 30 11:32:11 2026 <001d> gsm0411_smc.c:573 SMC(0) message MMSMS-DATA-IND (CP DATA) received in state MM_ESTABLISHED[0;m
[38;5;31mWed Sep 30 11:32:11 2026 <001d> gsm0411_smc.c:291 SMC(0) received CP-DATA[0;m
[38;5;31mWed Sep 30 11:32:11 2026 <001d> gsm0411_smr.c:487 SMR(0) message MNSMS-DATA-IND received in state WAIT_FOR_RP_ACK[0;m
[38;5;31mWed Sep 30 11:32:11 2026 <001d> gsm0411_smr.c:144 SMR(0) new RP state WAIT_FOR_RP_ACK -> IDLE[0;m
[38;5;31mWed Sep 30 11:32:11 2026 <001d> gsm0411_smc.c:473 SMC(0) message MNSMS-REL-REQ received in state MM_ESTABLISHED[0;m
[38;5;31mWed Sep 30 11:32:11 2026 <001d> gsm0411_smc.c:140 SMC(0) new CP state MM_ESTABLISHED -> IDLE[0;m
[38;5;31mWed Sep 30 11:32:11 2026 <001d> gsm0411_smr.c:98 SMR(0) clearing SMR instance[0;m
[38;5;31mWed Sep 30 11:32:11 2026 <001d> gsm0411_smc.c:102 SMC(0) clearing instance[0;m
[38;5;31mWed Sep 30 11:32:28 2026 <001d> gsm0411_smc.c:94 SMC(0) instance created for network[0;m
[38;5;31mWed Sep 30 11:32:28 2026 <001d> gsm0411_smr.c:90 SMR(0) instance created for network.[0;m
[38;5;31mWed Sep 30 11:32:28 2026 <001d> gsm_04_11.c:1195 trans(SMS IMSI-001010001000001:MSISDN-100101:TMSI-0x82695B15 callref-0x40000003 tid-0) Going to send a MT SMS[0;m
[38;5;31mWed Sep 30 11:32:28 2026 <001d> gsm0411_smr.c:420 SMR(0) message SM-RL-DATA_REQ received in state IDLE[0;m
[38;5;31mWed Sep 30 11:32:28 2026 <001d> gsm0411_smr.c:144 SMR(0) new RP state IDLE -> WAIT_FOR_RP_ACK[0;m
[38;5;31mWed Sep 30 11:32:28 2026 <001d> gsm0411_smc.c:473 SMC(0) message MNSMS-EST-REQ received in state IDLE[0;m
[38;5;31mWed Sep 30 11:32:28 2026 <001d> gsm0411_smc.c:140 SMC(0) new CP state IDLE -> MM_CONN_PENDING[0;m
[38;5;43mWed Sep 30 11:32:32 2026 <0023> ss7_combined_linkset.c:297 0: CombinedLinkset(dpc=2059=1.1.3,mask=0x3fff=7.255.7,prio=5) RT loookup: OPC=2057=1.1.1,DPC=2059=1.1.3,SLS=5 -> eSLS=37: picked Normal Route via 'as-msc' round-robin style (available)[0;m
[38;5;31mWed Sep 30 11:32:33 2026 <001d> gsm0411_smc.c:573 SMC(0) message MMSMS-EST-CNF received in state MM_CONN_PENDING[0;m
[38;5;31mWed Sep 30 11:32:33 2026 <001d> gsm0411_smc.c:188 SMC(0) send CP data[0;m
[38;5;31mWed Sep 30 11:32:33 2026 <001d> gsm0411_smc.c:140 SMC(0) new CP state MM_CONN_PENDING -> WAIT_CP_ACK[0;m
[38;5;31mWed Sep 30 11:32:36 2026 <001d> gsm0411_smc.c:573 SMC(0) message MMSMS-DATA-IND (CP ACK) received in state WAIT_CP_ACK[0;m
[38;5;31mWed Sep 30 11:32:36 2026 <001d> gsm0411_smc.c:263 SMC(0) received CP-ACK[0;m
[38;5;31mWed Sep 30 11:32:36 2026 <001d> gsm0411_smc.c:140 SMC(0) new CP state WAIT_CP_ACK -> MM_ESTABLISHED[0;m
[38;5;31mWed Sep 30 11:32:36 2026 <001d> gsm0411_smc.c:573 SMC(0) message MMSMS-DATA-IND (CP DATA) received in state MM_ESTABLISHED[0;m
[38;5;31mWed Sep 30 11:32:36 2026 <001d> gsm0411_smc.c:291 SMC(0) received CP-DATA[0;m
[38;5;31mWed Sep 30 11:32:36 2026 <001d> gsm0411_smr.c:487 SMR(0) message MNSMS-DATA-IND received in state WAIT_FOR_RP_ACK[0;m
[38;5;31mWed Sep 30 11:32:36 2026 <001d> gsm0411_smr.c:144 SMR(0) new RP state WAIT_FOR_RP_ACK -> IDLE[0;m
[38;5;31mWed Sep 30 11:32:36 2026 <001d> gsm0411_smc.c:473 SMC(0) message MNSMS-REL-REQ received in state MM_ESTABLISHED[0;m
[38;5;31mWed Sep 30 11:32:36 2026 <001d> gsm0411_smc.c:140 SMC(0) new CP state MM_ESTABLISHED -> IDLE[0;m
[38;5;31mWed Sep 30 11:32:36 2026 <001d> gsm0411_smr.c:98 SMR(0) clearing SMR instance[0;m
[38;5;31mWed Sep 30 11:32:36 2026 <001d> gsm0411_smc.c:102 SMC(0) clearing instance[0;m
[38;5;43mWed Sep 30 11:32:53 2026 <0023> ss7_combined_linkset.c:297 0: CombinedLinkset(dpc=2059=1.1.3,mask=0x3fff=7.255.7,prio=5) RT loookup: OPC=2057=1.1.1,DPC=2059=1.1.3,SLS=6 -> eSLS=38: picked Normal Route via 'as-msc' round-robin style (available)[0;m
[38;5;43mWed Sep 30 11:33:13 2026 <0023> ss7_combined_linkset.c:297 0: CombinedLinkset(dpc=2059=1.1.3,mask=0x3fff=7.255.7,prio=5) RT loookup: OPC=2057=1.1.1,DPC=2059=1.1.3,SLS=7 -> eSLS=39: picked Normal Route via 'as-msc' round-robin style (available)[0;m
[1;39mWed Sep 30 11:37:23 2026 <0007> mncc_sock.c:72 MNCC Socket has LOST connection[0;m
[1;32mWed Sep 30 11:37:23 2026 <0001> gsm_04_08.c:91 Clearing all currently active transactions!!![0;m
[38;5;49mWed Sep 30 11:37:24 2026 <0026> xua_snm.c:501 0: ASP(asp-to-stp) Rx DUNA() for 1.1.3/0[0;m
[38;5;43mWed Sep 30 11:37:24 2026 <0023> ss7_route.c:409 0: RT(dpc=2059=1.1.3,mask=0x3fff=7.255.7,prio=5,via=as-msc,st=available) changed to status 'unavailable'[0;m
Wed Sep 30 11:37:24 2026 <0013> sccp_ran.c:167 ran_peer(GERAN-A:RI-SSN_PC:PC-1-1-3:SSN-BSSAP)[0x5bbc773b18b0]{READY}: now unreachable: N-PCSTATE ind: pc=2059=1.1.3 sp_status=INACCESSIBLE remote_sccp_status=UNAVAILABLE_UNKNOWN
Wed Sep 30 11:37:24 2026 <0009> msc_main.c:285 Terminating due to signal 15
[38;5;43mWed Sep 30 11:37:42 2026 <0023> ss7_instance.c:98 0: Creating SS7 Instance[0;m
[38;5;43mWed Sep 30 11:37:42 2026 <0023> ss7_route_table.c:62 0: Creating Route Table system[0;m
[38;5;43mWed Sep 30 11:37:42 2026 <0023> ss7_asp_vty.c:673 0: ASP(asp-to-stp) Applying Adm State change: ENABLED -> ENABLED[0;m
[38;5;43mWed Sep 30 11:37:42 2026 <0023> ss7_asp.c:892 0: ASP(asp-to-stp) Restarting ASP asp-to-stp, r=127.0.0.2:2905<->l=127.0.0.1:2906[0;m
[38;5;43mWed Sep 30 11:37:42 2026 <0023> ss7_instance.c:380 0: AS(as-msc) Created AS[0;m
[38;5;43mWed Sep 30 11:37:42 2026 <0023> ss7_as.c:185 0: AS(as-msc) Adding ASP asp-to-stp to AS[0;m
[1;39mWed Sep 30 11:37:42 2026 <0007> mncc_sock.c:300 MNCC socket at /tmp/msc_mncc[0;m
Wed Sep 30 11:37:42 2026 <0017> telnet_interface.c:88 Available via telnet 127.0.0.1 4254
Wed Sep 30 11:37:42 2026 <000f> smpp_smsc.c:990 SMPP at 0.0.0.0 2775
[38;5;33mWed Sep 30 11:37:42 2026 <001e> control_if.c:1026 CTRL at 127.0.0.1 4255[0;m
[38;5;39mWed Sep 30 11:37:42 2026 <0021> gsup_client.c:77 GSUP connecting to 127.0.0.2:4222[0;m
Wed Sep 30 11:37:42 2026 <000c> db.c:518 Init database connection to 'sms.db' using SQLite3 lib version 3.45.1
[38;5;51mWed Sep 30 11:37:42 2026 <0027> mgcp_client.c:945 MGW(mgw) MGCP client: using endpoint domain '@mgw'[0;m
Wed Sep 30 11:37:42 2026 <0009> msc_main.c:576 MGW pool with 1 pool members configured, (ignoring MGW configuration in VTY node 'msc').
[38;5;45mWed Sep 30 11:37:42 2026 <0024> sccp_instance.c:655 OsmoMSC-A: Using SS7 instance 0, pc:1.1.1[0;m
[38;5;45mWed Sep 30 11:37:42 2026 <0024> sccp_instance.c:673 OsmoMSC-A: Using AS instance as-msc[0;m
[38;5;45mWed Sep 30 11:37:42 2026 <0024> sccp_instance.c:679 OsmoMSC-A: Creating default route[0;m
[38;5;43mWed Sep 30 11:37:42 2026 <0023> ss7_route.c:143 0: RT(dpc=0=0.0.0,mask=0x0=0.0.0,prio=5,via=as-msc,st=available) Creating route: pc=0=0.0.0 mask=0x0=0.0.0 prio=5 dyn via AS as-msc proto=m3ua[0;m
[38;5;45mWed Sep 30 11:37:42 2026 <0024> sccp_instance.c:784 OsmoMSC-A: Using ASP instance asp-to-stp[0;m
[38;5;43mWed Sep 30 11:37:42 2026 <0023> ss7_instance.c:214 0: Creating SCCP instance[0;m
Wed Sep 30 11:37:42 2026 <0014> sgs_server.c:186 SGs socket bound to r=NULL<->l=127.0.0.1:29118
Wed Sep 30 11:37:42 2026 <0009> msc_main.c:790 A-interface: SCCP user OsmoMSC-A:RI=SSN_PC,PC=(no PC),SSN=BSSAP, cs7-instance 0 ((null))
[38;5;43mWed Sep 30 11:37:42 2026 <0023> ss7_asp.c:1202 0: ASP(asp-to-stp) Client connected (r=127.0.0.2:2905<->l=127.0.0.1:2906)[0;m
[38;5;23mWed Sep 30 11:37:42 2026 <0019> input/ipa.c:144 127.0.0.2:4222 connection done[0;m
[38;5;23mWed Sep 30 11:37:42 2026 <0019> input/ipa.c:617 received ID_GET for unit ID 0/0/0[0;m
[1;39mWed Sep 30 11:37:44 2026 <0007> mncc_sock.c:257 MNCC Socket has connection with external call control application[0;m
[38;5;43mWed Sep 30 11:37:44 2026 <0023> xua_rkm.c:477 0: ASP(asp-to-stp) Received RKM REG RES rctx=110 status=SUCCESS[0;m
[38;5;49mWed Sep 30 11:37:44 2026 <0026> m3ua.c:707 0: ASP(asp-to-stp) Received NOTIFY Type State Change:AS Inactive ()[0;m
[38;5;43mWed Sep 30 11:37:44 2026 <0023> xua_as_fsm.c:430 0: AS(as-msc) AS became active, some routes to remote PCs may have become available[0;m
[38;5;43mWed Sep 30 11:37:44 2026 <0023> xua_as_fsm.c:471 0: AS(as-msc) AS became active => address-book pc=2059=1.1.3 is now available[0;m
[38;5;43mWed Sep 30 11:37:44 2026 <0023> ss7_route.c:143 0: RT(dpc=2059=1.1.3,mask=0x3fff=7.255.7,prio=5,via=as-msc,st=available) Creating route: pc=2059=1.1.3 mask=0x3fff=7.255.7 prio=5 dyn via AS as-msc proto=m3ua[0;m
[38;5;43mWed Sep 30 11:37:44 2026 <0023> ss7_route.c:409 0: RT(dpc=2059=1.1.3,mask=0x3fff=7.255.7,prio=5,via=as-msc,st=available) changed to status 'available'[0;m
[38;5;43mWed Sep 30 11:37:44 2026 <0023> xua_default_lm_fsm.c:406 xua_default_lm(asp-to-stp)[0x5c5a581c3580]{ACTIVE}: Ignoring primitive M-ASP_ACTIVE.confirm[0;m
[38;5;49mWed Sep 30 11:37:44 2026 <0026> m3ua.c:707 0: ASP(asp-to-stp) Received NOTIFY Type State Change:AS Active ()[0;m
[38;5;49mWed Sep 30 11:37:44 2026 <0026> xua_snm.c:501 0: ASP(asp-to-stp) Rx DUNA(RFC4666 4.5.1) for 1.1.2/0[0;m
[38;5;43mWed Sep 30 11:37:44 2026 <0023> ss7_route.c:143 0: RT(dpc=2058=1.1.2,mask=0x3fff=7.255.7,prio=5,via=as-msc,st=available) Creating route: pc=2058=1.1.2 mask=0x3fff=7.255.7 prio=5 dyn via AS as-msc proto=m3ua[0;m
[38;5;43mWed Sep 30 11:37:44 2026 <0023> ss7_route.c:409 0: RT(dpc=2058=1.1.2,mask=0x3fff=7.255.7,prio=5,via=as-msc,st=available) changed to status 'unavailable'[0;m
[38;5;49mWed Sep 30 11:37:44 2026 <0026> xua_snm.c:536 0: ASP(asp-to-stp) Rx DAVA() for 1.1.3/0[0;m
[38;5;43mWed Sep 30 11:37:44 2026 <0023> ss7_route.c:409 0: RT(dpc=2059=1.1.3,mask=0x3fff=7.255.7,prio=5,via=as-msc,st=available) changed to status 'available'[0;m
[38;5;43mWed Sep 30 11:37:44 2026 <0023> ss7_combined_linkset.c:297 0: CombinedLinkset(dpc=2059=1.1.3,mask=0x3fff=7.255.7,prio=5) RT loookup: OPC=2057=1.1.1,DPC=2059=1.1.3,SLS=0 -> eSLS=32: picked Normal Route via 'as-msc' round-robin style (available)[0;m
[38;5;43mWed Sep 30 11:37:46 2026 <0023> ss7_asp.c:998 0: ASP(asp-to-stp) xUA CLNT SCTP NOTIFICATION 32770 flags=0x0[0;m
[38;5;43mWed Sep 30 11:37:46 2026 <0023> ss7_asp.c:1014 0: ASP(asp-to-stp) xUA CLNT SCTP_PEER_ADDR_CHANGE: ADDR_CONFIRMED 127.0.0.1:2905 err=None[0;m
[38;5;43mWed Sep 30 11:38:05 2026 <0023> ss7_combined_linkset.c:297 0: CombinedLinkset(dpc=2059=1.1.3,mask=0x3fff=7.255.7,prio=5) RT loookup: OPC=2057=1.1.1,DPC=2059=1.1.3,SLS=1 -> eSLS=33: picked Normal Route via 'as-msc' round-robin style (available)[0;m
[1;38mWed Sep 30 11:38:05 2026 <0008> ran_peer.c:123 ran_peer(GERAN-A:RI-SSN_PC:PC-1-1-3:SSN-BSSAP)[0x5c5a583558b0]{READY}: Added seen cell to this RAN peer: CGI:001-01-1-6012[0;m
Wed Sep 30 11:38:07 2026 <0009> gsm_04_08.c:1548 msub(IMSI-001010001000002:MSISDN-100102) VLR: update for IMSI=001010001000002 (MSISDN=100102)
Wed Sep 30 11:38:07 2026 <0009> gsm_04_08.c:1548 msub(IMSI-001010001000002:MSISDN-100102:TMSInew-0x57C4C808) VLR: update for IMSI=001010001000002 (MSISDN=100102)
Wed Sep 30 11:38:08 2026 <0009> gsm_04_08.c:1548 msub(IMSI-001010001000002:MSISDN-100102:TMSI-0x57C4C808) VLR: update for IMSI=001010001000002 (MSISDN=100102)
[38;5;43mWed Sep 30 11:38:13 2026 <0023> ss7_combined_linkset.c:297 0: CombinedLinkset(dpc=2059=1.1.3,mask=0x3fff=7.255.7,prio=5) RT loookup: OPC=2057=1.1.1,DPC=2059=1.1.3,SLS=2 -> eSLS=34: picked Normal Route via 'as-msc' round-robin style (available)[0;m
[1;38mWed Sep 30 11:38:13 2026 <0008> ran_peer.c:123 ran_peer(GERAN-A:RI-SSN_PC:PC-1-1-3:SSN-BSSAP)[0x5c5a583558b0]{READY}: Added seen cell to this RAN peer: CGI:001-01-1-6001[0;m
Wed Sep 30 11:38:16 2026 <0009> gsm_04_08.c:1548 msub(IMSI-001010001000001:MSISDN-100101) VLR: update for IMSI=001010001000001 (MSISDN=100101)
Wed Sep 30 11:38:16 2026 <0009> gsm_04_08.c:1548 msub(IMSI-001010001000001:MSISDN-100101:TMSInew-0x73609A3B) VLR: update for IMSI=001010001000001 (MSISDN=100101)
Wed Sep 30 11:38:16 2026 <0009> gsm_04_08.c:1548 msub(IMSI-001010001000001:MSISDN-100101:TMSI-0x73609A3B) VLR: update for IMSI=001010001000001 (MSISDN=100101)
[38;5;43mWed Sep 30 11:40:54 2026 <0023> ss7_combined_linkset.c:297 0: CombinedLinkset(dpc=2059=1.1.3,mask=0x3fff=7.255.7,prio=5) RT loookup: OPC=2057=1.1.1,DPC=2059=1.1.3,SLS=3 -> eSLS=35: picked Normal Route via 'as-msc' round-robin style (available)[0;m
[38;5;31mWed Sep 30 11:40:57 2026 <001d> gsm0411_smc.c:94 SMC(0) instance created for network[0;m
[38;5;31mWed Sep 30 11:40:57 2026 <001d> gsm0411_smr.c:90 SMR(0) instance created for network.[0;m
[38;5;31mWed Sep 30 11:40:57 2026 <001d> gsm0411_smc.c:573 SMC(0) message MMSMS-EST-IND (CP DATA) received in state IDLE[0;m
[38;5;31mWed Sep 30 11:40:57 2026 <001d> gsm0411_smc.c:291 SMC(0) received CP-DATA[0;m
[38;5;31mWed Sep 30 11:40:57 2026 <001d> gsm0411_smc.c:140 SMC(0) new CP state IDLE -> MM_ESTABLISHED[0;m
[38;5;31mWed Sep 30 11:40:57 2026 <001d> gsm0411_smr.c:487 SMR(0) message MNSMS-EST-IND received in state IDLE[0;m
[38;5;31mWed Sep 30 11:40:57 2026 <001d> gsm0411_smr.c:144 SMR(0) new RP state IDLE -> WAIT_TO_TX_RP_ACK[0;m
[38;5;31mWed Sep 30 11:40:57 2026 <001d> gsm0411_smr.c:420 SMR(0) message SM-RL-REPORT_REQ received in state WAIT_TO_TX_RP_ACK[0;m
[38;5;31mWed Sep 30 11:40:57 2026 <001d> gsm0411_smr.c:144 SMR(0) new RP state WAIT_TO_TX_RP_ACK -> IDLE[0;m
[38;5;31mWed Sep 30 11:40:57 2026 <001d> gsm0411_smc.c:473 SMC(0) message MNSMS-DATA-REQ received in state MM_ESTABLISHED[0;m
[38;5;31mWed Sep 30 11:40:57 2026 <001d> gsm0411_smc.c:188 SMC(0) send CP data[0;m
[38;5;31mWed Sep 30 11:40:57 2026 <001d> gsm0411_smc.c:140 SMC(0) new CP state MM_ESTABLISHED -> WAIT_CP_ACK[0;m
[38;5;31mWed Sep 30 11:40:57 2026 <001d> gsm0411_smc.c:473 SMC(0) message MNSMS-REL-REQ received in state WAIT_CP_ACK[0;m
[38;5;31mWed Sep 30 11:40:57 2026 <001d> gsm0411_smc.c:338 SMC(0) cannot release yet current state: WAIT_CP_ACK[0;m
[38;5;31mWed Sep 30 11:40:57 2026 <001d> gsm0411_smc.c:94 SMC(0) instance created for network[0;m
[38;5;31mWed Sep 30 11:40:57 2026 <001d> gsm0411_smr.c:90 SMR(0) instance created for network.[0;m
[38;5;31mWed Sep 30 11:40:57 2026 <001d> gsm_04_11.c:1195 trans(SMS IMSI-001010001000002:MSISDN-100102:TMSI-0x57C4C808 callref-0x40000002 tid-0) Going to send a MT SMS[0;m
[38;5;31mWed Sep 30 11:40:57 2026 <001d> gsm0411_smr.c:420 SMR(0) message SM-RL-DATA_REQ received in state IDLE[0;m
[38;5;31mWed Sep 30 11:40:57 2026 <001d> gsm0411_smr.c:144 SMR(0) new RP state IDLE -> WAIT_FOR_RP_ACK[0;m
[38;5;31mWed Sep 30 11:40:57 2026 <001d> gsm0411_smc.c:473 SMC(0) message MNSMS-EST-REQ received in state IDLE[0;m
[38;5;31mWed Sep 30 11:40:57 2026 <001d> gsm0411_smc.c:140 SMC(0) new CP state IDLE -> MM_CONN_PENDING[0;m
[38;5;31mWed Sep 30 11:40:58 2026 <001d> gsm0411_smc.c:573 SMC(0) message MMSMS-DATA-IND (CP ACK) received in state WAIT_CP_ACK[0;m
[38;5;31mWed Sep 30 11:40:58 2026 <001d> gsm0411_smc.c:263 SMC(0) received CP-ACK[0;m
[38;5;31mWed Sep 30 11:40:58 2026 <001d> gsm0411_smc.c:140 SMC(0) new CP state WAIT_CP_ACK -> MM_ESTABLISHED[0;m
[38;5;31mWed Sep 30 11:40:58 2026 <001d> gsm0411_smc.c:274 SMC(0) we have pending release.[0;m
[38;5;31mWed Sep 30 11:40:58 2026 <001d> gsm0411_smc.c:140 SMC(0) new CP state MM_ESTABLISHED -> IDLE[0;m
[38;5;31mWed Sep 30 11:40:58 2026 <001d> gsm0411_smr.c:98 SMR(0) clearing SMR instance[0;m
[38;5;31mWed Sep 30 11:40:58 2026 <001d> gsm0411_smc.c:102 SMC(0) clearing instance[0;m
[38;5;43mWed Sep 30 11:40:59 2026 <0023> ss7_combined_linkset.c:297 0: CombinedLinkset(dpc=2059=1.1.3,mask=0x3fff=7.255.7,prio=5) RT loookup: OPC=2057=1.1.1,DPC=2059=1.1.3,SLS=4 -> eSLS=36: picked Normal Route via 'as-msc' round-robin style (available)[0;m
[38;5;31mWed Sep 30 11:40:59 2026 <001d> gsm0411_smc.c:573 SMC(0) message MMSMS-EST-CNF received in state MM_CONN_PENDING[0;m
[38;5;31mWed Sep 30 11:40:59 2026 <001d> gsm0411_smc.c:188 SMC(0) send CP data[0;m
[38;5;31mWed Sep 30 11:40:59 2026 <001d> gsm0411_smc.c:140 SMC(0) new CP state MM_CONN_PENDING -> WAIT_CP_ACK[0;m
[38;5;31mWed Sep 30 11:41:01 2026 <001d> gsm0411_smc.c:573 SMC(0) message MMSMS-DATA-IND (CP ACK) received in state WAIT_CP_ACK[0;m
[38;5;31mWed Sep 30 11:41:01 2026 <001d> gsm0411_smc.c:263 SMC(0) received CP-ACK[0;m
[38;5;31mWed Sep 30 11:41:01 2026 <001d> gsm0411_smc.c:140 SMC(0) new CP state WAIT_CP_ACK -> MM_ESTABLISHED[0;m
[38;5;31mWed Sep 30 11:41:01 2026 <001d> gsm0411_smc.c:573 SMC(0) message MMSMS-DATA-IND (CP DATA) received in state MM_ESTABLISHED[0;m
[38;5;31mWed Sep 30 11:41:01 2026 <001d> gsm0411_smc.c:291 SMC(0) received CP-DATA[0;m
[38;5;31mWed Sep 30 11:41:01 2026 <001d> gsm0411_smr.c:487 SMR(0) message MNSMS-DATA-IND received in state WAIT_FOR_RP_ACK[0;m
[38;5;31mWed Sep 30 11:41:01 2026 <001d> gsm0411_smr.c:144 SMR(0) new RP state WAIT_FOR_RP_ACK -> IDLE[0;m
[38;5;31mWed Sep 30 11:41:01 2026 <001d> gsm0411_smc.c:473 SMC(0) message MNSMS-REL-REQ received in state MM_ESTABLISHED[0;m
[38;5;31mWed Sep 30 11:41:01 2026 <001d> gsm0411_smc.c:140 SMC(0) new CP state MM_ESTABLISHED -> IDLE[0;m
[38;5;31mWed Sep 30 11:41:01 2026 <001d> gsm0411_smr.c:98 SMR(0) clearing SMR instance[0;m
[38;5;31mWed Sep 30 11:41:01 2026 <001d> gsm0411_smc.c:102 SMC(0) clearing instance[0;m
[38;5;31mWed Sep 30 11:41:18 2026 <001d> gsm0411_smc.c:94 SMC(0) instance created for network[0;m
[38;5;31mWed Sep 30 11:41:18 2026 <001d> gsm0411_smr.c:90 SMR(0) instance created for network.[0;m
[38;5;31mWed Sep 30 11:41:18 2026 <001d> gsm_04_11.c:1195 trans(SMS IMSI-001010001000001:MSISDN-100101:TMSI-0x73609A3B callref-0x40000003 tid-0) Going to send a MT SMS[0;m
[38;5;31mWed Sep 30 11:41:18 2026 <001d> gsm0411_smr.c:420 SMR(0) message SM-RL-DATA_REQ received in state IDLE[0;m
[38;5;31mWed Sep 30 11:41:18 2026 <001d> gsm0411_smr.c:144 SMR(0) new RP state IDLE -> WAIT_FOR_RP_ACK[0;m
[38;5;31mWed Sep 30 11:41:18 2026 <001d> gsm0411_smc.c:473 SMC(0) message MNSMS-EST-REQ received in state IDLE[0;m
[38;5;31mWed Sep 30 11:41:18 2026 <001d> gsm0411_smc.c:140 SMC(0) new CP state IDLE -> MM_CONN_PENDING[0;m
[38;5;43mWed Sep 30 11:41:20 2026 <0023> ss7_combined_linkset.c:297 0: CombinedLinkset(dpc=2059=1.1.3,mask=0x3fff=7.255.7,prio=5) RT loookup: OPC=2057=1.1.1,DPC=2059=1.1.3,SLS=5 -> eSLS=37: picked Normal Route via 'as-msc' round-robin style (available)[0;m
[38;5;31mWed Sep 30 11:41:21 2026 <001d> gsm0411_smc.c:573 SMC(0) message MMSMS-EST-CNF received in state MM_CONN_PENDING[0;m
[38;5;31mWed Sep 30 11:41:21 2026 <001d> gsm0411_smc.c:188 SMC(0) send CP data[0;m
[38;5;31mWed Sep 30 11:41:21 2026 <001d> gsm0411_smc.c:140 SMC(0) new CP state MM_CONN_PENDING -> WAIT_CP_ACK[0;m
[38;5;31mWed Sep 30 11:41:23 2026 <001d> gsm0411_smc.c:573 SMC(0) message MMSMS-DATA-IND (CP ACK) received in state WAIT_CP_ACK[0;m
[38;5;31mWed Sep 30 11:41:23 2026 <001d> gsm0411_smc.c:263 SMC(0) received CP-ACK[0;m
[38;5;31mWed Sep 30 11:41:23 2026 <001d> gsm0411_smc.c:140 SMC(0) new CP state WAIT_CP_ACK -> MM_ESTABLISHED[0;m
[38;5;31mWed Sep 30 11:41:23 2026 <001d> gsm0411_smc.c:573 SMC(0) message MMSMS-DATA-IND (CP DATA) received in state MM_ESTABLISHED[0;m
[38;5;31mWed Sep 30 11:41:23 2026 <001d> gsm0411_smc.c:291 SMC(0) received CP-DATA[0;m
[38;5;31mWed Sep 30 11:41:23 2026 <001d> gsm0411_smr.c:487 SMR(0) message MNSMS-DATA-IND received in state WAIT_FOR_RP_ACK[0;m
[38;5;31mWed Sep 30 11:41:23 2026 <001d> gsm0411_smr.c:144 SMR(0) new RP state WAIT_FOR_RP_ACK -> IDLE[0;m
[38;5;31mWed Sep 30 11:41:23 2026 <001d> gsm0411_smc.c:473 SMC(0) message MNSMS-REL-REQ received in state MM_ESTABLISHED[0;m
[38;5;31mWed Sep 30 11:41:23 2026 <001d> gsm0411_smc.c:140 SMC(0) new CP state MM_ESTABLISHED -> IDLE[0;m
[38;5;31mWed Sep 30 11:41:23 2026 <001d> gsm0411_smr.c:98 SMR(0) clearing SMR instance[0;m
[38;5;31mWed Sep 30 11:41:23 2026 <001d> gsm0411_smc.c:102 SMC(0) clearing instance[0;m
[38;5;43mWed Sep 30 11:41:43 2026 <0023> ss7_combined_linkset.c:297 0: CombinedLinkset(dpc=2059=1.1.3,mask=0x3fff=7.255.7,prio=5) RT loookup: OPC=2057=1.1.1,DPC=2059=1.1.3,SLS=6 -> eSLS=38: picked Normal Route via 'as-msc' round-robin style (available)[0;m
[38;5;43mWed Sep 30 11:42:03 2026 <0023> ss7_combined_linkset.c:297 0: CombinedLinkset(dpc=2059=1.1.3,mask=0x3fff=7.255.7,prio=5) RT loookup: OPC=2057=1.1.1,DPC=2059=1.1.3,SLS=7 -> eSLS=39: picked Normal Route via 'as-msc' round-robin style (available)[0;m
[38;5;43mWed Sep 30 11:42:47 2026 <0023> ss7_combined_linkset.c:297 0: CombinedLinkset(dpc=2059=1.1.3,mask=0x3fff=7.255.7,prio=5) RT loookup: OPC=2057=1.1.1,DPC=2059=1.1.3,SLS=8 -> eSLS=40: picked Normal Route via 'as-msc' round-robin style (available)[0;m
[1;32mWed Sep 30 11:42:48 2026 <0001> transaction.c:151 LCLS: using 14 bits (1 bytes) for node ID[0;m
[1;32mWed Sep 30 11:42:48 2026 <0001> transaction.c:168 LCLS: allocated LAC-based CR-ID 00 00 01 00 01 for callref 0x80000001[0;m
[1;32mWed Sep 30 11:42:48 2026 <0001> gsm_04_08_cc.c:704 trans(CC:NULL IMSI-001010001000001:MSISDN-100101:TMSI-0x73609A3B:GERAN-A-8:CM_SERVICE_REQ callref-0x80000001 tid-8) SETUP to 600[0;m
Wed Sep 30 11:42:54 2026 <0013> msc_a.c:1619 msc_a(IMSI-001010001000001:MSISDN-100101:TMSI-0x73609A3B:GERAN-A-8:CM_SERVICE_REQ)[0x5c5a583523a0]{MSC_A_ST_COMMUNICATING}: Assignment Failure, releasing call
[38;5;43mWed Sep 30 11:48:40 2026 <0023> ss7_combined_linkset.c:297 0: CombinedLinkset(dpc=2059=1.1.3,mask=0x3fff=7.255.7,prio=5) RT loookup: OPC=2057=1.1.1,DPC=2059=1.1.3,SLS=9 -> eSLS=41: picked Normal Route via 'as-msc' round-robin style (available)[0;m
[1;32mWed Sep 30 11:48:42 2026 <0001> transaction.c:151 LCLS: using 14 bits (1 bytes) for node ID[0;m
[1;32mWed Sep 30 11:48:42 2026 <0001> transaction.c:168 LCLS: allocated LAC-based CR-ID 00 00 02 00 01 for callref 0x80000002[0;m
[1;32mWed Sep 30 11:48:42 2026 <0001> gsm_04_08_cc.c:704 trans(CC:NULL IMSI-001010001000001:MSISDN-100101:TMSI-0x73609A3B:GERAN-A-9:CM_SERVICE_REQ callref-0x80000002 tid-8) SETUP to 600[0;m
[1;32mWed Sep 30 11:48:43 2026 <0001> msc_a.c:1597 trans(CC:INITIATED IMSI-001010001000001:MSISDN-100101:TMSI-0x73609A3B:GERAN-A-9:CM_SERVICE_REQ callref-0x80000002 tid-8) Assignment Complete: RAN: GSM#3, CN: GSM#3[0;m
[38;5;43mWed Sep 30 11:49:30 2026 <0023> ss7_combined_linkset.c:297 0: CombinedLinkset(dpc=2059=1.1.3,mask=0x3fff=7.255.7,prio=5) RT loookup: OPC=2057=1.1.1,DPC=2059=1.1.3,SLS=10 -> eSLS=42: picked Normal Route via 'as-msc' round-robin style (available)[0;m
[1;32mWed Sep 30 11:49:32 2026 <0001> transaction.c:151 LCLS: using 14 bits (1 bytes) for node ID[0;m
[1;32mWed Sep 30 11:49:32 2026 <0001> transaction.c:168 LCLS: allocated LAC-based CR-ID 00 00 03 00 01 for callref 0x80000003[0;m
[1;32mWed Sep 30 11:49:32 2026 <0001> gsm_04_08_cc.c:704 trans(CC:NULL IMSI-001010001000001:MSISDN-100101:TMSI-0x73609A3B:GERAN-A-10:CM_SERVICE_REQ callref-0x80000003 tid-8) SETUP to 600[0;m
[1;32mWed Sep 30 11:49:33 2026 <0001> msc_a.c:1597 trans(CC:INITIATED IMSI-001010001000001:MSISDN-100101:TMSI-0x73609A3B:GERAN-A-10:CM_SERVICE_REQ callref-0x80000003 tid-8) Assignment Complete: RAN: GSM#3, CN: GSM#3[0;m
Wed Sep 30 11:50:44 2026 <0013> ran_msg_a.c:1184 msc_a(IMSI-001010001000001:MSISDN-100101:TMSI-0x73609A3B:GERAN-A-10:CM_SERVICE_REQ)[0x5c5a583552d0]{MSC_A_ST_COMMUNICATING}: RAN decode: BSSMAP: BSSMAP data truncated, discarding message: msgb_l3len(bssmap) == 26 < bssmap_header->length == 29
[1;39mWed Sep 30 11:57:24 2026 <0007> mncc_sock.c:72 MNCC Socket has LOST connection[0;m
[1;32mWed Sep 30 11:57:24 2026 <0001> gsm_04_08.c:91 Clearing all currently active transactions!!![0;m
[38;5;49mWed Sep 30 11:57:25 2026 <0026> xua_snm.c:501 0: ASP(asp-to-stp) Rx DUNA() for 1.1.3/0[0;m
[38;5;43mWed Sep 30 11:57:25 2026 <0023> ss7_route.c:409 0: RT(dpc=2059=1.1.3,mask=0x3fff=7.255.7,prio=5,via=as-msc,st=available) changed to status 'unavailable'[0;m
Wed Sep 30 11:57:25 2026 <0013> sccp_ran.c:167 ran_peer(GERAN-A:RI-SSN_PC:PC-1-1-3:SSN-BSSAP)[0x5c5a583558b0]{READY}: now unreachable: N-PCSTATE ind: pc=2059=1.1.3 sp_status=INACCESSIBLE remote_sccp_status=UNAVAILABLE_UNKNOWN
Wed Sep 30 11:57:25 2026 <0009> msc_main.c:285 Terminating due to signal 15
[38;5;43mWed Sep 30 11:57:43 2026 <0023> ss7_instance.c:98 0: Creating SS7 Instance[0;m
[38;5;43mWed Sep 30 11:57:43 2026 <0023> ss7_route_table.c:62 0: Creating Route Table system[0;m
[38;5;43mWed Sep 30 11:57:43 2026 <0023> ss7_asp_vty.c:673 0: ASP(asp-to-stp) Applying Adm State change: ENABLED -> ENABLED[0;m
[38;5;43mWed Sep 30 11:57:43 2026 <0023> ss7_asp.c:892 0: ASP(asp-to-stp) Restarting ASP asp-to-stp, r=127.0.0.2:2905<->l=127.0.0.1:2906[0;m
[38;5;43mWed Sep 30 11:57:43 2026 <0023> ss7_instance.c:380 0: AS(as-msc) Created AS[0;m
[38;5;43mWed Sep 30 11:57:43 2026 <0023> ss7_as.c:185 0: AS(as-msc) Adding ASP asp-to-stp to AS[0;m
[1;39mWed Sep 30 11:57:43 2026 <0007> mncc_sock.c:300 MNCC socket at /tmp/msc_mncc[0;m
Wed Sep 30 11:57:43 2026 <0017> telnet_interface.c:88 Available via telnet 127.0.0.1 4254
Wed Sep 30 11:57:43 2026 <000f> smpp_smsc.c:990 SMPP at 0.0.0.0 2775
[38;5;33mWed Sep 30 11:57:43 2026 <001e> control_if.c:1026 CTRL at 127.0.0.1 4255[0;m
[38;5;39mWed Sep 30 11:57:43 2026 <0021> gsup_client.c:77 GSUP connecting to 127.0.0.2:4222[0;m
Wed Sep 30 11:57:43 2026 <000c> db.c:518 Init database connection to 'sms.db' using SQLite3 lib version 3.45.1
[38;5;51mWed Sep 30 11:57:43 2026 <0027> mgcp_client.c:945 MGW(mgw) MGCP client: using endpoint domain '@mgw'[0;m
Wed Sep 30 11:57:43 2026 <0009> msc_main.c:576 MGW pool with 1 pool members configured, (ignoring MGW configuration in VTY node 'msc').
[38;5;45mWed Sep 30 11:57:43 2026 <0024> sccp_instance.c:655 OsmoMSC-A: Using SS7 instance 0, pc:1.1.1[0;m
[38;5;45mWed Sep 30 11:57:43 2026 <0024> sccp_instance.c:673 OsmoMSC-A: Using AS instance as-msc[0;m
[38;5;45mWed Sep 30 11:57:43 2026 <0024> sccp_instance.c:679 OsmoMSC-A: Creating default route[0;m
[38;5;43mWed Sep 30 11:57:43 2026 <0023> ss7_route.c:143 0: RT(dpc=0=0.0.0,mask=0x0=0.0.0,prio=5,via=as-msc,st=available) Creating route: pc=0=0.0.0 mask=0x0=0.0.0 prio=5 dyn via AS as-msc proto=m3ua[0;m
[38;5;45mWed Sep 30 11:57:43 2026 <0024> sccp_instance.c:784 OsmoMSC-A: Using ASP instance asp-to-stp[0;m
[38;5;43mWed Sep 30 11:57:43 2026 <0023> ss7_instance.c:214 0: Creating SCCP instance[0;m
Wed Sep 30 11:57:43 2026 <0014> sgs_server.c:186 SGs socket bound to r=NULL<->l=127.0.0.1:29118
Wed Sep 30 11:57:43 2026 <0009> msc_main.c:790 A-interface: SCCP user OsmoMSC-A:RI=SSN_PC,PC=(no PC),SSN=BSSAP, cs7-instance 0 ((null))
[38;5;43mWed Sep 30 11:57:43 2026 <0023> ss7_asp.c:1202 0: ASP(asp-to-stp) Client connected (r=127.0.0.2:2905<->l=127.0.0.1:2906)[0;m
[38;5;23mWed Sep 30 11:57:43 2026 <0019> input/ipa.c:144 127.0.0.2:4222 connection done[0;m
[38;5;23mWed Sep 30 11:57:43 2026 <0019> input/ipa.c:617 received ID_GET for unit ID 0/0/0[0;m
[38;5;43mWed Sep 30 11:57:45 2026 <0023> xua_rkm.c:477 0: ASP(asp-to-stp) Received RKM REG RES rctx=110 status=SUCCESS[0;m
[38;5;49mWed Sep 30 11:57:45 2026 <0026> m3ua.c:707 0: ASP(asp-to-stp) Received NOTIFY Type State Change:AS Inactive ()[0;m
[38;5;43mWed Sep 30 11:57:45 2026 <0023> xua_as_fsm.c:430 0: AS(as-msc) AS became active, some routes to remote PCs may have become available[0;m
[38;5;43mWed Sep 30 11:57:45 2026 <0023> xua_as_fsm.c:471 0: AS(as-msc) AS became active => address-book pc=2059=1.1.3 is now available[0;m
[38;5;43mWed Sep 30 11:57:45 2026 <0023> ss7_route.c:143 0: RT(dpc=2059=1.1.3,mask=0x3fff=7.255.7,prio=5,via=as-msc,st=available) Creating route: pc=2059=1.1.3 mask=0x3fff=7.255.7 prio=5 dyn via AS as-msc proto=m3ua[0;m
[38;5;43mWed Sep 30 11:57:45 2026 <0023> ss7_route.c:409 0: RT(dpc=2059=1.1.3,mask=0x3fff=7.255.7,prio=5,via=as-msc,st=available) changed to status 'available'[0;m
[38;5;43mWed Sep 30 11:57:45 2026 <0023> xua_default_lm_fsm.c:406 xua_default_lm(asp-to-stp)[0x5dacd57cb580]{ACTIVE}: Ignoring primitive M-ASP_ACTIVE.confirm[0;m
[38;5;49mWed Sep 30 11:57:45 2026 <0026> m3ua.c:707 0: ASP(asp-to-stp) Received NOTIFY Type State Change:AS Active ()[0;m
[38;5;49mWed Sep 30 11:57:45 2026 <0026> xua_snm.c:501 0: ASP(asp-to-stp) Rx DUNA(RFC4666 4.5.1) for 1.1.2/0[0;m
[38;5;43mWed Sep 30 11:57:45 2026 <0023> ss7_route.c:143 0: RT(dpc=2058=1.1.2,mask=0x3fff=7.255.7,prio=5,via=as-msc,st=available) Creating route: pc=2058=1.1.2 mask=0x3fff=7.255.7 prio=5 dyn via AS as-msc proto=m3ua[0;m
[38;5;43mWed Sep 30 11:57:45 2026 <0023> ss7_route.c:409 0: RT(dpc=2058=1.1.2,mask=0x3fff=7.255.7,prio=5,via=as-msc,st=available) changed to status 'unavailable'[0;m
[38;5;49mWed Sep 30 11:57:45 2026 <0026> xua_snm.c:536 0: ASP(asp-to-stp) Rx DAVA() for 1.1.3/0[0;m
[38;5;43mWed Sep 30 11:57:45 2026 <0023> ss7_route.c:409 0: RT(dpc=2059=1.1.3,mask=0x3fff=7.255.7,prio=5,via=as-msc,st=available) changed to status 'available'[0;m
[38;5;43mWed Sep 30 11:57:45 2026 <0023> ss7_combined_linkset.c:297 0: CombinedLinkset(dpc=2059=1.1.3,mask=0x3fff=7.255.7,prio=5) RT loookup: OPC=2057=1.1.1,DPC=2059=1.1.3,SLS=0 -> eSLS=32: picked Normal Route via 'as-msc' round-robin style (available)[0;m
[1;39mWed Sep 30 11:57:45 2026 <0007> mncc_sock.c:257 MNCC Socket has connection with external call control application[0;m
[38;5;43mWed Sep 30 11:57:45 2026 <0023> ss7_asp.c:998 0: ASP(asp-to-stp) xUA CLNT SCTP NOTIFICATION 32770 flags=0x0[0;m
[38;5;43mWed Sep 30 11:57:45 2026 <0023> ss7_asp.c:1014 0: ASP(asp-to-stp) xUA CLNT SCTP_PEER_ADDR_CHANGE: ADDR_CONFIRMED 127.0.0.1:2905 err=None[0;m
[38;5;43mWed Sep 30 11:58:07 2026 <0023> ss7_combined_linkset.c:297 0: CombinedLinkset(dpc=2059=1.1.3,mask=0x3fff=7.255.7,prio=5) RT loookup: OPC=2057=1.1.1,DPC=2059=1.1.3,SLS=1 -> eSLS=33: picked Normal Route via 'as-msc' round-robin style (available)[0;m
[1;38mWed Sep 30 11:58:07 2026 <0008> ran_peer.c:123 ran_peer(GERAN-A:RI-SSN_PC:PC-1-1-3:SSN-BSSAP)[0x5dacd595d5c0]{READY}: Added seen cell to this RAN peer: CGI:001-01-1-6012[0;m
Wed Sep 30 11:58:09 2026 <0009> gsm_04_08.c:1548 msub(IMSI-001010001000002:MSISDN-100102) VLR: update for IMSI=001010001000002 (MSISDN=100102)
Wed Sep 30 11:58:09 2026 <0009> gsm_04_08.c:1548 msub(IMSI-001010001000002:MSISDN-100102:TMSInew-0x036946C3) VLR: update for IMSI=001010001000002 (MSISDN=100102)
Wed Sep 30 11:58:10 2026 <0009> gsm_04_08.c:1548 msub(IMSI-001010001000002:MSISDN-100102:TMSI-0x036946C3) VLR: update for IMSI=001010001000002 (MSISDN=100102)
[38;5;43mWed Sep 30 11:58:13 2026 <0023> ss7_combined_linkset.c:297 0: CombinedLinkset(dpc=2059=1.1.3,mask=0x3fff=7.255.7,prio=5) RT loookup: OPC=2057=1.1.1,DPC=2059=1.1.3,SLS=2 -> eSLS=34: picked Normal Route via 'as-msc' round-robin style (available)[0;m
[1;38mWed Sep 30 11:58:13 2026 <0008> ran_peer.c:123 ran_peer(GERAN-A:RI-SSN_PC:PC-1-1-3:SSN-BSSAP)[0x5dacd595d5c0]{READY}: Added seen cell to this RAN peer: CGI:001-01-1-6001[0;m
Wed Sep 30 11:58:16 2026 <0009> gsm_04_08.c:1548 msub(IMSI-001010001000001:MSISDN-100101) VLR: update for IMSI=001010001000001 (MSISDN=100101)
Wed Sep 30 11:58:16 2026 <0009> gsm_04_08.c:1548 msub(IMSI-001010001000001:MSISDN-100101:TMSInew-0x452658CF) VLR: update for IMSI=001010001000001 (MSISDN=100101)
Wed Sep 30 11:58:17 2026 <0009> gsm_04_08.c:1548 msub(IMSI-001010001000001:MSISDN-100101:TMSI-0x452658CF) VLR: update for IMSI=001010001000001 (MSISDN=100101)
[38;5;43mWed Sep 30 12:00:59 2026 <0023> ss7_combined_linkset.c:297 0: CombinedLinkset(dpc=2059=1.1.3,mask=0x3fff=7.255.7,prio=5) RT loookup: OPC=2057=1.1.1,DPC=2059=1.1.3,SLS=3 -> eSLS=35: picked Normal Route via 'as-msc' round-robin style (available)[0;m
[38;5;31mWed Sep 30 12:01:02 2026 <001d> gsm0411_smc.c:94 SMC(0) instance created for network[0;m
[38;5;31mWed Sep 30 12:01:02 2026 <001d> gsm0411_smr.c:90 SMR(0) instance created for network.[0;m
[38;5;31mWed Sep 30 12:01:02 2026 <001d> gsm0411_smc.c:573 SMC(0) message MMSMS-EST-IND (CP DATA) received in state IDLE[0;m
[38;5;31mWed Sep 30 12:01:02 2026 <001d> gsm0411_smc.c:291 SMC(0) received CP-DATA[0;m
[38;5;31mWed Sep 30 12:01:02 2026 <001d> gsm0411_smc.c:140 SMC(0) new CP state IDLE -> MM_ESTABLISHED[0;m
[38;5;31mWed Sep 30 12:01:02 2026 <001d> gsm0411_smr.c:487 SMR(0) message MNSMS-EST-IND received in state IDLE[0;m
[38;5;31mWed Sep 30 12:01:02 2026 <001d> gsm0411_smr.c:144 SMR(0) new RP state IDLE -> WAIT_TO_TX_RP_ACK[0;m
[38;5;31mWed Sep 30 12:01:02 2026 <001d> gsm0411_smr.c:420 SMR(0) message SM-RL-REPORT_REQ received in state WAIT_TO_TX_RP_ACK[0;m
[38;5;31mWed Sep 30 12:01:02 2026 <001d> gsm0411_smr.c:144 SMR(0) new RP state WAIT_TO_TX_RP_ACK -> IDLE[0;m
[38;5;31mWed Sep 30 12:01:02 2026 <001d> gsm0411_smc.c:473 SMC(0) message MNSMS-DATA-REQ received in state MM_ESTABLISHED[0;m
[38;5;31mWed Sep 30 12:01:02 2026 <001d> gsm0411_smc.c:188 SMC(0) send CP data[0;m
[38;5;31mWed Sep 30 12:01:02 2026 <001d> gsm0411_smc.c:140 SMC(0) new CP state MM_ESTABLISHED -> WAIT_CP_ACK[0;m
[38;5;31mWed Sep 30 12:01:02 2026 <001d> gsm0411_smc.c:473 SMC(0) message MNSMS-REL-REQ received in state WAIT_CP_ACK[0;m
[38;5;31mWed Sep 30 12:01:02 2026 <001d> gsm0411_smc.c:338 SMC(0) cannot release yet current state: WAIT_CP_ACK[0;m
[38;5;31mWed Sep 30 12:01:02 2026 <001d> gsm0411_smc.c:94 SMC(0) instance created for network[0;m
[38;5;31mWed Sep 30 12:01:02 2026 <001d> gsm0411_smr.c:90 SMR(0) instance created for network.[0;m
[38;5;31mWed Sep 30 12:01:02 2026 <001d> gsm_04_11.c:1195 trans(SMS IMSI-001010001000002:MSISDN-100102:TMSI-0x036946C3 callref-0x40000002 tid-0) Going to send a MT SMS[0;m
[38;5;31mWed Sep 30 12:01:02 2026 <001d> gsm0411_smr.c:420 SMR(0) message SM-RL-DATA_REQ received in state IDLE[0;m
[38;5;31mWed Sep 30 12:01:02 2026 <001d> gsm0411_smr.c:144 SMR(0) new RP state IDLE -> WAIT_FOR_RP_ACK[0;m
[38;5;31mWed Sep 30 12:01:02 2026 <001d> gsm0411_smc.c:473 SMC(0) message MNSMS-EST-REQ received in state IDLE[0;m
[38;5;31mWed Sep 30 12:01:02 2026 <001d> gsm0411_smc.c:140 SMC(0) new CP state IDLE -> MM_CONN_PENDING[0;m
[38;5;43mWed Sep 30 12:01:03 2026 <0023> ss7_combined_linkset.c:297 0: CombinedLinkset(dpc=2059=1.1.3,mask=0x3fff=7.255.7,prio=5) RT loookup: OPC=2057=1.1.1,DPC=2059=1.1.3,SLS=4 -> eSLS=36: picked Normal Route via 'as-msc' round-robin style (available)[0;m
[38;5;31mWed Sep 30 12:01:03 2026 <001d> gsm0411_smc.c:573 SMC(0) message MMSMS-DATA-IND (CP ACK) received in state WAIT_CP_ACK[0;m
[38;5;31mWed Sep 30 12:01:03 2026 <001d> gsm0411_smc.c:263 SMC(0) received CP-ACK[0;m
[38;5;31mWed Sep 30 12:01:03 2026 <001d> gsm0411_smc.c:140 SMC(0) new CP state WAIT_CP_ACK -> MM_ESTABLISHED[0;m
[38;5;31mWed Sep 30 12:01:03 2026 <001d> gsm0411_smc.c:274 SMC(0) we have pending release.[0;m
[38;5;31mWed Sep 30 12:01:03 2026 <001d> gsm0411_smc.c:140 SMC(0) new CP state MM_ESTABLISHED -> IDLE[0;m
[38;5;31mWed Sep 30 12:01:03 2026 <001d> gsm0411_smr.c:98 SMR(0) clearing SMR instance[0;m
[38;5;31mWed Sep 30 12:01:03 2026 <001d> gsm0411_smc.c:102 SMC(0) clearing instance[0;m
[38;5;31mWed Sep 30 12:01:03 2026 <001d> gsm0411_smc.c:573 SMC(0) message MMSMS-EST-CNF received in state MM_CONN_PENDING[0;m
[38;5;31mWed Sep 30 12:01:03 2026 <001d> gsm0411_smc.c:188 SMC(0) send CP data[0;m
[38;5;31mWed Sep 30 12:01:03 2026 <001d> gsm0411_smc.c:140 SMC(0) new CP state MM_CONN_PENDING -> WAIT_CP_ACK[0;m
[38;5;31mWed Sep 30 12:01:05 2026 <001d> gsm0411_smc.c:573 SMC(0) message MMSMS-DATA-IND (CP ACK) received in state WAIT_CP_ACK[0;m
[38;5;31mWed Sep 30 12:01:05 2026 <001d> gsm0411_smc.c:263 SMC(0) received CP-ACK[0;m
[38;5;31mWed Sep 30 12:01:05 2026 <001d> gsm0411_smc.c:140 SMC(0) new CP state WAIT_CP_ACK -> MM_ESTABLISHED[0;m
[38;5;31mWed Sep 30 12:01:05 2026 <001d> gsm0411_smc.c:573 SMC(0) message MMSMS-DATA-IND (CP DATA) received in state MM_ESTABLISHED[0;m
[38;5;31mWed Sep 30 12:01:05 2026 <001d> gsm0411_smc.c:291 SMC(0) received CP-DATA[0;m
[38;5;31mWed Sep 30 12:01:05 2026 <001d> gsm0411_smr.c:487 SMR(0) message MNSMS-DATA-IND received in state WAIT_FOR_RP_ACK[0;m
[38;5;31mWed Sep 30 12:01:05 2026 <001d> gsm0411_smr.c:144 SMR(0) new RP state WAIT_FOR_RP_ACK -> IDLE[0;m
[38;5;31mWed Sep 30 12:01:05 2026 <001d> gsm0411_smc.c:473 SMC(0) message MNSMS-REL-REQ received in state MM_ESTABLISHED[0;m
[38;5;31mWed Sep 30 12:01:05 2026 <001d> gsm0411_smc.c:140 SMC(0) new CP state MM_ESTABLISHED -> IDLE[0;m
[38;5;31mWed Sep 30 12:01:05 2026 <001d> gsm0411_smr.c:98 SMR(0) clearing SMR instance[0;m
[38;5;31mWed Sep 30 12:01:05 2026 <001d> gsm0411_smc.c:102 SMC(0) clearing instance[0;m
[38;5;31mWed Sep 30 12:01:22 2026 <001d> gsm0411_smc.c:94 SMC(0) instance created for network[0;m
[38;5;31mWed Sep 30 12:01:22 2026 <001d> gsm0411_smr.c:90 SMR(0) instance created for network.[0;m
[38;5;31mWed Sep 30 12:01:22 2026 <001d> gsm_04_11.c:1195 trans(SMS IMSI-001010001000001:MSISDN-100101:TMSI-0x452658CF callref-0x40000003 tid-0) Going to send a MT SMS[0;m
[38;5;31mWed Sep 30 12:01:22 2026 <001d> gsm0411_smr.c:420 SMR(0) message SM-RL-DATA_REQ received in state IDLE[0;m
[38;5;31mWed Sep 30 12:01:22 2026 <001d> gsm0411_smr.c:144 SMR(0) new RP state IDLE -> WAIT_FOR_RP_ACK[0;m
[38;5;31mWed Sep 30 12:01:22 2026 <001d> gsm0411_smc.c:473 SMC(0) message MNSMS-EST-REQ received in state IDLE[0;m
[38;5;31mWed Sep 30 12:01:22 2026 <001d> gsm0411_smc.c:140 SMC(0) new CP state IDLE -> MM_CONN_PENDING[0;m
[38;5;43mWed Sep 30 12:01:30 2026 <0023> ss7_combined_linkset.c:297 0: CombinedLinkset(dpc=2059=1.1.3,mask=0x3fff=7.255.7,prio=5) RT loookup: OPC=2057=1.1.1,DPC=2059=1.1.3,SLS=5 -> eSLS=37: picked Normal Route via 'as-msc' round-robin style (available)[0;m
[38;5;31mWed Sep 30 12:01:31 2026 <001d> gsm0411_smc.c:573 SMC(0) message MMSMS-EST-CNF received in state MM_CONN_PENDING[0;m
[38;5;31mWed Sep 30 12:01:31 2026 <001d> gsm0411_smc.c:188 SMC(0) send CP data[0;m
[38;5;31mWed Sep 30 12:01:31 2026 <001d> gsm0411_smc.c:140 SMC(0) new CP state MM_CONN_PENDING -> WAIT_CP_ACK[0;m
[38;5;31mWed Sep 30 12:01:33 2026 <001d> gsm0411_smc.c:573 SMC(0) message MMSMS-DATA-IND (CP ACK) received in state WAIT_CP_ACK[0;m
[38;5;31mWed Sep 30 12:01:33 2026 <001d> gsm0411_smc.c:263 SMC(0) received CP-ACK[0;m
[38;5;31mWed Sep 30 12:01:33 2026 <001d> gsm0411_smc.c:140 SMC(0) new CP state WAIT_CP_ACK -> MM_ESTABLISHED[0;m
[38;5;31mWed Sep 30 12:01:34 2026 <001d> gsm0411_smc.c:573 SMC(0) message MMSMS-DATA-IND (CP DATA) received in state MM_ESTABLISHED[0;m
[38;5;31mWed Sep 30 12:01:34 2026 <001d> gsm0411_smc.c:291 SMC(0) received CP-DATA[0;m
[38;5;31mWed Sep 30 12:01:34 2026 <001d> gsm0411_smr.c:487 SMR(0) message MNSMS-DATA-IND received in state WAIT_FOR_RP_ACK[0;m
[38;5;31mWed Sep 30 12:01:34 2026 <001d> gsm0411_smr.c:144 SMR(0) new RP state WAIT_FOR_RP_ACK -> IDLE[0;m
[38;5;31mWed Sep 30 12:01:34 2026 <001d> gsm0411_smc.c:473 SMC(0) message MNSMS-REL-REQ received in state MM_ESTABLISHED[0;m
[38;5;31mWed Sep 30 12:01:34 2026 <001d> gsm0411_smc.c:140 SMC(0) new CP state MM_ESTABLISHED -> IDLE[0;m
[38;5;31mWed Sep 30 12:01:34 2026 <001d> gsm0411_smr.c:98 SMR(0) clearing SMR instance[0;m
[38;5;31mWed Sep 30 12:01:34 2026 <001d> gsm0411_smc.c:102 SMC(0) clearing instance[0;m
[38;5;43mWed Sep 30 12:01:48 2026 <0023> ss7_combined_linkset.c:297 0: CombinedLinkset(dpc=2059=1.1.3,mask=0x3fff=7.255.7,prio=5) RT loookup: OPC=2057=1.1.1,DPC=2059=1.1.3,SLS=6 -> eSLS=38: picked Normal Route via 'as-msc' round-robin style (available)[0;m
[38;5;43mWed Sep 30 12:02:55 2026 <0023> ss7_combined_linkset.c:297 0: CombinedLinkset(dpc=2059=1.1.3,mask=0x3fff=7.255.7,prio=5) RT loookup: OPC=2057=1.1.1,DPC=2059=1.1.3,SLS=7 -> eSLS=39: picked Normal Route via 'as-msc' round-robin style (available)[0;m
[38;5;43mWed Sep 30 12:03:15 2026 <0023> ss7_combined_linkset.c:297 0: CombinedLinkset(dpc=2059=1.1.3,mask=0x3fff=7.255.7,prio=5) RT loookup: OPC=2057=1.1.1,DPC=2059=1.1.3,SLS=8 -> eSLS=40: picked Normal Route via 'as-msc' round-robin style (available)[0;m
[38;5;43mWed Sep 30 12:05:28 2026 <0023> ss7_combined_linkset.c:297 0: CombinedLinkset(dpc=2059=1.1.3,mask=0x3fff=7.255.7,prio=5) RT loookup: OPC=2057=1.1.1,DPC=2059=1.1.3,SLS=9 -> eSLS=41: picked Normal Route via 'as-msc' round-robin style (available)[0;m
[1;32mWed Sep 30 12:05:30 2026 <0001> transaction.c:151 LCLS: using 14 bits (1 bytes) for node ID[0;m
[1;32mWed Sep 30 12:05:30 2026 <0001> transaction.c:168 LCLS: allocated LAC-based CR-ID 00 00 01 00 01 for callref 0x80000001[0;m
[1;32mWed Sep 30 12:05:30 2026 <0001> gsm_04_08_cc.c:704 trans(CC:NULL IMSI-001010001000001:MSISDN-100101:TMSI-0x452658CF:GERAN-A-9:CM_SERVICE_REQ callref-0x80000001 tid-8) SETUP to 600[0;m
[1;32mWed Sep 30 12:05:31 2026 <0001> msc_a.c:1597 trans(CC:INITIATED IMSI-001010001000001:MSISDN-100101:TMSI-0x452658CF:GERAN-A-9:CM_SERVICE_REQ callref-0x80000001 tid-8) Assignment Complete: RAN: GSM#3, CN: GSM#3[0;m
[38;5;43mWed Sep 30 12:09:35 2026 <0023> ss7_combined_linkset.c:297 0: CombinedLinkset(dpc=2059=1.1.3,mask=0x3fff=7.255.7,prio=5) RT loookup: OPC=2057=1.1.1,DPC=2059=1.1.3,SLS=10 -> eSLS=42: picked Normal Route via 'as-msc' round-robin style (available)[0;m
[1;32mWed Sep 30 12:09:36 2026 <0001> transaction.c:151 LCLS: using 14 bits (1 bytes) for node ID[0;m
[1;32mWed Sep 30 12:09:36 2026 <0001> transaction.c:168 LCLS: allocated LAC-based CR-ID 00 00 02 00 01 for callref 0x80000002[0;m
[1;32mWed Sep 30 12:09:36 2026 <0001> gsm_04_08_cc.c:704 trans(CC:NULL IMSI-001010001000001:MSISDN-100101:TMSI-0x452658CF:GERAN-A-10:CM_SERVICE_REQ callref-0x80000002 tid-8) SETUP to 600[0;m
[1;32mWed Sep 30 12:09:37 2026 <0001> msc_a.c:1597 trans(CC:INITIATED IMSI-001010001000001:MSISDN-100101:TMSI-0x452658CF:GERAN-A-10:CM_SERVICE_REQ callref-0x80000002 tid-8) Assignment Complete: RAN: GSM#3, CN: GSM#3[0;m
[1;39mWed Sep 30 12:21:20 2026 <0007> mncc_sock.c:72 MNCC Socket has LOST connection[0;m
[1;32mWed Sep 30 12:21:20 2026 <0001> gsm_04_08.c:91 Clearing all currently active transactions!!![0;m
[38;5;49mWed Sep 30 12:21:22 2026 <0026> xua_snm.c:501 0: ASP(asp-to-stp) Rx DUNA() for 1.1.3/0[0;m
[38;5;43mWed Sep 30 12:21:22 2026 <0023> ss7_route.c:409 0: RT(dpc=2059=1.1.3,mask=0x3fff=7.255.7,prio=5,via=as-msc,st=available) changed to status 'unavailable'[0;m
Wed Sep 30 12:21:22 2026 <0013> sccp_ran.c:167 ran_peer(GERAN-A:RI-SSN_PC:PC-1-1-3:SSN-BSSAP)[0x5dacd595d5c0]{READY}: now unreachable: N-PCSTATE ind: pc=2059=1.1.3 sp_status=INACCESSIBLE remote_sccp_status=UNAVAILABLE_UNKNOWN
Wed Sep 30 12:21:22 2026 <0009> msc_main.c:285 Terminating due to signal 15
[38;5;43mWed Sep 30 12:21:40 2026 <0023> ss7_instance.c:98 0: Creating SS7 Instance[0;m
[38;5;43mWed Sep 30 12:21:40 2026 <0023> ss7_route_table.c:62 0: Creating Route Table system[0;m
[38;5;43mWed Sep 30 12:21:40 2026 <0023> ss7_asp_vty.c:673 0: ASP(asp-to-stp) Applying Adm State change: ENABLED -> ENABLED[0;m
[38;5;43mWed Sep 30 12:21:40 2026 <0023> ss7_asp.c:892 0: ASP(asp-to-stp) Restarting ASP asp-to-stp, r=127.0.0.2:2905<->l=127.0.0.1:2906[0;m
[38;5;43mWed Sep 30 12:21:40 2026 <0023> ss7_instance.c:380 0: AS(as-msc) Created AS[0;m
[38;5;43mWed Sep 30 12:21:40 2026 <0023> ss7_as.c:185 0: AS(as-msc) Adding ASP asp-to-stp to AS[0;m
[1;39mWed Sep 30 12:21:40 2026 <0007> mncc_sock.c:300 MNCC socket at /tmp/msc_mncc[0;m
Wed Sep 30 12:21:40 2026 <0017> telnet_interface.c:88 Available via telnet 127.0.0.1 4254
Wed Sep 30 12:21:40 2026 <000f> smpp_smsc.c:990 SMPP at 0.0.0.0 2775
[38;5;33mWed Sep 30 12:21:40 2026 <001e> control_if.c:1026 CTRL at 127.0.0.1 4255[0;m
[38;5;39mWed Sep 30 12:21:40 2026 <0021> gsup_client.c:77 GSUP connecting to 127.0.0.2:4222[0;m
Wed Sep 30 12:21:40 2026 <000c> db.c:518 Init database connection to 'sms.db' using SQLite3 lib version 3.45.1
[38;5;51mWed Sep 30 12:21:40 2026 <0027> mgcp_client.c:945 MGW(mgw) MGCP client: using endpoint domain '@mgw'[0;m
Wed Sep 30 12:21:40 2026 <0009> msc_main.c:576 MGW pool with 1 pool members configured, (ignoring MGW configuration in VTY node 'msc').
[38;5;45mWed Sep 30 12:21:40 2026 <0024> sccp_instance.c:655 OsmoMSC-A: Using SS7 instance 0, pc:1.1.1[0;m
[38;5;45mWed Sep 30 12:21:40 2026 <0024> sccp_instance.c:673 OsmoMSC-A: Using AS instance as-msc[0;m
[38;5;45mWed Sep 30 12:21:40 2026 <0024> sccp_instance.c:679 OsmoMSC-A: Creating default route[0;m
[38;5;43mWed Sep 30 12:21:40 2026 <0023> ss7_route.c:143 0: RT(dpc=0=0.0.0,mask=0x0=0.0.0,prio=5,via=as-msc,st=available) Creating route: pc=0=0.0.0 mask=0x0=0.0.0 prio=5 dyn via AS as-msc proto=m3ua[0;m
[38;5;45mWed Sep 30 12:21:40 2026 <0024> sccp_instance.c:784 OsmoMSC-A: Using ASP instance asp-to-stp[0;m
[38;5;43mWed Sep 30 12:21:40 2026 <0023> ss7_instance.c:214 0: Creating SCCP instance[0;m
Wed Sep 30 12:21:40 2026 <0014> sgs_server.c:186 SGs socket bound to r=NULL<->l=127.0.0.1:29118
Wed Sep 30 12:21:40 2026 <0009> msc_main.c:790 A-interface: SCCP user OsmoMSC-A:RI=SSN_PC,PC=(no PC),SSN=BSSAP, cs7-instance 0 ((null))
[38;5;43mWed Sep 30 12:21:40 2026 <0023> ss7_asp.c:1202 0: ASP(asp-to-stp) Client connected (r=127.0.0.2:2905<->l=127.0.0.1:2906)[0;m
[38;5;23mWed Sep 30 12:21:40 2026 <0019> input/ipa.c:144 127.0.0.2:4222 connection done[0;m
[38;5;23mWed Sep 30 12:21:40 2026 <0019> input/ipa.c:617 received ID_GET for unit ID 0/0/0[0;m
[1;39mWed Sep 30 12:21:42 2026 <0007> mncc_sock.c:257 MNCC Socket has connection with external call control application[0;m
[38;5;43mWed Sep 30 12:21:42 2026 <0023> xua_rkm.c:477 0: ASP(asp-to-stp) Received RKM REG RES rctx=110 status=SUCCESS[0;m
[38;5;49mWed Sep 30 12:21:42 2026 <0026> m3ua.c:707 0: ASP(asp-to-stp) Received NOTIFY Type State Change:AS Inactive ()[0;m
[38;5;43mWed Sep 30 12:21:42 2026 <0023> xua_as_fsm.c:430 0: AS(as-msc) AS became active, some routes to remote PCs may have become available[0;m
[38;5;43mWed Sep 30 12:21:42 2026 <0023> xua_as_fsm.c:471 0: AS(as-msc) AS became active => address-book pc=2059=1.1.3 is now available[0;m
[38;5;43mWed Sep 30 12:21:42 2026 <0023> ss7_route.c:143 0: RT(dpc=2059=1.1.3,mask=0x3fff=7.255.7,prio=5,via=as-msc,st=available) Creating route: pc=2059=1.1.3 mask=0x3fff=7.255.7 prio=5 dyn via AS as-msc proto=m3ua[0;m
[38;5;43mWed Sep 30 12:21:42 2026 <0023> ss7_route.c:409 0: RT(dpc=2059=1.1.3,mask=0x3fff=7.255.7,prio=5,via=as-msc,st=available) changed to status 'available'[0;m
[38;5;43mWed Sep 30 12:21:42 2026 <0023> xua_default_lm_fsm.c:406 xua_default_lm(asp-to-stp)[0x5ca2ca72e580]{ACTIVE}: Ignoring primitive M-ASP_ACTIVE.confirm[0;m
[38;5;49mWed Sep 30 12:21:42 2026 <0026> m3ua.c:707 0: ASP(asp-to-stp) Received NOTIFY Type State Change:AS Active ()[0;m
[38;5;49mWed Sep 30 12:21:42 2026 <0026> xua_snm.c:501 0: ASP(asp-to-stp) Rx DUNA(RFC4666 4.5.1) for 1.1.2/0[0;m
[38;5;43mWed Sep 30 12:21:42 2026 <0023> ss7_route.c:143 0: RT(dpc=2058=1.1.2,mask=0x3fff=7.255.7,prio=5,via=as-msc,st=available) Creating route: pc=2058=1.1.2 mask=0x3fff=7.255.7 prio=5 dyn via AS as-msc proto=m3ua[0;m
[38;5;43mWed Sep 30 12:21:42 2026 <0023> ss7_route.c:409 0: RT(dpc=2058=1.1.2,mask=0x3fff=7.255.7,prio=5,via=as-msc,st=available) changed to status 'unavailable'[0;m
[38;5;49mWed Sep 30 12:21:42 2026 <0026> xua_snm.c:536 0: ASP(asp-to-stp) Rx DAVA() for 1.1.3/0[0;m
[38;5;43mWed Sep 30 12:21:42 2026 <0023> ss7_route.c:409 0: RT(dpc=2059=1.1.3,mask=0x3fff=7.255.7,prio=5,via=as-msc,st=available) changed to status 'available'[0;m
[38;5;43mWed Sep 30 12:21:42 2026 <0023> ss7_combined_linkset.c:297 0: CombinedLinkset(dpc=2059=1.1.3,mask=0x3fff=7.255.7,prio=5) RT loookup: OPC=2057=1.1.1,DPC=2059=1.1.3,SLS=0 -> eSLS=32: picked Normal Route via 'as-msc' round-robin style (available)[0;m
[38;5;43mWed Sep 30 12:21:43 2026 <0023> ss7_asp.c:998 0: ASP(asp-to-stp) xUA CLNT SCTP NOTIFICATION 32770 flags=0x0[0;m
[38;5;43mWed Sep 30 12:21:43 2026 <0023> ss7_asp.c:1014 0: ASP(asp-to-stp) xUA CLNT SCTP_PEER_ADDR_CHANGE: ADDR_CONFIRMED 127.0.0.1:2905 err=None[0;m
[38;5;43mWed Sep 30 12:22:04 2026 <0023> ss7_combined_linkset.c:297 0: CombinedLinkset(dpc=2059=1.1.3,mask=0x3fff=7.255.7,prio=5) RT loookup: OPC=2057=1.1.1,DPC=2059=1.1.3,SLS=1 -> eSLS=33: picked Normal Route via 'as-msc' round-robin style (available)[0;m
[1;38mWed Sep 30 12:22:04 2026 <0008> ran_peer.c:123 ran_peer(GERAN-A:RI-SSN_PC:PC-1-1-3:SSN-BSSAP)[0x5ca2ca8c08b0]{READY}: Added seen cell to this RAN peer: CGI:001-01-1-6012[0;m
Wed Sep 30 12:22:06 2026 <0009> gsm_04_08.c:1548 msub(IMSI-001010001000002:MSISDN-100102) VLR: update for IMSI=001010001000002 (MSISDN=100102)
Wed Sep 30 12:22:06 2026 <0009> gsm_04_08.c:1548 msub(IMSI-001010001000002:MSISDN-100102:TMSInew-0xA2D334B2) VLR: update for IMSI=001010001000002 (MSISDN=100102)
Wed Sep 30 12:22:06 2026 <0009> gsm_04_08.c:1548 msub(IMSI-001010001000002:MSISDN-100102:TMSI-0xA2D334B2) VLR: update for IMSI=001010001000002 (MSISDN=100102)
[38;5;43mWed Sep 30 12:22:12 2026 <0023> ss7_combined_linkset.c:297 0: CombinedLinkset(dpc=2059=1.1.3,mask=0x3fff=7.255.7,prio=5) RT loookup: OPC=2057=1.1.1,DPC=2059=1.1.3,SLS=2 -> eSLS=34: picked Normal Route via 'as-msc' round-robin style (available)[0;m
[1;38mWed Sep 30 12:22:12 2026 <0008> ran_peer.c:123 ran_peer(GERAN-A:RI-SSN_PC:PC-1-1-3:SSN-BSSAP)[0x5ca2ca8c08b0]{READY}: Added seen cell to this RAN peer: CGI:001-01-1-6001[0;m
Wed Sep 30 12:22:14 2026 <0009> gsm_04_08.c:1548 msub(IMSI-001010001000001:MSISDN-100101) VLR: update for IMSI=001010001000001 (MSISDN=100101)
Wed Sep 30 12:22:14 2026 <0009> gsm_04_08.c:1548 msub(IMSI-001010001000001:MSISDN-100101:TMSInew-0x3EC510F9) VLR: update for IMSI=001010001000001 (MSISDN=100101)
Wed Sep 30 12:22:15 2026 <0009> gsm_04_08.c:1548 msub(IMSI-001010001000001:MSISDN-100101:TMSI-0x3EC510F9) VLR: update for IMSI=001010001000001 (MSISDN=100101)
[38;5;43mWed Sep 30 12:24:26 2026 <0023> ss7_combined_linkset.c:297 0: CombinedLinkset(dpc=2059=1.1.3,mask=0x3fff=7.255.7,prio=5) RT loookup: OPC=2057=1.1.1,DPC=2059=1.1.3,SLS=3 -> eSLS=35: picked Normal Route via 'as-msc' round-robin style (available)[0;m
[38;5;31mWed Sep 30 12:24:28 2026 <001d> gsm0411_smc.c:94 SMC(0) instance created for network[0;m
[38;5;31mWed Sep 30 12:24:28 2026 <001d> gsm0411_smr.c:90 SMR(0) instance created for network.[0;m
[38;5;31mWed Sep 30 12:24:28 2026 <001d> gsm0411_smc.c:573 SMC(0) message MMSMS-EST-IND (CP DATA) received in state IDLE[0;m
[38;5;31mWed Sep 30 12:24:28 2026 <001d> gsm0411_smc.c:291 SMC(0) received CP-DATA[0;m
[38;5;31mWed Sep 30 12:24:28 2026 <001d> gsm0411_smc.c:140 SMC(0) new CP state IDLE -> MM_ESTABLISHED[0;m
[38;5;31mWed Sep 30 12:24:28 2026 <001d> gsm0411_smr.c:487 SMR(0) message MNSMS-EST-IND received in state IDLE[0;m
[38;5;31mWed Sep 30 12:24:28 2026 <001d> gsm0411_smr.c:144 SMR(0) new RP state IDLE -> WAIT_TO_TX_RP_ACK[0;m
[38;5;31mWed Sep 30 12:24:28 2026 <001d> gsm0411_smr.c:420 SMR(0) message SM-RL-REPORT_REQ received in state WAIT_TO_TX_RP_ACK[0;m
[38;5;31mWed Sep 30 12:24:28 2026 <001d> gsm0411_smr.c:144 SMR(0) new RP state WAIT_TO_TX_RP_ACK -> IDLE[0;m
[38;5;31mWed Sep 30 12:24:28 2026 <001d> gsm0411_smc.c:473 SMC(0) message MNSMS-DATA-REQ received in state MM_ESTABLISHED[0;m
[38;5;31mWed Sep 30 12:24:28 2026 <001d> gsm0411_smc.c:188 SMC(0) send CP data[0;m
[38;5;31mWed Sep 30 12:24:28 2026 <001d> gsm0411_smc.c:140 SMC(0) new CP state MM_ESTABLISHED -> WAIT_CP_ACK[0;m
[38;5;31mWed Sep 30 12:24:28 2026 <001d> gsm0411_smc.c:473 SMC(0) message MNSMS-REL-REQ received in state WAIT_CP_ACK[0;m
[38;5;31mWed Sep 30 12:24:28 2026 <001d> gsm0411_smc.c:338 SMC(0) cannot release yet current state: WAIT_CP_ACK[0;m
[38;5;31mWed Sep 30 12:24:29 2026 <001d> gsm0411_smc.c:94 SMC(0) instance created for network[0;m
[38;5;31mWed Sep 30 12:24:29 2026 <001d> gsm0411_smr.c:90 SMR(0) instance created for network.[0;m
[38;5;31mWed Sep 30 12:24:29 2026 <001d> gsm_04_11.c:1195 trans(SMS IMSI-001010001000002:MSISDN-100102:TMSI-0xA2D334B2 callref-0x40000002 tid-0) Going to send a MT SMS[0;m
[38;5;31mWed Sep 30 12:24:29 2026 <001d> gsm0411_smr.c:420 SMR(0) message SM-RL-DATA_REQ received in state IDLE[0;m
[38;5;31mWed Sep 30 12:24:29 2026 <001d> gsm0411_smr.c:144 SMR(0) new RP state IDLE -> WAIT_FOR_RP_ACK[0;m
[38;5;31mWed Sep 30 12:24:29 2026 <001d> gsm0411_smc.c:473 SMC(0) message MNSMS-EST-REQ received in state IDLE[0;m
[38;5;31mWed Sep 30 12:24:29 2026 <001d> gsm0411_smc.c:140 SMC(0) new CP state IDLE -> MM_CONN_PENDING[0;m
[38;5;31mWed Sep 30 12:24:30 2026 <001d> gsm0411_smc.c:573 SMC(0) message MMSMS-DATA-IND (CP ACK) received in state WAIT_CP_ACK[0;m
[38;5;31mWed Sep 30 12:24:30 2026 <001d> gsm0411_smc.c:263 SMC(0) received CP-ACK[0;m
[38;5;31mWed Sep 30 12:24:30 2026 <001d> gsm0411_smc.c:140 SMC(0) new CP state WAIT_CP_ACK -> MM_ESTABLISHED[0;m
[38;5;31mWed Sep 30 12:24:30 2026 <001d> gsm0411_smc.c:274 SMC(0) we have pending release.[0;m
[38;5;31mWed Sep 30 12:24:30 2026 <001d> gsm0411_smc.c:140 SMC(0) new CP state MM_ESTABLISHED -> IDLE[0;m
[38;5;31mWed Sep 30 12:24:30 2026 <001d> gsm0411_smr.c:98 SMR(0) clearing SMR instance[0;m
[38;5;31mWed Sep 30 12:24:30 2026 <001d> gsm0411_smc.c:102 SMC(0) clearing instance[0;m
[38;5;43mWed Sep 30 12:24:30 2026 <0023> ss7_combined_linkset.c:297 0: CombinedLinkset(dpc=2059=1.1.3,mask=0x3fff=7.255.7,prio=5) RT loookup: OPC=2057=1.1.1,DPC=2059=1.1.3,SLS=4 -> eSLS=36: picked Normal Route via 'as-msc' round-robin style (available)[0;m
[38;5;31mWed Sep 30 12:24:30 2026 <001d> gsm0411_smc.c:573 SMC(0) message MMSMS-EST-CNF received in state MM_CONN_PENDING[0;m
[38;5;31mWed Sep 30 12:24:30 2026 <001d> gsm0411_smc.c:188 SMC(0) send CP data[0;m
[38;5;31mWed Sep 30 12:24:30 2026 <001d> gsm0411_smc.c:140 SMC(0) new CP state MM_CONN_PENDING -> WAIT_CP_ACK[0;m
[38;5;31mWed Sep 30 12:24:32 2026 <001d> gsm0411_smc.c:573 SMC(0) message MMSMS-DATA-IND (CP ACK) received in state WAIT_CP_ACK[0;m
[38;5;31mWed Sep 30 12:24:32 2026 <001d> gsm0411_smc.c:263 SMC(0) received CP-ACK[0;m
[38;5;31mWed Sep 30 12:24:32 2026 <001d> gsm0411_smc.c:140 SMC(0) new CP state WAIT_CP_ACK -> MM_ESTABLISHED[0;m
[38;5;31mWed Sep 30 12:24:32 2026 <001d> gsm0411_smc.c:573 SMC(0) message MMSMS-DATA-IND (CP DATA) received in state MM_ESTABLISHED[0;m
[38;5;31mWed Sep 30 12:24:32 2026 <001d> gsm0411_smc.c:291 SMC(0) received CP-DATA[0;m
[38;5;31mWed Sep 30 12:24:32 2026 <001d> gsm0411_smr.c:487 SMR(0) message MNSMS-DATA-IND received in state WAIT_FOR_RP_ACK[0;m
[38;5;31mWed Sep 30 12:24:32 2026 <001d> gsm0411_smr.c:144 SMR(0) new RP state WAIT_FOR_RP_ACK -> IDLE[0;m
[38;5;31mWed Sep 30 12:24:32 2026 <001d> gsm0411_smc.c:473 SMC(0) message MNSMS-REL-REQ received in state MM_ESTABLISHED[0;m
[38;5;31mWed Sep 30 12:24:32 2026 <001d> gsm0411_smc.c:140 SMC(0) new CP state MM_ESTABLISHED -> IDLE[0;m
[38;5;31mWed Sep 30 12:24:32 2026 <001d> gsm0411_smr.c:98 SMR(0) clearing SMR instance[0;m
[38;5;31mWed Sep 30 12:24:32 2026 <001d> gsm0411_smc.c:102 SMC(0) clearing instance[0;m
[38;5;31mWed Sep 30 12:24:40 2026 <001d> gsm0411_smc.c:94 SMC(0) instance created for network[0;m
[38;5;31mWed Sep 30 12:24:40 2026 <001d> gsm0411_smr.c:90 SMR(0) instance created for network.[0;m
[38;5;31mWed Sep 30 12:24:40 2026 <001d> gsm_04_11.c:1195 trans(SMS IMSI-001010001000001:MSISDN-100101:TMSI-0x3EC510F9 callref-0x40000003 tid-0) Going to send a MT SMS[0;m
[38;5;31mWed Sep 30 12:24:40 2026 <001d> gsm0411_smr.c:420 SMR(0) message SM-RL-DATA_REQ received in state IDLE[0;m
[38;5;31mWed Sep 30 12:24:40 2026 <001d> gsm0411_smr.c:144 SMR(0) new RP state IDLE -> WAIT_FOR_RP_ACK[0;m
[38;5;31mWed Sep 30 12:24:40 2026 <001d> gsm0411_smc.c:473 SMC(0) message MNSMS-EST-REQ received in state IDLE[0;m
[38;5;31mWed Sep 30 12:24:40 2026 <001d> gsm0411_smc.c:140 SMC(0) new CP state IDLE -> MM_CONN_PENDING[0;m
[38;5;43mWed Sep 30 12:24:42 2026 <0023> ss7_combined_linkset.c:297 0: CombinedLinkset(dpc=2059=1.1.3,mask=0x3fff=7.255.7,prio=5) RT loookup: OPC=2057=1.1.1,DPC=2059=1.1.3,SLS=5 -> eSLS=37: picked Normal Route via 'as-msc' round-robin style (available)[0;m
[38;5;31mWed Sep 30 12:24:43 2026 <001d> gsm0411_smc.c:573 SMC(0) message MMSMS-EST-CNF received in state MM_CONN_PENDING[0;m
[38;5;31mWed Sep 30 12:24:43 2026 <001d> gsm0411_smc.c:188 SMC(0) send CP data[0;m
[38;5;31mWed Sep 30 12:24:43 2026 <001d> gsm0411_smc.c:140 SMC(0) new CP state MM_CONN_PENDING -> WAIT_CP_ACK[0;m
[38;5;31mWed Sep 30 12:24:45 2026 <001d> gsm0411_smc.c:573 SMC(0) message MMSMS-DATA-IND (CP ACK) received in state WAIT_CP_ACK[0;m
[38;5;31mWed Sep 30 12:24:45 2026 <001d> gsm0411_smc.c:263 SMC(0) received CP-ACK[0;m
[38;5;31mWed Sep 30 12:24:45 2026 <001d> gsm0411_smc.c:140 SMC(0) new CP state WAIT_CP_ACK -> MM_ESTABLISHED[0;m
[38;5;31mWed Sep 30 12:24:45 2026 <001d> gsm0411_smc.c:573 SMC(0) message MMSMS-DATA-IND (CP DATA) received in state MM_ESTABLISHED[0;m
[38;5;31mWed Sep 30 12:24:45 2026 <001d> gsm0411_smc.c:291 SMC(0) received CP-DATA[0;m
[38;5;31mWed Sep 30 12:24:45 2026 <001d> gsm0411_smr.c:487 SMR(0) message MNSMS-DATA-IND received in state WAIT_FOR_RP_ACK[0;m
[38;5;31mWed Sep 30 12:24:45 2026 <001d> gsm0411_smr.c:144 SMR(0) new RP state WAIT_FOR_RP_ACK -> IDLE[0;m
[38;5;31mWed Sep 30 12:24:45 2026 <001d> gsm0411_smc.c:473 SMC(0) message MNSMS-REL-REQ received in state MM_ESTABLISHED[0;m
[38;5;31mWed Sep 30 12:24:45 2026 <001d> gsm0411_smc.c:140 SMC(0) new CP state MM_ESTABLISHED -> IDLE[0;m
[38;5;31mWed Sep 30 12:24:45 2026 <001d> gsm0411_smr.c:98 SMR(0) clearing SMR instance[0;m
[38;5;31mWed Sep 30 12:24:45 2026 <001d> gsm0411_smc.c:102 SMC(0) clearing instance[0;m
[38;5;43mWed Sep 30 12:24:54 2026 <0023> ss7_combined_linkset.c:297 0: CombinedLinkset(dpc=2059=1.1.3,mask=0x3fff=7.255.7,prio=5) RT loookup: OPC=2057=1.1.1,DPC=2059=1.1.3,SLS=6 -> eSLS=38: picked Normal Route via 'as-msc' round-robin style (available)[0;m
[38;5;43mWed Sep 30 12:25:09 2026 <0023> ss7_combined_linkset.c:297 0: CombinedLinkset(dpc=2059=1.1.3,mask=0x3fff=7.255.7,prio=5) RT loookup: OPC=2057=1.1.1,DPC=2059=1.1.3,SLS=7 -> eSLS=39: picked Normal Route via 'as-msc' round-robin style (available)[0;m
[38;5;43mWed Sep 30 12:25:34 2026 <0023> ss7_combined_linkset.c:297 0: CombinedLinkset(dpc=2059=1.1.3,mask=0x3fff=7.255.7,prio=5) RT loookup: OPC=2057=1.1.1,DPC=2059=1.1.3,SLS=8 -> eSLS=40: picked Normal Route via 'as-msc' round-robin style (available)[0;m
[1;32mWed Sep 30 12:25:35 2026 <0001> transaction.c:151 LCLS: using 14 bits (1 bytes) for node ID[0;m
[1;32mWed Sep 30 12:25:35 2026 <0001> transaction.c:168 LCLS: allocated LAC-based CR-ID 00 00 01 00 01 for callref 0x80000001[0;m
[1;32mWed Sep 30 12:25:35 2026 <0001> gsm_04_08_cc.c:704 trans(CC:NULL IMSI-001010001000001:MSISDN-100101:TMSI-0x3EC510F9:GERAN-A-8:CM_SERVICE_REQ callref-0x80000001 tid-8) SETUP to 600[0;m
[1;32mWed Sep 30 12:25:36 2026 <0001> msc_a.c:1597 trans(CC:INITIATED IMSI-001010001000001:MSISDN-100101:TMSI-0x3EC510F9:GERAN-A-8:CM_SERVICE_REQ callref-0x80000001 tid-8) Assignment Complete: RAN: GSM#3, CN: GSM#3[0;m
[38;5;43mWed Sep 30 12:25:53 2026 <0023> ss7_combined_linkset.c:297 0: CombinedLinkset(dpc=2059=1.1.3,mask=0x3fff=7.255.7,prio=5) RT loookup: OPC=2057=1.1.1,DPC=2059=1.1.3,SLS=9 -> eSLS=41: picked Normal Route via 'as-msc' round-robin style (available)[0;m
[1;32mWed Sep 30 12:25:54 2026 <0001> transaction.c:151 LCLS: using 14 bits (1 bytes) for node ID[0;m
[1;32mWed Sep 30 12:25:54 2026 <0001> transaction.c:168 LCLS: allocated LAC-based CR-ID 00 00 02 00 01 for callref 0x80000002[0;m
[1;32mWed Sep 30 12:25:54 2026 <0001> gsm_04_08_cc.c:704 trans(CC:NULL IMSI-001010001000001:MSISDN-100101:TMSI-0x3EC510F9:GERAN-A-9:CM_SERVICE_REQ callref-0x80000002 tid-8) SETUP to 600[0;m
[1;32mWed Sep 30 12:25:55 2026 <0001> msc_a.c:1597 trans(CC:INITIATED IMSI-001010001000001:MSISDN-100101:TMSI-0x3EC510F9:GERAN-A-9:CM_SERVICE_REQ callref-0x80000002 tid-8) Assignment Complete: RAN: GSM#3, CN: GSM#3[0;m
Wed Sep 30 12:26:56 2026 <0013> ran_msg_a.c:1184 msc_a(IMSI-001010001000001:MSISDN-100101:TMSI-0x3EC510F9:GERAN-A-9:CM_SERVICE_REQ)[0x5ca2ca8bfe60]{MSC_A_ST_COMMUNICATING}: RAN decode: BSSMAP: BSSMAP data truncated, discarding message: msgb_l3len(bssmap) == 26 < bssmap_header->length == 29
[1;39mWed Sep 30 12:29:08 2026 <0007> mncc_sock.c:72 MNCC Socket has LOST connection[0;m
[1;32mWed Sep 30 12:29:08 2026 <0001> gsm_04_08.c:91 Clearing all currently active transactions!!![0;m
[38;5;49mWed Sep 30 12:29:10 2026 <0026> xua_snm.c:501 0: ASP(asp-to-stp) Rx DUNA() for 1.1.3/0[0;m
[38;5;43mWed Sep 30 12:29:10 2026 <0023> ss7_route.c:409 0: RT(dpc=2059=1.1.3,mask=0x3fff=7.255.7,prio=5,via=as-msc,st=available) changed to status 'unavailable'[0;m
Wed Sep 30 12:29:10 2026 <0013> sccp_ran.c:167 ran_peer(GERAN-A:RI-SSN_PC:PC-1-1-3:SSN-BSSAP)[0x5ca2ca8c08b0]{READY}: now unreachable: N-PCSTATE ind: pc=2059=1.1.3 sp_status=INACCESSIBLE remote_sccp_status=UNAVAILABLE_UNKNOWN
Wed Sep 30 12:29:10 2026 <0009> msc_main.c:285 Terminating due to signal 15
[38;5;43mWed Sep 30 12:29:27 2026 <0023> ss7_instance.c:98 0: Creating SS7 Instance[0;m
[38;5;43mWed Sep 30 12:29:27 2026 <0023> ss7_route_table.c:62 0: Creating Route Table system[0;m
[38;5;43mWed Sep 30 12:29:27 2026 <0023> ss7_asp_vty.c:673 0: ASP(asp-to-stp) Applying Adm State change: ENABLED -> ENABLED[0;m
[38;5;43mWed Sep 30 12:29:27 2026 <0023> ss7_asp.c:892 0: ASP(asp-to-stp) Restarting ASP asp-to-stp, r=127.0.0.2:2905<->l=127.0.0.1:2906[0;m
[38;5;43mWed Sep 30 12:29:27 2026 <0023> ss7_instance.c:380 0: AS(as-msc) Created AS[0;m
[38;5;43mWed Sep 30 12:29:27 2026 <0023> ss7_as.c:185 0: AS(as-msc) Adding ASP asp-to-stp to AS[0;m
[1;39mWed Sep 30 12:29:27 2026 <0007> mncc_sock.c:300 MNCC socket at /tmp/msc_mncc[0;m
Wed Sep 30 12:29:27 2026 <0017> telnet_interface.c:88 Available via telnet 127.0.0.1 4254
Wed Sep 30 12:29:27 2026 <000f> smpp_smsc.c:990 SMPP at 0.0.0.0 2775
[38;5;33mWed Sep 30 12:29:27 2026 <001e> control_if.c:1026 CTRL at 127.0.0.1 4255[0;m
[38;5;39mWed Sep 30 12:29:27 2026 <0021> gsup_client.c:77 GSUP connecting to 127.0.0.2:4222[0;m
Wed Sep 30 12:29:27 2026 <000c> db.c:518 Init database connection to 'sms.db' using SQLite3 lib version 3.45.1
[38;5;51mWed Sep 30 12:29:27 2026 <0027> mgcp_client.c:945 MGW(mgw) MGCP client: using endpoint domain '@mgw'[0;m
Wed Sep 30 12:29:27 2026 <0009> msc_main.c:576 MGW pool with 1 pool members configured, (ignoring MGW configuration in VTY node 'msc').
[38;5;45mWed Sep 30 12:29:27 2026 <0024> sccp_instance.c:655 OsmoMSC-A: Using SS7 instance 0, pc:1.1.1[0;m
[38;5;45mWed Sep 30 12:29:27 2026 <0024> sccp_instance.c:673 OsmoMSC-A: Using AS instance as-msc[0;m
[38;5;45mWed Sep 30 12:29:27 2026 <0024> sccp_instance.c:679 OsmoMSC-A: Creating default route[0;m
[38;5;43mWed Sep 30 12:29:27 2026 <0023> ss7_route.c:143 0: RT(dpc=0=0.0.0,mask=0x0=0.0.0,prio=5,via=as-msc,st=available) Creating route: pc=0=0.0.0 mask=0x0=0.0.0 prio=5 dyn via AS as-msc proto=m3ua[0;m
[38;5;45mWed Sep 30 12:29:27 2026 <0024> sccp_instance.c:784 OsmoMSC-A: Using ASP instance asp-to-stp[0;m
[38;5;43mWed Sep 30 12:29:27 2026 <0023> ss7_instance.c:214 0: Creating SCCP instance[0;m
Wed Sep 30 12:29:27 2026 <0014> sgs_server.c:186 SGs socket bound to r=NULL<->l=127.0.0.1:29118
Wed Sep 30 12:29:27 2026 <0009> msc_main.c:790 A-interface: SCCP user OsmoMSC-A:RI=SSN_PC,PC=(no PC),SSN=BSSAP, cs7-instance 0 ((null))
[38;5;43mWed Sep 30 12:29:27 2026 <0023> ss7_asp.c:1202 0: ASP(asp-to-stp) Client connected (r=127.0.0.2:2905<->l=127.0.0.1:2906)[0;m
[38;5;23mWed Sep 30 12:29:27 2026 <0019> input/ipa.c:144 127.0.0.2:4222 connection done[0;m
[38;5;23mWed Sep 30 12:29:27 2026 <0019> input/ipa.c:617 received ID_GET for unit ID 0/0/0[0;m
[38;5;43mWed Sep 30 12:29:29 2026 <0023> ss7_asp.c:998 0: ASP(asp-to-stp) xUA CLNT SCTP NOTIFICATION 32770 flags=0x0[0;m
[38;5;43mWed Sep 30 12:29:29 2026 <0023> ss7_asp.c:1014 0: ASP(asp-to-stp) xUA CLNT SCTP_PEER_ADDR_CHANGE: ADDR_CONFIRMED 127.0.0.1:2905 err=None[0;m
[1;39mWed Sep 30 12:29:29 2026 <0007> mncc_sock.c:257 MNCC Socket has connection with external call control application[0;m
[38;5;43mWed Sep 30 12:29:29 2026 <0023> xua_rkm.c:477 0: ASP(asp-to-stp) Received RKM REG RES rctx=110 status=SUCCESS[0;m
[38;5;49mWed Sep 30 12:29:29 2026 <0026> m3ua.c:707 0: ASP(asp-to-stp) Received NOTIFY Type State Change:AS Inactive ()[0;m
[38;5;43mWed Sep 30 12:29:29 2026 <0023> xua_as_fsm.c:430 0: AS(as-msc) AS became active, some routes to remote PCs may have become available[0;m
[38;5;43mWed Sep 30 12:29:29 2026 <0023> xua_as_fsm.c:471 0: AS(as-msc) AS became active => address-book pc=2059=1.1.3 is now available[0;m
[38;5;43mWed Sep 30 12:29:29 2026 <0023> ss7_route.c:143 0: RT(dpc=2059=1.1.3,mask=0x3fff=7.255.7,prio=5,via=as-msc,st=available) Creating route: pc=2059=1.1.3 mask=0x3fff=7.255.7 prio=5 dyn via AS as-msc proto=m3ua[0;m
[38;5;43mWed Sep 30 12:29:29 2026 <0023> ss7_route.c:409 0: RT(dpc=2059=1.1.3,mask=0x3fff=7.255.7,prio=5,via=as-msc,st=available) changed to status 'available'[0;m
[38;5;43mWed Sep 30 12:29:29 2026 <0023> xua_default_lm_fsm.c:406 xua_default_lm(asp-to-stp)[0x62d58da8d580]{ACTIVE}: Ignoring primitive M-ASP_ACTIVE.confirm[0;m
[38;5;49mWed Sep 30 12:29:29 2026 <0026> m3ua.c:707 0: ASP(asp-to-stp) Received NOTIFY Type State Change:AS Active ()[0;m
[38;5;49mWed Sep 30 12:29:29 2026 <0026> xua_snm.c:501 0: ASP(asp-to-stp) Rx DUNA(RFC4666 4.5.1) for 1.1.2/0[0;m
[38;5;43mWed Sep 30 12:29:29 2026 <0023> ss7_route.c:143 0: RT(dpc=2058=1.1.2,mask=0x3fff=7.255.7,prio=5,via=as-msc,st=available) Creating route: pc=2058=1.1.2 mask=0x3fff=7.255.7 prio=5 dyn via AS as-msc proto=m3ua[0;m
[38;5;43mWed Sep 30 12:29:29 2026 <0023> ss7_route.c:409 0: RT(dpc=2058=1.1.2,mask=0x3fff=7.255.7,prio=5,via=as-msc,st=available) changed to status 'unavailable'[0;m
[38;5;49mWed Sep 30 12:29:30 2026 <0026> xua_snm.c:536 0: ASP(asp-to-stp) Rx DAVA() for 1.1.3/0[0;m
[38;5;43mWed Sep 30 12:29:30 2026 <0023> ss7_route.c:409 0: RT(dpc=2059=1.1.3,mask=0x3fff=7.255.7,prio=5,via=as-msc,st=available) changed to status 'available'[0;m
[38;5;43mWed Sep 30 12:29:30 2026 <0023> ss7_combined_linkset.c:297 0: CombinedLinkset(dpc=2059=1.1.3,mask=0x3fff=7.255.7,prio=5) RT loookup: OPC=2057=1.1.1,DPC=2059=1.1.3,SLS=0 -> eSLS=32: picked Normal Route via 'as-msc' round-robin style (available)[0;m
[38;5;43mWed Sep 30 12:29:51 2026 <0023> ss7_combined_linkset.c:297 0: CombinedLinkset(dpc=2059=1.1.3,mask=0x3fff=7.255.7,prio=5) RT loookup: OPC=2057=1.1.1,DPC=2059=1.1.3,SLS=1 -> eSLS=33: picked Normal Route via 'as-msc' round-robin style (available)[0;m
[1;38mWed Sep 30 12:29:51 2026 <0008> ran_peer.c:123 ran_peer(GERAN-A:RI-SSN_PC:PC-1-1-3:SSN-BSSAP)[0x62d58dc1f8b0]{READY}: Added seen cell to this RAN peer: CGI:001-01-1-6012[0;m
Wed Sep 30 12:29:53 2026 <0009> gsm_04_08.c:1548 msub(IMSI-001010001000002:MSISDN-100102) VLR: update for IMSI=001010001000002 (MSISDN=100102)
Wed Sep 30 12:29:53 2026 <0009> gsm_04_08.c:1548 msub(IMSI-001010001000002:MSISDN-100102:TMSInew-0x7D44FA71) VLR: update for IMSI=001010001000002 (MSISDN=100102)
Wed Sep 30 12:29:54 2026 <0009> gsm_04_08.c:1548 msub(IMSI-001010001000002:MSISDN-100102:TMSI-0x7D44FA71) VLR: update for IMSI=001010001000002 (MSISDN=100102)
[38;5;43mWed Sep 30 12:29:59 2026 <0023> ss7_combined_linkset.c:297 0: CombinedLinkset(dpc=2059=1.1.3,mask=0x3fff=7.255.7,prio=5) RT loookup: OPC=2057=1.1.1,DPC=2059=1.1.3,SLS=2 -> eSLS=34: picked Normal Route via 'as-msc' round-robin style (available)[0;m
[1;38mWed Sep 30 12:29:59 2026 <0008> ran_peer.c:123 ran_peer(GERAN-A:RI-SSN_PC:PC-1-1-3:SSN-BSSAP)[0x62d58dc1f8b0]{READY}: Added seen cell to this RAN peer: CGI:001-01-1-6001[0;m
Wed Sep 30 12:30:02 2026 <0009> gsm_04_08.c:1548 msub(IMSI-001010001000001:MSISDN-100101) VLR: update for IMSI=001010001000001 (MSISDN=100101)
Wed Sep 30 12:30:02 2026 <0009> gsm_04_08.c:1548 msub(IMSI-001010001000001:MSISDN-100101:TMSInew-0x824F82E4) VLR: update for IMSI=001010001000001 (MSISDN=100101)
Wed Sep 30 12:30:03 2026 <0009> gsm_04_08.c:1548 msub(IMSI-001010001000001:MSISDN-100101:TMSI-0x824F82E4) VLR: update for IMSI=001010001000001 (MSISDN=100101)
[38;5;43mWed Sep 30 12:32:40 2026 <0023> ss7_combined_linkset.c:297 0: CombinedLinkset(dpc=2059=1.1.3,mask=0x3fff=7.255.7,prio=5) RT loookup: OPC=2057=1.1.1,DPC=2059=1.1.3,SLS=3 -> eSLS=35: picked Normal Route via 'as-msc' round-robin style (available)[0;m
[38;5;31mWed Sep 30 12:32:42 2026 <001d> gsm0411_smc.c:94 SMC(0) instance created for network[0;m
[38;5;31mWed Sep 30 12:32:42 2026 <001d> gsm0411_smr.c:90 SMR(0) instance created for network.[0;m
[38;5;31mWed Sep 30 12:32:42 2026 <001d> gsm0411_smc.c:573 SMC(0) message MMSMS-EST-IND (CP DATA) received in state IDLE[0;m
[38;5;31mWed Sep 30 12:32:42 2026 <001d> gsm0411_smc.c:291 SMC(0) received CP-DATA[0;m
[38;5;31mWed Sep 30 12:32:42 2026 <001d> gsm0411_smc.c:140 SMC(0) new CP state IDLE -> MM_ESTABLISHED[0;m
[38;5;31mWed Sep 30 12:32:42 2026 <001d> gsm0411_smr.c:487 SMR(0) message MNSMS-EST-IND received in state IDLE[0;m
[38;5;31mWed Sep 30 12:32:42 2026 <001d> gsm0411_smr.c:144 SMR(0) new RP state IDLE -> WAIT_TO_TX_RP_ACK[0;m
[38;5;31mWed Sep 30 12:32:42 2026 <001d> gsm0411_smr.c:420 SMR(0) message SM-RL-REPORT_REQ received in state WAIT_TO_TX_RP_ACK[0;m
[38;5;31mWed Sep 30 12:32:42 2026 <001d> gsm0411_smr.c:144 SMR(0) new RP state WAIT_TO_TX_RP_ACK -> IDLE[0;m
[38;5;31mWed Sep 30 12:32:42 2026 <001d> gsm0411_smc.c:473 SMC(0) message MNSMS-DATA-REQ received in state MM_ESTABLISHED[0;m
[38;5;31mWed Sep 30 12:32:42 2026 <001d> gsm0411_smc.c:188 SMC(0) send CP data[0;m
[38;5;31mWed Sep 30 12:32:42 2026 <001d> gsm0411_smc.c:140 SMC(0) new CP state MM_ESTABLISHED -> WAIT_CP_ACK[0;m
[38;5;31mWed Sep 30 12:32:42 2026 <001d> gsm0411_smc.c:473 SMC(0) message MNSMS-REL-REQ received in state WAIT_CP_ACK[0;m
[38;5;31mWed Sep 30 12:32:42 2026 <001d> gsm0411_smc.c:338 SMC(0) cannot release yet current state: WAIT_CP_ACK[0;m
[38;5;31mWed Sep 30 12:32:43 2026 <001d> gsm0411_smc.c:94 SMC(0) instance created for network[0;m
[38;5;31mWed Sep 30 12:32:43 2026 <001d> gsm0411_smr.c:90 SMR(0) instance created for network.[0;m
[38;5;31mWed Sep 30 12:32:43 2026 <001d> gsm_04_11.c:1195 trans(SMS IMSI-001010001000002:MSISDN-100102:TMSI-0x7D44FA71 callref-0x40000002 tid-0) Going to send a MT SMS[0;m
[38;5;31mWed Sep 30 12:32:43 2026 <001d> gsm0411_smr.c:420 SMR(0) message SM-RL-DATA_REQ received in state IDLE[0;m
[38;5;31mWed Sep 30 12:32:43 2026 <001d> gsm0411_smr.c:144 SMR(0) new RP state IDLE -> WAIT_FOR_RP_ACK[0;m
[38;5;31mWed Sep 30 12:32:43 2026 <001d> gsm0411_smc.c:473 SMC(0) message MNSMS-EST-REQ received in state IDLE[0;m
[38;5;31mWed Sep 30 12:32:43 2026 <001d> gsm0411_smc.c:140 SMC(0) new CP state IDLE -> MM_CONN_PENDING[0;m
[38;5;43mWed Sep 30 12:32:43 2026 <0023> ss7_combined_linkset.c:297 0: CombinedLinkset(dpc=2059=1.1.3,mask=0x3fff=7.255.7,prio=5) RT loookup: OPC=2057=1.1.1,DPC=2059=1.1.3,SLS=4 -> eSLS=36: picked Normal Route via 'as-msc' round-robin style (available)[0;m
[38;5;31mWed Sep 30 12:32:44 2026 <001d> gsm0411_smc.c:573 SMC(0) message MMSMS-DATA-IND (CP ACK) received in state WAIT_CP_ACK[0;m
[38;5;31mWed Sep 30 12:32:44 2026 <001d> gsm0411_smc.c:263 SMC(0) received CP-ACK[0;m
[38;5;31mWed Sep 30 12:32:44 2026 <001d> gsm0411_smc.c:140 SMC(0) new CP state WAIT_CP_ACK -> MM_ESTABLISHED[0;m
[38;5;31mWed Sep 30 12:32:44 2026 <001d> gsm0411_smc.c:274 SMC(0) we have pending release.[0;m
[38;5;31mWed Sep 30 12:32:44 2026 <001d> gsm0411_smc.c:140 SMC(0) new CP state MM_ESTABLISHED -> IDLE[0;m
[38;5;31mWed Sep 30 12:32:44 2026 <001d> gsm0411_smr.c:98 SMR(0) clearing SMR instance[0;m
[38;5;31mWed Sep 30 12:32:44 2026 <001d> gsm0411_smc.c:102 SMC(0) clearing instance[0;m
[38;5;31mWed Sep 30 12:32:44 2026 <001d> gsm0411_smc.c:573 SMC(0) message MMSMS-EST-CNF received in state MM_CONN_PENDING[0;m
[38;5;31mWed Sep 30 12:32:44 2026 <001d> gsm0411_smc.c:188 SMC(0) send CP data[0;m
[38;5;31mWed Sep 30 12:32:44 2026 <001d> gsm0411_smc.c:140 SMC(0) new CP state MM_CONN_PENDING -> WAIT_CP_ACK[0;m
[38;5;31mWed Sep 30 12:32:46 2026 <001d> gsm0411_smc.c:573 SMC(0) message MMSMS-DATA-IND (CP ACK) received in state WAIT_CP_ACK[0;m
[38;5;31mWed Sep 30 12:32:46 2026 <001d> gsm0411_smc.c:263 SMC(0) received CP-ACK[0;m
[38;5;31mWed Sep 30 12:32:46 2026 <001d> gsm0411_smc.c:140 SMC(0) new CP state WAIT_CP_ACK -> MM_ESTABLISHED[0;m
[38;5;31mWed Sep 30 12:32:46 2026 <001d> gsm0411_smc.c:573 SMC(0) message MMSMS-DATA-IND (CP DATA) received in state MM_ESTABLISHED[0;m
[38;5;31mWed Sep 30 12:32:46 2026 <001d> gsm0411_smc.c:291 SMC(0) received CP-DATA[0;m
[38;5;31mWed Sep 30 12:32:46 2026 <001d> gsm0411_smr.c:487 SMR(0) message MNSMS-DATA-IND received in state WAIT_FOR_RP_ACK[0;m
[38;5;31mWed Sep 30 12:32:46 2026 <001d> gsm0411_smr.c:144 SMR(0) new RP state WAIT_FOR_RP_ACK -> IDLE[0;m
[38;5;31mWed Sep 30 12:32:46 2026 <001d> gsm0411_smc.c:473 SMC(0) message MNSMS-REL-REQ received in state MM_ESTABLISHED[0;m
[38;5;31mWed Sep 30 12:32:46 2026 <001d> gsm0411_smc.c:140 SMC(0) new CP state MM_ESTABLISHED -> IDLE[0;m
[38;5;31mWed Sep 30 12:32:46 2026 <001d> gsm0411_smr.c:98 SMR(0) clearing SMR instance[0;m
[38;5;31mWed Sep 30 12:32:46 2026 <001d> gsm0411_smc.c:102 SMC(0) clearing instance[0;m
[38;5;31mWed Sep 30 12:32:54 2026 <001d> gsm0411_smc.c:94 SMC(0) instance created for network[0;m
[38;5;31mWed Sep 30 12:32:54 2026 <001d> gsm0411_smr.c:90 SMR(0) instance created for network.[0;m
[38;5;31mWed Sep 30 12:32:54 2026 <001d> gsm_04_11.c:1195 trans(SMS IMSI-001010001000001:MSISDN-100101:TMSI-0x824F82E4 callref-0x40000003 tid-0) Going to send a MT SMS[0;m
[38;5;31mWed Sep 30 12:32:54 2026 <001d> gsm0411_smr.c:420 SMR(0) message SM-RL-DATA_REQ received in state IDLE[0;m
[38;5;31mWed Sep 30 12:32:54 2026 <001d> gsm0411_smr.c:144 SMR(0) new RP state IDLE -> WAIT_FOR_RP_ACK[0;m
[38;5;31mWed Sep 30 12:32:54 2026 <001d> gsm0411_smc.c:473 SMC(0) message MNSMS-EST-REQ received in state IDLE[0;m
[38;5;31mWed Sep 30 12:32:54 2026 <001d> gsm0411_smc.c:140 SMC(0) new CP state IDLE -> MM_CONN_PENDING[0;m
[38;5;43mWed Sep 30 12:33:00 2026 <0023> ss7_combined_linkset.c:297 0: CombinedLinkset(dpc=2059=1.1.3,mask=0x3fff=7.255.7,prio=5) RT loookup: OPC=2057=1.1.1,DPC=2059=1.1.3,SLS=5 -> eSLS=37: picked Normal Route via 'as-msc' round-robin style (available)[0;m
[38;5;31mWed Sep 30 12:33:01 2026 <001d> gsm0411_smc.c:573 SMC(0) message MMSMS-EST-CNF received in state MM_CONN_PENDING[0;m
[38;5;31mWed Sep 30 12:33:01 2026 <001d> gsm0411_smc.c:188 SMC(0) send CP data[0;m
[38;5;31mWed Sep 30 12:33:01 2026 <001d> gsm0411_smc.c:140 SMC(0) new CP state MM_CONN_PENDING -> WAIT_CP_ACK[0;m
[38;5;31mWed Sep 30 12:33:11 2026 <001d> gsm0411_smc.c:249 SMC(0) TC1* timeout, retrying...[0;m
[38;5;31mWed Sep 30 12:33:11 2026 <001d> gsm0411_smc.c:188 SMC(0) send CP data[0;m
[38;5;31mWed Sep 30 12:33:11 2026 <001d> gsm0411_smc.c:140 SMC(0) new CP state WAIT_CP_ACK -> WAIT_CP_ACK[0;m
[38;5;31mWed Sep 30 12:33:21 2026 <001d> gsm0411_smc.c:249 SMC(0) TC1* timeout, retrying...[0;m
[38;5;31mWed Sep 30 12:33:21 2026 <001d> gsm0411_smc.c:188 SMC(0) send CP data[0;m
[38;5;31mWed Sep 30 12:33:21 2026 <001d> gsm0411_smc.c:140 SMC(0) new CP state WAIT_CP_ACK -> WAIT_CP_ACK[0;m
[38;5;31mWed Sep 30 12:33:30 2026 <001d> gsm0411_smr.c:98 SMR(0) clearing SMR instance[0;m
[38;5;31mWed Sep 30 12:33:30 2026 <001d> gsm0411_smc.c:102 SMC(0) clearing instance[0;m
[38;5;31mWed Sep 30 12:33:30 2026 <001d> gsm0411_smc.c:109 SMC(0) dropping pending message[0;m
[38;5;43mWed Sep 30 12:33:34 2026 <0023> ss7_combined_linkset.c:297 0: CombinedLinkset(dpc=2059=1.1.3,mask=0x3fff=7.255.7,prio=5) RT loookup: OPC=2057=1.1.1,DPC=2059=1.1.3,SLS=6 -> eSLS=38: picked Normal Route via 'as-msc' round-robin style (available)[0;m
[38;5;43mWed Sep 30 12:33:57 2026 <0023> ss7_combined_linkset.c:297 0: CombinedLinkset(dpc=2059=1.1.3,mask=0x3fff=7.255.7,prio=5) RT loookup: OPC=2057=1.1.1,DPC=2059=1.1.3,SLS=7 -> eSLS=39: picked Normal Route via 'as-msc' round-robin style (available)[0;m
[38;5;43mWed Sep 30 12:34:12 2026 <0023> ss7_combined_linkset.c:297 0: CombinedLinkset(dpc=2059=1.1.3,mask=0x3fff=7.255.7,prio=5) RT loookup: OPC=2057=1.1.1,DPC=2059=1.1.3,SLS=8 -> eSLS=40: picked Normal Route via 'as-msc' round-robin style (available)[0;m
[38;5;43mWed Sep 30 12:34:41 2026 <0023> ss7_combined_linkset.c:297 0: CombinedLinkset(dpc=2059=1.1.3,mask=0x3fff=7.255.7,prio=5) RT loookup: OPC=2057=1.1.1,DPC=2059=1.1.3,SLS=9 -> eSLS=41: picked Normal Route via 'as-msc' round-robin style (available)[0;m
[1;32mWed Sep 30 12:34:42 2026 <0001> transaction.c:151 LCLS: using 14 bits (1 bytes) for node ID[0;m
[1;32mWed Sep 30 12:34:42 2026 <0001> transaction.c:168 LCLS: allocated LAC-based CR-ID 00 00 01 00 01 for callref 0x80000001[0;m
[1;32mWed Sep 30 12:34:42 2026 <0001> gsm_04_08_cc.c:704 trans(CC:NULL IMSI-001010001000001:MSISDN-100101:TMSI-0x824F82E4:GERAN-A-9:CM_SERVICE_REQ callref-0x80000001 tid-8) SETUP to 600[0;m
[1;32mWed Sep 30 12:34:43 2026 <0001> msc_a.c:1597 trans(CC:INITIATED IMSI-001010001000001:MSISDN-100101:TMSI-0x824F82E4:GERAN-A-9:CM_SERVICE_REQ callref-0x80000001 tid-8) Assignment Complete: RAN: GSM#3, CN: GSM#3[0;m
[38;5;43mWed Sep 30 12:35:00 2026 <0023> ss7_combined_linkset.c:297 0: CombinedLinkset(dpc=2059=1.1.3,mask=0x3fff=7.255.7,prio=5) RT loookup: OPC=2057=1.1.1,DPC=2059=1.1.3,SLS=10 -> eSLS=42: picked Normal Route via 'as-msc' round-robin style (available)[0;m
[1;32mWed Sep 30 12:35:02 2026 <0001> transaction.c:151 LCLS: using 14 bits (1 bytes) for node ID[0;m
[1;32mWed Sep 30 12:35:02 2026 <0001> transaction.c:168 LCLS: allocated LAC-based CR-ID 00 00 02 00 01 for callref 0x80000002[0;m
[1;32mWed Sep 30 12:35:02 2026 <0001> gsm_04_08_cc.c:704 trans(CC:NULL IMSI-001010001000001:MSISDN-100101:TMSI-0x824F82E4:GERAN-A-10:CM_SERVICE_REQ callref-0x80000002 tid-8) SETUP to 600[0;m
[1;32mWed Sep 30 12:35:02 2026 <0001> msc_a.c:1597 trans(CC:INITIATED IMSI-001010001000001:MSISDN-100101:TMSI-0x824F82E4:GERAN-A-10:CM_SERVICE_REQ callref-0x80000002 tid-8) Assignment Complete: RAN: GSM#3, CN: GSM#3[0;m
Wed Sep 30 12:35:53 2026 <0013> ran_msg_a.c:1184 msc_a(IMSI-001010001000001:MSISDN-100101:TMSI-0x824F82E4:GERAN-A-10:CM_SERVICE_REQ)[0x62d58dc1f570]{MSC_A_ST_COMMUNICATING}: RAN decode: BSSMAP: BSSMAP data truncated, discarding message: msgb_l3len(bssmap) == 26 < bssmap_header->length == 29
[1;39mWed Sep 30 12:56:34 2026 <0007> mncc_sock.c:72 MNCC Socket has LOST connection[0;m
[1;32mWed Sep 30 12:56:34 2026 <0001> gsm_04_08.c:91 Clearing all currently active transactions!!![0;m
[38;5;49mWed Sep 30 12:56:35 2026 <0026> xua_snm.c:501 0: ASP(asp-to-stp) Rx DUNA() for 1.1.3/0[0;m
[38;5;43mWed Sep 30 12:56:35 2026 <0023> ss7_route.c:409 0: RT(dpc=2059=1.1.3,mask=0x3fff=7.255.7,prio=5,via=as-msc,st=available) changed to status 'unavailable'[0;m
Wed Sep 30 12:56:35 2026 <0013> sccp_ran.c:167 ran_peer(GERAN-A:RI-SSN_PC:PC-1-1-3:SSN-BSSAP)[0x62d58dc1f8b0]{READY}: now unreachable: N-PCSTATE ind: pc=2059=1.1.3 sp_status=INACCESSIBLE remote_sccp_status=UNAVAILABLE_UNKNOWN
Wed Sep 30 12:56:35 2026 <0009> msc_main.c:285 Terminating due to signal 15
[38;5;43mWed Sep 30 12:56:53 2026 <0023> ss7_instance.c:98 0: Creating SS7 Instance[0;m
[38;5;43mWed Sep 30 12:56:53 2026 <0023> ss7_route_table.c:62 0: Creating Route Table system[0;m
[38;5;43mWed Sep 30 12:56:53 2026 <0023> ss7_asp_vty.c:673 0: ASP(asp-to-stp) Applying Adm State change: ENABLED -> ENABLED[0;m
[38;5;43mWed Sep 30 12:56:53 2026 <0023> ss7_asp.c:892 0: ASP(asp-to-stp) Restarting ASP asp-to-stp, r=127.0.0.2:2905<->l=127.0.0.1:2906[0;m
[38;5;43mWed Sep 30 12:56:53 2026 <0023> ss7_instance.c:380 0: AS(as-msc) Created AS[0;m
[38;5;43mWed Sep 30 12:56:53 2026 <0023> ss7_as.c:185 0: AS(as-msc) Adding ASP asp-to-stp to AS[0;m
[1;39mWed Sep 30 12:56:53 2026 <0007> mncc_sock.c:300 MNCC socket at /tmp/msc_mncc[0;m
Wed Sep 30 12:56:53 2026 <0017> telnet_interface.c:88 Available via telnet 127.0.0.1 4254
Wed Sep 30 12:56:53 2026 <000f> smpp_smsc.c:990 SMPP at 0.0.0.0 2775
[38;5;33mWed Sep 30 12:56:53 2026 <001e> control_if.c:1026 CTRL at 127.0.0.1 4255[0;m
[38;5;39mWed Sep 30 12:56:53 2026 <0021> gsup_client.c:77 GSUP connecting to 127.0.0.2:4222[0;m
Wed Sep 30 12:56:53 2026 <000c> db.c:518 Init database connection to 'sms.db' using SQLite3 lib version 3.45.1
[38;5;51mWed Sep 30 12:56:53 2026 <0027> mgcp_client.c:945 MGW(mgw) MGCP client: using endpoint domain '@mgw'[0;m
Wed Sep 30 12:56:53 2026 <0009> msc_main.c:576 MGW pool with 1 pool members configured, (ignoring MGW configuration in VTY node 'msc').
[38;5;45mWed Sep 30 12:56:53 2026 <0024> sccp_instance.c:655 OsmoMSC-A: Using SS7 instance 0, pc:1.1.1[0;m
[38;5;45mWed Sep 30 12:56:53 2026 <0024> sccp_instance.c:673 OsmoMSC-A: Using AS instance as-msc[0;m
[38;5;45mWed Sep 30 12:56:53 2026 <0024> sccp_instance.c:679 OsmoMSC-A: Creating default route[0;m
[38;5;43mWed Sep 30 12:56:53 2026 <0023> ss7_route.c:143 0: RT(dpc=0=0.0.0,mask=0x0=0.0.0,prio=5,via=as-msc,st=available) Creating route: pc=0=0.0.0 mask=0x0=0.0.0 prio=5 dyn via AS as-msc proto=m3ua[0;m
[38;5;45mWed Sep 30 12:56:53 2026 <0024> sccp_instance.c:784 OsmoMSC-A: Using ASP instance asp-to-stp[0;m
[38;5;43mWed Sep 30 12:56:53 2026 <0023> ss7_instance.c:214 0: Creating SCCP instance[0;m
Wed Sep 30 12:56:53 2026 <0014> sgs_server.c:186 SGs socket bound to r=NULL<->l=127.0.0.1:29118
Wed Sep 30 12:56:53 2026 <0009> msc_main.c:790 A-interface: SCCP user OsmoMSC-A:RI=SSN_PC,PC=(no PC),SSN=BSSAP, cs7-instance 0 ((null))
[38;5;43mWed Sep 30 12:56:53 2026 <0023> ss7_asp.c:1202 0: ASP(asp-to-stp) Client connected (r=127.0.0.2:2905<->l=127.0.0.1:2906)[0;m
[38;5;23mWed Sep 30 12:56:53 2026 <0019> input/ipa.c:144 127.0.0.2:4222 connection done[0;m
[38;5;23mWed Sep 30 12:56:53 2026 <0019> input/ipa.c:617 received ID_GET for unit ID 0/0/0[0;m
[1;39mWed Sep 30 12:56:55 2026 <0007> mncc_sock.c:257 MNCC Socket has connection with external call control application[0;m
[38;5;43mWed Sep 30 12:56:55 2026 <0023> xua_rkm.c:477 0: ASP(asp-to-stp) Received RKM REG RES rctx=110 status=SUCCESS[0;m
[38;5;49mWed Sep 30 12:56:55 2026 <0026> m3ua.c:707 0: ASP(asp-to-stp) Received NOTIFY Type State Change:AS Inactive ()[0;m
[38;5;43mWed Sep 30 12:56:55 2026 <0023> xua_as_fsm.c:430 0: AS(as-msc) AS became active, some routes to remote PCs may have become available[0;m
[38;5;43mWed Sep 30 12:56:55 2026 <0023> xua_as_fsm.c:471 0: AS(as-msc) AS became active => address-book pc=2059=1.1.3 is now available[0;m
[38;5;43mWed Sep 30 12:56:55 2026 <0023> ss7_route.c:143 0: RT(dpc=2059=1.1.3,mask=0x3fff=7.255.7,prio=5,via=as-msc,st=available) Creating route: pc=2059=1.1.3 mask=0x3fff=7.255.7 prio=5 dyn via AS as-msc proto=m3ua[0;m
[38;5;43mWed Sep 30 12:56:55 2026 <0023> ss7_route.c:409 0: RT(dpc=2059=1.1.3,mask=0x3fff=7.255.7,prio=5,via=as-msc,st=available) changed to status 'available'[0;m
[38;5;43mWed Sep 30 12:56:55 2026 <0023> xua_default_lm_fsm.c:406 xua_default_lm(asp-to-stp)[0x646dd6009580]{ACTIVE}: Ignoring primitive M-ASP_ACTIVE.confirm[0;m
[38;5;49mWed Sep 30 12:56:55 2026 <0026> m3ua.c:707 0: ASP(asp-to-stp) Received NOTIFY Type State Change:AS Active ()[0;m
[38;5;49mWed Sep 30 12:56:55 2026 <0026> xua_snm.c:501 0: ASP(asp-to-stp) Rx DUNA(RFC4666 4.5.1) for 1.1.2/0[0;m
[38;5;43mWed Sep 30 12:56:55 2026 <0023> ss7_route.c:143 0: RT(dpc=2058=1.1.2,mask=0x3fff=7.255.7,prio=5,via=as-msc,st=available) Creating route: pc=2058=1.1.2 mask=0x3fff=7.255.7 prio=5 dyn via AS as-msc proto=m3ua[0;m
[38;5;43mWed Sep 30 12:56:55 2026 <0023> ss7_route.c:409 0: RT(dpc=2058=1.1.2,mask=0x3fff=7.255.7,prio=5,via=as-msc,st=available) changed to status 'unavailable'[0;m
[38;5;49mWed Sep 30 12:56:55 2026 <0026> xua_snm.c:536 0: ASP(asp-to-stp) Rx DAVA() for 1.1.3/0[0;m
[38;5;43mWed Sep 30 12:56:55 2026 <0023> ss7_route.c:409 0: RT(dpc=2059=1.1.3,mask=0x3fff=7.255.7,prio=5,via=as-msc,st=available) changed to status 'available'[0;m
[38;5;43mWed Sep 30 12:56:55 2026 <0023> ss7_combined_linkset.c:297 0: CombinedLinkset(dpc=2059=1.1.3,mask=0x3fff=7.255.7,prio=5) RT loookup: OPC=2057=1.1.1,DPC=2059=1.1.3,SLS=0 -> eSLS=32: picked Normal Route via 'as-msc' round-robin style (available)[0;m
[38;5;43mWed Sep 30 12:56:58 2026 <0023> ss7_asp.c:998 0: ASP(asp-to-stp) xUA CLNT SCTP NOTIFICATION 32770 flags=0x0[0;m
[38;5;43mWed Sep 30 12:56:58 2026 <0023> ss7_asp.c:1014 0: ASP(asp-to-stp) xUA CLNT SCTP_PEER_ADDR_CHANGE: ADDR_CONFIRMED 127.0.0.1:2905 err=None[0;m
[38;5;43mWed Sep 30 12:57:16 2026 <0023> ss7_combined_linkset.c:297 0: CombinedLinkset(dpc=2059=1.1.3,mask=0x3fff=7.255.7,prio=5) RT loookup: OPC=2057=1.1.1,DPC=2059=1.1.3,SLS=1 -> eSLS=33: picked Normal Route via 'as-msc' round-robin style (available)[0;m
[1;38mWed Sep 30 12:57:16 2026 <0008> ran_peer.c:123 ran_peer(GERAN-A:RI-SSN_PC:PC-1-1-3:SSN-BSSAP)[0x646dd619b8b0]{READY}: Added seen cell to this RAN peer: CGI:001-01-1-6012[0;m
Wed Sep 30 12:57:18 2026 <0009> gsm_04_08.c:1548 msub(IMSI-001010001000002:MSISDN-100102) VLR: update for IMSI=001010001000002 (MSISDN=100102)
Wed Sep 30 12:57:18 2026 <0009> gsm_04_08.c:1548 msub(IMSI-001010001000002:MSISDN-100102:TMSInew-0x0657CA11) VLR: update for IMSI=001010001000002 (MSISDN=100102)
Wed Sep 30 12:57:18 2026 <0009> gsm_04_08.c:1548 msub(IMSI-001010001000002:MSISDN-100102:TMSI-0x0657CA11) VLR: update for IMSI=001010001000002 (MSISDN=100102)
[38;5;43mWed Sep 30 12:57:23 2026 <0023> ss7_combined_linkset.c:297 0: CombinedLinkset(dpc=2059=1.1.3,mask=0x3fff=7.255.7,prio=5) RT loookup: OPC=2057=1.1.1,DPC=2059=1.1.3,SLS=2 -> eSLS=34: picked Normal Route via 'as-msc' round-robin style (available)[0;m
[1;38mWed Sep 30 12:57:23 2026 <0008> ran_peer.c:123 ran_peer(GERAN-A:RI-SSN_PC:PC-1-1-3:SSN-BSSAP)[0x646dd619b8b0]{READY}: Added seen cell to this RAN peer: CGI:001-01-1-6001[0;m
Wed Sep 30 12:57:26 2026 <0009> gsm_04_08.c:1548 msub(IMSI-001010001000001:MSISDN-100101) VLR: update for IMSI=001010001000001 (MSISDN=100101)
Wed Sep 30 12:57:26 2026 <0009> gsm_04_08.c:1548 msub(IMSI-001010001000001:MSISDN-100101:TMSInew-0x03CDB407) VLR: update for IMSI=001010001000001 (MSISDN=100101)
Wed Sep 30 12:57:27 2026 <0009> gsm_04_08.c:1548 msub(IMSI-001010001000001:MSISDN-100101:TMSI-0x03CDB407) VLR: update for IMSI=001010001000001 (MSISDN=100101)
[38;5;43mWed Sep 30 12:59:37 2026 <0023> ss7_combined_linkset.c:297 0: CombinedLinkset(dpc=2059=1.1.3,mask=0x3fff=7.255.7,prio=5) RT loookup: OPC=2057=1.1.1,DPC=2059=1.1.3,SLS=3 -> eSLS=35: picked Normal Route via 'as-msc' round-robin style (available)[0;m
[38;5;31mWed Sep 30 12:59:39 2026 <001d> gsm0411_smc.c:94 SMC(0) instance created for network[0;m
[38;5;31mWed Sep 30 12:59:39 2026 <001d> gsm0411_smr.c:90 SMR(0) instance created for network.[0;m
[38;5;31mWed Sep 30 12:59:39 2026 <001d> gsm0411_smc.c:573 SMC(0) message MMSMS-EST-IND (CP DATA) received in state IDLE[0;m
[38;5;31mWed Sep 30 12:59:39 2026 <001d> gsm0411_smc.c:291 SMC(0) received CP-DATA[0;m
[38;5;31mWed Sep 30 12:59:39 2026 <001d> gsm0411_smc.c:140 SMC(0) new CP state IDLE -> MM_ESTABLISHED[0;m
[38;5;31mWed Sep 30 12:59:39 2026 <001d> gsm0411_smr.c:487 SMR(0) message MNSMS-EST-IND received in state IDLE[0;m
[38;5;31mWed Sep 30 12:59:39 2026 <001d> gsm0411_smr.c:144 SMR(0) new RP state IDLE -> WAIT_TO_TX_RP_ACK[0;m
[38;5;31mWed Sep 30 12:59:39 2026 <001d> gsm0411_smr.c:420 SMR(0) message SM-RL-REPORT_REQ received in state WAIT_TO_TX_RP_ACK[0;m
[38;5;31mWed Sep 30 12:59:39 2026 <001d> gsm0411_smr.c:144 SMR(0) new RP state WAIT_TO_TX_RP_ACK -> IDLE[0;m
[38;5;31mWed Sep 30 12:59:39 2026 <001d> gsm0411_smc.c:473 SMC(0) message MNSMS-DATA-REQ received in state MM_ESTABLISHED[0;m
[38;5;31mWed Sep 30 12:59:39 2026 <001d> gsm0411_smc.c:188 SMC(0) send CP data[0;m
[38;5;31mWed Sep 30 12:59:39 2026 <001d> gsm0411_smc.c:140 SMC(0) new CP state MM_ESTABLISHED -> WAIT_CP_ACK[0;m
[38;5;31mWed Sep 30 12:59:39 2026 <001d> gsm0411_smc.c:473 SMC(0) message MNSMS-REL-REQ received in state WAIT_CP_ACK[0;m
[38;5;31mWed Sep 30 12:59:39 2026 <001d> gsm0411_smc.c:338 SMC(0) cannot release yet current state: WAIT_CP_ACK[0;m
[38;5;31mWed Sep 30 12:59:39 2026 <001d> gsm0411_smc.c:94 SMC(0) instance created for network[0;m
[38;5;31mWed Sep 30 12:59:39 2026 <001d> gsm0411_smr.c:90 SMR(0) instance created for network.[0;m
[38;5;31mWed Sep 30 12:59:39 2026 <001d> gsm_04_11.c:1195 trans(SMS IMSI-001010001000002:MSISDN-100102:TMSI-0x0657CA11 callref-0x40000002 tid-0) Going to send a MT SMS[0;m
[38;5;31mWed Sep 30 12:59:39 2026 <001d> gsm0411_smr.c:420 SMR(0) message SM-RL-DATA_REQ received in state IDLE[0;m
[38;5;31mWed Sep 30 12:59:39 2026 <001d> gsm0411_smr.c:144 SMR(0) new RP state IDLE -> WAIT_FOR_RP_ACK[0;m
[38;5;31mWed Sep 30 12:59:39 2026 <001d> gsm0411_smc.c:473 SMC(0) message MNSMS-EST-REQ received in state IDLE[0;m
[38;5;31mWed Sep 30 12:59:39 2026 <001d> gsm0411_smc.c:140 SMC(0) new CP state IDLE -> MM_CONN_PENDING[0;m
[38;5;31mWed Sep 30 12:59:41 2026 <001d> gsm0411_smc.c:573 SMC(0) message MMSMS-DATA-IND (CP ACK) received in state WAIT_CP_ACK[0;m
[38;5;31mWed Sep 30 12:59:41 2026 <001d> gsm0411_smc.c:263 SMC(0) received CP-ACK[0;m
[38;5;31mWed Sep 30 12:59:41 2026 <001d> gsm0411_smc.c:140 SMC(0) new CP state WAIT_CP_ACK -> MM_ESTABLISHED[0;m
[38;5;31mWed Sep 30 12:59:41 2026 <001d> gsm0411_smc.c:274 SMC(0) we have pending release.[0;m
[38;5;31mWed Sep 30 12:59:41 2026 <001d> gsm0411_smc.c:140 SMC(0) new CP state MM_ESTABLISHED -> IDLE[0;m
[38;5;31mWed Sep 30 12:59:41 2026 <001d> gsm0411_smr.c:98 SMR(0) clearing SMR instance[0;m
[38;5;31mWed Sep 30 12:59:41 2026 <001d> gsm0411_smc.c:102 SMC(0) clearing instance[0;m
[38;5;43mWed Sep 30 12:59:41 2026 <0023> ss7_combined_linkset.c:297 0: CombinedLinkset(dpc=2059=1.1.3,mask=0x3fff=7.255.7,prio=5) RT loookup: OPC=2057=1.1.1,DPC=2059=1.1.3,SLS=4 -> eSLS=36: picked Normal Route via 'as-msc' round-robin style (available)[0;m
[38;5;31mWed Sep 30 12:59:42 2026 <001d> gsm0411_smc.c:573 SMC(0) message MMSMS-EST-CNF received in state MM_CONN_PENDING[0;m
[38;5;31mWed Sep 30 12:59:42 2026 <001d> gsm0411_smc.c:188 SMC(0) send CP data[0;m
[38;5;31mWed Sep 30 12:59:42 2026 <001d> gsm0411_smc.c:140 SMC(0) new CP state MM_CONN_PENDING -> WAIT_CP_ACK[0;m
[38;5;31mWed Sep 30 12:59:43 2026 <001d> gsm0411_smc.c:573 SMC(0) message MMSMS-DATA-IND (CP ACK) received in state WAIT_CP_ACK[0;m
[38;5;31mWed Sep 30 12:59:43 2026 <001d> gsm0411_smc.c:263 SMC(0) received CP-ACK[0;m
[38;5;31mWed Sep 30 12:59:43 2026 <001d> gsm0411_smc.c:140 SMC(0) new CP state WAIT_CP_ACK -> MM_ESTABLISHED[0;m
[38;5;31mWed Sep 30 12:59:43 2026 <001d> gsm0411_smc.c:573 SMC(0) message MMSMS-DATA-IND (CP DATA) received in state MM_ESTABLISHED[0;m
[38;5;31mWed Sep 30 12:59:43 2026 <001d> gsm0411_smc.c:291 SMC(0) received CP-DATA[0;m
[38;5;31mWed Sep 30 12:59:43 2026 <001d> gsm0411_smr.c:487 SMR(0) message MNSMS-DATA-IND received in state WAIT_FOR_RP_ACK[0;m
[38;5;31mWed Sep 30 12:59:43 2026 <001d> gsm0411_smr.c:144 SMR(0) new RP state WAIT_FOR_RP_ACK -> IDLE[0;m
[38;5;31mWed Sep 30 12:59:43 2026 <001d> gsm0411_smc.c:473 SMC(0) message MNSMS-REL-REQ received in state MM_ESTABLISHED[0;m
[38;5;31mWed Sep 30 12:59:43 2026 <001d> gsm0411_smc.c:140 SMC(0) new CP state MM_ESTABLISHED -> IDLE[0;m
[38;5;31mWed Sep 30 12:59:43 2026 <001d> gsm0411_smr.c:98 SMR(0) clearing SMR instance[0;m
[38;5;31mWed Sep 30 12:59:43 2026 <001d> gsm0411_smc.c:102 SMC(0) clearing instance[0;m
[38;5;31mWed Sep 30 12:59:51 2026 <001d> gsm0411_smc.c:94 SMC(0) instance created for network[0;m
[38;5;31mWed Sep 30 12:59:51 2026 <001d> gsm0411_smr.c:90 SMR(0) instance created for network.[0;m
[38;5;31mWed Sep 30 12:59:51 2026 <001d> gsm_04_11.c:1195 trans(SMS IMSI-001010001000001:MSISDN-100101:TMSI-0x03CDB407 callref-0x40000003 tid-0) Going to send a MT SMS[0;m
[38;5;31mWed Sep 30 12:59:51 2026 <001d> gsm0411_smr.c:420 SMR(0) message SM-RL-DATA_REQ received in state IDLE[0;m
[38;5;31mWed Sep 30 12:59:51 2026 <001d> gsm0411_smr.c:144 SMR(0) new RP state IDLE -> WAIT_FOR_RP_ACK[0;m
[38;5;31mWed Sep 30 12:59:51 2026 <001d> gsm0411_smc.c:473 SMC(0) message MNSMS-EST-REQ received in state IDLE[0;m
[38;5;31mWed Sep 30 12:59:51 2026 <001d> gsm0411_smc.c:140 SMC(0) new CP state IDLE -> MM_CONN_PENDING[0;m
[38;5;43mWed Sep 30 12:59:55 2026 <0023> ss7_combined_linkset.c:297 0: CombinedLinkset(dpc=2059=1.1.3,mask=0x3fff=7.255.7,prio=5) RT loookup: OPC=2057=1.1.1,DPC=2059=1.1.3,SLS=5 -> eSLS=37: picked Normal Route via 'as-msc' round-robin style (available)[0;m
[38;5;31mWed Sep 30 12:59:56 2026 <001d> gsm0411_smc.c:573 SMC(0) message MMSMS-EST-CNF received in state MM_CONN_PENDING[0;m
[38;5;31mWed Sep 30 12:59:56 2026 <001d> gsm0411_smc.c:188 SMC(0) send CP data[0;m
[38;5;31mWed Sep 30 12:59:56 2026 <001d> gsm0411_smc.c:140 SMC(0) new CP state MM_CONN_PENDING -> WAIT_CP_ACK[0;m
[38;5;31mWed Sep 30 12:59:58 2026 <001d> gsm0411_smc.c:573 SMC(0) message MMSMS-DATA-IND (CP ACK) received in state WAIT_CP_ACK[0;m
[38;5;31mWed Sep 30 12:59:58 2026 <001d> gsm0411_smc.c:263 SMC(0) received CP-ACK[0;m
[38;5;31mWed Sep 30 12:59:58 2026 <001d> gsm0411_smc.c:140 SMC(0) new CP state WAIT_CP_ACK -> MM_ESTABLISHED[0;m
[38;5;31mWed Sep 30 12:59:59 2026 <001d> gsm0411_smc.c:573 SMC(0) message MMSMS-DATA-IND (CP DATA) received in state MM_ESTABLISHED[0;m
[38;5;31mWed Sep 30 12:59:59 2026 <001d> gsm0411_smc.c:291 SMC(0) received CP-DATA[0;m
[38;5;31mWed Sep 30 12:59:59 2026 <001d> gsm0411_smr.c:487 SMR(0) message MNSMS-DATA-IND received in state WAIT_FOR_RP_ACK[0;m
[38;5;31mWed Sep 30 12:59:59 2026 <001d> gsm0411_smr.c:144 SMR(0) new RP state WAIT_FOR_RP_ACK -> IDLE[0;m
[38;5;31mWed Sep 30 12:59:59 2026 <001d> gsm0411_smc.c:473 SMC(0) message MNSMS-REL-REQ received in state MM_ESTABLISHED[0;m
[38;5;31mWed Sep 30 12:59:59 2026 <001d> gsm0411_smc.c:140 SMC(0) new CP state MM_ESTABLISHED -> IDLE[0;m
[38;5;31mWed Sep 30 12:59:59 2026 <001d> gsm0411_smr.c:98 SMR(0) clearing SMR instance[0;m
[38;5;31mWed Sep 30 12:59:59 2026 <001d> gsm0411_smc.c:102 SMC(0) clearing instance[0;m
[38;5;43mWed Sep 30 13:00:09 2026 <0023> ss7_combined_linkset.c:297 0: CombinedLinkset(dpc=2059=1.1.3,mask=0x3fff=7.255.7,prio=5) RT loookup: OPC=2057=1.1.1,DPC=2059=1.1.3,SLS=6 -> eSLS=38: picked Normal Route via 'as-msc' round-robin style (available)[0;m
[38;5;43mWed Sep 30 13:00:24 2026 <0023> ss7_combined_linkset.c:297 0: CombinedLinkset(dpc=2059=1.1.3,mask=0x3fff=7.255.7,prio=5) RT loookup: OPC=2057=1.1.1,DPC=2059=1.1.3,SLS=7 -> eSLS=39: picked Normal Route via 'as-msc' round-robin style (available)[0;m
[38;5;43mWed Sep 30 13:00:44 2026 <0023> ss7_combined_linkset.c:297 0: CombinedLinkset(dpc=2059=1.1.3,mask=0x3fff=7.255.7,prio=5) RT loookup: OPC=2057=1.1.1,DPC=2059=1.1.3,SLS=8 -> eSLS=40: picked Normal Route via 'as-msc' round-robin style (available)[0;m
[1;32mWed Sep 30 13:00:45 2026 <0001> transaction.c:151 LCLS: using 14 bits (1 bytes) for node ID[0;m
[1;32mWed Sep 30 13:00:45 2026 <0001> transaction.c:168 LCLS: allocated LAC-based CR-ID 00 00 01 00 01 for callref 0x80000001[0;m
[1;32mWed Sep 30 13:00:45 2026 <0001> gsm_04_08_cc.c:704 trans(CC:NULL IMSI-001010001000001:MSISDN-100101:TMSI-0x03CDB407:GERAN-A-8:CM_SERVICE_REQ callref-0x80000001 tid-8) SETUP to 600[0;m
[1;32mWed Sep 30 13:00:46 2026 <0001> msc_a.c:1597 trans(CC:INITIATED IMSI-001010001000001:MSISDN-100101:TMSI-0x03CDB407:GERAN-A-8:CM_SERVICE_REQ callref-0x80000001 tid-8) Assignment Complete: RAN: GSM#3, CN: GSM#3[0;m
[38;5;43mWed Sep 30 13:01:03 2026 <0023> ss7_combined_linkset.c:297 0: CombinedLinkset(dpc=2059=1.1.3,mask=0x3fff=7.255.7,prio=5) RT loookup: OPC=2057=1.1.1,DPC=2059=1.1.3,SLS=9 -> eSLS=41: picked Normal Route via 'as-msc' round-robin style (available)[0;m
[1;32mWed Sep 30 13:01:05 2026 <0001> transaction.c:151 LCLS: using 14 bits (1 bytes) for node ID[0;m
[1;32mWed Sep 30 13:01:05 2026 <0001> transaction.c:168 LCLS: allocated LAC-based CR-ID 00 00 02 00 01 for callref 0x80000002[0;m
[1;32mWed Sep 30 13:01:05 2026 <0001> gsm_04_08_cc.c:704 trans(CC:NULL IMSI-001010001000001:MSISDN-100101:TMSI-0x03CDB407:GERAN-A-9:CM_SERVICE_REQ callref-0x80000002 tid-8) SETUP to 600[0;m
[1;32mWed Sep 30 13:01:06 2026 <0001> msc_a.c:1597 trans(CC:INITIATED IMSI-001010001000001:MSISDN-100101:TMSI-0x03CDB407:GERAN-A-9:CM_SERVICE_REQ callref-0x80000002 tid-8) Assignment Complete: RAN: GSM#3, CN: GSM#3[0;m
[38;5;43mWed Sep 30 13:01:58 2026 <0023> ss7_combined_linkset.c:297 0: CombinedLinkset(dpc=2059=1.1.3,mask=0x3fff=7.255.7,prio=5) RT loookup: OPC=2057=1.1.1,DPC=2059=1.1.3,SLS=10 -> eSLS=42: picked Normal Route via 'as-msc' round-robin style (available)[0;m
[38;5;31mWed Sep 30 13:02:01 2026 <001d> gsm0411_smc.c:94 SMC(0) instance created for network[0;m
[38;5;31mWed Sep 30 13:02:01 2026 <001d> gsm0411_smr.c:90 SMR(0) instance created for network.[0;m
[38;5;31mWed Sep 30 13:02:01 2026 <001d> gsm0411_smc.c:573 SMC(0) message MMSMS-EST-IND (CP DATA) received in state IDLE[0;m
[38;5;31mWed Sep 30 13:02:01 2026 <001d> gsm0411_smc.c:291 SMC(0) received CP-DATA[0;m
[38;5;31mWed Sep 30 13:02:01 2026 <001d> gsm0411_smc.c:140 SMC(0) new CP state IDLE -> MM_ESTABLISHED[0;m
[38;5;31mWed Sep 30 13:02:01 2026 <001d> gsm0411_smr.c:487 SMR(0) message MNSMS-EST-IND received in state IDLE[0;m
[38;5;31mWed Sep 30 13:02:01 2026 <001d> gsm0411_smr.c:144 SMR(0) new RP state IDLE -> WAIT_TO_TX_RP_ACK[0;m
[38;5;31mWed Sep 30 13:02:01 2026 <001d> gsm0411_smr.c:420 SMR(0) message SM-RL-REPORT_REQ received in state WAIT_TO_TX_RP_ACK[0;m
[38;5;31mWed Sep 30 13:02:01 2026 <001d> gsm0411_smr.c:144 SMR(0) new RP state WAIT_TO_TX_RP_ACK -> IDLE[0;m
[38;5;31mWed Sep 30 13:02:01 2026 <001d> gsm0411_smc.c:473 SMC(0) message MNSMS-DATA-REQ received in state MM_ESTABLISHED[0;m
[38;5;31mWed Sep 30 13:02:01 2026 <001d> gsm0411_smc.c:188 SMC(0) send CP data[0;m
[38;5;31mWed Sep 30 13:02:01 2026 <001d> gsm0411_smc.c:140 SMC(0) new CP state MM_ESTABLISHED -> WAIT_CP_ACK[0;m
[38;5;31mWed Sep 30 13:02:01 2026 <001d> gsm0411_smc.c:473 SMC(0) message MNSMS-REL-REQ received in state WAIT_CP_ACK[0;m
[38;5;31mWed Sep 30 13:02:01 2026 <001d> gsm0411_smc.c:338 SMC(0) cannot release yet current state: WAIT_CP_ACK[0;m
[38;5;31mWed Sep 30 13:02:01 2026 <001d> gsm0411_smc.c:94 SMC(0) instance created for network[0;m
[38;5;31mWed Sep 30 13:02:01 2026 <001d> gsm0411_smr.c:90 SMR(0) instance created for network.[0;m
[38;5;31mWed Sep 30 13:02:01 2026 <001d> gsm_04_11.c:1195 trans(SMS IMSI-001010001000002:MSISDN-100102:TMSI-0x0657CA11 callref-0x40000005 tid-0) Going to send a MT SMS[0;m
[38;5;31mWed Sep 30 13:02:01 2026 <001d> gsm0411_smr.c:420 SMR(0) message SM-RL-DATA_REQ received in state IDLE[0;m
[38;5;31mWed Sep 30 13:02:01 2026 <001d> gsm0411_smr.c:144 SMR(0) new RP state IDLE -> WAIT_FOR_RP_ACK[0;m
[38;5;31mWed Sep 30 13:02:01 2026 <001d> gsm0411_smc.c:473 SMC(0) message MNSMS-EST-REQ received in state IDLE[0;m
[38;5;31mWed Sep 30 13:02:01 2026 <001d> gsm0411_smc.c:140 SMC(0) new CP state IDLE -> MM_CONN_PENDING[0;m
[38;5;31mWed Sep 30 13:02:02 2026 <001d> gsm0411_smc.c:573 SMC(0) message MMSMS-DATA-IND (CP ACK) received in state WAIT_CP_ACK[0;m
[38;5;31mWed Sep 30 13:02:02 2026 <001d> gsm0411_smc.c:263 SMC(0) received CP-ACK[0;m
[38;5;31mWed Sep 30 13:02:02 2026 <001d> gsm0411_smc.c:140 SMC(0) new CP state WAIT_CP_ACK -> MM_ESTABLISHED[0;m
[38;5;31mWed Sep 30 13:02:02 2026 <001d> gsm0411_smc.c:274 SMC(0) we have pending release.[0;m
[38;5;31mWed Sep 30 13:02:02 2026 <001d> gsm0411_smc.c:140 SMC(0) new CP state MM_ESTABLISHED -> IDLE[0;m
[38;5;31mWed Sep 30 13:02:02 2026 <001d> gsm0411_smr.c:98 SMR(0) clearing SMR instance[0;m
[38;5;31mWed Sep 30 13:02:02 2026 <001d> gsm0411_smc.c:102 SMC(0) clearing instance[0;m
[38;5;43mWed Sep 30 13:02:02 2026 <0023> ss7_combined_linkset.c:297 0: CombinedLinkset(dpc=2059=1.1.3,mask=0x3fff=7.255.7,prio=5) RT loookup: OPC=2057=1.1.1,DPC=2059=1.1.3,SLS=11 -> eSLS=43: picked Normal Route via 'as-msc' round-robin style (available)[0;m
[38;5;31mWed Sep 30 13:02:03 2026 <001d> gsm0411_smc.c:573 SMC(0) message MMSMS-EST-CNF received in state MM_CONN_PENDING[0;m
[38;5;31mWed Sep 30 13:02:03 2026 <001d> gsm0411_smc.c:188 SMC(0) send CP data[0;m
[38;5;31mWed Sep 30 13:02:03 2026 <001d> gsm0411_smc.c:140 SMC(0) new CP state MM_CONN_PENDING -> WAIT_CP_ACK[0;m
[38;5;31mWed Sep 30 13:02:04 2026 <001d> gsm0411_smc.c:573 SMC(0) message MMSMS-DATA-IND (CP ACK) received in state WAIT_CP_ACK[0;m
[38;5;31mWed Sep 30 13:02:04 2026 <001d> gsm0411_smc.c:263 SMC(0) received CP-ACK[0;m
[38;5;31mWed Sep 30 13:02:04 2026 <001d> gsm0411_smc.c:140 SMC(0) new CP state WAIT_CP_ACK -> MM_ESTABLISHED[0;m
[38;5;31mWed Sep 30 13:02:05 2026 <001d> gsm0411_smc.c:573 SMC(0) message MMSMS-DATA-IND (CP DATA) received in state MM_ESTABLISHED[0;m
[38;5;31mWed Sep 30 13:02:05 2026 <001d> gsm0411_smc.c:291 SMC(0) received CP-DATA[0;m
[38;5;31mWed Sep 30 13:02:05 2026 <001d> gsm0411_smr.c:487 SMR(0) message MNSMS-DATA-IND received in state WAIT_FOR_RP_ACK[0;m
[38;5;31mWed Sep 30 13:02:05 2026 <001d> gsm0411_smr.c:144 SMR(0) new RP state WAIT_FOR_RP_ACK -> IDLE[0;m
[38;5;31mWed Sep 30 13:02:05 2026 <001d> gsm0411_smc.c:473 SMC(0) message MNSMS-REL-REQ received in state MM_ESTABLISHED[0;m
[38;5;31mWed Sep 30 13:02:05 2026 <001d> gsm0411_smc.c:140 SMC(0) new CP state MM_ESTABLISHED -> IDLE[0;m
[38;5;31mWed Sep 30 13:02:05 2026 <001d> gsm0411_smr.c:98 SMR(0) clearing SMR instance[0;m
[38;5;31mWed Sep 30 13:02:05 2026 <001d> gsm0411_smc.c:102 SMC(0) clearing instance[0;m
[38;5;43mWed Sep 30 13:02:05 2026 <0023> ss7_combined_linkset.c:297 0: CombinedLinkset(dpc=2059=1.1.3,mask=0x3fff=7.255.7,prio=5) RT loookup: OPC=2057=1.1.1,DPC=2059=1.1.3,SLS=12 -> eSLS=44: picked Normal Route via 'as-msc' round-robin style (available)[0;m
[1;32mWed Sep 30 13:02:07 2026 <0001> transaction.c:151 LCLS: using 14 bits (1 bytes) for node ID[0;m
[1;32mWed Sep 30 13:02:07 2026 <0001> transaction.c:168 LCLS: allocated LAC-based CR-ID 00 00 03 00 01 for callref 0x80000003[0;m
[1;32mWed Sep 30 13:02:07 2026 <0001> gsm_04_08_cc.c:704 trans(CC:NULL IMSI-001010001000001:MSISDN-100101:TMSI-0x03CDB407:GERAN-A-12:CM_SERVICE_REQ callref-0x80000003 tid-8) SETUP to 100102[0;m
[1;32mWed Sep 30 13:02:08 2026 <0001> msc_a.c:1597 trans(CC:INITIATED IMSI-001010001000001:MSISDN-100101:TMSI-0x03CDB407:GERAN-A-12:CM_SERVICE_REQ callref-0x80000003 tid-8) Assignment Complete: RAN: GSM#3, CN: GSM#3[0;m
[38;5;43mWed Sep 30 13:02:09 2026 <0023> ss7_combined_linkset.c:297 0: CombinedLinkset(dpc=2059=1.1.3,mask=0x3fff=7.255.7,prio=5) RT loookup: OPC=2057=1.1.1,DPC=2059=1.1.3,SLS=13 -> eSLS=45: picked Normal Route via 'as-msc' round-robin style (available)[0;m
[1;32mWed Sep 30 13:02:10 2026 <0001> transaction.c:151 LCLS: using 14 bits (1 bytes) for node ID[0;m
[1;32mWed Sep 30 13:02:10 2026 <0001> transaction.c:168 LCLS: allocated LAC-based CR-ID 00 13 8c 00 01 for callref 0x138c[0;m
[1;32mWed Sep 30 13:02:11 2026 <0001> msc_a.c:1597 trans(CC:CALL_RECEIVED IMSI-001010001000002:MSISDN-100102:TMSI-0x0657CA11:GERAN-A-13:PAGING_RESP callref-0x138c tid-0) Assignment Complete: RAN: GSM#3, CN: GSM#3[0;m
[1;32mWed Sep 30 13:02:14 2026 <0001> rtp_stream.c:328 rtp_stream(IMSI-001010001000002:MSISDN-100102:TMSI-0x0657CA11:GERAN-A-13:PAGING_RESP:trans-0:call-11:RTP_TO_CN:CI-EA80D820:remote-port-not-sent:codecs-not-sent:mode-not-sent:local-127-0-0-1-4026:remote-127-0-0-1-30182)[0x646dd61adca0]{ESTABLISHING}: Cannot map codec 'telephone-event' to MGCP: codec is unknown[0;m
