[38;5;43mTue Sep 29 21:48:35 2026 [1;33mDLSS7[0;m[38;5;43m [1;33mNOTICE[0;m[38;5;43m 0: ASP(asp-to-stp) Applying Adm State change: ENABLED -> ENABLED (ss7_asp_vty.c:673)[0;m
Tue Sep 29 21:48:35 2026 [1;33mDLGLOBAL[0;m [1;33mNOTICE[0;m Available via telnet 127.0.0.1 4242 (telnet_interface.c:88)
[38;5;23mTue Sep 29 21:48:35 2026 [1;33mDLINP[0;m[38;5;23m [1;33mNOTICE[0;m[38;5;23m E1L(0) enabling ipaccess BSC mode on 0.0.0.0 with OML 3002 and RSL 3003 TCP ports (ipaccess.c:1028)[0;m
[38;5;33mTue Sep 29 21:48:35 2026 [1;33mDLCTRL[0;m[38;5;33m [1;33mNOTICE[0;m[38;5;33m CTRL at 127.0.0.1 4249 (control_if.c:1026)[0;m
[38;5;51mTue Sep 29 21:48:35 2026 [1;33mDLMGCP[0;m[38;5;51m [1;33mNOTICE[0;m[38;5;51m MGW(mgw) MGCP client: using endpoint domain '@mgw' (mgcp_client.c:945)[0;m
[1;36mTue Sep 29 21:48:35 2026 [1;33mDNM[0;m[1;36m [1;33mNOTICE[0;m[1;36m MGW pool with 1 pool members configured, (ignoring MGW configuration in VTY node 'msc'). (osmo_bsc_main.c:869)[0;m
Tue Sep 29 21:48:35 2026 [1;33mDMSC[0;m [1;33mNOTICE[0;m Initializing SCCP connection for A/m3ua on cs7 instance 0 (osmo_bsc_sigtran.c:817)
[38;5;45mTue Sep 29 21:48:35 2026 [1;33mDLSCCP[0;m[38;5;45m [1;33mNOTICE[0;m[38;5;45m A-0-m3ua: Using SS7 instance 0, pc:1.1.3 (sccp_instance.c:655)[0;m
[38;5;45mTue Sep 29 21:48:35 2026 [1;33mDLSCCP[0;m[38;5;45m [1;33mNOTICE[0;m[38;5;45m A-0-m3ua: Using AS instance as-bsc (sccp_instance.c:673)[0;m
[38;5;45mTue Sep 29 21:48:35 2026 [1;33mDLSCCP[0;m[38;5;45m [1;33mNOTICE[0;m[38;5;45m A-0-m3ua: Creating default route (sccp_instance.c:679)[0;m
[38;5;45mTue Sep 29 21:48:35 2026 [1;33mDLSCCP[0;m[38;5;45m [1;33mNOTICE[0;m[38;5;45m A-0-m3ua: Using ASP instance asp-to-stp (sccp_instance.c:784)[0;m
[38;5;43mTue Sep 29 21:48:35 2026 [1;33mDLSS7[0;m[38;5;43m [1;33mNOTICE[0;m[38;5;43m 0: Creating SCCP instance (ss7_instance.c:214)[0;m
Tue Sep 29 21:48:35 2026 [1;33mDMSC[0;m [1;33mNOTICE[0;m (msc=0) A-0-m3ua: local (BSC) SCCP address: RI=SSN_PC,PC=1.1.3,SSN=BSSAP (osmo_bsc_sigtran.c:870)
Tue Sep 29 21:48:35 2026 [1;33mDMSC[0;m [1;33mNOTICE[0;m (msc=0) A-0-m3ua: remote (MSC) SCCP address: RI=SSN_PC,PC=1.1.1,SSN=BSSAP (osmo_bsc_sigtran.c:872)
Tue Sep 29 21:48:35 2026 [1;33mDMSC[0;m [1;33mNOTICE[0;m (msc=0) A-0-m3ua: binding SCCP user (osmo_bsc_sigtran.c:877)
[38;5;45mTue Sep 29 21:48:35 2026 [1;31mDLSCCP[0;m[38;5;45m [1;31mERROR[0;m[38;5;45m 0: SCCP(rctx=0) MTP-TRANSFER.req from SCCP for OPC=2059=1.1.3,DPC=2057=1.1.1,SLS=10: no route! (sccp_scrc.c:177)[0;m
[38;5;45mTue Sep 29 21:48:35 2026 [1;33mDLSCCP[0;m[38;5;45m [1;33mNOTICE[0;m[38;5;45m 0: SCCP(rctx=0) SCRC Routing Failure (MTP failure) for CL message CL:CLDT (sccp_sclc.c:359)[0;m
Tue Sep 29 21:48:35 2026 [1;33mDMSC[0;m [1;33mNOTICE[0;m (msc=0) (calling_addr=RI=2,PC=2057,SSN=254) N-NOTICE.ind cause=5='MTP failure' importance=0 (osmo_bsc_sigtran.c:168)
[38;5;49mTue Sep 29 21:48:37 2026 [1;33mDLM3UA[0;m[38;5;49m [1;33mNOTICE[0;m[38;5;49m 0: ASP(asp-to-stp) Received NOTIFY Type State Change:AS Inactive () (m3ua.c:707)[0;m
[38;5;43mTue Sep 29 21:48:37 2026 [1;33mDLSS7[0;m[38;5;43m [1;33mNOTICE[0;m[38;5;43m 0: RT(dpc=2057=1.1.1,mask=0x3fff=7.255.7,prio=5,via=as-bsc,st=available) changed to status 'available' (ss7_route.c:409)[0;m
Tue Sep 29 21:48:37 2026 [1;33mDMSC[0;m [1;33mNOTICE[0;m (msc=0) now available: N-PCSTATE ind: pc=2057=1.1.1 sp_status=ACCESSIBLE remote_sccp_status=AVAILABLE (osmo_bsc_sigtran.c:319)
[38;5;43mTue Sep 29 21:48:37 2026 [1;33mDLSS7[0;m[38;5;43m [1;33mNOTICE[0;m[38;5;43m xua_default_lm(asp-to-stp)[0x6454ef79d0a0]{ACTIVE}: Ignoring primitive M-ASP_ACTIVE.confirm (xua_default_lm_fsm.c:406)[0;m
[38;5;49mTue Sep 29 21:48:37 2026 [1;33mDLM3UA[0;m[38;5;49m [1;33mNOTICE[0;m[38;5;49m 0: ASP(asp-to-stp) Received NOTIFY Type State Change:AS Active () (m3ua.c:707)[0;m
[38;5;49mTue Sep 29 21:48:37 2026 [1;33mDLM3UA[0;m[38;5;49m [1;33mNOTICE[0;m[38;5;49m 0: ASP(asp-to-stp) Rx DUNA(RFC4666 4.5.1) for 1.1.2/0 (xua_snm.c:501)[0;m
[38;5;43mTue Sep 29 21:48:37 2026 [1;33mDLSS7[0;m[38;5;43m [1;33mNOTICE[0;m[38;5;43m 0: RT(dpc=2058=1.1.2,mask=0x3fff=7.255.7,prio=5,via=as-bsc,st=available) changed to status 'unavailable' (ss7_route.c:409)[0;m
Tue Sep 29 21:48:37 2026 [1;33mDMSC[0;m [1;33mNOTICE[0;m (msc=0) RESET ACK from MSC: RI=SSN_PC,PC=1.1.1,SSN=BSSAP (osmo_bsc_bssap.c:84)
Tue Sep 29 21:48:37 2026 [1;33mDRESET[0;m [1;33mNOTICE[0;m bssmap_reset(msc-0)[0x6454ef81a3b0]{CONNECTED}: link up (bssmap_reset.c:83)
Tue Sep 29 21:48:37 2026 [1;33mDMSC[0;m [1;33mNOTICE[0;m (msc=0) BSSMAP association is up (a_reset.c:45)
[1;36mTue Sep 29 21:48:46 2026 [1;33mDNM[0;m[1;36m [1;33mNOTICE[0;m[1;36m OC=BTS(01) INST=(00,ff,ff): Get Attributes Response: feature 'GPRS' is supported (abis_nm.c:599)[0;m
[1;36mTue Sep 29 21:48:46 2026 [1;33mDNM[0;m[1;36m [1;33mNOTICE[0;m[1;36m OC=BTS(01) INST=(00,ff,ff): Get Attributes Response: feature 'EGPRS' is supported (abis_nm.c:599)[0;m
[1;36mTue Sep 29 21:48:46 2026 [1;33mDNM[0;m[1;36m [1;33mNOTICE[0;m[1;36m OC=BTS(01) INST=(00,ff,ff): Get Attributes Response: feature 'HOPPING' is supported (abis_nm.c:599)[0;m
[1;36mTue Sep 29 21:48:46 2026 [1;33mDNM[0;m[1;36m [1;33mNOTICE[0;m[1;36m OC=BTS(01) INST=(00,ff,ff): Get Attributes Response: feature 'MULTI_TSC' is supported (abis_nm.c:599)[0;m
[1;36mTue Sep 29 21:48:46 2026 [1;33mDNM[0;m[1;36m [1;33mNOTICE[0;m[1;36m OC=BTS(01) INST=(00,ff,ff): Get Attributes Response: feature 'OML_ALERTS' is supported (abis_nm.c:599)[0;m
[1;36mTue Sep 29 21:48:46 2026 [1;33mDNM[0;m[1;36m [1;33mNOTICE[0;m[1;36m OC=BTS(01) INST=(00,ff,ff): Get Attributes Response: feature 'CBCH' is supported (abis_nm.c:599)[0;m
[1;36mTue Sep 29 21:48:46 2026 [1;33mDNM[0;m[1;36m [1;33mNOTICE[0;m[1;36m OC=BTS(01) INST=(00,ff,ff): Get Attributes Response: feature 'SPEECH_F_V1' is supported (abis_nm.c:599)[0;m
[1;36mTue Sep 29 21:48:46 2026 [1;33mDNM[0;m[1;36m [1;33mNOTICE[0;m[1;36m OC=BTS(01) INST=(00,ff,ff): Get Attributes Response: feature 'SPEECH_H_V1' is supported (abis_nm.c:599)[0;m
[1;36mTue Sep 29 21:48:46 2026 [1;33mDNM[0;m[1;36m [1;33mNOTICE[0;m[1;36m OC=BTS(01) INST=(00,ff,ff): Get Attributes Response: feature 'SPEECH_F_EFR' is supported (abis_nm.c:599)[0;m
[1;36mTue Sep 29 21:48:46 2026 [1;33mDNM[0;m[1;36m [1;33mNOTICE[0;m[1;36m OC=BTS(01) INST=(00,ff,ff): Get Attributes Response: feature 'SPEECH_F_AMR' is supported (abis_nm.c:599)[0;m
[1;36mTue Sep 29 21:48:46 2026 [1;33mDNM[0;m[1;36m [1;33mNOTICE[0;m[1;36m OC=BTS(01) INST=(00,ff,ff): Get Attributes Response: feature 'SPEECH_H_AMR' is supported (abis_nm.c:599)[0;m
[1;36mTue Sep 29 21:48:46 2026 [1;33mDNM[0;m[1;36m [1;33mNOTICE[0;m[1;36m OC=BTS(01) INST=(00,ff,ff): Get Attributes Response: feature 'ETWS_PN' is supported (abis_nm.c:599)[0;m
[1;36mTue Sep 29 21:48:46 2026 [1;33mDNM[0;m[1;36m [1;33mNOTICE[0;m[1;36m OC=BTS(01) INST=(00,ff,ff): Get Attributes Response: feature 'PAGING_COORDINATION' is supported (abis_nm.c:599)[0;m
[1;36mTue Sep 29 21:48:46 2026 [1;33mDNM[0;m[1;36m [1;33mNOTICE[0;m[1;36m OC=BTS(01) INST=(00,ff,ff): Get Attributes Response: feature 'IPV6_NSVC' is supported (abis_nm.c:599)[0;m
[1;36mTue Sep 29 21:48:46 2026 [1;33mDNM[0;m[1;36m [1;33mNOTICE[0;m[1;36m OC=BTS(01) INST=(00,ff,ff): Get Attributes Response: feature 'ACCH_REP' is supported (abis_nm.c:599)[0;m
[1;36mTue Sep 29 21:48:46 2026 [1;33mDNM[0;m[1;36m [1;33mNOTICE[0;m[1;36m OC=BTS(01) INST=(00,ff,ff): Get Attributes Response: feature 'CCN' is supported (abis_nm.c:599)[0;m
[1;36mTue Sep 29 21:48:46 2026 [1;33mDNM[0;m[1;36m [1;33mNOTICE[0;m[1;36m OC=BTS(01) INST=(00,ff,ff): Get Attributes Response: feature 'VAMOS' is supported (abis_nm.c:599)[0;m
[1;36mTue Sep 29 21:48:46 2026 [1;33mDNM[0;m[1;36m [1;33mNOTICE[0;m[1;36m OC=BTS(01) INST=(00,ff,ff): Get Attributes Response: feature 'ABIS_OSMO_PCU' is supported (abis_nm.c:599)[0;m
[1;36mTue Sep 29 21:48:46 2026 [1;33mDNM[0;m[1;36m [1;33mNOTICE[0;m[1;36m OC=BTS(01) INST=(00,ff,ff): Get Attributes Response: feature 'BCCH_PWR_RED' is supported (abis_nm.c:599)[0;m
[1;36mTue Sep 29 21:48:46 2026 [1;33mDNM[0;m[1;36m [1;33mNOTICE[0;m[1;36m OC=BTS(01) INST=(00,ff,ff): Get Attributes Response: feature 'DYN_TS_SDCCH8' is supported (abis_nm.c:599)[0;m
[1;36mTue Sep 29 21:48:46 2026 [1;33mDNM[0;m[1;36m [1;33mNOTICE[0;m[1;36m OC=BTS(01) INST=(00,ff,ff): Get Attributes Response: feature 'ACCH_TEMP_OVP' is supported (abis_nm.c:599)[0;m
[1;36mTue Sep 29 21:48:46 2026 [1;33mDNM[0;m[1;36m [1;33mNOTICE[0;m[1;36m OC=BTS(01) INST=(00,ff,ff): Get Attributes Response: feature 'VBS' is supported (abis_nm.c:599)[0;m
[1;36mTue Sep 29 21:48:46 2026 [1;33mDNM[0;m[1;36m [1;33mNOTICE[0;m[1;36m OC=BTS(01) INST=(00,ff,ff): Get Attributes Response: feature 'VGCS' is supported (abis_nm.c:599)[0;m
[1;36mTue Sep 29 21:48:46 2026 [1;33mDNM[0;m[1;36m [1;33mNOTICE[0;m[1;36m OC=BTS(01) INST=(00,ff,ff): Get Attributes Response: feature 'TWTS001' is supported (abis_nm.c:599)[0;m
[1;36mTue Sep 29 21:48:46 2026 [1;33mDNM[0;m[1;36m [1;33mNOTICE[0;m[1;36m OC=BTS(01) INST=(00,ff,ff): Get Attributes Response: feature 'TWTS002' is supported (abis_nm.c:599)[0;m
[1;36mTue Sep 29 21:48:46 2026 [1;33mDNM[0;m[1;36m [1;33mNOTICE[0;m[1;36m OC=BTS(01) INST=(00,ff,ff): ARI reported sw[0/2]: osmobts is 1.10.0-dirty (abis_nm.c:652)[0;m
[1;36mTue Sep 29 21:48:46 2026 [1;33mDNM[0;m[1;36m [1;33mNOTICE[0;m[1;36m OC=BTS(01) INST=(00,ff,ff): Reported variant: osmo-bts-trx (abis_nm.c:534)[0;m
[1;36mTue Sep 29 21:48:46 2026 [1;31mDNM[0;m[1;36m [1;31mERROR[0;m[1;36m OC=RADIO-CARRIER(02) INST=(00,00,ff): Attribute SW Configuration is unreported (abis_nm.c:557)[0;m
[1;36mTue Sep 29 21:48:46 2026 [1;31mDNM[0;m[1;36m [1;31mERROR[0;m[1;36m OC=BASEBAND-TRANSCEIVER(04) INST=(00,00,ff): Attribute Manufacturer Dependent State is unreported (abis_nm.c:557)[0;m
[1;36mTue Sep 29 21:48:46 2026 [1;33mDNM[0;m[1;36m [1;33mNOTICE[0;m[1;36m OC=BASEBAND-TRANSCEIVER(04) INST=(00,00,ff): ARI reported sw[0/1]: TRX_PHY_VERSION is Unknown (abis_nm.c:652)[0;m
[1;35mTue Sep 29 21:48:46 2026 [1;33mDRSL[0;m[1;35m [1;33mNOTICE[0;m[1;35m (bts=1,trx=0) bootstrapping RSL on ARFCN 614 using MCC-MNC 001-01 LAC=1 CID=6012 BSIC=8 (osmo_bsc_main.c:320)[0;m
[1;36mTue Sep 29 21:48:54 2026 [1;31mDNM[0;m[1;36m [1;31mERROR[0;m[1;36m OC=GPRS-CELL(f1) INST=(00,00,ff): Attribute SW Configuration is unreported (abis_nm.c:557)[0;m
[1;36mTue Sep 29 21:48:54 2026 [1;33mDNM[0;m[1;36m [1;33mNOTICE[0;m[1;36m OC=BTS(01) INST=(00,ff,ff): Get Attributes Response: feature 'GPRS' is supported (abis_nm.c:599)[0;m
[1;36mTue Sep 29 21:48:54 2026 [1;33mDNM[0;m[1;36m [1;33mNOTICE[0;m[1;36m OC=BTS(01) INST=(00,ff,ff): Get Attributes Response: feature 'EGPRS' is supported (abis_nm.c:599)[0;m
[1;36mTue Sep 29 21:48:54 2026 [1;33mDNM[0;m[1;36m [1;33mNOTICE[0;m[1;36m OC=BTS(01) INST=(00,ff,ff): Get Attributes Response: feature 'HOPPING' is supported (abis_nm.c:599)[0;m
[1;36mTue Sep 29 21:48:54 2026 [1;33mDNM[0;m[1;36m [1;33mNOTICE[0;m[1;36m OC=BTS(01) INST=(00,ff,ff): Get Attributes Response: feature 'MULTI_TSC' is supported (abis_nm.c:599)[0;m
[1;36mTue Sep 29 21:48:54 2026 [1;33mDNM[0;m[1;36m [1;33mNOTICE[0;m[1;36m OC=BTS(01) INST=(00,ff,ff): Get Attributes Response: feature 'OML_ALERTS' is supported (abis_nm.c:599)[0;m
[1;36mTue Sep 29 21:48:54 2026 [1;33mDNM[0;m[1;36m [1;33mNOTICE[0;m[1;36m OC=BTS(01) INST=(00,ff,ff): Get Attributes Response: feature 'CBCH' is supported (abis_nm.c:599)[0;m
[1;36mTue Sep 29 21:48:54 2026 [1;33mDNM[0;m[1;36m [1;33mNOTICE[0;m[1;36m OC=BTS(01) INST=(00,ff,ff): Get Attributes Response: feature 'SPEECH_F_V1' is supported (abis_nm.c:599)[0;m
[1;36mTue Sep 29 21:48:54 2026 [1;33mDNM[0;m[1;36m [1;33mNOTICE[0;m[1;36m OC=BTS(01) INST=(00,ff,ff): Get Attributes Response: feature 'SPEECH_H_V1' is supported (abis_nm.c:599)[0;m
[1;36mTue Sep 29 21:48:54 2026 [1;33mDNM[0;m[1;36m [1;33mNOTICE[0;m[1;36m OC=BTS(01) INST=(00,ff,ff): Get Attributes Response: feature 'SPEECH_F_EFR' is supported (abis_nm.c:599)[0;m
[1;36mTue Sep 29 21:48:54 2026 [1;33mDNM[0;m[1;36m [1;33mNOTICE[0;m[1;36m OC=BTS(01) INST=(00,ff,ff): Get Attributes Response: feature 'SPEECH_F_AMR' is supported (abis_nm.c:599)[0;m
[1;36mTue Sep 29 21:48:54 2026 [1;33mDNM[0;m[1;36m [1;33mNOTICE[0;m[1;36m OC=BTS(01) INST=(00,ff,ff): Get Attributes Response: feature 'SPEECH_H_AMR' is supported (abis_nm.c:599)[0;m
[1;36mTue Sep 29 21:48:54 2026 [1;33mDNM[0;m[1;36m [1;33mNOTICE[0;m[1;36m OC=BTS(01) INST=(00,ff,ff): Get Attributes Response: feature 'ETWS_PN' is supported (abis_nm.c:599)[0;m
[1;36mTue Sep 29 21:48:54 2026 [1;33mDNM[0;m[1;36m [1;33mNOTICE[0;m[1;36m OC=BTS(01) INST=(00,ff,ff): Get Attributes Response: feature 'PAGING_COORDINATION' is supported (abis_nm.c:599)[0;m
[1;36mTue Sep 29 21:48:54 2026 [1;33mDNM[0;m[1;36m [1;33mNOTICE[0;m[1;36m OC=BTS(01) INST=(00,ff,ff): Get Attributes Response: feature 'IPV6_NSVC' is supported (abis_nm.c:599)[0;m
[1;36mTue Sep 29 21:48:54 2026 [1;33mDNM[0;m[1;36m [1;33mNOTICE[0;m[1;36m OC=BTS(01) INST=(00,ff,ff): Get Attributes Response: feature 'ACCH_REP' is supported (abis_nm.c:599)[0;m
[1;36mTue Sep 29 21:48:54 2026 [1;33mDNM[0;m[1;36m [1;33mNOTICE[0;m[1;36m OC=BTS(01) INST=(00,ff,ff): Get Attributes Response: feature 'CCN' is supported (abis_nm.c:599)[0;m
[1;36mTue Sep 29 21:48:54 2026 [1;33mDNM[0;m[1;36m [1;33mNOTICE[0;m[1;36m OC=BTS(01) INST=(00,ff,ff): Get Attributes Response: feature 'VAMOS' is supported (abis_nm.c:599)[0;m
[1;36mTue Sep 29 21:48:54 2026 [1;33mDNM[0;m[1;36m [1;33mNOTICE[0;m[1;36m OC=BTS(01) INST=(00,ff,ff): Get Attributes Response: feature 'ABIS_OSMO_PCU' is supported (abis_nm.c:599)[0;m
[1;36mTue Sep 29 21:48:54 2026 [1;33mDNM[0;m[1;36m [1;33mNOTICE[0;m[1;36m OC=BTS(01) INST=(00,ff,ff): Get Attributes Response: feature 'BCCH_PWR_RED' is supported (abis_nm.c:599)[0;m
[1;36mTue Sep 29 21:48:54 2026 [1;33mDNM[0;m[1;36m [1;33mNOTICE[0;m[1;36m OC=BTS(01) INST=(00,ff,ff): Get Attributes Response: feature 'DYN_TS_SDCCH8' is supported (abis_nm.c:599)[0;m
[1;36mTue Sep 29 21:48:54 2026 [1;33mDNM[0;m[1;36m [1;33mNOTICE[0;m[1;36m OC=BTS(01) INST=(00,ff,ff): Get Attributes Response: feature 'ACCH_TEMP_OVP' is supported (abis_nm.c:599)[0;m
[1;36mTue Sep 29 21:48:54 2026 [1;33mDNM[0;m[1;36m [1;33mNOTICE[0;m[1;36m OC=BTS(01) INST=(00,ff,ff): Get Attributes Response: feature 'VBS' is supported (abis_nm.c:599)[0;m
[1;36mTue Sep 29 21:48:54 2026 [1;33mDNM[0;m[1;36m [1;33mNOTICE[0;m[1;36m OC=BTS(01) INST=(00,ff,ff): Get Attributes Response: feature 'VGCS' is supported (abis_nm.c:599)[0;m
[1;36mTue Sep 29 21:48:54 2026 [1;33mDNM[0;m[1;36m [1;33mNOTICE[0;m[1;36m OC=BTS(01) INST=(00,ff,ff): Get Attributes Response: feature 'TWTS001' is supported (abis_nm.c:599)[0;m
[1;36mTue Sep 29 21:48:54 2026 [1;33mDNM[0;m[1;36m [1;33mNOTICE[0;m[1;36m OC=BTS(01) INST=(00,ff,ff): Get Attributes Response: feature 'TWTS002' is supported (abis_nm.c:599)[0;m
[1;36mTue Sep 29 21:48:54 2026 [1;33mDNM[0;m[1;36m [1;33mNOTICE[0;m[1;36m OC=BTS(01) INST=(00,ff,ff): ARI reported sw[0/2]: osmobts is 1.10.0-dirty (abis_nm.c:652)[0;m
[1;36mTue Sep 29 21:48:54 2026 [1;33mDNM[0;m[1;36m [1;33mNOTICE[0;m[1;36m OC=BTS(01) INST=(00,ff,ff): Reported variant: osmo-bts-trx (abis_nm.c:534)[0;m
[1;36mTue Sep 29 21:48:54 2026 [1;31mDNM[0;m[1;36m [1;31mERROR[0;m[1;36m OC=RADIO-CARRIER(02) INST=(00,00,ff): Attribute SW Configuration is unreported (abis_nm.c:557)[0;m
[1;36mTue Sep 29 21:48:54 2026 [1;31mDNM[0;m[1;36m [1;31mERROR[0;m[1;36m OC=BASEBAND-TRANSCEIVER(04) INST=(00,00,ff): Attribute Manufacturer Dependent State is unreported (abis_nm.c:557)[0;m
[1;36mTue Sep 29 21:48:54 2026 [1;33mDNM[0;m[1;36m [1;33mNOTICE[0;m[1;36m OC=BASEBAND-TRANSCEIVER(04) INST=(00,00,ff): ARI reported sw[0/1]: TRX_PHY_VERSION is Unknown (abis_nm.c:652)[0;m
[1;35mTue Sep 29 21:48:54 2026 [1;33mDRSL[0;m[1;35m [1;33mNOTICE[0;m[1;35m (bts=0,trx=0) bootstrapping RSL on ARFCN 514 using MCC-MNC 001-01 LAC=1 CID=6001 BSIC=7 (osmo_bsc_main.c:320)[0;m
[1;36mTue Sep 29 21:48:56 2026 [1;33mDNM[0;m[1;36m [1;33mNOTICE[0;m[1;36m OC=BTS(01) INST=(00,ff,ff): Reported connected PCU version 1.5.2 (abis_nm.c:352)[0;m
[1;32mTue Sep 29 21:56:47 2026 [1;31mDCHAN[0;m[1;32m [1;31mERROR[0;m[1;32m lchan(0-0-2-TCH_F-0)[0x6454ef83f240]{ESTABLISHED}: (type=TCH_F) ERROR INDICATION cause=Frame not implemented (abis_rsl.c:2638)[0;m
[1;32mTue Sep 29 21:57:09 2026 [1;33mDCHAN[0;m[1;32m [1;33mNOTICE[0;m[1;32m lchan(0-0-2-TCH_F-0)[0x6454ef83f240]{WAIT_RF_RELEASE_ACK}: (type=TCH_F) Rx IPACC DLCX IND (cause=Normal event, unspecified [ 0f ]) (abis_rsl.c:3241)[0;m
[1;36mTue Sep 29 21:59:59 2026 [1;31mDNM[0;m[1;36m [1;31mERROR[0;m[1;36m OC=BASEBAND-TRANSCEIVER(04) INST=(00,00,ff): Attribute Manufacturer Dependent State is unreported (abis_nm.c:557)[0;m
[1;36mTue Sep 29 21:59:59 2026 [1;33mDNM[0;m[1;36m [1;33mNOTICE[0;m[1;36m OC=BASEBAND-TRANSCEIVER(04) INST=(00,00,ff): ARI reported sw[0/1]: TRX_PHY_VERSION is Unknown (abis_nm.c:652)[0;m
[38;5;23mTue Sep 29 21:59:59 2026 [1;31mDLINP[0;m[38;5;23m [1;31mERROR[0;m[38;5;23m SRVCONN(ts-0-1-oml,r=127.0.0.1:40597<->l=127.0.0.1:3002) lost connection with client (-104) (stream_srv.c:767)[0;m
[38;5;23mTue Sep 29 21:59:59 2026 [1;33mDLINP[0;m[38;5;23m [1;33mNOTICE[0;m[38;5;23m E1TS(0:1) failed reading from socket: -104 (ipaccess.c:554)[0;m
[38;5;23mTue Sep 29 21:59:59 2026 [1;33mDLINP[0;m[38;5;23m [1;33mNOTICE[0;m[38;5;23m E1L(0) Signalling link down (bts_ipaccess_nanobts.c:778)[0;m
[38;5;23mTue Sep 29 21:59:59 2026 [1;33mDLINP[0;m[38;5;23m [1;33mNOTICE[0;m[38;5;23m (bts=1) Dropping OML link: link down (bts_ipaccess_nanobts.c:543)[0;m
[38;5;23mTue Sep 29 21:59:59 2026 [1;33mDLINP[0;m[38;5;23m [1;33mNOTICE[0;m[38;5;23m (bts=1,trx=0) Dropping RSL link: OML link drop (bts_ipaccess_nanobts.c:514)[0;m
[38;5;23mTue Sep 29 21:59:59 2026 [1;33mDLINP[0;m[38;5;23m [1;33mNOTICE[0;m[38;5;23m E1L(0) Signalling link down (bts_ipaccess_nanobts.c:778)[0;m
[38;5;23mTue Sep 29 21:59:59 2026 [1;33mDLINP[0;m[38;5;23m [1;33mNOTICE[0;m[38;5;23m E1L(0) Signalling link down for unknown BTS (bts_ipaccess_nanobts.c:791)[0;m
[1;36mTue Sep 29 22:02:48 2026 [1;31mDNM[0;m[1;36m [1;31mERROR[0;m[1;36m OC=BTS(01) INST=(00,ff,ff): Failure Event Report: [0;m[1;36mType=processing failure, [0;m[1;36mSeverity=critical failure, [0;m[1;36mProbable cause=Manufacturer specific values: [0;m[1;36mProcess stopped, [0;m[1;36mAdditional Text=BTS: SIGINT received -> shutdown. [0;m[1;36m (abis_nm.c:341)[0;m
[38;5;23mTue Sep 29 22:02:48 2026 [1;31mDLINP[0;m[38;5;23m [1;31mERROR[0;m[38;5;23m SRVCONN(ts-0-1-oml,r=127.0.0.1:34659<->l=127.0.0.1:3002) lost connection with client (-104) (stream_srv.c:767)[0;m
[38;5;23mTue Sep 29 22:02:48 2026 [1;33mDLINP[0;m[38;5;23m [1;33mNOTICE[0;m[38;5;23m E1TS(0:1) failed reading from socket: -104 (ipaccess.c:554)[0;m
[38;5;23mTue Sep 29 22:02:48 2026 [1;33mDLINP[0;m[38;5;23m [1;33mNOTICE[0;m[38;5;23m E1L(0) Signalling link down (bts_ipaccess_nanobts.c:778)[0;m
[38;5;23mTue Sep 29 22:02:48 2026 [1;33mDLINP[0;m[38;5;23m [1;33mNOTICE[0;m[38;5;23m (bts=0) Dropping OML link: link down (bts_ipaccess_nanobts.c:543)[0;m
[38;5;23mTue Sep 29 22:02:48 2026 [1;33mDLINP[0;m[38;5;23m [1;33mNOTICE[0;m[38;5;23m (bts=0,trx=0) Dropping RSL link: OML link drop (bts_ipaccess_nanobts.c:514)[0;m
[38;5;23mTue Sep 29 22:02:48 2026 [1;33mDLINP[0;m[38;5;23m [1;33mNOTICE[0;m[38;5;23m E1L(0) Signalling link down (bts_ipaccess_nanobts.c:778)[0;m
[38;5;23mTue Sep 29 22:02:48 2026 [1;33mDLINP[0;m[38;5;23m [1;33mNOTICE[0;m[38;5;23m E1L(0) Signalling link down for unknown BTS (bts_ipaccess_nanobts.c:791)[0;m
[1;36mTue Sep 29 22:02:49 2026 [1;33mDNM[0;m[1;36m [1;33mNOTICE[0;m[1;36m shutting down OML for BTS 0 (bsc_init.c:57)[0;m
[1;36mTue Sep 29 22:02:49 2026 [1;33mDNM[0;m[1;36m [1;33mNOTICE[0;m[1;36m shutting down OML for BTS 1 (bsc_init.c:57)[0;m
[38;5;43mTue Sep 29 22:03:07 2026 [1;33mDLSS7[0;m[38;5;43m [1;33mNOTICE[0;m[38;5;43m 0: ASP(asp-to-stp) Applying Adm State change: ENABLED -> ENABLED (ss7_asp_vty.c:673)[0;m
Tue Sep 29 22:03:07 2026 [1;33mDLGLOBAL[0;m [1;33mNOTICE[0;m Available via telnet 127.0.0.1 4242 (telnet_interface.c:88)
[38;5;23mTue Sep 29 22:03:07 2026 [1;33mDLINP[0;m[38;5;23m [1;33mNOTICE[0;m[38;5;23m E1L(0) enabling ipaccess BSC mode on 0.0.0.0 with OML 3002 and RSL 3003 TCP ports (ipaccess.c:1028)[0;m
[38;5;33mTue Sep 29 22:03:07 2026 [1;33mDLCTRL[0;m[38;5;33m [1;33mNOTICE[0;m[38;5;33m CTRL at 127.0.0.1 4249 (control_if.c:1026)[0;m
[38;5;51mTue Sep 29 22:03:07 2026 [1;33mDLMGCP[0;m[38;5;51m [1;33mNOTICE[0;m[38;5;51m MGW(mgw) MGCP client: using endpoint domain '@mgw' (mgcp_client.c:945)[0;m
[1;36mTue Sep 29 22:03:07 2026 [1;33mDNM[0;m[1;36m [1;33mNOTICE[0;m[1;36m MGW pool with 1 pool members configured, (ignoring MGW configuration in VTY node 'msc'). (osmo_bsc_main.c:869)[0;m
Tue Sep 29 22:03:07 2026 [1;33mDMSC[0;m [1;33mNOTICE[0;m Initializing SCCP connection for A/m3ua on cs7 instance 0 (osmo_bsc_sigtran.c:817)
[38;5;45mTue Sep 29 22:03:07 2026 [1;33mDLSCCP[0;m[38;5;45m [1;33mNOTICE[0;m[38;5;45m A-0-m3ua: Using SS7 instance 0, pc:1.1.3 (sccp_instance.c:655)[0;m
[38;5;45mTue Sep 29 22:03:07 2026 [1;33mDLSCCP[0;m[38;5;45m [1;33mNOTICE[0;m[38;5;45m A-0-m3ua: Using AS instance as-bsc (sccp_instance.c:673)[0;m
[38;5;45mTue Sep 29 22:03:07 2026 [1;33mDLSCCP[0;m[38;5;45m [1;33mNOTICE[0;m[38;5;45m A-0-m3ua: Creating default route (sccp_instance.c:679)[0;m
[38;5;45mTue Sep 29 22:03:07 2026 [1;33mDLSCCP[0;m[38;5;45m [1;33mNOTICE[0;m[38;5;45m A-0-m3ua: Using ASP instance asp-to-stp (sccp_instance.c:784)[0;m
[38;5;43mTue Sep 29 22:03:07 2026 [1;33mDLSS7[0;m[38;5;43m [1;33mNOTICE[0;m[38;5;43m 0: Creating SCCP instance (ss7_instance.c:214)[0;m
Tue Sep 29 22:03:07 2026 [1;33mDMSC[0;m [1;33mNOTICE[0;m (msc=0) A-0-m3ua: local (BSC) SCCP address: RI=SSN_PC,PC=1.1.3,SSN=BSSAP (osmo_bsc_sigtran.c:870)
Tue Sep 29 22:03:07 2026 [1;33mDMSC[0;m [1;33mNOTICE[0;m (msc=0) A-0-m3ua: remote (MSC) SCCP address: RI=SSN_PC,PC=1.1.1,SSN=BSSAP (osmo_bsc_sigtran.c:872)
Tue Sep 29 22:03:07 2026 [1;33mDMSC[0;m [1;33mNOTICE[0;m (msc=0) A-0-m3ua: binding SCCP user (osmo_bsc_sigtran.c:877)
[38;5;45mTue Sep 29 22:03:07 2026 [1;31mDLSCCP[0;m[38;5;45m [1;31mERROR[0;m[38;5;45m 0: SCCP(rctx=0) MTP-TRANSFER.req from SCCP for OPC=2059=1.1.3,DPC=2057=1.1.1,SLS=1: no route! (sccp_scrc.c:177)[0;m
[38;5;45mTue Sep 29 22:03:07 2026 [1;33mDLSCCP[0;m[38;5;45m [1;33mNOTICE[0;m[38;5;45m 0: SCCP(rctx=0) SCRC Routing Failure (MTP failure) for CL message CL:CLDT (sccp_sclc.c:359)[0;m
Tue Sep 29 22:03:07 2026 [1;33mDMSC[0;m [1;33mNOTICE[0;m (msc=0) (calling_addr=RI=2,PC=2057,SSN=254) N-NOTICE.ind cause=5='MTP failure' importance=0 (osmo_bsc_sigtran.c:168)
[38;5;49mTue Sep 29 22:03:09 2026 [1;33mDLM3UA[0;m[38;5;49m [1;33mNOTICE[0;m[38;5;49m 0: ASP(asp-to-stp) Received NOTIFY Type State Change:AS Inactive () (m3ua.c:707)[0;m
[38;5;43mTue Sep 29 22:03:09 2026 [1;33mDLSS7[0;m[38;5;43m [1;33mNOTICE[0;m[38;5;43m 0: RT(dpc=2057=1.1.1,mask=0x3fff=7.255.7,prio=5,via=as-bsc,st=available) changed to status 'available' (ss7_route.c:409)[0;m
Tue Sep 29 22:03:09 2026 [1;33mDMSC[0;m [1;33mNOTICE[0;m (msc=0) now available: N-PCSTATE ind: pc=2057=1.1.1 sp_status=ACCESSIBLE remote_sccp_status=AVAILABLE (osmo_bsc_sigtran.c:319)
[38;5;43mTue Sep 29 22:03:09 2026 [1;33mDLSS7[0;m[38;5;43m [1;33mNOTICE[0;m[38;5;43m xua_default_lm(asp-to-stp)[0x5e8198cf40a0]{ACTIVE}: Ignoring primitive M-ASP_ACTIVE.confirm (xua_default_lm_fsm.c:406)[0;m
[38;5;49mTue Sep 29 22:03:09 2026 [1;33mDLM3UA[0;m[38;5;49m [1;33mNOTICE[0;m[38;5;49m 0: ASP(asp-to-stp) Received NOTIFY Type State Change:AS Active () (m3ua.c:707)[0;m
[38;5;49mTue Sep 29 22:03:09 2026 [1;33mDLM3UA[0;m[38;5;49m [1;33mNOTICE[0;m[38;5;49m 0: ASP(asp-to-stp) Rx DUNA(RFC4666 4.5.1) for 1.1.2/0 (xua_snm.c:501)[0;m
[38;5;43mTue Sep 29 22:03:09 2026 [1;33mDLSS7[0;m[38;5;43m [1;33mNOTICE[0;m[38;5;43m 0: RT(dpc=2058=1.1.2,mask=0x3fff=7.255.7,prio=5,via=as-bsc,st=available) changed to status 'unavailable' (ss7_route.c:409)[0;m
Tue Sep 29 22:03:09 2026 [1;33mDMSC[0;m [1;33mNOTICE[0;m (msc=0) RESET ACK from MSC: RI=SSN_PC,PC=1.1.1,SSN=BSSAP (osmo_bsc_bssap.c:84)
Tue Sep 29 22:03:09 2026 [1;33mDRESET[0;m [1;33mNOTICE[0;m bssmap_reset(msc-0)[0x5e8198d713b0]{CONNECTED}: link up (bssmap_reset.c:83)
Tue Sep 29 22:03:09 2026 [1;33mDMSC[0;m [1;33mNOTICE[0;m (msc=0) BSSMAP association is up (a_reset.c:45)
[1;36mTue Sep 29 22:03:18 2026 [1;33mDNM[0;m[1;36m [1;33mNOTICE[0;m[1;36m OC=BTS(01) INST=(00,ff,ff): Get Attributes Response: feature 'GPRS' is supported (abis_nm.c:599)[0;m
[1;36mTue Sep 29 22:03:18 2026 [1;33mDNM[0;m[1;36m [1;33mNOTICE[0;m[1;36m OC=BTS(01) INST=(00,ff,ff): Get Attributes Response: feature 'EGPRS' is supported (abis_nm.c:599)[0;m
[1;36mTue Sep 29 22:03:18 2026 [1;33mDNM[0;m[1;36m [1;33mNOTICE[0;m[1;36m OC=BTS(01) INST=(00,ff,ff): Get Attributes Response: feature 'HOPPING' is supported (abis_nm.c:599)[0;m
[1;36mTue Sep 29 22:03:18 2026 [1;33mDNM[0;m[1;36m [1;33mNOTICE[0;m[1;36m OC=BTS(01) INST=(00,ff,ff): Get Attributes Response: feature 'MULTI_TSC' is supported (abis_nm.c:599)[0;m
[1;36mTue Sep 29 22:03:18 2026 [1;33mDNM[0;m[1;36m [1;33mNOTICE[0;m[1;36m OC=BTS(01) INST=(00,ff,ff): Get Attributes Response: feature 'OML_ALERTS' is supported (abis_nm.c:599)[0;m
[1;36mTue Sep 29 22:03:18 2026 [1;33mDNM[0;m[1;36m [1;33mNOTICE[0;m[1;36m OC=BTS(01) INST=(00,ff,ff): Get Attributes Response: feature 'CBCH' is supported (abis_nm.c:599)[0;m
[1;36mTue Sep 29 22:03:18 2026 [1;33mDNM[0;m[1;36m [1;33mNOTICE[0;m[1;36m OC=BTS(01) INST=(00,ff,ff): Get Attributes Response: feature 'SPEECH_F_V1' is supported (abis_nm.c:599)[0;m
[1;36mTue Sep 29 22:03:18 2026 [1;33mDNM[0;m[1;36m [1;33mNOTICE[0;m[1;36m OC=BTS(01) INST=(00,ff,ff): Get Attributes Response: feature 'SPEECH_H_V1' is supported (abis_nm.c:599)[0;m
[1;36mTue Sep 29 22:03:18 2026 [1;33mDNM[0;m[1;36m [1;33mNOTICE[0;m[1;36m OC=BTS(01) INST=(00,ff,ff): Get Attributes Response: feature 'SPEECH_F_EFR' is supported (abis_nm.c:599)[0;m
[1;36mTue Sep 29 22:03:18 2026 [1;33mDNM[0;m[1;36m [1;33mNOTICE[0;m[1;36m OC=BTS(01) INST=(00,ff,ff): Get Attributes Response: feature 'SPEECH_F_AMR' is supported (abis_nm.c:599)[0;m
[1;36mTue Sep 29 22:03:18 2026 [1;33mDNM[0;m[1;36m [1;33mNOTICE[0;m[1;36m OC=BTS(01) INST=(00,ff,ff): Get Attributes Response: feature 'SPEECH_H_AMR' is supported (abis_nm.c:599)[0;m
[1;36mTue Sep 29 22:03:18 2026 [1;33mDNM[0;m[1;36m [1;33mNOTICE[0;m[1;36m OC=BTS(01) INST=(00,ff,ff): Get Attributes Response: feature 'ETWS_PN' is supported (abis_nm.c:599)[0;m
[1;36mTue Sep 29 22:03:18 2026 [1;33mDNM[0;m[1;36m [1;33mNOTICE[0;m[1;36m OC=BTS(01) INST=(00,ff,ff): Get Attributes Response: feature 'PAGING_COORDINATION' is supported (abis_nm.c:599)[0;m
[1;36mTue Sep 29 22:03:18 2026 [1;33mDNM[0;m[1;36m [1;33mNOTICE[0;m[1;36m OC=BTS(01) INST=(00,ff,ff): Get Attributes Response: feature 'IPV6_NSVC' is supported (abis_nm.c:599)[0;m
[1;36mTue Sep 29 22:03:18 2026 [1;33mDNM[0;m[1;36m [1;33mNOTICE[0;m[1;36m OC=BTS(01) INST=(00,ff,ff): Get Attributes Response: feature 'ACCH_REP' is supported (abis_nm.c:599)[0;m
[1;36mTue Sep 29 22:03:18 2026 [1;33mDNM[0;m[1;36m [1;33mNOTICE[0;m[1;36m OC=BTS(01) INST=(00,ff,ff): Get Attributes Response: feature 'CCN' is supported (abis_nm.c:599)[0;m
[1;36mTue Sep 29 22:03:18 2026 [1;33mDNM[0;m[1;36m [1;33mNOTICE[0;m[1;36m OC=BTS(01) INST=(00,ff,ff): Get Attributes Response: feature 'VAMOS' is supported (abis_nm.c:599)[0;m
[1;36mTue Sep 29 22:03:18 2026 [1;33mDNM[0;m[1;36m [1;33mNOTICE[0;m[1;36m OC=BTS(01) INST=(00,ff,ff): Get Attributes Response: feature 'ABIS_OSMO_PCU' is supported (abis_nm.c:599)[0;m
[1;36mTue Sep 29 22:03:18 2026 [1;33mDNM[0;m[1;36m [1;33mNOTICE[0;m[1;36m OC=BTS(01) INST=(00,ff,ff): Get Attributes Response: feature 'BCCH_PWR_RED' is supported (abis_nm.c:599)[0;m
[1;36mTue Sep 29 22:03:18 2026 [1;33mDNM[0;m[1;36m [1;33mNOTICE[0;m[1;36m OC=BTS(01) INST=(00,ff,ff): Get Attributes Response: feature 'DYN_TS_SDCCH8' is supported (abis_nm.c:599)[0;m
[1;36mTue Sep 29 22:03:18 2026 [1;33mDNM[0;m[1;36m [1;33mNOTICE[0;m[1;36m OC=BTS(01) INST=(00,ff,ff): Get Attributes Response: feature 'ACCH_TEMP_OVP' is supported (abis_nm.c:599)[0;m
[1;36mTue Sep 29 22:03:18 2026 [1;33mDNM[0;m[1;36m [1;33mNOTICE[0;m[1;36m OC=BTS(01) INST=(00,ff,ff): Get Attributes Response: feature 'VBS' is supported (abis_nm.c:599)[0;m
[1;36mTue Sep 29 22:03:18 2026 [1;33mDNM[0;m[1;36m [1;33mNOTICE[0;m[1;36m OC=BTS(01) INST=(00,ff,ff): Get Attributes Response: feature 'VGCS' is supported (abis_nm.c:599)[0;m
[1;36mTue Sep 29 22:03:18 2026 [1;33mDNM[0;m[1;36m [1;33mNOTICE[0;m[1;36m OC=BTS(01) INST=(00,ff,ff): Get Attributes Response: feature 'TWTS001' is supported (abis_nm.c:599)[0;m
[1;36mTue Sep 29 22:03:18 2026 [1;33mDNM[0;m[1;36m [1;33mNOTICE[0;m[1;36m OC=BTS(01) INST=(00,ff,ff): Get Attributes Response: feature 'TWTS002' is supported (abis_nm.c:599)[0;m
[1;36mTue Sep 29 22:03:18 2026 [1;33mDNM[0;m[1;36m [1;33mNOTICE[0;m[1;36m OC=BTS(01) INST=(00,ff,ff): ARI reported sw[0/2]: osmobts is 1.10.0-dirty (abis_nm.c:652)[0;m
[1;36mTue Sep 29 22:03:18 2026 [1;33mDNM[0;m[1;36m [1;33mNOTICE[0;m[1;36m OC=BTS(01) INST=(00,ff,ff): Reported variant: osmo-bts-trx (abis_nm.c:534)[0;m
[1;36mTue Sep 29 22:03:18 2026 [1;31mDNM[0;m[1;36m [1;31mERROR[0;m[1;36m OC=RADIO-CARRIER(02) INST=(00,00,ff): Attribute SW Configuration is unreported (abis_nm.c:557)[0;m
[1;36mTue Sep 29 22:03:18 2026 [1;31mDNM[0;m[1;36m [1;31mERROR[0;m[1;36m OC=BASEBAND-TRANSCEIVER(04) INST=(00,00,ff): Attribute Manufacturer Dependent State is unreported (abis_nm.c:557)[0;m
[1;36mTue Sep 29 22:03:18 2026 [1;33mDNM[0;m[1;36m [1;33mNOTICE[0;m[1;36m OC=BASEBAND-TRANSCEIVER(04) INST=(00,00,ff): ARI reported sw[0/1]: TRX_PHY_VERSION is Unknown (abis_nm.c:652)[0;m
[1;35mTue Sep 29 22:03:18 2026 [1;33mDRSL[0;m[1;35m [1;33mNOTICE[0;m[1;35m (bts=1,trx=0) bootstrapping RSL on ARFCN 614 using MCC-MNC 001-01 LAC=1 CID=6012 BSIC=8 (osmo_bsc_main.c:320)[0;m
[1;36mTue Sep 29 22:03:26 2026 [1;31mDNM[0;m[1;36m [1;31mERROR[0;m[1;36m OC=GPRS-CELL(f1) INST=(00,00,ff): Attribute SW Configuration is unreported (abis_nm.c:557)[0;m
[1;36mTue Sep 29 22:03:26 2026 [1;33mDNM[0;m[1;36m [1;33mNOTICE[0;m[1;36m OC=BTS(01) INST=(00,ff,ff): Get Attributes Response: feature 'GPRS' is supported (abis_nm.c:599)[0;m
[1;36mTue Sep 29 22:03:26 2026 [1;33mDNM[0;m[1;36m [1;33mNOTICE[0;m[1;36m OC=BTS(01) INST=(00,ff,ff): Get Attributes Response: feature 'EGPRS' is supported (abis_nm.c:599)[0;m
[1;36mTue Sep 29 22:03:26 2026 [1;33mDNM[0;m[1;36m [1;33mNOTICE[0;m[1;36m OC=BTS(01) INST=(00,ff,ff): Get Attributes Response: feature 'HOPPING' is supported (abis_nm.c:599)[0;m
[1;36mTue Sep 29 22:03:26 2026 [1;33mDNM[0;m[1;36m [1;33mNOTICE[0;m[1;36m OC=BTS(01) INST=(00,ff,ff): Get Attributes Response: feature 'MULTI_TSC' is supported (abis_nm.c:599)[0;m
[1;36mTue Sep 29 22:03:26 2026 [1;33mDNM[0;m[1;36m [1;33mNOTICE[0;m[1;36m OC=BTS(01) INST=(00,ff,ff): Get Attributes Response: feature 'OML_ALERTS' is supported (abis_nm.c:599)[0;m
[1;36mTue Sep 29 22:03:26 2026 [1;33mDNM[0;m[1;36m [1;33mNOTICE[0;m[1;36m OC=BTS(01) INST=(00,ff,ff): Get Attributes Response: feature 'CBCH' is supported (abis_nm.c:599)[0;m
[1;36mTue Sep 29 22:03:26 2026 [1;33mDNM[0;m[1;36m [1;33mNOTICE[0;m[1;36m OC=BTS(01) INST=(00,ff,ff): Get Attributes Response: feature 'SPEECH_F_V1' is supported (abis_nm.c:599)[0;m
[1;36mTue Sep 29 22:03:26 2026 [1;33mDNM[0;m[1;36m [1;33mNOTICE[0;m[1;36m OC=BTS(01) INST=(00,ff,ff): Get Attributes Response: feature 'SPEECH_H_V1' is supported (abis_nm.c:599)[0;m
[1;36mTue Sep 29 22:03:26 2026 [1;33mDNM[0;m[1;36m [1;33mNOTICE[0;m[1;36m OC=BTS(01) INST=(00,ff,ff): Get Attributes Response: feature 'SPEECH_F_EFR' is supported (abis_nm.c:599)[0;m
[1;36mTue Sep 29 22:03:26 2026 [1;33mDNM[0;m[1;36m [1;33mNOTICE[0;m[1;36m OC=BTS(01) INST=(00,ff,ff): Get Attributes Response: feature 'SPEECH_F_AMR' is supported (abis_nm.c:599)[0;m
[1;36mTue Sep 29 22:03:26 2026 [1;33mDNM[0;m[1;36m [1;33mNOTICE[0;m[1;36m OC=BTS(01) INST=(00,ff,ff): Get Attributes Response: feature 'SPEECH_H_AMR' is supported (abis_nm.c:599)[0;m
[1;36mTue Sep 29 22:03:26 2026 [1;33mDNM[0;m[1;36m [1;33mNOTICE[0;m[1;36m OC=BTS(01) INST=(00,ff,ff): Get Attributes Response: feature 'ETWS_PN' is supported (abis_nm.c:599)[0;m
[1;36mTue Sep 29 22:03:26 2026 [1;33mDNM[0;m[1;36m [1;33mNOTICE[0;m[1;36m OC=BTS(01) INST=(00,ff,ff): Get Attributes Response: feature 'PAGING_COORDINATION' is supported (abis_nm.c:599)[0;m
[1;36mTue Sep 29 22:03:26 2026 [1;33mDNM[0;m[1;36m [1;33mNOTICE[0;m[1;36m OC=BTS(01) INST=(00,ff,ff): Get Attributes Response: feature 'IPV6_NSVC' is supported (abis_nm.c:599)[0;m
[1;36mTue Sep 29 22:03:26 2026 [1;33mDNM[0;m[1;36m [1;33mNOTICE[0;m[1;36m OC=BTS(01) INST=(00,ff,ff): Get Attributes Response: feature 'ACCH_REP' is supported (abis_nm.c:599)[0;m
[1;36mTue Sep 29 22:03:26 2026 [1;33mDNM[0;m[1;36m [1;33mNOTICE[0;m[1;36m OC=BTS(01) INST=(00,ff,ff): Get Attributes Response: feature 'CCN' is supported (abis_nm.c:599)[0;m
[1;36mTue Sep 29 22:03:26 2026 [1;33mDNM[0;m[1;36m [1;33mNOTICE[0;m[1;36m OC=BTS(01) INST=(00,ff,ff): Get Attributes Response: feature 'VAMOS' is supported (abis_nm.c:599)[0;m
[1;36mTue Sep 29 22:03:26 2026 [1;33mDNM[0;m[1;36m [1;33mNOTICE[0;m[1;36m OC=BTS(01) INST=(00,ff,ff): Get Attributes Response: feature 'ABIS_OSMO_PCU' is supported (abis_nm.c:599)[0;m
[1;36mTue Sep 29 22:03:26 2026 [1;33mDNM[0;m[1;36m [1;33mNOTICE[0;m[1;36m OC=BTS(01) INST=(00,ff,ff): Get Attributes Response: feature 'BCCH_PWR_RED' is supported (abis_nm.c:599)[0;m
[1;36mTue Sep 29 22:03:26 2026 [1;33mDNM[0;m[1;36m [1;33mNOTICE[0;m[1;36m OC=BTS(01) INST=(00,ff,ff): Get Attributes Response: feature 'DYN_TS_SDCCH8' is supported (abis_nm.c:599)[0;m
[1;36mTue Sep 29 22:03:26 2026 [1;33mDNM[0;m[1;36m [1;33mNOTICE[0;m[1;36m OC=BTS(01) INST=(00,ff,ff): Get Attributes Response: feature 'ACCH_TEMP_OVP' is supported (abis_nm.c:599)[0;m
[1;36mTue Sep 29 22:03:26 2026 [1;33mDNM[0;m[1;36m [1;33mNOTICE[0;m[1;36m OC=BTS(01) INST=(00,ff,ff): Get Attributes Response: feature 'VBS' is supported (abis_nm.c:599)[0;m
[1;36mTue Sep 29 22:03:26 2026 [1;33mDNM[0;m[1;36m [1;33mNOTICE[0;m[1;36m OC=BTS(01) INST=(00,ff,ff): Get Attributes Response: feature 'VGCS' is supported (abis_nm.c:599)[0;m
[1;36mTue Sep 29 22:03:26 2026 [1;33mDNM[0;m[1;36m [1;33mNOTICE[0;m[1;36m OC=BTS(01) INST=(00,ff,ff): Get Attributes Response: feature 'TWTS001' is supported (abis_nm.c:599)[0;m
[1;36mTue Sep 29 22:03:26 2026 [1;33mDNM[0;m[1;36m [1;33mNOTICE[0;m[1;36m OC=BTS(01) INST=(00,ff,ff): Get Attributes Response: feature 'TWTS002' is supported (abis_nm.c:599)[0;m
[1;36mTue Sep 29 22:03:26 2026 [1;33mDNM[0;m[1;36m [1;33mNOTICE[0;m[1;36m OC=BTS(01) INST=(00,ff,ff): ARI reported sw[0/2]: osmobts is 1.10.0-dirty (abis_nm.c:652)[0;m
[1;36mTue Sep 29 22:03:26 2026 [1;33mDNM[0;m[1;36m [1;33mNOTICE[0;m[1;36m OC=BTS(01) INST=(00,ff,ff): Reported variant: osmo-bts-trx (abis_nm.c:534)[0;m
[1;36mTue Sep 29 22:03:26 2026 [1;31mDNM[0;m[1;36m [1;31mERROR[0;m[1;36m OC=RADIO-CARRIER(02) INST=(00,00,ff): Attribute SW Configuration is unreported (abis_nm.c:557)[0;m
[1;36mTue Sep 29 22:03:26 2026 [1;31mDNM[0;m[1;36m [1;31mERROR[0;m[1;36m OC=BASEBAND-TRANSCEIVER(04) INST=(00,00,ff): Attribute Manufacturer Dependent State is unreported (abis_nm.c:557)[0;m
[1;36mTue Sep 29 22:03:26 2026 [1;33mDNM[0;m[1;36m [1;33mNOTICE[0;m[1;36m OC=BASEBAND-TRANSCEIVER(04) INST=(00,00,ff): ARI reported sw[0/1]: TRX_PHY_VERSION is Unknown (abis_nm.c:652)[0;m
[1;35mTue Sep 29 22:03:26 2026 [1;33mDRSL[0;m[1;35m [1;33mNOTICE[0;m[1;35m (bts=0,trx=0) bootstrapping RSL on ARFCN 514 using MCC-MNC 001-01 LAC=1 CID=6001 BSIC=7 (osmo_bsc_main.c:320)[0;m
[1;36mTue Sep 29 22:03:28 2026 [1;33mDNM[0;m[1;36m [1;33mNOTICE[0;m[1;36m OC=BTS(01) INST=(00,ff,ff): Reported connected PCU version 1.5.2 (abis_nm.c:352)[0;m
[38;5;23mTue Sep 29 22:08:00 2026 [1;33mDLINP[0;m[38;5;23m [1;33mNOTICE[0;m[38;5;23m SRVCONN(ts-0-2-rsl,r=127.0.0.1:34005<->l=127.0.0.1:3003) connection closed with client (stream_srv.c:770)[0;m
[38;5;23mTue Sep 29 22:08:00 2026 [1;33mDLINP[0;m[38;5;23m [1;33mNOTICE[0;m[38;5;23m E1TS(0:2) failed reading from socket: 0 (ipaccess.c:554)[0;m
[38;5;23mTue Sep 29 22:08:00 2026 [1;33mDLINP[0;m[38;5;23m [1;33mNOTICE[0;m[38;5;23m E1L(0) Signalling link down (bts_ipaccess_nanobts.c:778)[0;m
[38;5;23mTue Sep 29 22:08:00 2026 [1;33mDLINP[0;m[38;5;23m [1;33mNOTICE[0;m[38;5;23m (bts=1) Dropping OML link: link down (bts_ipaccess_nanobts.c:543)[0;m
[38;5;23mTue Sep 29 22:08:00 2026 [1;33mDLINP[0;m[38;5;23m [1;33mNOTICE[0;m[38;5;23m E1L(0) Signalling link down (bts_ipaccess_nanobts.c:778)[0;m
[38;5;23mTue Sep 29 22:08:00 2026 [1;33mDLINP[0;m[38;5;23m [1;33mNOTICE[0;m[38;5;23m (bts=1,trx=0) Dropping RSL link: OML link drop (bts_ipaccess_nanobts.c:514)[0;m
[1;36mTue Sep 29 22:18:42 2026 [1;31mDNM[0;m[1;36m [1;31mERROR[0;m[1;36m OC=BTS(01) INST=(00,ff,ff): Failure Event Report: [0;m[1;36mType=processing failure, [0;m[1;36mSeverity=critical failure, [0;m[1;36mProbable cause=Manufacturer specific values: [0;m[1;36mProcess stopped, [0;m[1;36mAdditional Text=BTS: SIGINT received -> shutdown. [0;m[1;36m (abis_nm.c:341)[0;m
[38;5;23mTue Sep 29 22:18:42 2026 [1;33mDLINP[0;m[38;5;23m [1;33mNOTICE[0;m[38;5;23m SRVCONN(ts-0-1-oml,r=127.0.0.1:45443<->l=127.0.0.1:3002) connection closed with client (stream_srv.c:770)[0;m
[38;5;23mTue Sep 29 22:18:42 2026 [1;33mDLINP[0;m[38;5;23m [1;33mNOTICE[0;m[38;5;23m E1TS(0:1) failed reading from socket: 0 (ipaccess.c:554)[0;m
[38;5;23mTue Sep 29 22:18:42 2026 [1;33mDLINP[0;m[38;5;23m [1;33mNOTICE[0;m[38;5;23m E1L(0) Signalling link down (bts_ipaccess_nanobts.c:778)[0;m
[38;5;23mTue Sep 29 22:18:42 2026 [1;33mDLINP[0;m[38;5;23m [1;33mNOTICE[0;m[38;5;23m (bts=0) Dropping OML link: link down (bts_ipaccess_nanobts.c:543)[0;m
[38;5;23mTue Sep 29 22:18:42 2026 [1;33mDLINP[0;m[38;5;23m [1;33mNOTICE[0;m[38;5;23m (bts=0,trx=0) Dropping RSL link: OML link drop (bts_ipaccess_nanobts.c:514)[0;m
[38;5;23mTue Sep 29 22:18:42 2026 [1;33mDLINP[0;m[38;5;23m [1;33mNOTICE[0;m[38;5;23m E1L(0) Signalling link down (bts_ipaccess_nanobts.c:778)[0;m
[38;5;23mTue Sep 29 22:18:42 2026 [1;33mDLINP[0;m[38;5;23m [1;33mNOTICE[0;m[38;5;23m E1L(0) Signalling link down for unknown BTS (bts_ipaccess_nanobts.c:791)[0;m
[1;36mTue Sep 29 22:18:43 2026 [1;33mDNM[0;m[1;36m [1;33mNOTICE[0;m[1;36m shutting down OML for BTS 0 (bsc_init.c:57)[0;m
[1;36mTue Sep 29 22:18:43 2026 [1;33mDNM[0;m[1;36m [1;33mNOTICE[0;m[1;36m shutting down OML for BTS 1 (bsc_init.c:57)[0;m
[38;5;43mTue Sep 29 22:19:02 2026 [1;33mDLSS7[0;m[38;5;43m [1;33mNOTICE[0;m[38;5;43m 0: ASP(asp-to-stp) Applying Adm State change: ENABLED -> ENABLED (ss7_asp_vty.c:673)[0;m
Tue Sep 29 22:19:02 2026 [1;33mDLGLOBAL[0;m [1;33mNOTICE[0;m Available via telnet 127.0.0.1 4242 (telnet_interface.c:88)
[38;5;23mTue Sep 29 22:19:02 2026 [1;33mDLINP[0;m[38;5;23m [1;33mNOTICE[0;m[38;5;23m E1L(0) enabling ipaccess BSC mode on 0.0.0.0 with OML 3002 and RSL 3003 TCP ports (ipaccess.c:1028)[0;m
[38;5;33mTue Sep 29 22:19:02 2026 [1;33mDLCTRL[0;m[38;5;33m [1;33mNOTICE[0;m[38;5;33m CTRL at 127.0.0.1 4249 (control_if.c:1026)[0;m
[38;5;51mTue Sep 29 22:19:02 2026 [1;33mDLMGCP[0;m[38;5;51m [1;33mNOTICE[0;m[38;5;51m MGW(mgw) MGCP client: using endpoint domain '@mgw' (mgcp_client.c:945)[0;m
[1;36mTue Sep 29 22:19:02 2026 [1;33mDNM[0;m[1;36m [1;33mNOTICE[0;m[1;36m MGW pool with 1 pool members configured, (ignoring MGW configuration in VTY node 'msc'). (osmo_bsc_main.c:869)[0;m
Tue Sep 29 22:19:02 2026 [1;33mDMSC[0;m [1;33mNOTICE[0;m Initializing SCCP connection for A/m3ua on cs7 instance 0 (osmo_bsc_sigtran.c:817)
[38;5;45mTue Sep 29 22:19:02 2026 [1;33mDLSCCP[0;m[38;5;45m [1;33mNOTICE[0;m[38;5;45m A-0-m3ua: Using SS7 instance 0, pc:1.1.3 (sccp_instance.c:655)[0;m
[38;5;45mTue Sep 29 22:19:02 2026 [1;33mDLSCCP[0;m[38;5;45m [1;33mNOTICE[0;m[38;5;45m A-0-m3ua: Using AS instance as-bsc (sccp_instance.c:673)[0;m
[38;5;45mTue Sep 29 22:19:02 2026 [1;33mDLSCCP[0;m[38;5;45m [1;33mNOTICE[0;m[38;5;45m A-0-m3ua: Creating default route (sccp_instance.c:679)[0;m
[38;5;45mTue Sep 29 22:19:02 2026 [1;33mDLSCCP[0;m[38;5;45m [1;33mNOTICE[0;m[38;5;45m A-0-m3ua: Using ASP instance asp-to-stp (sccp_instance.c:784)[0;m
[38;5;43mTue Sep 29 22:19:02 2026 [1;33mDLSS7[0;m[38;5;43m [1;33mNOTICE[0;m[38;5;43m 0: Creating SCCP instance (ss7_instance.c:214)[0;m
Tue Sep 29 22:19:02 2026 [1;33mDMSC[0;m [1;33mNOTICE[0;m (msc=0) A-0-m3ua: local (BSC) SCCP address: RI=SSN_PC,PC=1.1.3,SSN=BSSAP (osmo_bsc_sigtran.c:870)
Tue Sep 29 22:19:02 2026 [1;33mDMSC[0;m [1;33mNOTICE[0;m (msc=0) A-0-m3ua: remote (MSC) SCCP address: RI=SSN_PC,PC=1.1.1,SSN=BSSAP (osmo_bsc_sigtran.c:872)
Tue Sep 29 22:19:02 2026 [1;33mDMSC[0;m [1;33mNOTICE[0;m (msc=0) A-0-m3ua: binding SCCP user (osmo_bsc_sigtran.c:877)
[38;5;45mTue Sep 29 22:19:02 2026 [1;31mDLSCCP[0;m[38;5;45m [1;31mERROR[0;m[38;5;45m 0: SCCP(rctx=0) MTP-TRANSFER.req from SCCP for OPC=2059=1.1.3,DPC=2057=1.1.1,SLS=1: no route! (sccp_scrc.c:177)[0;m
[38;5;45mTue Sep 29 22:19:02 2026 [1;33mDLSCCP[0;m[38;5;45m [1;33mNOTICE[0;m[38;5;45m 0: SCCP(rctx=0) SCRC Routing Failure (MTP failure) for CL message CL:CLDT (sccp_sclc.c:359)[0;m
Tue Sep 29 22:19:02 2026 [1;33mDMSC[0;m [1;33mNOTICE[0;m (msc=0) (calling_addr=RI=2,PC=2057,SSN=254) N-NOTICE.ind cause=5='MTP failure' importance=0 (osmo_bsc_sigtran.c:168)
[38;5;49mTue Sep 29 22:19:04 2026 [1;33mDLM3UA[0;m[38;5;49m [1;33mNOTICE[0;m[38;5;49m 0: ASP(asp-to-stp) Received NOTIFY Type State Change:AS Inactive () (m3ua.c:707)[0;m
[38;5;43mTue Sep 29 22:19:04 2026 [1;33mDLSS7[0;m[38;5;43m [1;33mNOTICE[0;m[38;5;43m 0: RT(dpc=2057=1.1.1,mask=0x3fff=7.255.7,prio=5,via=as-bsc,st=available) changed to status 'available' (ss7_route.c:409)[0;m
Tue Sep 29 22:19:04 2026 [1;33mDMSC[0;m [1;33mNOTICE[0;m (msc=0) now available: N-PCSTATE ind: pc=2057=1.1.1 sp_status=ACCESSIBLE remote_sccp_status=AVAILABLE (osmo_bsc_sigtran.c:319)
[38;5;43mTue Sep 29 22:19:04 2026 [1;33mDLSS7[0;m[38;5;43m [1;33mNOTICE[0;m[38;5;43m xua_default_lm(asp-to-stp)[0x6137a73440a0]{ACTIVE}: Ignoring primitive M-ASP_ACTIVE.confirm (xua_default_lm_fsm.c:406)[0;m
[38;5;49mTue Sep 29 22:19:04 2026 [1;33mDLM3UA[0;m[38;5;49m [1;33mNOTICE[0;m[38;5;49m 0: ASP(asp-to-stp) Received NOTIFY Type State Change:AS Active () (m3ua.c:707)[0;m
[38;5;49mTue Sep 29 22:19:04 2026 [1;33mDLM3UA[0;m[38;5;49m [1;33mNOTICE[0;m[38;5;49m 0: ASP(asp-to-stp) Rx DUNA(RFC4666 4.5.1) for 1.1.2/0 (xua_snm.c:501)[0;m
[38;5;43mTue Sep 29 22:19:04 2026 [1;33mDLSS7[0;m[38;5;43m [1;33mNOTICE[0;m[38;5;43m 0: RT(dpc=2058=1.1.2,mask=0x3fff=7.255.7,prio=5,via=as-bsc,st=available) changed to status 'unavailable' (ss7_route.c:409)[0;m
Tue Sep 29 22:19:04 2026 [1;33mDMSC[0;m [1;33mNOTICE[0;m (msc=0) RESET ACK from MSC: RI=SSN_PC,PC=1.1.1,SSN=BSSAP (osmo_bsc_bssap.c:84)
Tue Sep 29 22:19:04 2026 [1;33mDRESET[0;m [1;33mNOTICE[0;m bssmap_reset(msc-0)[0x6137a73c13b0]{CONNECTED}: link up (bssmap_reset.c:83)
Tue Sep 29 22:19:04 2026 [1;33mDMSC[0;m [1;33mNOTICE[0;m (msc=0) BSSMAP association is up (a_reset.c:45)
[1;36mTue Sep 29 22:19:13 2026 [1;33mDNM[0;m[1;36m [1;33mNOTICE[0;m[1;36m OC=BTS(01) INST=(00,ff,ff): Get Attributes Response: feature 'GPRS' is supported (abis_nm.c:599)[0;m
[1;36mTue Sep 29 22:19:13 2026 [1;33mDNM[0;m[1;36m [1;33mNOTICE[0;m[1;36m OC=BTS(01) INST=(00,ff,ff): Get Attributes Response: feature 'EGPRS' is supported (abis_nm.c:599)[0;m
[1;36mTue Sep 29 22:19:13 2026 [1;33mDNM[0;m[1;36m [1;33mNOTICE[0;m[1;36m OC=BTS(01) INST=(00,ff,ff): Get Attributes Response: feature 'HOPPING' is supported (abis_nm.c:599)[0;m
[1;36mTue Sep 29 22:19:13 2026 [1;33mDNM[0;m[1;36m [1;33mNOTICE[0;m[1;36m OC=BTS(01) INST=(00,ff,ff): Get Attributes Response: feature 'MULTI_TSC' is supported (abis_nm.c:599)[0;m
[1;36mTue Sep 29 22:19:13 2026 [1;33mDNM[0;m[1;36m [1;33mNOTICE[0;m[1;36m OC=BTS(01) INST=(00,ff,ff): Get Attributes Response: feature 'OML_ALERTS' is supported (abis_nm.c:599)[0;m
[1;36mTue Sep 29 22:19:13 2026 [1;33mDNM[0;m[1;36m [1;33mNOTICE[0;m[1;36m OC=BTS(01) INST=(00,ff,ff): Get Attributes Response: feature 'CBCH' is supported (abis_nm.c:599)[0;m
[1;36mTue Sep 29 22:19:13 2026 [1;33mDNM[0;m[1;36m [1;33mNOTICE[0;m[1;36m OC=BTS(01) INST=(00,ff,ff): Get Attributes Response: feature 'SPEECH_F_V1' is supported (abis_nm.c:599)[0;m
[1;36mTue Sep 29 22:19:13 2026 [1;33mDNM[0;m[1;36m [1;33mNOTICE[0;m[1;36m OC=BTS(01) INST=(00,ff,ff): Get Attributes Response: feature 'SPEECH_H_V1' is supported (abis_nm.c:599)[0;m
[1;36mTue Sep 29 22:19:13 2026 [1;33mDNM[0;m[1;36m [1;33mNOTICE[0;m[1;36m OC=BTS(01) INST=(00,ff,ff): Get Attributes Response: feature 'SPEECH_F_EFR' is supported (abis_nm.c:599)[0;m
[1;36mTue Sep 29 22:19:13 2026 [1;33mDNM[0;m[1;36m [1;33mNOTICE[0;m[1;36m OC=BTS(01) INST=(00,ff,ff): Get Attributes Response: feature 'SPEECH_F_AMR' is supported (abis_nm.c:599)[0;m
[1;36mTue Sep 29 22:19:13 2026 [1;33mDNM[0;m[1;36m [1;33mNOTICE[0;m[1;36m OC=BTS(01) INST=(00,ff,ff): Get Attributes Response: feature 'SPEECH_H_AMR' is supported (abis_nm.c:599)[0;m
[1;36mTue Sep 29 22:19:13 2026 [1;33mDNM[0;m[1;36m [1;33mNOTICE[0;m[1;36m OC=BTS(01) INST=(00,ff,ff): Get Attributes Response: feature 'ETWS_PN' is supported (abis_nm.c:599)[0;m
[1;36mTue Sep 29 22:19:13 2026 [1;33mDNM[0;m[1;36m [1;33mNOTICE[0;m[1;36m OC=BTS(01) INST=(00,ff,ff): Get Attributes Response: feature 'PAGING_COORDINATION' is supported (abis_nm.c:599)[0;m
[1;36mTue Sep 29 22:19:13 2026 [1;33mDNM[0;m[1;36m [1;33mNOTICE[0;m[1;36m OC=BTS(01) INST=(00,ff,ff): Get Attributes Response: feature 'IPV6_NSVC' is supported (abis_nm.c:599)[0;m
[1;36mTue Sep 29 22:19:13 2026 [1;33mDNM[0;m[1;36m [1;33mNOTICE[0;m[1;36m OC=BTS(01) INST=(00,ff,ff): Get Attributes Response: feature 'ACCH_REP' is supported (abis_nm.c:599)[0;m
[1;36mTue Sep 29 22:19:13 2026 [1;33mDNM[0;m[1;36m [1;33mNOTICE[0;m[1;36m OC=BTS(01) INST=(00,ff,ff): Get Attributes Response: feature 'CCN' is supported (abis_nm.c:599)[0;m
[1;36mTue Sep 29 22:19:13 2026 [1;33mDNM[0;m[1;36m [1;33mNOTICE[0;m[1;36m OC=BTS(01) INST=(00,ff,ff): Get Attributes Response: feature 'VAMOS' is supported (abis_nm.c:599)[0;m
[1;36mTue Sep 29 22:19:13 2026 [1;33mDNM[0;m[1;36m [1;33mNOTICE[0;m[1;36m OC=BTS(01) INST=(00,ff,ff): Get Attributes Response: feature 'ABIS_OSMO_PCU' is supported (abis_nm.c:599)[0;m
[1;36mTue Sep 29 22:19:13 2026 [1;33mDNM[0;m[1;36m [1;33mNOTICE[0;m[1;36m OC=BTS(01) INST=(00,ff,ff): Get Attributes Response: feature 'BCCH_PWR_RED' is supported (abis_nm.c:599)[0;m
[1;36mTue Sep 29 22:19:13 2026 [1;33mDNM[0;m[1;36m [1;33mNOTICE[0;m[1;36m OC=BTS(01) INST=(00,ff,ff): Get Attributes Response: feature 'DYN_TS_SDCCH8' is supported (abis_nm.c:599)[0;m
[1;36mTue Sep 29 22:19:13 2026 [1;33mDNM[0;m[1;36m [1;33mNOTICE[0;m[1;36m OC=BTS(01) INST=(00,ff,ff): Get Attributes Response: feature 'ACCH_TEMP_OVP' is supported (abis_nm.c:599)[0;m
[1;36mTue Sep 29 22:19:13 2026 [1;33mDNM[0;m[1;36m [1;33mNOTICE[0;m[1;36m OC=BTS(01) INST=(00,ff,ff): Get Attributes Response: feature 'VBS' is supported (abis_nm.c:599)[0;m
[1;36mTue Sep 29 22:19:13 2026 [1;33mDNM[0;m[1;36m [1;33mNOTICE[0;m[1;36m OC=BTS(01) INST=(00,ff,ff): Get Attributes Response: feature 'VGCS' is supported (abis_nm.c:599)[0;m
[1;36mTue Sep 29 22:19:13 2026 [1;33mDNM[0;m[1;36m [1;33mNOTICE[0;m[1;36m OC=BTS(01) INST=(00,ff,ff): Get Attributes Response: feature 'TWTS001' is supported (abis_nm.c:599)[0;m
[1;36mTue Sep 29 22:19:13 2026 [1;33mDNM[0;m[1;36m [1;33mNOTICE[0;m[1;36m OC=BTS(01) INST=(00,ff,ff): Get Attributes Response: feature 'TWTS002' is supported (abis_nm.c:599)[0;m
[1;36mTue Sep 29 22:19:13 2026 [1;33mDNM[0;m[1;36m [1;33mNOTICE[0;m[1;36m OC=BTS(01) INST=(00,ff,ff): ARI reported sw[0/2]: osmobts is 1.10.0-dirty (abis_nm.c:652)[0;m
[1;36mTue Sep 29 22:19:13 2026 [1;33mDNM[0;m[1;36m [1;33mNOTICE[0;m[1;36m OC=BTS(01) INST=(00,ff,ff): Reported variant: osmo-bts-trx (abis_nm.c:534)[0;m
[1;36mTue Sep 29 22:19:13 2026 [1;31mDNM[0;m[1;36m [1;31mERROR[0;m[1;36m OC=RADIO-CARRIER(02) INST=(00,00,ff): Attribute SW Configuration is unreported (abis_nm.c:557)[0;m
[1;36mTue Sep 29 22:19:13 2026 [1;31mDNM[0;m[1;36m [1;31mERROR[0;m[1;36m OC=BASEBAND-TRANSCEIVER(04) INST=(00,00,ff): Attribute Manufacturer Dependent State is unreported (abis_nm.c:557)[0;m
[1;36mTue Sep 29 22:19:13 2026 [1;33mDNM[0;m[1;36m [1;33mNOTICE[0;m[1;36m OC=BASEBAND-TRANSCEIVER(04) INST=(00,00,ff): ARI reported sw[0/1]: TRX_PHY_VERSION is Unknown (abis_nm.c:652)[0;m
[1;35mTue Sep 29 22:19:13 2026 [1;33mDRSL[0;m[1;35m [1;33mNOTICE[0;m[1;35m (bts=1,trx=0) bootstrapping RSL on ARFCN 614 using MCC-MNC 001-01 LAC=1 CID=6012 BSIC=8 (osmo_bsc_main.c:320)[0;m
[1;36mTue Sep 29 22:20:02 2026 [1;31mDNM[0;m[1;36m [1;31mERROR[0;m[1;36m OC=BTS(01) INST=(00,ff,ff): Failure Event Report: [0;m[1;36mType=processing failure, [0;m[1;36mSeverity=critical failure, [0;m[1;36mProbable cause=Manufacturer specific values: [0;m[1;36mProcess stopped, [0;m[1;36mAdditional Text=BTS: SIGINT received -> shutdown. [0;m[1;36m (abis_nm.c:341)[0;m
[38;5;23mTue Sep 29 22:20:04 2026 [1;33mDLINP[0;m[38;5;23m [1;33mNOTICE[0;m[38;5;23m SRVCONN(ts-0-1-oml,r=127.0.0.1:45313<->l=127.0.0.1:3002) connection closed with client (stream_srv.c:770)[0;m
[38;5;23mTue Sep 29 22:20:04 2026 [1;33mDLINP[0;m[38;5;23m [1;33mNOTICE[0;m[38;5;23m E1TS(0:1) failed reading from socket: 0 (ipaccess.c:554)[0;m
[38;5;23mTue Sep 29 22:20:04 2026 [1;33mDLINP[0;m[38;5;23m [1;33mNOTICE[0;m[38;5;23m E1L(0) Signalling link down (bts_ipaccess_nanobts.c:778)[0;m
[38;5;23mTue Sep 29 22:20:04 2026 [1;33mDLINP[0;m[38;5;23m [1;33mNOTICE[0;m[38;5;23m (bts=1) Dropping OML link: link down (bts_ipaccess_nanobts.c:543)[0;m
[38;5;23mTue Sep 29 22:20:04 2026 [1;33mDLINP[0;m[38;5;23m [1;33mNOTICE[0;m[38;5;23m (bts=1,trx=0) Dropping RSL link: OML link drop (bts_ipaccess_nanobts.c:514)[0;m
[38;5;23mTue Sep 29 22:20:04 2026 [1;33mDLINP[0;m[38;5;23m [1;33mNOTICE[0;m[38;5;23m E1L(0) Signalling link down (bts_ipaccess_nanobts.c:778)[0;m
[38;5;23mTue Sep 29 22:20:04 2026 [1;33mDLINP[0;m[38;5;23m [1;33mNOTICE[0;m[38;5;23m E1L(0) Signalling link down for unknown BTS (bts_ipaccess_nanobts.c:791)[0;m
[1;36mTue Sep 29 22:20:06 2026 [1;33mDNM[0;m[1;36m [1;33mNOTICE[0;m[1;36m shutting down OML for BTS 0 (bsc_init.c:57)[0;m
[1;36mTue Sep 29 22:20:06 2026 [1;33mDNM[0;m[1;36m [1;33mNOTICE[0;m[1;36m shutting down OML for BTS 1 (bsc_init.c:57)[0;m
[38;5;43mTue Sep 29 22:20:25 2026 [1;33mDLSS7[0;m[38;5;43m [1;33mNOTICE[0;m[38;5;43m 0: ASP(asp-to-stp) Applying Adm State change: ENABLED -> ENABLED (ss7_asp_vty.c:673)[0;m
Tue Sep 29 22:20:25 2026 [1;33mDLGLOBAL[0;m [1;33mNOTICE[0;m Available via telnet 127.0.0.1 4242 (telnet_interface.c:88)
[38;5;23mTue Sep 29 22:20:25 2026 [1;33mDLINP[0;m[38;5;23m [1;33mNOTICE[0;m[38;5;23m E1L(0) enabling ipaccess BSC mode on 0.0.0.0 with OML 3002 and RSL 3003 TCP ports (ipaccess.c:1028)[0;m
[38;5;33mTue Sep 29 22:20:25 2026 [1;33mDLCTRL[0;m[38;5;33m [1;33mNOTICE[0;m[38;5;33m CTRL at 127.0.0.1 4249 (control_if.c:1026)[0;m
[38;5;51mTue Sep 29 22:20:25 2026 [1;33mDLMGCP[0;m[38;5;51m [1;33mNOTICE[0;m[38;5;51m MGW(mgw) MGCP client: using endpoint domain '@mgw' (mgcp_client.c:945)[0;m
[1;36mTue Sep 29 22:20:25 2026 [1;33mDNM[0;m[1;36m [1;33mNOTICE[0;m[1;36m MGW pool with 1 pool members configured, (ignoring MGW configuration in VTY node 'msc'). (osmo_bsc_main.c:869)[0;m
Tue Sep 29 22:20:25 2026 [1;33mDMSC[0;m [1;33mNOTICE[0;m Initializing SCCP connection for A/m3ua on cs7 instance 0 (osmo_bsc_sigtran.c:817)
[38;5;45mTue Sep 29 22:20:25 2026 [1;33mDLSCCP[0;m[38;5;45m [1;33mNOTICE[0;m[38;5;45m A-0-m3ua: Using SS7 instance 0, pc:1.1.3 (sccp_instance.c:655)[0;m
[38;5;45mTue Sep 29 22:20:25 2026 [1;33mDLSCCP[0;m[38;5;45m [1;33mNOTICE[0;m[38;5;45m A-0-m3ua: Using AS instance as-bsc (sccp_instance.c:673)[0;m
[38;5;45mTue Sep 29 22:20:25 2026 [1;33mDLSCCP[0;m[38;5;45m [1;33mNOTICE[0;m[38;5;45m A-0-m3ua: Creating default route (sccp_instance.c:679)[0;m
[38;5;45mTue Sep 29 22:20:25 2026 [1;33mDLSCCP[0;m[38;5;45m [1;33mNOTICE[0;m[38;5;45m A-0-m3ua: Using ASP instance asp-to-stp (sccp_instance.c:784)[0;m
[38;5;43mTue Sep 29 22:20:25 2026 [1;33mDLSS7[0;m[38;5;43m [1;33mNOTICE[0;m[38;5;43m 0: Creating SCCP instance (ss7_instance.c:214)[0;m
Tue Sep 29 22:20:25 2026 [1;33mDMSC[0;m [1;33mNOTICE[0;m (msc=0) A-0-m3ua: local (BSC) SCCP address: RI=SSN_PC,PC=1.1.3,SSN=BSSAP (osmo_bsc_sigtran.c:870)
Tue Sep 29 22:20:25 2026 [1;33mDMSC[0;m [1;33mNOTICE[0;m (msc=0) A-0-m3ua: remote (MSC) SCCP address: RI=SSN_PC,PC=1.1.1,SSN=BSSAP (osmo_bsc_sigtran.c:872)
Tue Sep 29 22:20:25 2026 [1;33mDMSC[0;m [1;33mNOTICE[0;m (msc=0) A-0-m3ua: binding SCCP user (osmo_bsc_sigtran.c:877)
[38;5;45mTue Sep 29 22:20:25 2026 [1;31mDLSCCP[0;m[38;5;45m [1;31mERROR[0;m[38;5;45m 0: SCCP(rctx=0) MTP-TRANSFER.req from SCCP for OPC=2059=1.1.3,DPC=2057=1.1.1,SLS=12: no route! (sccp_scrc.c:177)[0;m
[38;5;45mTue Sep 29 22:20:25 2026 [1;33mDLSCCP[0;m[38;5;45m [1;33mNOTICE[0;m[38;5;45m 0: SCCP(rctx=0) SCRC Routing Failure (MTP failure) for CL message CL:CLDT (sccp_sclc.c:359)[0;m
Tue Sep 29 22:20:25 2026 [1;33mDMSC[0;m [1;33mNOTICE[0;m (msc=0) (calling_addr=RI=2,PC=2057,SSN=254) N-NOTICE.ind cause=5='MTP failure' importance=0 (osmo_bsc_sigtran.c:168)
[38;5;49mTue Sep 29 22:20:27 2026 [1;33mDLM3UA[0;m[38;5;49m [1;33mNOTICE[0;m[38;5;49m 0: ASP(asp-to-stp) Received NOTIFY Type State Change:AS Inactive () (m3ua.c:707)[0;m
[38;5;43mTue Sep 29 22:20:27 2026 [1;33mDLSS7[0;m[38;5;43m [1;33mNOTICE[0;m[38;5;43m 0: RT(dpc=2057=1.1.1,mask=0x3fff=7.255.7,prio=5,via=as-bsc,st=available) changed to status 'available' (ss7_route.c:409)[0;m
Tue Sep 29 22:20:27 2026 [1;33mDMSC[0;m [1;33mNOTICE[0;m (msc=0) now available: N-PCSTATE ind: pc=2057=1.1.1 sp_status=ACCESSIBLE remote_sccp_status=AVAILABLE (osmo_bsc_sigtran.c:319)
[38;5;43mTue Sep 29 22:20:27 2026 [1;33mDLSS7[0;m[38;5;43m [1;33mNOTICE[0;m[38;5;43m xua_default_lm(asp-to-stp)[0x5559a54690a0]{ACTIVE}: Ignoring primitive M-ASP_ACTIVE.confirm (xua_default_lm_fsm.c:406)[0;m
[38;5;49mTue Sep 29 22:20:27 2026 [1;33mDLM3UA[0;m[38;5;49m [1;33mNOTICE[0;m[38;5;49m 0: ASP(asp-to-stp) Received NOTIFY Type State Change:AS Active () (m3ua.c:707)[0;m
[38;5;49mTue Sep 29 22:20:27 2026 [1;33mDLM3UA[0;m[38;5;49m [1;33mNOTICE[0;m[38;5;49m 0: ASP(asp-to-stp) Rx DUNA(RFC4666 4.5.1) for 1.1.2/0 (xua_snm.c:501)[0;m
[38;5;43mTue Sep 29 22:20:27 2026 [1;33mDLSS7[0;m[38;5;43m [1;33mNOTICE[0;m[38;5;43m 0: RT(dpc=2058=1.1.2,mask=0x3fff=7.255.7,prio=5,via=as-bsc,st=available) changed to status 'unavailable' (ss7_route.c:409)[0;m
Tue Sep 29 22:20:27 2026 [1;33mDMSC[0;m [1;33mNOTICE[0;m (msc=0) RESET ACK from MSC: RI=SSN_PC,PC=1.1.1,SSN=BSSAP (osmo_bsc_bssap.c:84)
Tue Sep 29 22:20:27 2026 [1;33mDRESET[0;m [1;33mNOTICE[0;m bssmap_reset(msc-0)[0x5559a54e63b0]{CONNECTED}: link up (bssmap_reset.c:83)
Tue Sep 29 22:20:27 2026 [1;33mDMSC[0;m [1;33mNOTICE[0;m (msc=0) BSSMAP association is up (a_reset.c:45)
[1;36mTue Sep 29 22:20:35 2026 [1;33mDNM[0;m[1;36m [1;33mNOTICE[0;m[1;36m OC=BTS(01) INST=(00,ff,ff): Get Attributes Response: feature 'GPRS' is supported (abis_nm.c:599)[0;m
[1;36mTue Sep 29 22:20:35 2026 [1;33mDNM[0;m[1;36m [1;33mNOTICE[0;m[1;36m OC=BTS(01) INST=(00,ff,ff): Get Attributes Response: feature 'EGPRS' is supported (abis_nm.c:599)[0;m
[1;36mTue Sep 29 22:20:35 2026 [1;33mDNM[0;m[1;36m [1;33mNOTICE[0;m[1;36m OC=BTS(01) INST=(00,ff,ff): Get Attributes Response: feature 'HOPPING' is supported (abis_nm.c:599)[0;m
[1;36mTue Sep 29 22:20:35 2026 [1;33mDNM[0;m[1;36m [1;33mNOTICE[0;m[1;36m OC=BTS(01) INST=(00,ff,ff): Get Attributes Response: feature 'MULTI_TSC' is supported (abis_nm.c:599)[0;m
[1;36mTue Sep 29 22:20:35 2026 [1;33mDNM[0;m[1;36m [1;33mNOTICE[0;m[1;36m OC=BTS(01) INST=(00,ff,ff): Get Attributes Response: feature 'OML_ALERTS' is supported (abis_nm.c:599)[0;m
[1;36mTue Sep 29 22:20:35 2026 [1;33mDNM[0;m[1;36m [1;33mNOTICE[0;m[1;36m OC=BTS(01) INST=(00,ff,ff): Get Attributes Response: feature 'CBCH' is supported (abis_nm.c:599)[0;m
[1;36mTue Sep 29 22:20:35 2026 [1;33mDNM[0;m[1;36m [1;33mNOTICE[0;m[1;36m OC=BTS(01) INST=(00,ff,ff): Get Attributes Response: feature 'SPEECH_F_V1' is supported (abis_nm.c:599)[0;m
[1;36mTue Sep 29 22:20:35 2026 [1;33mDNM[0;m[1;36m [1;33mNOTICE[0;m[1;36m OC=BTS(01) INST=(00,ff,ff): Get Attributes Response: feature 'SPEECH_H_V1' is supported (abis_nm.c:599)[0;m
[1;36mTue Sep 29 22:20:35 2026 [1;33mDNM[0;m[1;36m [1;33mNOTICE[0;m[1;36m OC=BTS(01) INST=(00,ff,ff): Get Attributes Response: feature 'SPEECH_F_EFR' is supported (abis_nm.c:599)[0;m
[1;36mTue Sep 29 22:20:35 2026 [1;33mDNM[0;m[1;36m [1;33mNOTICE[0;m[1;36m OC=BTS(01) INST=(00,ff,ff): Get Attributes Response: feature 'SPEECH_F_AMR' is supported (abis_nm.c:599)[0;m
[1;36mTue Sep 29 22:20:35 2026 [1;33mDNM[0;m[1;36m [1;33mNOTICE[0;m[1;36m OC=BTS(01) INST=(00,ff,ff): Get Attributes Response: feature 'SPEECH_H_AMR' is supported (abis_nm.c:599)[0;m
[1;36mTue Sep 29 22:20:35 2026 [1;33mDNM[0;m[1;36m [1;33mNOTICE[0;m[1;36m OC=BTS(01) INST=(00,ff,ff): Get Attributes Response: feature 'ETWS_PN' is supported (abis_nm.c:599)[0;m
[1;36mTue Sep 29 22:20:35 2026 [1;33mDNM[0;m[1;36m [1;33mNOTICE[0;m[1;36m OC=BTS(01) INST=(00,ff,ff): Get Attributes Response: feature 'PAGING_COORDINATION' is supported (abis_nm.c:599)[0;m
[1;36mTue Sep 29 22:20:35 2026 [1;33mDNM[0;m[1;36m [1;33mNOTICE[0;m[1;36m OC=BTS(01) INST=(00,ff,ff): Get Attributes Response: feature 'IPV6_NSVC' is supported (abis_nm.c:599)[0;m
[1;36mTue Sep 29 22:20:35 2026 [1;33mDNM[0;m[1;36m [1;33mNOTICE[0;m[1;36m OC=BTS(01) INST=(00,ff,ff): Get Attributes Response: feature 'ACCH_REP' is supported (abis_nm.c:599)[0;m
[1;36mTue Sep 29 22:20:35 2026 [1;33mDNM[0;m[1;36m [1;33mNOTICE[0;m[1;36m OC=BTS(01) INST=(00,ff,ff): Get Attributes Response: feature 'CCN' is supported (abis_nm.c:599)[0;m
[1;36mTue Sep 29 22:20:35 2026 [1;33mDNM[0;m[1;36m [1;33mNOTICE[0;m[1;36m OC=BTS(01) INST=(00,ff,ff): Get Attributes Response: feature 'VAMOS' is supported (abis_nm.c:599)[0;m
[1;36mTue Sep 29 22:20:35 2026 [1;33mDNM[0;m[1;36m [1;33mNOTICE[0;m[1;36m OC=BTS(01) INST=(00,ff,ff): Get Attributes Response: feature 'ABIS_OSMO_PCU' is supported (abis_nm.c:599)[0;m
[1;36mTue Sep 29 22:20:35 2026 [1;33mDNM[0;m[1;36m [1;33mNOTICE[0;m[1;36m OC=BTS(01) INST=(00,ff,ff): Get Attributes Response: feature 'BCCH_PWR_RED' is supported (abis_nm.c:599)[0;m
[1;36mTue Sep 29 22:20:35 2026 [1;33mDNM[0;m[1;36m [1;33mNOTICE[0;m[1;36m OC=BTS(01) INST=(00,ff,ff): Get Attributes Response: feature 'DYN_TS_SDCCH8' is supported (abis_nm.c:599)[0;m
[1;36mTue Sep 29 22:20:35 2026 [1;33mDNM[0;m[1;36m [1;33mNOTICE[0;m[1;36m OC=BTS(01) INST=(00,ff,ff): Get Attributes Response: feature 'ACCH_TEMP_OVP' is supported (abis_nm.c:599)[0;m
[1;36mTue Sep 29 22:20:35 2026 [1;33mDNM[0;m[1;36m [1;33mNOTICE[0;m[1;36m OC=BTS(01) INST=(00,ff,ff): Get Attributes Response: feature 'VBS' is supported (abis_nm.c:599)[0;m
[1;36mTue Sep 29 22:20:35 2026 [1;33mDNM[0;m[1;36m [1;33mNOTICE[0;m[1;36m OC=BTS(01) INST=(00,ff,ff): Get Attributes Response: feature 'VGCS' is supported (abis_nm.c:599)[0;m
[1;36mTue Sep 29 22:20:35 2026 [1;33mDNM[0;m[1;36m [1;33mNOTICE[0;m[1;36m OC=BTS(01) INST=(00,ff,ff): Get Attributes Response: feature 'TWTS001' is supported (abis_nm.c:599)[0;m
[1;36mTue Sep 29 22:20:35 2026 [1;33mDNM[0;m[1;36m [1;33mNOTICE[0;m[1;36m OC=BTS(01) INST=(00,ff,ff): Get Attributes Response: feature 'TWTS002' is supported (abis_nm.c:599)[0;m
[1;36mTue Sep 29 22:20:35 2026 [1;33mDNM[0;m[1;36m [1;33mNOTICE[0;m[1;36m OC=BTS(01) INST=(00,ff,ff): ARI reported sw[0/2]: osmobts is 1.10.0-dirty (abis_nm.c:652)[0;m
[1;36mTue Sep 29 22:20:35 2026 [1;33mDNM[0;m[1;36m [1;33mNOTICE[0;m[1;36m OC=BTS(01) INST=(00,ff,ff): Reported variant: osmo-bts-trx (abis_nm.c:534)[0;m
[1;36mTue Sep 29 22:20:35 2026 [1;31mDNM[0;m[1;36m [1;31mERROR[0;m[1;36m OC=RADIO-CARRIER(02) INST=(00,00,ff): Attribute SW Configuration is unreported (abis_nm.c:557)[0;m
[1;36mTue Sep 29 22:20:35 2026 [1;31mDNM[0;m[1;36m [1;31mERROR[0;m[1;36m OC=BASEBAND-TRANSCEIVER(04) INST=(00,00,ff): Attribute Manufacturer Dependent State is unreported (abis_nm.c:557)[0;m
[1;36mTue Sep 29 22:20:35 2026 [1;33mDNM[0;m[1;36m [1;33mNOTICE[0;m[1;36m OC=BASEBAND-TRANSCEIVER(04) INST=(00,00,ff): ARI reported sw[0/1]: TRX_PHY_VERSION is Unknown (abis_nm.c:652)[0;m
[1;35mTue Sep 29 22:20:35 2026 [1;33mDRSL[0;m[1;35m [1;33mNOTICE[0;m[1;35m (bts=1,trx=0) bootstrapping RSL on ARFCN 614 using MCC-MNC 001-01 LAC=1 CID=6012 BSIC=8 (osmo_bsc_main.c:320)[0;m
[1;36mTue Sep 29 22:20:43 2026 [1;31mDNM[0;m[1;36m [1;31mERROR[0;m[1;36m OC=GPRS-CELL(f1) INST=(00,00,ff): Attribute SW Configuration is unreported (abis_nm.c:557)[0;m
[1;36mTue Sep 29 22:20:43 2026 [1;33mDNM[0;m[1;36m [1;33mNOTICE[0;m[1;36m OC=BTS(01) INST=(00,ff,ff): Get Attributes Response: feature 'GPRS' is supported (abis_nm.c:599)[0;m
[1;36mTue Sep 29 22:20:43 2026 [1;33mDNM[0;m[1;36m [1;33mNOTICE[0;m[1;36m OC=BTS(01) INST=(00,ff,ff): Get Attributes Response: feature 'EGPRS' is supported (abis_nm.c:599)[0;m
[1;36mTue Sep 29 22:20:43 2026 [1;33mDNM[0;m[1;36m [1;33mNOTICE[0;m[1;36m OC=BTS(01) INST=(00,ff,ff): Get Attributes Response: feature 'HOPPING' is supported (abis_nm.c:599)[0;m
[1;36mTue Sep 29 22:20:43 2026 [1;33mDNM[0;m[1;36m [1;33mNOTICE[0;m[1;36m OC=BTS(01) INST=(00,ff,ff): Get Attributes Response: feature 'MULTI_TSC' is supported (abis_nm.c:599)[0;m
[1;36mTue Sep 29 22:20:43 2026 [1;33mDNM[0;m[1;36m [1;33mNOTICE[0;m[1;36m OC=BTS(01) INST=(00,ff,ff): Get Attributes Response: feature 'OML_ALERTS' is supported (abis_nm.c:599)[0;m
[1;36mTue Sep 29 22:20:43 2026 [1;33mDNM[0;m[1;36m [1;33mNOTICE[0;m[1;36m OC=BTS(01) INST=(00,ff,ff): Get Attributes Response: feature 'CBCH' is supported (abis_nm.c:599)[0;m
[1;36mTue Sep 29 22:20:43 2026 [1;33mDNM[0;m[1;36m [1;33mNOTICE[0;m[1;36m OC=BTS(01) INST=(00,ff,ff): Get Attributes Response: feature 'SPEECH_F_V1' is supported (abis_nm.c:599)[0;m
[1;36mTue Sep 29 22:20:43 2026 [1;33mDNM[0;m[1;36m [1;33mNOTICE[0;m[1;36m OC=BTS(01) INST=(00,ff,ff): Get Attributes Response: feature 'SPEECH_H_V1' is supported (abis_nm.c:599)[0;m
[1;36mTue Sep 29 22:20:43 2026 [1;33mDNM[0;m[1;36m [1;33mNOTICE[0;m[1;36m OC=BTS(01) INST=(00,ff,ff): Get Attributes Response: feature 'SPEECH_F_EFR' is supported (abis_nm.c:599)[0;m
[1;36mTue Sep 29 22:20:43 2026 [1;33mDNM[0;m[1;36m [1;33mNOTICE[0;m[1;36m OC=BTS(01) INST=(00,ff,ff): Get Attributes Response: feature 'SPEECH_F_AMR' is supported (abis_nm.c:599)[0;m
[1;36mTue Sep 29 22:20:43 2026 [1;33mDNM[0;m[1;36m [1;33mNOTICE[0;m[1;36m OC=BTS(01) INST=(00,ff,ff): Get Attributes Response: feature 'SPEECH_H_AMR' is supported (abis_nm.c:599)[0;m
[1;36mTue Sep 29 22:20:43 2026 [1;33mDNM[0;m[1;36m [1;33mNOTICE[0;m[1;36m OC=BTS(01) INST=(00,ff,ff): Get Attributes Response: feature 'ETWS_PN' is supported (abis_nm.c:599)[0;m
[1;36mTue Sep 29 22:20:43 2026 [1;33mDNM[0;m[1;36m [1;33mNOTICE[0;m[1;36m OC=BTS(01) INST=(00,ff,ff): Get Attributes Response: feature 'PAGING_COORDINATION' is supported (abis_nm.c:599)[0;m
[1;36mTue Sep 29 22:20:43 2026 [1;33mDNM[0;m[1;36m [1;33mNOTICE[0;m[1;36m OC=BTS(01) INST=(00,ff,ff): Get Attributes Response: feature 'IPV6_NSVC' is supported (abis_nm.c:599)[0;m
[1;36mTue Sep 29 22:20:43 2026 [1;33mDNM[0;m[1;36m [1;33mNOTICE[0;m[1;36m OC=BTS(01) INST=(00,ff,ff): Get Attributes Response: feature 'ACCH_REP' is supported (abis_nm.c:599)[0;m
[1;36mTue Sep 29 22:20:43 2026 [1;33mDNM[0;m[1;36m [1;33mNOTICE[0;m[1;36m OC=BTS(01) INST=(00,ff,ff): Get Attributes Response: feature 'CCN' is supported (abis_nm.c:599)[0;m
[1;36mTue Sep 29 22:20:43 2026 [1;33mDNM[0;m[1;36m [1;33mNOTICE[0;m[1;36m OC=BTS(01) INST=(00,ff,ff): Get Attributes Response: feature 'VAMOS' is supported (abis_nm.c:599)[0;m
[1;36mTue Sep 29 22:20:43 2026 [1;33mDNM[0;m[1;36m [1;33mNOTICE[0;m[1;36m OC=BTS(01) INST=(00,ff,ff): Get Attributes Response: feature 'ABIS_OSMO_PCU' is supported (abis_nm.c:599)[0;m
[1;36mTue Sep 29 22:20:43 2026 [1;33mDNM[0;m[1;36m [1;33mNOTICE[0;m[1;36m OC=BTS(01) INST=(00,ff,ff): Get Attributes Response: feature 'BCCH_PWR_RED' is supported (abis_nm.c:599)[0;m
[1;36mTue Sep 29 22:20:43 2026 [1;33mDNM[0;m[1;36m [1;33mNOTICE[0;m[1;36m OC=BTS(01) INST=(00,ff,ff): Get Attributes Response: feature 'DYN_TS_SDCCH8' is supported (abis_nm.c:599)[0;m
[1;36mTue Sep 29 22:20:43 2026 [1;33mDNM[0;m[1;36m [1;33mNOTICE[0;m[1;36m OC=BTS(01) INST=(00,ff,ff): Get Attributes Response: feature 'ACCH_TEMP_OVP' is supported (abis_nm.c:599)[0;m
[1;36mTue Sep 29 22:20:43 2026 [1;33mDNM[0;m[1;36m [1;33mNOTICE[0;m[1;36m OC=BTS(01) INST=(00,ff,ff): Get Attributes Response: feature 'VBS' is supported (abis_nm.c:599)[0;m
[1;36mTue Sep 29 22:20:43 2026 [1;33mDNM[0;m[1;36m [1;33mNOTICE[0;m[1;36m OC=BTS(01) INST=(00,ff,ff): Get Attributes Response: feature 'VGCS' is supported (abis_nm.c:599)[0;m
[1;36mTue Sep 29 22:20:43 2026 [1;33mDNM[0;m[1;36m [1;33mNOTICE[0;m[1;36m OC=BTS(01) INST=(00,ff,ff): Get Attributes Response: feature 'TWTS001' is supported (abis_nm.c:599)[0;m
[1;36mTue Sep 29 22:20:43 2026 [1;33mDNM[0;m[1;36m [1;33mNOTICE[0;m[1;36m OC=BTS(01) INST=(00,ff,ff): Get Attributes Response: feature 'TWTS002' is supported (abis_nm.c:599)[0;m
[1;36mTue Sep 29 22:20:43 2026 [1;33mDNM[0;m[1;36m [1;33mNOTICE[0;m[1;36m OC=BTS(01) INST=(00,ff,ff): ARI reported sw[0/2]: osmobts is 1.10.0-dirty (abis_nm.c:652)[0;m
[1;36mTue Sep 29 22:20:43 2026 [1;33mDNM[0;m[1;36m [1;33mNOTICE[0;m[1;36m OC=BTS(01) INST=(00,ff,ff): Reported variant: osmo-bts-trx (abis_nm.c:534)[0;m
[1;36mTue Sep 29 22:20:43 2026 [1;31mDNM[0;m[1;36m [1;31mERROR[0;m[1;36m OC=RADIO-CARRIER(02) INST=(00,00,ff): Attribute SW Configuration is unreported (abis_nm.c:557)[0;m
[1;36mTue Sep 29 22:20:43 2026 [1;31mDNM[0;m[1;36m [1;31mERROR[0;m[1;36m OC=BASEBAND-TRANSCEIVER(04) INST=(00,00,ff): Attribute Manufacturer Dependent State is unreported (abis_nm.c:557)[0;m
[1;36mTue Sep 29 22:20:43 2026 [1;33mDNM[0;m[1;36m [1;33mNOTICE[0;m[1;36m OC=BASEBAND-TRANSCEIVER(04) INST=(00,00,ff): ARI reported sw[0/1]: TRX_PHY_VERSION is Unknown (abis_nm.c:652)[0;m
[1;35mTue Sep 29 22:20:43 2026 [1;33mDRSL[0;m[1;35m [1;33mNOTICE[0;m[1;35m (bts=0,trx=0) bootstrapping RSL on ARFCN 514 using MCC-MNC 001-01 LAC=1 CID=6001 BSIC=7 (osmo_bsc_main.c:320)[0;m
[1;36mTue Sep 29 22:20:45 2026 [1;33mDNM[0;m[1;36m [1;33mNOTICE[0;m[1;36m OC=BTS(01) INST=(00,ff,ff): Reported connected PCU version 1.5.2 (abis_nm.c:352)[0;m
[1;36mTue Sep 29 22:25:45 2026 [1;31mDNM[0;m[1;36m [1;31mERROR[0;m[1;36m OC=BTS(01) INST=(00,ff,ff): Failure Event Report: [0;m[1;36mType=processing failure, [0;m[1;36mSeverity=critical failure, [0;m[1;36mProbable cause=Manufacturer specific values: [0;m[1;36mProcess stopped, [0;m[1;36mAdditional Text=BTS: SIGINT received -> shutdown. [0;m[1;36m (abis_nm.c:341)[0;m
[38;5;23mTue Sep 29 22:25:45 2026 [1;31mDLINP[0;m[38;5;23m [1;31mERROR[0;m[38;5;23m SRVCONN(ts-0-1-oml,r=127.0.0.1:39581<->l=127.0.0.1:3002) lost connection with client (-104) (stream_srv.c:767)[0;m
[38;5;23mTue Sep 29 22:25:45 2026 [1;33mDLINP[0;m[38;5;23m [1;33mNOTICE[0;m[38;5;23m E1TS(0:1) failed reading from socket: -104 (ipaccess.c:554)[0;m
[38;5;23mTue Sep 29 22:25:45 2026 [1;33mDLINP[0;m[38;5;23m [1;33mNOTICE[0;m[38;5;23m E1L(0) Signalling link down (bts_ipaccess_nanobts.c:778)[0;m
[38;5;23mTue Sep 29 22:25:45 2026 [1;33mDLINP[0;m[38;5;23m [1;33mNOTICE[0;m[38;5;23m (bts=0) Dropping OML link: link down (bts_ipaccess_nanobts.c:543)[0;m
[38;5;23mTue Sep 29 22:25:45 2026 [1;33mDLINP[0;m[38;5;23m [1;33mNOTICE[0;m[38;5;23m (bts=0,trx=0) Dropping RSL link: OML link drop (bts_ipaccess_nanobts.c:514)[0;m
[38;5;23mTue Sep 29 22:25:45 2026 [1;33mDLINP[0;m[38;5;23m [1;33mNOTICE[0;m[38;5;23m E1L(0) Signalling link down (bts_ipaccess_nanobts.c:778)[0;m
[38;5;23mTue Sep 29 22:25:45 2026 [1;33mDLINP[0;m[38;5;23m [1;33mNOTICE[0;m[38;5;23m E1L(0) Signalling link down for unknown BTS (bts_ipaccess_nanobts.c:791)[0;m
[1;36mTue Sep 29 22:25:45 2026 [1;31mDNM[0;m[1;36m [1;31mERROR[0;m[1;36m OC=BTS(01) INST=(00,ff,ff): Failure Event Report: [0;m[1;36mType=processing failure, [0;m[1;36mSeverity=critical failure, [0;m[1;36mProbable cause=Manufacturer specific values: [0;m[1;36mProcess stopped, [0;m[1;36mAdditional Text=BTS: SIGINT received -> shutdown. [0;m[1;36m (abis_nm.c:341)[0;m
[38;5;23mTue Sep 29 22:25:47 2026 [1;33mDLINP[0;m[38;5;23m [1;33mNOTICE[0;m[38;5;23m SRVCONN(ts-0-1-oml,r=127.0.0.1:38893<->l=127.0.0.1:3002) connection closed with client (stream_srv.c:770)[0;m
[38;5;23mTue Sep 29 22:25:47 2026 [1;33mDLINP[0;m[38;5;23m [1;33mNOTICE[0;m[38;5;23m E1TS(0:1) failed reading from socket: 0 (ipaccess.c:554)[0;m
[38;5;23mTue Sep 29 22:25:47 2026 [1;33mDLINP[0;m[38;5;23m [1;33mNOTICE[0;m[38;5;23m E1L(0) Signalling link down (bts_ipaccess_nanobts.c:778)[0;m
[38;5;23mTue Sep 29 22:25:47 2026 [1;33mDLINP[0;m[38;5;23m [1;33mNOTICE[0;m[38;5;23m (bts=1) Dropping OML link: link down (bts_ipaccess_nanobts.c:543)[0;m
[38;5;23mTue Sep 29 22:25:47 2026 [1;33mDLINP[0;m[38;5;23m [1;33mNOTICE[0;m[38;5;23m (bts=1,trx=0) Dropping RSL link: OML link drop (bts_ipaccess_nanobts.c:514)[0;m
[38;5;23mTue Sep 29 22:25:47 2026 [1;33mDLINP[0;m[38;5;23m [1;33mNOTICE[0;m[38;5;23m E1L(0) Signalling link down (bts_ipaccess_nanobts.c:778)[0;m
[38;5;23mTue Sep 29 22:25:47 2026 [1;33mDLINP[0;m[38;5;23m [1;33mNOTICE[0;m[38;5;23m E1L(0) Signalling link down for unknown BTS (bts_ipaccess_nanobts.c:791)[0;m
[1;36mTue Sep 29 22:25:49 2026 [1;33mDNM[0;m[1;36m [1;33mNOTICE[0;m[1;36m shutting down OML for BTS 0 (bsc_init.c:57)[0;m
[1;36mTue Sep 29 22:25:49 2026 [1;33mDNM[0;m[1;36m [1;33mNOTICE[0;m[1;36m shutting down OML for BTS 1 (bsc_init.c:57)[0;m
[38;5;43mTue Sep 29 22:26:07 2026 [1;33mDLSS7[0;m[38;5;43m [1;33mNOTICE[0;m[38;5;43m 0: ASP(asp-to-stp) Applying Adm State change: ENABLED -> ENABLED (ss7_asp_vty.c:673)[0;m
Tue Sep 29 22:26:07 2026 [1;33mDLGLOBAL[0;m [1;33mNOTICE[0;m Available via telnet 127.0.0.1 4242 (telnet_interface.c:88)
[38;5;23mTue Sep 29 22:26:07 2026 [1;33mDLINP[0;m[38;5;23m [1;33mNOTICE[0;m[38;5;23m E1L(0) enabling ipaccess BSC mode on 0.0.0.0 with OML 3002 and RSL 3003 TCP ports (ipaccess.c:1028)[0;m
[38;5;33mTue Sep 29 22:26:07 2026 [1;33mDLCTRL[0;m[38;5;33m [1;33mNOTICE[0;m[38;5;33m CTRL at 127.0.0.1 4249 (control_if.c:1026)[0;m
[38;5;51mTue Sep 29 22:26:07 2026 [1;33mDLMGCP[0;m[38;5;51m [1;33mNOTICE[0;m[38;5;51m MGW(mgw) MGCP client: using endpoint domain '@mgw' (mgcp_client.c:945)[0;m
[1;36mTue Sep 29 22:26:07 2026 [1;33mDNM[0;m[1;36m [1;33mNOTICE[0;m[1;36m MGW pool with 1 pool members configured, (ignoring MGW configuration in VTY node 'msc'). (osmo_bsc_main.c:869)[0;m
Tue Sep 29 22:26:07 2026 [1;33mDMSC[0;m [1;33mNOTICE[0;m Initializing SCCP connection for A/m3ua on cs7 instance 0 (osmo_bsc_sigtran.c:817)
[38;5;45mTue Sep 29 22:26:07 2026 [1;33mDLSCCP[0;m[38;5;45m [1;33mNOTICE[0;m[38;5;45m A-0-m3ua: Using SS7 instance 0, pc:1.1.3 (sccp_instance.c:655)[0;m
[38;5;45mTue Sep 29 22:26:07 2026 [1;33mDLSCCP[0;m[38;5;45m [1;33mNOTICE[0;m[38;5;45m A-0-m3ua: Using AS instance as-bsc (sccp_instance.c:673)[0;m
[38;5;45mTue Sep 29 22:26:07 2026 [1;33mDLSCCP[0;m[38;5;45m [1;33mNOTICE[0;m[38;5;45m A-0-m3ua: Creating default route (sccp_instance.c:679)[0;m
[38;5;45mTue Sep 29 22:26:07 2026 [1;33mDLSCCP[0;m[38;5;45m [1;33mNOTICE[0;m[38;5;45m A-0-m3ua: Using ASP instance asp-to-stp (sccp_instance.c:784)[0;m
[38;5;43mTue Sep 29 22:26:07 2026 [1;33mDLSS7[0;m[38;5;43m [1;33mNOTICE[0;m[38;5;43m 0: Creating SCCP instance (ss7_instance.c:214)[0;m
Tue Sep 29 22:26:07 2026 [1;33mDMSC[0;m [1;33mNOTICE[0;m (msc=0) A-0-m3ua: local (BSC) SCCP address: RI=SSN_PC,PC=1.1.3,SSN=BSSAP (osmo_bsc_sigtran.c:870)
Tue Sep 29 22:26:07 2026 [1;33mDMSC[0;m [1;33mNOTICE[0;m (msc=0) A-0-m3ua: remote (MSC) SCCP address: RI=SSN_PC,PC=1.1.1,SSN=BSSAP (osmo_bsc_sigtran.c:872)
Tue Sep 29 22:26:07 2026 [1;33mDMSC[0;m [1;33mNOTICE[0;m (msc=0) A-0-m3ua: binding SCCP user (osmo_bsc_sigtran.c:877)
[38;5;45mTue Sep 29 22:26:07 2026 [1;31mDLSCCP[0;m[38;5;45m [1;31mERROR[0;m[38;5;45m 0: SCCP(rctx=0) MTP-TRANSFER.req from SCCP for OPC=2059=1.1.3,DPC=2057=1.1.1,SLS=4: no route! (sccp_scrc.c:177)[0;m
[38;5;45mTue Sep 29 22:26:07 2026 [1;33mDLSCCP[0;m[38;5;45m [1;33mNOTICE[0;m[38;5;45m 0: SCCP(rctx=0) SCRC Routing Failure (MTP failure) for CL message CL:CLDT (sccp_sclc.c:359)[0;m
Tue Sep 29 22:26:07 2026 [1;33mDMSC[0;m [1;33mNOTICE[0;m (msc=0) (calling_addr=RI=2,PC=2057,SSN=254) N-NOTICE.ind cause=5='MTP failure' importance=0 (osmo_bsc_sigtran.c:168)
[38;5;49mTue Sep 29 22:26:09 2026 [1;33mDLM3UA[0;m[38;5;49m [1;33mNOTICE[0;m[38;5;49m 0: ASP(asp-to-stp) Received NOTIFY Type State Change:AS Inactive () (m3ua.c:707)[0;m
[38;5;43mTue Sep 29 22:26:09 2026 [1;33mDLSS7[0;m[38;5;43m [1;33mNOTICE[0;m[38;5;43m 0: RT(dpc=2057=1.1.1,mask=0x3fff=7.255.7,prio=5,via=as-bsc,st=available) changed to status 'available' (ss7_route.c:409)[0;m
Tue Sep 29 22:26:09 2026 [1;33mDMSC[0;m [1;33mNOTICE[0;m (msc=0) now available: N-PCSTATE ind: pc=2057=1.1.1 sp_status=ACCESSIBLE remote_sccp_status=AVAILABLE (osmo_bsc_sigtran.c:319)
[38;5;43mTue Sep 29 22:26:09 2026 [1;33mDLSS7[0;m[38;5;43m [1;33mNOTICE[0;m[38;5;43m xua_default_lm(asp-to-stp)[0x578f769f70a0]{ACTIVE}: Ignoring primitive M-ASP_ACTIVE.confirm (xua_default_lm_fsm.c:406)[0;m
[38;5;49mTue Sep 29 22:26:09 2026 [1;33mDLM3UA[0;m[38;5;49m [1;33mNOTICE[0;m[38;5;49m 0: ASP(asp-to-stp) Received NOTIFY Type State Change:AS Active () (m3ua.c:707)[0;m
[38;5;49mTue Sep 29 22:26:09 2026 [1;33mDLM3UA[0;m[38;5;49m [1;33mNOTICE[0;m[38;5;49m 0: ASP(asp-to-stp) Rx DUNA(RFC4666 4.5.1) for 1.1.2/0 (xua_snm.c:501)[0;m
[38;5;43mTue Sep 29 22:26:09 2026 [1;33mDLSS7[0;m[38;5;43m [1;33mNOTICE[0;m[38;5;43m 0: RT(dpc=2058=1.1.2,mask=0x3fff=7.255.7,prio=5,via=as-bsc,st=available) changed to status 'unavailable' (ss7_route.c:409)[0;m
Tue Sep 29 22:26:09 2026 [1;33mDMSC[0;m [1;33mNOTICE[0;m (msc=0) RESET ACK from MSC: RI=SSN_PC,PC=1.1.1,SSN=BSSAP (osmo_bsc_bssap.c:84)
Tue Sep 29 22:26:09 2026 [1;33mDRESET[0;m [1;33mNOTICE[0;m bssmap_reset(msc-0)[0x578f76a743b0]{CONNECTED}: link up (bssmap_reset.c:83)
Tue Sep 29 22:26:09 2026 [1;33mDMSC[0;m [1;33mNOTICE[0;m (msc=0) BSSMAP association is up (a_reset.c:45)
[1;36mTue Sep 29 22:26:17 2026 [1;33mDNM[0;m[1;36m [1;33mNOTICE[0;m[1;36m OC=BTS(01) INST=(00,ff,ff): Get Attributes Response: feature 'GPRS' is supported (abis_nm.c:599)[0;m
[1;36mTue Sep 29 22:26:17 2026 [1;33mDNM[0;m[1;36m [1;33mNOTICE[0;m[1;36m OC=BTS(01) INST=(00,ff,ff): Get Attributes Response: feature 'EGPRS' is supported (abis_nm.c:599)[0;m
[1;36mTue Sep 29 22:26:17 2026 [1;33mDNM[0;m[1;36m [1;33mNOTICE[0;m[1;36m OC=BTS(01) INST=(00,ff,ff): Get Attributes Response: feature 'HOPPING' is supported (abis_nm.c:599)[0;m
[1;36mTue Sep 29 22:26:17 2026 [1;33mDNM[0;m[1;36m [1;33mNOTICE[0;m[1;36m OC=BTS(01) INST=(00,ff,ff): Get Attributes Response: feature 'MULTI_TSC' is supported (abis_nm.c:599)[0;m
[1;36mTue Sep 29 22:26:17 2026 [1;33mDNM[0;m[1;36m [1;33mNOTICE[0;m[1;36m OC=BTS(01) INST=(00,ff,ff): Get Attributes Response: feature 'OML_ALERTS' is supported (abis_nm.c:599)[0;m
[1;36mTue Sep 29 22:26:17 2026 [1;33mDNM[0;m[1;36m [1;33mNOTICE[0;m[1;36m OC=BTS(01) INST=(00,ff,ff): Get Attributes Response: feature 'CBCH' is supported (abis_nm.c:599)[0;m
[1;36mTue Sep 29 22:26:17 2026 [1;33mDNM[0;m[1;36m [1;33mNOTICE[0;m[1;36m OC=BTS(01) INST=(00,ff,ff): Get Attributes Response: feature 'SPEECH_F_V1' is supported (abis_nm.c:599)[0;m
[1;36mTue Sep 29 22:26:17 2026 [1;33mDNM[0;m[1;36m [1;33mNOTICE[0;m[1;36m OC=BTS(01) INST=(00,ff,ff): Get Attributes Response: feature 'SPEECH_H_V1' is supported (abis_nm.c:599)[0;m
[1;36mTue Sep 29 22:26:17 2026 [1;33mDNM[0;m[1;36m [1;33mNOTICE[0;m[1;36m OC=BTS(01) INST=(00,ff,ff): Get Attributes Response: feature 'SPEECH_F_EFR' is supported (abis_nm.c:599)[0;m
[1;36mTue Sep 29 22:26:17 2026 [1;33mDNM[0;m[1;36m [1;33mNOTICE[0;m[1;36m OC=BTS(01) INST=(00,ff,ff): Get Attributes Response: feature 'SPEECH_F_AMR' is supported (abis_nm.c:599)[0;m
[1;36mTue Sep 29 22:26:17 2026 [1;33mDNM[0;m[1;36m [1;33mNOTICE[0;m[1;36m OC=BTS(01) INST=(00,ff,ff): Get Attributes Response: feature 'SPEECH_H_AMR' is supported (abis_nm.c:599)[0;m
[1;36mTue Sep 29 22:26:17 2026 [1;33mDNM[0;m[1;36m [1;33mNOTICE[0;m[1;36m OC=BTS(01) INST=(00,ff,ff): Get Attributes Response: feature 'ETWS_PN' is supported (abis_nm.c:599)[0;m
[1;36mTue Sep 29 22:26:17 2026 [1;33mDNM[0;m[1;36m [1;33mNOTICE[0;m[1;36m OC=BTS(01) INST=(00,ff,ff): Get Attributes Response: feature 'PAGING_COORDINATION' is supported (abis_nm.c:599)[0;m
[1;36mTue Sep 29 22:26:17 2026 [1;33mDNM[0;m[1;36m [1;33mNOTICE[0;m[1;36m OC=BTS(01) INST=(00,ff,ff): Get Attributes Response: feature 'IPV6_NSVC' is supported (abis_nm.c:599)[0;m
[1;36mTue Sep 29 22:26:17 2026 [1;33mDNM[0;m[1;36m [1;33mNOTICE[0;m[1;36m OC=BTS(01) INST=(00,ff,ff): Get Attributes Response: feature 'ACCH_REP' is supported (abis_nm.c:599)[0;m
[1;36mTue Sep 29 22:26:17 2026 [1;33mDNM[0;m[1;36m [1;33mNOTICE[0;m[1;36m OC=BTS(01) INST=(00,ff,ff): Get Attributes Response: feature 'CCN' is supported (abis_nm.c:599)[0;m
[1;36mTue Sep 29 22:26:17 2026 [1;33mDNM[0;m[1;36m [1;33mNOTICE[0;m[1;36m OC=BTS(01) INST=(00,ff,ff): Get Attributes Response: feature 'VAMOS' is supported (abis_nm.c:599)[0;m
[1;36mTue Sep 29 22:26:17 2026 [1;33mDNM[0;m[1;36m [1;33mNOTICE[0;m[1;36m OC=BTS(01) INST=(00,ff,ff): Get Attributes Response: feature 'ABIS_OSMO_PCU' is supported (abis_nm.c:599)[0;m
[1;36mTue Sep 29 22:26:17 2026 [1;33mDNM[0;m[1;36m [1;33mNOTICE[0;m[1;36m OC=BTS(01) INST=(00,ff,ff): Get Attributes Response: feature 'BCCH_PWR_RED' is supported (abis_nm.c:599)[0;m
[1;36mTue Sep 29 22:26:17 2026 [1;33mDNM[0;m[1;36m [1;33mNOTICE[0;m[1;36m OC=BTS(01) INST=(00,ff,ff): Get Attributes Response: feature 'DYN_TS_SDCCH8' is supported (abis_nm.c:599)[0;m
[1;36mTue Sep 29 22:26:17 2026 [1;33mDNM[0;m[1;36m [1;33mNOTICE[0;m[1;36m OC=BTS(01) INST=(00,ff,ff): Get Attributes Response: feature 'ACCH_TEMP_OVP' is supported (abis_nm.c:599)[0;m
[1;36mTue Sep 29 22:26:17 2026 [1;33mDNM[0;m[1;36m [1;33mNOTICE[0;m[1;36m OC=BTS(01) INST=(00,ff,ff): Get Attributes Response: feature 'VBS' is supported (abis_nm.c:599)[0;m
[1;36mTue Sep 29 22:26:17 2026 [1;33mDNM[0;m[1;36m [1;33mNOTICE[0;m[1;36m OC=BTS(01) INST=(00,ff,ff): Get Attributes Response: feature 'VGCS' is supported (abis_nm.c:599)[0;m
[1;36mTue Sep 29 22:26:17 2026 [1;33mDNM[0;m[1;36m [1;33mNOTICE[0;m[1;36m OC=BTS(01) INST=(00,ff,ff): Get Attributes Response: feature 'TWTS001' is supported (abis_nm.c:599)[0;m
[1;36mTue Sep 29 22:26:17 2026 [1;33mDNM[0;m[1;36m [1;33mNOTICE[0;m[1;36m OC=BTS(01) INST=(00,ff,ff): Get Attributes Response: feature 'TWTS002' is supported (abis_nm.c:599)[0;m
[1;36mTue Sep 29 22:26:17 2026 [1;33mDNM[0;m[1;36m [1;33mNOTICE[0;m[1;36m OC=BTS(01) INST=(00,ff,ff): ARI reported sw[0/2]: osmobts is 1.10.0-dirty (abis_nm.c:652)[0;m
[1;36mTue Sep 29 22:26:17 2026 [1;33mDNM[0;m[1;36m [1;33mNOTICE[0;m[1;36m OC=BTS(01) INST=(00,ff,ff): Reported variant: osmo-bts-trx (abis_nm.c:534)[0;m
[1;36mTue Sep 29 22:26:17 2026 [1;31mDNM[0;m[1;36m [1;31mERROR[0;m[1;36m OC=RADIO-CARRIER(02) INST=(00,00,ff): Attribute SW Configuration is unreported (abis_nm.c:557)[0;m
[1;36mTue Sep 29 22:26:17 2026 [1;31mDNM[0;m[1;36m [1;31mERROR[0;m[1;36m OC=BASEBAND-TRANSCEIVER(04) INST=(00,00,ff): Attribute Manufacturer Dependent State is unreported (abis_nm.c:557)[0;m
[1;36mTue Sep 29 22:26:17 2026 [1;33mDNM[0;m[1;36m [1;33mNOTICE[0;m[1;36m OC=BASEBAND-TRANSCEIVER(04) INST=(00,00,ff): ARI reported sw[0/1]: TRX_PHY_VERSION is Unknown (abis_nm.c:652)[0;m
[1;35mTue Sep 29 22:26:17 2026 [1;33mDRSL[0;m[1;35m [1;33mNOTICE[0;m[1;35m (bts=1,trx=0) bootstrapping RSL on ARFCN 614 using MCC-MNC 001-01 LAC=1 CID=6012 BSIC=8 (osmo_bsc_main.c:320)[0;m
[1;36mTue Sep 29 22:26:25 2026 [1;31mDNM[0;m[1;36m [1;31mERROR[0;m[1;36m OC=GPRS-CELL(f1) INST=(00,00,ff): Attribute SW Configuration is unreported (abis_nm.c:557)[0;m
[1;36mTue Sep 29 22:26:25 2026 [1;33mDNM[0;m[1;36m [1;33mNOTICE[0;m[1;36m OC=BTS(01) INST=(00,ff,ff): Get Attributes Response: feature 'GPRS' is supported (abis_nm.c:599)[0;m
[1;36mTue Sep 29 22:26:25 2026 [1;33mDNM[0;m[1;36m [1;33mNOTICE[0;m[1;36m OC=BTS(01) INST=(00,ff,ff): Get Attributes Response: feature 'EGPRS' is supported (abis_nm.c:599)[0;m
[1;36mTue Sep 29 22:26:25 2026 [1;33mDNM[0;m[1;36m [1;33mNOTICE[0;m[1;36m OC=BTS(01) INST=(00,ff,ff): Get Attributes Response: feature 'HOPPING' is supported (abis_nm.c:599)[0;m
[1;36mTue Sep 29 22:26:25 2026 [1;33mDNM[0;m[1;36m [1;33mNOTICE[0;m[1;36m OC=BTS(01) INST=(00,ff,ff): Get Attributes Response: feature 'MULTI_TSC' is supported (abis_nm.c:599)[0;m
[1;36mTue Sep 29 22:26:25 2026 [1;33mDNM[0;m[1;36m [1;33mNOTICE[0;m[1;36m OC=BTS(01) INST=(00,ff,ff): Get Attributes Response: feature 'OML_ALERTS' is supported (abis_nm.c:599)[0;m
[1;36mTue Sep 29 22:26:25 2026 [1;33mDNM[0;m[1;36m [1;33mNOTICE[0;m[1;36m OC=BTS(01) INST=(00,ff,ff): Get Attributes Response: feature 'CBCH' is supported (abis_nm.c:599)[0;m
[1;36mTue Sep 29 22:26:25 2026 [1;33mDNM[0;m[1;36m [1;33mNOTICE[0;m[1;36m OC=BTS(01) INST=(00,ff,ff): Get Attributes Response: feature 'SPEECH_F_V1' is supported (abis_nm.c:599)[0;m
[1;36mTue Sep 29 22:26:25 2026 [1;33mDNM[0;m[1;36m [1;33mNOTICE[0;m[1;36m OC=BTS(01) INST=(00,ff,ff): Get Attributes Response: feature 'SPEECH_H_V1' is supported (abis_nm.c:599)[0;m
[1;36mTue Sep 29 22:26:25 2026 [1;33mDNM[0;m[1;36m [1;33mNOTICE[0;m[1;36m OC=BTS(01) INST=(00,ff,ff): Get Attributes Response: feature 'SPEECH_F_EFR' is supported (abis_nm.c:599)[0;m
[1;36mTue Sep 29 22:26:25 2026 [1;33mDNM[0;m[1;36m [1;33mNOTICE[0;m[1;36m OC=BTS(01) INST=(00,ff,ff): Get Attributes Response: feature 'SPEECH_F_AMR' is supported (abis_nm.c:599)[0;m
[1;36mTue Sep 29 22:26:25 2026 [1;33mDNM[0;m[1;36m [1;33mNOTICE[0;m[1;36m OC=BTS(01) INST=(00,ff,ff): Get Attributes Response: feature 'SPEECH_H_AMR' is supported (abis_nm.c:599)[0;m
[1;36mTue Sep 29 22:26:25 2026 [1;33mDNM[0;m[1;36m [1;33mNOTICE[0;m[1;36m OC=BTS(01) INST=(00,ff,ff): Get Attributes Response: feature 'ETWS_PN' is supported (abis_nm.c:599)[0;m
[1;36mTue Sep 29 22:26:25 2026 [1;33mDNM[0;m[1;36m [1;33mNOTICE[0;m[1;36m OC=BTS(01) INST=(00,ff,ff): Get Attributes Response: feature 'PAGING_COORDINATION' is supported (abis_nm.c:599)[0;m
[1;36mTue Sep 29 22:26:25 2026 [1;33mDNM[0;m[1;36m [1;33mNOTICE[0;m[1;36m OC=BTS(01) INST=(00,ff,ff): Get Attributes Response: feature 'IPV6_NSVC' is supported (abis_nm.c:599)[0;m
[1;36mTue Sep 29 22:26:25 2026 [1;33mDNM[0;m[1;36m [1;33mNOTICE[0;m[1;36m OC=BTS(01) INST=(00,ff,ff): Get Attributes Response: feature 'ACCH_REP' is supported (abis_nm.c:599)[0;m
[1;36mTue Sep 29 22:26:25 2026 [1;33mDNM[0;m[1;36m [1;33mNOTICE[0;m[1;36m OC=BTS(01) INST=(00,ff,ff): Get Attributes Response: feature 'CCN' is supported (abis_nm.c:599)[0;m
[1;36mTue Sep 29 22:26:25 2026 [1;33mDNM[0;m[1;36m [1;33mNOTICE[0;m[1;36m OC=BTS(01) INST=(00,ff,ff): Get Attributes Response: feature 'VAMOS' is supported (abis_nm.c:599)[0;m
[1;36mTue Sep 29 22:26:25 2026 [1;33mDNM[0;m[1;36m [1;33mNOTICE[0;m[1;36m OC=BTS(01) INST=(00,ff,ff): Get Attributes Response: feature 'ABIS_OSMO_PCU' is supported (abis_nm.c:599)[0;m
[1;36mTue Sep 29 22:26:25 2026 [1;33mDNM[0;m[1;36m [1;33mNOTICE[0;m[1;36m OC=BTS(01) INST=(00,ff,ff): Get Attributes Response: feature 'BCCH_PWR_RED' is supported (abis_nm.c:599)[0;m
[1;36mTue Sep 29 22:26:25 2026 [1;33mDNM[0;m[1;36m [1;33mNOTICE[0;m[1;36m OC=BTS(01) INST=(00,ff,ff): Get Attributes Response: feature 'DYN_TS_SDCCH8' is supported (abis_nm.c:599)[0;m
[1;36mTue Sep 29 22:26:25 2026 [1;33mDNM[0;m[1;36m [1;33mNOTICE[0;m[1;36m OC=BTS(01) INST=(00,ff,ff): Get Attributes Response: feature 'ACCH_TEMP_OVP' is supported (abis_nm.c:599)[0;m
[1;36mTue Sep 29 22:26:25 2026 [1;33mDNM[0;m[1;36m [1;33mNOTICE[0;m[1;36m OC=BTS(01) INST=(00,ff,ff): Get Attributes Response: feature 'VBS' is supported (abis_nm.c:599)[0;m
[1;36mTue Sep 29 22:26:25 2026 [1;33mDNM[0;m[1;36m [1;33mNOTICE[0;m[1;36m OC=BTS(01) INST=(00,ff,ff): Get Attributes Response: feature 'VGCS' is supported (abis_nm.c:599)[0;m
[1;36mTue Sep 29 22:26:25 2026 [1;33mDNM[0;m[1;36m [1;33mNOTICE[0;m[1;36m OC=BTS(01) INST=(00,ff,ff): Get Attributes Response: feature 'TWTS001' is supported (abis_nm.c:599)[0;m
[1;36mTue Sep 29 22:26:25 2026 [1;33mDNM[0;m[1;36m [1;33mNOTICE[0;m[1;36m OC=BTS(01) INST=(00,ff,ff): Get Attributes Response: feature 'TWTS002' is supported (abis_nm.c:599)[0;m
[1;36mTue Sep 29 22:26:25 2026 [1;33mDNM[0;m[1;36m [1;33mNOTICE[0;m[1;36m OC=BTS(01) INST=(00,ff,ff): ARI reported sw[0/2]: osmobts is 1.10.0-dirty (abis_nm.c:652)[0;m
[1;36mTue Sep 29 22:26:25 2026 [1;33mDNM[0;m[1;36m [1;33mNOTICE[0;m[1;36m OC=BTS(01) INST=(00,ff,ff): Reported variant: osmo-bts-trx (abis_nm.c:534)[0;m
[1;36mTue Sep 29 22:26:25 2026 [1;31mDNM[0;m[1;36m [1;31mERROR[0;m[1;36m OC=RADIO-CARRIER(02) INST=(00,00,ff): Attribute SW Configuration is unreported (abis_nm.c:557)[0;m
[1;36mTue Sep 29 22:26:25 2026 [1;31mDNM[0;m[1;36m [1;31mERROR[0;m[1;36m OC=BASEBAND-TRANSCEIVER(04) INST=(00,00,ff): Attribute Manufacturer Dependent State is unreported (abis_nm.c:557)[0;m
[1;36mTue Sep 29 22:26:25 2026 [1;33mDNM[0;m[1;36m [1;33mNOTICE[0;m[1;36m OC=BASEBAND-TRANSCEIVER(04) INST=(00,00,ff): ARI reported sw[0/1]: TRX_PHY_VERSION is Unknown (abis_nm.c:652)[0;m
[1;35mTue Sep 29 22:26:25 2026 [1;33mDRSL[0;m[1;35m [1;33mNOTICE[0;m[1;35m (bts=0,trx=0) bootstrapping RSL on ARFCN 514 using MCC-MNC 001-01 LAC=1 CID=6001 BSIC=7 (osmo_bsc_main.c:320)[0;m
[1;36mTue Sep 29 22:26:27 2026 [1;33mDNM[0;m[1;36m [1;33mNOTICE[0;m[1;36m OC=BTS(01) INST=(00,ff,ff): Reported connected PCU version 1.5.2 (abis_nm.c:352)[0;m
[1;36mTue Sep 29 22:32:11 2026 [1;31mDNM[0;m[1;36m [1;31mERROR[0;m[1;36m OC=BTS(01) INST=(00,ff,ff): Failure Event Report: [0;m[1;36mType=processing failure, [0;m[1;36mSeverity=critical failure, [0;m[1;36mProbable cause=Manufacturer specific values: [0;m[1;36mProcess stopped, [0;m[1;36mAdditional Text=BTS: SIGINT received -> shutdown. [0;m[1;36m (abis_nm.c:341)[0;m
[38;5;23mTue Sep 29 22:32:11 2026 [1;33mDLINP[0;m[38;5;23m [1;33mNOTICE[0;m[38;5;23m SRVCONN(ts-0-1-oml,r=127.0.0.1:46837<->l=127.0.0.1:3002) connection closed with client (stream_srv.c:770)[0;m
[38;5;23mTue Sep 29 22:32:11 2026 [1;33mDLINP[0;m[38;5;23m [1;33mNOTICE[0;m[38;5;23m E1TS(0:1) failed reading from socket: 0 (ipaccess.c:554)[0;m
[38;5;23mTue Sep 29 22:32:11 2026 [1;33mDLINP[0;m[38;5;23m [1;33mNOTICE[0;m[38;5;23m E1L(0) Signalling link down (bts_ipaccess_nanobts.c:778)[0;m
[38;5;23mTue Sep 29 22:32:11 2026 [1;33mDLINP[0;m[38;5;23m [1;33mNOTICE[0;m[38;5;23m (bts=0) Dropping OML link: link down (bts_ipaccess_nanobts.c:543)[0;m
[38;5;23mTue Sep 29 22:32:11 2026 [1;33mDLINP[0;m[38;5;23m [1;33mNOTICE[0;m[38;5;23m (bts=0,trx=0) Dropping RSL link: OML link drop (bts_ipaccess_nanobts.c:514)[0;m
[38;5;23mTue Sep 29 22:32:11 2026 [1;33mDLINP[0;m[38;5;23m [1;33mNOTICE[0;m[38;5;23m E1L(0) Signalling link down (bts_ipaccess_nanobts.c:778)[0;m
[38;5;23mTue Sep 29 22:32:11 2026 [1;33mDLINP[0;m[38;5;23m [1;33mNOTICE[0;m[38;5;23m E1L(0) Signalling link down for unknown BTS (bts_ipaccess_nanobts.c:791)[0;m
[1;36mTue Sep 29 22:32:11 2026 [1;31mDNM[0;m[1;36m [1;31mERROR[0;m[1;36m OC=BTS(01) INST=(00,ff,ff): Failure Event Report: [0;m[1;36mType=processing failure, [0;m[1;36mSeverity=critical failure, [0;m[1;36mProbable cause=Manufacturer specific values: [0;m[1;36mProcess stopped, [0;m[1;36mAdditional Text=BTS: SIGINT received -> shutdown. [0;m[1;36m (abis_nm.c:341)[0;m
[38;5;23mTue Sep 29 22:32:13 2026 [1;33mDLINP[0;m[38;5;23m [1;33mNOTICE[0;m[38;5;23m SRVCONN(ts-0-1-oml,r=127.0.0.1:37871<->l=127.0.0.1:3002) connection closed with client (stream_srv.c:770)[0;m
[38;5;23mTue Sep 29 22:32:13 2026 [1;33mDLINP[0;m[38;5;23m [1;33mNOTICE[0;m[38;5;23m E1TS(0:1) failed reading from socket: 0 (ipaccess.c:554)[0;m
[38;5;23mTue Sep 29 22:32:13 2026 [1;33mDLINP[0;m[38;5;23m [1;33mNOTICE[0;m[38;5;23m E1L(0) Signalling link down (bts_ipaccess_nanobts.c:778)[0;m
[38;5;23mTue Sep 29 22:32:13 2026 [1;33mDLINP[0;m[38;5;23m [1;33mNOTICE[0;m[38;5;23m (bts=1) Dropping OML link: link down (bts_ipaccess_nanobts.c:543)[0;m
[38;5;23mTue Sep 29 22:32:13 2026 [1;33mDLINP[0;m[38;5;23m [1;33mNOTICE[0;m[38;5;23m (bts=1,trx=0) Dropping RSL link: OML link drop (bts_ipaccess_nanobts.c:514)[0;m
[38;5;23mTue Sep 29 22:32:13 2026 [1;33mDLINP[0;m[38;5;23m [1;33mNOTICE[0;m[38;5;23m E1L(0) Signalling link down (bts_ipaccess_nanobts.c:778)[0;m
[38;5;23mTue Sep 29 22:32:13 2026 [1;33mDLINP[0;m[38;5;23m [1;33mNOTICE[0;m[38;5;23m E1L(0) Signalling link down for unknown BTS (bts_ipaccess_nanobts.c:791)[0;m
[1;36mTue Sep 29 22:32:15 2026 [1;33mDNM[0;m[1;36m [1;33mNOTICE[0;m[1;36m shutting down OML for BTS 0 (bsc_init.c:57)[0;m
[1;36mTue Sep 29 22:32:15 2026 [1;33mDNM[0;m[1;36m [1;33mNOTICE[0;m[1;36m shutting down OML for BTS 1 (bsc_init.c:57)[0;m
[38;5;43mTue Sep 29 22:32:33 2026 [1;33mDLSS7[0;m[38;5;43m [1;33mNOTICE[0;m[38;5;43m 0: ASP(asp-to-stp) Applying Adm State change: ENABLED -> ENABLED (ss7_asp_vty.c:673)[0;m
Tue Sep 29 22:32:33 2026 [1;33mDLGLOBAL[0;m [1;33mNOTICE[0;m Available via telnet 127.0.0.1 4242 (telnet_interface.c:88)
[38;5;23mTue Sep 29 22:32:33 2026 [1;33mDLINP[0;m[38;5;23m [1;33mNOTICE[0;m[38;5;23m E1L(0) enabling ipaccess BSC mode on 0.0.0.0 with OML 3002 and RSL 3003 TCP ports (ipaccess.c:1028)[0;m
[38;5;33mTue Sep 29 22:32:33 2026 [1;33mDLCTRL[0;m[38;5;33m [1;33mNOTICE[0;m[38;5;33m CTRL at 127.0.0.1 4249 (control_if.c:1026)[0;m
[38;5;51mTue Sep 29 22:32:33 2026 [1;33mDLMGCP[0;m[38;5;51m [1;33mNOTICE[0;m[38;5;51m MGW(mgw) MGCP client: using endpoint domain '@mgw' (mgcp_client.c:945)[0;m
[1;36mTue Sep 29 22:32:33 2026 [1;33mDNM[0;m[1;36m [1;33mNOTICE[0;m[1;36m MGW pool with 1 pool members configured, (ignoring MGW configuration in VTY node 'msc'). (osmo_bsc_main.c:869)[0;m
Tue Sep 29 22:32:33 2026 [1;33mDMSC[0;m [1;33mNOTICE[0;m Initializing SCCP connection for A/m3ua on cs7 instance 0 (osmo_bsc_sigtran.c:817)
[38;5;45mTue Sep 29 22:32:33 2026 [1;33mDLSCCP[0;m[38;5;45m [1;33mNOTICE[0;m[38;5;45m A-0-m3ua: Using SS7 instance 0, pc:1.1.3 (sccp_instance.c:655)[0;m
[38;5;45mTue Sep 29 22:32:33 2026 [1;33mDLSCCP[0;m[38;5;45m [1;33mNOTICE[0;m[38;5;45m A-0-m3ua: Using AS instance as-bsc (sccp_instance.c:673)[0;m
[38;5;45mTue Sep 29 22:32:33 2026 [1;33mDLSCCP[0;m[38;5;45m [1;33mNOTICE[0;m[38;5;45m A-0-m3ua: Creating default route (sccp_instance.c:679)[0;m
[38;5;45mTue Sep 29 22:32:33 2026 [1;33mDLSCCP[0;m[38;5;45m [1;33mNOTICE[0;m[38;5;45m A-0-m3ua: Using ASP instance asp-to-stp (sccp_instance.c:784)[0;m
[38;5;43mTue Sep 29 22:32:33 2026 [1;33mDLSS7[0;m[38;5;43m [1;33mNOTICE[0;m[38;5;43m 0: Creating SCCP instance (ss7_instance.c:214)[0;m
Tue Sep 29 22:32:33 2026 [1;33mDMSC[0;m [1;33mNOTICE[0;m (msc=0) A-0-m3ua: local (BSC) SCCP address: RI=SSN_PC,PC=1.1.3,SSN=BSSAP (osmo_bsc_sigtran.c:870)
Tue Sep 29 22:32:33 2026 [1;33mDMSC[0;m [1;33mNOTICE[0;m (msc=0) A-0-m3ua: remote (MSC) SCCP address: RI=SSN_PC,PC=1.1.1,SSN=BSSAP (osmo_bsc_sigtran.c:872)
Tue Sep 29 22:32:33 2026 [1;33mDMSC[0;m [1;33mNOTICE[0;m (msc=0) A-0-m3ua: binding SCCP user (osmo_bsc_sigtran.c:877)
[38;5;45mTue Sep 29 22:32:33 2026 [1;31mDLSCCP[0;m[38;5;45m [1;31mERROR[0;m[38;5;45m 0: SCCP(rctx=0) MTP-TRANSFER.req from SCCP for OPC=2059=1.1.3,DPC=2057=1.1.1,SLS=7: no route! (sccp_scrc.c:177)[0;m
[38;5;45mTue Sep 29 22:32:33 2026 [1;33mDLSCCP[0;m[38;5;45m [1;33mNOTICE[0;m[38;5;45m 0: SCCP(rctx=0) SCRC Routing Failure (MTP failure) for CL message CL:CLDT (sccp_sclc.c:359)[0;m
Tue Sep 29 22:32:33 2026 [1;33mDMSC[0;m [1;33mNOTICE[0;m (msc=0) (calling_addr=RI=2,PC=2057,SSN=254) N-NOTICE.ind cause=5='MTP failure' importance=0 (osmo_bsc_sigtran.c:168)
[38;5;49mTue Sep 29 22:32:35 2026 [1;33mDLM3UA[0;m[38;5;49m [1;33mNOTICE[0;m[38;5;49m 0: ASP(asp-to-stp) Received NOTIFY Type State Change:AS Inactive () (m3ua.c:707)[0;m
[38;5;43mTue Sep 29 22:32:35 2026 [1;33mDLSS7[0;m[38;5;43m [1;33mNOTICE[0;m[38;5;43m 0: RT(dpc=2057=1.1.1,mask=0x3fff=7.255.7,prio=5,via=as-bsc,st=available) changed to status 'available' (ss7_route.c:409)[0;m
Tue Sep 29 22:32:35 2026 [1;33mDMSC[0;m [1;33mNOTICE[0;m (msc=0) now available: N-PCSTATE ind: pc=2057=1.1.1 sp_status=ACCESSIBLE remote_sccp_status=AVAILABLE (osmo_bsc_sigtran.c:319)
[38;5;43mTue Sep 29 22:32:35 2026 [1;33mDLSS7[0;m[38;5;43m [1;33mNOTICE[0;m[38;5;43m xua_default_lm(asp-to-stp)[0x5d0acde7e0a0]{ACTIVE}: Ignoring primitive M-ASP_ACTIVE.confirm (xua_default_lm_fsm.c:406)[0;m
[38;5;49mTue Sep 29 22:32:35 2026 [1;33mDLM3UA[0;m[38;5;49m [1;33mNOTICE[0;m[38;5;49m 0: ASP(asp-to-stp) Received NOTIFY Type State Change:AS Active () (m3ua.c:707)[0;m
[38;5;49mTue Sep 29 22:32:35 2026 [1;33mDLM3UA[0;m[38;5;49m [1;33mNOTICE[0;m[38;5;49m 0: ASP(asp-to-stp) Rx DUNA(RFC4666 4.5.1) for 1.1.2/0 (xua_snm.c:501)[0;m
[38;5;43mTue Sep 29 22:32:35 2026 [1;33mDLSS7[0;m[38;5;43m [1;33mNOTICE[0;m[38;5;43m 0: RT(dpc=2058=1.1.2,mask=0x3fff=7.255.7,prio=5,via=as-bsc,st=available) changed to status 'unavailable' (ss7_route.c:409)[0;m
Tue Sep 29 22:32:35 2026 [1;33mDMSC[0;m [1;33mNOTICE[0;m (msc=0) RESET ACK from MSC: RI=SSN_PC,PC=1.1.1,SSN=BSSAP (osmo_bsc_bssap.c:84)
Tue Sep 29 22:32:35 2026 [1;33mDRESET[0;m [1;33mNOTICE[0;m bssmap_reset(msc-0)[0x5d0acdefb3b0]{CONNECTED}: link up (bssmap_reset.c:83)
Tue Sep 29 22:32:35 2026 [1;33mDMSC[0;m [1;33mNOTICE[0;m (msc=0) BSSMAP association is up (a_reset.c:45)
[1;36mTue Sep 29 22:32:43 2026 [1;33mDNM[0;m[1;36m [1;33mNOTICE[0;m[1;36m OC=BTS(01) INST=(00,ff,ff): Get Attributes Response: feature 'GPRS' is supported (abis_nm.c:599)[0;m
[1;36mTue Sep 29 22:32:43 2026 [1;33mDNM[0;m[1;36m [1;33mNOTICE[0;m[1;36m OC=BTS(01) INST=(00,ff,ff): Get Attributes Response: feature 'EGPRS' is supported (abis_nm.c:599)[0;m
[1;36mTue Sep 29 22:32:43 2026 [1;33mDNM[0;m[1;36m [1;33mNOTICE[0;m[1;36m OC=BTS(01) INST=(00,ff,ff): Get Attributes Response: feature 'HOPPING' is supported (abis_nm.c:599)[0;m
[1;36mTue Sep 29 22:32:43 2026 [1;33mDNM[0;m[1;36m [1;33mNOTICE[0;m[1;36m OC=BTS(01) INST=(00,ff,ff): Get Attributes Response: feature 'MULTI_TSC' is supported (abis_nm.c:599)[0;m
[1;36mTue Sep 29 22:32:43 2026 [1;33mDNM[0;m[1;36m [1;33mNOTICE[0;m[1;36m OC=BTS(01) INST=(00,ff,ff): Get Attributes Response: feature 'OML_ALERTS' is supported (abis_nm.c:599)[0;m
[1;36mTue Sep 29 22:32:43 2026 [1;33mDNM[0;m[1;36m [1;33mNOTICE[0;m[1;36m OC=BTS(01) INST=(00,ff,ff): Get Attributes Response: feature 'CBCH' is supported (abis_nm.c:599)[0;m
[1;36mTue Sep 29 22:32:43 2026 [1;33mDNM[0;m[1;36m [1;33mNOTICE[0;m[1;36m OC=BTS(01) INST=(00,ff,ff): Get Attributes Response: feature 'SPEECH_F_V1' is supported (abis_nm.c:599)[0;m
[1;36mTue Sep 29 22:32:43 2026 [1;33mDNM[0;m[1;36m [1;33mNOTICE[0;m[1;36m OC=BTS(01) INST=(00,ff,ff): Get Attributes Response: feature 'SPEECH_H_V1' is supported (abis_nm.c:599)[0;m
[1;36mTue Sep 29 22:32:43 2026 [1;33mDNM[0;m[1;36m [1;33mNOTICE[0;m[1;36m OC=BTS(01) INST=(00,ff,ff): Get Attributes Response: feature 'SPEECH_F_EFR' is supported (abis_nm.c:599)[0;m
[1;36mTue Sep 29 22:32:43 2026 [1;33mDNM[0;m[1;36m [1;33mNOTICE[0;m[1;36m OC=BTS(01) INST=(00,ff,ff): Get Attributes Response: feature 'SPEECH_F_AMR' is supported (abis_nm.c:599)[0;m
[1;36mTue Sep 29 22:32:43 2026 [1;33mDNM[0;m[1;36m [1;33mNOTICE[0;m[1;36m OC=BTS(01) INST=(00,ff,ff): Get Attributes Response: feature 'SPEECH_H_AMR' is supported (abis_nm.c:599)[0;m
[1;36mTue Sep 29 22:32:43 2026 [1;33mDNM[0;m[1;36m [1;33mNOTICE[0;m[1;36m OC=BTS(01) INST=(00,ff,ff): Get Attributes Response: feature 'ETWS_PN' is supported (abis_nm.c:599)[0;m
[1;36mTue Sep 29 22:32:43 2026 [1;33mDNM[0;m[1;36m [1;33mNOTICE[0;m[1;36m OC=BTS(01) INST=(00,ff,ff): Get Attributes Response: feature 'PAGING_COORDINATION' is supported (abis_nm.c:599)[0;m
[1;36mTue Sep 29 22:32:43 2026 [1;33mDNM[0;m[1;36m [1;33mNOTICE[0;m[1;36m OC=BTS(01) INST=(00,ff,ff): Get Attributes Response: feature 'IPV6_NSVC' is supported (abis_nm.c:599)[0;m
[1;36mTue Sep 29 22:32:43 2026 [1;33mDNM[0;m[1;36m [1;33mNOTICE[0;m[1;36m OC=BTS(01) INST=(00,ff,ff): Get Attributes Response: feature 'ACCH_REP' is supported (abis_nm.c:599)[0;m
[1;36mTue Sep 29 22:32:43 2026 [1;33mDNM[0;m[1;36m [1;33mNOTICE[0;m[1;36m OC=BTS(01) INST=(00,ff,ff): Get Attributes Response: feature 'CCN' is supported (abis_nm.c:599)[0;m
[1;36mTue Sep 29 22:32:43 2026 [1;33mDNM[0;m[1;36m [1;33mNOTICE[0;m[1;36m OC=BTS(01) INST=(00,ff,ff): Get Attributes Response: feature 'VAMOS' is supported (abis_nm.c:599)[0;m
[1;36mTue Sep 29 22:32:43 2026 [1;33mDNM[0;m[1;36m [1;33mNOTICE[0;m[1;36m OC=BTS(01) INST=(00,ff,ff): Get Attributes Response: feature 'ABIS_OSMO_PCU' is supported (abis_nm.c:599)[0;m
[1;36mTue Sep 29 22:32:43 2026 [1;33mDNM[0;m[1;36m [1;33mNOTICE[0;m[1;36m OC=BTS(01) INST=(00,ff,ff): Get Attributes Response: feature 'BCCH_PWR_RED' is supported (abis_nm.c:599)[0;m
[1;36mTue Sep 29 22:32:43 2026 [1;33mDNM[0;m[1;36m [1;33mNOTICE[0;m[1;36m OC=BTS(01) INST=(00,ff,ff): Get Attributes Response: feature 'DYN_TS_SDCCH8' is supported (abis_nm.c:599)[0;m
[1;36mTue Sep 29 22:32:43 2026 [1;33mDNM[0;m[1;36m [1;33mNOTICE[0;m[1;36m OC=BTS(01) INST=(00,ff,ff): Get Attributes Response: feature 'ACCH_TEMP_OVP' is supported (abis_nm.c:599)[0;m
[1;36mTue Sep 29 22:32:43 2026 [1;33mDNM[0;m[1;36m [1;33mNOTICE[0;m[1;36m OC=BTS(01) INST=(00,ff,ff): Get Attributes Response: feature 'VBS' is supported (abis_nm.c:599)[0;m
[1;36mTue Sep 29 22:32:43 2026 [1;33mDNM[0;m[1;36m [1;33mNOTICE[0;m[1;36m OC=BTS(01) INST=(00,ff,ff): Get Attributes Response: feature 'VGCS' is supported (abis_nm.c:599)[0;m
[1;36mTue Sep 29 22:32:43 2026 [1;33mDNM[0;m[1;36m [1;33mNOTICE[0;m[1;36m OC=BTS(01) INST=(00,ff,ff): Get Attributes Response: feature 'TWTS001' is supported (abis_nm.c:599)[0;m
[1;36mTue Sep 29 22:32:43 2026 [1;33mDNM[0;m[1;36m [1;33mNOTICE[0;m[1;36m OC=BTS(01) INST=(00,ff,ff): Get Attributes Response: feature 'TWTS002' is supported (abis_nm.c:599)[0;m
[1;36mTue Sep 29 22:32:43 2026 [1;33mDNM[0;m[1;36m [1;33mNOTICE[0;m[1;36m OC=BTS(01) INST=(00,ff,ff): ARI reported sw[0/2]: osmobts is 1.10.0-dirty (abis_nm.c:652)[0;m
[1;36mTue Sep 29 22:32:43 2026 [1;33mDNM[0;m[1;36m [1;33mNOTICE[0;m[1;36m OC=BTS(01) INST=(00,ff,ff): Reported variant: osmo-bts-trx (abis_nm.c:534)[0;m
[1;36mTue Sep 29 22:32:43 2026 [1;31mDNM[0;m[1;36m [1;31mERROR[0;m[1;36m OC=RADIO-CARRIER(02) INST=(00,00,ff): Attribute SW Configuration is unreported (abis_nm.c:557)[0;m
[1;36mTue Sep 29 22:32:43 2026 [1;31mDNM[0;m[1;36m [1;31mERROR[0;m[1;36m OC=BASEBAND-TRANSCEIVER(04) INST=(00,00,ff): Attribute Manufacturer Dependent State is unreported (abis_nm.c:557)[0;m
[1;36mTue Sep 29 22:32:43 2026 [1;33mDNM[0;m[1;36m [1;33mNOTICE[0;m[1;36m OC=BASEBAND-TRANSCEIVER(04) INST=(00,00,ff): ARI reported sw[0/1]: TRX_PHY_VERSION is Unknown (abis_nm.c:652)[0;m
[1;35mTue Sep 29 22:32:43 2026 [1;33mDRSL[0;m[1;35m [1;33mNOTICE[0;m[1;35m (bts=1,trx=0) bootstrapping RSL on ARFCN 614 using MCC-MNC 001-01 LAC=1 CID=6012 BSIC=8 (osmo_bsc_main.c:320)[0;m
[1;36mTue Sep 29 22:32:51 2026 [1;31mDNM[0;m[1;36m [1;31mERROR[0;m[1;36m OC=GPRS-CELL(f1) INST=(00,00,ff): Attribute SW Configuration is unreported (abis_nm.c:557)[0;m
[1;36mTue Sep 29 22:32:51 2026 [1;33mDNM[0;m[1;36m [1;33mNOTICE[0;m[1;36m OC=BTS(01) INST=(00,ff,ff): Get Attributes Response: feature 'GPRS' is supported (abis_nm.c:599)[0;m
[1;36mTue Sep 29 22:32:51 2026 [1;33mDNM[0;m[1;36m [1;33mNOTICE[0;m[1;36m OC=BTS(01) INST=(00,ff,ff): Get Attributes Response: feature 'EGPRS' is supported (abis_nm.c:599)[0;m
[1;36mTue Sep 29 22:32:51 2026 [1;33mDNM[0;m[1;36m [1;33mNOTICE[0;m[1;36m OC=BTS(01) INST=(00,ff,ff): Get Attributes Response: feature 'HOPPING' is supported (abis_nm.c:599)[0;m
[1;36mTue Sep 29 22:32:51 2026 [1;33mDNM[0;m[1;36m [1;33mNOTICE[0;m[1;36m OC=BTS(01) INST=(00,ff,ff): Get Attributes Response: feature 'MULTI_TSC' is supported (abis_nm.c:599)[0;m
[1;36mTue Sep 29 22:32:51 2026 [1;33mDNM[0;m[1;36m [1;33mNOTICE[0;m[1;36m OC=BTS(01) INST=(00,ff,ff): Get Attributes Response: feature 'OML_ALERTS' is supported (abis_nm.c:599)[0;m
[1;36mTue Sep 29 22:32:51 2026 [1;33mDNM[0;m[1;36m [1;33mNOTICE[0;m[1;36m OC=BTS(01) INST=(00,ff,ff): Get Attributes Response: feature 'CBCH' is supported (abis_nm.c:599)[0;m
[1;36mTue Sep 29 22:32:51 2026 [1;33mDNM[0;m[1;36m [1;33mNOTICE[0;m[1;36m OC=BTS(01) INST=(00,ff,ff): Get Attributes Response: feature 'SPEECH_F_V1' is supported (abis_nm.c:599)[0;m
[1;36mTue Sep 29 22:32:51 2026 [1;33mDNM[0;m[1;36m [1;33mNOTICE[0;m[1;36m OC=BTS(01) INST=(00,ff,ff): Get Attributes Response: feature 'SPEECH_H_V1' is supported (abis_nm.c:599)[0;m
[1;36mTue Sep 29 22:32:51 2026 [1;33mDNM[0;m[1;36m [1;33mNOTICE[0;m[1;36m OC=BTS(01) INST=(00,ff,ff): Get Attributes Response: feature 'SPEECH_F_EFR' is supported (abis_nm.c:599)[0;m
[1;36mTue Sep 29 22:32:51 2026 [1;33mDNM[0;m[1;36m [1;33mNOTICE[0;m[1;36m OC=BTS(01) INST=(00,ff,ff): Get Attributes Response: feature 'SPEECH_F_AMR' is supported (abis_nm.c:599)[0;m
[1;36mTue Sep 29 22:32:51 2026 [1;33mDNM[0;m[1;36m [1;33mNOTICE[0;m[1;36m OC=BTS(01) INST=(00,ff,ff): Get Attributes Response: feature 'SPEECH_H_AMR' is supported (abis_nm.c:599)[0;m
[1;36mTue Sep 29 22:32:51 2026 [1;33mDNM[0;m[1;36m [1;33mNOTICE[0;m[1;36m OC=BTS(01) INST=(00,ff,ff): Get Attributes Response: feature 'ETWS_PN' is supported (abis_nm.c:599)[0;m
[1;36mTue Sep 29 22:32:51 2026 [1;33mDNM[0;m[1;36m [1;33mNOTICE[0;m[1;36m OC=BTS(01) INST=(00,ff,ff): Get Attributes Response: feature 'PAGING_COORDINATION' is supported (abis_nm.c:599)[0;m
[1;36mTue Sep 29 22:32:51 2026 [1;33mDNM[0;m[1;36m [1;33mNOTICE[0;m[1;36m OC=BTS(01) INST=(00,ff,ff): Get Attributes Response: feature 'IPV6_NSVC' is supported (abis_nm.c:599)[0;m
[1;36mTue Sep 29 22:32:51 2026 [1;33mDNM[0;m[1;36m [1;33mNOTICE[0;m[1;36m OC=BTS(01) INST=(00,ff,ff): Get Attributes Response: feature 'ACCH_REP' is supported (abis_nm.c:599)[0;m
[1;36mTue Sep 29 22:32:51 2026 [1;33mDNM[0;m[1;36m [1;33mNOTICE[0;m[1;36m OC=BTS(01) INST=(00,ff,ff): Get Attributes Response: feature 'CCN' is supported (abis_nm.c:599)[0;m
[1;36mTue Sep 29 22:32:51 2026 [1;33mDNM[0;m[1;36m [1;33mNOTICE[0;m[1;36m OC=BTS(01) INST=(00,ff,ff): Get Attributes Response: feature 'VAMOS' is supported (abis_nm.c:599)[0;m
[1;36mTue Sep 29 22:32:51 2026 [1;33mDNM[0;m[1;36m [1;33mNOTICE[0;m[1;36m OC=BTS(01) INST=(00,ff,ff): Get Attributes Response: feature 'ABIS_OSMO_PCU' is supported (abis_nm.c:599)[0;m
[1;36mTue Sep 29 22:32:51 2026 [1;33mDNM[0;m[1;36m [1;33mNOTICE[0;m[1;36m OC=BTS(01) INST=(00,ff,ff): Get Attributes Response: feature 'BCCH_PWR_RED' is supported (abis_nm.c:599)[0;m
[1;36mTue Sep 29 22:32:51 2026 [1;33mDNM[0;m[1;36m [1;33mNOTICE[0;m[1;36m OC=BTS(01) INST=(00,ff,ff): Get Attributes Response: feature 'DYN_TS_SDCCH8' is supported (abis_nm.c:599)[0;m
[1;36mTue Sep 29 22:32:51 2026 [1;33mDNM[0;m[1;36m [1;33mNOTICE[0;m[1;36m OC=BTS(01) INST=(00,ff,ff): Get Attributes Response: feature 'ACCH_TEMP_OVP' is supported (abis_nm.c:599)[0;m
[1;36mTue Sep 29 22:32:51 2026 [1;33mDNM[0;m[1;36m [1;33mNOTICE[0;m[1;36m OC=BTS(01) INST=(00,ff,ff): Get Attributes Response: feature 'VBS' is supported (abis_nm.c:599)[0;m
[1;36mTue Sep 29 22:32:51 2026 [1;33mDNM[0;m[1;36m [1;33mNOTICE[0;m[1;36m OC=BTS(01) INST=(00,ff,ff): Get Attributes Response: feature 'VGCS' is supported (abis_nm.c:599)[0;m
[1;36mTue Sep 29 22:32:51 2026 [1;33mDNM[0;m[1;36m [1;33mNOTICE[0;m[1;36m OC=BTS(01) INST=(00,ff,ff): Get Attributes Response: feature 'TWTS001' is supported (abis_nm.c:599)[0;m
[1;36mTue Sep 29 22:32:51 2026 [1;33mDNM[0;m[1;36m [1;33mNOTICE[0;m[1;36m OC=BTS(01) INST=(00,ff,ff): Get Attributes Response: feature 'TWTS002' is supported (abis_nm.c:599)[0;m
[1;36mTue Sep 29 22:32:51 2026 [1;33mDNM[0;m[1;36m [1;33mNOTICE[0;m[1;36m OC=BTS(01) INST=(00,ff,ff): ARI reported sw[0/2]: osmobts is 1.10.0-dirty (abis_nm.c:652)[0;m
[1;36mTue Sep 29 22:32:51 2026 [1;33mDNM[0;m[1;36m [1;33mNOTICE[0;m[1;36m OC=BTS(01) INST=(00,ff,ff): Reported variant: osmo-bts-trx (abis_nm.c:534)[0;m
[1;36mTue Sep 29 22:32:51 2026 [1;31mDNM[0;m[1;36m [1;31mERROR[0;m[1;36m OC=RADIO-CARRIER(02) INST=(00,00,ff): Attribute SW Configuration is unreported (abis_nm.c:557)[0;m
[1;36mTue Sep 29 22:32:51 2026 [1;31mDNM[0;m[1;36m [1;31mERROR[0;m[1;36m OC=BASEBAND-TRANSCEIVER(04) INST=(00,00,ff): Attribute Manufacturer Dependent State is unreported (abis_nm.c:557)[0;m
[1;36mTue Sep 29 22:32:51 2026 [1;33mDNM[0;m[1;36m [1;33mNOTICE[0;m[1;36m OC=BASEBAND-TRANSCEIVER(04) INST=(00,00,ff): ARI reported sw[0/1]: TRX_PHY_VERSION is Unknown (abis_nm.c:652)[0;m
[1;35mTue Sep 29 22:32:51 2026 [1;33mDRSL[0;m[1;35m [1;33mNOTICE[0;m[1;35m (bts=0,trx=0) bootstrapping RSL on ARFCN 514 using MCC-MNC 001-01 LAC=1 CID=6001 BSIC=7 (osmo_bsc_main.c:320)[0;m
[1;36mTue Sep 29 22:32:54 2026 [1;33mDNM[0;m[1;36m [1;33mNOTICE[0;m[1;36m OC=BTS(01) INST=(00,ff,ff): Reported connected PCU version 1.5.2 (abis_nm.c:352)[0;m
[1;36mTue Sep 29 22:33:23 2026 [1;31mDNM[0;m[1;36m [1;31mERROR[0;m[1;36m OC=BTS(01) INST=(00,ff,ff): Failure Event Report: [0;m[1;36mType=processing failure, [0;m[1;36mSeverity=critical failure, [0;m[1;36mProbable cause=Manufacturer specific values: [0;m[1;36mProcess stopped, [0;m[1;36mAdditional Text=BTS: SIGINT received -> shutdown. [0;m[1;36m (abis_nm.c:341)[0;m
[38;5;23mTue Sep 29 22:33:23 2026 [1;33mDLINP[0;m[38;5;23m [1;33mNOTICE[0;m[38;5;23m SRVCONN(ts-0-2-rsl,r=127.0.0.1:43485<->l=127.0.0.1:3003) connection closed with client (stream_srv.c:770)[0;m
[38;5;23mTue Sep 29 22:33:23 2026 [1;33mDLINP[0;m[38;5;23m [1;33mNOTICE[0;m[38;5;23m E1TS(0:2) failed reading from socket: 0 (ipaccess.c:554)[0;m
[38;5;23mTue Sep 29 22:33:23 2026 [1;33mDLINP[0;m[38;5;23m [1;33mNOTICE[0;m[38;5;23m E1L(0) Signalling link down (bts_ipaccess_nanobts.c:778)[0;m
[38;5;23mTue Sep 29 22:33:23 2026 [1;33mDLINP[0;m[38;5;23m [1;33mNOTICE[0;m[38;5;23m (bts=0) Dropping OML link: link down (bts_ipaccess_nanobts.c:543)[0;m
[38;5;23mTue Sep 29 22:33:23 2026 [1;33mDLINP[0;m[38;5;23m [1;33mNOTICE[0;m[38;5;23m E1L(0) Signalling link down (bts_ipaccess_nanobts.c:778)[0;m
[38;5;23mTue Sep 29 22:33:23 2026 [1;33mDLINP[0;m[38;5;23m [1;33mNOTICE[0;m[38;5;23m (bts=0,trx=0) Dropping RSL link: OML link drop (bts_ipaccess_nanobts.c:514)[0;m
[1;36mTue Sep 29 22:33:23 2026 [1;31mDNM[0;m[1;36m [1;31mERROR[0;m[1;36m OC=BTS(01) INST=(00,ff,ff): Failure Event Report: [0;m[1;36mType=processing failure, [0;m[1;36mSeverity=critical failure, [0;m[1;36mProbable cause=Manufacturer specific values: [0;m[1;36mProcess stopped, [0;m[1;36mAdditional Text=BTS: SIGINT received -> shutdown. [0;m[1;36m (abis_nm.c:341)[0;m
[38;5;23mTue Sep 29 22:33:25 2026 [1;33mDLINP[0;m[38;5;23m [1;33mNOTICE[0;m[38;5;23m SRVCONN(ts-0-1-oml,r=127.0.0.1:33559<->l=127.0.0.1:3002) connection closed with client (stream_srv.c:770)[0;m
[38;5;23mTue Sep 29 22:33:25 2026 [1;33mDLINP[0;m[38;5;23m [1;33mNOTICE[0;m[38;5;23m E1TS(0:1) failed reading from socket: 0 (ipaccess.c:554)[0;m
[38;5;23mTue Sep 29 22:33:25 2026 [1;33mDLINP[0;m[38;5;23m [1;33mNOTICE[0;m[38;5;23m E1L(0) Signalling link down (bts_ipaccess_nanobts.c:778)[0;m
[38;5;23mTue Sep 29 22:33:25 2026 [1;33mDLINP[0;m[38;5;23m [1;33mNOTICE[0;m[38;5;23m (bts=1) Dropping OML link: link down (bts_ipaccess_nanobts.c:543)[0;m
[38;5;23mTue Sep 29 22:33:25 2026 [1;33mDLINP[0;m[38;5;23m [1;33mNOTICE[0;m[38;5;23m (bts=1,trx=0) Dropping RSL link: OML link drop (bts_ipaccess_nanobts.c:514)[0;m
[38;5;23mTue Sep 29 22:33:25 2026 [1;33mDLINP[0;m[38;5;23m [1;33mNOTICE[0;m[38;5;23m E1L(0) Signalling link down (bts_ipaccess_nanobts.c:778)[0;m
[38;5;23mTue Sep 29 22:33:25 2026 [1;33mDLINP[0;m[38;5;23m [1;33mNOTICE[0;m[38;5;23m E1L(0) Signalling link down for unknown BTS (bts_ipaccess_nanobts.c:791)[0;m
[1;36mTue Sep 29 22:33:26 2026 [1;33mDNM[0;m[1;36m [1;33mNOTICE[0;m[1;36m shutting down OML for BTS 0 (bsc_init.c:57)[0;m
[1;36mTue Sep 29 22:33:26 2026 [1;33mDNM[0;m[1;36m [1;33mNOTICE[0;m[1;36m shutting down OML for BTS 1 (bsc_init.c:57)[0;m
[38;5;43mTue Sep 29 22:33:45 2026 [1;33mDLSS7[0;m[38;5;43m [1;33mNOTICE[0;m[38;5;43m 0: ASP(asp-to-stp) Applying Adm State change: ENABLED -> ENABLED (ss7_asp_vty.c:673)[0;m
Tue Sep 29 22:33:45 2026 [1;33mDLGLOBAL[0;m [1;33mNOTICE[0;m Available via telnet 127.0.0.1 4242 (telnet_interface.c:88)
[38;5;23mTue Sep 29 22:33:45 2026 [1;33mDLINP[0;m[38;5;23m [1;33mNOTICE[0;m[38;5;23m E1L(0) enabling ipaccess BSC mode on 0.0.0.0 with OML 3002 and RSL 3003 TCP ports (ipaccess.c:1028)[0;m
[38;5;33mTue Sep 29 22:33:45 2026 [1;33mDLCTRL[0;m[38;5;33m [1;33mNOTICE[0;m[38;5;33m CTRL at 127.0.0.1 4249 (control_if.c:1026)[0;m
[38;5;51mTue Sep 29 22:33:45 2026 [1;33mDLMGCP[0;m[38;5;51m [1;33mNOTICE[0;m[38;5;51m MGW(mgw) MGCP client: using endpoint domain '@mgw' (mgcp_client.c:945)[0;m
[1;36mTue Sep 29 22:33:45 2026 [1;33mDNM[0;m[1;36m [1;33mNOTICE[0;m[1;36m MGW pool with 1 pool members configured, (ignoring MGW configuration in VTY node 'msc'). (osmo_bsc_main.c:869)[0;m
Tue Sep 29 22:33:45 2026 [1;33mDMSC[0;m [1;33mNOTICE[0;m Initializing SCCP connection for A/m3ua on cs7 instance 0 (osmo_bsc_sigtran.c:817)
[38;5;45mTue Sep 29 22:33:45 2026 [1;33mDLSCCP[0;m[38;5;45m [1;33mNOTICE[0;m[38;5;45m A-0-m3ua: Using SS7 instance 0, pc:1.1.3 (sccp_instance.c:655)[0;m
[38;5;45mTue Sep 29 22:33:45 2026 [1;33mDLSCCP[0;m[38;5;45m [1;33mNOTICE[0;m[38;5;45m A-0-m3ua: Using AS instance as-bsc (sccp_instance.c:673)[0;m
[38;5;45mTue Sep 29 22:33:45 2026 [1;33mDLSCCP[0;m[38;5;45m [1;33mNOTICE[0;m[38;5;45m A-0-m3ua: Creating default route (sccp_instance.c:679)[0;m
[38;5;45mTue Sep 29 22:33:45 2026 [1;33mDLSCCP[0;m[38;5;45m [1;33mNOTICE[0;m[38;5;45m A-0-m3ua: Using ASP instance asp-to-stp (sccp_instance.c:784)[0;m
[38;5;43mTue Sep 29 22:33:45 2026 [1;33mDLSS7[0;m[38;5;43m [1;33mNOTICE[0;m[38;5;43m 0: Creating SCCP instance (ss7_instance.c:214)[0;m
Tue Sep 29 22:33:45 2026 [1;33mDMSC[0;m [1;33mNOTICE[0;m (msc=0) A-0-m3ua: local (BSC) SCCP address: RI=SSN_PC,PC=1.1.3,SSN=BSSAP (osmo_bsc_sigtran.c:870)
Tue Sep 29 22:33:45 2026 [1;33mDMSC[0;m [1;33mNOTICE[0;m (msc=0) A-0-m3ua: remote (MSC) SCCP address: RI=SSN_PC,PC=1.1.1,SSN=BSSAP (osmo_bsc_sigtran.c:872)
Tue Sep 29 22:33:45 2026 [1;33mDMSC[0;m [1;33mNOTICE[0;m (msc=0) A-0-m3ua: binding SCCP user (osmo_bsc_sigtran.c:877)
[38;5;45mTue Sep 29 22:33:45 2026 [1;31mDLSCCP[0;m[38;5;45m [1;31mERROR[0;m[38;5;45m 0: SCCP(rctx=0) MTP-TRANSFER.req from SCCP for OPC=2059=1.1.3,DPC=2057=1.1.1,SLS=13: no route! (sccp_scrc.c:177)[0;m
[38;5;45mTue Sep 29 22:33:45 2026 [1;33mDLSCCP[0;m[38;5;45m [1;33mNOTICE[0;m[38;5;45m 0: SCCP(rctx=0) SCRC Routing Failure (MTP failure) for CL message CL:CLDT (sccp_sclc.c:359)[0;m
Tue Sep 29 22:33:45 2026 [1;33mDMSC[0;m [1;33mNOTICE[0;m (msc=0) (calling_addr=RI=2,PC=2057,SSN=254) N-NOTICE.ind cause=5='MTP failure' importance=0 (osmo_bsc_sigtran.c:168)
[38;5;49mTue Sep 29 22:33:47 2026 [1;33mDLM3UA[0;m[38;5;49m [1;33mNOTICE[0;m[38;5;49m 0: ASP(asp-to-stp) Received NOTIFY Type State Change:AS Inactive () (m3ua.c:707)[0;m
[38;5;43mTue Sep 29 22:33:47 2026 [1;33mDLSS7[0;m[38;5;43m [1;33mNOTICE[0;m[38;5;43m 0: RT(dpc=2057=1.1.1,mask=0x3fff=7.255.7,prio=5,via=as-bsc,st=available) changed to status 'available' (ss7_route.c:409)[0;m
Tue Sep 29 22:33:47 2026 [1;33mDMSC[0;m [1;33mNOTICE[0;m (msc=0) now available: N-PCSTATE ind: pc=2057=1.1.1 sp_status=ACCESSIBLE remote_sccp_status=AVAILABLE (osmo_bsc_sigtran.c:319)
[38;5;43mTue Sep 29 22:33:47 2026 [1;33mDLSS7[0;m[38;5;43m [1;33mNOTICE[0;m[38;5;43m xua_default_lm(asp-to-stp)[0x5ff951e3b0a0]{ACTIVE}: Ignoring primitive M-ASP_ACTIVE.confirm (xua_default_lm_fsm.c:406)[0;m
[38;5;49mTue Sep 29 22:33:47 2026 [1;33mDLM3UA[0;m[38;5;49m [1;33mNOTICE[0;m[38;5;49m 0: ASP(asp-to-stp) Received NOTIFY Type State Change:AS Active () (m3ua.c:707)[0;m
[38;5;49mTue Sep 29 22:33:47 2026 [1;33mDLM3UA[0;m[38;5;49m [1;33mNOTICE[0;m[38;5;49m 0: ASP(asp-to-stp) Rx DUNA(RFC4666 4.5.1) for 1.1.2/0 (xua_snm.c:501)[0;m
[38;5;43mTue Sep 29 22:33:47 2026 [1;33mDLSS7[0;m[38;5;43m [1;33mNOTICE[0;m[38;5;43m 0: RT(dpc=2058=1.1.2,mask=0x3fff=7.255.7,prio=5,via=as-bsc,st=available) changed to status 'unavailable' (ss7_route.c:409)[0;m
Tue Sep 29 22:33:47 2026 [1;33mDMSC[0;m [1;33mNOTICE[0;m (msc=0) RESET ACK from MSC: RI=SSN_PC,PC=1.1.1,SSN=BSSAP (osmo_bsc_bssap.c:84)
Tue Sep 29 22:33:47 2026 [1;33mDRESET[0;m [1;33mNOTICE[0;m bssmap_reset(msc-0)[0x5ff951eb83b0]{CONNECTED}: link up (bssmap_reset.c:83)
Tue Sep 29 22:33:47 2026 [1;33mDMSC[0;m [1;33mNOTICE[0;m (msc=0) BSSMAP association is up (a_reset.c:45)
[1;36mTue Sep 29 22:33:55 2026 [1;33mDNM[0;m[1;36m [1;33mNOTICE[0;m[1;36m OC=BTS(01) INST=(00,ff,ff): Get Attributes Response: feature 'GPRS' is supported (abis_nm.c:599)[0;m
[1;36mTue Sep 29 22:33:55 2026 [1;33mDNM[0;m[1;36m [1;33mNOTICE[0;m[1;36m OC=BTS(01) INST=(00,ff,ff): Get Attributes Response: feature 'EGPRS' is supported (abis_nm.c:599)[0;m
[1;36mTue Sep 29 22:33:55 2026 [1;33mDNM[0;m[1;36m [1;33mNOTICE[0;m[1;36m OC=BTS(01) INST=(00,ff,ff): Get Attributes Response: feature 'HOPPING' is supported (abis_nm.c:599)[0;m
[1;36mTue Sep 29 22:33:55 2026 [1;33mDNM[0;m[1;36m [1;33mNOTICE[0;m[1;36m OC=BTS(01) INST=(00,ff,ff): Get Attributes Response: feature 'MULTI_TSC' is supported (abis_nm.c:599)[0;m
[1;36mTue Sep 29 22:33:55 2026 [1;33mDNM[0;m[1;36m [1;33mNOTICE[0;m[1;36m OC=BTS(01) INST=(00,ff,ff): Get Attributes Response: feature 'OML_ALERTS' is supported (abis_nm.c:599)[0;m
[1;36mTue Sep 29 22:33:55 2026 [1;33mDNM[0;m[1;36m [1;33mNOTICE[0;m[1;36m OC=BTS(01) INST=(00,ff,ff): Get Attributes Response: feature 'CBCH' is supported (abis_nm.c:599)[0;m
[1;36mTue Sep 29 22:33:55 2026 [1;33mDNM[0;m[1;36m [1;33mNOTICE[0;m[1;36m OC=BTS(01) INST=(00,ff,ff): Get Attributes Response: feature 'SPEECH_F_V1' is supported (abis_nm.c:599)[0;m
[1;36mTue Sep 29 22:33:55 2026 [1;33mDNM[0;m[1;36m [1;33mNOTICE[0;m[1;36m OC=BTS(01) INST=(00,ff,ff): Get Attributes Response: feature 'SPEECH_H_V1' is supported (abis_nm.c:599)[0;m
[1;36mTue Sep 29 22:33:55 2026 [1;33mDNM[0;m[1;36m [1;33mNOTICE[0;m[1;36m OC=BTS(01) INST=(00,ff,ff): Get Attributes Response: feature 'SPEECH_F_EFR' is supported (abis_nm.c:599)[0;m
[1;36mTue Sep 29 22:33:55 2026 [1;33mDNM[0;m[1;36m [1;33mNOTICE[0;m[1;36m OC=BTS(01) INST=(00,ff,ff): Get Attributes Response: feature 'SPEECH_F_AMR' is supported (abis_nm.c:599)[0;m
[1;36mTue Sep 29 22:33:55 2026 [1;33mDNM[0;m[1;36m [1;33mNOTICE[0;m[1;36m OC=BTS(01) INST=(00,ff,ff): Get Attributes Response: feature 'SPEECH_H_AMR' is supported (abis_nm.c:599)[0;m
[1;36mTue Sep 29 22:33:55 2026 [1;33mDNM[0;m[1;36m [1;33mNOTICE[0;m[1;36m OC=BTS(01) INST=(00,ff,ff): Get Attributes Response: feature 'ETWS_PN' is supported (abis_nm.c:599)[0;m
[1;36mTue Sep 29 22:33:55 2026 [1;33mDNM[0;m[1;36m [1;33mNOTICE[0;m[1;36m OC=BTS(01) INST=(00,ff,ff): Get Attributes Response: feature 'PAGING_COORDINATION' is supported (abis_nm.c:599)[0;m
[1;36mTue Sep 29 22:33:55 2026 [1;33mDNM[0;m[1;36m [1;33mNOTICE[0;m[1;36m OC=BTS(01) INST=(00,ff,ff): Get Attributes Response: feature 'IPV6_NSVC' is supported (abis_nm.c:599)[0;m
[1;36mTue Sep 29 22:33:55 2026 [1;33mDNM[0;m[1;36m [1;33mNOTICE[0;m[1;36m OC=BTS(01) INST=(00,ff,ff): Get Attributes Response: feature 'ACCH_REP' is supported (abis_nm.c:599)[0;m
[1;36mTue Sep 29 22:33:55 2026 [1;33mDNM[0;m[1;36m [1;33mNOTICE[0;m[1;36m OC=BTS(01) INST=(00,ff,ff): Get Attributes Response: feature 'CCN' is supported (abis_nm.c:599)[0;m
[1;36mTue Sep 29 22:33:55 2026 [1;33mDNM[0;m[1;36m [1;33mNOTICE[0;m[1;36m OC=BTS(01) INST=(00,ff,ff): Get Attributes Response: feature 'VAMOS' is supported (abis_nm.c:599)[0;m
[1;36mTue Sep 29 22:33:55 2026 [1;33mDNM[0;m[1;36m [1;33mNOTICE[0;m[1;36m OC=BTS(01) INST=(00,ff,ff): Get Attributes Response: feature 'ABIS_OSMO_PCU' is supported (abis_nm.c:599)[0;m
[1;36mTue Sep 29 22:33:55 2026 [1;33mDNM[0;m[1;36m [1;33mNOTICE[0;m[1;36m OC=BTS(01) INST=(00,ff,ff): Get Attributes Response: feature 'BCCH_PWR_RED' is supported (abis_nm.c:599)[0;m
[1;36mTue Sep 29 22:33:55 2026 [1;33mDNM[0;m[1;36m [1;33mNOTICE[0;m[1;36m OC=BTS(01) INST=(00,ff,ff): Get Attributes Response: feature 'DYN_TS_SDCCH8' is supported (abis_nm.c:599)[0;m
[1;36mTue Sep 29 22:33:55 2026 [1;33mDNM[0;m[1;36m [1;33mNOTICE[0;m[1;36m OC=BTS(01) INST=(00,ff,ff): Get Attributes Response: feature 'ACCH_TEMP_OVP' is supported (abis_nm.c:599)[0;m
[1;36mTue Sep 29 22:33:55 2026 [1;33mDNM[0;m[1;36m [1;33mNOTICE[0;m[1;36m OC=BTS(01) INST=(00,ff,ff): Get Attributes Response: feature 'VBS' is supported (abis_nm.c:599)[0;m
[1;36mTue Sep 29 22:33:55 2026 [1;33mDNM[0;m[1;36m [1;33mNOTICE[0;m[1;36m OC=BTS(01) INST=(00,ff,ff): Get Attributes Response: feature 'VGCS' is supported (abis_nm.c:599)[0;m
[1;36mTue Sep 29 22:33:55 2026 [1;33mDNM[0;m[1;36m [1;33mNOTICE[0;m[1;36m OC=BTS(01) INST=(00,ff,ff): Get Attributes Response: feature 'TWTS001' is supported (abis_nm.c:599)[0;m
[1;36mTue Sep 29 22:33:55 2026 [1;33mDNM[0;m[1;36m [1;33mNOTICE[0;m[1;36m OC=BTS(01) INST=(00,ff,ff): Get Attributes Response: feature 'TWTS002' is supported (abis_nm.c:599)[0;m
[1;36mTue Sep 29 22:33:55 2026 [1;33mDNM[0;m[1;36m [1;33mNOTICE[0;m[1;36m OC=BTS(01) INST=(00,ff,ff): ARI reported sw[0/2]: osmobts is 1.10.0-dirty (abis_nm.c:652)[0;m
[1;36mTue Sep 29 22:33:55 2026 [1;33mDNM[0;m[1;36m [1;33mNOTICE[0;m[1;36m OC=BTS(01) INST=(00,ff,ff): Reported variant: osmo-bts-trx (abis_nm.c:534)[0;m
[1;36mTue Sep 29 22:33:55 2026 [1;31mDNM[0;m[1;36m [1;31mERROR[0;m[1;36m OC=RADIO-CARRIER(02) INST=(00,00,ff): Attribute SW Configuration is unreported (abis_nm.c:557)[0;m
[1;36mTue Sep 29 22:33:55 2026 [1;31mDNM[0;m[1;36m [1;31mERROR[0;m[1;36m OC=BASEBAND-TRANSCEIVER(04) INST=(00,00,ff): Attribute Manufacturer Dependent State is unreported (abis_nm.c:557)[0;m
[1;36mTue Sep 29 22:33:55 2026 [1;33mDNM[0;m[1;36m [1;33mNOTICE[0;m[1;36m OC=BASEBAND-TRANSCEIVER(04) INST=(00,00,ff): ARI reported sw[0/1]: TRX_PHY_VERSION is Unknown (abis_nm.c:652)[0;m
[1;35mTue Sep 29 22:33:55 2026 [1;33mDRSL[0;m[1;35m [1;33mNOTICE[0;m[1;35m (bts=1,trx=0) bootstrapping RSL on ARFCN 614 using MCC-MNC 001-01 LAC=1 CID=6012 BSIC=8 (osmo_bsc_main.c:320)[0;m
[1;36mTue Sep 29 22:34:03 2026 [1;31mDNM[0;m[1;36m [1;31mERROR[0;m[1;36m OC=GPRS-CELL(f1) INST=(00,00,ff): Attribute SW Configuration is unreported (abis_nm.c:557)[0;m
[1;36mTue Sep 29 22:34:03 2026 [1;33mDNM[0;m[1;36m [1;33mNOTICE[0;m[1;36m OC=BTS(01) INST=(00,ff,ff): Get Attributes Response: feature 'GPRS' is supported (abis_nm.c:599)[0;m
[1;36mTue Sep 29 22:34:03 2026 [1;33mDNM[0;m[1;36m [1;33mNOTICE[0;m[1;36m OC=BTS(01) INST=(00,ff,ff): Get Attributes Response: feature 'EGPRS' is supported (abis_nm.c:599)[0;m
[1;36mTue Sep 29 22:34:03 2026 [1;33mDNM[0;m[1;36m [1;33mNOTICE[0;m[1;36m OC=BTS(01) INST=(00,ff,ff): Get Attributes Response: feature 'HOPPING' is supported (abis_nm.c:599)[0;m
[1;36mTue Sep 29 22:34:03 2026 [1;33mDNM[0;m[1;36m [1;33mNOTICE[0;m[1;36m OC=BTS(01) INST=(00,ff,ff): Get Attributes Response: feature 'MULTI_TSC' is supported (abis_nm.c:599)[0;m
[1;36mTue Sep 29 22:34:03 2026 [1;33mDNM[0;m[1;36m [1;33mNOTICE[0;m[1;36m OC=BTS(01) INST=(00,ff,ff): Get Attributes Response: feature 'OML_ALERTS' is supported (abis_nm.c:599)[0;m
[1;36mTue Sep 29 22:34:03 2026 [1;33mDNM[0;m[1;36m [1;33mNOTICE[0;m[1;36m OC=BTS(01) INST=(00,ff,ff): Get Attributes Response: feature 'CBCH' is supported (abis_nm.c:599)[0;m
[1;36mTue Sep 29 22:34:03 2026 [1;33mDNM[0;m[1;36m [1;33mNOTICE[0;m[1;36m OC=BTS(01) INST=(00,ff,ff): Get Attributes Response: feature 'SPEECH_F_V1' is supported (abis_nm.c:599)[0;m
[1;36mTue Sep 29 22:34:03 2026 [1;33mDNM[0;m[1;36m [1;33mNOTICE[0;m[1;36m OC=BTS(01) INST=(00,ff,ff): Get Attributes Response: feature 'SPEECH_H_V1' is supported (abis_nm.c:599)[0;m
[1;36mTue Sep 29 22:34:03 2026 [1;33mDNM[0;m[1;36m [1;33mNOTICE[0;m[1;36m OC=BTS(01) INST=(00,ff,ff): Get Attributes Response: feature 'SPEECH_F_EFR' is supported (abis_nm.c:599)[0;m
[1;36mTue Sep 29 22:34:03 2026 [1;33mDNM[0;m[1;36m [1;33mNOTICE[0;m[1;36m OC=BTS(01) INST=(00,ff,ff): Get Attributes Response: feature 'SPEECH_F_AMR' is supported (abis_nm.c:599)[0;m
[1;36mTue Sep 29 22:34:03 2026 [1;33mDNM[0;m[1;36m [1;33mNOTICE[0;m[1;36m OC=BTS(01) INST=(00,ff,ff): Get Attributes Response: feature 'SPEECH_H_AMR' is supported (abis_nm.c:599)[0;m
[1;36mTue Sep 29 22:34:03 2026 [1;33mDNM[0;m[1;36m [1;33mNOTICE[0;m[1;36m OC=BTS(01) INST=(00,ff,ff): Get Attributes Response: feature 'ETWS_PN' is supported (abis_nm.c:599)[0;m
[1;36mTue Sep 29 22:34:03 2026 [1;33mDNM[0;m[1;36m [1;33mNOTICE[0;m[1;36m OC=BTS(01) INST=(00,ff,ff): Get Attributes Response: feature 'PAGING_COORDINATION' is supported (abis_nm.c:599)[0;m
[1;36mTue Sep 29 22:34:03 2026 [1;33mDNM[0;m[1;36m [1;33mNOTICE[0;m[1;36m OC=BTS(01) INST=(00,ff,ff): Get Attributes Response: feature 'IPV6_NSVC' is supported (abis_nm.c:599)[0;m
[1;36mTue Sep 29 22:34:03 2026 [1;33mDNM[0;m[1;36m [1;33mNOTICE[0;m[1;36m OC=BTS(01) INST=(00,ff,ff): Get Attributes Response: feature 'ACCH_REP' is supported (abis_nm.c:599)[0;m
[1;36mTue Sep 29 22:34:03 2026 [1;33mDNM[0;m[1;36m [1;33mNOTICE[0;m[1;36m OC=BTS(01) INST=(00,ff,ff): Get Attributes Response: feature 'CCN' is supported (abis_nm.c:599)[0;m
[1;36mTue Sep 29 22:34:03 2026 [1;33mDNM[0;m[1;36m [1;33mNOTICE[0;m[1;36m OC=BTS(01) INST=(00,ff,ff): Get Attributes Response: feature 'VAMOS' is supported (abis_nm.c:599)[0;m
[1;36mTue Sep 29 22:34:03 2026 [1;33mDNM[0;m[1;36m [1;33mNOTICE[0;m[1;36m OC=BTS(01) INST=(00,ff,ff): Get Attributes Response: feature 'ABIS_OSMO_PCU' is supported (abis_nm.c:599)[0;m
[1;36mTue Sep 29 22:34:03 2026 [1;33mDNM[0;m[1;36m [1;33mNOTICE[0;m[1;36m OC=BTS(01) INST=(00,ff,ff): Get Attributes Response: feature 'BCCH_PWR_RED' is supported (abis_nm.c:599)[0;m
[1;36mTue Sep 29 22:34:03 2026 [1;33mDNM[0;m[1;36m [1;33mNOTICE[0;m[1;36m OC=BTS(01) INST=(00,ff,ff): Get Attributes Response: feature 'DYN_TS_SDCCH8' is supported (abis_nm.c:599)[0;m
[1;36mTue Sep 29 22:34:03 2026 [1;33mDNM[0;m[1;36m [1;33mNOTICE[0;m[1;36m OC=BTS(01) INST=(00,ff,ff): Get Attributes Response: feature 'ACCH_TEMP_OVP' is supported (abis_nm.c:599)[0;m
[1;36mTue Sep 29 22:34:03 2026 [1;33mDNM[0;m[1;36m [1;33mNOTICE[0;m[1;36m OC=BTS(01) INST=(00,ff,ff): Get Attributes Response: feature 'VBS' is supported (abis_nm.c:599)[0;m
[1;36mTue Sep 29 22:34:03 2026 [1;33mDNM[0;m[1;36m [1;33mNOTICE[0;m[1;36m OC=BTS(01) INST=(00,ff,ff): Get Attributes Response: feature 'VGCS' is supported (abis_nm.c:599)[0;m
[1;36mTue Sep 29 22:34:03 2026 [1;33mDNM[0;m[1;36m [1;33mNOTICE[0;m[1;36m OC=BTS(01) INST=(00,ff,ff): Get Attributes Response: feature 'TWTS001' is supported (abis_nm.c:599)[0;m
[1;36mTue Sep 29 22:34:03 2026 [1;33mDNM[0;m[1;36m [1;33mNOTICE[0;m[1;36m OC=BTS(01) INST=(00,ff,ff): Get Attributes Response: feature 'TWTS002' is supported (abis_nm.c:599)[0;m
[1;36mTue Sep 29 22:34:03 2026 [1;33mDNM[0;m[1;36m [1;33mNOTICE[0;m[1;36m OC=BTS(01) INST=(00,ff,ff): ARI reported sw[0/2]: osmobts is 1.10.0-dirty (abis_nm.c:652)[0;m
[1;36mTue Sep 29 22:34:03 2026 [1;33mDNM[0;m[1;36m [1;33mNOTICE[0;m[1;36m OC=BTS(01) INST=(00,ff,ff): Reported variant: osmo-bts-trx (abis_nm.c:534)[0;m
[1;36mTue Sep 29 22:34:03 2026 [1;31mDNM[0;m[1;36m [1;31mERROR[0;m[1;36m OC=RADIO-CARRIER(02) INST=(00,00,ff): Attribute SW Configuration is unreported (abis_nm.c:557)[0;m
[1;36mTue Sep 29 22:34:03 2026 [1;31mDNM[0;m[1;36m [1;31mERROR[0;m[1;36m OC=BASEBAND-TRANSCEIVER(04) INST=(00,00,ff): Attribute Manufacturer Dependent State is unreported (abis_nm.c:557)[0;m
[1;36mTue Sep 29 22:34:03 2026 [1;33mDNM[0;m[1;36m [1;33mNOTICE[0;m[1;36m OC=BASEBAND-TRANSCEIVER(04) INST=(00,00,ff): ARI reported sw[0/1]: TRX_PHY_VERSION is Unknown (abis_nm.c:652)[0;m
[1;35mTue Sep 29 22:34:03 2026 [1;33mDRSL[0;m[1;35m [1;33mNOTICE[0;m[1;35m (bts=0,trx=0) bootstrapping RSL on ARFCN 514 using MCC-MNC 001-01 LAC=1 CID=6001 BSIC=7 (osmo_bsc_main.c:320)[0;m
[1;36mTue Sep 29 22:34:05 2026 [1;33mDNM[0;m[1;36m [1;33mNOTICE[0;m[1;36m OC=BTS(01) INST=(00,ff,ff): Reported connected PCU version 1.5.2 (abis_nm.c:352)[0;m
[1;36mTue Sep 29 22:37:54 2026 [1;31mDNM[0;m[1;36m [1;31mERROR[0;m[1;36m OC=BTS(01) INST=(00,ff,ff): Failure Event Report: [0;m[1;36mType=processing failure, [0;m[1;36mSeverity=critical failure, [0;m[1;36mProbable cause=Manufacturer specific values: [0;m[1;36mProcess stopped, [0;m[1;36mAdditional Text=BTS: SIGINT received -> shutdown. [0;m[1;36m (abis_nm.c:341)[0;m
[38;5;23mTue Sep 29 22:37:54 2026 [1;33mDLINP[0;m[38;5;23m [1;33mNOTICE[0;m[38;5;23m SRVCONN(ts-0-1-oml,r=127.0.0.1:36259<->l=127.0.0.1:3002) connection closed with client (stream_srv.c:770)[0;m
[38;5;23mTue Sep 29 22:37:54 2026 [1;33mDLINP[0;m[38;5;23m [1;33mNOTICE[0;m[38;5;23m E1TS(0:1) failed reading from socket: 0 (ipaccess.c:554)[0;m
[38;5;23mTue Sep 29 22:37:54 2026 [1;33mDLINP[0;m[38;5;23m [1;33mNOTICE[0;m[38;5;23m E1L(0) Signalling link down (bts_ipaccess_nanobts.c:778)[0;m
[38;5;23mTue Sep 29 22:37:54 2026 [1;33mDLINP[0;m[38;5;23m [1;33mNOTICE[0;m[38;5;23m (bts=0) Dropping OML link: link down (bts_ipaccess_nanobts.c:543)[0;m
[38;5;23mTue Sep 29 22:37:54 2026 [1;33mDLINP[0;m[38;5;23m [1;33mNOTICE[0;m[38;5;23m (bts=0,trx=0) Dropping RSL link: OML link drop (bts_ipaccess_nanobts.c:514)[0;m
[38;5;23mTue Sep 29 22:37:54 2026 [1;33mDLINP[0;m[38;5;23m [1;33mNOTICE[0;m[38;5;23m E1L(0) Signalling link down (bts_ipaccess_nanobts.c:778)[0;m
[38;5;23mTue Sep 29 22:37:54 2026 [1;33mDLINP[0;m[38;5;23m [1;33mNOTICE[0;m[38;5;23m E1L(0) Signalling link down for unknown BTS (bts_ipaccess_nanobts.c:791)[0;m
[1;36mTue Sep 29 22:37:54 2026 [1;31mDNM[0;m[1;36m [1;31mERROR[0;m[1;36m OC=BTS(01) INST=(00,ff,ff): Failure Event Report: [0;m[1;36mType=processing failure, [0;m[1;36mSeverity=critical failure, [0;m[1;36mProbable cause=Manufacturer specific values: [0;m[1;36mProcess stopped, [0;m[1;36mAdditional Text=BTS: SIGINT received -> shutdown. [0;m[1;36m (abis_nm.c:341)[0;m
[38;5;23mTue Sep 29 22:37:56 2026 [1;33mDLINP[0;m[38;5;23m [1;33mNOTICE[0;m[38;5;23m SRVCONN(ts-0-1-oml,r=127.0.0.1:40363<->l=127.0.0.1:3002) connection closed with client (stream_srv.c:770)[0;m
[38;5;23mTue Sep 29 22:37:56 2026 [1;33mDLINP[0;m[38;5;23m [1;33mNOTICE[0;m[38;5;23m E1TS(0:1) failed reading from socket: 0 (ipaccess.c:554)[0;m
[38;5;23mTue Sep 29 22:37:56 2026 [1;33mDLINP[0;m[38;5;23m [1;33mNOTICE[0;m[38;5;23m E1L(0) Signalling link down (bts_ipaccess_nanobts.c:778)[0;m
[38;5;23mTue Sep 29 22:37:56 2026 [1;33mDLINP[0;m[38;5;23m [1;33mNOTICE[0;m[38;5;23m (bts=1) Dropping OML link: link down (bts_ipaccess_nanobts.c:543)[0;m
[38;5;23mTue Sep 29 22:37:56 2026 [1;33mDLINP[0;m[38;5;23m [1;33mNOTICE[0;m[38;5;23m (bts=1,trx=0) Dropping RSL link: OML link drop (bts_ipaccess_nanobts.c:514)[0;m
[38;5;23mTue Sep 29 22:37:56 2026 [1;33mDLINP[0;m[38;5;23m [1;33mNOTICE[0;m[38;5;23m E1L(0) Signalling link down (bts_ipaccess_nanobts.c:778)[0;m
[38;5;23mTue Sep 29 22:37:56 2026 [1;33mDLINP[0;m[38;5;23m [1;33mNOTICE[0;m[38;5;23m E1L(0) Signalling link down for unknown BTS (bts_ipaccess_nanobts.c:791)[0;m
[1;36mTue Sep 29 22:37:58 2026 [1;33mDNM[0;m[1;36m [1;33mNOTICE[0;m[1;36m shutting down OML for BTS 0 (bsc_init.c:57)[0;m
[1;36mTue Sep 29 22:37:58 2026 [1;33mDNM[0;m[1;36m [1;33mNOTICE[0;m[1;36m shutting down OML for BTS 1 (bsc_init.c:57)[0;m
[38;5;43mTue Sep 29 22:38:16 2026 [1;33mDLSS7[0;m[38;5;43m [1;33mNOTICE[0;m[38;5;43m 0: ASP(asp-to-stp) Applying Adm State change: ENABLED -> ENABLED (ss7_asp_vty.c:673)[0;m
Tue Sep 29 22:38:16 2026 [1;33mDLGLOBAL[0;m [1;33mNOTICE[0;m Available via telnet 127.0.0.1 4242 (telnet_interface.c:88)
[38;5;23mTue Sep 29 22:38:16 2026 [1;33mDLINP[0;m[38;5;23m [1;33mNOTICE[0;m[38;5;23m E1L(0) enabling ipaccess BSC mode on 0.0.0.0 with OML 3002 and RSL 3003 TCP ports (ipaccess.c:1028)[0;m
[38;5;33mTue Sep 29 22:38:16 2026 [1;33mDLCTRL[0;m[38;5;33m [1;33mNOTICE[0;m[38;5;33m CTRL at 127.0.0.1 4249 (control_if.c:1026)[0;m
[38;5;51mTue Sep 29 22:38:16 2026 [1;33mDLMGCP[0;m[38;5;51m [1;33mNOTICE[0;m[38;5;51m MGW(mgw) MGCP client: using endpoint domain '@mgw' (mgcp_client.c:945)[0;m
[1;36mTue Sep 29 22:38:16 2026 [1;33mDNM[0;m[1;36m [1;33mNOTICE[0;m[1;36m MGW pool with 1 pool members configured, (ignoring MGW configuration in VTY node 'msc'). (osmo_bsc_main.c:869)[0;m
Tue Sep 29 22:38:16 2026 [1;33mDMSC[0;m [1;33mNOTICE[0;m Initializing SCCP connection for A/m3ua on cs7 instance 0 (osmo_bsc_sigtran.c:817)
[38;5;45mTue Sep 29 22:38:16 2026 [1;33mDLSCCP[0;m[38;5;45m [1;33mNOTICE[0;m[38;5;45m A-0-m3ua: Using SS7 instance 0, pc:1.1.3 (sccp_instance.c:655)[0;m
[38;5;45mTue Sep 29 22:38:16 2026 [1;33mDLSCCP[0;m[38;5;45m [1;33mNOTICE[0;m[38;5;45m A-0-m3ua: Using AS instance as-bsc (sccp_instance.c:673)[0;m
[38;5;45mTue Sep 29 22:38:16 2026 [1;33mDLSCCP[0;m[38;5;45m [1;33mNOTICE[0;m[38;5;45m A-0-m3ua: Creating default route (sccp_instance.c:679)[0;m
[38;5;45mTue Sep 29 22:38:16 2026 [1;33mDLSCCP[0;m[38;5;45m [1;33mNOTICE[0;m[38;5;45m A-0-m3ua: Using ASP instance asp-to-stp (sccp_instance.c:784)[0;m
[38;5;43mTue Sep 29 22:38:16 2026 [1;33mDLSS7[0;m[38;5;43m [1;33mNOTICE[0;m[38;5;43m 0: Creating SCCP instance (ss7_instance.c:214)[0;m
Tue Sep 29 22:38:16 2026 [1;33mDMSC[0;m [1;33mNOTICE[0;m (msc=0) A-0-m3ua: local (BSC) SCCP address: RI=SSN_PC,PC=1.1.3,SSN=BSSAP (osmo_bsc_sigtran.c:870)
Tue Sep 29 22:38:16 2026 [1;33mDMSC[0;m [1;33mNOTICE[0;m (msc=0) A-0-m3ua: remote (MSC) SCCP address: RI=SSN_PC,PC=1.1.1,SSN=BSSAP (osmo_bsc_sigtran.c:872)
Tue Sep 29 22:38:16 2026 [1;33mDMSC[0;m [1;33mNOTICE[0;m (msc=0) A-0-m3ua: binding SCCP user (osmo_bsc_sigtran.c:877)
[38;5;45mTue Sep 29 22:38:16 2026 [1;31mDLSCCP[0;m[38;5;45m [1;31mERROR[0;m[38;5;45m 0: SCCP(rctx=0) MTP-TRANSFER.req from SCCP for OPC=2059=1.1.3,DPC=2057=1.1.1,SLS=10: no route! (sccp_scrc.c:177)[0;m
[38;5;45mTue Sep 29 22:38:16 2026 [1;33mDLSCCP[0;m[38;5;45m [1;33mNOTICE[0;m[38;5;45m 0: SCCP(rctx=0) SCRC Routing Failure (MTP failure) for CL message CL:CLDT (sccp_sclc.c:359)[0;m
Tue Sep 29 22:38:16 2026 [1;33mDMSC[0;m [1;33mNOTICE[0;m (msc=0) (calling_addr=RI=2,PC=2057,SSN=254) N-NOTICE.ind cause=5='MTP failure' importance=0 (osmo_bsc_sigtran.c:168)
[38;5;49mTue Sep 29 22:38:18 2026 [1;33mDLM3UA[0;m[38;5;49m [1;33mNOTICE[0;m[38;5;49m 0: ASP(asp-to-stp) Received NOTIFY Type State Change:AS Inactive () (m3ua.c:707)[0;m
[38;5;43mTue Sep 29 22:38:18 2026 [1;33mDLSS7[0;m[38;5;43m [1;33mNOTICE[0;m[38;5;43m 0: RT(dpc=2057=1.1.1,mask=0x3fff=7.255.7,prio=5,via=as-bsc,st=available) changed to status 'available' (ss7_route.c:409)[0;m
Tue Sep 29 22:38:18 2026 [1;33mDMSC[0;m [1;33mNOTICE[0;m (msc=0) now available: N-PCSTATE ind: pc=2057=1.1.1 sp_status=ACCESSIBLE remote_sccp_status=AVAILABLE (osmo_bsc_sigtran.c:319)
[38;5;43mTue Sep 29 22:38:18 2026 [1;33mDLSS7[0;m[38;5;43m [1;33mNOTICE[0;m[38;5;43m xua_default_lm(asp-to-stp)[0x648311a9b0a0]{ACTIVE}: Ignoring primitive M-ASP_ACTIVE.confirm (xua_default_lm_fsm.c:406)[0;m
[38;5;49mTue Sep 29 22:38:18 2026 [1;33mDLM3UA[0;m[38;5;49m [1;33mNOTICE[0;m[38;5;49m 0: ASP(asp-to-stp) Received NOTIFY Type State Change:AS Active () (m3ua.c:707)[0;m
[38;5;49mTue Sep 29 22:38:18 2026 [1;33mDLM3UA[0;m[38;5;49m [1;33mNOTICE[0;m[38;5;49m 0: ASP(asp-to-stp) Rx DUNA(RFC4666 4.5.1) for 1.1.2/0 (xua_snm.c:501)[0;m
[38;5;43mTue Sep 29 22:38:18 2026 [1;33mDLSS7[0;m[38;5;43m [1;33mNOTICE[0;m[38;5;43m 0: RT(dpc=2058=1.1.2,mask=0x3fff=7.255.7,prio=5,via=as-bsc,st=available) changed to status 'unavailable' (ss7_route.c:409)[0;m
Tue Sep 29 22:38:18 2026 [1;33mDMSC[0;m [1;33mNOTICE[0;m (msc=0) RESET ACK from MSC: RI=SSN_PC,PC=1.1.1,SSN=BSSAP (osmo_bsc_bssap.c:84)
Tue Sep 29 22:38:18 2026 [1;33mDRESET[0;m [1;33mNOTICE[0;m bssmap_reset(msc-0)[0x648311b183b0]{CONNECTED}: link up (bssmap_reset.c:83)
Tue Sep 29 22:38:18 2026 [1;33mDMSC[0;m [1;33mNOTICE[0;m (msc=0) BSSMAP association is up (a_reset.c:45)
[1;36mTue Sep 29 22:38:26 2026 [1;33mDNM[0;m[1;36m [1;33mNOTICE[0;m[1;36m OC=BTS(01) INST=(00,ff,ff): Get Attributes Response: feature 'GPRS' is supported (abis_nm.c:599)[0;m
[1;36mTue Sep 29 22:38:26 2026 [1;33mDNM[0;m[1;36m [1;33mNOTICE[0;m[1;36m OC=BTS(01) INST=(00,ff,ff): Get Attributes Response: feature 'EGPRS' is supported (abis_nm.c:599)[0;m
[1;36mTue Sep 29 22:38:26 2026 [1;33mDNM[0;m[1;36m [1;33mNOTICE[0;m[1;36m OC=BTS(01) INST=(00,ff,ff): Get Attributes Response: feature 'HOPPING' is supported (abis_nm.c:599)[0;m
[1;36mTue Sep 29 22:38:26 2026 [1;33mDNM[0;m[1;36m [1;33mNOTICE[0;m[1;36m OC=BTS(01) INST=(00,ff,ff): Get Attributes Response: feature 'MULTI_TSC' is supported (abis_nm.c:599)[0;m
[1;36mTue Sep 29 22:38:26 2026 [1;33mDNM[0;m[1;36m [1;33mNOTICE[0;m[1;36m OC=BTS(01) INST=(00,ff,ff): Get Attributes Response: feature 'OML_ALERTS' is supported (abis_nm.c:599)[0;m
[1;36mTue Sep 29 22:38:26 2026 [1;33mDNM[0;m[1;36m [1;33mNOTICE[0;m[1;36m OC=BTS(01) INST=(00,ff,ff): Get Attributes Response: feature 'CBCH' is supported (abis_nm.c:599)[0;m
[1;36mTue Sep 29 22:38:26 2026 [1;33mDNM[0;m[1;36m [1;33mNOTICE[0;m[1;36m OC=BTS(01) INST=(00,ff,ff): Get Attributes Response: feature 'SPEECH_F_V1' is supported (abis_nm.c:599)[0;m
[1;36mTue Sep 29 22:38:26 2026 [1;33mDNM[0;m[1;36m [1;33mNOTICE[0;m[1;36m OC=BTS(01) INST=(00,ff,ff): Get Attributes Response: feature 'SPEECH_H_V1' is supported (abis_nm.c:599)[0;m
[1;36mTue Sep 29 22:38:26 2026 [1;33mDNM[0;m[1;36m [1;33mNOTICE[0;m[1;36m OC=BTS(01) INST=(00,ff,ff): Get Attributes Response: feature 'SPEECH_F_EFR' is supported (abis_nm.c:599)[0;m
[1;36mTue Sep 29 22:38:26 2026 [1;33mDNM[0;m[1;36m [1;33mNOTICE[0;m[1;36m OC=BTS(01) INST=(00,ff,ff): Get Attributes Response: feature 'SPEECH_F_AMR' is supported (abis_nm.c:599)[0;m
[1;36mTue Sep 29 22:38:26 2026 [1;33mDNM[0;m[1;36m [1;33mNOTICE[0;m[1;36m OC=BTS(01) INST=(00,ff,ff): Get Attributes Response: feature 'SPEECH_H_AMR' is supported (abis_nm.c:599)[0;m
[1;36mTue Sep 29 22:38:26 2026 [1;33mDNM[0;m[1;36m [1;33mNOTICE[0;m[1;36m OC=BTS(01) INST=(00,ff,ff): Get Attributes Response: feature 'ETWS_PN' is supported (abis_nm.c:599)[0;m
[1;36mTue Sep 29 22:38:26 2026 [1;33mDNM[0;m[1;36m [1;33mNOTICE[0;m[1;36m OC=BTS(01) INST=(00,ff,ff): Get Attributes Response: feature 'PAGING_COORDINATION' is supported (abis_nm.c:599)[0;m
[1;36mTue Sep 29 22:38:26 2026 [1;33mDNM[0;m[1;36m [1;33mNOTICE[0;m[1;36m OC=BTS(01) INST=(00,ff,ff): Get Attributes Response: feature 'IPV6_NSVC' is supported (abis_nm.c:599)[0;m
[1;36mTue Sep 29 22:38:26 2026 [1;33mDNM[0;m[1;36m [1;33mNOTICE[0;m[1;36m OC=BTS(01) INST=(00,ff,ff): Get Attributes Response: feature 'ACCH_REP' is supported (abis_nm.c:599)[0;m
[1;36mTue Sep 29 22:38:26 2026 [1;33mDNM[0;m[1;36m [1;33mNOTICE[0;m[1;36m OC=BTS(01) INST=(00,ff,ff): Get Attributes Response: feature 'CCN' is supported (abis_nm.c:599)[0;m
[1;36mTue Sep 29 22:38:26 2026 [1;33mDNM[0;m[1;36m [1;33mNOTICE[0;m[1;36m OC=BTS(01) INST=(00,ff,ff): Get Attributes Response: feature 'VAMOS' is supported (abis_nm.c:599)[0;m
[1;36mTue Sep 29 22:38:26 2026 [1;33mDNM[0;m[1;36m [1;33mNOTICE[0;m[1;36m OC=BTS(01) INST=(00,ff,ff): Get Attributes Response: feature 'ABIS_OSMO_PCU' is supported (abis_nm.c:599)[0;m
[1;36mTue Sep 29 22:38:26 2026 [1;33mDNM[0;m[1;36m [1;33mNOTICE[0;m[1;36m OC=BTS(01) INST=(00,ff,ff): Get Attributes Response: feature 'BCCH_PWR_RED' is supported (abis_nm.c:599)[0;m
[1;36mTue Sep 29 22:38:26 2026 [1;33mDNM[0;m[1;36m [1;33mNOTICE[0;m[1;36m OC=BTS(01) INST=(00,ff,ff): Get Attributes Response: feature 'DYN_TS_SDCCH8' is supported (abis_nm.c:599)[0;m
[1;36mTue Sep 29 22:38:26 2026 [1;33mDNM[0;m[1;36m [1;33mNOTICE[0;m[1;36m OC=BTS(01) INST=(00,ff,ff): Get Attributes Response: feature 'ACCH_TEMP_OVP' is supported (abis_nm.c:599)[0;m
[1;36mTue Sep 29 22:38:26 2026 [1;33mDNM[0;m[1;36m [1;33mNOTICE[0;m[1;36m OC=BTS(01) INST=(00,ff,ff): Get Attributes Response: feature 'VBS' is supported (abis_nm.c:599)[0;m
[1;36mTue Sep 29 22:38:26 2026 [1;33mDNM[0;m[1;36m [1;33mNOTICE[0;m[1;36m OC=BTS(01) INST=(00,ff,ff): Get Attributes Response: feature 'VGCS' is supported (abis_nm.c:599)[0;m
[1;36mTue Sep 29 22:38:26 2026 [1;33mDNM[0;m[1;36m [1;33mNOTICE[0;m[1;36m OC=BTS(01) INST=(00,ff,ff): Get Attributes Response: feature 'TWTS001' is supported (abis_nm.c:599)[0;m
[1;36mTue Sep 29 22:38:26 2026 [1;33mDNM[0;m[1;36m [1;33mNOTICE[0;m[1;36m OC=BTS(01) INST=(00,ff,ff): Get Attributes Response: feature 'TWTS002' is supported (abis_nm.c:599)[0;m
[1;36mTue Sep 29 22:38:26 2026 [1;33mDNM[0;m[1;36m [1;33mNOTICE[0;m[1;36m OC=BTS(01) INST=(00,ff,ff): ARI reported sw[0/2]: osmobts is 1.10.0-dirty (abis_nm.c:652)[0;m
[1;36mTue Sep 29 22:38:26 2026 [1;33mDNM[0;m[1;36m [1;33mNOTICE[0;m[1;36m OC=BTS(01) INST=(00,ff,ff): Reported variant: osmo-bts-trx (abis_nm.c:534)[0;m
[1;36mTue Sep 29 22:38:26 2026 [1;31mDNM[0;m[1;36m [1;31mERROR[0;m[1;36m OC=RADIO-CARRIER(02) INST=(00,00,ff): Attribute SW Configuration is unreported (abis_nm.c:557)[0;m
[1;36mTue Sep 29 22:38:26 2026 [1;31mDNM[0;m[1;36m [1;31mERROR[0;m[1;36m OC=BASEBAND-TRANSCEIVER(04) INST=(00,00,ff): Attribute Manufacturer Dependent State is unreported (abis_nm.c:557)[0;m
[1;36mTue Sep 29 22:38:26 2026 [1;33mDNM[0;m[1;36m [1;33mNOTICE[0;m[1;36m OC=BASEBAND-TRANSCEIVER(04) INST=(00,00,ff): ARI reported sw[0/1]: TRX_PHY_VERSION is Unknown (abis_nm.c:652)[0;m
[1;35mTue Sep 29 22:38:26 2026 [1;33mDRSL[0;m[1;35m [1;33mNOTICE[0;m[1;35m (bts=1,trx=0) bootstrapping RSL on ARFCN 614 using MCC-MNC 001-01 LAC=1 CID=6012 BSIC=8 (osmo_bsc_main.c:320)[0;m
[1;36mTue Sep 29 22:38:35 2026 [1;31mDNM[0;m[1;36m [1;31mERROR[0;m[1;36m OC=GPRS-CELL(f1) INST=(00,00,ff): Attribute SW Configuration is unreported (abis_nm.c:557)[0;m
[1;36mTue Sep 29 22:38:35 2026 [1;33mDNM[0;m[1;36m [1;33mNOTICE[0;m[1;36m OC=BTS(01) INST=(00,ff,ff): Get Attributes Response: feature 'GPRS' is supported (abis_nm.c:599)[0;m
[1;36mTue Sep 29 22:38:35 2026 [1;33mDNM[0;m[1;36m [1;33mNOTICE[0;m[1;36m OC=BTS(01) INST=(00,ff,ff): Get Attributes Response: feature 'EGPRS' is supported (abis_nm.c:599)[0;m
[1;36mTue Sep 29 22:38:35 2026 [1;33mDNM[0;m[1;36m [1;33mNOTICE[0;m[1;36m OC=BTS(01) INST=(00,ff,ff): Get Attributes Response: feature 'HOPPING' is supported (abis_nm.c:599)[0;m
[1;36mTue Sep 29 22:38:35 2026 [1;33mDNM[0;m[1;36m [1;33mNOTICE[0;m[1;36m OC=BTS(01) INST=(00,ff,ff): Get Attributes Response: feature 'MULTI_TSC' is supported (abis_nm.c:599)[0;m
[1;36mTue Sep 29 22:38:35 2026 [1;33mDNM[0;m[1;36m [1;33mNOTICE[0;m[1;36m OC=BTS(01) INST=(00,ff,ff): Get Attributes Response: feature 'OML_ALERTS' is supported (abis_nm.c:599)[0;m
[1;36mTue Sep 29 22:38:35 2026 [1;33mDNM[0;m[1;36m [1;33mNOTICE[0;m[1;36m OC=BTS(01) INST=(00,ff,ff): Get Attributes Response: feature 'CBCH' is supported (abis_nm.c:599)[0;m
[1;36mTue Sep 29 22:38:35 2026 [1;33mDNM[0;m[1;36m [1;33mNOTICE[0;m[1;36m OC=BTS(01) INST=(00,ff,ff): Get Attributes Response: feature 'SPEECH_F_V1' is supported (abis_nm.c:599)[0;m
[1;36mTue Sep 29 22:38:35 2026 [1;33mDNM[0;m[1;36m [1;33mNOTICE[0;m[1;36m OC=BTS(01) INST=(00,ff,ff): Get Attributes Response: feature 'SPEECH_H_V1' is supported (abis_nm.c:599)[0;m
[1;36mTue Sep 29 22:38:35 2026 [1;33mDNM[0;m[1;36m [1;33mNOTICE[0;m[1;36m OC=BTS(01) INST=(00,ff,ff): Get Attributes Response: feature 'SPEECH_F_EFR' is supported (abis_nm.c:599)[0;m
[1;36mTue Sep 29 22:38:35 2026 [1;33mDNM[0;m[1;36m [1;33mNOTICE[0;m[1;36m OC=BTS(01) INST=(00,ff,ff): Get Attributes Response: feature 'SPEECH_F_AMR' is supported (abis_nm.c:599)[0;m
[1;36mTue Sep 29 22:38:35 2026 [1;33mDNM[0;m[1;36m [1;33mNOTICE[0;m[1;36m OC=BTS(01) INST=(00,ff,ff): Get Attributes Response: feature 'SPEECH_H_AMR' is supported (abis_nm.c:599)[0;m
[1;36mTue Sep 29 22:38:35 2026 [1;33mDNM[0;m[1;36m [1;33mNOTICE[0;m[1;36m OC=BTS(01) INST=(00,ff,ff): Get Attributes Response: feature 'ETWS_PN' is supported (abis_nm.c:599)[0;m
[1;36mTue Sep 29 22:38:35 2026 [1;33mDNM[0;m[1;36m [1;33mNOTICE[0;m[1;36m OC=BTS(01) INST=(00,ff,ff): Get Attributes Response: feature 'PAGING_COORDINATION' is supported (abis_nm.c:599)[0;m
[1;36mTue Sep 29 22:38:35 2026 [1;33mDNM[0;m[1;36m [1;33mNOTICE[0;m[1;36m OC=BTS(01) INST=(00,ff,ff): Get Attributes Response: feature 'IPV6_NSVC' is supported (abis_nm.c:599)[0;m
[1;36mTue Sep 29 22:38:35 2026 [1;33mDNM[0;m[1;36m [1;33mNOTICE[0;m[1;36m OC=BTS(01) INST=(00,ff,ff): Get Attributes Response: feature 'ACCH_REP' is supported (abis_nm.c:599)[0;m
[1;36mTue Sep 29 22:38:35 2026 [1;33mDNM[0;m[1;36m [1;33mNOTICE[0;m[1;36m OC=BTS(01) INST=(00,ff,ff): Get Attributes Response: feature 'CCN' is supported (abis_nm.c:599)[0;m
[1;36mTue Sep 29 22:38:35 2026 [1;33mDNM[0;m[1;36m [1;33mNOTICE[0;m[1;36m OC=BTS(01) INST=(00,ff,ff): Get Attributes Response: feature 'VAMOS' is supported (abis_nm.c:599)[0;m
[1;36mTue Sep 29 22:38:35 2026 [1;33mDNM[0;m[1;36m [1;33mNOTICE[0;m[1;36m OC=BTS(01) INST=(00,ff,ff): Get Attributes Response: feature 'ABIS_OSMO_PCU' is supported (abis_nm.c:599)[0;m
[1;36mTue Sep 29 22:38:35 2026 [1;33mDNM[0;m[1;36m [1;33mNOTICE[0;m[1;36m OC=BTS(01) INST=(00,ff,ff): Get Attributes Response: feature 'BCCH_PWR_RED' is supported (abis_nm.c:599)[0;m
[1;36mTue Sep 29 22:38:35 2026 [1;33mDNM[0;m[1;36m [1;33mNOTICE[0;m[1;36m OC=BTS(01) INST=(00,ff,ff): Get Attributes Response: feature 'DYN_TS_SDCCH8' is supported (abis_nm.c:599)[0;m
[1;36mTue Sep 29 22:38:35 2026 [1;33mDNM[0;m[1;36m [1;33mNOTICE[0;m[1;36m OC=BTS(01) INST=(00,ff,ff): Get Attributes Response: feature 'ACCH_TEMP_OVP' is supported (abis_nm.c:599)[0;m
[1;36mTue Sep 29 22:38:35 2026 [1;33mDNM[0;m[1;36m [1;33mNOTICE[0;m[1;36m OC=BTS(01) INST=(00,ff,ff): Get Attributes Response: feature 'VBS' is supported (abis_nm.c:599)[0;m
[1;36mTue Sep 29 22:38:35 2026 [1;33mDNM[0;m[1;36m [1;33mNOTICE[0;m[1;36m OC=BTS(01) INST=(00,ff,ff): Get Attributes Response: feature 'VGCS' is supported (abis_nm.c:599)[0;m
[1;36mTue Sep 29 22:38:35 2026 [1;33mDNM[0;m[1;36m [1;33mNOTICE[0;m[1;36m OC=BTS(01) INST=(00,ff,ff): Get Attributes Response: feature 'TWTS001' is supported (abis_nm.c:599)[0;m
[1;36mTue Sep 29 22:38:35 2026 [1;33mDNM[0;m[1;36m [1;33mNOTICE[0;m[1;36m OC=BTS(01) INST=(00,ff,ff): Get Attributes Response: feature 'TWTS002' is supported (abis_nm.c:599)[0;m
[1;36mTue Sep 29 22:38:35 2026 [1;33mDNM[0;m[1;36m [1;33mNOTICE[0;m[1;36m OC=BTS(01) INST=(00,ff,ff): ARI reported sw[0/2]: osmobts is 1.10.0-dirty (abis_nm.c:652)[0;m
[1;36mTue Sep 29 22:38:35 2026 [1;33mDNM[0;m[1;36m [1;33mNOTICE[0;m[1;36m OC=BTS(01) INST=(00,ff,ff): Reported variant: osmo-bts-trx (abis_nm.c:534)[0;m
[1;36mTue Sep 29 22:38:35 2026 [1;31mDNM[0;m[1;36m [1;31mERROR[0;m[1;36m OC=RADIO-CARRIER(02) INST=(00,00,ff): Attribute SW Configuration is unreported (abis_nm.c:557)[0;m
[1;36mTue Sep 29 22:38:35 2026 [1;31mDNM[0;m[1;36m [1;31mERROR[0;m[1;36m OC=BASEBAND-TRANSCEIVER(04) INST=(00,00,ff): Attribute Manufacturer Dependent State is unreported (abis_nm.c:557)[0;m
[1;36mTue Sep 29 22:38:35 2026 [1;33mDNM[0;m[1;36m [1;33mNOTICE[0;m[1;36m OC=BASEBAND-TRANSCEIVER(04) INST=(00,00,ff): ARI reported sw[0/1]: TRX_PHY_VERSION is Unknown (abis_nm.c:652)[0;m
[1;35mTue Sep 29 22:38:35 2026 [1;33mDRSL[0;m[1;35m [1;33mNOTICE[0;m[1;35m (bts=0,trx=0) bootstrapping RSL on ARFCN 514 using MCC-MNC 001-01 LAC=1 CID=6001 BSIC=7 (osmo_bsc_main.c:320)[0;m
[1;36mTue Sep 29 22:38:37 2026 [1;33mDNM[0;m[1;36m [1;33mNOTICE[0;m[1;36m OC=BTS(01) INST=(00,ff,ff): Reported connected PCU version 1.5.2 (abis_nm.c:352)[0;m
[1;36mTue Sep 29 23:34:04 2026 [1;31mDNM[0;m[1;36m [1;31mERROR[0;m[1;36m OC=BTS(01) INST=(00,ff,ff): Failure Event Report: [0;m[1;36mType=processing failure, [0;m[1;36mSeverity=critical failure, [0;m[1;36mProbable cause=Manufacturer specific values: [0;m[1;36mProcess stopped, [0;m[1;36mAdditional Text=BTS: SIGINT received -> shutdown. [0;m[1;36m (abis_nm.c:341)[0;m
[38;5;23mTue Sep 29 23:34:04 2026 [1;33mDLINP[0;m[38;5;23m [1;33mNOTICE[0;m[38;5;23m SRVCONN(ts-0-1-oml,r=127.0.0.1:45243<->l=127.0.0.1:3002) connection closed with client (stream_srv.c:770)[0;m
[38;5;23mTue Sep 29 23:34:04 2026 [1;33mDLINP[0;m[38;5;23m [1;33mNOTICE[0;m[38;5;23m E1TS(0:1) failed reading from socket: 0 (ipaccess.c:554)[0;m
[38;5;23mTue Sep 29 23:34:04 2026 [1;33mDLINP[0;m[38;5;23m [1;33mNOTICE[0;m[38;5;23m E1L(0) Signalling link down (bts_ipaccess_nanobts.c:778)[0;m
[38;5;23mTue Sep 29 23:34:04 2026 [1;33mDLINP[0;m[38;5;23m [1;33mNOTICE[0;m[38;5;23m (bts=0) Dropping OML link: link down (bts_ipaccess_nanobts.c:543)[0;m
[38;5;23mTue Sep 29 23:34:04 2026 [1;33mDLINP[0;m[38;5;23m [1;33mNOTICE[0;m[38;5;23m (bts=0,trx=0) Dropping RSL link: OML link drop (bts_ipaccess_nanobts.c:514)[0;m
[38;5;23mTue Sep 29 23:34:04 2026 [1;33mDLINP[0;m[38;5;23m [1;33mNOTICE[0;m[38;5;23m E1L(0) Signalling link down (bts_ipaccess_nanobts.c:778)[0;m
[38;5;23mTue Sep 29 23:34:04 2026 [1;33mDLINP[0;m[38;5;23m [1;33mNOTICE[0;m[38;5;23m E1L(0) Signalling link down for unknown BTS (bts_ipaccess_nanobts.c:791)[0;m
[1;36mTue Sep 29 23:34:04 2026 [1;31mDNM[0;m[1;36m [1;31mERROR[0;m[1;36m OC=BTS(01) INST=(00,ff,ff): Failure Event Report: [0;m[1;36mType=processing failure, [0;m[1;36mSeverity=critical failure, [0;m[1;36mProbable cause=Manufacturer specific values: [0;m[1;36mProcess stopped, [0;m[1;36mAdditional Text=BTS: SIGINT received -> shutdown. [0;m[1;36m (abis_nm.c:341)[0;m
[38;5;23mTue Sep 29 23:34:06 2026 [1;33mDLINP[0;m[38;5;23m [1;33mNOTICE[0;m[38;5;23m SRVCONN(ts-0-1-oml,r=127.0.0.1:43235<->l=127.0.0.1:3002) connection closed with client (stream_srv.c:770)[0;m
[38;5;23mTue Sep 29 23:34:06 2026 [1;33mDLINP[0;m[38;5;23m [1;33mNOTICE[0;m[38;5;23m E1TS(0:1) failed reading from socket: 0 (ipaccess.c:554)[0;m
[38;5;23mTue Sep 29 23:34:06 2026 [1;33mDLINP[0;m[38;5;23m [1;33mNOTICE[0;m[38;5;23m E1L(0) Signalling link down (bts_ipaccess_nanobts.c:778)[0;m
[38;5;23mTue Sep 29 23:34:06 2026 [1;33mDLINP[0;m[38;5;23m [1;33mNOTICE[0;m[38;5;23m (bts=1) Dropping OML link: link down (bts_ipaccess_nanobts.c:543)[0;m
[38;5;23mTue Sep 29 23:34:06 2026 [1;33mDLINP[0;m[38;5;23m [1;33mNOTICE[0;m[38;5;23m (bts=1,trx=0) Dropping RSL link: OML link drop (bts_ipaccess_nanobts.c:514)[0;m
[38;5;23mTue Sep 29 23:34:06 2026 [1;33mDLINP[0;m[38;5;23m [1;33mNOTICE[0;m[38;5;23m E1L(0) Signalling link down (bts_ipaccess_nanobts.c:778)[0;m
[38;5;23mTue Sep 29 23:34:06 2026 [1;33mDLINP[0;m[38;5;23m [1;33mNOTICE[0;m[38;5;23m E1L(0) Signalling link down for unknown BTS (bts_ipaccess_nanobts.c:791)[0;m
[1;36mTue Sep 29 23:34:08 2026 [1;33mDNM[0;m[1;36m [1;33mNOTICE[0;m[1;36m shutting down OML for BTS 0 (bsc_init.c:57)[0;m
[1;36mTue Sep 29 23:34:08 2026 [1;33mDNM[0;m[1;36m [1;33mNOTICE[0;m[1;36m shutting down OML for BTS 1 (bsc_init.c:57)[0;m
[38;5;43mTue Sep 29 23:34:26 2026 [1;33mDLSS7[0;m[38;5;43m [1;33mNOTICE[0;m[38;5;43m 0: ASP(asp-to-stp) Applying Adm State change: ENABLED -> ENABLED (ss7_asp_vty.c:673)[0;m
Tue Sep 29 23:34:26 2026 [1;33mDLGLOBAL[0;m [1;33mNOTICE[0;m Available via telnet 127.0.0.1 4242 (telnet_interface.c:88)
[38;5;23mTue Sep 29 23:34:26 2026 [1;33mDLINP[0;m[38;5;23m [1;33mNOTICE[0;m[38;5;23m E1L(0) enabling ipaccess BSC mode on 0.0.0.0 with OML 3002 and RSL 3003 TCP ports (ipaccess.c:1028)[0;m
[38;5;33mTue Sep 29 23:34:26 2026 [1;33mDLCTRL[0;m[38;5;33m [1;33mNOTICE[0;m[38;5;33m CTRL at 127.0.0.1 4249 (control_if.c:1026)[0;m
[38;5;51mTue Sep 29 23:34:26 2026 [1;33mDLMGCP[0;m[38;5;51m [1;33mNOTICE[0;m[38;5;51m MGW(mgw) MGCP client: using endpoint domain '@mgw' (mgcp_client.c:945)[0;m
[1;36mTue Sep 29 23:34:26 2026 [1;33mDNM[0;m[1;36m [1;33mNOTICE[0;m[1;36m MGW pool with 1 pool members configured, (ignoring MGW configuration in VTY node 'msc'). (osmo_bsc_main.c:869)[0;m
Tue Sep 29 23:34:26 2026 [1;33mDMSC[0;m [1;33mNOTICE[0;m Initializing SCCP connection for A/m3ua on cs7 instance 0 (osmo_bsc_sigtran.c:817)
[38;5;45mTue Sep 29 23:34:26 2026 [1;33mDLSCCP[0;m[38;5;45m [1;33mNOTICE[0;m[38;5;45m A-0-m3ua: Using SS7 instance 0, pc:1.1.3 (sccp_instance.c:655)[0;m
[38;5;45mTue Sep 29 23:34:26 2026 [1;33mDLSCCP[0;m[38;5;45m [1;33mNOTICE[0;m[38;5;45m A-0-m3ua: Using AS instance as-bsc (sccp_instance.c:673)[0;m
[38;5;45mTue Sep 29 23:34:26 2026 [1;33mDLSCCP[0;m[38;5;45m [1;33mNOTICE[0;m[38;5;45m A-0-m3ua: Creating default route (sccp_instance.c:679)[0;m
[38;5;45mTue Sep 29 23:34:26 2026 [1;33mDLSCCP[0;m[38;5;45m [1;33mNOTICE[0;m[38;5;45m A-0-m3ua: Using ASP instance asp-to-stp (sccp_instance.c:784)[0;m
[38;5;43mTue Sep 29 23:34:26 2026 [1;33mDLSS7[0;m[38;5;43m [1;33mNOTICE[0;m[38;5;43m 0: Creating SCCP instance (ss7_instance.c:214)[0;m
Tue Sep 29 23:34:26 2026 [1;33mDMSC[0;m [1;33mNOTICE[0;m (msc=0) A-0-m3ua: local (BSC) SCCP address: RI=SSN_PC,PC=1.1.3,SSN=BSSAP (osmo_bsc_sigtran.c:870)
Tue Sep 29 23:34:26 2026 [1;33mDMSC[0;m [1;33mNOTICE[0;m (msc=0) A-0-m3ua: remote (MSC) SCCP address: RI=SSN_PC,PC=1.1.1,SSN=BSSAP (osmo_bsc_sigtran.c:872)
Tue Sep 29 23:34:26 2026 [1;33mDMSC[0;m [1;33mNOTICE[0;m (msc=0) A-0-m3ua: binding SCCP user (osmo_bsc_sigtran.c:877)
[38;5;45mTue Sep 29 23:34:26 2026 [1;31mDLSCCP[0;m[38;5;45m [1;31mERROR[0;m[38;5;45m 0: SCCP(rctx=0) MTP-TRANSFER.req from SCCP for OPC=2059=1.1.3,DPC=2057=1.1.1,SLS=12: no route! (sccp_scrc.c:177)[0;m
[38;5;45mTue Sep 29 23:34:26 2026 [1;33mDLSCCP[0;m[38;5;45m [1;33mNOTICE[0;m[38;5;45m 0: SCCP(rctx=0) SCRC Routing Failure (MTP failure) for CL message CL:CLDT (sccp_sclc.c:359)[0;m
Tue Sep 29 23:34:26 2026 [1;33mDMSC[0;m [1;33mNOTICE[0;m (msc=0) (calling_addr=RI=2,PC=2057,SSN=254) N-NOTICE.ind cause=5='MTP failure' importance=0 (osmo_bsc_sigtran.c:168)
[38;5;49mTue Sep 29 23:34:28 2026 [1;33mDLM3UA[0;m[38;5;49m [1;33mNOTICE[0;m[38;5;49m 0: ASP(asp-to-stp) Received NOTIFY Type State Change:AS Inactive () (m3ua.c:707)[0;m
[38;5;43mTue Sep 29 23:34:28 2026 [1;33mDLSS7[0;m[38;5;43m [1;33mNOTICE[0;m[38;5;43m 0: RT(dpc=2057=1.1.1,mask=0x3fff=7.255.7,prio=5,via=as-bsc,st=available) changed to status 'available' (ss7_route.c:409)[0;m
Tue Sep 29 23:34:28 2026 [1;33mDMSC[0;m [1;33mNOTICE[0;m (msc=0) now available: N-PCSTATE ind: pc=2057=1.1.1 sp_status=ACCESSIBLE remote_sccp_status=AVAILABLE (osmo_bsc_sigtran.c:319)
[38;5;43mTue Sep 29 23:34:28 2026 [1;33mDLSS7[0;m[38;5;43m [1;33mNOTICE[0;m[38;5;43m xua_default_lm(asp-to-stp)[0x5d13178a70a0]{ACTIVE}: Ignoring primitive M-ASP_ACTIVE.confirm (xua_default_lm_fsm.c:406)[0;m
[38;5;49mTue Sep 29 23:34:28 2026 [1;33mDLM3UA[0;m[38;5;49m [1;33mNOTICE[0;m[38;5;49m 0: ASP(asp-to-stp) Received NOTIFY Type State Change:AS Active () (m3ua.c:707)[0;m
[38;5;49mTue Sep 29 23:34:28 2026 [1;33mDLM3UA[0;m[38;5;49m [1;33mNOTICE[0;m[38;5;49m 0: ASP(asp-to-stp) Rx DUNA(RFC4666 4.5.1) for 1.1.2/0 (xua_snm.c:501)[0;m
[38;5;43mTue Sep 29 23:34:28 2026 [1;33mDLSS7[0;m[38;5;43m [1;33mNOTICE[0;m[38;5;43m 0: RT(dpc=2058=1.1.2,mask=0x3fff=7.255.7,prio=5,via=as-bsc,st=available) changed to status 'unavailable' (ss7_route.c:409)[0;m
Tue Sep 29 23:34:28 2026 [1;33mDMSC[0;m [1;33mNOTICE[0;m (msc=0) RESET ACK from MSC: RI=SSN_PC,PC=1.1.1,SSN=BSSAP (osmo_bsc_bssap.c:84)
Tue Sep 29 23:34:28 2026 [1;33mDRESET[0;m [1;33mNOTICE[0;m bssmap_reset(msc-0)[0x5d13179243b0]{CONNECTED}: link up (bssmap_reset.c:83)
Tue Sep 29 23:34:28 2026 [1;33mDMSC[0;m [1;33mNOTICE[0;m (msc=0) BSSMAP association is up (a_reset.c:45)
[1;36mTue Sep 29 23:34:36 2026 [1;33mDNM[0;m[1;36m [1;33mNOTICE[0;m[1;36m OC=BTS(01) INST=(00,ff,ff): Get Attributes Response: feature 'GPRS' is supported (abis_nm.c:599)[0;m
[1;36mTue Sep 29 23:34:36 2026 [1;33mDNM[0;m[1;36m [1;33mNOTICE[0;m[1;36m OC=BTS(01) INST=(00,ff,ff): Get Attributes Response: feature 'EGPRS' is supported (abis_nm.c:599)[0;m
[1;36mTue Sep 29 23:34:36 2026 [1;33mDNM[0;m[1;36m [1;33mNOTICE[0;m[1;36m OC=BTS(01) INST=(00,ff,ff): Get Attributes Response: feature 'HOPPING' is supported (abis_nm.c:599)[0;m
[1;36mTue Sep 29 23:34:36 2026 [1;33mDNM[0;m[1;36m [1;33mNOTICE[0;m[1;36m OC=BTS(01) INST=(00,ff,ff): Get Attributes Response: feature 'MULTI_TSC' is supported (abis_nm.c:599)[0;m
[1;36mTue Sep 29 23:34:36 2026 [1;33mDNM[0;m[1;36m [1;33mNOTICE[0;m[1;36m OC=BTS(01) INST=(00,ff,ff): Get Attributes Response: feature 'OML_ALERTS' is supported (abis_nm.c:599)[0;m
[1;36mTue Sep 29 23:34:36 2026 [1;33mDNM[0;m[1;36m [1;33mNOTICE[0;m[1;36m OC=BTS(01) INST=(00,ff,ff): Get Attributes Response: feature 'CBCH' is supported (abis_nm.c:599)[0;m
[1;36mTue Sep 29 23:34:36 2026 [1;33mDNM[0;m[1;36m [1;33mNOTICE[0;m[1;36m OC=BTS(01) INST=(00,ff,ff): Get Attributes Response: feature 'SPEECH_F_V1' is supported (abis_nm.c:599)[0;m
[1;36mTue Sep 29 23:34:36 2026 [1;33mDNM[0;m[1;36m [1;33mNOTICE[0;m[1;36m OC=BTS(01) INST=(00,ff,ff): Get Attributes Response: feature 'SPEECH_H_V1' is supported (abis_nm.c:599)[0;m
[1;36mTue Sep 29 23:34:36 2026 [1;33mDNM[0;m[1;36m [1;33mNOTICE[0;m[1;36m OC=BTS(01) INST=(00,ff,ff): Get Attributes Response: feature 'SPEECH_F_EFR' is supported (abis_nm.c:599)[0;m
[1;36mTue Sep 29 23:34:36 2026 [1;33mDNM[0;m[1;36m [1;33mNOTICE[0;m[1;36m OC=BTS(01) INST=(00,ff,ff): Get Attributes Response: feature 'SPEECH_F_AMR' is supported (abis_nm.c:599)[0;m
[1;36mTue Sep 29 23:34:36 2026 [1;33mDNM[0;m[1;36m [1;33mNOTICE[0;m[1;36m OC=BTS(01) INST=(00,ff,ff): Get Attributes Response: feature 'SPEECH_H_AMR' is supported (abis_nm.c:599)[0;m
[1;36mTue Sep 29 23:34:36 2026 [1;33mDNM[0;m[1;36m [1;33mNOTICE[0;m[1;36m OC=BTS(01) INST=(00,ff,ff): Get Attributes Response: feature 'ETWS_PN' is supported (abis_nm.c:599)[0;m
[1;36mTue Sep 29 23:34:36 2026 [1;33mDNM[0;m[1;36m [1;33mNOTICE[0;m[1;36m OC=BTS(01) INST=(00,ff,ff): Get Attributes Response: feature 'PAGING_COORDINATION' is supported (abis_nm.c:599)[0;m
[1;36mTue Sep 29 23:34:36 2026 [1;33mDNM[0;m[1;36m [1;33mNOTICE[0;m[1;36m OC=BTS(01) INST=(00,ff,ff): Get Attributes Response: feature 'IPV6_NSVC' is supported (abis_nm.c:599)[0;m
[1;36mTue Sep 29 23:34:36 2026 [1;33mDNM[0;m[1;36m [1;33mNOTICE[0;m[1;36m OC=BTS(01) INST=(00,ff,ff): Get Attributes Response: feature 'ACCH_REP' is supported (abis_nm.c:599)[0;m
[1;36mTue Sep 29 23:34:36 2026 [1;33mDNM[0;m[1;36m [1;33mNOTICE[0;m[1;36m OC=BTS(01) INST=(00,ff,ff): Get Attributes Response: feature 'CCN' is supported (abis_nm.c:599)[0;m
[1;36mTue Sep 29 23:34:36 2026 [1;33mDNM[0;m[1;36m [1;33mNOTICE[0;m[1;36m OC=BTS(01) INST=(00,ff,ff): Get Attributes Response: feature 'VAMOS' is supported (abis_nm.c:599)[0;m
[1;36mTue Sep 29 23:34:36 2026 [1;33mDNM[0;m[1;36m [1;33mNOTICE[0;m[1;36m OC=BTS(01) INST=(00,ff,ff): Get Attributes Response: feature 'ABIS_OSMO_PCU' is supported (abis_nm.c:599)[0;m
[1;36mTue Sep 29 23:34:36 2026 [1;33mDNM[0;m[1;36m [1;33mNOTICE[0;m[1;36m OC=BTS(01) INST=(00,ff,ff): Get Attributes Response: feature 'BCCH_PWR_RED' is supported (abis_nm.c:599)[0;m
[1;36mTue Sep 29 23:34:36 2026 [1;33mDNM[0;m[1;36m [1;33mNOTICE[0;m[1;36m OC=BTS(01) INST=(00,ff,ff): Get Attributes Response: feature 'DYN_TS_SDCCH8' is supported (abis_nm.c:599)[0;m
[1;36mTue Sep 29 23:34:36 2026 [1;33mDNM[0;m[1;36m [1;33mNOTICE[0;m[1;36m OC=BTS(01) INST=(00,ff,ff): Get Attributes Response: feature 'ACCH_TEMP_OVP' is supported (abis_nm.c:599)[0;m
[1;36mTue Sep 29 23:34:36 2026 [1;33mDNM[0;m[1;36m [1;33mNOTICE[0;m[1;36m OC=BTS(01) INST=(00,ff,ff): Get Attributes Response: feature 'VBS' is supported (abis_nm.c:599)[0;m
[1;36mTue Sep 29 23:34:36 2026 [1;33mDNM[0;m[1;36m [1;33mNOTICE[0;m[1;36m OC=BTS(01) INST=(00,ff,ff): Get Attributes Response: feature 'VGCS' is supported (abis_nm.c:599)[0;m
[1;36mTue Sep 29 23:34:36 2026 [1;33mDNM[0;m[1;36m [1;33mNOTICE[0;m[1;36m OC=BTS(01) INST=(00,ff,ff): Get Attributes Response: feature 'TWTS001' is supported (abis_nm.c:599)[0;m
[1;36mTue Sep 29 23:34:36 2026 [1;33mDNM[0;m[1;36m [1;33mNOTICE[0;m[1;36m OC=BTS(01) INST=(00,ff,ff): Get Attributes Response: feature 'TWTS002' is supported (abis_nm.c:599)[0;m
[1;36mTue Sep 29 23:34:36 2026 [1;33mDNM[0;m[1;36m [1;33mNOTICE[0;m[1;36m OC=BTS(01) INST=(00,ff,ff): ARI reported sw[0/2]: osmobts is 1.10.0-dirty (abis_nm.c:652)[0;m
[1;36mTue Sep 29 23:34:36 2026 [1;33mDNM[0;m[1;36m [1;33mNOTICE[0;m[1;36m OC=BTS(01) INST=(00,ff,ff): Reported variant: osmo-bts-trx (abis_nm.c:534)[0;m
[1;36mTue Sep 29 23:34:36 2026 [1;31mDNM[0;m[1;36m [1;31mERROR[0;m[1;36m OC=RADIO-CARRIER(02) INST=(00,00,ff): Attribute SW Configuration is unreported (abis_nm.c:557)[0;m
[1;36mTue Sep 29 23:34:36 2026 [1;31mDNM[0;m[1;36m [1;31mERROR[0;m[1;36m OC=BASEBAND-TRANSCEIVER(04) INST=(00,00,ff): Attribute Manufacturer Dependent State is unreported (abis_nm.c:557)[0;m
[1;36mTue Sep 29 23:34:36 2026 [1;33mDNM[0;m[1;36m [1;33mNOTICE[0;m[1;36m OC=BASEBAND-TRANSCEIVER(04) INST=(00,00,ff): ARI reported sw[0/1]: TRX_PHY_VERSION is Unknown (abis_nm.c:652)[0;m
[1;35mTue Sep 29 23:34:36 2026 [1;33mDRSL[0;m[1;35m [1;33mNOTICE[0;m[1;35m (bts=1,trx=0) bootstrapping RSL on ARFCN 614 using MCC-MNC 001-01 LAC=1 CID=6012 BSIC=8 (osmo_bsc_main.c:320)[0;m
[1;36mTue Sep 29 23:34:45 2026 [1;31mDNM[0;m[1;36m [1;31mERROR[0;m[1;36m OC=GPRS-CELL(f1) INST=(00,00,ff): Attribute SW Configuration is unreported (abis_nm.c:557)[0;m
[1;36mTue Sep 29 23:34:45 2026 [1;33mDNM[0;m[1;36m [1;33mNOTICE[0;m[1;36m OC=BTS(01) INST=(00,ff,ff): Get Attributes Response: feature 'GPRS' is supported (abis_nm.c:599)[0;m
[1;36mTue Sep 29 23:34:45 2026 [1;33mDNM[0;m[1;36m [1;33mNOTICE[0;m[1;36m OC=BTS(01) INST=(00,ff,ff): Get Attributes Response: feature 'EGPRS' is supported (abis_nm.c:599)[0;m
[1;36mTue Sep 29 23:34:45 2026 [1;33mDNM[0;m[1;36m [1;33mNOTICE[0;m[1;36m OC=BTS(01) INST=(00,ff,ff): Get Attributes Response: feature 'HOPPING' is supported (abis_nm.c:599)[0;m
[1;36mTue Sep 29 23:34:45 2026 [1;33mDNM[0;m[1;36m [1;33mNOTICE[0;m[1;36m OC=BTS(01) INST=(00,ff,ff): Get Attributes Response: feature 'MULTI_TSC' is supported (abis_nm.c:599)[0;m
[1;36mTue Sep 29 23:34:45 2026 [1;33mDNM[0;m[1;36m [1;33mNOTICE[0;m[1;36m OC=BTS(01) INST=(00,ff,ff): Get Attributes Response: feature 'OML_ALERTS' is supported (abis_nm.c:599)[0;m
[1;36mTue Sep 29 23:34:45 2026 [1;33mDNM[0;m[1;36m [1;33mNOTICE[0;m[1;36m OC=BTS(01) INST=(00,ff,ff): Get Attributes Response: feature 'CBCH' is supported (abis_nm.c:599)[0;m
[1;36mTue Sep 29 23:34:45 2026 [1;33mDNM[0;m[1;36m [1;33mNOTICE[0;m[1;36m OC=BTS(01) INST=(00,ff,ff): Get Attributes Response: feature 'SPEECH_F_V1' is supported (abis_nm.c:599)[0;m
[1;36mTue Sep 29 23:34:45 2026 [1;33mDNM[0;m[1;36m [1;33mNOTICE[0;m[1;36m OC=BTS(01) INST=(00,ff,ff): Get Attributes Response: feature 'SPEECH_H_V1' is supported (abis_nm.c:599)[0;m
[1;36mTue Sep 29 23:34:45 2026 [1;33mDNM[0;m[1;36m [1;33mNOTICE[0;m[1;36m OC=BTS(01) INST=(00,ff,ff): Get Attributes Response: feature 'SPEECH_F_EFR' is supported (abis_nm.c:599)[0;m
[1;36mTue Sep 29 23:34:45 2026 [1;33mDNM[0;m[1;36m [1;33mNOTICE[0;m[1;36m OC=BTS(01) INST=(00,ff,ff): Get Attributes Response: feature 'SPEECH_F_AMR' is supported (abis_nm.c:599)[0;m
[1;36mTue Sep 29 23:34:45 2026 [1;33mDNM[0;m[1;36m [1;33mNOTICE[0;m[1;36m OC=BTS(01) INST=(00,ff,ff): Get Attributes Response: feature 'SPEECH_H_AMR' is supported (abis_nm.c:599)[0;m
[1;36mTue Sep 29 23:34:45 2026 [1;33mDNM[0;m[1;36m [1;33mNOTICE[0;m[1;36m OC=BTS(01) INST=(00,ff,ff): Get Attributes Response: feature 'ETWS_PN' is supported (abis_nm.c:599)[0;m
[1;36mTue Sep 29 23:34:45 2026 [1;33mDNM[0;m[1;36m [1;33mNOTICE[0;m[1;36m OC=BTS(01) INST=(00,ff,ff): Get Attributes Response: feature 'PAGING_COORDINATION' is supported (abis_nm.c:599)[0;m
[1;36mTue Sep 29 23:34:45 2026 [1;33mDNM[0;m[1;36m [1;33mNOTICE[0;m[1;36m OC=BTS(01) INST=(00,ff,ff): Get Attributes Response: feature 'IPV6_NSVC' is supported (abis_nm.c:599)[0;m
[1;36mTue Sep 29 23:34:45 2026 [1;33mDNM[0;m[1;36m [1;33mNOTICE[0;m[1;36m OC=BTS(01) INST=(00,ff,ff): Get Attributes Response: feature 'ACCH_REP' is supported (abis_nm.c:599)[0;m
[1;36mTue Sep 29 23:34:45 2026 [1;33mDNM[0;m[1;36m [1;33mNOTICE[0;m[1;36m OC=BTS(01) INST=(00,ff,ff): Get Attributes Response: feature 'CCN' is supported (abis_nm.c:599)[0;m
[1;36mTue Sep 29 23:34:45 2026 [1;33mDNM[0;m[1;36m [1;33mNOTICE[0;m[1;36m OC=BTS(01) INST=(00,ff,ff): Get Attributes Response: feature 'VAMOS' is supported (abis_nm.c:599)[0;m
[1;36mTue Sep 29 23:34:45 2026 [1;33mDNM[0;m[1;36m [1;33mNOTICE[0;m[1;36m OC=BTS(01) INST=(00,ff,ff): Get Attributes Response: feature 'ABIS_OSMO_PCU' is supported (abis_nm.c:599)[0;m
[1;36mTue Sep 29 23:34:45 2026 [1;33mDNM[0;m[1;36m [1;33mNOTICE[0;m[1;36m OC=BTS(01) INST=(00,ff,ff): Get Attributes Response: feature 'BCCH_PWR_RED' is supported (abis_nm.c:599)[0;m
[1;36mTue Sep 29 23:34:45 2026 [1;33mDNM[0;m[1;36m [1;33mNOTICE[0;m[1;36m OC=BTS(01) INST=(00,ff,ff): Get Attributes Response: feature 'DYN_TS_SDCCH8' is supported (abis_nm.c:599)[0;m
[1;36mTue Sep 29 23:34:45 2026 [1;33mDNM[0;m[1;36m [1;33mNOTICE[0;m[1;36m OC=BTS(01) INST=(00,ff,ff): Get Attributes Response: feature 'ACCH_TEMP_OVP' is supported (abis_nm.c:599)[0;m
[1;36mTue Sep 29 23:34:45 2026 [1;33mDNM[0;m[1;36m [1;33mNOTICE[0;m[1;36m OC=BTS(01) INST=(00,ff,ff): Get Attributes Response: feature 'VBS' is supported (abis_nm.c:599)[0;m
[1;36mTue Sep 29 23:34:45 2026 [1;33mDNM[0;m[1;36m [1;33mNOTICE[0;m[1;36m OC=BTS(01) INST=(00,ff,ff): Get Attributes Response: feature 'VGCS' is supported (abis_nm.c:599)[0;m
[1;36mTue Sep 29 23:34:45 2026 [1;33mDNM[0;m[1;36m [1;33mNOTICE[0;m[1;36m OC=BTS(01) INST=(00,ff,ff): Get Attributes Response: feature 'TWTS001' is supported (abis_nm.c:599)[0;m
[1;36mTue Sep 29 23:34:45 2026 [1;33mDNM[0;m[1;36m [1;33mNOTICE[0;m[1;36m OC=BTS(01) INST=(00,ff,ff): Get Attributes Response: feature 'TWTS002' is supported (abis_nm.c:599)[0;m
[1;36mTue Sep 29 23:34:45 2026 [1;33mDNM[0;m[1;36m [1;33mNOTICE[0;m[1;36m OC=BTS(01) INST=(00,ff,ff): ARI reported sw[0/2]: osmobts is 1.10.0-dirty (abis_nm.c:652)[0;m
[1;36mTue Sep 29 23:34:45 2026 [1;33mDNM[0;m[1;36m [1;33mNOTICE[0;m[1;36m OC=BTS(01) INST=(00,ff,ff): Reported variant: osmo-bts-trx (abis_nm.c:534)[0;m
[1;36mTue Sep 29 23:34:45 2026 [1;31mDNM[0;m[1;36m [1;31mERROR[0;m[1;36m OC=RADIO-CARRIER(02) INST=(00,00,ff): Attribute SW Configuration is unreported (abis_nm.c:557)[0;m
[1;36mTue Sep 29 23:34:45 2026 [1;31mDNM[0;m[1;36m [1;31mERROR[0;m[1;36m OC=BASEBAND-TRANSCEIVER(04) INST=(00,00,ff): Attribute Manufacturer Dependent State is unreported (abis_nm.c:557)[0;m
[1;36mTue Sep 29 23:34:45 2026 [1;33mDNM[0;m[1;36m [1;33mNOTICE[0;m[1;36m OC=BASEBAND-TRANSCEIVER(04) INST=(00,00,ff): ARI reported sw[0/1]: TRX_PHY_VERSION is Unknown (abis_nm.c:652)[0;m
[1;35mTue Sep 29 23:34:45 2026 [1;33mDRSL[0;m[1;35m [1;33mNOTICE[0;m[1;35m (bts=0,trx=0) bootstrapping RSL on ARFCN 514 using MCC-MNC 001-01 LAC=1 CID=6001 BSIC=7 (osmo_bsc_main.c:320)[0;m
[1;36mTue Sep 29 23:34:47 2026 [1;33mDNM[0;m[1;36m [1;33mNOTICE[0;m[1;36m OC=BTS(01) INST=(00,ff,ff): Reported connected PCU version 1.5.2 (abis_nm.c:352)[0;m
[1;36mTue Sep 29 23:39:08 2026 [1;31mDNM[0;m[1;36m [1;31mERROR[0;m[1;36m OC=BTS(01) INST=(00,ff,ff): Failure Event Report: [0;m[1;36mType=processing failure, [0;m[1;36mSeverity=critical failure, [0;m[1;36mProbable cause=Manufacturer specific values: [0;m[1;36mProcess stopped, [0;m[1;36mAdditional Text=BTS: SIGINT received -> shutdown. [0;m[1;36m (abis_nm.c:341)[0;m
[38;5;23mTue Sep 29 23:39:08 2026 [1;33mDLINP[0;m[38;5;23m [1;33mNOTICE[0;m[38;5;23m SRVCONN(ts-0-1-oml,r=127.0.0.1:46465<->l=127.0.0.1:3002) connection closed with client (stream_srv.c:770)[0;m
[38;5;23mTue Sep 29 23:39:08 2026 [1;33mDLINP[0;m[38;5;23m [1;33mNOTICE[0;m[38;5;23m E1TS(0:1) failed reading from socket: 0 (ipaccess.c:554)[0;m
[38;5;23mTue Sep 29 23:39:08 2026 [1;33mDLINP[0;m[38;5;23m [1;33mNOTICE[0;m[38;5;23m E1L(0) Signalling link down (bts_ipaccess_nanobts.c:778)[0;m
[38;5;23mTue Sep 29 23:39:08 2026 [1;33mDLINP[0;m[38;5;23m [1;33mNOTICE[0;m[38;5;23m (bts=0) Dropping OML link: link down (bts_ipaccess_nanobts.c:543)[0;m
[38;5;23mTue Sep 29 23:39:08 2026 [1;33mDLINP[0;m[38;5;23m [1;33mNOTICE[0;m[38;5;23m (bts=0,trx=0) Dropping RSL link: OML link drop (bts_ipaccess_nanobts.c:514)[0;m
[38;5;23mTue Sep 29 23:39:08 2026 [1;33mDLINP[0;m[38;5;23m [1;33mNOTICE[0;m[38;5;23m E1L(0) Signalling link down (bts_ipaccess_nanobts.c:778)[0;m
[38;5;23mTue Sep 29 23:39:08 2026 [1;33mDLINP[0;m[38;5;23m [1;33mNOTICE[0;m[38;5;23m E1L(0) Signalling link down for unknown BTS (bts_ipaccess_nanobts.c:791)[0;m
[1;36mTue Sep 29 23:39:08 2026 [1;31mDNM[0;m[1;36m [1;31mERROR[0;m[1;36m OC=BTS(01) INST=(00,ff,ff): Failure Event Report: [0;m[1;36mType=processing failure, [0;m[1;36mSeverity=critical failure, [0;m[1;36mProbable cause=Manufacturer specific values: [0;m[1;36mProcess stopped, [0;m[1;36mAdditional Text=BTS: SIGINT received -> shutdown. [0;m[1;36m (abis_nm.c:341)[0;m
[38;5;23mTue Sep 29 23:39:10 2026 [1;33mDLINP[0;m[38;5;23m [1;33mNOTICE[0;m[38;5;23m SRVCONN(ts-0-1-oml,r=127.0.0.1:41183<->l=127.0.0.1:3002) connection closed with client (stream_srv.c:770)[0;m
[38;5;23mTue Sep 29 23:39:10 2026 [1;33mDLINP[0;m[38;5;23m [1;33mNOTICE[0;m[38;5;23m E1TS(0:1) failed reading from socket: 0 (ipaccess.c:554)[0;m
[38;5;23mTue Sep 29 23:39:10 2026 [1;33mDLINP[0;m[38;5;23m [1;33mNOTICE[0;m[38;5;23m E1L(0) Signalling link down (bts_ipaccess_nanobts.c:778)[0;m
[38;5;23mTue Sep 29 23:39:10 2026 [1;33mDLINP[0;m[38;5;23m [1;33mNOTICE[0;m[38;5;23m (bts=1) Dropping OML link: link down (bts_ipaccess_nanobts.c:543)[0;m
[38;5;23mTue Sep 29 23:39:10 2026 [1;33mDLINP[0;m[38;5;23m [1;33mNOTICE[0;m[38;5;23m (bts=1,trx=0) Dropping RSL link: OML link drop (bts_ipaccess_nanobts.c:514)[0;m
[38;5;23mTue Sep 29 23:39:10 2026 [1;33mDLINP[0;m[38;5;23m [1;33mNOTICE[0;m[38;5;23m E1L(0) Signalling link down (bts_ipaccess_nanobts.c:778)[0;m
[38;5;23mTue Sep 29 23:39:10 2026 [1;33mDLINP[0;m[38;5;23m [1;33mNOTICE[0;m[38;5;23m E1L(0) Signalling link down for unknown BTS (bts_ipaccess_nanobts.c:791)[0;m
[1;36mTue Sep 29 23:39:12 2026 [1;33mDNM[0;m[1;36m [1;33mNOTICE[0;m[1;36m shutting down OML for BTS 0 (bsc_init.c:57)[0;m
[1;36mTue Sep 29 23:39:12 2026 [1;33mDNM[0;m[1;36m [1;33mNOTICE[0;m[1;36m shutting down OML for BTS 1 (bsc_init.c:57)[0;m
[38;5;43mTue Sep 29 23:39:31 2026 [1;33mDLSS7[0;m[38;5;43m [1;33mNOTICE[0;m[38;5;43m 0: ASP(asp-to-stp) Applying Adm State change: ENABLED -> ENABLED (ss7_asp_vty.c:673)[0;m
Tue Sep 29 23:39:31 2026 [1;33mDLGLOBAL[0;m [1;33mNOTICE[0;m Available via telnet 127.0.0.1 4242 (telnet_interface.c:88)
[38;5;23mTue Sep 29 23:39:31 2026 [1;33mDLINP[0;m[38;5;23m [1;33mNOTICE[0;m[38;5;23m E1L(0) enabling ipaccess BSC mode on 0.0.0.0 with OML 3002 and RSL 3003 TCP ports (ipaccess.c:1028)[0;m
[38;5;33mTue Sep 29 23:39:31 2026 [1;33mDLCTRL[0;m[38;5;33m [1;33mNOTICE[0;m[38;5;33m CTRL at 127.0.0.1 4249 (control_if.c:1026)[0;m
[38;5;51mTue Sep 29 23:39:31 2026 [1;33mDLMGCP[0;m[38;5;51m [1;33mNOTICE[0;m[38;5;51m MGW(mgw) MGCP client: using endpoint domain '@mgw' (mgcp_client.c:945)[0;m
[1;36mTue Sep 29 23:39:31 2026 [1;33mDNM[0;m[1;36m [1;33mNOTICE[0;m[1;36m MGW pool with 1 pool members configured, (ignoring MGW configuration in VTY node 'msc'). (osmo_bsc_main.c:869)[0;m
Tue Sep 29 23:39:31 2026 [1;33mDMSC[0;m [1;33mNOTICE[0;m Initializing SCCP connection for A/m3ua on cs7 instance 0 (osmo_bsc_sigtran.c:817)
[38;5;45mTue Sep 29 23:39:31 2026 [1;33mDLSCCP[0;m[38;5;45m [1;33mNOTICE[0;m[38;5;45m A-0-m3ua: Using SS7 instance 0, pc:1.1.3 (sccp_instance.c:655)[0;m
[38;5;45mTue Sep 29 23:39:31 2026 [1;33mDLSCCP[0;m[38;5;45m [1;33mNOTICE[0;m[38;5;45m A-0-m3ua: Using AS instance as-bsc (sccp_instance.c:673)[0;m
[38;5;45mTue Sep 29 23:39:31 2026 [1;33mDLSCCP[0;m[38;5;45m [1;33mNOTICE[0;m[38;5;45m A-0-m3ua: Creating default route (sccp_instance.c:679)[0;m
[38;5;45mTue Sep 29 23:39:31 2026 [1;33mDLSCCP[0;m[38;5;45m [1;33mNOTICE[0;m[38;5;45m A-0-m3ua: Using ASP instance asp-to-stp (sccp_instance.c:784)[0;m
[38;5;43mTue Sep 29 23:39:31 2026 [1;33mDLSS7[0;m[38;5;43m [1;33mNOTICE[0;m[38;5;43m 0: Creating SCCP instance (ss7_instance.c:214)[0;m
Tue Sep 29 23:39:31 2026 [1;33mDMSC[0;m [1;33mNOTICE[0;m (msc=0) A-0-m3ua: local (BSC) SCCP address: RI=SSN_PC,PC=1.1.3,SSN=BSSAP (osmo_bsc_sigtran.c:870)
Tue Sep 29 23:39:31 2026 [1;33mDMSC[0;m [1;33mNOTICE[0;m (msc=0) A-0-m3ua: remote (MSC) SCCP address: RI=SSN_PC,PC=1.1.1,SSN=BSSAP (osmo_bsc_sigtran.c:872)
Tue Sep 29 23:39:31 2026 [1;33mDMSC[0;m [1;33mNOTICE[0;m (msc=0) A-0-m3ua: binding SCCP user (osmo_bsc_sigtran.c:877)
[38;5;45mTue Sep 29 23:39:31 2026 [1;31mDLSCCP[0;m[38;5;45m [1;31mERROR[0;m[38;5;45m 0: SCCP(rctx=0) MTP-TRANSFER.req from SCCP for OPC=2059=1.1.3,DPC=2057=1.1.1,SLS=12: no route! (sccp_scrc.c:177)[0;m
[38;5;45mTue Sep 29 23:39:31 2026 [1;33mDLSCCP[0;m[38;5;45m [1;33mNOTICE[0;m[38;5;45m 0: SCCP(rctx=0) SCRC Routing Failure (MTP failure) for CL message CL:CLDT (sccp_sclc.c:359)[0;m
Tue Sep 29 23:39:31 2026 [1;33mDMSC[0;m [1;33mNOTICE[0;m (msc=0) (calling_addr=RI=2,PC=2057,SSN=254) N-NOTICE.ind cause=5='MTP failure' importance=0 (osmo_bsc_sigtran.c:168)
[38;5;49mTue Sep 29 23:39:33 2026 [1;33mDLM3UA[0;m[38;5;49m [1;33mNOTICE[0;m[38;5;49m 0: ASP(asp-to-stp) Received NOTIFY Type State Change:AS Inactive () (m3ua.c:707)[0;m
[38;5;43mTue Sep 29 23:39:33 2026 [1;33mDLSS7[0;m[38;5;43m [1;33mNOTICE[0;m[38;5;43m 0: RT(dpc=2057=1.1.1,mask=0x3fff=7.255.7,prio=5,via=as-bsc,st=available) changed to status 'available' (ss7_route.c:409)[0;m
Tue Sep 29 23:39:33 2026 [1;33mDMSC[0;m [1;33mNOTICE[0;m (msc=0) now available: N-PCSTATE ind: pc=2057=1.1.1 sp_status=ACCESSIBLE remote_sccp_status=AVAILABLE (osmo_bsc_sigtran.c:319)
[38;5;43mTue Sep 29 23:39:33 2026 [1;33mDLSS7[0;m[38;5;43m [1;33mNOTICE[0;m[38;5;43m xua_default_lm(asp-to-stp)[0x5782300350a0]{ACTIVE}: Ignoring primitive M-ASP_ACTIVE.confirm (xua_default_lm_fsm.c:406)[0;m
[38;5;49mTue Sep 29 23:39:33 2026 [1;33mDLM3UA[0;m[38;5;49m [1;33mNOTICE[0;m[38;5;49m 0: ASP(asp-to-stp) Received NOTIFY Type State Change:AS Active () (m3ua.c:707)[0;m
[38;5;49mTue Sep 29 23:39:33 2026 [1;33mDLM3UA[0;m[38;5;49m [1;33mNOTICE[0;m[38;5;49m 0: ASP(asp-to-stp) Rx DUNA(RFC4666 4.5.1) for 1.1.2/0 (xua_snm.c:501)[0;m
[38;5;43mTue Sep 29 23:39:33 2026 [1;33mDLSS7[0;m[38;5;43m [1;33mNOTICE[0;m[38;5;43m 0: RT(dpc=2058=1.1.2,mask=0x3fff=7.255.7,prio=5,via=as-bsc,st=available) changed to status 'unavailable' (ss7_route.c:409)[0;m
Tue Sep 29 23:39:33 2026 [1;33mDMSC[0;m [1;33mNOTICE[0;m (msc=0) RESET ACK from MSC: RI=SSN_PC,PC=1.1.1,SSN=BSSAP (osmo_bsc_bssap.c:84)
Tue Sep 29 23:39:33 2026 [1;33mDRESET[0;m [1;33mNOTICE[0;m bssmap_reset(msc-0)[0x5782300b23b0]{CONNECTED}: link up (bssmap_reset.c:83)
Tue Sep 29 23:39:33 2026 [1;33mDMSC[0;m [1;33mNOTICE[0;m (msc=0) BSSMAP association is up (a_reset.c:45)
[1;36mTue Sep 29 23:39:41 2026 [1;33mDNM[0;m[1;36m [1;33mNOTICE[0;m[1;36m OC=BTS(01) INST=(00,ff,ff): Get Attributes Response: feature 'GPRS' is supported (abis_nm.c:599)[0;m
[1;36mTue Sep 29 23:39:41 2026 [1;33mDNM[0;m[1;36m [1;33mNOTICE[0;m[1;36m OC=BTS(01) INST=(00,ff,ff): Get Attributes Response: feature 'EGPRS' is supported (abis_nm.c:599)[0;m
[1;36mTue Sep 29 23:39:41 2026 [1;33mDNM[0;m[1;36m [1;33mNOTICE[0;m[1;36m OC=BTS(01) INST=(00,ff,ff): Get Attributes Response: feature 'HOPPING' is supported (abis_nm.c:599)[0;m
[1;36mTue Sep 29 23:39:41 2026 [1;33mDNM[0;m[1;36m [1;33mNOTICE[0;m[1;36m OC=BTS(01) INST=(00,ff,ff): Get Attributes Response: feature 'MULTI_TSC' is supported (abis_nm.c:599)[0;m
[1;36mTue Sep 29 23:39:41 2026 [1;33mDNM[0;m[1;36m [1;33mNOTICE[0;m[1;36m OC=BTS(01) INST=(00,ff,ff): Get Attributes Response: feature 'OML_ALERTS' is supported (abis_nm.c:599)[0;m
[1;36mTue Sep 29 23:39:41 2026 [1;33mDNM[0;m[1;36m [1;33mNOTICE[0;m[1;36m OC=BTS(01) INST=(00,ff,ff): Get Attributes Response: feature 'CBCH' is supported (abis_nm.c:599)[0;m
[1;36mTue Sep 29 23:39:41 2026 [1;33mDNM[0;m[1;36m [1;33mNOTICE[0;m[1;36m OC=BTS(01) INST=(00,ff,ff): Get Attributes Response: feature 'SPEECH_F_V1' is supported (abis_nm.c:599)[0;m
[1;36mTue Sep 29 23:39:41 2026 [1;33mDNM[0;m[1;36m [1;33mNOTICE[0;m[1;36m OC=BTS(01) INST=(00,ff,ff): Get Attributes Response: feature 'SPEECH_H_V1' is supported (abis_nm.c:599)[0;m
[1;36mTue Sep 29 23:39:41 2026 [1;33mDNM[0;m[1;36m [1;33mNOTICE[0;m[1;36m OC=BTS(01) INST=(00,ff,ff): Get Attributes Response: feature 'SPEECH_F_EFR' is supported (abis_nm.c:599)[0;m
[1;36mTue Sep 29 23:39:41 2026 [1;33mDNM[0;m[1;36m [1;33mNOTICE[0;m[1;36m OC=BTS(01) INST=(00,ff,ff): Get Attributes Response: feature 'SPEECH_F_AMR' is supported (abis_nm.c:599)[0;m
[1;36mTue Sep 29 23:39:41 2026 [1;33mDNM[0;m[1;36m [1;33mNOTICE[0;m[1;36m OC=BTS(01) INST=(00,ff,ff): Get Attributes Response: feature 'SPEECH_H_AMR' is supported (abis_nm.c:599)[0;m
[1;36mTue Sep 29 23:39:41 2026 [1;33mDNM[0;m[1;36m [1;33mNOTICE[0;m[1;36m OC=BTS(01) INST=(00,ff,ff): Get Attributes Response: feature 'ETWS_PN' is supported (abis_nm.c:599)[0;m
[1;36mTue Sep 29 23:39:41 2026 [1;33mDNM[0;m[1;36m [1;33mNOTICE[0;m[1;36m OC=BTS(01) INST=(00,ff,ff): Get Attributes Response: feature 'PAGING_COORDINATION' is supported (abis_nm.c:599)[0;m
[1;36mTue Sep 29 23:39:41 2026 [1;33mDNM[0;m[1;36m [1;33mNOTICE[0;m[1;36m OC=BTS(01) INST=(00,ff,ff): Get Attributes Response: feature 'IPV6_NSVC' is supported (abis_nm.c:599)[0;m
[1;36mTue Sep 29 23:39:41 2026 [1;33mDNM[0;m[1;36m [1;33mNOTICE[0;m[1;36m OC=BTS(01) INST=(00,ff,ff): Get Attributes Response: feature 'ACCH_REP' is supported (abis_nm.c:599)[0;m
[1;36mTue Sep 29 23:39:41 2026 [1;33mDNM[0;m[1;36m [1;33mNOTICE[0;m[1;36m OC=BTS(01) INST=(00,ff,ff): Get Attributes Response: feature 'CCN' is supported (abis_nm.c:599)[0;m
[1;36mTue Sep 29 23:39:41 2026 [1;33mDNM[0;m[1;36m [1;33mNOTICE[0;m[1;36m OC=BTS(01) INST=(00,ff,ff): Get Attributes Response: feature 'VAMOS' is supported (abis_nm.c:599)[0;m
[1;36mTue Sep 29 23:39:41 2026 [1;33mDNM[0;m[1;36m [1;33mNOTICE[0;m[1;36m OC=BTS(01) INST=(00,ff,ff): Get Attributes Response: feature 'ABIS_OSMO_PCU' is supported (abis_nm.c:599)[0;m
[1;36mTue Sep 29 23:39:41 2026 [1;33mDNM[0;m[1;36m [1;33mNOTICE[0;m[1;36m OC=BTS(01) INST=(00,ff,ff): Get Attributes Response: feature 'BCCH_PWR_RED' is supported (abis_nm.c:599)[0;m
[1;36mTue Sep 29 23:39:41 2026 [1;33mDNM[0;m[1;36m [1;33mNOTICE[0;m[1;36m OC=BTS(01) INST=(00,ff,ff): Get Attributes Response: feature 'DYN_TS_SDCCH8' is supported (abis_nm.c:599)[0;m
[1;36mTue Sep 29 23:39:41 2026 [1;33mDNM[0;m[1;36m [1;33mNOTICE[0;m[1;36m OC=BTS(01) INST=(00,ff,ff): Get Attributes Response: feature 'ACCH_TEMP_OVP' is supported (abis_nm.c:599)[0;m
[1;36mTue Sep 29 23:39:41 2026 [1;33mDNM[0;m[1;36m [1;33mNOTICE[0;m[1;36m OC=BTS(01) INST=(00,ff,ff): Get Attributes Response: feature 'VBS' is supported (abis_nm.c:599)[0;m
[1;36mTue Sep 29 23:39:41 2026 [1;33mDNM[0;m[1;36m [1;33mNOTICE[0;m[1;36m OC=BTS(01) INST=(00,ff,ff): Get Attributes Response: feature 'VGCS' is supported (abis_nm.c:599)[0;m
[1;36mTue Sep 29 23:39:41 2026 [1;33mDNM[0;m[1;36m [1;33mNOTICE[0;m[1;36m OC=BTS(01) INST=(00,ff,ff): Get Attributes Response: feature 'TWTS001' is supported (abis_nm.c:599)[0;m
[1;36mTue Sep 29 23:39:41 2026 [1;33mDNM[0;m[1;36m [1;33mNOTICE[0;m[1;36m OC=BTS(01) INST=(00,ff,ff): Get Attributes Response: feature 'TWTS002' is supported (abis_nm.c:599)[0;m
[1;36mTue Sep 29 23:39:41 2026 [1;33mDNM[0;m[1;36m [1;33mNOTICE[0;m[1;36m OC=BTS(01) INST=(00,ff,ff): ARI reported sw[0/2]: osmobts is 1.10.0-dirty (abis_nm.c:652)[0;m
[1;36mTue Sep 29 23:39:41 2026 [1;33mDNM[0;m[1;36m [1;33mNOTICE[0;m[1;36m OC=BTS(01) INST=(00,ff,ff): Reported variant: osmo-bts-trx (abis_nm.c:534)[0;m
[1;36mTue Sep 29 23:39:41 2026 [1;31mDNM[0;m[1;36m [1;31mERROR[0;m[1;36m OC=RADIO-CARRIER(02) INST=(00,00,ff): Attribute SW Configuration is unreported (abis_nm.c:557)[0;m
[1;36mTue Sep 29 23:39:41 2026 [1;31mDNM[0;m[1;36m [1;31mERROR[0;m[1;36m OC=BASEBAND-TRANSCEIVER(04) INST=(00,00,ff): Attribute Manufacturer Dependent State is unreported (abis_nm.c:557)[0;m
[1;36mTue Sep 29 23:39:41 2026 [1;33mDNM[0;m[1;36m [1;33mNOTICE[0;m[1;36m OC=BASEBAND-TRANSCEIVER(04) INST=(00,00,ff): ARI reported sw[0/1]: TRX_PHY_VERSION is Unknown (abis_nm.c:652)[0;m
[1;35mTue Sep 29 23:39:41 2026 [1;33mDRSL[0;m[1;35m [1;33mNOTICE[0;m[1;35m (bts=1,trx=0) bootstrapping RSL on ARFCN 614 using MCC-MNC 001-01 LAC=1 CID=6012 BSIC=8 (osmo_bsc_main.c:320)[0;m
[1;36mTue Sep 29 23:39:47 2026 [1;31mDNM[0;m[1;36m [1;31mERROR[0;m[1;36m OC=BTS(01) INST=(00,ff,ff): Failure Event Report: [0;m[1;36mType=processing failure, [0;m[1;36mSeverity=critical failure, [0;m[1;36mProbable cause=Manufacturer specific values: [0;m[1;36mProcess stopped, [0;m[1;36mAdditional Text=BTS: SIGINT received -> shutdown. [0;m[1;36m (abis_nm.c:341)[0;m
[38;5;23mTue Sep 29 23:41:58 2026 [1;33mDLINP[0;m[38;5;23m [1;33mNOTICE[0;m[38;5;23m SRVCONN(ts-0-1-oml,r=127.0.0.1:33463<->l=127.0.0.1:3002) connection closed with client (stream_srv.c:770)[0;m
[38;5;23mTue Sep 29 23:41:58 2026 [1;33mDLINP[0;m[38;5;23m [1;33mNOTICE[0;m[38;5;23m E1TS(0:1) failed reading from socket: 0 (ipaccess.c:554)[0;m
[38;5;23mTue Sep 29 23:41:58 2026 [1;33mDLINP[0;m[38;5;23m [1;33mNOTICE[0;m[38;5;23m E1L(0) Signalling link down (bts_ipaccess_nanobts.c:778)[0;m
[38;5;23mTue Sep 29 23:41:58 2026 [1;33mDLINP[0;m[38;5;23m [1;33mNOTICE[0;m[38;5;23m (bts=1) Dropping OML link: link down (bts_ipaccess_nanobts.c:543)[0;m
[38;5;23mTue Sep 29 23:41:58 2026 [1;33mDLINP[0;m[38;5;23m [1;33mNOTICE[0;m[38;5;23m (bts=1,trx=0) Dropping RSL link: OML link drop (bts_ipaccess_nanobts.c:514)[0;m
[38;5;23mTue Sep 29 23:41:58 2026 [1;33mDLINP[0;m[38;5;23m [1;33mNOTICE[0;m[38;5;23m E1L(0) Signalling link down (bts_ipaccess_nanobts.c:778)[0;m
[38;5;23mTue Sep 29 23:41:58 2026 [1;33mDLINP[0;m[38;5;23m [1;33mNOTICE[0;m[38;5;23m E1L(0) Signalling link down for unknown BTS (bts_ipaccess_nanobts.c:791)[0;m
[1;36mTue Sep 29 23:41:59 2026 [1;33mDNM[0;m[1;36m [1;33mNOTICE[0;m[1;36m shutting down OML for BTS 0 (bsc_init.c:57)[0;m
[1;36mTue Sep 29 23:41:59 2026 [1;33mDNM[0;m[1;36m [1;33mNOTICE[0;m[1;36m shutting down OML for BTS 1 (bsc_init.c:57)[0;m
[38;5;43mTue Sep 29 23:42:18 2026 [1;33mDLSS7[0;m[38;5;43m [1;33mNOTICE[0;m[38;5;43m 0: ASP(asp-to-stp) Applying Adm State change: ENABLED -> ENABLED (ss7_asp_vty.c:673)[0;m
Tue Sep 29 23:42:18 2026 [1;33mDLGLOBAL[0;m [1;33mNOTICE[0;m Available via telnet 127.0.0.1 4242 (telnet_interface.c:88)
[38;5;23mTue Sep 29 23:42:18 2026 [1;33mDLINP[0;m[38;5;23m [1;33mNOTICE[0;m[38;5;23m E1L(0) enabling ipaccess BSC mode on 0.0.0.0 with OML 3002 and RSL 3003 TCP ports (ipaccess.c:1028)[0;m
[38;5;33mTue Sep 29 23:42:18 2026 [1;33mDLCTRL[0;m[38;5;33m [1;33mNOTICE[0;m[38;5;33m CTRL at 127.0.0.1 4249 (control_if.c:1026)[0;m
[38;5;51mTue Sep 29 23:42:18 2026 [1;33mDLMGCP[0;m[38;5;51m [1;33mNOTICE[0;m[38;5;51m MGW(mgw) MGCP client: using endpoint domain '@mgw' (mgcp_client.c:945)[0;m
[1;36mTue Sep 29 23:42:18 2026 [1;33mDNM[0;m[1;36m [1;33mNOTICE[0;m[1;36m MGW pool with 1 pool members configured, (ignoring MGW configuration in VTY node 'msc'). (osmo_bsc_main.c:869)[0;m
Tue Sep 29 23:42:18 2026 [1;33mDMSC[0;m [1;33mNOTICE[0;m Initializing SCCP connection for A/m3ua on cs7 instance 0 (osmo_bsc_sigtran.c:817)
[38;5;45mTue Sep 29 23:42:18 2026 [1;33mDLSCCP[0;m[38;5;45m [1;33mNOTICE[0;m[38;5;45m A-0-m3ua: Using SS7 instance 0, pc:1.1.3 (sccp_instance.c:655)[0;m
[38;5;45mTue Sep 29 23:42:18 2026 [1;33mDLSCCP[0;m[38;5;45m [1;33mNOTICE[0;m[38;5;45m A-0-m3ua: Using AS instance as-bsc (sccp_instance.c:673)[0;m
[38;5;45mTue Sep 29 23:42:18 2026 [1;33mDLSCCP[0;m[38;5;45m [1;33mNOTICE[0;m[38;5;45m A-0-m3ua: Creating default route (sccp_instance.c:679)[0;m
[38;5;45mTue Sep 29 23:42:18 2026 [1;33mDLSCCP[0;m[38;5;45m [1;33mNOTICE[0;m[38;5;45m A-0-m3ua: Using ASP instance asp-to-stp (sccp_instance.c:784)[0;m
[38;5;43mTue Sep 29 23:42:18 2026 [1;33mDLSS7[0;m[38;5;43m [1;33mNOTICE[0;m[38;5;43m 0: Creating SCCP instance (ss7_instance.c:214)[0;m
Tue Sep 29 23:42:18 2026 [1;33mDMSC[0;m [1;33mNOTICE[0;m (msc=0) A-0-m3ua: local (BSC) SCCP address: RI=SSN_PC,PC=1.1.3,SSN=BSSAP (osmo_bsc_sigtran.c:870)
Tue Sep 29 23:42:18 2026 [1;33mDMSC[0;m [1;33mNOTICE[0;m (msc=0) A-0-m3ua: remote (MSC) SCCP address: RI=SSN_PC,PC=1.1.1,SSN=BSSAP (osmo_bsc_sigtran.c:872)
Tue Sep 29 23:42:18 2026 [1;33mDMSC[0;m [1;33mNOTICE[0;m (msc=0) A-0-m3ua: binding SCCP user (osmo_bsc_sigtran.c:877)
[38;5;45mTue Sep 29 23:42:18 2026 [1;31mDLSCCP[0;m[38;5;45m [1;31mERROR[0;m[38;5;45m 0: SCCP(rctx=0) MTP-TRANSFER.req from SCCP for OPC=2059=1.1.3,DPC=2057=1.1.1,SLS=10: no route! (sccp_scrc.c:177)[0;m
[38;5;45mTue Sep 29 23:42:18 2026 [1;33mDLSCCP[0;m[38;5;45m [1;33mNOTICE[0;m[38;5;45m 0: SCCP(rctx=0) SCRC Routing Failure (MTP failure) for CL message CL:CLDT (sccp_sclc.c:359)[0;m
Tue Sep 29 23:42:18 2026 [1;33mDMSC[0;m [1;33mNOTICE[0;m (msc=0) (calling_addr=RI=2,PC=2057,SSN=254) N-NOTICE.ind cause=5='MTP failure' importance=0 (osmo_bsc_sigtran.c:168)
[38;5;49mTue Sep 29 23:42:20 2026 [1;33mDLM3UA[0;m[38;5;49m [1;33mNOTICE[0;m[38;5;49m 0: ASP(asp-to-stp) Received NOTIFY Type State Change:AS Inactive () (m3ua.c:707)[0;m
[38;5;43mTue Sep 29 23:42:20 2026 [1;33mDLSS7[0;m[38;5;43m [1;33mNOTICE[0;m[38;5;43m 0: RT(dpc=2057=1.1.1,mask=0x3fff=7.255.7,prio=5,via=as-bsc,st=available) changed to status 'available' (ss7_route.c:409)[0;m
Tue Sep 29 23:42:20 2026 [1;33mDMSC[0;m [1;33mNOTICE[0;m (msc=0) now available: N-PCSTATE ind: pc=2057=1.1.1 sp_status=ACCESSIBLE remote_sccp_status=AVAILABLE (osmo_bsc_sigtran.c:319)
[38;5;43mTue Sep 29 23:42:20 2026 [1;33mDLSS7[0;m[38;5;43m [1;33mNOTICE[0;m[38;5;43m xua_default_lm(asp-to-stp)[0x633a9f59b0a0]{ACTIVE}: Ignoring primitive M-ASP_ACTIVE.confirm (xua_default_lm_fsm.c:406)[0;m
[38;5;49mTue Sep 29 23:42:20 2026 [1;33mDLM3UA[0;m[38;5;49m [1;33mNOTICE[0;m[38;5;49m 0: ASP(asp-to-stp) Received NOTIFY Type State Change:AS Active () (m3ua.c:707)[0;m
[38;5;49mTue Sep 29 23:42:20 2026 [1;33mDLM3UA[0;m[38;5;49m [1;33mNOTICE[0;m[38;5;49m 0: ASP(asp-to-stp) Rx DUNA(RFC4666 4.5.1) for 1.1.2/0 (xua_snm.c:501)[0;m
[38;5;43mTue Sep 29 23:42:20 2026 [1;33mDLSS7[0;m[38;5;43m [1;33mNOTICE[0;m[38;5;43m 0: RT(dpc=2058=1.1.2,mask=0x3fff=7.255.7,prio=5,via=as-bsc,st=available) changed to status 'unavailable' (ss7_route.c:409)[0;m
Tue Sep 29 23:42:20 2026 [1;33mDMSC[0;m [1;33mNOTICE[0;m (msc=0) RESET ACK from MSC: RI=SSN_PC,PC=1.1.1,SSN=BSSAP (osmo_bsc_bssap.c:84)
Tue Sep 29 23:42:20 2026 [1;33mDRESET[0;m [1;33mNOTICE[0;m bssmap_reset(msc-0)[0x633a9f6183b0]{CONNECTED}: link up (bssmap_reset.c:83)
Tue Sep 29 23:42:20 2026 [1;33mDMSC[0;m [1;33mNOTICE[0;m (msc=0) BSSMAP association is up (a_reset.c:45)
[1;36mTue Sep 29 23:42:29 2026 [1;33mDNM[0;m[1;36m [1;33mNOTICE[0;m[1;36m OC=BTS(01) INST=(00,ff,ff): Get Attributes Response: feature 'GPRS' is supported (abis_nm.c:599)[0;m
[1;36mTue Sep 29 23:42:29 2026 [1;33mDNM[0;m[1;36m [1;33mNOTICE[0;m[1;36m OC=BTS(01) INST=(00,ff,ff): Get Attributes Response: feature 'EGPRS' is supported (abis_nm.c:599)[0;m
[1;36mTue Sep 29 23:42:29 2026 [1;33mDNM[0;m[1;36m [1;33mNOTICE[0;m[1;36m OC=BTS(01) INST=(00,ff,ff): Get Attributes Response: feature 'HOPPING' is supported (abis_nm.c:599)[0;m
[1;36mTue Sep 29 23:42:29 2026 [1;33mDNM[0;m[1;36m [1;33mNOTICE[0;m[1;36m OC=BTS(01) INST=(00,ff,ff): Get Attributes Response: feature 'MULTI_TSC' is supported (abis_nm.c:599)[0;m
[1;36mTue Sep 29 23:42:29 2026 [1;33mDNM[0;m[1;36m [1;33mNOTICE[0;m[1;36m OC=BTS(01) INST=(00,ff,ff): Get Attributes Response: feature 'OML_ALERTS' is supported (abis_nm.c:599)[0;m
[1;36mTue Sep 29 23:42:29 2026 [1;33mDNM[0;m[1;36m [1;33mNOTICE[0;m[1;36m OC=BTS(01) INST=(00,ff,ff): Get Attributes Response: feature 'CBCH' is supported (abis_nm.c:599)[0;m
[1;36mTue Sep 29 23:42:29 2026 [1;33mDNM[0;m[1;36m [1;33mNOTICE[0;m[1;36m OC=BTS(01) INST=(00,ff,ff): Get Attributes Response: feature 'SPEECH_F_V1' is supported (abis_nm.c:599)[0;m
[1;36mTue Sep 29 23:42:29 2026 [1;33mDNM[0;m[1;36m [1;33mNOTICE[0;m[1;36m OC=BTS(01) INST=(00,ff,ff): Get Attributes Response: feature 'SPEECH_H_V1' is supported (abis_nm.c:599)[0;m
[1;36mTue Sep 29 23:42:29 2026 [1;33mDNM[0;m[1;36m [1;33mNOTICE[0;m[1;36m OC=BTS(01) INST=(00,ff,ff): Get Attributes Response: feature 'SPEECH_F_EFR' is supported (abis_nm.c:599)[0;m
[1;36mTue Sep 29 23:42:29 2026 [1;33mDNM[0;m[1;36m [1;33mNOTICE[0;m[1;36m OC=BTS(01) INST=(00,ff,ff): Get Attributes Response: feature 'SPEECH_F_AMR' is supported (abis_nm.c:599)[0;m
[1;36mTue Sep 29 23:42:29 2026 [1;33mDNM[0;m[1;36m [1;33mNOTICE[0;m[1;36m OC=BTS(01) INST=(00,ff,ff): Get Attributes Response: feature 'SPEECH_H_AMR' is supported (abis_nm.c:599)[0;m
[1;36mTue Sep 29 23:42:29 2026 [1;33mDNM[0;m[1;36m [1;33mNOTICE[0;m[1;36m OC=BTS(01) INST=(00,ff,ff): Get Attributes Response: feature 'ETWS_PN' is supported (abis_nm.c:599)[0;m
[1;36mTue Sep 29 23:42:29 2026 [1;33mDNM[0;m[1;36m [1;33mNOTICE[0;m[1;36m OC=BTS(01) INST=(00,ff,ff): Get Attributes Response: feature 'PAGING_COORDINATION' is supported (abis_nm.c:599)[0;m
[1;36mTue Sep 29 23:42:29 2026 [1;33mDNM[0;m[1;36m [1;33mNOTICE[0;m[1;36m OC=BTS(01) INST=(00,ff,ff): Get Attributes Response: feature 'IPV6_NSVC' is supported (abis_nm.c:599)[0;m
[1;36mTue Sep 29 23:42:29 2026 [1;33mDNM[0;m[1;36m [1;33mNOTICE[0;m[1;36m OC=BTS(01) INST=(00,ff,ff): Get Attributes Response: feature 'ACCH_REP' is supported (abis_nm.c:599)[0;m
[1;36mTue Sep 29 23:42:29 2026 [1;33mDNM[0;m[1;36m [1;33mNOTICE[0;m[1;36m OC=BTS(01) INST=(00,ff,ff): Get Attributes Response: feature 'CCN' is supported (abis_nm.c:599)[0;m
[1;36mTue Sep 29 23:42:29 2026 [1;33mDNM[0;m[1;36m [1;33mNOTICE[0;m[1;36m OC=BTS(01) INST=(00,ff,ff): Get Attributes Response: feature 'VAMOS' is supported (abis_nm.c:599)[0;m
[1;36mTue Sep 29 23:42:29 2026 [1;33mDNM[0;m[1;36m [1;33mNOTICE[0;m[1;36m OC=BTS(01) INST=(00,ff,ff): Get Attributes Response: feature 'ABIS_OSMO_PCU' is supported (abis_nm.c:599)[0;m
[1;36mTue Sep 29 23:42:29 2026 [1;33mDNM[0;m[1;36m [1;33mNOTICE[0;m[1;36m OC=BTS(01) INST=(00,ff,ff): Get Attributes Response: feature 'BCCH_PWR_RED' is supported (abis_nm.c:599)[0;m
[1;36mTue Sep 29 23:42:29 2026 [1;33mDNM[0;m[1;36m [1;33mNOTICE[0;m[1;36m OC=BTS(01) INST=(00,ff,ff): Get Attributes Response: feature 'DYN_TS_SDCCH8' is supported (abis_nm.c:599)[0;m
[1;36mTue Sep 29 23:42:29 2026 [1;33mDNM[0;m[1;36m [1;33mNOTICE[0;m[1;36m OC=BTS(01) INST=(00,ff,ff): Get Attributes Response: feature 'ACCH_TEMP_OVP' is supported (abis_nm.c:599)[0;m
[1;36mTue Sep 29 23:42:29 2026 [1;33mDNM[0;m[1;36m [1;33mNOTICE[0;m[1;36m OC=BTS(01) INST=(00,ff,ff): Get Attributes Response: feature 'VBS' is supported (abis_nm.c:599)[0;m
[1;36mTue Sep 29 23:42:29 2026 [1;33mDNM[0;m[1;36m [1;33mNOTICE[0;m[1;36m OC=BTS(01) INST=(00,ff,ff): Get Attributes Response: feature 'VGCS' is supported (abis_nm.c:599)[0;m
[1;36mTue Sep 29 23:42:29 2026 [1;33mDNM[0;m[1;36m [1;33mNOTICE[0;m[1;36m OC=BTS(01) INST=(00,ff,ff): Get Attributes Response: feature 'TWTS001' is supported (abis_nm.c:599)[0;m
[1;36mTue Sep 29 23:42:29 2026 [1;33mDNM[0;m[1;36m [1;33mNOTICE[0;m[1;36m OC=BTS(01) INST=(00,ff,ff): Get Attributes Response: feature 'TWTS002' is supported (abis_nm.c:599)[0;m
[1;36mTue Sep 29 23:42:29 2026 [1;33mDNM[0;m[1;36m [1;33mNOTICE[0;m[1;36m OC=BTS(01) INST=(00,ff,ff): ARI reported sw[0/2]: osmobts is 1.10.0-dirty (abis_nm.c:652)[0;m
[1;36mTue Sep 29 23:42:29 2026 [1;33mDNM[0;m[1;36m [1;33mNOTICE[0;m[1;36m OC=BTS(01) INST=(00,ff,ff): Reported variant: osmo-bts-trx (abis_nm.c:534)[0;m
[1;36mTue Sep 29 23:42:29 2026 [1;31mDNM[0;m[1;36m [1;31mERROR[0;m[1;36m OC=RADIO-CARRIER(02) INST=(00,00,ff): Attribute SW Configuration is unreported (abis_nm.c:557)[0;m
[1;36mTue Sep 29 23:42:29 2026 [1;31mDNM[0;m[1;36m [1;31mERROR[0;m[1;36m OC=BASEBAND-TRANSCEIVER(04) INST=(00,00,ff): Attribute Manufacturer Dependent State is unreported (abis_nm.c:557)[0;m
[1;36mTue Sep 29 23:42:29 2026 [1;33mDNM[0;m[1;36m [1;33mNOTICE[0;m[1;36m OC=BASEBAND-TRANSCEIVER(04) INST=(00,00,ff): ARI reported sw[0/1]: TRX_PHY_VERSION is Unknown (abis_nm.c:652)[0;m
[1;35mTue Sep 29 23:42:29 2026 [1;33mDRSL[0;m[1;35m [1;33mNOTICE[0;m[1;35m (bts=1,trx=0) bootstrapping RSL on ARFCN 614 using MCC-MNC 001-01 LAC=1 CID=6012 BSIC=8 (osmo_bsc_main.c:320)[0;m
[1;36mTue Sep 29 23:42:37 2026 [1;31mDNM[0;m[1;36m [1;31mERROR[0;m[1;36m OC=GPRS-CELL(f1) INST=(00,00,ff): Attribute SW Configuration is unreported (abis_nm.c:557)[0;m
[1;36mTue Sep 29 23:42:37 2026 [1;33mDNM[0;m[1;36m [1;33mNOTICE[0;m[1;36m OC=BTS(01) INST=(00,ff,ff): Get Attributes Response: feature 'GPRS' is supported (abis_nm.c:599)[0;m
[1;36mTue Sep 29 23:42:37 2026 [1;33mDNM[0;m[1;36m [1;33mNOTICE[0;m[1;36m OC=BTS(01) INST=(00,ff,ff): Get Attributes Response: feature 'EGPRS' is supported (abis_nm.c:599)[0;m
[1;36mTue Sep 29 23:42:37 2026 [1;33mDNM[0;m[1;36m [1;33mNOTICE[0;m[1;36m OC=BTS(01) INST=(00,ff,ff): Get Attributes Response: feature 'HOPPING' is supported (abis_nm.c:599)[0;m
[1;36mTue Sep 29 23:42:37 2026 [1;33mDNM[0;m[1;36m [1;33mNOTICE[0;m[1;36m OC=BTS(01) INST=(00,ff,ff): Get Attributes Response: feature 'MULTI_TSC' is supported (abis_nm.c:599)[0;m
[1;36mTue Sep 29 23:42:37 2026 [1;33mDNM[0;m[1;36m [1;33mNOTICE[0;m[1;36m OC=BTS(01) INST=(00,ff,ff): Get Attributes Response: feature 'OML_ALERTS' is supported (abis_nm.c:599)[0;m
[1;36mTue Sep 29 23:42:37 2026 [1;33mDNM[0;m[1;36m [1;33mNOTICE[0;m[1;36m OC=BTS(01) INST=(00,ff,ff): Get Attributes Response: feature 'CBCH' is supported (abis_nm.c:599)[0;m
[1;36mTue Sep 29 23:42:37 2026 [1;33mDNM[0;m[1;36m [1;33mNOTICE[0;m[1;36m OC=BTS(01) INST=(00,ff,ff): Get Attributes Response: feature 'SPEECH_F_V1' is supported (abis_nm.c:599)[0;m
[1;36mTue Sep 29 23:42:37 2026 [1;33mDNM[0;m[1;36m [1;33mNOTICE[0;m[1;36m OC=BTS(01) INST=(00,ff,ff): Get Attributes Response: feature 'SPEECH_H_V1' is supported (abis_nm.c:599)[0;m
[1;36mTue Sep 29 23:42:37 2026 [1;33mDNM[0;m[1;36m [1;33mNOTICE[0;m[1;36m OC=BTS(01) INST=(00,ff,ff): Get Attributes Response: feature 'SPEECH_F_EFR' is supported (abis_nm.c:599)[0;m
[1;36mTue Sep 29 23:42:37 2026 [1;33mDNM[0;m[1;36m [1;33mNOTICE[0;m[1;36m OC=BTS(01) INST=(00,ff,ff): Get Attributes Response: feature 'SPEECH_F_AMR' is supported (abis_nm.c:599)[0;m
[1;36mTue Sep 29 23:42:37 2026 [1;33mDNM[0;m[1;36m [1;33mNOTICE[0;m[1;36m OC=BTS(01) INST=(00,ff,ff): Get Attributes Response: feature 'SPEECH_H_AMR' is supported (abis_nm.c:599)[0;m
[1;36mTue Sep 29 23:42:37 2026 [1;33mDNM[0;m[1;36m [1;33mNOTICE[0;m[1;36m OC=BTS(01) INST=(00,ff,ff): Get Attributes Response: feature 'ETWS_PN' is supported (abis_nm.c:599)[0;m
[1;36mTue Sep 29 23:42:37 2026 [1;33mDNM[0;m[1;36m [1;33mNOTICE[0;m[1;36m OC=BTS(01) INST=(00,ff,ff): Get Attributes Response: feature 'PAGING_COORDINATION' is supported (abis_nm.c:599)[0;m
[1;36mTue Sep 29 23:42:37 2026 [1;33mDNM[0;m[1;36m [1;33mNOTICE[0;m[1;36m OC=BTS(01) INST=(00,ff,ff): Get Attributes Response: feature 'IPV6_NSVC' is supported (abis_nm.c:599)[0;m
[1;36mTue Sep 29 23:42:37 2026 [1;33mDNM[0;m[1;36m [1;33mNOTICE[0;m[1;36m OC=BTS(01) INST=(00,ff,ff): Get Attributes Response: feature 'ACCH_REP' is supported (abis_nm.c:599)[0;m
[1;36mTue Sep 29 23:42:37 2026 [1;33mDNM[0;m[1;36m [1;33mNOTICE[0;m[1;36m OC=BTS(01) INST=(00,ff,ff): Get Attributes Response: feature 'CCN' is supported (abis_nm.c:599)[0;m
[1;36mTue Sep 29 23:42:37 2026 [1;33mDNM[0;m[1;36m [1;33mNOTICE[0;m[1;36m OC=BTS(01) INST=(00,ff,ff): Get Attributes Response: feature 'VAMOS' is supported (abis_nm.c:599)[0;m
[1;36mTue Sep 29 23:42:37 2026 [1;33mDNM[0;m[1;36m [1;33mNOTICE[0;m[1;36m OC=BTS(01) INST=(00,ff,ff): Get Attributes Response: feature 'ABIS_OSMO_PCU' is supported (abis_nm.c:599)[0;m
[1;36mTue Sep 29 23:42:37 2026 [1;33mDNM[0;m[1;36m [1;33mNOTICE[0;m[1;36m OC=BTS(01) INST=(00,ff,ff): Get Attributes Response: feature 'BCCH_PWR_RED' is supported (abis_nm.c:599)[0;m
[1;36mTue Sep 29 23:42:37 2026 [1;33mDNM[0;m[1;36m [1;33mNOTICE[0;m[1;36m OC=BTS(01) INST=(00,ff,ff): Get Attributes Response: feature 'DYN_TS_SDCCH8' is supported (abis_nm.c:599)[0;m
[1;36mTue Sep 29 23:42:37 2026 [1;33mDNM[0;m[1;36m [1;33mNOTICE[0;m[1;36m OC=BTS(01) INST=(00,ff,ff): Get Attributes Response: feature 'ACCH_TEMP_OVP' is supported (abis_nm.c:599)[0;m
[1;36mTue Sep 29 23:42:37 2026 [1;33mDNM[0;m[1;36m [1;33mNOTICE[0;m[1;36m OC=BTS(01) INST=(00,ff,ff): Get Attributes Response: feature 'VBS' is supported (abis_nm.c:599)[0;m
[1;36mTue Sep 29 23:42:37 2026 [1;33mDNM[0;m[1;36m [1;33mNOTICE[0;m[1;36m OC=BTS(01) INST=(00,ff,ff): Get Attributes Response: feature 'VGCS' is supported (abis_nm.c:599)[0;m
[1;36mTue Sep 29 23:42:37 2026 [1;33mDNM[0;m[1;36m [1;33mNOTICE[0;m[1;36m OC=BTS(01) INST=(00,ff,ff): Get Attributes Response: feature 'TWTS001' is supported (abis_nm.c:599)[0;m
[1;36mTue Sep 29 23:42:37 2026 [1;33mDNM[0;m[1;36m [1;33mNOTICE[0;m[1;36m OC=BTS(01) INST=(00,ff,ff): Get Attributes Response: feature 'TWTS002' is supported (abis_nm.c:599)[0;m
[1;36mTue Sep 29 23:42:37 2026 [1;33mDNM[0;m[1;36m [1;33mNOTICE[0;m[1;36m OC=BTS(01) INST=(00,ff,ff): ARI reported sw[0/2]: osmobts is 1.10.0-dirty (abis_nm.c:652)[0;m
[1;36mTue Sep 29 23:42:37 2026 [1;33mDNM[0;m[1;36m [1;33mNOTICE[0;m[1;36m OC=BTS(01) INST=(00,ff,ff): Reported variant: osmo-bts-trx (abis_nm.c:534)[0;m
[1;36mTue Sep 29 23:42:37 2026 [1;31mDNM[0;m[1;36m [1;31mERROR[0;m[1;36m OC=RADIO-CARRIER(02) INST=(00,00,ff): Attribute SW Configuration is unreported (abis_nm.c:557)[0;m
[1;36mTue Sep 29 23:42:37 2026 [1;31mDNM[0;m[1;36m [1;31mERROR[0;m[1;36m OC=BASEBAND-TRANSCEIVER(04) INST=(00,00,ff): Attribute Manufacturer Dependent State is unreported (abis_nm.c:557)[0;m
[1;36mTue Sep 29 23:42:37 2026 [1;33mDNM[0;m[1;36m [1;33mNOTICE[0;m[1;36m OC=BASEBAND-TRANSCEIVER(04) INST=(00,00,ff): ARI reported sw[0/1]: TRX_PHY_VERSION is Unknown (abis_nm.c:652)[0;m
[1;35mTue Sep 29 23:42:37 2026 [1;33mDRSL[0;m[1;35m [1;33mNOTICE[0;m[1;35m (bts=0,trx=0) bootstrapping RSL on ARFCN 514 using MCC-MNC 001-01 LAC=1 CID=6001 BSIC=7 (osmo_bsc_main.c:320)[0;m
[1;36mTue Sep 29 23:42:39 2026 [1;33mDNM[0;m[1;36m [1;33mNOTICE[0;m[1;36m OC=BTS(01) INST=(00,ff,ff): Reported connected PCU version 1.5.2 (abis_nm.c:352)[0;m
[1;36mTue Sep 29 23:49:58 2026 [1;31mDNM[0;m[1;36m [1;31mERROR[0;m[1;36m OC=BTS(01) INST=(00,ff,ff): Failure Event Report: [0;m[1;36mType=processing failure, [0;m[1;36mSeverity=critical failure, [0;m[1;36mProbable cause=Manufacturer specific values: [0;m[1;36mProcess stopped, [0;m[1;36mAdditional Text=BTS: SIGINT received -> shutdown. [0;m[1;36m (abis_nm.c:341)[0;m
[38;5;23mTue Sep 29 23:49:58 2026 [1;33mDLINP[0;m[38;5;23m [1;33mNOTICE[0;m[38;5;23m SRVCONN(ts-0-1-oml,r=127.0.0.1:39359<->l=127.0.0.1:3002) connection closed with client (stream_srv.c:770)[0;m
[38;5;23mTue Sep 29 23:49:58 2026 [1;33mDLINP[0;m[38;5;23m [1;33mNOTICE[0;m[38;5;23m E1TS(0:1) failed reading from socket: 0 (ipaccess.c:554)[0;m
[38;5;23mTue Sep 29 23:49:58 2026 [1;33mDLINP[0;m[38;5;23m [1;33mNOTICE[0;m[38;5;23m E1L(0) Signalling link down (bts_ipaccess_nanobts.c:778)[0;m
[38;5;23mTue Sep 29 23:49:58 2026 [1;33mDLINP[0;m[38;5;23m [1;33mNOTICE[0;m[38;5;23m (bts=0) Dropping OML link: link down (bts_ipaccess_nanobts.c:543)[0;m
[38;5;23mTue Sep 29 23:49:58 2026 [1;33mDLINP[0;m[38;5;23m [1;33mNOTICE[0;m[38;5;23m (bts=0,trx=0) Dropping RSL link: OML link drop (bts_ipaccess_nanobts.c:514)[0;m
[38;5;23mTue Sep 29 23:49:58 2026 [1;33mDLINP[0;m[38;5;23m [1;33mNOTICE[0;m[38;5;23m E1L(0) Signalling link down (bts_ipaccess_nanobts.c:778)[0;m
[38;5;23mTue Sep 29 23:49:58 2026 [1;33mDLINP[0;m[38;5;23m [1;33mNOTICE[0;m[38;5;23m E1L(0) Signalling link down for unknown BTS (bts_ipaccess_nanobts.c:791)[0;m
[1;36mTue Sep 29 23:49:58 2026 [1;31mDNM[0;m[1;36m [1;31mERROR[0;m[1;36m OC=BTS(01) INST=(00,ff,ff): Failure Event Report: [0;m[1;36mType=processing failure, [0;m[1;36mSeverity=critical failure, [0;m[1;36mProbable cause=Manufacturer specific values: [0;m[1;36mProcess stopped, [0;m[1;36mAdditional Text=BTS: SIGINT received -> shutdown. [0;m[1;36m (abis_nm.c:341)[0;m
[38;5;23mTue Sep 29 23:50:00 2026 [1;33mDLINP[0;m[38;5;23m [1;33mNOTICE[0;m[38;5;23m SRVCONN(ts-0-1-oml,r=127.0.0.1:41913<->l=127.0.0.1:3002) connection closed with client (stream_srv.c:770)[0;m
[38;5;23mTue Sep 29 23:50:00 2026 [1;33mDLINP[0;m[38;5;23m [1;33mNOTICE[0;m[38;5;23m E1TS(0:1) failed reading from socket: 0 (ipaccess.c:554)[0;m
[38;5;23mTue Sep 29 23:50:00 2026 [1;33mDLINP[0;m[38;5;23m [1;33mNOTICE[0;m[38;5;23m E1L(0) Signalling link down (bts_ipaccess_nanobts.c:778)[0;m
[38;5;23mTue Sep 29 23:50:00 2026 [1;33mDLINP[0;m[38;5;23m [1;33mNOTICE[0;m[38;5;23m (bts=1) Dropping OML link: link down (bts_ipaccess_nanobts.c:543)[0;m
[38;5;23mTue Sep 29 23:50:00 2026 [1;33mDLINP[0;m[38;5;23m [1;33mNOTICE[0;m[38;5;23m (bts=1,trx=0) Dropping RSL link: OML link drop (bts_ipaccess_nanobts.c:514)[0;m
[38;5;23mTue Sep 29 23:50:00 2026 [1;33mDLINP[0;m[38;5;23m [1;33mNOTICE[0;m[38;5;23m E1L(0) Signalling link down (bts_ipaccess_nanobts.c:778)[0;m
[38;5;23mTue Sep 29 23:50:00 2026 [1;33mDLINP[0;m[38;5;23m [1;33mNOTICE[0;m[38;5;23m E1L(0) Signalling link down for unknown BTS (bts_ipaccess_nanobts.c:791)[0;m
[1;36mTue Sep 29 23:50:02 2026 [1;33mDNM[0;m[1;36m [1;33mNOTICE[0;m[1;36m shutting down OML for BTS 0 (bsc_init.c:57)[0;m
[1;36mTue Sep 29 23:50:02 2026 [1;33mDNM[0;m[1;36m [1;33mNOTICE[0;m[1;36m shutting down OML for BTS 1 (bsc_init.c:57)[0;m
[38;5;43mTue Sep 29 23:50:21 2026 [1;33mDLSS7[0;m[38;5;43m [1;33mNOTICE[0;m[38;5;43m 0: ASP(asp-to-stp) Applying Adm State change: ENABLED -> ENABLED (ss7_asp_vty.c:673)[0;m
Tue Sep 29 23:50:21 2026 [1;33mDLGLOBAL[0;m [1;33mNOTICE[0;m Available via telnet 127.0.0.1 4242 (telnet_interface.c:88)
[38;5;23mTue Sep 29 23:50:21 2026 [1;33mDLINP[0;m[38;5;23m [1;33mNOTICE[0;m[38;5;23m E1L(0) enabling ipaccess BSC mode on 0.0.0.0 with OML 3002 and RSL 3003 TCP ports (ipaccess.c:1028)[0;m
[38;5;33mTue Sep 29 23:50:21 2026 [1;33mDLCTRL[0;m[38;5;33m [1;33mNOTICE[0;m[38;5;33m CTRL at 127.0.0.1 4249 (control_if.c:1026)[0;m
[38;5;51mTue Sep 29 23:50:21 2026 [1;33mDLMGCP[0;m[38;5;51m [1;33mNOTICE[0;m[38;5;51m MGW(mgw) MGCP client: using endpoint domain '@mgw' (mgcp_client.c:945)[0;m
[1;36mTue Sep 29 23:50:21 2026 [1;33mDNM[0;m[1;36m [1;33mNOTICE[0;m[1;36m MGW pool with 1 pool members configured, (ignoring MGW configuration in VTY node 'msc'). (osmo_bsc_main.c:869)[0;m
Tue Sep 29 23:50:21 2026 [1;33mDMSC[0;m [1;33mNOTICE[0;m Initializing SCCP connection for A/m3ua on cs7 instance 0 (osmo_bsc_sigtran.c:817)
[38;5;45mTue Sep 29 23:50:21 2026 [1;33mDLSCCP[0;m[38;5;45m [1;33mNOTICE[0;m[38;5;45m A-0-m3ua: Using SS7 instance 0, pc:1.1.3 (sccp_instance.c:655)[0;m
[38;5;45mTue Sep 29 23:50:21 2026 [1;33mDLSCCP[0;m[38;5;45m [1;33mNOTICE[0;m[38;5;45m A-0-m3ua: Using AS instance as-bsc (sccp_instance.c:673)[0;m
[38;5;45mTue Sep 29 23:50:21 2026 [1;33mDLSCCP[0;m[38;5;45m [1;33mNOTICE[0;m[38;5;45m A-0-m3ua: Creating default route (sccp_instance.c:679)[0;m
[38;5;45mTue Sep 29 23:50:21 2026 [1;33mDLSCCP[0;m[38;5;45m [1;33mNOTICE[0;m[38;5;45m A-0-m3ua: Using ASP instance asp-to-stp (sccp_instance.c:784)[0;m
[38;5;43mTue Sep 29 23:50:21 2026 [1;33mDLSS7[0;m[38;5;43m [1;33mNOTICE[0;m[38;5;43m 0: Creating SCCP instance (ss7_instance.c:214)[0;m
Tue Sep 29 23:50:21 2026 [1;33mDMSC[0;m [1;33mNOTICE[0;m (msc=0) A-0-m3ua: local (BSC) SCCP address: RI=SSN_PC,PC=1.1.3,SSN=BSSAP (osmo_bsc_sigtran.c:870)
Tue Sep 29 23:50:21 2026 [1;33mDMSC[0;m [1;33mNOTICE[0;m (msc=0) A-0-m3ua: remote (MSC) SCCP address: RI=SSN_PC,PC=1.1.1,SSN=BSSAP (osmo_bsc_sigtran.c:872)
Tue Sep 29 23:50:21 2026 [1;33mDMSC[0;m [1;33mNOTICE[0;m (msc=0) A-0-m3ua: binding SCCP user (osmo_bsc_sigtran.c:877)
[38;5;45mTue Sep 29 23:50:21 2026 [1;31mDLSCCP[0;m[38;5;45m [1;31mERROR[0;m[38;5;45m 0: SCCP(rctx=0) MTP-TRANSFER.req from SCCP for OPC=2059=1.1.3,DPC=2057=1.1.1,SLS=2: no route! (sccp_scrc.c:177)[0;m
[38;5;45mTue Sep 29 23:50:21 2026 [1;33mDLSCCP[0;m[38;5;45m [1;33mNOTICE[0;m[38;5;45m 0: SCCP(rctx=0) SCRC Routing Failure (MTP failure) for CL message CL:CLDT (sccp_sclc.c:359)[0;m
Tue Sep 29 23:50:21 2026 [1;33mDMSC[0;m [1;33mNOTICE[0;m (msc=0) (calling_addr=RI=2,PC=2057,SSN=254) N-NOTICE.ind cause=5='MTP failure' importance=0 (osmo_bsc_sigtran.c:168)
[38;5;49mTue Sep 29 23:50:23 2026 [1;33mDLM3UA[0;m[38;5;49m [1;33mNOTICE[0;m[38;5;49m 0: ASP(asp-to-stp) Received NOTIFY Type State Change:AS Inactive () (m3ua.c:707)[0;m
[38;5;43mTue Sep 29 23:50:23 2026 [1;33mDLSS7[0;m[38;5;43m [1;33mNOTICE[0;m[38;5;43m 0: RT(dpc=2057=1.1.1,mask=0x3fff=7.255.7,prio=5,via=as-bsc,st=available) changed to status 'available' (ss7_route.c:409)[0;m
Tue Sep 29 23:50:23 2026 [1;33mDMSC[0;m [1;33mNOTICE[0;m (msc=0) now available: N-PCSTATE ind: pc=2057=1.1.1 sp_status=ACCESSIBLE remote_sccp_status=AVAILABLE (osmo_bsc_sigtran.c:319)
[38;5;43mTue Sep 29 23:50:23 2026 [1;33mDLSS7[0;m[38;5;43m [1;33mNOTICE[0;m[38;5;43m xua_default_lm(asp-to-stp)[0x606259dc60a0]{ACTIVE}: Ignoring primitive M-ASP_ACTIVE.confirm (xua_default_lm_fsm.c:406)[0;m
[38;5;49mTue Sep 29 23:50:23 2026 [1;33mDLM3UA[0;m[38;5;49m [1;33mNOTICE[0;m[38;5;49m 0: ASP(asp-to-stp) Received NOTIFY Type State Change:AS Active () (m3ua.c:707)[0;m
[38;5;49mTue Sep 29 23:50:23 2026 [1;33mDLM3UA[0;m[38;5;49m [1;33mNOTICE[0;m[38;5;49m 0: ASP(asp-to-stp) Rx DUNA(RFC4666 4.5.1) for 1.1.2/0 (xua_snm.c:501)[0;m
[38;5;43mTue Sep 29 23:50:23 2026 [1;33mDLSS7[0;m[38;5;43m [1;33mNOTICE[0;m[38;5;43m 0: RT(dpc=2058=1.1.2,mask=0x3fff=7.255.7,prio=5,via=as-bsc,st=available) changed to status 'unavailable' (ss7_route.c:409)[0;m
Tue Sep 29 23:50:23 2026 [1;33mDMSC[0;m [1;33mNOTICE[0;m (msc=0) RESET ACK from MSC: RI=SSN_PC,PC=1.1.1,SSN=BSSAP (osmo_bsc_bssap.c:84)
Tue Sep 29 23:50:23 2026 [1;33mDRESET[0;m [1;33mNOTICE[0;m bssmap_reset(msc-0)[0x606259e433b0]{CONNECTED}: link up (bssmap_reset.c:83)
Tue Sep 29 23:50:23 2026 [1;33mDMSC[0;m [1;33mNOTICE[0;m (msc=0) BSSMAP association is up (a_reset.c:45)
[1;36mTue Sep 29 23:50:31 2026 [1;33mDNM[0;m[1;36m [1;33mNOTICE[0;m[1;36m OC=BTS(01) INST=(00,ff,ff): Get Attributes Response: feature 'GPRS' is supported (abis_nm.c:599)[0;m
[1;36mTue Sep 29 23:50:31 2026 [1;33mDNM[0;m[1;36m [1;33mNOTICE[0;m[1;36m OC=BTS(01) INST=(00,ff,ff): Get Attributes Response: feature 'EGPRS' is supported (abis_nm.c:599)[0;m
[1;36mTue Sep 29 23:50:31 2026 [1;33mDNM[0;m[1;36m [1;33mNOTICE[0;m[1;36m OC=BTS(01) INST=(00,ff,ff): Get Attributes Response: feature 'HOPPING' is supported (abis_nm.c:599)[0;m
[1;36mTue Sep 29 23:50:31 2026 [1;33mDNM[0;m[1;36m [1;33mNOTICE[0;m[1;36m OC=BTS(01) INST=(00,ff,ff): Get Attributes Response: feature 'MULTI_TSC' is supported (abis_nm.c:599)[0;m
[1;36mTue Sep 29 23:50:31 2026 [1;33mDNM[0;m[1;36m [1;33mNOTICE[0;m[1;36m OC=BTS(01) INST=(00,ff,ff): Get Attributes Response: feature 'OML_ALERTS' is supported (abis_nm.c:599)[0;m
[1;36mTue Sep 29 23:50:31 2026 [1;33mDNM[0;m[1;36m [1;33mNOTICE[0;m[1;36m OC=BTS(01) INST=(00,ff,ff): Get Attributes Response: feature 'CBCH' is supported (abis_nm.c:599)[0;m
[1;36mTue Sep 29 23:50:31 2026 [1;33mDNM[0;m[1;36m [1;33mNOTICE[0;m[1;36m OC=BTS(01) INST=(00,ff,ff): Get Attributes Response: feature 'SPEECH_F_V1' is supported (abis_nm.c:599)[0;m
[1;36mTue Sep 29 23:50:31 2026 [1;33mDNM[0;m[1;36m [1;33mNOTICE[0;m[1;36m OC=BTS(01) INST=(00,ff,ff): Get Attributes Response: feature 'SPEECH_H_V1' is supported (abis_nm.c:599)[0;m
[1;36mTue Sep 29 23:50:31 2026 [1;33mDNM[0;m[1;36m [1;33mNOTICE[0;m[1;36m OC=BTS(01) INST=(00,ff,ff): Get Attributes Response: feature 'SPEECH_F_EFR' is supported (abis_nm.c:599)[0;m
[1;36mTue Sep 29 23:50:31 2026 [1;33mDNM[0;m[1;36m [1;33mNOTICE[0;m[1;36m OC=BTS(01) INST=(00,ff,ff): Get Attributes Response: feature 'SPEECH_F_AMR' is supported (abis_nm.c:599)[0;m
[1;36mTue Sep 29 23:50:31 2026 [1;33mDNM[0;m[1;36m [1;33mNOTICE[0;m[1;36m OC=BTS(01) INST=(00,ff,ff): Get Attributes Response: feature 'SPEECH_H_AMR' is supported (abis_nm.c:599)[0;m
[1;36mTue Sep 29 23:50:31 2026 [1;33mDNM[0;m[1;36m [1;33mNOTICE[0;m[1;36m OC=BTS(01) INST=(00,ff,ff): Get Attributes Response: feature 'ETWS_PN' is supported (abis_nm.c:599)[0;m
[1;36mTue Sep 29 23:50:31 2026 [1;33mDNM[0;m[1;36m [1;33mNOTICE[0;m[1;36m OC=BTS(01) INST=(00,ff,ff): Get Attributes Response: feature 'PAGING_COORDINATION' is supported (abis_nm.c:599)[0;m
[1;36mTue Sep 29 23:50:31 2026 [1;33mDNM[0;m[1;36m [1;33mNOTICE[0;m[1;36m OC=BTS(01) INST=(00,ff,ff): Get Attributes Response: feature 'IPV6_NSVC' is supported (abis_nm.c:599)[0;m
[1;36mTue Sep 29 23:50:31 2026 [1;33mDNM[0;m[1;36m [1;33mNOTICE[0;m[1;36m OC=BTS(01) INST=(00,ff,ff): Get Attributes Response: feature 'ACCH_REP' is supported (abis_nm.c:599)[0;m
[1;36mTue Sep 29 23:50:31 2026 [1;33mDNM[0;m[1;36m [1;33mNOTICE[0;m[1;36m OC=BTS(01) INST=(00,ff,ff): Get Attributes Response: feature 'CCN' is supported (abis_nm.c:599)[0;m
[1;36mTue Sep 29 23:50:31 2026 [1;33mDNM[0;m[1;36m [1;33mNOTICE[0;m[1;36m OC=BTS(01) INST=(00,ff,ff): Get Attributes Response: feature 'VAMOS' is supported (abis_nm.c:599)[0;m
[1;36mTue Sep 29 23:50:31 2026 [1;33mDNM[0;m[1;36m [1;33mNOTICE[0;m[1;36m OC=BTS(01) INST=(00,ff,ff): Get Attributes Response: feature 'ABIS_OSMO_PCU' is supported (abis_nm.c:599)[0;m
[1;36mTue Sep 29 23:50:31 2026 [1;33mDNM[0;m[1;36m [1;33mNOTICE[0;m[1;36m OC=BTS(01) INST=(00,ff,ff): Get Attributes Response: feature 'BCCH_PWR_RED' is supported (abis_nm.c:599)[0;m
[1;36mTue Sep 29 23:50:31 2026 [1;33mDNM[0;m[1;36m [1;33mNOTICE[0;m[1;36m OC=BTS(01) INST=(00,ff,ff): Get Attributes Response: feature 'DYN_TS_SDCCH8' is supported (abis_nm.c:599)[0;m
[1;36mTue Sep 29 23:50:31 2026 [1;33mDNM[0;m[1;36m [1;33mNOTICE[0;m[1;36m OC=BTS(01) INST=(00,ff,ff): Get Attributes Response: feature 'ACCH_TEMP_OVP' is supported (abis_nm.c:599)[0;m
[1;36mTue Sep 29 23:50:31 2026 [1;33mDNM[0;m[1;36m [1;33mNOTICE[0;m[1;36m OC=BTS(01) INST=(00,ff,ff): Get Attributes Response: feature 'VBS' is supported (abis_nm.c:599)[0;m
[1;36mTue Sep 29 23:50:31 2026 [1;33mDNM[0;m[1;36m [1;33mNOTICE[0;m[1;36m OC=BTS(01) INST=(00,ff,ff): Get Attributes Response: feature 'VGCS' is supported (abis_nm.c:599)[0;m
[1;36mTue Sep 29 23:50:31 2026 [1;33mDNM[0;m[1;36m [1;33mNOTICE[0;m[1;36m OC=BTS(01) INST=(00,ff,ff): Get Attributes Response: feature 'TWTS001' is supported (abis_nm.c:599)[0;m
[1;36mTue Sep 29 23:50:31 2026 [1;33mDNM[0;m[1;36m [1;33mNOTICE[0;m[1;36m OC=BTS(01) INST=(00,ff,ff): Get Attributes Response: feature 'TWTS002' is supported (abis_nm.c:599)[0;m
[1;36mTue Sep 29 23:50:31 2026 [1;33mDNM[0;m[1;36m [1;33mNOTICE[0;m[1;36m OC=BTS(01) INST=(00,ff,ff): ARI reported sw[0/2]: osmobts is 1.10.0-dirty (abis_nm.c:652)[0;m
[1;36mTue Sep 29 23:50:31 2026 [1;33mDNM[0;m[1;36m [1;33mNOTICE[0;m[1;36m OC=BTS(01) INST=(00,ff,ff): Reported variant: osmo-bts-trx (abis_nm.c:534)[0;m
[1;36mTue Sep 29 23:50:31 2026 [1;31mDNM[0;m[1;36m [1;31mERROR[0;m[1;36m OC=RADIO-CARRIER(02) INST=(00,00,ff): Attribute SW Configuration is unreported (abis_nm.c:557)[0;m
[1;36mTue Sep 29 23:50:31 2026 [1;31mDNM[0;m[1;36m [1;31mERROR[0;m[1;36m OC=BASEBAND-TRANSCEIVER(04) INST=(00,00,ff): Attribute Manufacturer Dependent State is unreported (abis_nm.c:557)[0;m
[1;36mTue Sep 29 23:50:31 2026 [1;33mDNM[0;m[1;36m [1;33mNOTICE[0;m[1;36m OC=BASEBAND-TRANSCEIVER(04) INST=(00,00,ff): ARI reported sw[0/1]: TRX_PHY_VERSION is Unknown (abis_nm.c:652)[0;m
[1;35mTue Sep 29 23:50:31 2026 [1;33mDRSL[0;m[1;35m [1;33mNOTICE[0;m[1;35m (bts=1,trx=0) bootstrapping RSL on ARFCN 614 using MCC-MNC 001-01 LAC=1 CID=6012 BSIC=8 (osmo_bsc_main.c:320)[0;m
[1;36mTue Sep 29 23:50:39 2026 [1;31mDNM[0;m[1;36m [1;31mERROR[0;m[1;36m OC=GPRS-CELL(f1) INST=(00,00,ff): Attribute SW Configuration is unreported (abis_nm.c:557)[0;m
[1;36mTue Sep 29 23:50:39 2026 [1;33mDNM[0;m[1;36m [1;33mNOTICE[0;m[1;36m OC=BTS(01) INST=(00,ff,ff): Get Attributes Response: feature 'GPRS' is supported (abis_nm.c:599)[0;m
[1;36mTue Sep 29 23:50:39 2026 [1;33mDNM[0;m[1;36m [1;33mNOTICE[0;m[1;36m OC=BTS(01) INST=(00,ff,ff): Get Attributes Response: feature 'EGPRS' is supported (abis_nm.c:599)[0;m
[1;36mTue Sep 29 23:50:39 2026 [1;33mDNM[0;m[1;36m [1;33mNOTICE[0;m[1;36m OC=BTS(01) INST=(00,ff,ff): Get Attributes Response: feature 'HOPPING' is supported (abis_nm.c:599)[0;m
[1;36mTue Sep 29 23:50:39 2026 [1;33mDNM[0;m[1;36m [1;33mNOTICE[0;m[1;36m OC=BTS(01) INST=(00,ff,ff): Get Attributes Response: feature 'MULTI_TSC' is supported (abis_nm.c:599)[0;m
[1;36mTue Sep 29 23:50:39 2026 [1;33mDNM[0;m[1;36m [1;33mNOTICE[0;m[1;36m OC=BTS(01) INST=(00,ff,ff): Get Attributes Response: feature 'OML_ALERTS' is supported (abis_nm.c:599)[0;m
[1;36mTue Sep 29 23:50:39 2026 [1;33mDNM[0;m[1;36m [1;33mNOTICE[0;m[1;36m OC=BTS(01) INST=(00,ff,ff): Get Attributes Response: feature 'CBCH' is supported (abis_nm.c:599)[0;m
[1;36mTue Sep 29 23:50:39 2026 [1;33mDNM[0;m[1;36m [1;33mNOTICE[0;m[1;36m OC=BTS(01) INST=(00,ff,ff): Get Attributes Response: feature 'SPEECH_F_V1' is supported (abis_nm.c:599)[0;m
[1;36mTue Sep 29 23:50:39 2026 [1;33mDNM[0;m[1;36m [1;33mNOTICE[0;m[1;36m OC=BTS(01) INST=(00,ff,ff): Get Attributes Response: feature 'SPEECH_H_V1' is supported (abis_nm.c:599)[0;m
[1;36mTue Sep 29 23:50:39 2026 [1;33mDNM[0;m[1;36m [1;33mNOTICE[0;m[1;36m OC=BTS(01) INST=(00,ff,ff): Get Attributes Response: feature 'SPEECH_F_EFR' is supported (abis_nm.c:599)[0;m
[1;36mTue Sep 29 23:50:39 2026 [1;33mDNM[0;m[1;36m [1;33mNOTICE[0;m[1;36m OC=BTS(01) INST=(00,ff,ff): Get Attributes Response: feature 'SPEECH_F_AMR' is supported (abis_nm.c:599)[0;m
[1;36mTue Sep 29 23:50:39 2026 [1;33mDNM[0;m[1;36m [1;33mNOTICE[0;m[1;36m OC=BTS(01) INST=(00,ff,ff): Get Attributes Response: feature 'SPEECH_H_AMR' is supported (abis_nm.c:599)[0;m
[1;36mTue Sep 29 23:50:39 2026 [1;33mDNM[0;m[1;36m [1;33mNOTICE[0;m[1;36m OC=BTS(01) INST=(00,ff,ff): Get Attributes Response: feature 'ETWS_PN' is supported (abis_nm.c:599)[0;m
[1;36mTue Sep 29 23:50:39 2026 [1;33mDNM[0;m[1;36m [1;33mNOTICE[0;m[1;36m OC=BTS(01) INST=(00,ff,ff): Get Attributes Response: feature 'PAGING_COORDINATION' is supported (abis_nm.c:599)[0;m
[1;36mTue Sep 29 23:50:39 2026 [1;33mDNM[0;m[1;36m [1;33mNOTICE[0;m[1;36m OC=BTS(01) INST=(00,ff,ff): Get Attributes Response: feature 'IPV6_NSVC' is supported (abis_nm.c:599)[0;m
[1;36mTue Sep 29 23:50:39 2026 [1;33mDNM[0;m[1;36m [1;33mNOTICE[0;m[1;36m OC=BTS(01) INST=(00,ff,ff): Get Attributes Response: feature 'ACCH_REP' is supported (abis_nm.c:599)[0;m
[1;36mTue Sep 29 23:50:39 2026 [1;33mDNM[0;m[1;36m [1;33mNOTICE[0;m[1;36m OC=BTS(01) INST=(00,ff,ff): Get Attributes Response: feature 'CCN' is supported (abis_nm.c:599)[0;m
[1;36mTue Sep 29 23:50:39 2026 [1;33mDNM[0;m[1;36m [1;33mNOTICE[0;m[1;36m OC=BTS(01) INST=(00,ff,ff): Get Attributes Response: feature 'VAMOS' is supported (abis_nm.c:599)[0;m
[1;36mTue Sep 29 23:50:39 2026 [1;33mDNM[0;m[1;36m [1;33mNOTICE[0;m[1;36m OC=BTS(01) INST=(00,ff,ff): Get Attributes Response: feature 'ABIS_OSMO_PCU' is supported (abis_nm.c:599)[0;m
[1;36mTue Sep 29 23:50:39 2026 [1;33mDNM[0;m[1;36m [1;33mNOTICE[0;m[1;36m OC=BTS(01) INST=(00,ff,ff): Get Attributes Response: feature 'BCCH_PWR_RED' is supported (abis_nm.c:599)[0;m
[1;36mTue Sep 29 23:50:39 2026 [1;33mDNM[0;m[1;36m [1;33mNOTICE[0;m[1;36m OC=BTS(01) INST=(00,ff,ff): Get Attributes Response: feature 'DYN_TS_SDCCH8' is supported (abis_nm.c:599)[0;m
[1;36mTue Sep 29 23:50:39 2026 [1;33mDNM[0;m[1;36m [1;33mNOTICE[0;m[1;36m OC=BTS(01) INST=(00,ff,ff): Get Attributes Response: feature 'ACCH_TEMP_OVP' is supported (abis_nm.c:599)[0;m
[1;36mTue Sep 29 23:50:39 2026 [1;33mDNM[0;m[1;36m [1;33mNOTICE[0;m[1;36m OC=BTS(01) INST=(00,ff,ff): Get Attributes Response: feature 'VBS' is supported (abis_nm.c:599)[0;m
[1;36mTue Sep 29 23:50:39 2026 [1;33mDNM[0;m[1;36m [1;33mNOTICE[0;m[1;36m OC=BTS(01) INST=(00,ff,ff): Get Attributes Response: feature 'VGCS' is supported (abis_nm.c:599)[0;m
[1;36mTue Sep 29 23:50:39 2026 [1;33mDNM[0;m[1;36m [1;33mNOTICE[0;m[1;36m OC=BTS(01) INST=(00,ff,ff): Get Attributes Response: feature 'TWTS001' is supported (abis_nm.c:599)[0;m
[1;36mTue Sep 29 23:50:39 2026 [1;33mDNM[0;m[1;36m [1;33mNOTICE[0;m[1;36m OC=BTS(01) INST=(00,ff,ff): Get Attributes Response: feature 'TWTS002' is supported (abis_nm.c:599)[0;m
[1;36mTue Sep 29 23:50:39 2026 [1;33mDNM[0;m[1;36m [1;33mNOTICE[0;m[1;36m OC=BTS(01) INST=(00,ff,ff): ARI reported sw[0/2]: osmobts is 1.10.0-dirty (abis_nm.c:652)[0;m
[1;36mTue Sep 29 23:50:39 2026 [1;33mDNM[0;m[1;36m [1;33mNOTICE[0;m[1;36m OC=BTS(01) INST=(00,ff,ff): Reported variant: osmo-bts-trx (abis_nm.c:534)[0;m
[1;36mTue Sep 29 23:50:39 2026 [1;31mDNM[0;m[1;36m [1;31mERROR[0;m[1;36m OC=RADIO-CARRIER(02) INST=(00,00,ff): Attribute SW Configuration is unreported (abis_nm.c:557)[0;m
[1;36mTue Sep 29 23:50:39 2026 [1;31mDNM[0;m[1;36m [1;31mERROR[0;m[1;36m OC=BASEBAND-TRANSCEIVER(04) INST=(00,00,ff): Attribute Manufacturer Dependent State is unreported (abis_nm.c:557)[0;m
[1;36mTue Sep 29 23:50:39 2026 [1;33mDNM[0;m[1;36m [1;33mNOTICE[0;m[1;36m OC=BASEBAND-TRANSCEIVER(04) INST=(00,00,ff): ARI reported sw[0/1]: TRX_PHY_VERSION is Unknown (abis_nm.c:652)[0;m
[1;35mTue Sep 29 23:50:39 2026 [1;33mDRSL[0;m[1;35m [1;33mNOTICE[0;m[1;35m (bts=0,trx=0) bootstrapping RSL on ARFCN 514 using MCC-MNC 001-01 LAC=1 CID=6001 BSIC=7 (osmo_bsc_main.c:320)[0;m
[1;36mTue Sep 29 23:50:42 2026 [1;33mDNM[0;m[1;36m [1;33mNOTICE[0;m[1;36m OC=BTS(01) INST=(00,ff,ff): Reported connected PCU version 1.5.2 (abis_nm.c:352)[0;m
[1;36mWed Sep 30 00:07:30 2026 [1;31mDNM[0;m[1;36m [1;31mERROR[0;m[1;36m OC=BTS(01) INST=(00,ff,ff): Failure Event Report: [0;m[1;36mType=processing failure, [0;m[1;36mSeverity=critical failure, [0;m[1;36mProbable cause=Manufacturer specific values: [0;m[1;36mProcess stopped, [0;m[1;36mAdditional Text=BTS: SIGINT received -> shutdown. [0;m[1;36m (abis_nm.c:341)[0;m
[38;5;23mWed Sep 30 00:07:30 2026 [1;33mDLINP[0;m[38;5;23m [1;33mNOTICE[0;m[38;5;23m SRVCONN(ts-0-1-oml,r=127.0.0.1:34435<->l=127.0.0.1:3002) connection closed with client (stream_srv.c:770)[0;m
[38;5;23mWed Sep 30 00:07:30 2026 [1;33mDLINP[0;m[38;5;23m [1;33mNOTICE[0;m[38;5;23m E1TS(0:1) failed reading from socket: 0 (ipaccess.c:554)[0;m
[38;5;23mWed Sep 30 00:07:30 2026 [1;33mDLINP[0;m[38;5;23m [1;33mNOTICE[0;m[38;5;23m E1L(0) Signalling link down (bts_ipaccess_nanobts.c:778)[0;m
[38;5;23mWed Sep 30 00:07:30 2026 [1;33mDLINP[0;m[38;5;23m [1;33mNOTICE[0;m[38;5;23m (bts=0) Dropping OML link: link down (bts_ipaccess_nanobts.c:543)[0;m
[38;5;23mWed Sep 30 00:07:30 2026 [1;33mDLINP[0;m[38;5;23m [1;33mNOTICE[0;m[38;5;23m (bts=0,trx=0) Dropping RSL link: OML link drop (bts_ipaccess_nanobts.c:514)[0;m
[38;5;23mWed Sep 30 00:07:30 2026 [1;33mDLINP[0;m[38;5;23m [1;33mNOTICE[0;m[38;5;23m E1L(0) Signalling link down (bts_ipaccess_nanobts.c:778)[0;m
[38;5;23mWed Sep 30 00:07:30 2026 [1;33mDLINP[0;m[38;5;23m [1;33mNOTICE[0;m[38;5;23m E1L(0) Signalling link down for unknown BTS (bts_ipaccess_nanobts.c:791)[0;m
[1;36mWed Sep 30 00:07:30 2026 [1;31mDNM[0;m[1;36m [1;31mERROR[0;m[1;36m OC=BTS(01) INST=(00,ff,ff): Failure Event Report: [0;m[1;36mType=processing failure, [0;m[1;36mSeverity=critical failure, [0;m[1;36mProbable cause=Manufacturer specific values: [0;m[1;36mProcess stopped, [0;m[1;36mAdditional Text=BTS: SIGINT received -> shutdown. [0;m[1;36m (abis_nm.c:341)[0;m
[38;5;23mWed Sep 30 00:07:32 2026 [1;33mDLINP[0;m[38;5;23m [1;33mNOTICE[0;m[38;5;23m SRVCONN(ts-0-1-oml,r=127.0.0.1:39129<->l=127.0.0.1:3002) connection closed with client (stream_srv.c:770)[0;m
[38;5;23mWed Sep 30 00:07:32 2026 [1;33mDLINP[0;m[38;5;23m [1;33mNOTICE[0;m[38;5;23m E1TS(0:1) failed reading from socket: 0 (ipaccess.c:554)[0;m
[38;5;23mWed Sep 30 00:07:32 2026 [1;33mDLINP[0;m[38;5;23m [1;33mNOTICE[0;m[38;5;23m E1L(0) Signalling link down (bts_ipaccess_nanobts.c:778)[0;m
[38;5;23mWed Sep 30 00:07:32 2026 [1;33mDLINP[0;m[38;5;23m [1;33mNOTICE[0;m[38;5;23m (bts=1) Dropping OML link: link down (bts_ipaccess_nanobts.c:543)[0;m
[38;5;23mWed Sep 30 00:07:32 2026 [1;33mDLINP[0;m[38;5;23m [1;33mNOTICE[0;m[38;5;23m (bts=1,trx=0) Dropping RSL link: OML link drop (bts_ipaccess_nanobts.c:514)[0;m
[38;5;23mWed Sep 30 00:07:32 2026 [1;33mDLINP[0;m[38;5;23m [1;33mNOTICE[0;m[38;5;23m E1L(0) Signalling link down (bts_ipaccess_nanobts.c:778)[0;m
[38;5;23mWed Sep 30 00:07:32 2026 [1;33mDLINP[0;m[38;5;23m [1;33mNOTICE[0;m[38;5;23m E1L(0) Signalling link down for unknown BTS (bts_ipaccess_nanobts.c:791)[0;m
[1;36mWed Sep 30 00:07:34 2026 [1;33mDNM[0;m[1;36m [1;33mNOTICE[0;m[1;36m shutting down OML for BTS 0 (bsc_init.c:57)[0;m
[1;36mWed Sep 30 00:07:34 2026 [1;33mDNM[0;m[1;36m [1;33mNOTICE[0;m[1;36m shutting down OML for BTS 1 (bsc_init.c:57)[0;m
[38;5;43mWed Sep 30 00:07:52 2026 [1;33mDLSS7[0;m[38;5;43m [1;33mNOTICE[0;m[38;5;43m 0: ASP(asp-to-stp) Applying Adm State change: ENABLED -> ENABLED (ss7_asp_vty.c:673)[0;m
Wed Sep 30 00:07:52 2026 [1;33mDLGLOBAL[0;m [1;33mNOTICE[0;m Available via telnet 127.0.0.1 4242 (telnet_interface.c:88)
[38;5;23mWed Sep 30 00:07:52 2026 [1;33mDLINP[0;m[38;5;23m [1;33mNOTICE[0;m[38;5;23m E1L(0) enabling ipaccess BSC mode on 0.0.0.0 with OML 3002 and RSL 3003 TCP ports (ipaccess.c:1028)[0;m
[38;5;33mWed Sep 30 00:07:52 2026 [1;33mDLCTRL[0;m[38;5;33m [1;33mNOTICE[0;m[38;5;33m CTRL at 127.0.0.1 4249 (control_if.c:1026)[0;m
[38;5;51mWed Sep 30 00:07:52 2026 [1;33mDLMGCP[0;m[38;5;51m [1;33mNOTICE[0;m[38;5;51m MGW(mgw) MGCP client: using endpoint domain '@mgw' (mgcp_client.c:945)[0;m
[1;36mWed Sep 30 00:07:52 2026 [1;33mDNM[0;m[1;36m [1;33mNOTICE[0;m[1;36m MGW pool with 1 pool members configured, (ignoring MGW configuration in VTY node 'msc'). (osmo_bsc_main.c:869)[0;m
Wed Sep 30 00:07:52 2026 [1;33mDMSC[0;m [1;33mNOTICE[0;m Initializing SCCP connection for A/m3ua on cs7 instance 0 (osmo_bsc_sigtran.c:817)
[38;5;45mWed Sep 30 00:07:52 2026 [1;33mDLSCCP[0;m[38;5;45m [1;33mNOTICE[0;m[38;5;45m A-0-m3ua: Using SS7 instance 0, pc:1.1.3 (sccp_instance.c:655)[0;m
[38;5;45mWed Sep 30 00:07:52 2026 [1;33mDLSCCP[0;m[38;5;45m [1;33mNOTICE[0;m[38;5;45m A-0-m3ua: Using AS instance as-bsc (sccp_instance.c:673)[0;m
[38;5;45mWed Sep 30 00:07:52 2026 [1;33mDLSCCP[0;m[38;5;45m [1;33mNOTICE[0;m[38;5;45m A-0-m3ua: Creating default route (sccp_instance.c:679)[0;m
[38;5;45mWed Sep 30 00:07:52 2026 [1;33mDLSCCP[0;m[38;5;45m [1;33mNOTICE[0;m[38;5;45m A-0-m3ua: Using ASP instance asp-to-stp (sccp_instance.c:784)[0;m
[38;5;43mWed Sep 30 00:07:52 2026 [1;33mDLSS7[0;m[38;5;43m [1;33mNOTICE[0;m[38;5;43m 0: Creating SCCP instance (ss7_instance.c:214)[0;m
Wed Sep 30 00:07:52 2026 [1;33mDMSC[0;m [1;33mNOTICE[0;m (msc=0) A-0-m3ua: local (BSC) SCCP address: RI=SSN_PC,PC=1.1.3,SSN=BSSAP (osmo_bsc_sigtran.c:870)
Wed Sep 30 00:07:52 2026 [1;33mDMSC[0;m [1;33mNOTICE[0;m (msc=0) A-0-m3ua: remote (MSC) SCCP address: RI=SSN_PC,PC=1.1.1,SSN=BSSAP (osmo_bsc_sigtran.c:872)
Wed Sep 30 00:07:52 2026 [1;33mDMSC[0;m [1;33mNOTICE[0;m (msc=0) A-0-m3ua: binding SCCP user (osmo_bsc_sigtran.c:877)
[38;5;45mWed Sep 30 00:07:52 2026 [1;31mDLSCCP[0;m[38;5;45m [1;31mERROR[0;m[38;5;45m 0: SCCP(rctx=0) MTP-TRANSFER.req from SCCP for OPC=2059=1.1.3,DPC=2057=1.1.1,SLS=12: no route! (sccp_scrc.c:177)[0;m
[38;5;45mWed Sep 30 00:07:52 2026 [1;33mDLSCCP[0;m[38;5;45m [1;33mNOTICE[0;m[38;5;45m 0: SCCP(rctx=0) SCRC Routing Failure (MTP failure) for CL message CL:CLDT (sccp_sclc.c:359)[0;m
Wed Sep 30 00:07:52 2026 [1;33mDMSC[0;m [1;33mNOTICE[0;m (msc=0) (calling_addr=RI=2,PC=2057,SSN=254) N-NOTICE.ind cause=5='MTP failure' importance=0 (osmo_bsc_sigtran.c:168)
[38;5;49mWed Sep 30 00:07:54 2026 [1;33mDLM3UA[0;m[38;5;49m [1;33mNOTICE[0;m[38;5;49m 0: ASP(asp-to-stp) Received NOTIFY Type State Change:AS Inactive () (m3ua.c:707)[0;m
[38;5;43mWed Sep 30 00:07:54 2026 [1;33mDLSS7[0;m[38;5;43m [1;33mNOTICE[0;m[38;5;43m 0: RT(dpc=2057=1.1.1,mask=0x3fff=7.255.7,prio=5,via=as-bsc,st=available) changed to status 'available' (ss7_route.c:409)[0;m
Wed Sep 30 00:07:54 2026 [1;33mDMSC[0;m [1;33mNOTICE[0;m (msc=0) now available: N-PCSTATE ind: pc=2057=1.1.1 sp_status=ACCESSIBLE remote_sccp_status=AVAILABLE (osmo_bsc_sigtran.c:319)
[38;5;43mWed Sep 30 00:07:54 2026 [1;33mDLSS7[0;m[38;5;43m [1;33mNOTICE[0;m[38;5;43m xua_default_lm(asp-to-stp)[0x56981e2ba0a0]{ACTIVE}: Ignoring primitive M-ASP_ACTIVE.confirm (xua_default_lm_fsm.c:406)[0;m
[38;5;49mWed Sep 30 00:07:54 2026 [1;33mDLM3UA[0;m[38;5;49m [1;33mNOTICE[0;m[38;5;49m 0: ASP(asp-to-stp) Received NOTIFY Type State Change:AS Active () (m3ua.c:707)[0;m
[38;5;49mWed Sep 30 00:07:54 2026 [1;33mDLM3UA[0;m[38;5;49m [1;33mNOTICE[0;m[38;5;49m 0: ASP(asp-to-stp) Rx DUNA(RFC4666 4.5.1) for 1.1.2/0 (xua_snm.c:501)[0;m
[38;5;43mWed Sep 30 00:07:54 2026 [1;33mDLSS7[0;m[38;5;43m [1;33mNOTICE[0;m[38;5;43m 0: RT(dpc=2058=1.1.2,mask=0x3fff=7.255.7,prio=5,via=as-bsc,st=available) changed to status 'unavailable' (ss7_route.c:409)[0;m
Wed Sep 30 00:07:54 2026 [1;33mDMSC[0;m [1;33mNOTICE[0;m (msc=0) RESET ACK from MSC: RI=SSN_PC,PC=1.1.1,SSN=BSSAP (osmo_bsc_bssap.c:84)
Wed Sep 30 00:07:54 2026 [1;33mDRESET[0;m [1;33mNOTICE[0;m bssmap_reset(msc-0)[0x56981e3373b0]{CONNECTED}: link up (bssmap_reset.c:83)
Wed Sep 30 00:07:54 2026 [1;33mDMSC[0;m [1;33mNOTICE[0;m (msc=0) BSSMAP association is up (a_reset.c:45)
[1;36mWed Sep 30 00:08:03 2026 [1;33mDNM[0;m[1;36m [1;33mNOTICE[0;m[1;36m OC=BTS(01) INST=(00,ff,ff): Get Attributes Response: feature 'GPRS' is supported (abis_nm.c:599)[0;m
[1;36mWed Sep 30 00:08:03 2026 [1;33mDNM[0;m[1;36m [1;33mNOTICE[0;m[1;36m OC=BTS(01) INST=(00,ff,ff): Get Attributes Response: feature 'EGPRS' is supported (abis_nm.c:599)[0;m
[1;36mWed Sep 30 00:08:03 2026 [1;33mDNM[0;m[1;36m [1;33mNOTICE[0;m[1;36m OC=BTS(01) INST=(00,ff,ff): Get Attributes Response: feature 'HOPPING' is supported (abis_nm.c:599)[0;m
[1;36mWed Sep 30 00:08:03 2026 [1;33mDNM[0;m[1;36m [1;33mNOTICE[0;m[1;36m OC=BTS(01) INST=(00,ff,ff): Get Attributes Response: feature 'MULTI_TSC' is supported (abis_nm.c:599)[0;m
[1;36mWed Sep 30 00:08:03 2026 [1;33mDNM[0;m[1;36m [1;33mNOTICE[0;m[1;36m OC=BTS(01) INST=(00,ff,ff): Get Attributes Response: feature 'OML_ALERTS' is supported (abis_nm.c:599)[0;m
[1;36mWed Sep 30 00:08:03 2026 [1;33mDNM[0;m[1;36m [1;33mNOTICE[0;m[1;36m OC=BTS(01) INST=(00,ff,ff): Get Attributes Response: feature 'CBCH' is supported (abis_nm.c:599)[0;m
[1;36mWed Sep 30 00:08:03 2026 [1;33mDNM[0;m[1;36m [1;33mNOTICE[0;m[1;36m OC=BTS(01) INST=(00,ff,ff): Get Attributes Response: feature 'SPEECH_F_V1' is supported (abis_nm.c:599)[0;m
[1;36mWed Sep 30 00:08:03 2026 [1;33mDNM[0;m[1;36m [1;33mNOTICE[0;m[1;36m OC=BTS(01) INST=(00,ff,ff): Get Attributes Response: feature 'SPEECH_H_V1' is supported (abis_nm.c:599)[0;m
[1;36mWed Sep 30 00:08:03 2026 [1;33mDNM[0;m[1;36m [1;33mNOTICE[0;m[1;36m OC=BTS(01) INST=(00,ff,ff): Get Attributes Response: feature 'SPEECH_F_EFR' is supported (abis_nm.c:599)[0;m
[1;36mWed Sep 30 00:08:03 2026 [1;33mDNM[0;m[1;36m [1;33mNOTICE[0;m[1;36m OC=BTS(01) INST=(00,ff,ff): Get Attributes Response: feature 'SPEECH_F_AMR' is supported (abis_nm.c:599)[0;m
[1;36mWed Sep 30 00:08:03 2026 [1;33mDNM[0;m[1;36m [1;33mNOTICE[0;m[1;36m OC=BTS(01) INST=(00,ff,ff): Get Attributes Response: feature 'SPEECH_H_AMR' is supported (abis_nm.c:599)[0;m
[1;36mWed Sep 30 00:08:03 2026 [1;33mDNM[0;m[1;36m [1;33mNOTICE[0;m[1;36m OC=BTS(01) INST=(00,ff,ff): Get Attributes Response: feature 'ETWS_PN' is supported (abis_nm.c:599)[0;m
[1;36mWed Sep 30 00:08:03 2026 [1;33mDNM[0;m[1;36m [1;33mNOTICE[0;m[1;36m OC=BTS(01) INST=(00,ff,ff): Get Attributes Response: feature 'PAGING_COORDINATION' is supported (abis_nm.c:599)[0;m
[1;36mWed Sep 30 00:08:03 2026 [1;33mDNM[0;m[1;36m [1;33mNOTICE[0;m[1;36m OC=BTS(01) INST=(00,ff,ff): Get Attributes Response: feature 'IPV6_NSVC' is supported (abis_nm.c:599)[0;m
[1;36mWed Sep 30 00:08:03 2026 [1;33mDNM[0;m[1;36m [1;33mNOTICE[0;m[1;36m OC=BTS(01) INST=(00,ff,ff): Get Attributes Response: feature 'ACCH_REP' is supported (abis_nm.c:599)[0;m
[1;36mWed Sep 30 00:08:03 2026 [1;33mDNM[0;m[1;36m [1;33mNOTICE[0;m[1;36m OC=BTS(01) INST=(00,ff,ff): Get Attributes Response: feature 'CCN' is supported (abis_nm.c:599)[0;m
[1;36mWed Sep 30 00:08:03 2026 [1;33mDNM[0;m[1;36m [1;33mNOTICE[0;m[1;36m OC=BTS(01) INST=(00,ff,ff): Get Attributes Response: feature 'VAMOS' is supported (abis_nm.c:599)[0;m
[1;36mWed Sep 30 00:08:03 2026 [1;33mDNM[0;m[1;36m [1;33mNOTICE[0;m[1;36m OC=BTS(01) INST=(00,ff,ff): Get Attributes Response: feature 'ABIS_OSMO_PCU' is supported (abis_nm.c:599)[0;m
[1;36mWed Sep 30 00:08:03 2026 [1;33mDNM[0;m[1;36m [1;33mNOTICE[0;m[1;36m OC=BTS(01) INST=(00,ff,ff): Get Attributes Response: feature 'BCCH_PWR_RED' is supported (abis_nm.c:599)[0;m
[1;36mWed Sep 30 00:08:03 2026 [1;33mDNM[0;m[1;36m [1;33mNOTICE[0;m[1;36m OC=BTS(01) INST=(00,ff,ff): Get Attributes Response: feature 'DYN_TS_SDCCH8' is supported (abis_nm.c:599)[0;m
[1;36mWed Sep 30 00:08:03 2026 [1;33mDNM[0;m[1;36m [1;33mNOTICE[0;m[1;36m OC=BTS(01) INST=(00,ff,ff): Get Attributes Response: feature 'ACCH_TEMP_OVP' is supported (abis_nm.c:599)[0;m
[1;36mWed Sep 30 00:08:03 2026 [1;33mDNM[0;m[1;36m [1;33mNOTICE[0;m[1;36m OC=BTS(01) INST=(00,ff,ff): Get Attributes Response: feature 'VBS' is supported (abis_nm.c:599)[0;m
[1;36mWed Sep 30 00:08:03 2026 [1;33mDNM[0;m[1;36m [1;33mNOTICE[0;m[1;36m OC=BTS(01) INST=(00,ff,ff): Get Attributes Response: feature 'VGCS' is supported (abis_nm.c:599)[0;m
[1;36mWed Sep 30 00:08:03 2026 [1;33mDNM[0;m[1;36m [1;33mNOTICE[0;m[1;36m OC=BTS(01) INST=(00,ff,ff): Get Attributes Response: feature 'TWTS001' is supported (abis_nm.c:599)[0;m
[1;36mWed Sep 30 00:08:03 2026 [1;33mDNM[0;m[1;36m [1;33mNOTICE[0;m[1;36m OC=BTS(01) INST=(00,ff,ff): Get Attributes Response: feature 'TWTS002' is supported (abis_nm.c:599)[0;m
[1;36mWed Sep 30 00:08:03 2026 [1;33mDNM[0;m[1;36m [1;33mNOTICE[0;m[1;36m OC=BTS(01) INST=(00,ff,ff): ARI reported sw[0/2]: osmobts is 1.10.0-dirty (abis_nm.c:652)[0;m
[1;36mWed Sep 30 00:08:03 2026 [1;33mDNM[0;m[1;36m [1;33mNOTICE[0;m[1;36m OC=BTS(01) INST=(00,ff,ff): Reported variant: osmo-bts-trx (abis_nm.c:534)[0;m
[1;36mWed Sep 30 00:08:03 2026 [1;31mDNM[0;m[1;36m [1;31mERROR[0;m[1;36m OC=RADIO-CARRIER(02) INST=(00,00,ff): Attribute SW Configuration is unreported (abis_nm.c:557)[0;m
[1;36mWed Sep 30 00:08:03 2026 [1;31mDNM[0;m[1;36m [1;31mERROR[0;m[1;36m OC=BASEBAND-TRANSCEIVER(04) INST=(00,00,ff): Attribute Manufacturer Dependent State is unreported (abis_nm.c:557)[0;m
[1;36mWed Sep 30 00:08:03 2026 [1;33mDNM[0;m[1;36m [1;33mNOTICE[0;m[1;36m OC=BASEBAND-TRANSCEIVER(04) INST=(00,00,ff): ARI reported sw[0/1]: TRX_PHY_VERSION is Unknown (abis_nm.c:652)[0;m
[1;35mWed Sep 30 00:08:03 2026 [1;33mDRSL[0;m[1;35m [1;33mNOTICE[0;m[1;35m (bts=1,trx=0) bootstrapping RSL on ARFCN 614 using MCC-MNC 001-01 LAC=1 CID=6012 BSIC=8 (osmo_bsc_main.c:320)[0;m
[1;36mWed Sep 30 00:08:11 2026 [1;31mDNM[0;m[1;36m [1;31mERROR[0;m[1;36m OC=GPRS-CELL(f1) INST=(00,00,ff): Attribute SW Configuration is unreported (abis_nm.c:557)[0;m
[1;36mWed Sep 30 00:08:11 2026 [1;33mDNM[0;m[1;36m [1;33mNOTICE[0;m[1;36m OC=BTS(01) INST=(00,ff,ff): Get Attributes Response: feature 'GPRS' is supported (abis_nm.c:599)[0;m
[1;36mWed Sep 30 00:08:11 2026 [1;33mDNM[0;m[1;36m [1;33mNOTICE[0;m[1;36m OC=BTS(01) INST=(00,ff,ff): Get Attributes Response: feature 'EGPRS' is supported (abis_nm.c:599)[0;m
[1;36mWed Sep 30 00:08:11 2026 [1;33mDNM[0;m[1;36m [1;33mNOTICE[0;m[1;36m OC=BTS(01) INST=(00,ff,ff): Get Attributes Response: feature 'HOPPING' is supported (abis_nm.c:599)[0;m
[1;36mWed Sep 30 00:08:11 2026 [1;33mDNM[0;m[1;36m [1;33mNOTICE[0;m[1;36m OC=BTS(01) INST=(00,ff,ff): Get Attributes Response: feature 'MULTI_TSC' is supported (abis_nm.c:599)[0;m
[1;36mWed Sep 30 00:08:11 2026 [1;33mDNM[0;m[1;36m [1;33mNOTICE[0;m[1;36m OC=BTS(01) INST=(00,ff,ff): Get Attributes Response: feature 'OML_ALERTS' is supported (abis_nm.c:599)[0;m
[1;36mWed Sep 30 00:08:11 2026 [1;33mDNM[0;m[1;36m [1;33mNOTICE[0;m[1;36m OC=BTS(01) INST=(00,ff,ff): Get Attributes Response: feature 'CBCH' is supported (abis_nm.c:599)[0;m
[1;36mWed Sep 30 00:08:11 2026 [1;33mDNM[0;m[1;36m [1;33mNOTICE[0;m[1;36m OC=BTS(01) INST=(00,ff,ff): Get Attributes Response: feature 'SPEECH_F_V1' is supported (abis_nm.c:599)[0;m
[1;36mWed Sep 30 00:08:11 2026 [1;33mDNM[0;m[1;36m [1;33mNOTICE[0;m[1;36m OC=BTS(01) INST=(00,ff,ff): Get Attributes Response: feature 'SPEECH_H_V1' is supported (abis_nm.c:599)[0;m
[1;36mWed Sep 30 00:08:11 2026 [1;33mDNM[0;m[1;36m [1;33mNOTICE[0;m[1;36m OC=BTS(01) INST=(00,ff,ff): Get Attributes Response: feature 'SPEECH_F_EFR' is supported (abis_nm.c:599)[0;m
[1;36mWed Sep 30 00:08:11 2026 [1;33mDNM[0;m[1;36m [1;33mNOTICE[0;m[1;36m OC=BTS(01) INST=(00,ff,ff): Get Attributes Response: feature 'SPEECH_F_AMR' is supported (abis_nm.c:599)[0;m
[1;36mWed Sep 30 00:08:11 2026 [1;33mDNM[0;m[1;36m [1;33mNOTICE[0;m[1;36m OC=BTS(01) INST=(00,ff,ff): Get Attributes Response: feature 'SPEECH_H_AMR' is supported (abis_nm.c:599)[0;m
[1;36mWed Sep 30 00:08:11 2026 [1;33mDNM[0;m[1;36m [1;33mNOTICE[0;m[1;36m OC=BTS(01) INST=(00,ff,ff): Get Attributes Response: feature 'ETWS_PN' is supported (abis_nm.c:599)[0;m
[1;36mWed Sep 30 00:08:11 2026 [1;33mDNM[0;m[1;36m [1;33mNOTICE[0;m[1;36m OC=BTS(01) INST=(00,ff,ff): Get Attributes Response: feature 'PAGING_COORDINATION' is supported (abis_nm.c:599)[0;m
[1;36mWed Sep 30 00:08:11 2026 [1;33mDNM[0;m[1;36m [1;33mNOTICE[0;m[1;36m OC=BTS(01) INST=(00,ff,ff): Get Attributes Response: feature 'IPV6_NSVC' is supported (abis_nm.c:599)[0;m
[1;36mWed Sep 30 00:08:11 2026 [1;33mDNM[0;m[1;36m [1;33mNOTICE[0;m[1;36m OC=BTS(01) INST=(00,ff,ff): Get Attributes Response: feature 'ACCH_REP' is supported (abis_nm.c:599)[0;m
[1;36mWed Sep 30 00:08:11 2026 [1;33mDNM[0;m[1;36m [1;33mNOTICE[0;m[1;36m OC=BTS(01) INST=(00,ff,ff): Get Attributes Response: feature 'CCN' is supported (abis_nm.c:599)[0;m
[1;36mWed Sep 30 00:08:11 2026 [1;33mDNM[0;m[1;36m [1;33mNOTICE[0;m[1;36m OC=BTS(01) INST=(00,ff,ff): Get Attributes Response: feature 'VAMOS' is supported (abis_nm.c:599)[0;m
[1;36mWed Sep 30 00:08:11 2026 [1;33mDNM[0;m[1;36m [1;33mNOTICE[0;m[1;36m OC=BTS(01) INST=(00,ff,ff): Get Attributes Response: feature 'ABIS_OSMO_PCU' is supported (abis_nm.c:599)[0;m
[1;36mWed Sep 30 00:08:11 2026 [1;33mDNM[0;m[1;36m [1;33mNOTICE[0;m[1;36m OC=BTS(01) INST=(00,ff,ff): Get Attributes Response: feature 'BCCH_PWR_RED' is supported (abis_nm.c:599)[0;m
[1;36mWed Sep 30 00:08:11 2026 [1;33mDNM[0;m[1;36m [1;33mNOTICE[0;m[1;36m OC=BTS(01) INST=(00,ff,ff): Get Attributes Response: feature 'DYN_TS_SDCCH8' is supported (abis_nm.c:599)[0;m
[1;36mWed Sep 30 00:08:11 2026 [1;33mDNM[0;m[1;36m [1;33mNOTICE[0;m[1;36m OC=BTS(01) INST=(00,ff,ff): Get Attributes Response: feature 'ACCH_TEMP_OVP' is supported (abis_nm.c:599)[0;m
[1;36mWed Sep 30 00:08:11 2026 [1;33mDNM[0;m[1;36m [1;33mNOTICE[0;m[1;36m OC=BTS(01) INST=(00,ff,ff): Get Attributes Response: feature 'VBS' is supported (abis_nm.c:599)[0;m
[1;36mWed Sep 30 00:08:11 2026 [1;33mDNM[0;m[1;36m [1;33mNOTICE[0;m[1;36m OC=BTS(01) INST=(00,ff,ff): Get Attributes Response: feature 'VGCS' is supported (abis_nm.c:599)[0;m
[1;36mWed Sep 30 00:08:11 2026 [1;33mDNM[0;m[1;36m [1;33mNOTICE[0;m[1;36m OC=BTS(01) INST=(00,ff,ff): Get Attributes Response: feature 'TWTS001' is supported (abis_nm.c:599)[0;m
[1;36mWed Sep 30 00:08:11 2026 [1;33mDNM[0;m[1;36m [1;33mNOTICE[0;m[1;36m OC=BTS(01) INST=(00,ff,ff): Get Attributes Response: feature 'TWTS002' is supported (abis_nm.c:599)[0;m
[1;36mWed Sep 30 00:08:11 2026 [1;33mDNM[0;m[1;36m [1;33mNOTICE[0;m[1;36m OC=BTS(01) INST=(00,ff,ff): ARI reported sw[0/2]: osmobts is 1.10.0-dirty (abis_nm.c:652)[0;m
[1;36mWed Sep 30 00:08:11 2026 [1;33mDNM[0;m[1;36m [1;33mNOTICE[0;m[1;36m OC=BTS(01) INST=(00,ff,ff): Reported variant: osmo-bts-trx (abis_nm.c:534)[0;m
[1;36mWed Sep 30 00:08:11 2026 [1;31mDNM[0;m[1;36m [1;31mERROR[0;m[1;36m OC=RADIO-CARRIER(02) INST=(00,00,ff): Attribute SW Configuration is unreported (abis_nm.c:557)[0;m
[1;36mWed Sep 30 00:08:11 2026 [1;31mDNM[0;m[1;36m [1;31mERROR[0;m[1;36m OC=BASEBAND-TRANSCEIVER(04) INST=(00,00,ff): Attribute Manufacturer Dependent State is unreported (abis_nm.c:557)[0;m
[1;36mWed Sep 30 00:08:11 2026 [1;33mDNM[0;m[1;36m [1;33mNOTICE[0;m[1;36m OC=BASEBAND-TRANSCEIVER(04) INST=(00,00,ff): ARI reported sw[0/1]: TRX_PHY_VERSION is Unknown (abis_nm.c:652)[0;m
[1;35mWed Sep 30 00:08:11 2026 [1;33mDRSL[0;m[1;35m [1;33mNOTICE[0;m[1;35m (bts=0,trx=0) bootstrapping RSL on ARFCN 514 using MCC-MNC 001-01 LAC=1 CID=6001 BSIC=7 (osmo_bsc_main.c:320)[0;m
[1;36mWed Sep 30 00:08:13 2026 [1;33mDNM[0;m[1;36m [1;33mNOTICE[0;m[1;36m OC=BTS(01) INST=(00,ff,ff): Reported connected PCU version 1.5.2 (abis_nm.c:352)[0;m
[1;32mWed Sep 30 00:13:47 2026 [1;33mDCHAN[0;m[1;32m [1;33mNOTICE[0;m[1;32m lchan(0-0-2-TCH_F-0)[0x56981e35f1a0]{WAIT_RF_RELEASE_ACK}: (type=TCH_F) Rx IPACC DLCX IND (cause=Normal event, unspecified [ 0f ]) (abis_rsl.c:3241)[0;m
[1;32mWed Sep 30 00:14:33 2026 [1;33mDCHAN[0;m[1;32m [1;33mNOTICE[0;m[1;32m lchan(0-0-2-TCH_F-0)[0x56981e35f1a0]{WAIT_RF_RELEASE_ACK}: (type=TCH_F) Rx IPACC DLCX IND (cause=Normal event, unspecified [ 0f ]) (abis_rsl.c:3241)[0;m
[1;32mWed Sep 30 00:15:10 2026 [1;33mDCHAN[0;m[1;32m [1;33mNOTICE[0;m[1;32m lchan(0-0-2-TCH_F-0)[0x56981e35f1a0]{WAIT_RF_RELEASE_ACK}: (type=TCH_F) Rx IPACC DLCX IND (cause=Normal event, unspecified [ 0f ]) (abis_rsl.c:3241)[0;m
[1;36mWed Sep 30 00:28:02 2026 [1;31mDNM[0;m[1;36m [1;31mERROR[0;m[1;36m OC=BTS(01) INST=(00,ff,ff): Failure Event Report: [0;m[1;36mType=processing failure, [0;m[1;36mSeverity=critical failure, [0;m[1;36mProbable cause=Manufacturer specific values: [0;m[1;36mProcess stopped, [0;m[1;36mAdditional Text=BTS: SIGINT received -> shutdown. [0;m[1;36m (abis_nm.c:341)[0;m
[38;5;23mWed Sep 30 00:28:02 2026 [1;33mDLINP[0;m[38;5;23m [1;33mNOTICE[0;m[38;5;23m SRVCONN(ts-0-1-oml,r=127.0.0.1:32799<->l=127.0.0.1:3002) connection closed with client (stream_srv.c:770)[0;m
[38;5;23mWed Sep 30 00:28:02 2026 [1;33mDLINP[0;m[38;5;23m [1;33mNOTICE[0;m[38;5;23m E1TS(0:1) failed reading from socket: 0 (ipaccess.c:554)[0;m
[38;5;23mWed Sep 30 00:28:02 2026 [1;33mDLINP[0;m[38;5;23m [1;33mNOTICE[0;m[38;5;23m E1L(0) Signalling link down (bts_ipaccess_nanobts.c:778)[0;m
[38;5;23mWed Sep 30 00:28:02 2026 [1;33mDLINP[0;m[38;5;23m [1;33mNOTICE[0;m[38;5;23m (bts=0) Dropping OML link: link down (bts_ipaccess_nanobts.c:543)[0;m
[38;5;23mWed Sep 30 00:28:02 2026 [1;33mDLINP[0;m[38;5;23m [1;33mNOTICE[0;m[38;5;23m (bts=0,trx=0) Dropping RSL link: OML link drop (bts_ipaccess_nanobts.c:514)[0;m
[38;5;23mWed Sep 30 00:28:02 2026 [1;33mDLINP[0;m[38;5;23m [1;33mNOTICE[0;m[38;5;23m E1L(0) Signalling link down (bts_ipaccess_nanobts.c:778)[0;m
[38;5;23mWed Sep 30 00:28:02 2026 [1;33mDLINP[0;m[38;5;23m [1;33mNOTICE[0;m[38;5;23m E1L(0) Signalling link down for unknown BTS (bts_ipaccess_nanobts.c:791)[0;m
[1;36mWed Sep 30 00:28:02 2026 [1;31mDNM[0;m[1;36m [1;31mERROR[0;m[1;36m OC=BTS(01) INST=(00,ff,ff): Failure Event Report: [0;m[1;36mType=processing failure, [0;m[1;36mSeverity=critical failure, [0;m[1;36mProbable cause=Manufacturer specific values: [0;m[1;36mProcess stopped, [0;m[1;36mAdditional Text=BTS: SIGINT received -> shutdown. [0;m[1;36m (abis_nm.c:341)[0;m
[38;5;23mWed Sep 30 00:28:04 2026 [1;33mDLINP[0;m[38;5;23m [1;33mNOTICE[0;m[38;5;23m SRVCONN(ts-0-1-oml,r=127.0.0.1:35935<->l=127.0.0.1:3002) connection closed with client (stream_srv.c:770)[0;m
[38;5;23mWed Sep 30 00:28:04 2026 [1;33mDLINP[0;m[38;5;23m [1;33mNOTICE[0;m[38;5;23m E1TS(0:1) failed reading from socket: 0 (ipaccess.c:554)[0;m
[38;5;23mWed Sep 30 00:28:04 2026 [1;33mDLINP[0;m[38;5;23m [1;33mNOTICE[0;m[38;5;23m E1L(0) Signalling link down (bts_ipaccess_nanobts.c:778)[0;m
[38;5;23mWed Sep 30 00:28:04 2026 [1;33mDLINP[0;m[38;5;23m [1;33mNOTICE[0;m[38;5;23m (bts=1) Dropping OML link: link down (bts_ipaccess_nanobts.c:543)[0;m
[38;5;23mWed Sep 30 00:28:04 2026 [1;33mDLINP[0;m[38;5;23m [1;33mNOTICE[0;m[38;5;23m (bts=1,trx=0) Dropping RSL link: OML link drop (bts_ipaccess_nanobts.c:514)[0;m
[38;5;23mWed Sep 30 00:28:04 2026 [1;33mDLINP[0;m[38;5;23m [1;33mNOTICE[0;m[38;5;23m E1L(0) Signalling link down (bts_ipaccess_nanobts.c:778)[0;m
[38;5;23mWed Sep 30 00:28:04 2026 [1;33mDLINP[0;m[38;5;23m [1;33mNOTICE[0;m[38;5;23m E1L(0) Signalling link down for unknown BTS (bts_ipaccess_nanobts.c:791)[0;m
[1;36mWed Sep 30 00:28:06 2026 [1;33mDNM[0;m[1;36m [1;33mNOTICE[0;m[1;36m shutting down OML for BTS 0 (bsc_init.c:57)[0;m
[1;36mWed Sep 30 00:28:06 2026 [1;33mDNM[0;m[1;36m [1;33mNOTICE[0;m[1;36m shutting down OML for BTS 1 (bsc_init.c:57)[0;m
[38;5;43mWed Sep 30 00:28:24 2026 [1;33mDLSS7[0;m[38;5;43m [1;33mNOTICE[0;m[38;5;43m 0: ASP(asp-to-stp) Applying Adm State change: ENABLED -> ENABLED (ss7_asp_vty.c:673)[0;m
Wed Sep 30 00:28:24 2026 [1;33mDLGLOBAL[0;m [1;33mNOTICE[0;m Available via telnet 127.0.0.1 4242 (telnet_interface.c:88)
[38;5;23mWed Sep 30 00:28:24 2026 [1;33mDLINP[0;m[38;5;23m [1;33mNOTICE[0;m[38;5;23m E1L(0) enabling ipaccess BSC mode on 0.0.0.0 with OML 3002 and RSL 3003 TCP ports (ipaccess.c:1028)[0;m
[38;5;33mWed Sep 30 00:28:24 2026 [1;33mDLCTRL[0;m[38;5;33m [1;33mNOTICE[0;m[38;5;33m CTRL at 127.0.0.1 4249 (control_if.c:1026)[0;m
[38;5;51mWed Sep 30 00:28:24 2026 [1;33mDLMGCP[0;m[38;5;51m [1;33mNOTICE[0;m[38;5;51m MGW(mgw) MGCP client: using endpoint domain '@mgw' (mgcp_client.c:945)[0;m
[1;36mWed Sep 30 00:28:24 2026 [1;33mDNM[0;m[1;36m [1;33mNOTICE[0;m[1;36m MGW pool with 1 pool members configured, (ignoring MGW configuration in VTY node 'msc'). (osmo_bsc_main.c:869)[0;m
Wed Sep 30 00:28:24 2026 [1;33mDMSC[0;m [1;33mNOTICE[0;m Initializing SCCP connection for A/m3ua on cs7 instance 0 (osmo_bsc_sigtran.c:817)
[38;5;45mWed Sep 30 00:28:24 2026 [1;33mDLSCCP[0;m[38;5;45m [1;33mNOTICE[0;m[38;5;45m A-0-m3ua: Using SS7 instance 0, pc:1.1.3 (sccp_instance.c:655)[0;m
[38;5;45mWed Sep 30 00:28:24 2026 [1;33mDLSCCP[0;m[38;5;45m [1;33mNOTICE[0;m[38;5;45m A-0-m3ua: Using AS instance as-bsc (sccp_instance.c:673)[0;m
[38;5;45mWed Sep 30 00:28:24 2026 [1;33mDLSCCP[0;m[38;5;45m [1;33mNOTICE[0;m[38;5;45m A-0-m3ua: Creating default route (sccp_instance.c:679)[0;m
[38;5;45mWed Sep 30 00:28:24 2026 [1;33mDLSCCP[0;m[38;5;45m [1;33mNOTICE[0;m[38;5;45m A-0-m3ua: Using ASP instance asp-to-stp (sccp_instance.c:784)[0;m
[38;5;43mWed Sep 30 00:28:24 2026 [1;33mDLSS7[0;m[38;5;43m [1;33mNOTICE[0;m[38;5;43m 0: Creating SCCP instance (ss7_instance.c:214)[0;m
Wed Sep 30 00:28:24 2026 [1;33mDMSC[0;m [1;33mNOTICE[0;m (msc=0) A-0-m3ua: local (BSC) SCCP address: RI=SSN_PC,PC=1.1.3,SSN=BSSAP (osmo_bsc_sigtran.c:870)
Wed Sep 30 00:28:24 2026 [1;33mDMSC[0;m [1;33mNOTICE[0;m (msc=0) A-0-m3ua: remote (MSC) SCCP address: RI=SSN_PC,PC=1.1.1,SSN=BSSAP (osmo_bsc_sigtran.c:872)
Wed Sep 30 00:28:24 2026 [1;33mDMSC[0;m [1;33mNOTICE[0;m (msc=0) A-0-m3ua: binding SCCP user (osmo_bsc_sigtran.c:877)
[38;5;45mWed Sep 30 00:28:24 2026 [1;31mDLSCCP[0;m[38;5;45m [1;31mERROR[0;m[38;5;45m 0: SCCP(rctx=0) MTP-TRANSFER.req from SCCP for OPC=2059=1.1.3,DPC=2057=1.1.1,SLS=4: no route! (sccp_scrc.c:177)[0;m
[38;5;45mWed Sep 30 00:28:24 2026 [1;33mDLSCCP[0;m[38;5;45m [1;33mNOTICE[0;m[38;5;45m 0: SCCP(rctx=0) SCRC Routing Failure (MTP failure) for CL message CL:CLDT (sccp_sclc.c:359)[0;m
Wed Sep 30 00:28:24 2026 [1;33mDMSC[0;m [1;33mNOTICE[0;m (msc=0) (calling_addr=RI=2,PC=2057,SSN=254) N-NOTICE.ind cause=5='MTP failure' importance=0 (osmo_bsc_sigtran.c:168)
[38;5;49mWed Sep 30 00:28:26 2026 [1;33mDLM3UA[0;m[38;5;49m [1;33mNOTICE[0;m[38;5;49m 0: ASP(asp-to-stp) Received NOTIFY Type State Change:AS Inactive () (m3ua.c:707)[0;m
[38;5;43mWed Sep 30 00:28:26 2026 [1;33mDLSS7[0;m[38;5;43m [1;33mNOTICE[0;m[38;5;43m 0: RT(dpc=2057=1.1.1,mask=0x3fff=7.255.7,prio=5,via=as-bsc,st=available) changed to status 'available' (ss7_route.c:409)[0;m
Wed Sep 30 00:28:26 2026 [1;33mDMSC[0;m [1;33mNOTICE[0;m (msc=0) now available: N-PCSTATE ind: pc=2057=1.1.1 sp_status=ACCESSIBLE remote_sccp_status=AVAILABLE (osmo_bsc_sigtran.c:319)
[38;5;43mWed Sep 30 00:28:26 2026 [1;33mDLSS7[0;m[38;5;43m [1;33mNOTICE[0;m[38;5;43m xua_default_lm(asp-to-stp)[0x5dd75f95e0a0]{ACTIVE}: Ignoring primitive M-ASP_ACTIVE.confirm (xua_default_lm_fsm.c:406)[0;m
[38;5;49mWed Sep 30 00:28:26 2026 [1;33mDLM3UA[0;m[38;5;49m [1;33mNOTICE[0;m[38;5;49m 0: ASP(asp-to-stp) Received NOTIFY Type State Change:AS Active () (m3ua.c:707)[0;m
[38;5;49mWed Sep 30 00:28:26 2026 [1;33mDLM3UA[0;m[38;5;49m [1;33mNOTICE[0;m[38;5;49m 0: ASP(asp-to-stp) Rx DUNA(RFC4666 4.5.1) for 1.1.2/0 (xua_snm.c:501)[0;m
[38;5;43mWed Sep 30 00:28:26 2026 [1;33mDLSS7[0;m[38;5;43m [1;33mNOTICE[0;m[38;5;43m 0: RT(dpc=2058=1.1.2,mask=0x3fff=7.255.7,prio=5,via=as-bsc,st=available) changed to status 'unavailable' (ss7_route.c:409)[0;m
Wed Sep 30 00:28:26 2026 [1;33mDMSC[0;m [1;33mNOTICE[0;m (msc=0) RESET ACK from MSC: RI=SSN_PC,PC=1.1.1,SSN=BSSAP (osmo_bsc_bssap.c:84)
Wed Sep 30 00:28:26 2026 [1;33mDRESET[0;m [1;33mNOTICE[0;m bssmap_reset(msc-0)[0x5dd75f9db3b0]{CONNECTED}: link up (bssmap_reset.c:83)
Wed Sep 30 00:28:26 2026 [1;33mDMSC[0;m [1;33mNOTICE[0;m (msc=0) BSSMAP association is up (a_reset.c:45)
[1;36mWed Sep 30 00:28:34 2026 [1;33mDNM[0;m[1;36m [1;33mNOTICE[0;m[1;36m OC=BTS(01) INST=(00,ff,ff): Get Attributes Response: feature 'GPRS' is supported (abis_nm.c:599)[0;m
[1;36mWed Sep 30 00:28:34 2026 [1;33mDNM[0;m[1;36m [1;33mNOTICE[0;m[1;36m OC=BTS(01) INST=(00,ff,ff): Get Attributes Response: feature 'EGPRS' is supported (abis_nm.c:599)[0;m
[1;36mWed Sep 30 00:28:34 2026 [1;33mDNM[0;m[1;36m [1;33mNOTICE[0;m[1;36m OC=BTS(01) INST=(00,ff,ff): Get Attributes Response: feature 'HOPPING' is supported (abis_nm.c:599)[0;m
[1;36mWed Sep 30 00:28:34 2026 [1;33mDNM[0;m[1;36m [1;33mNOTICE[0;m[1;36m OC=BTS(01) INST=(00,ff,ff): Get Attributes Response: feature 'MULTI_TSC' is supported (abis_nm.c:599)[0;m
[1;36mWed Sep 30 00:28:34 2026 [1;33mDNM[0;m[1;36m [1;33mNOTICE[0;m[1;36m OC=BTS(01) INST=(00,ff,ff): Get Attributes Response: feature 'OML_ALERTS' is supported (abis_nm.c:599)[0;m
[1;36mWed Sep 30 00:28:34 2026 [1;33mDNM[0;m[1;36m [1;33mNOTICE[0;m[1;36m OC=BTS(01) INST=(00,ff,ff): Get Attributes Response: feature 'CBCH' is supported (abis_nm.c:599)[0;m
[1;36mWed Sep 30 00:28:34 2026 [1;33mDNM[0;m[1;36m [1;33mNOTICE[0;m[1;36m OC=BTS(01) INST=(00,ff,ff): Get Attributes Response: feature 'SPEECH_F_V1' is supported (abis_nm.c:599)[0;m
[1;36mWed Sep 30 00:28:34 2026 [1;33mDNM[0;m[1;36m [1;33mNOTICE[0;m[1;36m OC=BTS(01) INST=(00,ff,ff): Get Attributes Response: feature 'SPEECH_H_V1' is supported (abis_nm.c:599)[0;m
[1;36mWed Sep 30 00:28:34 2026 [1;33mDNM[0;m[1;36m [1;33mNOTICE[0;m[1;36m OC=BTS(01) INST=(00,ff,ff): Get Attributes Response: feature 'SPEECH_F_EFR' is supported (abis_nm.c:599)[0;m
[1;36mWed Sep 30 00:28:34 2026 [1;33mDNM[0;m[1;36m [1;33mNOTICE[0;m[1;36m OC=BTS(01) INST=(00,ff,ff): Get Attributes Response: feature 'SPEECH_F_AMR' is supported (abis_nm.c:599)[0;m
[1;36mWed Sep 30 00:28:34 2026 [1;33mDNM[0;m[1;36m [1;33mNOTICE[0;m[1;36m OC=BTS(01) INST=(00,ff,ff): Get Attributes Response: feature 'SPEECH_H_AMR' is supported (abis_nm.c:599)[0;m
[1;36mWed Sep 30 00:28:34 2026 [1;33mDNM[0;m[1;36m [1;33mNOTICE[0;m[1;36m OC=BTS(01) INST=(00,ff,ff): Get Attributes Response: feature 'ETWS_PN' is supported (abis_nm.c:599)[0;m
[1;36mWed Sep 30 00:28:34 2026 [1;33mDNM[0;m[1;36m [1;33mNOTICE[0;m[1;36m OC=BTS(01) INST=(00,ff,ff): Get Attributes Response: feature 'PAGING_COORDINATION' is supported (abis_nm.c:599)[0;m
[1;36mWed Sep 30 00:28:34 2026 [1;33mDNM[0;m[1;36m [1;33mNOTICE[0;m[1;36m OC=BTS(01) INST=(00,ff,ff): Get Attributes Response: feature 'IPV6_NSVC' is supported (abis_nm.c:599)[0;m
[1;36mWed Sep 30 00:28:34 2026 [1;33mDNM[0;m[1;36m [1;33mNOTICE[0;m[1;36m OC=BTS(01) INST=(00,ff,ff): Get Attributes Response: feature 'ACCH_REP' is supported (abis_nm.c:599)[0;m
[1;36mWed Sep 30 00:28:34 2026 [1;33mDNM[0;m[1;36m [1;33mNOTICE[0;m[1;36m OC=BTS(01) INST=(00,ff,ff): Get Attributes Response: feature 'CCN' is supported (abis_nm.c:599)[0;m
[1;36mWed Sep 30 00:28:34 2026 [1;33mDNM[0;m[1;36m [1;33mNOTICE[0;m[1;36m OC=BTS(01) INST=(00,ff,ff): Get Attributes Response: feature 'VAMOS' is supported (abis_nm.c:599)[0;m
[1;36mWed Sep 30 00:28:34 2026 [1;33mDNM[0;m[1;36m [1;33mNOTICE[0;m[1;36m OC=BTS(01) INST=(00,ff,ff): Get Attributes Response: feature 'ABIS_OSMO_PCU' is supported (abis_nm.c:599)[0;m
[1;36mWed Sep 30 00:28:34 2026 [1;33mDNM[0;m[1;36m [1;33mNOTICE[0;m[1;36m OC=BTS(01) INST=(00,ff,ff): Get Attributes Response: feature 'BCCH_PWR_RED' is supported (abis_nm.c:599)[0;m
[1;36mWed Sep 30 00:28:34 2026 [1;33mDNM[0;m[1;36m [1;33mNOTICE[0;m[1;36m OC=BTS(01) INST=(00,ff,ff): Get Attributes Response: feature 'DYN_TS_SDCCH8' is supported (abis_nm.c:599)[0;m
[1;36mWed Sep 30 00:28:34 2026 [1;33mDNM[0;m[1;36m [1;33mNOTICE[0;m[1;36m OC=BTS(01) INST=(00,ff,ff): Get Attributes Response: feature 'ACCH_TEMP_OVP' is supported (abis_nm.c:599)[0;m
[1;36mWed Sep 30 00:28:34 2026 [1;33mDNM[0;m[1;36m [1;33mNOTICE[0;m[1;36m OC=BTS(01) INST=(00,ff,ff): Get Attributes Response: feature 'VBS' is supported (abis_nm.c:599)[0;m
[1;36mWed Sep 30 00:28:34 2026 [1;33mDNM[0;m[1;36m [1;33mNOTICE[0;m[1;36m OC=BTS(01) INST=(00,ff,ff): Get Attributes Response: feature 'VGCS' is supported (abis_nm.c:599)[0;m
[1;36mWed Sep 30 00:28:34 2026 [1;33mDNM[0;m[1;36m [1;33mNOTICE[0;m[1;36m OC=BTS(01) INST=(00,ff,ff): Get Attributes Response: feature 'TWTS001' is supported (abis_nm.c:599)[0;m
[1;36mWed Sep 30 00:28:34 2026 [1;33mDNM[0;m[1;36m [1;33mNOTICE[0;m[1;36m OC=BTS(01) INST=(00,ff,ff): Get Attributes Response: feature 'TWTS002' is supported (abis_nm.c:599)[0;m
[1;36mWed Sep 30 00:28:34 2026 [1;33mDNM[0;m[1;36m [1;33mNOTICE[0;m[1;36m OC=BTS(01) INST=(00,ff,ff): ARI reported sw[0/2]: osmobts is 1.10.0-dirty (abis_nm.c:652)[0;m
[1;36mWed Sep 30 00:28:34 2026 [1;33mDNM[0;m[1;36m [1;33mNOTICE[0;m[1;36m OC=BTS(01) INST=(00,ff,ff): Reported variant: osmo-bts-trx (abis_nm.c:534)[0;m
[1;36mWed Sep 30 00:28:34 2026 [1;31mDNM[0;m[1;36m [1;31mERROR[0;m[1;36m OC=RADIO-CARRIER(02) INST=(00,00,ff): Attribute SW Configuration is unreported (abis_nm.c:557)[0;m
[1;36mWed Sep 30 00:28:34 2026 [1;31mDNM[0;m[1;36m [1;31mERROR[0;m[1;36m OC=BASEBAND-TRANSCEIVER(04) INST=(00,00,ff): Attribute Manufacturer Dependent State is unreported (abis_nm.c:557)[0;m
[1;36mWed Sep 30 00:28:34 2026 [1;33mDNM[0;m[1;36m [1;33mNOTICE[0;m[1;36m OC=BASEBAND-TRANSCEIVER(04) INST=(00,00,ff): ARI reported sw[0/1]: TRX_PHY_VERSION is Unknown (abis_nm.c:652)[0;m
[1;35mWed Sep 30 00:28:34 2026 [1;33mDRSL[0;m[1;35m [1;33mNOTICE[0;m[1;35m (bts=1,trx=0) bootstrapping RSL on ARFCN 614 using MCC-MNC 001-01 LAC=1 CID=6012 BSIC=8 (osmo_bsc_main.c:320)[0;m
[1;36mWed Sep 30 00:28:42 2026 [1;31mDNM[0;m[1;36m [1;31mERROR[0;m[1;36m OC=GPRS-CELL(f1) INST=(00,00,ff): Attribute SW Configuration is unreported (abis_nm.c:557)[0;m
[1;36mWed Sep 30 00:28:42 2026 [1;33mDNM[0;m[1;36m [1;33mNOTICE[0;m[1;36m OC=BTS(01) INST=(00,ff,ff): Get Attributes Response: feature 'GPRS' is supported (abis_nm.c:599)[0;m
[1;36mWed Sep 30 00:28:42 2026 [1;33mDNM[0;m[1;36m [1;33mNOTICE[0;m[1;36m OC=BTS(01) INST=(00,ff,ff): Get Attributes Response: feature 'EGPRS' is supported (abis_nm.c:599)[0;m
[1;36mWed Sep 30 00:28:42 2026 [1;33mDNM[0;m[1;36m [1;33mNOTICE[0;m[1;36m OC=BTS(01) INST=(00,ff,ff): Get Attributes Response: feature 'HOPPING' is supported (abis_nm.c:599)[0;m
[1;36mWed Sep 30 00:28:42 2026 [1;33mDNM[0;m[1;36m [1;33mNOTICE[0;m[1;36m OC=BTS(01) INST=(00,ff,ff): Get Attributes Response: feature 'MULTI_TSC' is supported (abis_nm.c:599)[0;m
[1;36mWed Sep 30 00:28:42 2026 [1;33mDNM[0;m[1;36m [1;33mNOTICE[0;m[1;36m OC=BTS(01) INST=(00,ff,ff): Get Attributes Response: feature 'OML_ALERTS' is supported (abis_nm.c:599)[0;m
[1;36mWed Sep 30 00:28:42 2026 [1;33mDNM[0;m[1;36m [1;33mNOTICE[0;m[1;36m OC=BTS(01) INST=(00,ff,ff): Get Attributes Response: feature 'CBCH' is supported (abis_nm.c:599)[0;m
[1;36mWed Sep 30 00:28:42 2026 [1;33mDNM[0;m[1;36m [1;33mNOTICE[0;m[1;36m OC=BTS(01) INST=(00,ff,ff): Get Attributes Response: feature 'SPEECH_F_V1' is supported (abis_nm.c:599)[0;m
[1;36mWed Sep 30 00:28:42 2026 [1;33mDNM[0;m[1;36m [1;33mNOTICE[0;m[1;36m OC=BTS(01) INST=(00,ff,ff): Get Attributes Response: feature 'SPEECH_H_V1' is supported (abis_nm.c:599)[0;m
[1;36mWed Sep 30 00:28:42 2026 [1;33mDNM[0;m[1;36m [1;33mNOTICE[0;m[1;36m OC=BTS(01) INST=(00,ff,ff): Get Attributes Response: feature 'SPEECH_F_EFR' is supported (abis_nm.c:599)[0;m
[1;36mWed Sep 30 00:28:42 2026 [1;33mDNM[0;m[1;36m [1;33mNOTICE[0;m[1;36m OC=BTS(01) INST=(00,ff,ff): Get Attributes Response: feature 'SPEECH_F_AMR' is supported (abis_nm.c:599)[0;m
[1;36mWed Sep 30 00:28:42 2026 [1;33mDNM[0;m[1;36m [1;33mNOTICE[0;m[1;36m OC=BTS(01) INST=(00,ff,ff): Get Attributes Response: feature 'SPEECH_H_AMR' is supported (abis_nm.c:599)[0;m
[1;36mWed Sep 30 00:28:42 2026 [1;33mDNM[0;m[1;36m [1;33mNOTICE[0;m[1;36m OC=BTS(01) INST=(00,ff,ff): Get Attributes Response: feature 'ETWS_PN' is supported (abis_nm.c:599)[0;m
[1;36mWed Sep 30 00:28:42 2026 [1;33mDNM[0;m[1;36m [1;33mNOTICE[0;m[1;36m OC=BTS(01) INST=(00,ff,ff): Get Attributes Response: feature 'PAGING_COORDINATION' is supported (abis_nm.c:599)[0;m
[1;36mWed Sep 30 00:28:42 2026 [1;33mDNM[0;m[1;36m [1;33mNOTICE[0;m[1;36m OC=BTS(01) INST=(00,ff,ff): Get Attributes Response: feature 'IPV6_NSVC' is supported (abis_nm.c:599)[0;m
[1;36mWed Sep 30 00:28:42 2026 [1;33mDNM[0;m[1;36m [1;33mNOTICE[0;m[1;36m OC=BTS(01) INST=(00,ff,ff): Get Attributes Response: feature 'ACCH_REP' is supported (abis_nm.c:599)[0;m
[1;36mWed Sep 30 00:28:42 2026 [1;33mDNM[0;m[1;36m [1;33mNOTICE[0;m[1;36m OC=BTS(01) INST=(00,ff,ff): Get Attributes Response: feature 'CCN' is supported (abis_nm.c:599)[0;m
[1;36mWed Sep 30 00:28:42 2026 [1;33mDNM[0;m[1;36m [1;33mNOTICE[0;m[1;36m OC=BTS(01) INST=(00,ff,ff): Get Attributes Response: feature 'VAMOS' is supported (abis_nm.c:599)[0;m
[1;36mWed Sep 30 00:28:42 2026 [1;33mDNM[0;m[1;36m [1;33mNOTICE[0;m[1;36m OC=BTS(01) INST=(00,ff,ff): Get Attributes Response: feature 'ABIS_OSMO_PCU' is supported (abis_nm.c:599)[0;m
[1;36mWed Sep 30 00:28:42 2026 [1;33mDNM[0;m[1;36m [1;33mNOTICE[0;m[1;36m OC=BTS(01) INST=(00,ff,ff): Get Attributes Response: feature 'BCCH_PWR_RED' is supported (abis_nm.c:599)[0;m
[1;36mWed Sep 30 00:28:42 2026 [1;33mDNM[0;m[1;36m [1;33mNOTICE[0;m[1;36m OC=BTS(01) INST=(00,ff,ff): Get Attributes Response: feature 'DYN_TS_SDCCH8' is supported (abis_nm.c:599)[0;m
[1;36mWed Sep 30 00:28:42 2026 [1;33mDNM[0;m[1;36m [1;33mNOTICE[0;m[1;36m OC=BTS(01) INST=(00,ff,ff): Get Attributes Response: feature 'ACCH_TEMP_OVP' is supported (abis_nm.c:599)[0;m
[1;36mWed Sep 30 00:28:42 2026 [1;33mDNM[0;m[1;36m [1;33mNOTICE[0;m[1;36m OC=BTS(01) INST=(00,ff,ff): Get Attributes Response: feature 'VBS' is supported (abis_nm.c:599)[0;m
[1;36mWed Sep 30 00:28:42 2026 [1;33mDNM[0;m[1;36m [1;33mNOTICE[0;m[1;36m OC=BTS(01) INST=(00,ff,ff): Get Attributes Response: feature 'VGCS' is supported (abis_nm.c:599)[0;m
[1;36mWed Sep 30 00:28:42 2026 [1;33mDNM[0;m[1;36m [1;33mNOTICE[0;m[1;36m OC=BTS(01) INST=(00,ff,ff): Get Attributes Response: feature 'TWTS001' is supported (abis_nm.c:599)[0;m
[1;36mWed Sep 30 00:28:42 2026 [1;33mDNM[0;m[1;36m [1;33mNOTICE[0;m[1;36m OC=BTS(01) INST=(00,ff,ff): Get Attributes Response: feature 'TWTS002' is supported (abis_nm.c:599)[0;m
[1;36mWed Sep 30 00:28:42 2026 [1;33mDNM[0;m[1;36m [1;33mNOTICE[0;m[1;36m OC=BTS(01) INST=(00,ff,ff): ARI reported sw[0/2]: osmobts is 1.10.0-dirty (abis_nm.c:652)[0;m
[1;36mWed Sep 30 00:28:42 2026 [1;33mDNM[0;m[1;36m [1;33mNOTICE[0;m[1;36m OC=BTS(01) INST=(00,ff,ff): Reported variant: osmo-bts-trx (abis_nm.c:534)[0;m
[1;36mWed Sep 30 00:28:42 2026 [1;31mDNM[0;m[1;36m [1;31mERROR[0;m[1;36m OC=RADIO-CARRIER(02) INST=(00,00,ff): Attribute SW Configuration is unreported (abis_nm.c:557)[0;m
[1;36mWed Sep 30 00:28:42 2026 [1;31mDNM[0;m[1;36m [1;31mERROR[0;m[1;36m OC=BASEBAND-TRANSCEIVER(04) INST=(00,00,ff): Attribute Manufacturer Dependent State is unreported (abis_nm.c:557)[0;m
[1;36mWed Sep 30 00:28:42 2026 [1;33mDNM[0;m[1;36m [1;33mNOTICE[0;m[1;36m OC=BASEBAND-TRANSCEIVER(04) INST=(00,00,ff): ARI reported sw[0/1]: TRX_PHY_VERSION is Unknown (abis_nm.c:652)[0;m
[1;35mWed Sep 30 00:28:42 2026 [1;33mDRSL[0;m[1;35m [1;33mNOTICE[0;m[1;35m (bts=0,trx=0) bootstrapping RSL on ARFCN 514 using MCC-MNC 001-01 LAC=1 CID=6001 BSIC=7 (osmo_bsc_main.c:320)[0;m
[1;36mWed Sep 30 00:28:44 2026 [1;33mDNM[0;m[1;36m [1;33mNOTICE[0;m[1;36m OC=BTS(01) INST=(00,ff,ff): Reported connected PCU version 1.5.2 (abis_nm.c:352)[0;m
[1;36mWed Sep 30 00:35:18 2026 [1;31mDNM[0;m[1;36m [1;31mERROR[0;m[1;36m OC=BTS(01) INST=(00,ff,ff): Failure Event Report: [0;m[1;36mType=processing failure, [0;m[1;36mSeverity=critical failure, [0;m[1;36mProbable cause=Manufacturer specific values: [0;m[1;36mProcess stopped, [0;m[1;36mAdditional Text=BTS: SIGINT received -> shutdown. [0;m[1;36m (abis_nm.c:341)[0;m
[38;5;23mWed Sep 30 00:35:18 2026 [1;33mDLINP[0;m[38;5;23m [1;33mNOTICE[0;m[38;5;23m SRVCONN(ts-0-1-oml,r=127.0.0.1:34341<->l=127.0.0.1:3002) connection closed with client (stream_srv.c:770)[0;m
[38;5;23mWed Sep 30 00:35:18 2026 [1;33mDLINP[0;m[38;5;23m [1;33mNOTICE[0;m[38;5;23m E1TS(0:1) failed reading from socket: 0 (ipaccess.c:554)[0;m
[38;5;23mWed Sep 30 00:35:18 2026 [1;33mDLINP[0;m[38;5;23m [1;33mNOTICE[0;m[38;5;23m E1L(0) Signalling link down (bts_ipaccess_nanobts.c:778)[0;m
[38;5;23mWed Sep 30 00:35:18 2026 [1;33mDLINP[0;m[38;5;23m [1;33mNOTICE[0;m[38;5;23m (bts=0) Dropping OML link: link down (bts_ipaccess_nanobts.c:543)[0;m
[38;5;23mWed Sep 30 00:35:18 2026 [1;33mDLINP[0;m[38;5;23m [1;33mNOTICE[0;m[38;5;23m (bts=0,trx=0) Dropping RSL link: OML link drop (bts_ipaccess_nanobts.c:514)[0;m
[38;5;23mWed Sep 30 00:35:18 2026 [1;33mDLINP[0;m[38;5;23m [1;33mNOTICE[0;m[38;5;23m E1L(0) Signalling link down (bts_ipaccess_nanobts.c:778)[0;m
[38;5;23mWed Sep 30 00:35:18 2026 [1;33mDLINP[0;m[38;5;23m [1;33mNOTICE[0;m[38;5;23m E1L(0) Signalling link down for unknown BTS (bts_ipaccess_nanobts.c:791)[0;m
[1;36mWed Sep 30 00:35:18 2026 [1;31mDNM[0;m[1;36m [1;31mERROR[0;m[1;36m OC=BTS(01) INST=(00,ff,ff): Failure Event Report: [0;m[1;36mType=processing failure, [0;m[1;36mSeverity=critical failure, [0;m[1;36mProbable cause=Manufacturer specific values: [0;m[1;36mProcess stopped, [0;m[1;36mAdditional Text=BTS: SIGINT received -> shutdown. [0;m[1;36m (abis_nm.c:341)[0;m
[38;5;23mWed Sep 30 00:35:20 2026 [1;33mDLINP[0;m[38;5;23m [1;33mNOTICE[0;m[38;5;23m SRVCONN(ts-0-1-oml,r=127.0.0.1:39285<->l=127.0.0.1:3002) connection closed with client (stream_srv.c:770)[0;m
[38;5;23mWed Sep 30 00:35:20 2026 [1;33mDLINP[0;m[38;5;23m [1;33mNOTICE[0;m[38;5;23m E1TS(0:1) failed reading from socket: 0 (ipaccess.c:554)[0;m
[38;5;23mWed Sep 30 00:35:20 2026 [1;33mDLINP[0;m[38;5;23m [1;33mNOTICE[0;m[38;5;23m E1L(0) Signalling link down (bts_ipaccess_nanobts.c:778)[0;m
[38;5;23mWed Sep 30 00:35:20 2026 [1;33mDLINP[0;m[38;5;23m [1;33mNOTICE[0;m[38;5;23m (bts=1) Dropping OML link: link down (bts_ipaccess_nanobts.c:543)[0;m
[38;5;23mWed Sep 30 00:35:20 2026 [1;33mDLINP[0;m[38;5;23m [1;33mNOTICE[0;m[38;5;23m (bts=1,trx=0) Dropping RSL link: OML link drop (bts_ipaccess_nanobts.c:514)[0;m
[38;5;23mWed Sep 30 00:35:20 2026 [1;33mDLINP[0;m[38;5;23m [1;33mNOTICE[0;m[38;5;23m E1L(0) Signalling link down (bts_ipaccess_nanobts.c:778)[0;m
[38;5;23mWed Sep 30 00:35:20 2026 [1;33mDLINP[0;m[38;5;23m [1;33mNOTICE[0;m[38;5;23m E1L(0) Signalling link down for unknown BTS (bts_ipaccess_nanobts.c:791)[0;m
[1;36mWed Sep 30 00:35:21 2026 [1;33mDNM[0;m[1;36m [1;33mNOTICE[0;m[1;36m shutting down OML for BTS 0 (bsc_init.c:57)[0;m
[1;36mWed Sep 30 00:35:21 2026 [1;33mDNM[0;m[1;36m [1;33mNOTICE[0;m[1;36m shutting down OML for BTS 1 (bsc_init.c:57)[0;m
[38;5;43mWed Sep 30 00:36:21 2026 [1;33mDLSS7[0;m[38;5;43m [1;33mNOTICE[0;m[38;5;43m 0: ASP(asp-to-stp) Applying Adm State change: ENABLED -> ENABLED (ss7_asp_vty.c:673)[0;m
Wed Sep 30 00:36:21 2026 [1;33mDLGLOBAL[0;m [1;33mNOTICE[0;m Available via telnet 127.0.0.1 4242 (telnet_interface.c:88)
[38;5;23mWed Sep 30 00:36:21 2026 [1;33mDLINP[0;m[38;5;23m [1;33mNOTICE[0;m[38;5;23m E1L(0) enabling ipaccess BSC mode on 0.0.0.0 with OML 3002 and RSL 3003 TCP ports (ipaccess.c:1028)[0;m
[38;5;33mWed Sep 30 00:36:21 2026 [1;33mDLCTRL[0;m[38;5;33m [1;33mNOTICE[0;m[38;5;33m CTRL at 127.0.0.1 4249 (control_if.c:1026)[0;m
[38;5;51mWed Sep 30 00:36:21 2026 [1;33mDLMGCP[0;m[38;5;51m [1;33mNOTICE[0;m[38;5;51m MGW(mgw) MGCP client: using endpoint domain '@mgw' (mgcp_client.c:945)[0;m
[1;36mWed Sep 30 00:36:21 2026 [1;33mDNM[0;m[1;36m [1;33mNOTICE[0;m[1;36m MGW pool with 1 pool members configured, (ignoring MGW configuration in VTY node 'msc'). (osmo_bsc_main.c:869)[0;m
Wed Sep 30 00:36:21 2026 [1;33mDMSC[0;m [1;33mNOTICE[0;m Initializing SCCP connection for A/m3ua on cs7 instance 0 (osmo_bsc_sigtran.c:817)
[38;5;45mWed Sep 30 00:36:21 2026 [1;33mDLSCCP[0;m[38;5;45m [1;33mNOTICE[0;m[38;5;45m A-0-m3ua: Using SS7 instance 0, pc:1.1.3 (sccp_instance.c:655)[0;m
[38;5;45mWed Sep 30 00:36:21 2026 [1;33mDLSCCP[0;m[38;5;45m [1;33mNOTICE[0;m[38;5;45m A-0-m3ua: Using AS instance as-bsc (sccp_instance.c:673)[0;m
[38;5;45mWed Sep 30 00:36:21 2026 [1;33mDLSCCP[0;m[38;5;45m [1;33mNOTICE[0;m[38;5;45m A-0-m3ua: Creating default route (sccp_instance.c:679)[0;m
[38;5;45mWed Sep 30 00:36:21 2026 [1;33mDLSCCP[0;m[38;5;45m [1;33mNOTICE[0;m[38;5;45m A-0-m3ua: Using ASP instance asp-to-stp (sccp_instance.c:784)[0;m
[38;5;43mWed Sep 30 00:36:21 2026 [1;33mDLSS7[0;m[38;5;43m [1;33mNOTICE[0;m[38;5;43m 0: Creating SCCP instance (ss7_instance.c:214)[0;m
Wed Sep 30 00:36:21 2026 [1;33mDMSC[0;m [1;33mNOTICE[0;m (msc=0) A-0-m3ua: local (BSC) SCCP address: RI=SSN_PC,PC=1.1.3,SSN=BSSAP (osmo_bsc_sigtran.c:870)
Wed Sep 30 00:36:21 2026 [1;33mDMSC[0;m [1;33mNOTICE[0;m (msc=0) A-0-m3ua: remote (MSC) SCCP address: RI=SSN_PC,PC=1.1.1,SSN=BSSAP (osmo_bsc_sigtran.c:872)
Wed Sep 30 00:36:21 2026 [1;33mDMSC[0;m [1;33mNOTICE[0;m (msc=0) A-0-m3ua: binding SCCP user (osmo_bsc_sigtran.c:877)
[38;5;45mWed Sep 30 00:36:21 2026 [1;31mDLSCCP[0;m[38;5;45m [1;31mERROR[0;m[38;5;45m 0: SCCP(rctx=0) MTP-TRANSFER.req from SCCP for OPC=2059=1.1.3,DPC=2057=1.1.1,SLS=15: no route! (sccp_scrc.c:177)[0;m
[38;5;45mWed Sep 30 00:36:21 2026 [1;33mDLSCCP[0;m[38;5;45m [1;33mNOTICE[0;m[38;5;45m 0: SCCP(rctx=0) SCRC Routing Failure (MTP failure) for CL message CL:CLDT (sccp_sclc.c:359)[0;m
Wed Sep 30 00:36:21 2026 [1;33mDMSC[0;m [1;33mNOTICE[0;m (msc=0) (calling_addr=RI=2,PC=2057,SSN=254) N-NOTICE.ind cause=5='MTP failure' importance=0 (osmo_bsc_sigtran.c:168)
[38;5;49mWed Sep 30 00:36:23 2026 [1;33mDLM3UA[0;m[38;5;49m [1;33mNOTICE[0;m[38;5;49m 0: ASP(asp-to-stp) Received NOTIFY Type State Change:AS Inactive () (m3ua.c:707)[0;m
[38;5;43mWed Sep 30 00:36:23 2026 [1;33mDLSS7[0;m[38;5;43m [1;33mNOTICE[0;m[38;5;43m 0: RT(dpc=2057=1.1.1,mask=0x3fff=7.255.7,prio=5,via=as-bsc,st=available) changed to status 'available' (ss7_route.c:409)[0;m
Wed Sep 30 00:36:23 2026 [1;33mDMSC[0;m [1;33mNOTICE[0;m (msc=0) now available: N-PCSTATE ind: pc=2057=1.1.1 sp_status=ACCESSIBLE remote_sccp_status=AVAILABLE (osmo_bsc_sigtran.c:319)
[38;5;43mWed Sep 30 00:36:23 2026 [1;33mDLSS7[0;m[38;5;43m [1;33mNOTICE[0;m[38;5;43m xua_default_lm(asp-to-stp)[0x5db3d13b10a0]{ACTIVE}: Ignoring primitive M-ASP_ACTIVE.confirm (xua_default_lm_fsm.c:406)[0;m
[38;5;49mWed Sep 30 00:36:23 2026 [1;33mDLM3UA[0;m[38;5;49m [1;33mNOTICE[0;m[38;5;49m 0: ASP(asp-to-stp) Received NOTIFY Type State Change:AS Active () (m3ua.c:707)[0;m
[38;5;49mWed Sep 30 00:36:23 2026 [1;33mDLM3UA[0;m[38;5;49m [1;33mNOTICE[0;m[38;5;49m 0: ASP(asp-to-stp) Rx DUNA(RFC4666 4.5.1) for 1.1.2/0 (xua_snm.c:501)[0;m
[38;5;43mWed Sep 30 00:36:23 2026 [1;33mDLSS7[0;m[38;5;43m [1;33mNOTICE[0;m[38;5;43m 0: RT(dpc=2058=1.1.2,mask=0x3fff=7.255.7,prio=5,via=as-bsc,st=available) changed to status 'unavailable' (ss7_route.c:409)[0;m
Wed Sep 30 00:36:23 2026 [1;33mDMSC[0;m [1;33mNOTICE[0;m (msc=0) RESET ACK from MSC: RI=SSN_PC,PC=1.1.1,SSN=BSSAP (osmo_bsc_bssap.c:84)
Wed Sep 30 00:36:23 2026 [1;33mDRESET[0;m [1;33mNOTICE[0;m bssmap_reset(msc-0)[0x5db3d142e3b0]{CONNECTED}: link up (bssmap_reset.c:83)
Wed Sep 30 00:36:23 2026 [1;33mDMSC[0;m [1;33mNOTICE[0;m (msc=0) BSSMAP association is up (a_reset.c:45)
[1;36mWed Sep 30 00:36:31 2026 [1;33mDNM[0;m[1;36m [1;33mNOTICE[0;m[1;36m OC=BTS(01) INST=(00,ff,ff): Get Attributes Response: feature 'GPRS' is supported (abis_nm.c:599)[0;m
[1;36mWed Sep 30 00:36:31 2026 [1;33mDNM[0;m[1;36m [1;33mNOTICE[0;m[1;36m OC=BTS(01) INST=(00,ff,ff): Get Attributes Response: feature 'EGPRS' is supported (abis_nm.c:599)[0;m
[1;36mWed Sep 30 00:36:31 2026 [1;33mDNM[0;m[1;36m [1;33mNOTICE[0;m[1;36m OC=BTS(01) INST=(00,ff,ff): Get Attributes Response: feature 'HOPPING' is supported (abis_nm.c:599)[0;m
[1;36mWed Sep 30 00:36:31 2026 [1;33mDNM[0;m[1;36m [1;33mNOTICE[0;m[1;36m OC=BTS(01) INST=(00,ff,ff): Get Attributes Response: feature 'MULTI_TSC' is supported (abis_nm.c:599)[0;m
[1;36mWed Sep 30 00:36:31 2026 [1;33mDNM[0;m[1;36m [1;33mNOTICE[0;m[1;36m OC=BTS(01) INST=(00,ff,ff): Get Attributes Response: feature 'OML_ALERTS' is supported (abis_nm.c:599)[0;m
[1;36mWed Sep 30 00:36:31 2026 [1;33mDNM[0;m[1;36m [1;33mNOTICE[0;m[1;36m OC=BTS(01) INST=(00,ff,ff): Get Attributes Response: feature 'CBCH' is supported (abis_nm.c:599)[0;m
[1;36mWed Sep 30 00:36:31 2026 [1;33mDNM[0;m[1;36m [1;33mNOTICE[0;m[1;36m OC=BTS(01) INST=(00,ff,ff): Get Attributes Response: feature 'SPEECH_F_V1' is supported (abis_nm.c:599)[0;m
[1;36mWed Sep 30 00:36:31 2026 [1;33mDNM[0;m[1;36m [1;33mNOTICE[0;m[1;36m OC=BTS(01) INST=(00,ff,ff): Get Attributes Response: feature 'SPEECH_H_V1' is supported (abis_nm.c:599)[0;m
[1;36mWed Sep 30 00:36:31 2026 [1;33mDNM[0;m[1;36m [1;33mNOTICE[0;m[1;36m OC=BTS(01) INST=(00,ff,ff): Get Attributes Response: feature 'SPEECH_F_EFR' is supported (abis_nm.c:599)[0;m
[1;36mWed Sep 30 00:36:31 2026 [1;33mDNM[0;m[1;36m [1;33mNOTICE[0;m[1;36m OC=BTS(01) INST=(00,ff,ff): Get Attributes Response: feature 'SPEECH_F_AMR' is supported (abis_nm.c:599)[0;m
[1;36mWed Sep 30 00:36:31 2026 [1;33mDNM[0;m[1;36m [1;33mNOTICE[0;m[1;36m OC=BTS(01) INST=(00,ff,ff): Get Attributes Response: feature 'SPEECH_H_AMR' is supported (abis_nm.c:599)[0;m
[1;36mWed Sep 30 00:36:31 2026 [1;33mDNM[0;m[1;36m [1;33mNOTICE[0;m[1;36m OC=BTS(01) INST=(00,ff,ff): Get Attributes Response: feature 'ETWS_PN' is supported (abis_nm.c:599)[0;m
[1;36mWed Sep 30 00:36:31 2026 [1;33mDNM[0;m[1;36m [1;33mNOTICE[0;m[1;36m OC=BTS(01) INST=(00,ff,ff): Get Attributes Response: feature 'PAGING_COORDINATION' is supported (abis_nm.c:599)[0;m
[1;36mWed Sep 30 00:36:31 2026 [1;33mDNM[0;m[1;36m [1;33mNOTICE[0;m[1;36m OC=BTS(01) INST=(00,ff,ff): Get Attributes Response: feature 'IPV6_NSVC' is supported (abis_nm.c:599)[0;m
[1;36mWed Sep 30 00:36:31 2026 [1;33mDNM[0;m[1;36m [1;33mNOTICE[0;m[1;36m OC=BTS(01) INST=(00,ff,ff): Get Attributes Response: feature 'ACCH_REP' is supported (abis_nm.c:599)[0;m
[1;36mWed Sep 30 00:36:31 2026 [1;33mDNM[0;m[1;36m [1;33mNOTICE[0;m[1;36m OC=BTS(01) INST=(00,ff,ff): Get Attributes Response: feature 'CCN' is supported (abis_nm.c:599)[0;m
[1;36mWed Sep 30 00:36:31 2026 [1;33mDNM[0;m[1;36m [1;33mNOTICE[0;m[1;36m OC=BTS(01) INST=(00,ff,ff): Get Attributes Response: feature 'VAMOS' is supported (abis_nm.c:599)[0;m
[1;36mWed Sep 30 00:36:31 2026 [1;33mDNM[0;m[1;36m [1;33mNOTICE[0;m[1;36m OC=BTS(01) INST=(00,ff,ff): Get Attributes Response: feature 'ABIS_OSMO_PCU' is supported (abis_nm.c:599)[0;m
[1;36mWed Sep 30 00:36:31 2026 [1;33mDNM[0;m[1;36m [1;33mNOTICE[0;m[1;36m OC=BTS(01) INST=(00,ff,ff): Get Attributes Response: feature 'BCCH_PWR_RED' is supported (abis_nm.c:599)[0;m
[1;36mWed Sep 30 00:36:31 2026 [1;33mDNM[0;m[1;36m [1;33mNOTICE[0;m[1;36m OC=BTS(01) INST=(00,ff,ff): Get Attributes Response: feature 'DYN_TS_SDCCH8' is supported (abis_nm.c:599)[0;m
[1;36mWed Sep 30 00:36:31 2026 [1;33mDNM[0;m[1;36m [1;33mNOTICE[0;m[1;36m OC=BTS(01) INST=(00,ff,ff): Get Attributes Response: feature 'ACCH_TEMP_OVP' is supported (abis_nm.c:599)[0;m
[1;36mWed Sep 30 00:36:31 2026 [1;33mDNM[0;m[1;36m [1;33mNOTICE[0;m[1;36m OC=BTS(01) INST=(00,ff,ff): Get Attributes Response: feature 'VBS' is supported (abis_nm.c:599)[0;m
[1;36mWed Sep 30 00:36:31 2026 [1;33mDNM[0;m[1;36m [1;33mNOTICE[0;m[1;36m OC=BTS(01) INST=(00,ff,ff): Get Attributes Response: feature 'VGCS' is supported (abis_nm.c:599)[0;m
[1;36mWed Sep 30 00:36:31 2026 [1;33mDNM[0;m[1;36m [1;33mNOTICE[0;m[1;36m OC=BTS(01) INST=(00,ff,ff): Get Attributes Response: feature 'TWTS001' is supported (abis_nm.c:599)[0;m
[1;36mWed Sep 30 00:36:31 2026 [1;33mDNM[0;m[1;36m [1;33mNOTICE[0;m[1;36m OC=BTS(01) INST=(00,ff,ff): Get Attributes Response: feature 'TWTS002' is supported (abis_nm.c:599)[0;m
[1;36mWed Sep 30 00:36:31 2026 [1;33mDNM[0;m[1;36m [1;33mNOTICE[0;m[1;36m OC=BTS(01) INST=(00,ff,ff): ARI reported sw[0/2]: osmobts is 1.10.0-dirty (abis_nm.c:652)[0;m
[1;36mWed Sep 30 00:36:31 2026 [1;33mDNM[0;m[1;36m [1;33mNOTICE[0;m[1;36m OC=BTS(01) INST=(00,ff,ff): Reported variant: osmo-bts-trx (abis_nm.c:534)[0;m
[1;36mWed Sep 30 00:36:31 2026 [1;31mDNM[0;m[1;36m [1;31mERROR[0;m[1;36m OC=RADIO-CARRIER(02) INST=(00,00,ff): Attribute SW Configuration is unreported (abis_nm.c:557)[0;m
[1;36mWed Sep 30 00:36:31 2026 [1;31mDNM[0;m[1;36m [1;31mERROR[0;m[1;36m OC=BASEBAND-TRANSCEIVER(04) INST=(00,00,ff): Attribute Manufacturer Dependent State is unreported (abis_nm.c:557)[0;m
[1;36mWed Sep 30 00:36:31 2026 [1;33mDNM[0;m[1;36m [1;33mNOTICE[0;m[1;36m OC=BASEBAND-TRANSCEIVER(04) INST=(00,00,ff): ARI reported sw[0/1]: TRX_PHY_VERSION is Unknown (abis_nm.c:652)[0;m
[1;35mWed Sep 30 00:36:31 2026 [1;33mDRSL[0;m[1;35m [1;33mNOTICE[0;m[1;35m (bts=1,trx=0) bootstrapping RSL on ARFCN 614 using MCC-MNC 001-01 LAC=1 CID=6012 BSIC=8 (osmo_bsc_main.c:320)[0;m
[1;36mWed Sep 30 00:36:39 2026 [1;31mDNM[0;m[1;36m [1;31mERROR[0;m[1;36m OC=GPRS-CELL(f1) INST=(00,00,ff): Attribute SW Configuration is unreported (abis_nm.c:557)[0;m
[1;36mWed Sep 30 00:36:39 2026 [1;33mDNM[0;m[1;36m [1;33mNOTICE[0;m[1;36m OC=BTS(01) INST=(00,ff,ff): Get Attributes Response: feature 'GPRS' is supported (abis_nm.c:599)[0;m
[1;36mWed Sep 30 00:36:39 2026 [1;33mDNM[0;m[1;36m [1;33mNOTICE[0;m[1;36m OC=BTS(01) INST=(00,ff,ff): Get Attributes Response: feature 'EGPRS' is supported (abis_nm.c:599)[0;m
[1;36mWed Sep 30 00:36:39 2026 [1;33mDNM[0;m[1;36m [1;33mNOTICE[0;m[1;36m OC=BTS(01) INST=(00,ff,ff): Get Attributes Response: feature 'HOPPING' is supported (abis_nm.c:599)[0;m
[1;36mWed Sep 30 00:36:39 2026 [1;33mDNM[0;m[1;36m [1;33mNOTICE[0;m[1;36m OC=BTS(01) INST=(00,ff,ff): Get Attributes Response: feature 'MULTI_TSC' is supported (abis_nm.c:599)[0;m
[1;36mWed Sep 30 00:36:39 2026 [1;33mDNM[0;m[1;36m [1;33mNOTICE[0;m[1;36m OC=BTS(01) INST=(00,ff,ff): Get Attributes Response: feature 'OML_ALERTS' is supported (abis_nm.c:599)[0;m
[1;36mWed Sep 30 00:36:39 2026 [1;33mDNM[0;m[1;36m [1;33mNOTICE[0;m[1;36m OC=BTS(01) INST=(00,ff,ff): Get Attributes Response: feature 'CBCH' is supported (abis_nm.c:599)[0;m
[1;36mWed Sep 30 00:36:39 2026 [1;33mDNM[0;m[1;36m [1;33mNOTICE[0;m[1;36m OC=BTS(01) INST=(00,ff,ff): Get Attributes Response: feature 'SPEECH_F_V1' is supported (abis_nm.c:599)[0;m
[1;36mWed Sep 30 00:36:39 2026 [1;33mDNM[0;m[1;36m [1;33mNOTICE[0;m[1;36m OC=BTS(01) INST=(00,ff,ff): Get Attributes Response: feature 'SPEECH_H_V1' is supported (abis_nm.c:599)[0;m
[1;36mWed Sep 30 00:36:39 2026 [1;33mDNM[0;m[1;36m [1;33mNOTICE[0;m[1;36m OC=BTS(01) INST=(00,ff,ff): Get Attributes Response: feature 'SPEECH_F_EFR' is supported (abis_nm.c:599)[0;m
[1;36mWed Sep 30 00:36:39 2026 [1;33mDNM[0;m[1;36m [1;33mNOTICE[0;m[1;36m OC=BTS(01) INST=(00,ff,ff): Get Attributes Response: feature 'SPEECH_F_AMR' is supported (abis_nm.c:599)[0;m
[1;36mWed Sep 30 00:36:39 2026 [1;33mDNM[0;m[1;36m [1;33mNOTICE[0;m[1;36m OC=BTS(01) INST=(00,ff,ff): Get Attributes Response: feature 'SPEECH_H_AMR' is supported (abis_nm.c:599)[0;m
[1;36mWed Sep 30 00:36:39 2026 [1;33mDNM[0;m[1;36m [1;33mNOTICE[0;m[1;36m OC=BTS(01) INST=(00,ff,ff): Get Attributes Response: feature 'ETWS_PN' is supported (abis_nm.c:599)[0;m
[1;36mWed Sep 30 00:36:39 2026 [1;33mDNM[0;m[1;36m [1;33mNOTICE[0;m[1;36m OC=BTS(01) INST=(00,ff,ff): Get Attributes Response: feature 'PAGING_COORDINATION' is supported (abis_nm.c:599)[0;m
[1;36mWed Sep 30 00:36:39 2026 [1;33mDNM[0;m[1;36m [1;33mNOTICE[0;m[1;36m OC=BTS(01) INST=(00,ff,ff): Get Attributes Response: feature 'IPV6_NSVC' is supported (abis_nm.c:599)[0;m
[1;36mWed Sep 30 00:36:39 2026 [1;33mDNM[0;m[1;36m [1;33mNOTICE[0;m[1;36m OC=BTS(01) INST=(00,ff,ff): Get Attributes Response: feature 'ACCH_REP' is supported (abis_nm.c:599)[0;m
[1;36mWed Sep 30 00:36:39 2026 [1;33mDNM[0;m[1;36m [1;33mNOTICE[0;m[1;36m OC=BTS(01) INST=(00,ff,ff): Get Attributes Response: feature 'CCN' is supported (abis_nm.c:599)[0;m
[1;36mWed Sep 30 00:36:39 2026 [1;33mDNM[0;m[1;36m [1;33mNOTICE[0;m[1;36m OC=BTS(01) INST=(00,ff,ff): Get Attributes Response: feature 'VAMOS' is supported (abis_nm.c:599)[0;m
[1;36mWed Sep 30 00:36:39 2026 [1;33mDNM[0;m[1;36m [1;33mNOTICE[0;m[1;36m OC=BTS(01) INST=(00,ff,ff): Get Attributes Response: feature 'ABIS_OSMO_PCU' is supported (abis_nm.c:599)[0;m
[1;36mWed Sep 30 00:36:39 2026 [1;33mDNM[0;m[1;36m [1;33mNOTICE[0;m[1;36m OC=BTS(01) INST=(00,ff,ff): Get Attributes Response: feature 'BCCH_PWR_RED' is supported (abis_nm.c:599)[0;m
[1;36mWed Sep 30 00:36:39 2026 [1;33mDNM[0;m[1;36m [1;33mNOTICE[0;m[1;36m OC=BTS(01) INST=(00,ff,ff): Get Attributes Response: feature 'DYN_TS_SDCCH8' is supported (abis_nm.c:599)[0;m
[1;36mWed Sep 30 00:36:39 2026 [1;33mDNM[0;m[1;36m [1;33mNOTICE[0;m[1;36m OC=BTS(01) INST=(00,ff,ff): Get Attributes Response: feature 'ACCH_TEMP_OVP' is supported (abis_nm.c:599)[0;m
[1;36mWed Sep 30 00:36:39 2026 [1;33mDNM[0;m[1;36m [1;33mNOTICE[0;m[1;36m OC=BTS(01) INST=(00,ff,ff): Get Attributes Response: feature 'VBS' is supported (abis_nm.c:599)[0;m
[1;36mWed Sep 30 00:36:39 2026 [1;33mDNM[0;m[1;36m [1;33mNOTICE[0;m[1;36m OC=BTS(01) INST=(00,ff,ff): Get Attributes Response: feature 'VGCS' is supported (abis_nm.c:599)[0;m
[1;36mWed Sep 30 00:36:39 2026 [1;33mDNM[0;m[1;36m [1;33mNOTICE[0;m[1;36m OC=BTS(01) INST=(00,ff,ff): Get Attributes Response: feature 'TWTS001' is supported (abis_nm.c:599)[0;m
[1;36mWed Sep 30 00:36:39 2026 [1;33mDNM[0;m[1;36m [1;33mNOTICE[0;m[1;36m OC=BTS(01) INST=(00,ff,ff): Get Attributes Response: feature 'TWTS002' is supported (abis_nm.c:599)[0;m
[1;36mWed Sep 30 00:36:39 2026 [1;33mDNM[0;m[1;36m [1;33mNOTICE[0;m[1;36m OC=BTS(01) INST=(00,ff,ff): ARI reported sw[0/2]: osmobts is 1.10.0-dirty (abis_nm.c:652)[0;m
[1;36mWed Sep 30 00:36:39 2026 [1;33mDNM[0;m[1;36m [1;33mNOTICE[0;m[1;36m OC=BTS(01) INST=(00,ff,ff): Reported variant: osmo-bts-trx (abis_nm.c:534)[0;m
[1;36mWed Sep 30 00:36:39 2026 [1;31mDNM[0;m[1;36m [1;31mERROR[0;m[1;36m OC=RADIO-CARRIER(02) INST=(00,00,ff): Attribute SW Configuration is unreported (abis_nm.c:557)[0;m
[1;36mWed Sep 30 00:36:39 2026 [1;31mDNM[0;m[1;36m [1;31mERROR[0;m[1;36m OC=BASEBAND-TRANSCEIVER(04) INST=(00,00,ff): Attribute Manufacturer Dependent State is unreported (abis_nm.c:557)[0;m
[1;36mWed Sep 30 00:36:39 2026 [1;33mDNM[0;m[1;36m [1;33mNOTICE[0;m[1;36m OC=BASEBAND-TRANSCEIVER(04) INST=(00,00,ff): ARI reported sw[0/1]: TRX_PHY_VERSION is Unknown (abis_nm.c:652)[0;m
[1;35mWed Sep 30 00:36:39 2026 [1;33mDRSL[0;m[1;35m [1;33mNOTICE[0;m[1;35m (bts=0,trx=0) bootstrapping RSL on ARFCN 514 using MCC-MNC 001-01 LAC=1 CID=6001 BSIC=7 (osmo_bsc_main.c:320)[0;m
[1;36mWed Sep 30 00:36:42 2026 [1;33mDNM[0;m[1;36m [1;33mNOTICE[0;m[1;36m OC=BTS(01) INST=(00,ff,ff): Reported connected PCU version 1.5.2 (abis_nm.c:352)[0;m
[1;32mWed Sep 30 00:42:51 2026 [1;33mDCHAN[0;m[1;32m [1;33mNOTICE[0;m[1;32m lchan(0-0-2-TCH_F-0)[0x5db3d1455c30]{WAIT_RF_RELEASE_ACK}: (type=TCH_F) Rx IPACC DLCX IND (cause=Normal event, unspecified [ 0f ]) (abis_rsl.c:3241)[0;m
[1;32mWed Sep 30 00:48:44 2026 [1;33mDCHAN[0;m[1;32m [1;33mNOTICE[0;m[1;32m lchan(0-0-2-TCH_F-0)[0x5db3d1455c30]{WAIT_RF_RELEASE_ACK}: (type=TCH_F) Rx IPACC DLCX IND (cause=Normal event, unspecified [ 0f ]) (abis_rsl.c:3241)[0;m
[1;36mWed Sep 30 10:33:37 2026 [1;31mDNM[0;m[1;36m [1;31mERROR[0;m[1;36m OC=BTS(01) INST=(00,ff,ff): Failure Event Report: [0;m[1;36mType=processing failure, [0;m[1;36mSeverity=critical failure, [0;m[1;36mProbable cause=Manufacturer specific values: [0;m[1;36mProcess stopped, [0;m[1;36mAdditional Text=BTS: SIGINT received -> shutdown. [0;m[1;36m (abis_nm.c:341)[0;m
[1;36mWed Sep 30 10:33:37 2026 [1;33mDNM[0;m[1;36m [1;33mNOTICE[0;m[1;36m OC=BTS(01) INST=(00,ff,ff): Reported connected PCU version PCU socket has LOST connection (abis_nm.c:352)[0;m
[1;36mWed Sep 30 10:33:38 2026 [1;33mDNM[0;m[1;36m [1;33mNOTICE[0;m[1;36m shutting down OML for BTS 0 (bsc_init.c:57)[0;m
[1;36mWed Sep 30 10:33:38 2026 [1;33mDNM[0;m[1;36m [1;33mNOTICE[0;m[1;36m shutting down OML for BTS 1 (bsc_init.c:57)[0;m
[38;5;43mWed Sep 30 10:33:58 2026 [1;33mDLSS7[0;m[38;5;43m [1;33mNOTICE[0;m[38;5;43m 0: ASP(asp-to-stp) Applying Adm State change: ENABLED -> ENABLED (ss7_asp_vty.c:673)[0;m
Wed Sep 30 10:33:58 2026 [1;33mDLGLOBAL[0;m [1;33mNOTICE[0;m Available via telnet 127.0.0.1 4242 (telnet_interface.c:88)
[38;5;23mWed Sep 30 10:33:58 2026 [1;33mDLINP[0;m[38;5;23m [1;33mNOTICE[0;m[38;5;23m E1L(0) enabling ipaccess BSC mode on 0.0.0.0 with OML 3002 and RSL 3003 TCP ports (ipaccess.c:1028)[0;m
[38;5;33mWed Sep 30 10:33:58 2026 [1;33mDLCTRL[0;m[38;5;33m [1;33mNOTICE[0;m[38;5;33m CTRL at 127.0.0.1 4249 (control_if.c:1026)[0;m
[38;5;51mWed Sep 30 10:33:58 2026 [1;33mDLMGCP[0;m[38;5;51m [1;33mNOTICE[0;m[38;5;51m MGW(mgw) MGCP client: using endpoint domain '@mgw' (mgcp_client.c:945)[0;m
[1;36mWed Sep 30 10:33:58 2026 [1;33mDNM[0;m[1;36m [1;33mNOTICE[0;m[1;36m MGW pool with 1 pool members configured, (ignoring MGW configuration in VTY node 'msc'). (osmo_bsc_main.c:869)[0;m
Wed Sep 30 10:33:58 2026 [1;33mDMSC[0;m [1;33mNOTICE[0;m Initializing SCCP connection for A/m3ua on cs7 instance 0 (osmo_bsc_sigtran.c:817)
[38;5;45mWed Sep 30 10:33:58 2026 [1;33mDLSCCP[0;m[38;5;45m [1;33mNOTICE[0;m[38;5;45m A-0-m3ua: Using SS7 instance 0, pc:1.1.3 (sccp_instance.c:655)[0;m
[38;5;45mWed Sep 30 10:33:58 2026 [1;33mDLSCCP[0;m[38;5;45m [1;33mNOTICE[0;m[38;5;45m A-0-m3ua: Using AS instance as-bsc (sccp_instance.c:673)[0;m
[38;5;45mWed Sep 30 10:33:58 2026 [1;33mDLSCCP[0;m[38;5;45m [1;33mNOTICE[0;m[38;5;45m A-0-m3ua: Creating default route (sccp_instance.c:679)[0;m
[38;5;45mWed Sep 30 10:33:58 2026 [1;33mDLSCCP[0;m[38;5;45m [1;33mNOTICE[0;m[38;5;45m A-0-m3ua: Using ASP instance asp-to-stp (sccp_instance.c:784)[0;m
[38;5;43mWed Sep 30 10:33:58 2026 [1;33mDLSS7[0;m[38;5;43m [1;33mNOTICE[0;m[38;5;43m 0: Creating SCCP instance (ss7_instance.c:214)[0;m
Wed Sep 30 10:33:58 2026 [1;33mDMSC[0;m [1;33mNOTICE[0;m (msc=0) A-0-m3ua: local (BSC) SCCP address: RI=SSN_PC,PC=1.1.3,SSN=BSSAP (osmo_bsc_sigtran.c:870)
Wed Sep 30 10:33:58 2026 [1;33mDMSC[0;m [1;33mNOTICE[0;m (msc=0) A-0-m3ua: remote (MSC) SCCP address: RI=SSN_PC,PC=1.1.1,SSN=BSSAP (osmo_bsc_sigtran.c:872)
Wed Sep 30 10:33:58 2026 [1;33mDMSC[0;m [1;33mNOTICE[0;m (msc=0) A-0-m3ua: binding SCCP user (osmo_bsc_sigtran.c:877)
[38;5;45mWed Sep 30 10:33:58 2026 [1;31mDLSCCP[0;m[38;5;45m [1;31mERROR[0;m[38;5;45m 0: SCCP(rctx=0) MTP-TRANSFER.req from SCCP for OPC=2059=1.1.3,DPC=2057=1.1.1,SLS=6: no route! (sccp_scrc.c:177)[0;m
[38;5;45mWed Sep 30 10:33:58 2026 [1;33mDLSCCP[0;m[38;5;45m [1;33mNOTICE[0;m[38;5;45m 0: SCCP(rctx=0) SCRC Routing Failure (MTP failure) for CL message CL:CLDT (sccp_sclc.c:359)[0;m
Wed Sep 30 10:33:58 2026 [1;33mDMSC[0;m [1;33mNOTICE[0;m (msc=0) (calling_addr=RI=2,PC=2057,SSN=254) N-NOTICE.ind cause=5='MTP failure' importance=0 (osmo_bsc_sigtran.c:168)
[38;5;49mWed Sep 30 10:34:00 2026 [1;33mDLM3UA[0;m[38;5;49m [1;33mNOTICE[0;m[38;5;49m 0: ASP(asp-to-stp) Received NOTIFY Type State Change:AS Inactive () (m3ua.c:707)[0;m
[38;5;43mWed Sep 30 10:34:00 2026 [1;33mDLSS7[0;m[38;5;43m [1;33mNOTICE[0;m[38;5;43m 0: RT(dpc=2057=1.1.1,mask=0x3fff=7.255.7,prio=5,via=as-bsc,st=available) changed to status 'available' (ss7_route.c:409)[0;m
Wed Sep 30 10:34:00 2026 [1;33mDMSC[0;m [1;33mNOTICE[0;m (msc=0) now available: N-PCSTATE ind: pc=2057=1.1.1 sp_status=ACCESSIBLE remote_sccp_status=AVAILABLE (osmo_bsc_sigtran.c:319)
[38;5;43mWed Sep 30 10:34:00 2026 [1;33mDLSS7[0;m[38;5;43m [1;33mNOTICE[0;m[38;5;43m xua_default_lm(asp-to-stp)[0x594e34cbc0a0]{ACTIVE}: Ignoring primitive M-ASP_ACTIVE.confirm (xua_default_lm_fsm.c:406)[0;m
[38;5;49mWed Sep 30 10:34:00 2026 [1;33mDLM3UA[0;m[38;5;49m [1;33mNOTICE[0;m[38;5;49m 0: ASP(asp-to-stp) Received NOTIFY Type State Change:AS Active () (m3ua.c:707)[0;m
[38;5;49mWed Sep 30 10:34:00 2026 [1;33mDLM3UA[0;m[38;5;49m [1;33mNOTICE[0;m[38;5;49m 0: ASP(asp-to-stp) Rx DUNA(RFC4666 4.5.1) for 1.1.2/0 (xua_snm.c:501)[0;m
[38;5;43mWed Sep 30 10:34:00 2026 [1;33mDLSS7[0;m[38;5;43m [1;33mNOTICE[0;m[38;5;43m 0: RT(dpc=2058=1.1.2,mask=0x3fff=7.255.7,prio=5,via=as-bsc,st=available) changed to status 'unavailable' (ss7_route.c:409)[0;m
Wed Sep 30 10:34:00 2026 [1;33mDMSC[0;m [1;33mNOTICE[0;m (msc=0) RESET ACK from MSC: RI=SSN_PC,PC=1.1.1,SSN=BSSAP (osmo_bsc_bssap.c:84)
Wed Sep 30 10:34:00 2026 [1;33mDRESET[0;m [1;33mNOTICE[0;m bssmap_reset(msc-0)[0x594e34d393b0]{CONNECTED}: link up (bssmap_reset.c:83)
Wed Sep 30 10:34:00 2026 [1;33mDMSC[0;m [1;33mNOTICE[0;m (msc=0) BSSMAP association is up (a_reset.c:45)
[1;36mWed Sep 30 10:34:08 2026 [1;33mDNM[0;m[1;36m [1;33mNOTICE[0;m[1;36m OC=BTS(01) INST=(00,ff,ff): Get Attributes Response: feature 'GPRS' is supported (abis_nm.c:599)[0;m
[1;36mWed Sep 30 10:34:08 2026 [1;33mDNM[0;m[1;36m [1;33mNOTICE[0;m[1;36m OC=BTS(01) INST=(00,ff,ff): Get Attributes Response: feature 'EGPRS' is supported (abis_nm.c:599)[0;m
[1;36mWed Sep 30 10:34:08 2026 [1;33mDNM[0;m[1;36m [1;33mNOTICE[0;m[1;36m OC=BTS(01) INST=(00,ff,ff): Get Attributes Response: feature 'HOPPING' is supported (abis_nm.c:599)[0;m
[1;36mWed Sep 30 10:34:08 2026 [1;33mDNM[0;m[1;36m [1;33mNOTICE[0;m[1;36m OC=BTS(01) INST=(00,ff,ff): Get Attributes Response: feature 'MULTI_TSC' is supported (abis_nm.c:599)[0;m
[1;36mWed Sep 30 10:34:08 2026 [1;33mDNM[0;m[1;36m [1;33mNOTICE[0;m[1;36m OC=BTS(01) INST=(00,ff,ff): Get Attributes Response: feature 'OML_ALERTS' is supported (abis_nm.c:599)[0;m
[1;36mWed Sep 30 10:34:08 2026 [1;33mDNM[0;m[1;36m [1;33mNOTICE[0;m[1;36m OC=BTS(01) INST=(00,ff,ff): Get Attributes Response: feature 'CBCH' is supported (abis_nm.c:599)[0;m
[1;36mWed Sep 30 10:34:08 2026 [1;33mDNM[0;m[1;36m [1;33mNOTICE[0;m[1;36m OC=BTS(01) INST=(00,ff,ff): Get Attributes Response: feature 'SPEECH_F_V1' is supported (abis_nm.c:599)[0;m
[1;36mWed Sep 30 10:34:08 2026 [1;33mDNM[0;m[1;36m [1;33mNOTICE[0;m[1;36m OC=BTS(01) INST=(00,ff,ff): Get Attributes Response: feature 'SPEECH_H_V1' is supported (abis_nm.c:599)[0;m
[1;36mWed Sep 30 10:34:08 2026 [1;33mDNM[0;m[1;36m [1;33mNOTICE[0;m[1;36m OC=BTS(01) INST=(00,ff,ff): Get Attributes Response: feature 'SPEECH_F_EFR' is supported (abis_nm.c:599)[0;m
[1;36mWed Sep 30 10:34:08 2026 [1;33mDNM[0;m[1;36m [1;33mNOTICE[0;m[1;36m OC=BTS(01) INST=(00,ff,ff): Get Attributes Response: feature 'SPEECH_F_AMR' is supported (abis_nm.c:599)[0;m
[1;36mWed Sep 30 10:34:08 2026 [1;33mDNM[0;m[1;36m [1;33mNOTICE[0;m[1;36m OC=BTS(01) INST=(00,ff,ff): Get Attributes Response: feature 'SPEECH_H_AMR' is supported (abis_nm.c:599)[0;m
[1;36mWed Sep 30 10:34:08 2026 [1;33mDNM[0;m[1;36m [1;33mNOTICE[0;m[1;36m OC=BTS(01) INST=(00,ff,ff): Get Attributes Response: feature 'ETWS_PN' is supported (abis_nm.c:599)[0;m
[1;36mWed Sep 30 10:34:08 2026 [1;33mDNM[0;m[1;36m [1;33mNOTICE[0;m[1;36m OC=BTS(01) INST=(00,ff,ff): Get Attributes Response: feature 'PAGING_COORDINATION' is supported (abis_nm.c:599)[0;m
[1;36mWed Sep 30 10:34:08 2026 [1;33mDNM[0;m[1;36m [1;33mNOTICE[0;m[1;36m OC=BTS(01) INST=(00,ff,ff): Get Attributes Response: feature 'IPV6_NSVC' is supported (abis_nm.c:599)[0;m
[1;36mWed Sep 30 10:34:08 2026 [1;33mDNM[0;m[1;36m [1;33mNOTICE[0;m[1;36m OC=BTS(01) INST=(00,ff,ff): Get Attributes Response: feature 'ACCH_REP' is supported (abis_nm.c:599)[0;m
[1;36mWed Sep 30 10:34:08 2026 [1;33mDNM[0;m[1;36m [1;33mNOTICE[0;m[1;36m OC=BTS(01) INST=(00,ff,ff): Get Attributes Response: feature 'CCN' is supported (abis_nm.c:599)[0;m
[1;36mWed Sep 30 10:34:08 2026 [1;33mDNM[0;m[1;36m [1;33mNOTICE[0;m[1;36m OC=BTS(01) INST=(00,ff,ff): Get Attributes Response: feature 'VAMOS' is supported (abis_nm.c:599)[0;m
[1;36mWed Sep 30 10:34:08 2026 [1;33mDNM[0;m[1;36m [1;33mNOTICE[0;m[1;36m OC=BTS(01) INST=(00,ff,ff): Get Attributes Response: feature 'ABIS_OSMO_PCU' is supported (abis_nm.c:599)[0;m
[1;36mWed Sep 30 10:34:08 2026 [1;33mDNM[0;m[1;36m [1;33mNOTICE[0;m[1;36m OC=BTS(01) INST=(00,ff,ff): Get Attributes Response: feature 'BCCH_PWR_RED' is supported (abis_nm.c:599)[0;m
[1;36mWed Sep 30 10:34:08 2026 [1;33mDNM[0;m[1;36m [1;33mNOTICE[0;m[1;36m OC=BTS(01) INST=(00,ff,ff): Get Attributes Response: feature 'DYN_TS_SDCCH8' is supported (abis_nm.c:599)[0;m
[1;36mWed Sep 30 10:34:08 2026 [1;33mDNM[0;m[1;36m [1;33mNOTICE[0;m[1;36m OC=BTS(01) INST=(00,ff,ff): Get Attributes Response: feature 'ACCH_TEMP_OVP' is supported (abis_nm.c:599)[0;m
[1;36mWed Sep 30 10:34:08 2026 [1;33mDNM[0;m[1;36m [1;33mNOTICE[0;m[1;36m OC=BTS(01) INST=(00,ff,ff): Get Attributes Response: feature 'VBS' is supported (abis_nm.c:599)[0;m
[1;36mWed Sep 30 10:34:08 2026 [1;33mDNM[0;m[1;36m [1;33mNOTICE[0;m[1;36m OC=BTS(01) INST=(00,ff,ff): Get Attributes Response: feature 'VGCS' is supported (abis_nm.c:599)[0;m
[1;36mWed Sep 30 10:34:08 2026 [1;33mDNM[0;m[1;36m [1;33mNOTICE[0;m[1;36m OC=BTS(01) INST=(00,ff,ff): Get Attributes Response: feature 'TWTS001' is supported (abis_nm.c:599)[0;m
[1;36mWed Sep 30 10:34:08 2026 [1;33mDNM[0;m[1;36m [1;33mNOTICE[0;m[1;36m OC=BTS(01) INST=(00,ff,ff): Get Attributes Response: feature 'TWTS002' is supported (abis_nm.c:599)[0;m
[1;36mWed Sep 30 10:34:08 2026 [1;33mDNM[0;m[1;36m [1;33mNOTICE[0;m[1;36m OC=BTS(01) INST=(00,ff,ff): ARI reported sw[0/2]: osmobts is 1.10.0-dirty (abis_nm.c:652)[0;m
[1;36mWed Sep 30 10:34:08 2026 [1;33mDNM[0;m[1;36m [1;33mNOTICE[0;m[1;36m OC=BTS(01) INST=(00,ff,ff): Reported variant: osmo-bts-trx (abis_nm.c:534)[0;m
[1;36mWed Sep 30 10:34:08 2026 [1;31mDNM[0;m[1;36m [1;31mERROR[0;m[1;36m OC=RADIO-CARRIER(02) INST=(00,00,ff): Attribute SW Configuration is unreported (abis_nm.c:557)[0;m
[1;36mWed Sep 30 10:34:08 2026 [1;31mDNM[0;m[1;36m [1;31mERROR[0;m[1;36m OC=BASEBAND-TRANSCEIVER(04) INST=(00,00,ff): Attribute Manufacturer Dependent State is unreported (abis_nm.c:557)[0;m
[1;36mWed Sep 30 10:34:08 2026 [1;33mDNM[0;m[1;36m [1;33mNOTICE[0;m[1;36m OC=BASEBAND-TRANSCEIVER(04) INST=(00,00,ff): ARI reported sw[0/1]: TRX_PHY_VERSION is Unknown (abis_nm.c:652)[0;m
[1;35mWed Sep 30 10:34:08 2026 [1;33mDRSL[0;m[1;35m [1;33mNOTICE[0;m[1;35m (bts=1,trx=0) bootstrapping RSL on ARFCN 614 using MCC-MNC 001-01 LAC=1 CID=6012 BSIC=8 (osmo_bsc_main.c:320)[0;m
[1;36mWed Sep 30 10:34:16 2026 [1;31mDNM[0;m[1;36m [1;31mERROR[0;m[1;36m OC=GPRS-CELL(f1) INST=(00,00,ff): Attribute SW Configuration is unreported (abis_nm.c:557)[0;m
[1;36mWed Sep 30 10:34:16 2026 [1;33mDNM[0;m[1;36m [1;33mNOTICE[0;m[1;36m OC=BTS(01) INST=(00,ff,ff): Get Attributes Response: feature 'GPRS' is supported (abis_nm.c:599)[0;m
[1;36mWed Sep 30 10:34:16 2026 [1;33mDNM[0;m[1;36m [1;33mNOTICE[0;m[1;36m OC=BTS(01) INST=(00,ff,ff): Get Attributes Response: feature 'EGPRS' is supported (abis_nm.c:599)[0;m
[1;36mWed Sep 30 10:34:16 2026 [1;33mDNM[0;m[1;36m [1;33mNOTICE[0;m[1;36m OC=BTS(01) INST=(00,ff,ff): Get Attributes Response: feature 'HOPPING' is supported (abis_nm.c:599)[0;m
[1;36mWed Sep 30 10:34:16 2026 [1;33mDNM[0;m[1;36m [1;33mNOTICE[0;m[1;36m OC=BTS(01) INST=(00,ff,ff): Get Attributes Response: feature 'MULTI_TSC' is supported (abis_nm.c:599)[0;m
[1;36mWed Sep 30 10:34:16 2026 [1;33mDNM[0;m[1;36m [1;33mNOTICE[0;m[1;36m OC=BTS(01) INST=(00,ff,ff): Get Attributes Response: feature 'OML_ALERTS' is supported (abis_nm.c:599)[0;m
[1;36mWed Sep 30 10:34:16 2026 [1;33mDNM[0;m[1;36m [1;33mNOTICE[0;m[1;36m OC=BTS(01) INST=(00,ff,ff): Get Attributes Response: feature 'CBCH' is supported (abis_nm.c:599)[0;m
[1;36mWed Sep 30 10:34:16 2026 [1;33mDNM[0;m[1;36m [1;33mNOTICE[0;m[1;36m OC=BTS(01) INST=(00,ff,ff): Get Attributes Response: feature 'SPEECH_F_V1' is supported (abis_nm.c:599)[0;m
[1;36mWed Sep 30 10:34:16 2026 [1;33mDNM[0;m[1;36m [1;33mNOTICE[0;m[1;36m OC=BTS(01) INST=(00,ff,ff): Get Attributes Response: feature 'SPEECH_H_V1' is supported (abis_nm.c:599)[0;m
[1;36mWed Sep 30 10:34:16 2026 [1;33mDNM[0;m[1;36m [1;33mNOTICE[0;m[1;36m OC=BTS(01) INST=(00,ff,ff): Get Attributes Response: feature 'SPEECH_F_EFR' is supported (abis_nm.c:599)[0;m
[1;36mWed Sep 30 10:34:16 2026 [1;33mDNM[0;m[1;36m [1;33mNOTICE[0;m[1;36m OC=BTS(01) INST=(00,ff,ff): Get Attributes Response: feature 'SPEECH_F_AMR' is supported (abis_nm.c:599)[0;m
[1;36mWed Sep 30 10:34:16 2026 [1;33mDNM[0;m[1;36m [1;33mNOTICE[0;m[1;36m OC=BTS(01) INST=(00,ff,ff): Get Attributes Response: feature 'SPEECH_H_AMR' is supported (abis_nm.c:599)[0;m
[1;36mWed Sep 30 10:34:16 2026 [1;33mDNM[0;m[1;36m [1;33mNOTICE[0;m[1;36m OC=BTS(01) INST=(00,ff,ff): Get Attributes Response: feature 'ETWS_PN' is supported (abis_nm.c:599)[0;m
[1;36mWed Sep 30 10:34:16 2026 [1;33mDNM[0;m[1;36m [1;33mNOTICE[0;m[1;36m OC=BTS(01) INST=(00,ff,ff): Get Attributes Response: feature 'PAGING_COORDINATION' is supported (abis_nm.c:599)[0;m
[1;36mWed Sep 30 10:34:16 2026 [1;33mDNM[0;m[1;36m [1;33mNOTICE[0;m[1;36m OC=BTS(01) INST=(00,ff,ff): Get Attributes Response: feature 'IPV6_NSVC' is supported (abis_nm.c:599)[0;m
[1;36mWed Sep 30 10:34:16 2026 [1;33mDNM[0;m[1;36m [1;33mNOTICE[0;m[1;36m OC=BTS(01) INST=(00,ff,ff): Get Attributes Response: feature 'ACCH_REP' is supported (abis_nm.c:599)[0;m
[1;36mWed Sep 30 10:34:16 2026 [1;33mDNM[0;m[1;36m [1;33mNOTICE[0;m[1;36m OC=BTS(01) INST=(00,ff,ff): Get Attributes Response: feature 'CCN' is supported (abis_nm.c:599)[0;m
[1;36mWed Sep 30 10:34:16 2026 [1;33mDNM[0;m[1;36m [1;33mNOTICE[0;m[1;36m OC=BTS(01) INST=(00,ff,ff): Get Attributes Response: feature 'VAMOS' is supported (abis_nm.c:599)[0;m
[1;36mWed Sep 30 10:34:16 2026 [1;33mDNM[0;m[1;36m [1;33mNOTICE[0;m[1;36m OC=BTS(01) INST=(00,ff,ff): Get Attributes Response: feature 'ABIS_OSMO_PCU' is supported (abis_nm.c:599)[0;m
[1;36mWed Sep 30 10:34:16 2026 [1;33mDNM[0;m[1;36m [1;33mNOTICE[0;m[1;36m OC=BTS(01) INST=(00,ff,ff): Get Attributes Response: feature 'BCCH_PWR_RED' is supported (abis_nm.c:599)[0;m
[1;36mWed Sep 30 10:34:16 2026 [1;33mDNM[0;m[1;36m [1;33mNOTICE[0;m[1;36m OC=BTS(01) INST=(00,ff,ff): Get Attributes Response: feature 'DYN_TS_SDCCH8' is supported (abis_nm.c:599)[0;m
[1;36mWed Sep 30 10:34:16 2026 [1;33mDNM[0;m[1;36m [1;33mNOTICE[0;m[1;36m OC=BTS(01) INST=(00,ff,ff): Get Attributes Response: feature 'ACCH_TEMP_OVP' is supported (abis_nm.c:599)[0;m
[1;36mWed Sep 30 10:34:16 2026 [1;33mDNM[0;m[1;36m [1;33mNOTICE[0;m[1;36m OC=BTS(01) INST=(00,ff,ff): Get Attributes Response: feature 'VBS' is supported (abis_nm.c:599)[0;m
[1;36mWed Sep 30 10:34:16 2026 [1;33mDNM[0;m[1;36m [1;33mNOTICE[0;m[1;36m OC=BTS(01) INST=(00,ff,ff): Get Attributes Response: feature 'VGCS' is supported (abis_nm.c:599)[0;m
[1;36mWed Sep 30 10:34:16 2026 [1;33mDNM[0;m[1;36m [1;33mNOTICE[0;m[1;36m OC=BTS(01) INST=(00,ff,ff): Get Attributes Response: feature 'TWTS001' is supported (abis_nm.c:599)[0;m
[1;36mWed Sep 30 10:34:16 2026 [1;33mDNM[0;m[1;36m [1;33mNOTICE[0;m[1;36m OC=BTS(01) INST=(00,ff,ff): Get Attributes Response: feature 'TWTS002' is supported (abis_nm.c:599)[0;m
[1;36mWed Sep 30 10:34:16 2026 [1;33mDNM[0;m[1;36m [1;33mNOTICE[0;m[1;36m OC=BTS(01) INST=(00,ff,ff): ARI reported sw[0/2]: osmobts is 1.10.0-dirty (abis_nm.c:652)[0;m
[1;36mWed Sep 30 10:34:16 2026 [1;33mDNM[0;m[1;36m [1;33mNOTICE[0;m[1;36m OC=BTS(01) INST=(00,ff,ff): Reported variant: osmo-bts-trx (abis_nm.c:534)[0;m
[1;36mWed Sep 30 10:34:16 2026 [1;31mDNM[0;m[1;36m [1;31mERROR[0;m[1;36m OC=RADIO-CARRIER(02) INST=(00,00,ff): Attribute SW Configuration is unreported (abis_nm.c:557)[0;m
[1;36mWed Sep 30 10:34:16 2026 [1;31mDNM[0;m[1;36m [1;31mERROR[0;m[1;36m OC=BASEBAND-TRANSCEIVER(04) INST=(00,00,ff): Attribute Manufacturer Dependent State is unreported (abis_nm.c:557)[0;m
[1;36mWed Sep 30 10:34:16 2026 [1;33mDNM[0;m[1;36m [1;33mNOTICE[0;m[1;36m OC=BASEBAND-TRANSCEIVER(04) INST=(00,00,ff): ARI reported sw[0/1]: TRX_PHY_VERSION is Unknown (abis_nm.c:652)[0;m
[1;35mWed Sep 30 10:34:16 2026 [1;33mDRSL[0;m[1;35m [1;33mNOTICE[0;m[1;35m (bts=0,trx=0) bootstrapping RSL on ARFCN 514 using MCC-MNC 001-01 LAC=1 CID=6001 BSIC=7 (osmo_bsc_main.c:320)[0;m
[1;36mWed Sep 30 10:34:19 2026 [1;33mDNM[0;m[1;36m [1;33mNOTICE[0;m[1;36m OC=BTS(01) INST=(00,ff,ff): Reported connected PCU version 1.5.2 (abis_nm.c:352)[0;m
[1;32mWed Sep 30 10:40:54 2026 [1;33mDCHAN[0;m[1;32m [1;33mNOTICE[0;m[1;32m lchan(0-0-2-TCH_F-0)[0x594e34d60c30]{WAIT_RF_RELEASE_ACK}: (type=TCH_F) Rx IPACC DLCX IND (cause=Normal event, unspecified [ 0f ]) (abis_rsl.c:3241)[0;m
[1;32mWed Sep 30 10:41:47 2026 [1;33mDCHAN[0;m[1;32m [1;33mNOTICE[0;m[1;32m lchan(0-0-2-TCH_F-0)[0x594e34d60c30]{WAIT_RF_RELEASE_ACK}: (type=TCH_F) Rx IPACC DLCX IND (cause=Normal event, unspecified [ 0f ]) (abis_rsl.c:3241)[0;m
[1;32mWed Sep 30 10:42:33 2026 [1;31mDCHAN[0;m[1;32m [1;31mERROR[0;m[1;32m lchan(0-0-2-TCH_F-0)[0x594e34d60c30]{ESTABLISHED}: (type=TCH_F) ERROR INDICATION cause=Timer T200 expired (N200+1) times (abis_rsl.c:2638)[0;m
[1;32mWed Sep 30 10:42:50 2026 [1;33mDCHAN[0;m[1;32m [1;33mNOTICE[0;m[1;32m lchan(0-0-2-TCH_F-0)[0x594e34d60c30]{WAIT_RF_RELEASE_ACK}: (type=TCH_F) Rx IPACC DLCX IND (cause=Normal event, unspecified [ 0f ]) (abis_rsl.c:3241)[0;m
[1;36mWed Sep 30 10:45:58 2026 [1;31mDNM[0;m[1;36m [1;31mERROR[0;m[1;36m OC=BTS(01) INST=(00,ff,ff): Failure Event Report: [0;m[1;36mType=processing failure, [0;m[1;36mSeverity=critical failure, [0;m[1;36mProbable cause=Manufacturer specific values: [0;m[1;36mProcess stopped, [0;m[1;36mAdditional Text=BTS: SIGINT received -> shutdown. [0;m[1;36m (abis_nm.c:341)[0;m
[38;5;23mWed Sep 30 10:45:58 2026 [1;33mDLINP[0;m[38;5;23m [1;33mNOTICE[0;m[38;5;23m SRVCONN(ts-0-1-oml,r=127.0.0.1:44015<->l=127.0.0.1:3002) connection closed with client (stream_srv.c:770)[0;m
[38;5;23mWed Sep 30 10:45:58 2026 [1;33mDLINP[0;m[38;5;23m [1;33mNOTICE[0;m[38;5;23m E1TS(0:1) failed reading from socket: 0 (ipaccess.c:554)[0;m
[38;5;23mWed Sep 30 10:45:58 2026 [1;33mDLINP[0;m[38;5;23m [1;33mNOTICE[0;m[38;5;23m E1L(0) Signalling link down (bts_ipaccess_nanobts.c:778)[0;m
[38;5;23mWed Sep 30 10:45:58 2026 [1;33mDLINP[0;m[38;5;23m [1;33mNOTICE[0;m[38;5;23m (bts=0) Dropping OML link: link down (bts_ipaccess_nanobts.c:543)[0;m
[38;5;23mWed Sep 30 10:45:58 2026 [1;33mDLINP[0;m[38;5;23m [1;33mNOTICE[0;m[38;5;23m (bts=0,trx=0) Dropping RSL link: OML link drop (bts_ipaccess_nanobts.c:514)[0;m
[38;5;23mWed Sep 30 10:45:58 2026 [1;33mDLINP[0;m[38;5;23m [1;33mNOTICE[0;m[38;5;23m E1L(0) Signalling link down (bts_ipaccess_nanobts.c:778)[0;m
[38;5;23mWed Sep 30 10:45:58 2026 [1;33mDLINP[0;m[38;5;23m [1;33mNOTICE[0;m[38;5;23m E1L(0) Signalling link down for unknown BTS (bts_ipaccess_nanobts.c:791)[0;m
[1;36mWed Sep 30 10:45:58 2026 [1;31mDNM[0;m[1;36m [1;31mERROR[0;m[1;36m OC=BTS(01) INST=(00,ff,ff): Failure Event Report: [0;m[1;36mType=processing failure, [0;m[1;36mSeverity=critical failure, [0;m[1;36mProbable cause=Manufacturer specific values: [0;m[1;36mProcess stopped, [0;m[1;36mAdditional Text=BTS: SIGINT received -> shutdown. [0;m[1;36m (abis_nm.c:341)[0;m
[38;5;23mWed Sep 30 10:46:00 2026 [1;33mDLINP[0;m[38;5;23m [1;33mNOTICE[0;m[38;5;23m SRVCONN(ts-0-1-oml,r=127.0.0.1:42475<->l=127.0.0.1:3002) connection closed with client (stream_srv.c:770)[0;m
[38;5;23mWed Sep 30 10:46:00 2026 [1;33mDLINP[0;m[38;5;23m [1;33mNOTICE[0;m[38;5;23m E1TS(0:1) failed reading from socket: 0 (ipaccess.c:554)[0;m
[38;5;23mWed Sep 30 10:46:00 2026 [1;33mDLINP[0;m[38;5;23m [1;33mNOTICE[0;m[38;5;23m E1L(0) Signalling link down (bts_ipaccess_nanobts.c:778)[0;m
[38;5;23mWed Sep 30 10:46:00 2026 [1;33mDLINP[0;m[38;5;23m [1;33mNOTICE[0;m[38;5;23m (bts=1) Dropping OML link: link down (bts_ipaccess_nanobts.c:543)[0;m
[38;5;23mWed Sep 30 10:46:00 2026 [1;33mDLINP[0;m[38;5;23m [1;33mNOTICE[0;m[38;5;23m (bts=1,trx=0) Dropping RSL link: OML link drop (bts_ipaccess_nanobts.c:514)[0;m
[38;5;23mWed Sep 30 10:46:00 2026 [1;33mDLINP[0;m[38;5;23m [1;33mNOTICE[0;m[38;5;23m E1L(0) Signalling link down (bts_ipaccess_nanobts.c:778)[0;m
[38;5;23mWed Sep 30 10:46:00 2026 [1;33mDLINP[0;m[38;5;23m [1;33mNOTICE[0;m[38;5;23m E1L(0) Signalling link down for unknown BTS (bts_ipaccess_nanobts.c:791)[0;m
[1;36mWed Sep 30 10:46:02 2026 [1;33mDNM[0;m[1;36m [1;33mNOTICE[0;m[1;36m shutting down OML for BTS 0 (bsc_init.c:57)[0;m
[1;36mWed Sep 30 10:46:02 2026 [1;33mDNM[0;m[1;36m [1;33mNOTICE[0;m[1;36m shutting down OML for BTS 1 (bsc_init.c:57)[0;m
[38;5;43mWed Sep 30 10:46:20 2026 [1;33mDLSS7[0;m[38;5;43m [1;33mNOTICE[0;m[38;5;43m 0: ASP(asp-to-stp) Applying Adm State change: ENABLED -> ENABLED (ss7_asp_vty.c:673)[0;m
Wed Sep 30 10:46:20 2026 [1;33mDLGLOBAL[0;m [1;33mNOTICE[0;m Available via telnet 127.0.0.1 4242 (telnet_interface.c:88)
[38;5;23mWed Sep 30 10:46:20 2026 [1;33mDLINP[0;m[38;5;23m [1;33mNOTICE[0;m[38;5;23m E1L(0) enabling ipaccess BSC mode on 0.0.0.0 with OML 3002 and RSL 3003 TCP ports (ipaccess.c:1028)[0;m
[38;5;33mWed Sep 30 10:46:20 2026 [1;33mDLCTRL[0;m[38;5;33m [1;33mNOTICE[0;m[38;5;33m CTRL at 127.0.0.1 4249 (control_if.c:1026)[0;m
[38;5;51mWed Sep 30 10:46:20 2026 [1;33mDLMGCP[0;m[38;5;51m [1;33mNOTICE[0;m[38;5;51m MGW(mgw) MGCP client: using endpoint domain '@mgw' (mgcp_client.c:945)[0;m
[1;36mWed Sep 30 10:46:20 2026 [1;33mDNM[0;m[1;36m [1;33mNOTICE[0;m[1;36m MGW pool with 1 pool members configured, (ignoring MGW configuration in VTY node 'msc'). (osmo_bsc_main.c:869)[0;m
Wed Sep 30 10:46:20 2026 [1;33mDMSC[0;m [1;33mNOTICE[0;m Initializing SCCP connection for A/m3ua on cs7 instance 0 (osmo_bsc_sigtran.c:817)
[38;5;45mWed Sep 30 10:46:20 2026 [1;33mDLSCCP[0;m[38;5;45m [1;33mNOTICE[0;m[38;5;45m A-0-m3ua: Using SS7 instance 0, pc:1.1.3 (sccp_instance.c:655)[0;m
[38;5;45mWed Sep 30 10:46:20 2026 [1;33mDLSCCP[0;m[38;5;45m [1;33mNOTICE[0;m[38;5;45m A-0-m3ua: Using AS instance as-bsc (sccp_instance.c:673)[0;m
[38;5;45mWed Sep 30 10:46:20 2026 [1;33mDLSCCP[0;m[38;5;45m [1;33mNOTICE[0;m[38;5;45m A-0-m3ua: Creating default route (sccp_instance.c:679)[0;m
[38;5;45mWed Sep 30 10:46:20 2026 [1;33mDLSCCP[0;m[38;5;45m [1;33mNOTICE[0;m[38;5;45m A-0-m3ua: Using ASP instance asp-to-stp (sccp_instance.c:784)[0;m
[38;5;43mWed Sep 30 10:46:20 2026 [1;33mDLSS7[0;m[38;5;43m [1;33mNOTICE[0;m[38;5;43m 0: Creating SCCP instance (ss7_instance.c:214)[0;m
Wed Sep 30 10:46:20 2026 [1;33mDMSC[0;m [1;33mNOTICE[0;m (msc=0) A-0-m3ua: local (BSC) SCCP address: RI=SSN_PC,PC=1.1.3,SSN=BSSAP (osmo_bsc_sigtran.c:870)
Wed Sep 30 10:46:20 2026 [1;33mDMSC[0;m [1;33mNOTICE[0;m (msc=0) A-0-m3ua: remote (MSC) SCCP address: RI=SSN_PC,PC=1.1.1,SSN=BSSAP (osmo_bsc_sigtran.c:872)
Wed Sep 30 10:46:20 2026 [1;33mDMSC[0;m [1;33mNOTICE[0;m (msc=0) A-0-m3ua: binding SCCP user (osmo_bsc_sigtran.c:877)
[38;5;45mWed Sep 30 10:46:20 2026 [1;31mDLSCCP[0;m[38;5;45m [1;31mERROR[0;m[38;5;45m 0: SCCP(rctx=0) MTP-TRANSFER.req from SCCP for OPC=2059=1.1.3,DPC=2057=1.1.1,SLS=5: no route! (sccp_scrc.c:177)[0;m
[38;5;45mWed Sep 30 10:46:20 2026 [1;33mDLSCCP[0;m[38;5;45m [1;33mNOTICE[0;m[38;5;45m 0: SCCP(rctx=0) SCRC Routing Failure (MTP failure) for CL message CL:CLDT (sccp_sclc.c:359)[0;m
Wed Sep 30 10:46:20 2026 [1;33mDMSC[0;m [1;33mNOTICE[0;m (msc=0) (calling_addr=RI=2,PC=2057,SSN=254) N-NOTICE.ind cause=5='MTP failure' importance=0 (osmo_bsc_sigtran.c:168)
[38;5;49mWed Sep 30 10:46:22 2026 [1;33mDLM3UA[0;m[38;5;49m [1;33mNOTICE[0;m[38;5;49m 0: ASP(asp-to-stp) Received NOTIFY Type State Change:AS Inactive () (m3ua.c:707)[0;m
[38;5;43mWed Sep 30 10:46:22 2026 [1;33mDLSS7[0;m[38;5;43m [1;33mNOTICE[0;m[38;5;43m 0: RT(dpc=2057=1.1.1,mask=0x3fff=7.255.7,prio=5,via=as-bsc,st=available) changed to status 'available' (ss7_route.c:409)[0;m
Wed Sep 30 10:46:22 2026 [1;33mDMSC[0;m [1;33mNOTICE[0;m (msc=0) now available: N-PCSTATE ind: pc=2057=1.1.1 sp_status=ACCESSIBLE remote_sccp_status=AVAILABLE (osmo_bsc_sigtran.c:319)
[38;5;43mWed Sep 30 10:46:22 2026 [1;33mDLSS7[0;m[38;5;43m [1;33mNOTICE[0;m[38;5;43m xua_default_lm(asp-to-stp)[0x6114c7d400a0]{ACTIVE}: Ignoring primitive M-ASP_ACTIVE.confirm (xua_default_lm_fsm.c:406)[0;m
[38;5;49mWed Sep 30 10:46:22 2026 [1;33mDLM3UA[0;m[38;5;49m [1;33mNOTICE[0;m[38;5;49m 0: ASP(asp-to-stp) Received NOTIFY Type State Change:AS Active () (m3ua.c:707)[0;m
[38;5;49mWed Sep 30 10:46:22 2026 [1;33mDLM3UA[0;m[38;5;49m [1;33mNOTICE[0;m[38;5;49m 0: ASP(asp-to-stp) Rx DUNA(RFC4666 4.5.1) for 1.1.2/0 (xua_snm.c:501)[0;m
[38;5;43mWed Sep 30 10:46:22 2026 [1;33mDLSS7[0;m[38;5;43m [1;33mNOTICE[0;m[38;5;43m 0: RT(dpc=2058=1.1.2,mask=0x3fff=7.255.7,prio=5,via=as-bsc,st=available) changed to status 'unavailable' (ss7_route.c:409)[0;m
Wed Sep 30 10:46:22 2026 [1;33mDMSC[0;m [1;33mNOTICE[0;m (msc=0) RESET ACK from MSC: RI=SSN_PC,PC=1.1.1,SSN=BSSAP (osmo_bsc_bssap.c:84)
Wed Sep 30 10:46:22 2026 [1;33mDRESET[0;m [1;33mNOTICE[0;m bssmap_reset(msc-0)[0x6114c7dbd3b0]{CONNECTED}: link up (bssmap_reset.c:83)
Wed Sep 30 10:46:22 2026 [1;33mDMSC[0;m [1;33mNOTICE[0;m (msc=0) BSSMAP association is up (a_reset.c:45)
[1;36mWed Sep 30 10:46:30 2026 [1;33mDNM[0;m[1;36m [1;33mNOTICE[0;m[1;36m OC=BTS(01) INST=(00,ff,ff): Get Attributes Response: feature 'GPRS' is supported (abis_nm.c:599)[0;m
[1;36mWed Sep 30 10:46:30 2026 [1;33mDNM[0;m[1;36m [1;33mNOTICE[0;m[1;36m OC=BTS(01) INST=(00,ff,ff): Get Attributes Response: feature 'EGPRS' is supported (abis_nm.c:599)[0;m
[1;36mWed Sep 30 10:46:30 2026 [1;33mDNM[0;m[1;36m [1;33mNOTICE[0;m[1;36m OC=BTS(01) INST=(00,ff,ff): Get Attributes Response: feature 'HOPPING' is supported (abis_nm.c:599)[0;m
[1;36mWed Sep 30 10:46:30 2026 [1;33mDNM[0;m[1;36m [1;33mNOTICE[0;m[1;36m OC=BTS(01) INST=(00,ff,ff): Get Attributes Response: feature 'MULTI_TSC' is supported (abis_nm.c:599)[0;m
[1;36mWed Sep 30 10:46:30 2026 [1;33mDNM[0;m[1;36m [1;33mNOTICE[0;m[1;36m OC=BTS(01) INST=(00,ff,ff): Get Attributes Response: feature 'OML_ALERTS' is supported (abis_nm.c:599)[0;m
[1;36mWed Sep 30 10:46:30 2026 [1;33mDNM[0;m[1;36m [1;33mNOTICE[0;m[1;36m OC=BTS(01) INST=(00,ff,ff): Get Attributes Response: feature 'CBCH' is supported (abis_nm.c:599)[0;m
[1;36mWed Sep 30 10:46:30 2026 [1;33mDNM[0;m[1;36m [1;33mNOTICE[0;m[1;36m OC=BTS(01) INST=(00,ff,ff): Get Attributes Response: feature 'SPEECH_F_V1' is supported (abis_nm.c:599)[0;m
[1;36mWed Sep 30 10:46:30 2026 [1;33mDNM[0;m[1;36m [1;33mNOTICE[0;m[1;36m OC=BTS(01) INST=(00,ff,ff): Get Attributes Response: feature 'SPEECH_H_V1' is supported (abis_nm.c:599)[0;m
[1;36mWed Sep 30 10:46:30 2026 [1;33mDNM[0;m[1;36m [1;33mNOTICE[0;m[1;36m OC=BTS(01) INST=(00,ff,ff): Get Attributes Response: feature 'SPEECH_F_EFR' is supported (abis_nm.c:599)[0;m
[1;36mWed Sep 30 10:46:30 2026 [1;33mDNM[0;m[1;36m [1;33mNOTICE[0;m[1;36m OC=BTS(01) INST=(00,ff,ff): Get Attributes Response: feature 'SPEECH_F_AMR' is supported (abis_nm.c:599)[0;m
[1;36mWed Sep 30 10:46:30 2026 [1;33mDNM[0;m[1;36m [1;33mNOTICE[0;m[1;36m OC=BTS(01) INST=(00,ff,ff): Get Attributes Response: feature 'SPEECH_H_AMR' is supported (abis_nm.c:599)[0;m
[1;36mWed Sep 30 10:46:30 2026 [1;33mDNM[0;m[1;36m [1;33mNOTICE[0;m[1;36m OC=BTS(01) INST=(00,ff,ff): Get Attributes Response: feature 'ETWS_PN' is supported (abis_nm.c:599)[0;m
[1;36mWed Sep 30 10:46:30 2026 [1;33mDNM[0;m[1;36m [1;33mNOTICE[0;m[1;36m OC=BTS(01) INST=(00,ff,ff): Get Attributes Response: feature 'PAGING_COORDINATION' is supported (abis_nm.c:599)[0;m
[1;36mWed Sep 30 10:46:30 2026 [1;33mDNM[0;m[1;36m [1;33mNOTICE[0;m[1;36m OC=BTS(01) INST=(00,ff,ff): Get Attributes Response: feature 'IPV6_NSVC' is supported (abis_nm.c:599)[0;m
[1;36mWed Sep 30 10:46:30 2026 [1;33mDNM[0;m[1;36m [1;33mNOTICE[0;m[1;36m OC=BTS(01) INST=(00,ff,ff): Get Attributes Response: feature 'ACCH_REP' is supported (abis_nm.c:599)[0;m
[1;36mWed Sep 30 10:46:30 2026 [1;33mDNM[0;m[1;36m [1;33mNOTICE[0;m[1;36m OC=BTS(01) INST=(00,ff,ff): Get Attributes Response: feature 'CCN' is supported (abis_nm.c:599)[0;m
[1;36mWed Sep 30 10:46:30 2026 [1;33mDNM[0;m[1;36m [1;33mNOTICE[0;m[1;36m OC=BTS(01) INST=(00,ff,ff): Get Attributes Response: feature 'VAMOS' is supported (abis_nm.c:599)[0;m
[1;36mWed Sep 30 10:46:30 2026 [1;33mDNM[0;m[1;36m [1;33mNOTICE[0;m[1;36m OC=BTS(01) INST=(00,ff,ff): Get Attributes Response: feature 'ABIS_OSMO_PCU' is supported (abis_nm.c:599)[0;m
[1;36mWed Sep 30 10:46:30 2026 [1;33mDNM[0;m[1;36m [1;33mNOTICE[0;m[1;36m OC=BTS(01) INST=(00,ff,ff): Get Attributes Response: feature 'BCCH_PWR_RED' is supported (abis_nm.c:599)[0;m
[1;36mWed Sep 30 10:46:30 2026 [1;33mDNM[0;m[1;36m [1;33mNOTICE[0;m[1;36m OC=BTS(01) INST=(00,ff,ff): Get Attributes Response: feature 'DYN_TS_SDCCH8' is supported (abis_nm.c:599)[0;m
[1;36mWed Sep 30 10:46:30 2026 [1;33mDNM[0;m[1;36m [1;33mNOTICE[0;m[1;36m OC=BTS(01) INST=(00,ff,ff): Get Attributes Response: feature 'ACCH_TEMP_OVP' is supported (abis_nm.c:599)[0;m
[1;36mWed Sep 30 10:46:30 2026 [1;33mDNM[0;m[1;36m [1;33mNOTICE[0;m[1;36m OC=BTS(01) INST=(00,ff,ff): Get Attributes Response: feature 'VBS' is supported (abis_nm.c:599)[0;m
[1;36mWed Sep 30 10:46:30 2026 [1;33mDNM[0;m[1;36m [1;33mNOTICE[0;m[1;36m OC=BTS(01) INST=(00,ff,ff): Get Attributes Response: feature 'VGCS' is supported (abis_nm.c:599)[0;m
[1;36mWed Sep 30 10:46:30 2026 [1;33mDNM[0;m[1;36m [1;33mNOTICE[0;m[1;36m OC=BTS(01) INST=(00,ff,ff): Get Attributes Response: feature 'TWTS001' is supported (abis_nm.c:599)[0;m
[1;36mWed Sep 30 10:46:30 2026 [1;33mDNM[0;m[1;36m [1;33mNOTICE[0;m[1;36m OC=BTS(01) INST=(00,ff,ff): Get Attributes Response: feature 'TWTS002' is supported (abis_nm.c:599)[0;m
[1;36mWed Sep 30 10:46:30 2026 [1;33mDNM[0;m[1;36m [1;33mNOTICE[0;m[1;36m OC=BTS(01) INST=(00,ff,ff): ARI reported sw[0/2]: osmobts is 1.10.0-dirty (abis_nm.c:652)[0;m
[1;36mWed Sep 30 10:46:30 2026 [1;33mDNM[0;m[1;36m [1;33mNOTICE[0;m[1;36m OC=BTS(01) INST=(00,ff,ff): Reported variant: osmo-bts-trx (abis_nm.c:534)[0;m
[1;36mWed Sep 30 10:46:30 2026 [1;31mDNM[0;m[1;36m [1;31mERROR[0;m[1;36m OC=RADIO-CARRIER(02) INST=(00,00,ff): Attribute SW Configuration is unreported (abis_nm.c:557)[0;m
[1;36mWed Sep 30 10:46:30 2026 [1;31mDNM[0;m[1;36m [1;31mERROR[0;m[1;36m OC=BASEBAND-TRANSCEIVER(04) INST=(00,00,ff): Attribute Manufacturer Dependent State is unreported (abis_nm.c:557)[0;m
[1;36mWed Sep 30 10:46:30 2026 [1;33mDNM[0;m[1;36m [1;33mNOTICE[0;m[1;36m OC=BASEBAND-TRANSCEIVER(04) INST=(00,00,ff): ARI reported sw[0/1]: TRX_PHY_VERSION is Unknown (abis_nm.c:652)[0;m
[1;35mWed Sep 30 10:46:30 2026 [1;33mDRSL[0;m[1;35m [1;33mNOTICE[0;m[1;35m (bts=1,trx=0) bootstrapping RSL on ARFCN 614 using MCC-MNC 001-01 LAC=1 CID=6012 BSIC=8 (osmo_bsc_main.c:320)[0;m
[1;36mWed Sep 30 10:46:39 2026 [1;31mDNM[0;m[1;36m [1;31mERROR[0;m[1;36m OC=GPRS-CELL(f1) INST=(00,00,ff): Attribute SW Configuration is unreported (abis_nm.c:557)[0;m
[1;36mWed Sep 30 10:46:39 2026 [1;33mDNM[0;m[1;36m [1;33mNOTICE[0;m[1;36m OC=BTS(01) INST=(00,ff,ff): Get Attributes Response: feature 'GPRS' is supported (abis_nm.c:599)[0;m
[1;36mWed Sep 30 10:46:39 2026 [1;33mDNM[0;m[1;36m [1;33mNOTICE[0;m[1;36m OC=BTS(01) INST=(00,ff,ff): Get Attributes Response: feature 'EGPRS' is supported (abis_nm.c:599)[0;m
[1;36mWed Sep 30 10:46:39 2026 [1;33mDNM[0;m[1;36m [1;33mNOTICE[0;m[1;36m OC=BTS(01) INST=(00,ff,ff): Get Attributes Response: feature 'HOPPING' is supported (abis_nm.c:599)[0;m
[1;36mWed Sep 30 10:46:39 2026 [1;33mDNM[0;m[1;36m [1;33mNOTICE[0;m[1;36m OC=BTS(01) INST=(00,ff,ff): Get Attributes Response: feature 'MULTI_TSC' is supported (abis_nm.c:599)[0;m
[1;36mWed Sep 30 10:46:39 2026 [1;33mDNM[0;m[1;36m [1;33mNOTICE[0;m[1;36m OC=BTS(01) INST=(00,ff,ff): Get Attributes Response: feature 'OML_ALERTS' is supported (abis_nm.c:599)[0;m
[1;36mWed Sep 30 10:46:39 2026 [1;33mDNM[0;m[1;36m [1;33mNOTICE[0;m[1;36m OC=BTS(01) INST=(00,ff,ff): Get Attributes Response: feature 'CBCH' is supported (abis_nm.c:599)[0;m
[1;36mWed Sep 30 10:46:39 2026 [1;33mDNM[0;m[1;36m [1;33mNOTICE[0;m[1;36m OC=BTS(01) INST=(00,ff,ff): Get Attributes Response: feature 'SPEECH_F_V1' is supported (abis_nm.c:599)[0;m
[1;36mWed Sep 30 10:46:39 2026 [1;33mDNM[0;m[1;36m [1;33mNOTICE[0;m[1;36m OC=BTS(01) INST=(00,ff,ff): Get Attributes Response: feature 'SPEECH_H_V1' is supported (abis_nm.c:599)[0;m
[1;36mWed Sep 30 10:46:39 2026 [1;33mDNM[0;m[1;36m [1;33mNOTICE[0;m[1;36m OC=BTS(01) INST=(00,ff,ff): Get Attributes Response: feature 'SPEECH_F_EFR' is supported (abis_nm.c:599)[0;m
[1;36mWed Sep 30 10:46:39 2026 [1;33mDNM[0;m[1;36m [1;33mNOTICE[0;m[1;36m OC=BTS(01) INST=(00,ff,ff): Get Attributes Response: feature 'SPEECH_F_AMR' is supported (abis_nm.c:599)[0;m
[1;36mWed Sep 30 10:46:39 2026 [1;33mDNM[0;m[1;36m [1;33mNOTICE[0;m[1;36m OC=BTS(01) INST=(00,ff,ff): Get Attributes Response: feature 'SPEECH_H_AMR' is supported (abis_nm.c:599)[0;m
[1;36mWed Sep 30 10:46:39 2026 [1;33mDNM[0;m[1;36m [1;33mNOTICE[0;m[1;36m OC=BTS(01) INST=(00,ff,ff): Get Attributes Response: feature 'ETWS_PN' is supported (abis_nm.c:599)[0;m
[1;36mWed Sep 30 10:46:39 2026 [1;33mDNM[0;m[1;36m [1;33mNOTICE[0;m[1;36m OC=BTS(01) INST=(00,ff,ff): Get Attributes Response: feature 'PAGING_COORDINATION' is supported (abis_nm.c:599)[0;m
[1;36mWed Sep 30 10:46:39 2026 [1;33mDNM[0;m[1;36m [1;33mNOTICE[0;m[1;36m OC=BTS(01) INST=(00,ff,ff): Get Attributes Response: feature 'IPV6_NSVC' is supported (abis_nm.c:599)[0;m
[1;36mWed Sep 30 10:46:39 2026 [1;33mDNM[0;m[1;36m [1;33mNOTICE[0;m[1;36m OC=BTS(01) INST=(00,ff,ff): Get Attributes Response: feature 'ACCH_REP' is supported (abis_nm.c:599)[0;m
[1;36mWed Sep 30 10:46:39 2026 [1;33mDNM[0;m[1;36m [1;33mNOTICE[0;m[1;36m OC=BTS(01) INST=(00,ff,ff): Get Attributes Response: feature 'CCN' is supported (abis_nm.c:599)[0;m
[1;36mWed Sep 30 10:46:39 2026 [1;33mDNM[0;m[1;36m [1;33mNOTICE[0;m[1;36m OC=BTS(01) INST=(00,ff,ff): Get Attributes Response: feature 'VAMOS' is supported (abis_nm.c:599)[0;m
[1;36mWed Sep 30 10:46:39 2026 [1;33mDNM[0;m[1;36m [1;33mNOTICE[0;m[1;36m OC=BTS(01) INST=(00,ff,ff): Get Attributes Response: feature 'ABIS_OSMO_PCU' is supported (abis_nm.c:599)[0;m
[1;36mWed Sep 30 10:46:39 2026 [1;33mDNM[0;m[1;36m [1;33mNOTICE[0;m[1;36m OC=BTS(01) INST=(00,ff,ff): Get Attributes Response: feature 'BCCH_PWR_RED' is supported (abis_nm.c:599)[0;m
[1;36mWed Sep 30 10:46:39 2026 [1;33mDNM[0;m[1;36m [1;33mNOTICE[0;m[1;36m OC=BTS(01) INST=(00,ff,ff): Get Attributes Response: feature 'DYN_TS_SDCCH8' is supported (abis_nm.c:599)[0;m
[1;36mWed Sep 30 10:46:39 2026 [1;33mDNM[0;m[1;36m [1;33mNOTICE[0;m[1;36m OC=BTS(01) INST=(00,ff,ff): Get Attributes Response: feature 'ACCH_TEMP_OVP' is supported (abis_nm.c:599)[0;m
[1;36mWed Sep 30 10:46:39 2026 [1;33mDNM[0;m[1;36m [1;33mNOTICE[0;m[1;36m OC=BTS(01) INST=(00,ff,ff): Get Attributes Response: feature 'VBS' is supported (abis_nm.c:599)[0;m
[1;36mWed Sep 30 10:46:39 2026 [1;33mDNM[0;m[1;36m [1;33mNOTICE[0;m[1;36m OC=BTS(01) INST=(00,ff,ff): Get Attributes Response: feature 'VGCS' is supported (abis_nm.c:599)[0;m
[1;36mWed Sep 30 10:46:39 2026 [1;33mDNM[0;m[1;36m [1;33mNOTICE[0;m[1;36m OC=BTS(01) INST=(00,ff,ff): Get Attributes Response: feature 'TWTS001' is supported (abis_nm.c:599)[0;m
[1;36mWed Sep 30 10:46:39 2026 [1;33mDNM[0;m[1;36m [1;33mNOTICE[0;m[1;36m OC=BTS(01) INST=(00,ff,ff): Get Attributes Response: feature 'TWTS002' is supported (abis_nm.c:599)[0;m
[1;36mWed Sep 30 10:46:39 2026 [1;33mDNM[0;m[1;36m [1;33mNOTICE[0;m[1;36m OC=BTS(01) INST=(00,ff,ff): ARI reported sw[0/2]: osmobts is 1.10.0-dirty (abis_nm.c:652)[0;m
[1;36mWed Sep 30 10:46:39 2026 [1;33mDNM[0;m[1;36m [1;33mNOTICE[0;m[1;36m OC=BTS(01) INST=(00,ff,ff): Reported variant: osmo-bts-trx (abis_nm.c:534)[0;m
[1;36mWed Sep 30 10:46:39 2026 [1;31mDNM[0;m[1;36m [1;31mERROR[0;m[1;36m OC=RADIO-CARRIER(02) INST=(00,00,ff): Attribute SW Configuration is unreported (abis_nm.c:557)[0;m
[1;36mWed Sep 30 10:46:39 2026 [1;31mDNM[0;m[1;36m [1;31mERROR[0;m[1;36m OC=BASEBAND-TRANSCEIVER(04) INST=(00,00,ff): Attribute Manufacturer Dependent State is unreported (abis_nm.c:557)[0;m
[1;36mWed Sep 30 10:46:39 2026 [1;33mDNM[0;m[1;36m [1;33mNOTICE[0;m[1;36m OC=BASEBAND-TRANSCEIVER(04) INST=(00,00,ff): ARI reported sw[0/1]: TRX_PHY_VERSION is Unknown (abis_nm.c:652)[0;m
[1;35mWed Sep 30 10:46:39 2026 [1;33mDRSL[0;m[1;35m [1;33mNOTICE[0;m[1;35m (bts=0,trx=0) bootstrapping RSL on ARFCN 514 using MCC-MNC 001-01 LAC=1 CID=6001 BSIC=7 (osmo_bsc_main.c:320)[0;m
[1;36mWed Sep 30 10:46:41 2026 [1;33mDNM[0;m[1;36m [1;33mNOTICE[0;m[1;36m OC=BTS(01) INST=(00,ff,ff): Reported connected PCU version 1.5.2 (abis_nm.c:352)[0;m
[1;32mWed Sep 30 10:53:11 2026 [1;33mDCHAN[0;m[1;32m [1;33mNOTICE[0;m[1;32m lchan(0-0-2-TCH_F-0)[0x6114c7de4bd0]{WAIT_RF_RELEASE_ACK}: (type=TCH_F) Rx IPACC DLCX IND (cause=Normal event, unspecified [ 0f ]) (abis_rsl.c:3241)[0;m
[1;32mWed Sep 30 10:54:21 2026 [1;33mDCHAN[0;m[1;32m [1;33mNOTICE[0;m[1;32m lchan(0-0-2-TCH_F-0)[0x6114c7de4bd0]{WAIT_RF_RELEASE_ACK}: (type=TCH_F) Rx IPACC DLCX IND (cause=Normal event, unspecified [ 0f ]) (abis_rsl.c:3241)[0;m
[1;32mWed Sep 30 10:55:28 2026 [1;33mDCHAN[0;m[1;32m [1;33mNOTICE[0;m[1;32m lchan(0-0-2-TCH_F-0)[0x6114c7de4bd0]{WAIT_RF_RELEASE_ACK}: (type=TCH_F) Rx IPACC DLCX IND (cause=Normal event, unspecified [ 0f ]) (abis_rsl.c:3241)[0;m
[1;36mWed Sep 30 11:28:37 2026 [1;31mDNM[0;m[1;36m [1;31mERROR[0;m[1;36m OC=BTS(01) INST=(00,ff,ff): Failure Event Report: [0;m[1;36mType=processing failure, [0;m[1;36mSeverity=critical failure, [0;m[1;36mProbable cause=Manufacturer specific values: [0;m[1;36mProcess stopped, [0;m[1;36mAdditional Text=BTS: SIGINT received -> shutdown. [0;m[1;36m (abis_nm.c:341)[0;m
[38;5;23mWed Sep 30 11:28:37 2026 [1;33mDLINP[0;m[38;5;23m [1;33mNOTICE[0;m[38;5;23m SRVCONN(ts-0-1-oml,r=127.0.0.1:44987<->l=127.0.0.1:3002) connection closed with client (stream_srv.c:770)[0;m
[38;5;23mWed Sep 30 11:28:37 2026 [1;33mDLINP[0;m[38;5;23m [1;33mNOTICE[0;m[38;5;23m E1TS(0:1) failed reading from socket: 0 (ipaccess.c:554)[0;m
[38;5;23mWed Sep 30 11:28:37 2026 [1;33mDLINP[0;m[38;5;23m [1;33mNOTICE[0;m[38;5;23m E1L(0) Signalling link down (bts_ipaccess_nanobts.c:778)[0;m
[38;5;23mWed Sep 30 11:28:37 2026 [1;33mDLINP[0;m[38;5;23m [1;33mNOTICE[0;m[38;5;23m (bts=0) Dropping OML link: link down (bts_ipaccess_nanobts.c:543)[0;m
[38;5;23mWed Sep 30 11:28:37 2026 [1;33mDLINP[0;m[38;5;23m [1;33mNOTICE[0;m[38;5;23m (bts=0,trx=0) Dropping RSL link: OML link drop (bts_ipaccess_nanobts.c:514)[0;m
[38;5;23mWed Sep 30 11:28:37 2026 [1;33mDLINP[0;m[38;5;23m [1;33mNOTICE[0;m[38;5;23m E1L(0) Signalling link down (bts_ipaccess_nanobts.c:778)[0;m
[38;5;23mWed Sep 30 11:28:37 2026 [1;33mDLINP[0;m[38;5;23m [1;33mNOTICE[0;m[38;5;23m E1L(0) Signalling link down for unknown BTS (bts_ipaccess_nanobts.c:791)[0;m
[1;36mWed Sep 30 11:28:37 2026 [1;31mDNM[0;m[1;36m [1;31mERROR[0;m[1;36m OC=BTS(01) INST=(00,ff,ff): Failure Event Report: [0;m[1;36mType=processing failure, [0;m[1;36mSeverity=critical failure, [0;m[1;36mProbable cause=Manufacturer specific values: [0;m[1;36mProcess stopped, [0;m[1;36mAdditional Text=BTS: SIGINT received -> shutdown. [0;m[1;36m (abis_nm.c:341)[0;m
[38;5;23mWed Sep 30 11:28:39 2026 [1;33mDLINP[0;m[38;5;23m [1;33mNOTICE[0;m[38;5;23m SRVCONN(ts-0-1-oml,r=127.0.0.1:43113<->l=127.0.0.1:3002) connection closed with client (stream_srv.c:770)[0;m
[38;5;23mWed Sep 30 11:28:39 2026 [1;33mDLINP[0;m[38;5;23m [1;33mNOTICE[0;m[38;5;23m E1TS(0:1) failed reading from socket: 0 (ipaccess.c:554)[0;m
[38;5;23mWed Sep 30 11:28:39 2026 [1;33mDLINP[0;m[38;5;23m [1;33mNOTICE[0;m[38;5;23m E1L(0) Signalling link down (bts_ipaccess_nanobts.c:778)[0;m
[38;5;23mWed Sep 30 11:28:39 2026 [1;33mDLINP[0;m[38;5;23m [1;33mNOTICE[0;m[38;5;23m (bts=1) Dropping OML link: link down (bts_ipaccess_nanobts.c:543)[0;m
[38;5;23mWed Sep 30 11:28:39 2026 [1;33mDLINP[0;m[38;5;23m [1;33mNOTICE[0;m[38;5;23m (bts=1,trx=0) Dropping RSL link: OML link drop (bts_ipaccess_nanobts.c:514)[0;m
[38;5;23mWed Sep 30 11:28:39 2026 [1;33mDLINP[0;m[38;5;23m [1;33mNOTICE[0;m[38;5;23m E1L(0) Signalling link down (bts_ipaccess_nanobts.c:778)[0;m
[38;5;23mWed Sep 30 11:28:39 2026 [1;33mDLINP[0;m[38;5;23m [1;33mNOTICE[0;m[38;5;23m E1L(0) Signalling link down for unknown BTS (bts_ipaccess_nanobts.c:791)[0;m
[1;36mWed Sep 30 11:28:41 2026 [1;33mDNM[0;m[1;36m [1;33mNOTICE[0;m[1;36m shutting down OML for BTS 0 (bsc_init.c:57)[0;m
[1;36mWed Sep 30 11:28:41 2026 [1;33mDNM[0;m[1;36m [1;33mNOTICE[0;m[1;36m shutting down OML for BTS 1 (bsc_init.c:57)[0;m
[38;5;43mWed Sep 30 11:28:59 2026 [1;33mDLSS7[0;m[38;5;43m [1;33mNOTICE[0;m[38;5;43m 0: ASP(asp-to-stp) Applying Adm State change: ENABLED -> ENABLED (ss7_asp_vty.c:673)[0;m
Wed Sep 30 11:28:59 2026 [1;33mDLGLOBAL[0;m [1;33mNOTICE[0;m Available via telnet 127.0.0.1 4242 (telnet_interface.c:88)
[38;5;23mWed Sep 30 11:28:59 2026 [1;33mDLINP[0;m[38;5;23m [1;33mNOTICE[0;m[38;5;23m E1L(0) enabling ipaccess BSC mode on 0.0.0.0 with OML 3002 and RSL 3003 TCP ports (ipaccess.c:1028)[0;m
[38;5;33mWed Sep 30 11:28:59 2026 [1;33mDLCTRL[0;m[38;5;33m [1;33mNOTICE[0;m[38;5;33m CTRL at 127.0.0.1 4249 (control_if.c:1026)[0;m
[38;5;51mWed Sep 30 11:28:59 2026 [1;33mDLMGCP[0;m[38;5;51m [1;33mNOTICE[0;m[38;5;51m MGW(mgw) MGCP client: using endpoint domain '@mgw' (mgcp_client.c:945)[0;m
[1;36mWed Sep 30 11:28:59 2026 [1;33mDNM[0;m[1;36m [1;33mNOTICE[0;m[1;36m MGW pool with 1 pool members configured, (ignoring MGW configuration in VTY node 'msc'). (osmo_bsc_main.c:869)[0;m
Wed Sep 30 11:28:59 2026 [1;33mDMSC[0;m [1;33mNOTICE[0;m Initializing SCCP connection for A/m3ua on cs7 instance 0 (osmo_bsc_sigtran.c:817)
[38;5;45mWed Sep 30 11:28:59 2026 [1;33mDLSCCP[0;m[38;5;45m [1;33mNOTICE[0;m[38;5;45m A-0-m3ua: Using SS7 instance 0, pc:1.1.3 (sccp_instance.c:655)[0;m
[38;5;45mWed Sep 30 11:28:59 2026 [1;33mDLSCCP[0;m[38;5;45m [1;33mNOTICE[0;m[38;5;45m A-0-m3ua: Using AS instance as-bsc (sccp_instance.c:673)[0;m
[38;5;45mWed Sep 30 11:28:59 2026 [1;33mDLSCCP[0;m[38;5;45m [1;33mNOTICE[0;m[38;5;45m A-0-m3ua: Creating default route (sccp_instance.c:679)[0;m
[38;5;45mWed Sep 30 11:28:59 2026 [1;33mDLSCCP[0;m[38;5;45m [1;33mNOTICE[0;m[38;5;45m A-0-m3ua: Using ASP instance asp-to-stp (sccp_instance.c:784)[0;m
[38;5;43mWed Sep 30 11:28:59 2026 [1;33mDLSS7[0;m[38;5;43m [1;33mNOTICE[0;m[38;5;43m 0: Creating SCCP instance (ss7_instance.c:214)[0;m
Wed Sep 30 11:28:59 2026 [1;33mDMSC[0;m [1;33mNOTICE[0;m (msc=0) A-0-m3ua: local (BSC) SCCP address: RI=SSN_PC,PC=1.1.3,SSN=BSSAP (osmo_bsc_sigtran.c:870)
Wed Sep 30 11:28:59 2026 [1;33mDMSC[0;m [1;33mNOTICE[0;m (msc=0) A-0-m3ua: remote (MSC) SCCP address: RI=SSN_PC,PC=1.1.1,SSN=BSSAP (osmo_bsc_sigtran.c:872)
Wed Sep 30 11:28:59 2026 [1;33mDMSC[0;m [1;33mNOTICE[0;m (msc=0) A-0-m3ua: binding SCCP user (osmo_bsc_sigtran.c:877)
[38;5;45mWed Sep 30 11:28:59 2026 [1;31mDLSCCP[0;m[38;5;45m [1;31mERROR[0;m[38;5;45m 0: SCCP(rctx=0) MTP-TRANSFER.req from SCCP for OPC=2059=1.1.3,DPC=2057=1.1.1,SLS=9: no route! (sccp_scrc.c:177)[0;m
[38;5;45mWed Sep 30 11:28:59 2026 [1;33mDLSCCP[0;m[38;5;45m [1;33mNOTICE[0;m[38;5;45m 0: SCCP(rctx=0) SCRC Routing Failure (MTP failure) for CL message CL:CLDT (sccp_sclc.c:359)[0;m
Wed Sep 30 11:28:59 2026 [1;33mDMSC[0;m [1;33mNOTICE[0;m (msc=0) (calling_addr=RI=2,PC=2057,SSN=254) N-NOTICE.ind cause=5='MTP failure' importance=0 (osmo_bsc_sigtran.c:168)
[38;5;49mWed Sep 30 11:29:01 2026 [1;33mDLM3UA[0;m[38;5;49m [1;33mNOTICE[0;m[38;5;49m 0: ASP(asp-to-stp) Received NOTIFY Type State Change:AS Inactive () (m3ua.c:707)[0;m
[38;5;43mWed Sep 30 11:29:01 2026 [1;33mDLSS7[0;m[38;5;43m [1;33mNOTICE[0;m[38;5;43m 0: RT(dpc=2057=1.1.1,mask=0x3fff=7.255.7,prio=5,via=as-bsc,st=available) changed to status 'available' (ss7_route.c:409)[0;m
Wed Sep 30 11:29:01 2026 [1;33mDMSC[0;m [1;33mNOTICE[0;m (msc=0) now available: N-PCSTATE ind: pc=2057=1.1.1 sp_status=ACCESSIBLE remote_sccp_status=AVAILABLE (osmo_bsc_sigtran.c:319)
[38;5;43mWed Sep 30 11:29:01 2026 [1;33mDLSS7[0;m[38;5;43m [1;33mNOTICE[0;m[38;5;43m xua_default_lm(asp-to-stp)[0x5e795334d0a0]{ACTIVE}: Ignoring primitive M-ASP_ACTIVE.confirm (xua_default_lm_fsm.c:406)[0;m
[38;5;49mWed Sep 30 11:29:01 2026 [1;33mDLM3UA[0;m[38;5;49m [1;33mNOTICE[0;m[38;5;49m 0: ASP(asp-to-stp) Received NOTIFY Type State Change:AS Active () (m3ua.c:707)[0;m
[38;5;49mWed Sep 30 11:29:01 2026 [1;33mDLM3UA[0;m[38;5;49m [1;33mNOTICE[0;m[38;5;49m 0: ASP(asp-to-stp) Rx DUNA(RFC4666 4.5.1) for 1.1.2/0 (xua_snm.c:501)[0;m
[38;5;43mWed Sep 30 11:29:01 2026 [1;33mDLSS7[0;m[38;5;43m [1;33mNOTICE[0;m[38;5;43m 0: RT(dpc=2058=1.1.2,mask=0x3fff=7.255.7,prio=5,via=as-bsc,st=available) changed to status 'unavailable' (ss7_route.c:409)[0;m
Wed Sep 30 11:29:01 2026 [1;33mDMSC[0;m [1;33mNOTICE[0;m (msc=0) RESET ACK from MSC: RI=SSN_PC,PC=1.1.1,SSN=BSSAP (osmo_bsc_bssap.c:84)
Wed Sep 30 11:29:01 2026 [1;33mDRESET[0;m [1;33mNOTICE[0;m bssmap_reset(msc-0)[0x5e79533ca3b0]{CONNECTED}: link up (bssmap_reset.c:83)
Wed Sep 30 11:29:01 2026 [1;33mDMSC[0;m [1;33mNOTICE[0;m (msc=0) BSSMAP association is up (a_reset.c:45)
[1;36mWed Sep 30 11:29:09 2026 [1;33mDNM[0;m[1;36m [1;33mNOTICE[0;m[1;36m OC=BTS(01) INST=(00,ff,ff): Get Attributes Response: feature 'GPRS' is supported (abis_nm.c:599)[0;m
[1;36mWed Sep 30 11:29:09 2026 [1;33mDNM[0;m[1;36m [1;33mNOTICE[0;m[1;36m OC=BTS(01) INST=(00,ff,ff): Get Attributes Response: feature 'EGPRS' is supported (abis_nm.c:599)[0;m
[1;36mWed Sep 30 11:29:09 2026 [1;33mDNM[0;m[1;36m [1;33mNOTICE[0;m[1;36m OC=BTS(01) INST=(00,ff,ff): Get Attributes Response: feature 'HOPPING' is supported (abis_nm.c:599)[0;m
[1;36mWed Sep 30 11:29:09 2026 [1;33mDNM[0;m[1;36m [1;33mNOTICE[0;m[1;36m OC=BTS(01) INST=(00,ff,ff): Get Attributes Response: feature 'MULTI_TSC' is supported (abis_nm.c:599)[0;m
[1;36mWed Sep 30 11:29:09 2026 [1;33mDNM[0;m[1;36m [1;33mNOTICE[0;m[1;36m OC=BTS(01) INST=(00,ff,ff): Get Attributes Response: feature 'OML_ALERTS' is supported (abis_nm.c:599)[0;m
[1;36mWed Sep 30 11:29:09 2026 [1;33mDNM[0;m[1;36m [1;33mNOTICE[0;m[1;36m OC=BTS(01) INST=(00,ff,ff): Get Attributes Response: feature 'CBCH' is supported (abis_nm.c:599)[0;m
[1;36mWed Sep 30 11:29:09 2026 [1;33mDNM[0;m[1;36m [1;33mNOTICE[0;m[1;36m OC=BTS(01) INST=(00,ff,ff): Get Attributes Response: feature 'SPEECH_F_V1' is supported (abis_nm.c:599)[0;m
[1;36mWed Sep 30 11:29:09 2026 [1;33mDNM[0;m[1;36m [1;33mNOTICE[0;m[1;36m OC=BTS(01) INST=(00,ff,ff): Get Attributes Response: feature 'SPEECH_H_V1' is supported (abis_nm.c:599)[0;m
[1;36mWed Sep 30 11:29:09 2026 [1;33mDNM[0;m[1;36m [1;33mNOTICE[0;m[1;36m OC=BTS(01) INST=(00,ff,ff): Get Attributes Response: feature 'SPEECH_F_EFR' is supported (abis_nm.c:599)[0;m
[1;36mWed Sep 30 11:29:09 2026 [1;33mDNM[0;m[1;36m [1;33mNOTICE[0;m[1;36m OC=BTS(01) INST=(00,ff,ff): Get Attributes Response: feature 'SPEECH_F_AMR' is supported (abis_nm.c:599)[0;m
[1;36mWed Sep 30 11:29:09 2026 [1;33mDNM[0;m[1;36m [1;33mNOTICE[0;m[1;36m OC=BTS(01) INST=(00,ff,ff): Get Attributes Response: feature 'SPEECH_H_AMR' is supported (abis_nm.c:599)[0;m
[1;36mWed Sep 30 11:29:09 2026 [1;33mDNM[0;m[1;36m [1;33mNOTICE[0;m[1;36m OC=BTS(01) INST=(00,ff,ff): Get Attributes Response: feature 'ETWS_PN' is supported (abis_nm.c:599)[0;m
[1;36mWed Sep 30 11:29:09 2026 [1;33mDNM[0;m[1;36m [1;33mNOTICE[0;m[1;36m OC=BTS(01) INST=(00,ff,ff): Get Attributes Response: feature 'PAGING_COORDINATION' is supported (abis_nm.c:599)[0;m
[1;36mWed Sep 30 11:29:09 2026 [1;33mDNM[0;m[1;36m [1;33mNOTICE[0;m[1;36m OC=BTS(01) INST=(00,ff,ff): Get Attributes Response: feature 'IPV6_NSVC' is supported (abis_nm.c:599)[0;m
[1;36mWed Sep 30 11:29:09 2026 [1;33mDNM[0;m[1;36m [1;33mNOTICE[0;m[1;36m OC=BTS(01) INST=(00,ff,ff): Get Attributes Response: feature 'ACCH_REP' is supported (abis_nm.c:599)[0;m
[1;36mWed Sep 30 11:29:09 2026 [1;33mDNM[0;m[1;36m [1;33mNOTICE[0;m[1;36m OC=BTS(01) INST=(00,ff,ff): Get Attributes Response: feature 'CCN' is supported (abis_nm.c:599)[0;m
[1;36mWed Sep 30 11:29:09 2026 [1;33mDNM[0;m[1;36m [1;33mNOTICE[0;m[1;36m OC=BTS(01) INST=(00,ff,ff): Get Attributes Response: feature 'VAMOS' is supported (abis_nm.c:599)[0;m
[1;36mWed Sep 30 11:29:09 2026 [1;33mDNM[0;m[1;36m [1;33mNOTICE[0;m[1;36m OC=BTS(01) INST=(00,ff,ff): Get Attributes Response: feature 'ABIS_OSMO_PCU' is supported (abis_nm.c:599)[0;m
[1;36mWed Sep 30 11:29:09 2026 [1;33mDNM[0;m[1;36m [1;33mNOTICE[0;m[1;36m OC=BTS(01) INST=(00,ff,ff): Get Attributes Response: feature 'BCCH_PWR_RED' is supported (abis_nm.c:599)[0;m
[1;36mWed Sep 30 11:29:09 2026 [1;33mDNM[0;m[1;36m [1;33mNOTICE[0;m[1;36m OC=BTS(01) INST=(00,ff,ff): Get Attributes Response: feature 'DYN_TS_SDCCH8' is supported (abis_nm.c:599)[0;m
[1;36mWed Sep 30 11:29:09 2026 [1;33mDNM[0;m[1;36m [1;33mNOTICE[0;m[1;36m OC=BTS(01) INST=(00,ff,ff): Get Attributes Response: feature 'ACCH_TEMP_OVP' is supported (abis_nm.c:599)[0;m
[1;36mWed Sep 30 11:29:09 2026 [1;33mDNM[0;m[1;36m [1;33mNOTICE[0;m[1;36m OC=BTS(01) INST=(00,ff,ff): Get Attributes Response: feature 'VBS' is supported (abis_nm.c:599)[0;m
[1;36mWed Sep 30 11:29:09 2026 [1;33mDNM[0;m[1;36m [1;33mNOTICE[0;m[1;36m OC=BTS(01) INST=(00,ff,ff): Get Attributes Response: feature 'VGCS' is supported (abis_nm.c:599)[0;m
[1;36mWed Sep 30 11:29:09 2026 [1;33mDNM[0;m[1;36m [1;33mNOTICE[0;m[1;36m OC=BTS(01) INST=(00,ff,ff): Get Attributes Response: feature 'TWTS001' is supported (abis_nm.c:599)[0;m
[1;36mWed Sep 30 11:29:09 2026 [1;33mDNM[0;m[1;36m [1;33mNOTICE[0;m[1;36m OC=BTS(01) INST=(00,ff,ff): Get Attributes Response: feature 'TWTS002' is supported (abis_nm.c:599)[0;m
[1;36mWed Sep 30 11:29:09 2026 [1;33mDNM[0;m[1;36m [1;33mNOTICE[0;m[1;36m OC=BTS(01) INST=(00,ff,ff): ARI reported sw[0/2]: osmobts is 1.10.0-dirty (abis_nm.c:652)[0;m
[1;36mWed Sep 30 11:29:09 2026 [1;33mDNM[0;m[1;36m [1;33mNOTICE[0;m[1;36m OC=BTS(01) INST=(00,ff,ff): Reported variant: osmo-bts-trx (abis_nm.c:534)[0;m
[1;36mWed Sep 30 11:29:09 2026 [1;31mDNM[0;m[1;36m [1;31mERROR[0;m[1;36m OC=RADIO-CARRIER(02) INST=(00,00,ff): Attribute SW Configuration is unreported (abis_nm.c:557)[0;m
[1;36mWed Sep 30 11:29:09 2026 [1;31mDNM[0;m[1;36m [1;31mERROR[0;m[1;36m OC=BASEBAND-TRANSCEIVER(04) INST=(00,00,ff): Attribute Manufacturer Dependent State is unreported (abis_nm.c:557)[0;m
[1;36mWed Sep 30 11:29:09 2026 [1;33mDNM[0;m[1;36m [1;33mNOTICE[0;m[1;36m OC=BASEBAND-TRANSCEIVER(04) INST=(00,00,ff): ARI reported sw[0/1]: TRX_PHY_VERSION is Unknown (abis_nm.c:652)[0;m
[1;35mWed Sep 30 11:29:09 2026 [1;33mDRSL[0;m[1;35m [1;33mNOTICE[0;m[1;35m (bts=1,trx=0) bootstrapping RSL on ARFCN 614 using MCC-MNC 001-01 LAC=1 CID=6012 BSIC=8 (osmo_bsc_main.c:320)[0;m
[1;36mWed Sep 30 11:29:17 2026 [1;31mDNM[0;m[1;36m [1;31mERROR[0;m[1;36m OC=GPRS-CELL(f1) INST=(00,00,ff): Attribute SW Configuration is unreported (abis_nm.c:557)[0;m
[1;36mWed Sep 30 11:29:17 2026 [1;33mDNM[0;m[1;36m [1;33mNOTICE[0;m[1;36m OC=BTS(01) INST=(00,ff,ff): Get Attributes Response: feature 'GPRS' is supported (abis_nm.c:599)[0;m
[1;36mWed Sep 30 11:29:17 2026 [1;33mDNM[0;m[1;36m [1;33mNOTICE[0;m[1;36m OC=BTS(01) INST=(00,ff,ff): Get Attributes Response: feature 'EGPRS' is supported (abis_nm.c:599)[0;m
[1;36mWed Sep 30 11:29:17 2026 [1;33mDNM[0;m[1;36m [1;33mNOTICE[0;m[1;36m OC=BTS(01) INST=(00,ff,ff): Get Attributes Response: feature 'HOPPING' is supported (abis_nm.c:599)[0;m
[1;36mWed Sep 30 11:29:17 2026 [1;33mDNM[0;m[1;36m [1;33mNOTICE[0;m[1;36m OC=BTS(01) INST=(00,ff,ff): Get Attributes Response: feature 'MULTI_TSC' is supported (abis_nm.c:599)[0;m
[1;36mWed Sep 30 11:29:17 2026 [1;33mDNM[0;m[1;36m [1;33mNOTICE[0;m[1;36m OC=BTS(01) INST=(00,ff,ff): Get Attributes Response: feature 'OML_ALERTS' is supported (abis_nm.c:599)[0;m
[1;36mWed Sep 30 11:29:17 2026 [1;33mDNM[0;m[1;36m [1;33mNOTICE[0;m[1;36m OC=BTS(01) INST=(00,ff,ff): Get Attributes Response: feature 'CBCH' is supported (abis_nm.c:599)[0;m
[1;36mWed Sep 30 11:29:17 2026 [1;33mDNM[0;m[1;36m [1;33mNOTICE[0;m[1;36m OC=BTS(01) INST=(00,ff,ff): Get Attributes Response: feature 'SPEECH_F_V1' is supported (abis_nm.c:599)[0;m
[1;36mWed Sep 30 11:29:17 2026 [1;33mDNM[0;m[1;36m [1;33mNOTICE[0;m[1;36m OC=BTS(01) INST=(00,ff,ff): Get Attributes Response: feature 'SPEECH_H_V1' is supported (abis_nm.c:599)[0;m
[1;36mWed Sep 30 11:29:17 2026 [1;33mDNM[0;m[1;36m [1;33mNOTICE[0;m[1;36m OC=BTS(01) INST=(00,ff,ff): Get Attributes Response: feature 'SPEECH_F_EFR' is supported (abis_nm.c:599)[0;m
[1;36mWed Sep 30 11:29:17 2026 [1;33mDNM[0;m[1;36m [1;33mNOTICE[0;m[1;36m OC=BTS(01) INST=(00,ff,ff): Get Attributes Response: feature 'SPEECH_F_AMR' is supported (abis_nm.c:599)[0;m
[1;36mWed Sep 30 11:29:17 2026 [1;33mDNM[0;m[1;36m [1;33mNOTICE[0;m[1;36m OC=BTS(01) INST=(00,ff,ff): Get Attributes Response: feature 'SPEECH_H_AMR' is supported (abis_nm.c:599)[0;m
[1;36mWed Sep 30 11:29:17 2026 [1;33mDNM[0;m[1;36m [1;33mNOTICE[0;m[1;36m OC=BTS(01) INST=(00,ff,ff): Get Attributes Response: feature 'ETWS_PN' is supported (abis_nm.c:599)[0;m
[1;36mWed Sep 30 11:29:17 2026 [1;33mDNM[0;m[1;36m [1;33mNOTICE[0;m[1;36m OC=BTS(01) INST=(00,ff,ff): Get Attributes Response: feature 'PAGING_COORDINATION' is supported (abis_nm.c:599)[0;m
[1;36mWed Sep 30 11:29:17 2026 [1;33mDNM[0;m[1;36m [1;33mNOTICE[0;m[1;36m OC=BTS(01) INST=(00,ff,ff): Get Attributes Response: feature 'IPV6_NSVC' is supported (abis_nm.c:599)[0;m
[1;36mWed Sep 30 11:29:17 2026 [1;33mDNM[0;m[1;36m [1;33mNOTICE[0;m[1;36m OC=BTS(01) INST=(00,ff,ff): Get Attributes Response: feature 'ACCH_REP' is supported (abis_nm.c:599)[0;m
[1;36mWed Sep 30 11:29:17 2026 [1;33mDNM[0;m[1;36m [1;33mNOTICE[0;m[1;36m OC=BTS(01) INST=(00,ff,ff): Get Attributes Response: feature 'CCN' is supported (abis_nm.c:599)[0;m
[1;36mWed Sep 30 11:29:17 2026 [1;33mDNM[0;m[1;36m [1;33mNOTICE[0;m[1;36m OC=BTS(01) INST=(00,ff,ff): Get Attributes Response: feature 'VAMOS' is supported (abis_nm.c:599)[0;m
[1;36mWed Sep 30 11:29:17 2026 [1;33mDNM[0;m[1;36m [1;33mNOTICE[0;m[1;36m OC=BTS(01) INST=(00,ff,ff): Get Attributes Response: feature 'ABIS_OSMO_PCU' is supported (abis_nm.c:599)[0;m
[1;36mWed Sep 30 11:29:17 2026 [1;33mDNM[0;m[1;36m [1;33mNOTICE[0;m[1;36m OC=BTS(01) INST=(00,ff,ff): Get Attributes Response: feature 'BCCH_PWR_RED' is supported (abis_nm.c:599)[0;m
[1;36mWed Sep 30 11:29:17 2026 [1;33mDNM[0;m[1;36m [1;33mNOTICE[0;m[1;36m OC=BTS(01) INST=(00,ff,ff): Get Attributes Response: feature 'DYN_TS_SDCCH8' is supported (abis_nm.c:599)[0;m
[1;36mWed Sep 30 11:29:17 2026 [1;33mDNM[0;m[1;36m [1;33mNOTICE[0;m[1;36m OC=BTS(01) INST=(00,ff,ff): Get Attributes Response: feature 'ACCH_TEMP_OVP' is supported (abis_nm.c:599)[0;m
[1;36mWed Sep 30 11:29:17 2026 [1;33mDNM[0;m[1;36m [1;33mNOTICE[0;m[1;36m OC=BTS(01) INST=(00,ff,ff): Get Attributes Response: feature 'VBS' is supported (abis_nm.c:599)[0;m
[1;36mWed Sep 30 11:29:17 2026 [1;33mDNM[0;m[1;36m [1;33mNOTICE[0;m[1;36m OC=BTS(01) INST=(00,ff,ff): Get Attributes Response: feature 'VGCS' is supported (abis_nm.c:599)[0;m
[1;36mWed Sep 30 11:29:17 2026 [1;33mDNM[0;m[1;36m [1;33mNOTICE[0;m[1;36m OC=BTS(01) INST=(00,ff,ff): Get Attributes Response: feature 'TWTS001' is supported (abis_nm.c:599)[0;m
[1;36mWed Sep 30 11:29:17 2026 [1;33mDNM[0;m[1;36m [1;33mNOTICE[0;m[1;36m OC=BTS(01) INST=(00,ff,ff): Get Attributes Response: feature 'TWTS002' is supported (abis_nm.c:599)[0;m
[1;36mWed Sep 30 11:29:17 2026 [1;33mDNM[0;m[1;36m [1;33mNOTICE[0;m[1;36m OC=BTS(01) INST=(00,ff,ff): ARI reported sw[0/2]: osmobts is 1.10.0-dirty (abis_nm.c:652)[0;m
[1;36mWed Sep 30 11:29:17 2026 [1;33mDNM[0;m[1;36m [1;33mNOTICE[0;m[1;36m OC=BTS(01) INST=(00,ff,ff): Reported variant: osmo-bts-trx (abis_nm.c:534)[0;m
[1;36mWed Sep 30 11:29:17 2026 [1;31mDNM[0;m[1;36m [1;31mERROR[0;m[1;36m OC=RADIO-CARRIER(02) INST=(00,00,ff): Attribute SW Configuration is unreported (abis_nm.c:557)[0;m
[1;36mWed Sep 30 11:29:17 2026 [1;31mDNM[0;m[1;36m [1;31mERROR[0;m[1;36m OC=BASEBAND-TRANSCEIVER(04) INST=(00,00,ff): Attribute Manufacturer Dependent State is unreported (abis_nm.c:557)[0;m
[1;36mWed Sep 30 11:29:17 2026 [1;33mDNM[0;m[1;36m [1;33mNOTICE[0;m[1;36m OC=BASEBAND-TRANSCEIVER(04) INST=(00,00,ff): ARI reported sw[0/1]: TRX_PHY_VERSION is Unknown (abis_nm.c:652)[0;m
[1;35mWed Sep 30 11:29:17 2026 [1;33mDRSL[0;m[1;35m [1;33mNOTICE[0;m[1;35m (bts=0,trx=0) bootstrapping RSL on ARFCN 514 using MCC-MNC 001-01 LAC=1 CID=6001 BSIC=7 (osmo_bsc_main.c:320)[0;m
[1;36mWed Sep 30 11:29:19 2026 [1;33mDNM[0;m[1;36m [1;33mNOTICE[0;m[1;36m OC=BTS(01) INST=(00,ff,ff): Reported connected PCU version 1.5.2 (abis_nm.c:352)[0;m
[1;36mWed Sep 30 11:37:20 2026 [1;31mDNM[0;m[1;36m [1;31mERROR[0;m[1;36m OC=BTS(01) INST=(00,ff,ff): Failure Event Report: [0;m[1;36mType=processing failure, [0;m[1;36mSeverity=critical failure, [0;m[1;36mProbable cause=Manufacturer specific values: [0;m[1;36mProcess stopped, [0;m[1;36mAdditional Text=BTS: SIGINT received -> shutdown. [0;m[1;36m (abis_nm.c:341)[0;m
[38;5;23mWed Sep 30 11:37:20 2026 [1;33mDLINP[0;m[38;5;23m [1;33mNOTICE[0;m[38;5;23m SRVCONN(ts-0-1-oml,r=127.0.0.1:35991<->l=127.0.0.1:3002) connection closed with client (stream_srv.c:770)[0;m
[38;5;23mWed Sep 30 11:37:20 2026 [1;33mDLINP[0;m[38;5;23m [1;33mNOTICE[0;m[38;5;23m E1TS(0:1) failed reading from socket: 0 (ipaccess.c:554)[0;m
[38;5;23mWed Sep 30 11:37:20 2026 [1;33mDLINP[0;m[38;5;23m [1;33mNOTICE[0;m[38;5;23m E1L(0) Signalling link down (bts_ipaccess_nanobts.c:778)[0;m
[38;5;23mWed Sep 30 11:37:20 2026 [1;33mDLINP[0;m[38;5;23m [1;33mNOTICE[0;m[38;5;23m (bts=0) Dropping OML link: link down (bts_ipaccess_nanobts.c:543)[0;m
[38;5;23mWed Sep 30 11:37:20 2026 [1;33mDLINP[0;m[38;5;23m [1;33mNOTICE[0;m[38;5;23m (bts=0,trx=0) Dropping RSL link: OML link drop (bts_ipaccess_nanobts.c:514)[0;m
[38;5;23mWed Sep 30 11:37:20 2026 [1;33mDLINP[0;m[38;5;23m [1;33mNOTICE[0;m[38;5;23m E1L(0) Signalling link down (bts_ipaccess_nanobts.c:778)[0;m
[38;5;23mWed Sep 30 11:37:20 2026 [1;33mDLINP[0;m[38;5;23m [1;33mNOTICE[0;m[38;5;23m E1L(0) Signalling link down for unknown BTS (bts_ipaccess_nanobts.c:791)[0;m
[1;36mWed Sep 30 11:37:20 2026 [1;31mDNM[0;m[1;36m [1;31mERROR[0;m[1;36m OC=BTS(01) INST=(00,ff,ff): Failure Event Report: [0;m[1;36mType=processing failure, [0;m[1;36mSeverity=critical failure, [0;m[1;36mProbable cause=Manufacturer specific values: [0;m[1;36mProcess stopped, [0;m[1;36mAdditional Text=BTS: SIGINT received -> shutdown. [0;m[1;36m (abis_nm.c:341)[0;m
[38;5;23mWed Sep 30 11:37:22 2026 [1;33mDLINP[0;m[38;5;23m [1;33mNOTICE[0;m[38;5;23m SRVCONN(ts-0-1-oml,r=127.0.0.1:46169<->l=127.0.0.1:3002) connection closed with client (stream_srv.c:770)[0;m
[38;5;23mWed Sep 30 11:37:22 2026 [1;33mDLINP[0;m[38;5;23m [1;33mNOTICE[0;m[38;5;23m E1TS(0:1) failed reading from socket: 0 (ipaccess.c:554)[0;m
[38;5;23mWed Sep 30 11:37:22 2026 [1;33mDLINP[0;m[38;5;23m [1;33mNOTICE[0;m[38;5;23m E1L(0) Signalling link down (bts_ipaccess_nanobts.c:778)[0;m
[38;5;23mWed Sep 30 11:37:22 2026 [1;33mDLINP[0;m[38;5;23m [1;33mNOTICE[0;m[38;5;23m (bts=1) Dropping OML link: link down (bts_ipaccess_nanobts.c:543)[0;m
[38;5;23mWed Sep 30 11:37:22 2026 [1;33mDLINP[0;m[38;5;23m [1;33mNOTICE[0;m[38;5;23m (bts=1,trx=0) Dropping RSL link: OML link drop (bts_ipaccess_nanobts.c:514)[0;m
[38;5;23mWed Sep 30 11:37:22 2026 [1;33mDLINP[0;m[38;5;23m [1;33mNOTICE[0;m[38;5;23m E1L(0) Signalling link down (bts_ipaccess_nanobts.c:778)[0;m
[38;5;23mWed Sep 30 11:37:22 2026 [1;33mDLINP[0;m[38;5;23m [1;33mNOTICE[0;m[38;5;23m E1L(0) Signalling link down for unknown BTS (bts_ipaccess_nanobts.c:791)[0;m
[1;36mWed Sep 30 11:37:24 2026 [1;33mDNM[0;m[1;36m [1;33mNOTICE[0;m[1;36m shutting down OML for BTS 0 (bsc_init.c:57)[0;m
[1;36mWed Sep 30 11:37:24 2026 [1;33mDNM[0;m[1;36m [1;33mNOTICE[0;m[1;36m shutting down OML for BTS 1 (bsc_init.c:57)[0;m
[38;5;43mWed Sep 30 11:37:42 2026 [1;33mDLSS7[0;m[38;5;43m [1;33mNOTICE[0;m[38;5;43m 0: ASP(asp-to-stp) Applying Adm State change: ENABLED -> ENABLED (ss7_asp_vty.c:673)[0;m
Wed Sep 30 11:37:42 2026 [1;33mDLGLOBAL[0;m [1;33mNOTICE[0;m Available via telnet 127.0.0.1 4242 (telnet_interface.c:88)
[38;5;23mWed Sep 30 11:37:42 2026 [1;33mDLINP[0;m[38;5;23m [1;33mNOTICE[0;m[38;5;23m E1L(0) enabling ipaccess BSC mode on 0.0.0.0 with OML 3002 and RSL 3003 TCP ports (ipaccess.c:1028)[0;m
[38;5;33mWed Sep 30 11:37:42 2026 [1;33mDLCTRL[0;m[38;5;33m [1;33mNOTICE[0;m[38;5;33m CTRL at 127.0.0.1 4249 (control_if.c:1026)[0;m
[38;5;51mWed Sep 30 11:37:42 2026 [1;33mDLMGCP[0;m[38;5;51m [1;33mNOTICE[0;m[38;5;51m MGW(mgw) MGCP client: using endpoint domain '@mgw' (mgcp_client.c:945)[0;m
[1;36mWed Sep 30 11:37:42 2026 [1;33mDNM[0;m[1;36m [1;33mNOTICE[0;m[1;36m MGW pool with 1 pool members configured, (ignoring MGW configuration in VTY node 'msc'). (osmo_bsc_main.c:869)[0;m
Wed Sep 30 11:37:42 2026 [1;33mDMSC[0;m [1;33mNOTICE[0;m Initializing SCCP connection for A/m3ua on cs7 instance 0 (osmo_bsc_sigtran.c:817)
[38;5;45mWed Sep 30 11:37:42 2026 [1;33mDLSCCP[0;m[38;5;45m [1;33mNOTICE[0;m[38;5;45m A-0-m3ua: Using SS7 instance 0, pc:1.1.3 (sccp_instance.c:655)[0;m
[38;5;45mWed Sep 30 11:37:42 2026 [1;33mDLSCCP[0;m[38;5;45m [1;33mNOTICE[0;m[38;5;45m A-0-m3ua: Using AS instance as-bsc (sccp_instance.c:673)[0;m
[38;5;45mWed Sep 30 11:37:42 2026 [1;33mDLSCCP[0;m[38;5;45m [1;33mNOTICE[0;m[38;5;45m A-0-m3ua: Creating default route (sccp_instance.c:679)[0;m
[38;5;45mWed Sep 30 11:37:42 2026 [1;33mDLSCCP[0;m[38;5;45m [1;33mNOTICE[0;m[38;5;45m A-0-m3ua: Using ASP instance asp-to-stp (sccp_instance.c:784)[0;m
[38;5;43mWed Sep 30 11:37:42 2026 [1;33mDLSS7[0;m[38;5;43m [1;33mNOTICE[0;m[38;5;43m 0: Creating SCCP instance (ss7_instance.c:214)[0;m
Wed Sep 30 11:37:42 2026 [1;33mDMSC[0;m [1;33mNOTICE[0;m (msc=0) A-0-m3ua: local (BSC) SCCP address: RI=SSN_PC,PC=1.1.3,SSN=BSSAP (osmo_bsc_sigtran.c:870)
Wed Sep 30 11:37:42 2026 [1;33mDMSC[0;m [1;33mNOTICE[0;m (msc=0) A-0-m3ua: remote (MSC) SCCP address: RI=SSN_PC,PC=1.1.1,SSN=BSSAP (osmo_bsc_sigtran.c:872)
Wed Sep 30 11:37:42 2026 [1;33mDMSC[0;m [1;33mNOTICE[0;m (msc=0) A-0-m3ua: binding SCCP user (osmo_bsc_sigtran.c:877)
[38;5;45mWed Sep 30 11:37:42 2026 [1;31mDLSCCP[0;m[38;5;45m [1;31mERROR[0;m[38;5;45m 0: SCCP(rctx=0) MTP-TRANSFER.req from SCCP for OPC=2059=1.1.3,DPC=2057=1.1.1,SLS=6: no route! (sccp_scrc.c:177)[0;m
[38;5;45mWed Sep 30 11:37:42 2026 [1;33mDLSCCP[0;m[38;5;45m [1;33mNOTICE[0;m[38;5;45m 0: SCCP(rctx=0) SCRC Routing Failure (MTP failure) for CL message CL:CLDT (sccp_sclc.c:359)[0;m
Wed Sep 30 11:37:42 2026 [1;33mDMSC[0;m [1;33mNOTICE[0;m (msc=0) (calling_addr=RI=2,PC=2057,SSN=254) N-NOTICE.ind cause=5='MTP failure' importance=0 (osmo_bsc_sigtran.c:168)
[38;5;49mWed Sep 30 11:37:44 2026 [1;33mDLM3UA[0;m[38;5;49m [1;33mNOTICE[0;m[38;5;49m 0: ASP(asp-to-stp) Received NOTIFY Type State Change:AS Inactive () (m3ua.c:707)[0;m
[38;5;43mWed Sep 30 11:37:44 2026 [1;33mDLSS7[0;m[38;5;43m [1;33mNOTICE[0;m[38;5;43m 0: RT(dpc=2057=1.1.1,mask=0x3fff=7.255.7,prio=5,via=as-bsc,st=available) changed to status 'available' (ss7_route.c:409)[0;m
Wed Sep 30 11:37:44 2026 [1;33mDMSC[0;m [1;33mNOTICE[0;m (msc=0) now available: N-PCSTATE ind: pc=2057=1.1.1 sp_status=ACCESSIBLE remote_sccp_status=AVAILABLE (osmo_bsc_sigtran.c:319)
[38;5;43mWed Sep 30 11:37:44 2026 [1;33mDLSS7[0;m[38;5;43m [1;33mNOTICE[0;m[38;5;43m xua_default_lm(asp-to-stp)[0x5e2ec87b70a0]{ACTIVE}: Ignoring primitive M-ASP_ACTIVE.confirm (xua_default_lm_fsm.c:406)[0;m
[38;5;49mWed Sep 30 11:37:44 2026 [1;33mDLM3UA[0;m[38;5;49m [1;33mNOTICE[0;m[38;5;49m 0: ASP(asp-to-stp) Received NOTIFY Type State Change:AS Active () (m3ua.c:707)[0;m
[38;5;49mWed Sep 30 11:37:44 2026 [1;33mDLM3UA[0;m[38;5;49m [1;33mNOTICE[0;m[38;5;49m 0: ASP(asp-to-stp) Rx DUNA(RFC4666 4.5.1) for 1.1.2/0 (xua_snm.c:501)[0;m
[38;5;43mWed Sep 30 11:37:44 2026 [1;33mDLSS7[0;m[38;5;43m [1;33mNOTICE[0;m[38;5;43m 0: RT(dpc=2058=1.1.2,mask=0x3fff=7.255.7,prio=5,via=as-bsc,st=available) changed to status 'unavailable' (ss7_route.c:409)[0;m
Wed Sep 30 11:37:44 2026 [1;33mDMSC[0;m [1;33mNOTICE[0;m (msc=0) RESET ACK from MSC: RI=SSN_PC,PC=1.1.1,SSN=BSSAP (osmo_bsc_bssap.c:84)
Wed Sep 30 11:37:44 2026 [1;33mDRESET[0;m [1;33mNOTICE[0;m bssmap_reset(msc-0)[0x5e2ec88343b0]{CONNECTED}: link up (bssmap_reset.c:83)
Wed Sep 30 11:37:44 2026 [1;33mDMSC[0;m [1;33mNOTICE[0;m (msc=0) BSSMAP association is up (a_reset.c:45)
[1;36mWed Sep 30 11:37:53 2026 [1;33mDNM[0;m[1;36m [1;33mNOTICE[0;m[1;36m OC=BTS(01) INST=(00,ff,ff): Get Attributes Response: feature 'GPRS' is supported (abis_nm.c:599)[0;m
[1;36mWed Sep 30 11:37:53 2026 [1;33mDNM[0;m[1;36m [1;33mNOTICE[0;m[1;36m OC=BTS(01) INST=(00,ff,ff): Get Attributes Response: feature 'EGPRS' is supported (abis_nm.c:599)[0;m
[1;36mWed Sep 30 11:37:53 2026 [1;33mDNM[0;m[1;36m [1;33mNOTICE[0;m[1;36m OC=BTS(01) INST=(00,ff,ff): Get Attributes Response: feature 'HOPPING' is supported (abis_nm.c:599)[0;m
[1;36mWed Sep 30 11:37:53 2026 [1;33mDNM[0;m[1;36m [1;33mNOTICE[0;m[1;36m OC=BTS(01) INST=(00,ff,ff): Get Attributes Response: feature 'MULTI_TSC' is supported (abis_nm.c:599)[0;m
[1;36mWed Sep 30 11:37:53 2026 [1;33mDNM[0;m[1;36m [1;33mNOTICE[0;m[1;36m OC=BTS(01) INST=(00,ff,ff): Get Attributes Response: feature 'OML_ALERTS' is supported (abis_nm.c:599)[0;m
[1;36mWed Sep 30 11:37:53 2026 [1;33mDNM[0;m[1;36m [1;33mNOTICE[0;m[1;36m OC=BTS(01) INST=(00,ff,ff): Get Attributes Response: feature 'CBCH' is supported (abis_nm.c:599)[0;m
[1;36mWed Sep 30 11:37:53 2026 [1;33mDNM[0;m[1;36m [1;33mNOTICE[0;m[1;36m OC=BTS(01) INST=(00,ff,ff): Get Attributes Response: feature 'SPEECH_F_V1' is supported (abis_nm.c:599)[0;m
[1;36mWed Sep 30 11:37:53 2026 [1;33mDNM[0;m[1;36m [1;33mNOTICE[0;m[1;36m OC=BTS(01) INST=(00,ff,ff): Get Attributes Response: feature 'SPEECH_H_V1' is supported (abis_nm.c:599)[0;m
[1;36mWed Sep 30 11:37:53 2026 [1;33mDNM[0;m[1;36m [1;33mNOTICE[0;m[1;36m OC=BTS(01) INST=(00,ff,ff): Get Attributes Response: feature 'SPEECH_F_EFR' is supported (abis_nm.c:599)[0;m
[1;36mWed Sep 30 11:37:53 2026 [1;33mDNM[0;m[1;36m [1;33mNOTICE[0;m[1;36m OC=BTS(01) INST=(00,ff,ff): Get Attributes Response: feature 'SPEECH_F_AMR' is supported (abis_nm.c:599)[0;m
[1;36mWed Sep 30 11:37:53 2026 [1;33mDNM[0;m[1;36m [1;33mNOTICE[0;m[1;36m OC=BTS(01) INST=(00,ff,ff): Get Attributes Response: feature 'SPEECH_H_AMR' is supported (abis_nm.c:599)[0;m
[1;36mWed Sep 30 11:37:53 2026 [1;33mDNM[0;m[1;36m [1;33mNOTICE[0;m[1;36m OC=BTS(01) INST=(00,ff,ff): Get Attributes Response: feature 'ETWS_PN' is supported (abis_nm.c:599)[0;m
[1;36mWed Sep 30 11:37:53 2026 [1;33mDNM[0;m[1;36m [1;33mNOTICE[0;m[1;36m OC=BTS(01) INST=(00,ff,ff): Get Attributes Response: feature 'PAGING_COORDINATION' is supported (abis_nm.c:599)[0;m
[1;36mWed Sep 30 11:37:53 2026 [1;33mDNM[0;m[1;36m [1;33mNOTICE[0;m[1;36m OC=BTS(01) INST=(00,ff,ff): Get Attributes Response: feature 'IPV6_NSVC' is supported (abis_nm.c:599)[0;m
[1;36mWed Sep 30 11:37:53 2026 [1;33mDNM[0;m[1;36m [1;33mNOTICE[0;m[1;36m OC=BTS(01) INST=(00,ff,ff): Get Attributes Response: feature 'ACCH_REP' is supported (abis_nm.c:599)[0;m
[1;36mWed Sep 30 11:37:53 2026 [1;33mDNM[0;m[1;36m [1;33mNOTICE[0;m[1;36m OC=BTS(01) INST=(00,ff,ff): Get Attributes Response: feature 'CCN' is supported (abis_nm.c:599)[0;m
[1;36mWed Sep 30 11:37:53 2026 [1;33mDNM[0;m[1;36m [1;33mNOTICE[0;m[1;36m OC=BTS(01) INST=(00,ff,ff): Get Attributes Response: feature 'VAMOS' is supported (abis_nm.c:599)[0;m
[1;36mWed Sep 30 11:37:53 2026 [1;33mDNM[0;m[1;36m [1;33mNOTICE[0;m[1;36m OC=BTS(01) INST=(00,ff,ff): Get Attributes Response: feature 'ABIS_OSMO_PCU' is supported (abis_nm.c:599)[0;m
[1;36mWed Sep 30 11:37:53 2026 [1;33mDNM[0;m[1;36m [1;33mNOTICE[0;m[1;36m OC=BTS(01) INST=(00,ff,ff): Get Attributes Response: feature 'BCCH_PWR_RED' is supported (abis_nm.c:599)[0;m
[1;36mWed Sep 30 11:37:53 2026 [1;33mDNM[0;m[1;36m [1;33mNOTICE[0;m[1;36m OC=BTS(01) INST=(00,ff,ff): Get Attributes Response: feature 'DYN_TS_SDCCH8' is supported (abis_nm.c:599)[0;m
[1;36mWed Sep 30 11:37:53 2026 [1;33mDNM[0;m[1;36m [1;33mNOTICE[0;m[1;36m OC=BTS(01) INST=(00,ff,ff): Get Attributes Response: feature 'ACCH_TEMP_OVP' is supported (abis_nm.c:599)[0;m
[1;36mWed Sep 30 11:37:53 2026 [1;33mDNM[0;m[1;36m [1;33mNOTICE[0;m[1;36m OC=BTS(01) INST=(00,ff,ff): Get Attributes Response: feature 'VBS' is supported (abis_nm.c:599)[0;m
[1;36mWed Sep 30 11:37:53 2026 [1;33mDNM[0;m[1;36m [1;33mNOTICE[0;m[1;36m OC=BTS(01) INST=(00,ff,ff): Get Attributes Response: feature 'VGCS' is supported (abis_nm.c:599)[0;m
[1;36mWed Sep 30 11:37:53 2026 [1;33mDNM[0;m[1;36m [1;33mNOTICE[0;m[1;36m OC=BTS(01) INST=(00,ff,ff): Get Attributes Response: feature 'TWTS001' is supported (abis_nm.c:599)[0;m
[1;36mWed Sep 30 11:37:53 2026 [1;33mDNM[0;m[1;36m [1;33mNOTICE[0;m[1;36m OC=BTS(01) INST=(00,ff,ff): Get Attributes Response: feature 'TWTS002' is supported (abis_nm.c:599)[0;m
[1;36mWed Sep 30 11:37:53 2026 [1;33mDNM[0;m[1;36m [1;33mNOTICE[0;m[1;36m OC=BTS(01) INST=(00,ff,ff): ARI reported sw[0/2]: osmobts is 1.10.0-dirty (abis_nm.c:652)[0;m
[1;36mWed Sep 30 11:37:53 2026 [1;33mDNM[0;m[1;36m [1;33mNOTICE[0;m[1;36m OC=BTS(01) INST=(00,ff,ff): Reported variant: osmo-bts-trx (abis_nm.c:534)[0;m
[1;36mWed Sep 30 11:37:53 2026 [1;31mDNM[0;m[1;36m [1;31mERROR[0;m[1;36m OC=RADIO-CARRIER(02) INST=(00,00,ff): Attribute SW Configuration is unreported (abis_nm.c:557)[0;m
[1;36mWed Sep 30 11:37:53 2026 [1;31mDNM[0;m[1;36m [1;31mERROR[0;m[1;36m OC=BASEBAND-TRANSCEIVER(04) INST=(00,00,ff): Attribute Manufacturer Dependent State is unreported (abis_nm.c:557)[0;m
[1;36mWed Sep 30 11:37:53 2026 [1;33mDNM[0;m[1;36m [1;33mNOTICE[0;m[1;36m OC=BASEBAND-TRANSCEIVER(04) INST=(00,00,ff): ARI reported sw[0/1]: TRX_PHY_VERSION is Unknown (abis_nm.c:652)[0;m
[1;35mWed Sep 30 11:37:53 2026 [1;33mDRSL[0;m[1;35m [1;33mNOTICE[0;m[1;35m (bts=1,trx=0) bootstrapping RSL on ARFCN 614 using MCC-MNC 001-01 LAC=1 CID=6012 BSIC=8 (osmo_bsc_main.c:320)[0;m
[1;36mWed Sep 30 11:38:01 2026 [1;31mDNM[0;m[1;36m [1;31mERROR[0;m[1;36m OC=GPRS-CELL(f1) INST=(00,00,ff): Attribute SW Configuration is unreported (abis_nm.c:557)[0;m
[1;36mWed Sep 30 11:38:01 2026 [1;33mDNM[0;m[1;36m [1;33mNOTICE[0;m[1;36m OC=BTS(01) INST=(00,ff,ff): Get Attributes Response: feature 'GPRS' is supported (abis_nm.c:599)[0;m
[1;36mWed Sep 30 11:38:01 2026 [1;33mDNM[0;m[1;36m [1;33mNOTICE[0;m[1;36m OC=BTS(01) INST=(00,ff,ff): Get Attributes Response: feature 'EGPRS' is supported (abis_nm.c:599)[0;m
[1;36mWed Sep 30 11:38:01 2026 [1;33mDNM[0;m[1;36m [1;33mNOTICE[0;m[1;36m OC=BTS(01) INST=(00,ff,ff): Get Attributes Response: feature 'HOPPING' is supported (abis_nm.c:599)[0;m
[1;36mWed Sep 30 11:38:01 2026 [1;33mDNM[0;m[1;36m [1;33mNOTICE[0;m[1;36m OC=BTS(01) INST=(00,ff,ff): Get Attributes Response: feature 'MULTI_TSC' is supported (abis_nm.c:599)[0;m
[1;36mWed Sep 30 11:38:01 2026 [1;33mDNM[0;m[1;36m [1;33mNOTICE[0;m[1;36m OC=BTS(01) INST=(00,ff,ff): Get Attributes Response: feature 'OML_ALERTS' is supported (abis_nm.c:599)[0;m
[1;36mWed Sep 30 11:38:01 2026 [1;33mDNM[0;m[1;36m [1;33mNOTICE[0;m[1;36m OC=BTS(01) INST=(00,ff,ff): Get Attributes Response: feature 'CBCH' is supported (abis_nm.c:599)[0;m
[1;36mWed Sep 30 11:38:01 2026 [1;33mDNM[0;m[1;36m [1;33mNOTICE[0;m[1;36m OC=BTS(01) INST=(00,ff,ff): Get Attributes Response: feature 'SPEECH_F_V1' is supported (abis_nm.c:599)[0;m
[1;36mWed Sep 30 11:38:01 2026 [1;33mDNM[0;m[1;36m [1;33mNOTICE[0;m[1;36m OC=BTS(01) INST=(00,ff,ff): Get Attributes Response: feature 'SPEECH_H_V1' is supported (abis_nm.c:599)[0;m
[1;36mWed Sep 30 11:38:01 2026 [1;33mDNM[0;m[1;36m [1;33mNOTICE[0;m[1;36m OC=BTS(01) INST=(00,ff,ff): Get Attributes Response: feature 'SPEECH_F_EFR' is supported (abis_nm.c:599)[0;m
[1;36mWed Sep 30 11:38:01 2026 [1;33mDNM[0;m[1;36m [1;33mNOTICE[0;m[1;36m OC=BTS(01) INST=(00,ff,ff): Get Attributes Response: feature 'SPEECH_F_AMR' is supported (abis_nm.c:599)[0;m
[1;36mWed Sep 30 11:38:01 2026 [1;33mDNM[0;m[1;36m [1;33mNOTICE[0;m[1;36m OC=BTS(01) INST=(00,ff,ff): Get Attributes Response: feature 'SPEECH_H_AMR' is supported (abis_nm.c:599)[0;m
[1;36mWed Sep 30 11:38:01 2026 [1;33mDNM[0;m[1;36m [1;33mNOTICE[0;m[1;36m OC=BTS(01) INST=(00,ff,ff): Get Attributes Response: feature 'ETWS_PN' is supported (abis_nm.c:599)[0;m
[1;36mWed Sep 30 11:38:01 2026 [1;33mDNM[0;m[1;36m [1;33mNOTICE[0;m[1;36m OC=BTS(01) INST=(00,ff,ff): Get Attributes Response: feature 'PAGING_COORDINATION' is supported (abis_nm.c:599)[0;m
[1;36mWed Sep 30 11:38:01 2026 [1;33mDNM[0;m[1;36m [1;33mNOTICE[0;m[1;36m OC=BTS(01) INST=(00,ff,ff): Get Attributes Response: feature 'IPV6_NSVC' is supported (abis_nm.c:599)[0;m
[1;36mWed Sep 30 11:38:01 2026 [1;33mDNM[0;m[1;36m [1;33mNOTICE[0;m[1;36m OC=BTS(01) INST=(00,ff,ff): Get Attributes Response: feature 'ACCH_REP' is supported (abis_nm.c:599)[0;m
[1;36mWed Sep 30 11:38:01 2026 [1;33mDNM[0;m[1;36m [1;33mNOTICE[0;m[1;36m OC=BTS(01) INST=(00,ff,ff): Get Attributes Response: feature 'CCN' is supported (abis_nm.c:599)[0;m
[1;36mWed Sep 30 11:38:01 2026 [1;33mDNM[0;m[1;36m [1;33mNOTICE[0;m[1;36m OC=BTS(01) INST=(00,ff,ff): Get Attributes Response: feature 'VAMOS' is supported (abis_nm.c:599)[0;m
[1;36mWed Sep 30 11:38:01 2026 [1;33mDNM[0;m[1;36m [1;33mNOTICE[0;m[1;36m OC=BTS(01) INST=(00,ff,ff): Get Attributes Response: feature 'ABIS_OSMO_PCU' is supported (abis_nm.c:599)[0;m
[1;36mWed Sep 30 11:38:01 2026 [1;33mDNM[0;m[1;36m [1;33mNOTICE[0;m[1;36m OC=BTS(01) INST=(00,ff,ff): Get Attributes Response: feature 'BCCH_PWR_RED' is supported (abis_nm.c:599)[0;m
[1;36mWed Sep 30 11:38:01 2026 [1;33mDNM[0;m[1;36m [1;33mNOTICE[0;m[1;36m OC=BTS(01) INST=(00,ff,ff): Get Attributes Response: feature 'DYN_TS_SDCCH8' is supported (abis_nm.c:599)[0;m
[1;36mWed Sep 30 11:38:01 2026 [1;33mDNM[0;m[1;36m [1;33mNOTICE[0;m[1;36m OC=BTS(01) INST=(00,ff,ff): Get Attributes Response: feature 'ACCH_TEMP_OVP' is supported (abis_nm.c:599)[0;m
[1;36mWed Sep 30 11:38:01 2026 [1;33mDNM[0;m[1;36m [1;33mNOTICE[0;m[1;36m OC=BTS(01) INST=(00,ff,ff): Get Attributes Response: feature 'VBS' is supported (abis_nm.c:599)[0;m
[1;36mWed Sep 30 11:38:01 2026 [1;33mDNM[0;m[1;36m [1;33mNOTICE[0;m[1;36m OC=BTS(01) INST=(00,ff,ff): Get Attributes Response: feature 'VGCS' is supported (abis_nm.c:599)[0;m
[1;36mWed Sep 30 11:38:01 2026 [1;33mDNM[0;m[1;36m [1;33mNOTICE[0;m[1;36m OC=BTS(01) INST=(00,ff,ff): Get Attributes Response: feature 'TWTS001' is supported (abis_nm.c:599)[0;m
[1;36mWed Sep 30 11:38:01 2026 [1;33mDNM[0;m[1;36m [1;33mNOTICE[0;m[1;36m OC=BTS(01) INST=(00,ff,ff): Get Attributes Response: feature 'TWTS002' is supported (abis_nm.c:599)[0;m
[1;36mWed Sep 30 11:38:01 2026 [1;33mDNM[0;m[1;36m [1;33mNOTICE[0;m[1;36m OC=BTS(01) INST=(00,ff,ff): ARI reported sw[0/2]: osmobts is 1.10.0-dirty (abis_nm.c:652)[0;m
[1;36mWed Sep 30 11:38:01 2026 [1;33mDNM[0;m[1;36m [1;33mNOTICE[0;m[1;36m OC=BTS(01) INST=(00,ff,ff): Reported variant: osmo-bts-trx (abis_nm.c:534)[0;m
[1;36mWed Sep 30 11:38:01 2026 [1;31mDNM[0;m[1;36m [1;31mERROR[0;m[1;36m OC=RADIO-CARRIER(02) INST=(00,00,ff): Attribute SW Configuration is unreported (abis_nm.c:557)[0;m
[1;36mWed Sep 30 11:38:01 2026 [1;31mDNM[0;m[1;36m [1;31mERROR[0;m[1;36m OC=BASEBAND-TRANSCEIVER(04) INST=(00,00,ff): Attribute Manufacturer Dependent State is unreported (abis_nm.c:557)[0;m
[1;36mWed Sep 30 11:38:01 2026 [1;33mDNM[0;m[1;36m [1;33mNOTICE[0;m[1;36m OC=BASEBAND-TRANSCEIVER(04) INST=(00,00,ff): ARI reported sw[0/1]: TRX_PHY_VERSION is Unknown (abis_nm.c:652)[0;m
[1;35mWed Sep 30 11:38:01 2026 [1;33mDRSL[0;m[1;35m [1;33mNOTICE[0;m[1;35m (bts=0,trx=0) bootstrapping RSL on ARFCN 514 using MCC-MNC 001-01 LAC=1 CID=6001 BSIC=7 (osmo_bsc_main.c:320)[0;m
[1;36mWed Sep 30 11:38:03 2026 [1;33mDNM[0;m[1;36m [1;33mNOTICE[0;m[1;36m OC=BTS(01) INST=(00,ff,ff): Reported connected PCU version 1.5.2 (abis_nm.c:352)[0;m
[1;33mWed Sep 30 11:42:54 2026 [1;31mDAS[0;m[1;33m [1;31mERROR[0;m[1;33m assignment(msc0-conn8_subscr-IMSI-001010001000001-TMSI-0x73609a3b_0-0-2-TCH_F-0)[0x5e2ec8861ca0]{WAIT_RR_ASS_COMPLETE}: (bts=0,trx=0,ts=2,ss=0) Assignment failed in state WAIT_RR_ASS_COMPLETE, cause EQUIPMENT FAILURE: Timeout (assignment_fsm.c:1057)[0;m
[1;33mWed Sep 30 11:42:54 2026 [1;31mDAS[0;m[1;33m [1;31mERROR[0;m[1;33m assignment(msc0-conn8_subscr-IMSI-001010001000001-TMSI-0x73609a3b_0-0-2-TCH_F-0)[0x5e2ec8861ca0]{WAIT_RR_ASS_COMPLETE}: (bts=0,trx=0,ts=2,ss=0) Assignment failed (assignment_fsm.c:165)[0;m
[1;32mWed Sep 30 11:42:54 2026 [1;33mDCHAN[0;m[1;32m [1;33mNOTICE[0;m[1;32m lchan(0-0-2-TCH_F-0)[0x5e2ec884cb50]{WAIT_RF_RELEASE_ACK}: (type=TCH_F) Rx IPACC DLCX IND (cause=Normal event, unspecified [ 0f ]) (abis_rsl.c:3241)[0;m
[1;32mWed Sep 30 11:42:55 2026 [1;31mDCHAN[0;m[1;32m [1;31mERROR[0;m[1;32m lchan(0-0-1-SDCCH8-0)[0x5e2ec884a820]{WAIT_BEFORE_RF_RELEASE}: Event LCHAN_EV_RLL_ESTABLISH_IND not permitted (abis_rsl.c:2728)[0;m
[1;32mWed Sep 30 11:42:56 2026 [1;31mDCHAN[0;m[1;32m [1;31mERROR[0;m[1;32m lchan(0-0-1-SDCCH8-0)[0x5e2ec884a820]{WAIT_BEFORE_RF_RELEASE}: Event LCHAN_EV_RLL_ESTABLISH_IND not permitted (abis_rsl.c:2728)[0;m
[1;32mWed Sep 30 11:49:05 2026 [1;33mDCHAN[0;m[1;32m [1;33mNOTICE[0;m[1;32m lchan(0-0-2-TCH_F-0)[0x5e2ec884cb50]{WAIT_RF_RELEASE_ACK}: (type=TCH_F) Rx IPACC DLCX IND (cause=Normal event, unspecified [ 0f ]) (abis_rsl.c:3241)[0;m
[1;32mWed Sep 30 11:50:46 2026 [1;33mDCHAN[0;m[1;32m [1;33mNOTICE[0;m[1;32m lchan(0-0-2-TCH_F-0)[0x5e2ec884cb50]{WAIT_RF_RELEASE_ACK}: (type=TCH_F) Rx IPACC DLCX IND (cause=Normal event, unspecified [ 0f ]) (abis_rsl.c:3241)[0;m
Wed Sep 30 11:51:09 2026 [1;31mDMSC[0;m [1;31mERROR[0;m SUBSCR_CONN(msc0-conn10_subscr-IMSI-001010001000001-TMSI-0x73609a3b)[0x5e2ec885c780]{WAIT_CLEAR_CMD}: Event MT_DTAP not permitted (osmo_bsc_bssap.c:1648)
[1;36mWed Sep 30 11:57:21 2026 [1;31mDNM[0;m[1;36m [1;31mERROR[0;m[1;36m OC=BTS(01) INST=(00,ff,ff): Failure Event Report: [0;m[1;36mType=processing failure, [0;m[1;36mSeverity=critical failure, [0;m[1;36mProbable cause=Manufacturer specific values: [0;m[1;36mProcess stopped, [0;m[1;36mAdditional Text=BTS: SIGINT received -> shutdown. [0;m[1;36m (abis_nm.c:341)[0;m
[38;5;23mWed Sep 30 11:57:21 2026 [1;33mDLINP[0;m[38;5;23m [1;33mNOTICE[0;m[38;5;23m SRVCONN(ts-0-1-oml,r=127.0.0.1:44311<->l=127.0.0.1:3002) connection closed with client (stream_srv.c:770)[0;m
[38;5;23mWed Sep 30 11:57:21 2026 [1;33mDLINP[0;m[38;5;23m [1;33mNOTICE[0;m[38;5;23m E1TS(0:1) failed reading from socket: 0 (ipaccess.c:554)[0;m
[38;5;23mWed Sep 30 11:57:21 2026 [1;33mDLINP[0;m[38;5;23m [1;33mNOTICE[0;m[38;5;23m E1L(0) Signalling link down (bts_ipaccess_nanobts.c:778)[0;m
[38;5;23mWed Sep 30 11:57:21 2026 [1;33mDLINP[0;m[38;5;23m [1;33mNOTICE[0;m[38;5;23m (bts=0) Dropping OML link: link down (bts_ipaccess_nanobts.c:543)[0;m
[38;5;23mWed Sep 30 11:57:21 2026 [1;33mDLINP[0;m[38;5;23m [1;33mNOTICE[0;m[38;5;23m (bts=0,trx=0) Dropping RSL link: OML link drop (bts_ipaccess_nanobts.c:514)[0;m
[38;5;23mWed Sep 30 11:57:21 2026 [1;33mDLINP[0;m[38;5;23m [1;33mNOTICE[0;m[38;5;23m E1L(0) Signalling link down (bts_ipaccess_nanobts.c:778)[0;m
[38;5;23mWed Sep 30 11:57:21 2026 [1;33mDLINP[0;m[38;5;23m [1;33mNOTICE[0;m[38;5;23m E1L(0) Signalling link down for unknown BTS (bts_ipaccess_nanobts.c:791)[0;m
[1;36mWed Sep 30 11:57:21 2026 [1;31mDNM[0;m[1;36m [1;31mERROR[0;m[1;36m OC=BTS(01) INST=(00,ff,ff): Failure Event Report: [0;m[1;36mType=processing failure, [0;m[1;36mSeverity=critical failure, [0;m[1;36mProbable cause=Manufacturer specific values: [0;m[1;36mProcess stopped, [0;m[1;36mAdditional Text=BTS: SIGINT received -> shutdown. [0;m[1;36m (abis_nm.c:341)[0;m
[38;5;23mWed Sep 30 11:57:23 2026 [1;33mDLINP[0;m[38;5;23m [1;33mNOTICE[0;m[38;5;23m SRVCONN(ts-0-1-oml,r=127.0.0.1:42713<->l=127.0.0.1:3002) connection closed with client (stream_srv.c:770)[0;m
[38;5;23mWed Sep 30 11:57:23 2026 [1;33mDLINP[0;m[38;5;23m [1;33mNOTICE[0;m[38;5;23m E1TS(0:1) failed reading from socket: 0 (ipaccess.c:554)[0;m
[38;5;23mWed Sep 30 11:57:23 2026 [1;33mDLINP[0;m[38;5;23m [1;33mNOTICE[0;m[38;5;23m E1L(0) Signalling link down (bts_ipaccess_nanobts.c:778)[0;m
[38;5;23mWed Sep 30 11:57:23 2026 [1;33mDLINP[0;m[38;5;23m [1;33mNOTICE[0;m[38;5;23m (bts=1) Dropping OML link: link down (bts_ipaccess_nanobts.c:543)[0;m
[38;5;23mWed Sep 30 11:57:23 2026 [1;33mDLINP[0;m[38;5;23m [1;33mNOTICE[0;m[38;5;23m (bts=1,trx=0) Dropping RSL link: OML link drop (bts_ipaccess_nanobts.c:514)[0;m
[38;5;23mWed Sep 30 11:57:23 2026 [1;33mDLINP[0;m[38;5;23m [1;33mNOTICE[0;m[38;5;23m E1L(0) Signalling link down (bts_ipaccess_nanobts.c:778)[0;m
[38;5;23mWed Sep 30 11:57:23 2026 [1;33mDLINP[0;m[38;5;23m [1;33mNOTICE[0;m[38;5;23m E1L(0) Signalling link down for unknown BTS (bts_ipaccess_nanobts.c:791)[0;m
[1;36mWed Sep 30 11:57:25 2026 [1;33mDNM[0;m[1;36m [1;33mNOTICE[0;m[1;36m shutting down OML for BTS 0 (bsc_init.c:57)[0;m
[1;36mWed Sep 30 11:57:25 2026 [1;33mDNM[0;m[1;36m [1;33mNOTICE[0;m[1;36m shutting down OML for BTS 1 (bsc_init.c:57)[0;m
[38;5;43mWed Sep 30 11:57:43 2026 [1;33mDLSS7[0;m[38;5;43m [1;33mNOTICE[0;m[38;5;43m 0: ASP(asp-to-stp) Applying Adm State change: ENABLED -> ENABLED (ss7_asp_vty.c:673)[0;m
Wed Sep 30 11:57:43 2026 [1;33mDLGLOBAL[0;m [1;33mNOTICE[0;m Available via telnet 127.0.0.1 4242 (telnet_interface.c:88)
[38;5;23mWed Sep 30 11:57:43 2026 [1;33mDLINP[0;m[38;5;23m [1;33mNOTICE[0;m[38;5;23m E1L(0) enabling ipaccess BSC mode on 0.0.0.0 with OML 3002 and RSL 3003 TCP ports (ipaccess.c:1028)[0;m
[38;5;33mWed Sep 30 11:57:43 2026 [1;33mDLCTRL[0;m[38;5;33m [1;33mNOTICE[0;m[38;5;33m CTRL at 127.0.0.1 4249 (control_if.c:1026)[0;m
[38;5;51mWed Sep 30 11:57:43 2026 [1;33mDLMGCP[0;m[38;5;51m [1;33mNOTICE[0;m[38;5;51m MGW(mgw) MGCP client: using endpoint domain '@mgw' (mgcp_client.c:945)[0;m
[1;36mWed Sep 30 11:57:43 2026 [1;33mDNM[0;m[1;36m [1;33mNOTICE[0;m[1;36m MGW pool with 1 pool members configured, (ignoring MGW configuration in VTY node 'msc'). (osmo_bsc_main.c:869)[0;m
Wed Sep 30 11:57:43 2026 [1;33mDMSC[0;m [1;33mNOTICE[0;m Initializing SCCP connection for A/m3ua on cs7 instance 0 (osmo_bsc_sigtran.c:817)
[38;5;45mWed Sep 30 11:57:43 2026 [1;33mDLSCCP[0;m[38;5;45m [1;33mNOTICE[0;m[38;5;45m A-0-m3ua: Using SS7 instance 0, pc:1.1.3 (sccp_instance.c:655)[0;m
[38;5;45mWed Sep 30 11:57:43 2026 [1;33mDLSCCP[0;m[38;5;45m [1;33mNOTICE[0;m[38;5;45m A-0-m3ua: Using AS instance as-bsc (sccp_instance.c:673)[0;m
[38;5;45mWed Sep 30 11:57:43 2026 [1;33mDLSCCP[0;m[38;5;45m [1;33mNOTICE[0;m[38;5;45m A-0-m3ua: Creating default route (sccp_instance.c:679)[0;m
[38;5;45mWed Sep 30 11:57:43 2026 [1;33mDLSCCP[0;m[38;5;45m [1;33mNOTICE[0;m[38;5;45m A-0-m3ua: Using ASP instance asp-to-stp (sccp_instance.c:784)[0;m
[38;5;43mWed Sep 30 11:57:43 2026 [1;33mDLSS7[0;m[38;5;43m [1;33mNOTICE[0;m[38;5;43m 0: Creating SCCP instance (ss7_instance.c:214)[0;m
Wed Sep 30 11:57:43 2026 [1;33mDMSC[0;m [1;33mNOTICE[0;m (msc=0) A-0-m3ua: local (BSC) SCCP address: RI=SSN_PC,PC=1.1.3,SSN=BSSAP (osmo_bsc_sigtran.c:870)
Wed Sep 30 11:57:43 2026 [1;33mDMSC[0;m [1;33mNOTICE[0;m (msc=0) A-0-m3ua: remote (MSC) SCCP address: RI=SSN_PC,PC=1.1.1,SSN=BSSAP (osmo_bsc_sigtran.c:872)
Wed Sep 30 11:57:43 2026 [1;33mDMSC[0;m [1;33mNOTICE[0;m (msc=0) A-0-m3ua: binding SCCP user (osmo_bsc_sigtran.c:877)
[38;5;45mWed Sep 30 11:57:43 2026 [1;31mDLSCCP[0;m[38;5;45m [1;31mERROR[0;m[38;5;45m 0: SCCP(rctx=0) MTP-TRANSFER.req from SCCP for OPC=2059=1.1.3,DPC=2057=1.1.1,SLS=15: no route! (sccp_scrc.c:177)[0;m
[38;5;45mWed Sep 30 11:57:43 2026 [1;33mDLSCCP[0;m[38;5;45m [1;33mNOTICE[0;m[38;5;45m 0: SCCP(rctx=0) SCRC Routing Failure (MTP failure) for CL message CL:CLDT (sccp_sclc.c:359)[0;m
Wed Sep 30 11:57:43 2026 [1;33mDMSC[0;m [1;33mNOTICE[0;m (msc=0) (calling_addr=RI=2,PC=2057,SSN=254) N-NOTICE.ind cause=5='MTP failure' importance=0 (osmo_bsc_sigtran.c:168)
[38;5;49mWed Sep 30 11:57:45 2026 [1;33mDLM3UA[0;m[38;5;49m [1;33mNOTICE[0;m[38;5;49m 0: ASP(asp-to-stp) Received NOTIFY Type State Change:AS Inactive () (m3ua.c:707)[0;m
[38;5;43mWed Sep 30 11:57:45 2026 [1;33mDLSS7[0;m[38;5;43m [1;33mNOTICE[0;m[38;5;43m 0: RT(dpc=2057=1.1.1,mask=0x3fff=7.255.7,prio=5,via=as-bsc,st=available) changed to status 'available' (ss7_route.c:409)[0;m
Wed Sep 30 11:57:45 2026 [1;33mDMSC[0;m [1;33mNOTICE[0;m (msc=0) now available: N-PCSTATE ind: pc=2057=1.1.1 sp_status=ACCESSIBLE remote_sccp_status=AVAILABLE (osmo_bsc_sigtran.c:319)
[38;5;43mWed Sep 30 11:57:45 2026 [1;33mDLSS7[0;m[38;5;43m [1;33mNOTICE[0;m[38;5;43m xua_default_lm(asp-to-stp)[0x5b853ca720a0]{ACTIVE}: Ignoring primitive M-ASP_ACTIVE.confirm (xua_default_lm_fsm.c:406)[0;m
[38;5;49mWed Sep 30 11:57:45 2026 [1;33mDLM3UA[0;m[38;5;49m [1;33mNOTICE[0;m[38;5;49m 0: ASP(asp-to-stp) Received NOTIFY Type State Change:AS Active () (m3ua.c:707)[0;m
[38;5;49mWed Sep 30 11:57:45 2026 [1;33mDLM3UA[0;m[38;5;49m [1;33mNOTICE[0;m[38;5;49m 0: ASP(asp-to-stp) Rx DUNA(RFC4666 4.5.1) for 1.1.2/0 (xua_snm.c:501)[0;m
[38;5;43mWed Sep 30 11:57:45 2026 [1;33mDLSS7[0;m[38;5;43m [1;33mNOTICE[0;m[38;5;43m 0: RT(dpc=2058=1.1.2,mask=0x3fff=7.255.7,prio=5,via=as-bsc,st=available) changed to status 'unavailable' (ss7_route.c:409)[0;m
Wed Sep 30 11:57:45 2026 [1;33mDMSC[0;m [1;33mNOTICE[0;m (msc=0) RESET ACK from MSC: RI=SSN_PC,PC=1.1.1,SSN=BSSAP (osmo_bsc_bssap.c:84)
Wed Sep 30 11:57:45 2026 [1;33mDRESET[0;m [1;33mNOTICE[0;m bssmap_reset(msc-0)[0x5b853caef3b0]{CONNECTED}: link up (bssmap_reset.c:83)
Wed Sep 30 11:57:45 2026 [1;33mDMSC[0;m [1;33mNOTICE[0;m (msc=0) BSSMAP association is up (a_reset.c:45)
[1;36mWed Sep 30 11:57:54 2026 [1;33mDNM[0;m[1;36m [1;33mNOTICE[0;m[1;36m OC=BTS(01) INST=(00,ff,ff): Get Attributes Response: feature 'GPRS' is supported (abis_nm.c:599)[0;m
[1;36mWed Sep 30 11:57:54 2026 [1;33mDNM[0;m[1;36m [1;33mNOTICE[0;m[1;36m OC=BTS(01) INST=(00,ff,ff): Get Attributes Response: feature 'EGPRS' is supported (abis_nm.c:599)[0;m
[1;36mWed Sep 30 11:57:54 2026 [1;33mDNM[0;m[1;36m [1;33mNOTICE[0;m[1;36m OC=BTS(01) INST=(00,ff,ff): Get Attributes Response: feature 'HOPPING' is supported (abis_nm.c:599)[0;m
[1;36mWed Sep 30 11:57:54 2026 [1;33mDNM[0;m[1;36m [1;33mNOTICE[0;m[1;36m OC=BTS(01) INST=(00,ff,ff): Get Attributes Response: feature 'MULTI_TSC' is supported (abis_nm.c:599)[0;m
[1;36mWed Sep 30 11:57:54 2026 [1;33mDNM[0;m[1;36m [1;33mNOTICE[0;m[1;36m OC=BTS(01) INST=(00,ff,ff): Get Attributes Response: feature 'OML_ALERTS' is supported (abis_nm.c:599)[0;m
[1;36mWed Sep 30 11:57:54 2026 [1;33mDNM[0;m[1;36m [1;33mNOTICE[0;m[1;36m OC=BTS(01) INST=(00,ff,ff): Get Attributes Response: feature 'CBCH' is supported (abis_nm.c:599)[0;m
[1;36mWed Sep 30 11:57:54 2026 [1;33mDNM[0;m[1;36m [1;33mNOTICE[0;m[1;36m OC=BTS(01) INST=(00,ff,ff): Get Attributes Response: feature 'SPEECH_F_V1' is supported (abis_nm.c:599)[0;m
[1;36mWed Sep 30 11:57:54 2026 [1;33mDNM[0;m[1;36m [1;33mNOTICE[0;m[1;36m OC=BTS(01) INST=(00,ff,ff): Get Attributes Response: feature 'SPEECH_H_V1' is supported (abis_nm.c:599)[0;m
[1;36mWed Sep 30 11:57:54 2026 [1;33mDNM[0;m[1;36m [1;33mNOTICE[0;m[1;36m OC=BTS(01) INST=(00,ff,ff): Get Attributes Response: feature 'SPEECH_F_EFR' is supported (abis_nm.c:599)[0;m
[1;36mWed Sep 30 11:57:54 2026 [1;33mDNM[0;m[1;36m [1;33mNOTICE[0;m[1;36m OC=BTS(01) INST=(00,ff,ff): Get Attributes Response: feature 'SPEECH_F_AMR' is supported (abis_nm.c:599)[0;m
[1;36mWed Sep 30 11:57:54 2026 [1;33mDNM[0;m[1;36m [1;33mNOTICE[0;m[1;36m OC=BTS(01) INST=(00,ff,ff): Get Attributes Response: feature 'SPEECH_H_AMR' is supported (abis_nm.c:599)[0;m
[1;36mWed Sep 30 11:57:54 2026 [1;33mDNM[0;m[1;36m [1;33mNOTICE[0;m[1;36m OC=BTS(01) INST=(00,ff,ff): Get Attributes Response: feature 'ETWS_PN' is supported (abis_nm.c:599)[0;m
[1;36mWed Sep 30 11:57:54 2026 [1;33mDNM[0;m[1;36m [1;33mNOTICE[0;m[1;36m OC=BTS(01) INST=(00,ff,ff): Get Attributes Response: feature 'PAGING_COORDINATION' is supported (abis_nm.c:599)[0;m
[1;36mWed Sep 30 11:57:54 2026 [1;33mDNM[0;m[1;36m [1;33mNOTICE[0;m[1;36m OC=BTS(01) INST=(00,ff,ff): Get Attributes Response: feature 'IPV6_NSVC' is supported (abis_nm.c:599)[0;m
[1;36mWed Sep 30 11:57:54 2026 [1;33mDNM[0;m[1;36m [1;33mNOTICE[0;m[1;36m OC=BTS(01) INST=(00,ff,ff): Get Attributes Response: feature 'ACCH_REP' is supported (abis_nm.c:599)[0;m
[1;36mWed Sep 30 11:57:54 2026 [1;33mDNM[0;m[1;36m [1;33mNOTICE[0;m[1;36m OC=BTS(01) INST=(00,ff,ff): Get Attributes Response: feature 'CCN' is supported (abis_nm.c:599)[0;m
[1;36mWed Sep 30 11:57:54 2026 [1;33mDNM[0;m[1;36m [1;33mNOTICE[0;m[1;36m OC=BTS(01) INST=(00,ff,ff): Get Attributes Response: feature 'VAMOS' is supported (abis_nm.c:599)[0;m
[1;36mWed Sep 30 11:57:54 2026 [1;33mDNM[0;m[1;36m [1;33mNOTICE[0;m[1;36m OC=BTS(01) INST=(00,ff,ff): Get Attributes Response: feature 'ABIS_OSMO_PCU' is supported (abis_nm.c:599)[0;m
[1;36mWed Sep 30 11:57:54 2026 [1;33mDNM[0;m[1;36m [1;33mNOTICE[0;m[1;36m OC=BTS(01) INST=(00,ff,ff): Get Attributes Response: feature 'BCCH_PWR_RED' is supported (abis_nm.c:599)[0;m
[1;36mWed Sep 30 11:57:54 2026 [1;33mDNM[0;m[1;36m [1;33mNOTICE[0;m[1;36m OC=BTS(01) INST=(00,ff,ff): Get Attributes Response: feature 'DYN_TS_SDCCH8' is supported (abis_nm.c:599)[0;m
[1;36mWed Sep 30 11:57:54 2026 [1;33mDNM[0;m[1;36m [1;33mNOTICE[0;m[1;36m OC=BTS(01) INST=(00,ff,ff): Get Attributes Response: feature 'ACCH_TEMP_OVP' is supported (abis_nm.c:599)[0;m
[1;36mWed Sep 30 11:57:54 2026 [1;33mDNM[0;m[1;36m [1;33mNOTICE[0;m[1;36m OC=BTS(01) INST=(00,ff,ff): Get Attributes Response: feature 'VBS' is supported (abis_nm.c:599)[0;m
[1;36mWed Sep 30 11:57:54 2026 [1;33mDNM[0;m[1;36m [1;33mNOTICE[0;m[1;36m OC=BTS(01) INST=(00,ff,ff): Get Attributes Response: feature 'VGCS' is supported (abis_nm.c:599)[0;m
[1;36mWed Sep 30 11:57:54 2026 [1;33mDNM[0;m[1;36m [1;33mNOTICE[0;m[1;36m OC=BTS(01) INST=(00,ff,ff): Get Attributes Response: feature 'TWTS001' is supported (abis_nm.c:599)[0;m
[1;36mWed Sep 30 11:57:54 2026 [1;33mDNM[0;m[1;36m [1;33mNOTICE[0;m[1;36m OC=BTS(01) INST=(00,ff,ff): Get Attributes Response: feature 'TWTS002' is supported (abis_nm.c:599)[0;m
[1;36mWed Sep 30 11:57:54 2026 [1;33mDNM[0;m[1;36m [1;33mNOTICE[0;m[1;36m OC=BTS(01) INST=(00,ff,ff): ARI reported sw[0/2]: osmobts is 1.10.0-dirty (abis_nm.c:652)[0;m
[1;36mWed Sep 30 11:57:54 2026 [1;33mDNM[0;m[1;36m [1;33mNOTICE[0;m[1;36m OC=BTS(01) INST=(00,ff,ff): Reported variant: osmo-bts-trx (abis_nm.c:534)[0;m
[1;36mWed Sep 30 11:57:54 2026 [1;31mDNM[0;m[1;36m [1;31mERROR[0;m[1;36m OC=RADIO-CARRIER(02) INST=(00,00,ff): Attribute SW Configuration is unreported (abis_nm.c:557)[0;m
[1;36mWed Sep 30 11:57:54 2026 [1;31mDNM[0;m[1;36m [1;31mERROR[0;m[1;36m OC=BASEBAND-TRANSCEIVER(04) INST=(00,00,ff): Attribute Manufacturer Dependent State is unreported (abis_nm.c:557)[0;m
[1;36mWed Sep 30 11:57:54 2026 [1;33mDNM[0;m[1;36m [1;33mNOTICE[0;m[1;36m OC=BASEBAND-TRANSCEIVER(04) INST=(00,00,ff): ARI reported sw[0/1]: TRX_PHY_VERSION is Unknown (abis_nm.c:652)[0;m
[1;35mWed Sep 30 11:57:54 2026 [1;33mDRSL[0;m[1;35m [1;33mNOTICE[0;m[1;35m (bts=1,trx=0) bootstrapping RSL on ARFCN 614 using MCC-MNC 001-01 LAC=1 CID=6012 BSIC=8 (osmo_bsc_main.c:320)[0;m
[1;36mWed Sep 30 11:58:02 2026 [1;31mDNM[0;m[1;36m [1;31mERROR[0;m[1;36m OC=GPRS-CELL(f1) INST=(00,00,ff): Attribute SW Configuration is unreported (abis_nm.c:557)[0;m
[1;36mWed Sep 30 11:58:02 2026 [1;33mDNM[0;m[1;36m [1;33mNOTICE[0;m[1;36m OC=BTS(01) INST=(00,ff,ff): Get Attributes Response: feature 'GPRS' is supported (abis_nm.c:599)[0;m
[1;36mWed Sep 30 11:58:02 2026 [1;33mDNM[0;m[1;36m [1;33mNOTICE[0;m[1;36m OC=BTS(01) INST=(00,ff,ff): Get Attributes Response: feature 'EGPRS' is supported (abis_nm.c:599)[0;m
[1;36mWed Sep 30 11:58:02 2026 [1;33mDNM[0;m[1;36m [1;33mNOTICE[0;m[1;36m OC=BTS(01) INST=(00,ff,ff): Get Attributes Response: feature 'HOPPING' is supported (abis_nm.c:599)[0;m
[1;36mWed Sep 30 11:58:02 2026 [1;33mDNM[0;m[1;36m [1;33mNOTICE[0;m[1;36m OC=BTS(01) INST=(00,ff,ff): Get Attributes Response: feature 'MULTI_TSC' is supported (abis_nm.c:599)[0;m
[1;36mWed Sep 30 11:58:02 2026 [1;33mDNM[0;m[1;36m [1;33mNOTICE[0;m[1;36m OC=BTS(01) INST=(00,ff,ff): Get Attributes Response: feature 'OML_ALERTS' is supported (abis_nm.c:599)[0;m
[1;36mWed Sep 30 11:58:02 2026 [1;33mDNM[0;m[1;36m [1;33mNOTICE[0;m[1;36m OC=BTS(01) INST=(00,ff,ff): Get Attributes Response: feature 'CBCH' is supported (abis_nm.c:599)[0;m
[1;36mWed Sep 30 11:58:02 2026 [1;33mDNM[0;m[1;36m [1;33mNOTICE[0;m[1;36m OC=BTS(01) INST=(00,ff,ff): Get Attributes Response: feature 'SPEECH_F_V1' is supported (abis_nm.c:599)[0;m
[1;36mWed Sep 30 11:58:02 2026 [1;33mDNM[0;m[1;36m [1;33mNOTICE[0;m[1;36m OC=BTS(01) INST=(00,ff,ff): Get Attributes Response: feature 'SPEECH_H_V1' is supported (abis_nm.c:599)[0;m
[1;36mWed Sep 30 11:58:02 2026 [1;33mDNM[0;m[1;36m [1;33mNOTICE[0;m[1;36m OC=BTS(01) INST=(00,ff,ff): Get Attributes Response: feature 'SPEECH_F_EFR' is supported (abis_nm.c:599)[0;m
[1;36mWed Sep 30 11:58:02 2026 [1;33mDNM[0;m[1;36m [1;33mNOTICE[0;m[1;36m OC=BTS(01) INST=(00,ff,ff): Get Attributes Response: feature 'SPEECH_F_AMR' is supported (abis_nm.c:599)[0;m
[1;36mWed Sep 30 11:58:02 2026 [1;33mDNM[0;m[1;36m [1;33mNOTICE[0;m[1;36m OC=BTS(01) INST=(00,ff,ff): Get Attributes Response: feature 'SPEECH_H_AMR' is supported (abis_nm.c:599)[0;m
[1;36mWed Sep 30 11:58:02 2026 [1;33mDNM[0;m[1;36m [1;33mNOTICE[0;m[1;36m OC=BTS(01) INST=(00,ff,ff): Get Attributes Response: feature 'ETWS_PN' is supported (abis_nm.c:599)[0;m
[1;36mWed Sep 30 11:58:02 2026 [1;33mDNM[0;m[1;36m [1;33mNOTICE[0;m[1;36m OC=BTS(01) INST=(00,ff,ff): Get Attributes Response: feature 'PAGING_COORDINATION' is supported (abis_nm.c:599)[0;m
[1;36mWed Sep 30 11:58:02 2026 [1;33mDNM[0;m[1;36m [1;33mNOTICE[0;m[1;36m OC=BTS(01) INST=(00,ff,ff): Get Attributes Response: feature 'IPV6_NSVC' is supported (abis_nm.c:599)[0;m
[1;36mWed Sep 30 11:58:02 2026 [1;33mDNM[0;m[1;36m [1;33mNOTICE[0;m[1;36m OC=BTS(01) INST=(00,ff,ff): Get Attributes Response: feature 'ACCH_REP' is supported (abis_nm.c:599)[0;m
[1;36mWed Sep 30 11:58:02 2026 [1;33mDNM[0;m[1;36m [1;33mNOTICE[0;m[1;36m OC=BTS(01) INST=(00,ff,ff): Get Attributes Response: feature 'CCN' is supported (abis_nm.c:599)[0;m
[1;36mWed Sep 30 11:58:02 2026 [1;33mDNM[0;m[1;36m [1;33mNOTICE[0;m[1;36m OC=BTS(01) INST=(00,ff,ff): Get Attributes Response: feature 'VAMOS' is supported (abis_nm.c:599)[0;m
[1;36mWed Sep 30 11:58:02 2026 [1;33mDNM[0;m[1;36m [1;33mNOTICE[0;m[1;36m OC=BTS(01) INST=(00,ff,ff): Get Attributes Response: feature 'ABIS_OSMO_PCU' is supported (abis_nm.c:599)[0;m
[1;36mWed Sep 30 11:58:02 2026 [1;33mDNM[0;m[1;36m [1;33mNOTICE[0;m[1;36m OC=BTS(01) INST=(00,ff,ff): Get Attributes Response: feature 'BCCH_PWR_RED' is supported (abis_nm.c:599)[0;m
[1;36mWed Sep 30 11:58:02 2026 [1;33mDNM[0;m[1;36m [1;33mNOTICE[0;m[1;36m OC=BTS(01) INST=(00,ff,ff): Get Attributes Response: feature 'DYN_TS_SDCCH8' is supported (abis_nm.c:599)[0;m
[1;36mWed Sep 30 11:58:02 2026 [1;33mDNM[0;m[1;36m [1;33mNOTICE[0;m[1;36m OC=BTS(01) INST=(00,ff,ff): Get Attributes Response: feature 'ACCH_TEMP_OVP' is supported (abis_nm.c:599)[0;m
[1;36mWed Sep 30 11:58:02 2026 [1;33mDNM[0;m[1;36m [1;33mNOTICE[0;m[1;36m OC=BTS(01) INST=(00,ff,ff): Get Attributes Response: feature 'VBS' is supported (abis_nm.c:599)[0;m
[1;36mWed Sep 30 11:58:02 2026 [1;33mDNM[0;m[1;36m [1;33mNOTICE[0;m[1;36m OC=BTS(01) INST=(00,ff,ff): Get Attributes Response: feature 'VGCS' is supported (abis_nm.c:599)[0;m
[1;36mWed Sep 30 11:58:02 2026 [1;33mDNM[0;m[1;36m [1;33mNOTICE[0;m[1;36m OC=BTS(01) INST=(00,ff,ff): Get Attributes Response: feature 'TWTS001' is supported (abis_nm.c:599)[0;m
[1;36mWed Sep 30 11:58:02 2026 [1;33mDNM[0;m[1;36m [1;33mNOTICE[0;m[1;36m OC=BTS(01) INST=(00,ff,ff): Get Attributes Response: feature 'TWTS002' is supported (abis_nm.c:599)[0;m
[1;36mWed Sep 30 11:58:02 2026 [1;33mDNM[0;m[1;36m [1;33mNOTICE[0;m[1;36m OC=BTS(01) INST=(00,ff,ff): ARI reported sw[0/2]: osmobts is 1.10.0-dirty (abis_nm.c:652)[0;m
[1;36mWed Sep 30 11:58:02 2026 [1;33mDNM[0;m[1;36m [1;33mNOTICE[0;m[1;36m OC=BTS(01) INST=(00,ff,ff): Reported variant: osmo-bts-trx (abis_nm.c:534)[0;m
[1;36mWed Sep 30 11:58:02 2026 [1;31mDNM[0;m[1;36m [1;31mERROR[0;m[1;36m OC=RADIO-CARRIER(02) INST=(00,00,ff): Attribute SW Configuration is unreported (abis_nm.c:557)[0;m
[1;36mWed Sep 30 11:58:02 2026 [1;31mDNM[0;m[1;36m [1;31mERROR[0;m[1;36m OC=BASEBAND-TRANSCEIVER(04) INST=(00,00,ff): Attribute Manufacturer Dependent State is unreported (abis_nm.c:557)[0;m
[1;36mWed Sep 30 11:58:02 2026 [1;33mDNM[0;m[1;36m [1;33mNOTICE[0;m[1;36m OC=BASEBAND-TRANSCEIVER(04) INST=(00,00,ff): ARI reported sw[0/1]: TRX_PHY_VERSION is Unknown (abis_nm.c:652)[0;m
[1;35mWed Sep 30 11:58:02 2026 [1;33mDRSL[0;m[1;35m [1;33mNOTICE[0;m[1;35m (bts=0,trx=0) bootstrapping RSL on ARFCN 514 using MCC-MNC 001-01 LAC=1 CID=6001 BSIC=7 (osmo_bsc_main.c:320)[0;m
[1;36mWed Sep 30 11:58:04 2026 [1;33mDNM[0;m[1;36m [1;33mNOTICE[0;m[1;36m OC=BTS(01) INST=(00,ff,ff): Reported connected PCU version 1.5.2 (abis_nm.c:352)[0;m
[1;32mWed Sep 30 12:05:54 2026 [1;33mDCHAN[0;m[1;32m [1;33mNOTICE[0;m[1;32m lchan(0-0-2-TCH_F-0)[0x5b853cb16c30]{WAIT_RF_RELEASE_ACK}: (type=TCH_F) Rx IPACC DLCX IND (cause=Normal event, unspecified [ 0f ]) (abis_rsl.c:3241)[0;m
[1;36mWed Sep 30 12:21:18 2026 [1;31mDNM[0;m[1;36m [1;31mERROR[0;m[1;36m OC=BTS(01) INST=(00,ff,ff): Failure Event Report: [0;m[1;36mType=processing failure, [0;m[1;36mSeverity=critical failure, [0;m[1;36mProbable cause=Manufacturer specific values: [0;m[1;36mProcess stopped, [0;m[1;36mAdditional Text=BTS: SIGINT received -> shutdown. [0;m[1;36m (abis_nm.c:341)[0;m
[38;5;23mWed Sep 30 12:21:18 2026 [1;33mDLINP[0;m[38;5;23m [1;33mNOTICE[0;m[38;5;23m SRVCONN(ts-0-1-oml,r=127.0.0.1:34497<->l=127.0.0.1:3002) connection closed with client (stream_srv.c:770)[0;m
[38;5;23mWed Sep 30 12:21:18 2026 [1;33mDLINP[0;m[38;5;23m [1;33mNOTICE[0;m[38;5;23m E1TS(0:1) failed reading from socket: 0 (ipaccess.c:554)[0;m
[38;5;23mWed Sep 30 12:21:18 2026 [1;33mDLINP[0;m[38;5;23m [1;33mNOTICE[0;m[38;5;23m E1L(0) Signalling link down (bts_ipaccess_nanobts.c:778)[0;m
[38;5;23mWed Sep 30 12:21:18 2026 [1;33mDLINP[0;m[38;5;23m [1;33mNOTICE[0;m[38;5;23m (bts=0) Dropping OML link: link down (bts_ipaccess_nanobts.c:543)[0;m
[38;5;23mWed Sep 30 12:21:18 2026 [1;33mDLINP[0;m[38;5;23m [1;33mNOTICE[0;m[38;5;23m (bts=0,trx=0) Dropping RSL link: OML link drop (bts_ipaccess_nanobts.c:514)[0;m
[38;5;23mWed Sep 30 12:21:18 2026 [1;33mDLINP[0;m[38;5;23m [1;33mNOTICE[0;m[38;5;23m E1L(0) Signalling link down (bts_ipaccess_nanobts.c:778)[0;m
[38;5;23mWed Sep 30 12:21:18 2026 [1;33mDLINP[0;m[38;5;23m [1;33mNOTICE[0;m[38;5;23m E1L(0) Signalling link down for unknown BTS (bts_ipaccess_nanobts.c:791)[0;m
Wed Sep 30 12:21:18 2026 [1;31mDMSC[0;m [1;31mERROR[0;m SUBSCR_CONN(msc0-conn10_subscr-IMSI-001010001000001-TMSI-0x452658cf)[0x5b853cb1b050]{WAIT_CLEAR_CMD}: Event MT_DTAP not permitted (osmo_bsc_bssap.c:1648)
[1;36mWed Sep 30 12:21:18 2026 [1;31mDNM[0;m[1;36m [1;31mERROR[0;m[1;36m OC=BTS(01) INST=(00,ff,ff): Failure Event Report: [0;m[1;36mType=processing failure, [0;m[1;36mSeverity=critical failure, [0;m[1;36mProbable cause=Manufacturer specific values: [0;m[1;36mProcess stopped, [0;m[1;36mAdditional Text=BTS: SIGINT received -> shutdown. [0;m[1;36m (abis_nm.c:341)[0;m
[38;5;23mWed Sep 30 12:21:20 2026 [1;33mDLINP[0;m[38;5;23m [1;33mNOTICE[0;m[38;5;23m SRVCONN(ts-0-1-oml,r=127.0.0.1:36615<->l=127.0.0.1:3002) connection closed with client (stream_srv.c:770)[0;m
[38;5;23mWed Sep 30 12:21:20 2026 [1;33mDLINP[0;m[38;5;23m [1;33mNOTICE[0;m[38;5;23m E1TS(0:1) failed reading from socket: 0 (ipaccess.c:554)[0;m
[38;5;23mWed Sep 30 12:21:20 2026 [1;33mDLINP[0;m[38;5;23m [1;33mNOTICE[0;m[38;5;23m E1L(0) Signalling link down (bts_ipaccess_nanobts.c:778)[0;m
[38;5;23mWed Sep 30 12:21:20 2026 [1;33mDLINP[0;m[38;5;23m [1;33mNOTICE[0;m[38;5;23m (bts=1) Dropping OML link: link down (bts_ipaccess_nanobts.c:543)[0;m
[38;5;23mWed Sep 30 12:21:20 2026 [1;33mDLINP[0;m[38;5;23m [1;33mNOTICE[0;m[38;5;23m (bts=1,trx=0) Dropping RSL link: OML link drop (bts_ipaccess_nanobts.c:514)[0;m
[38;5;23mWed Sep 30 12:21:20 2026 [1;33mDLINP[0;m[38;5;23m [1;33mNOTICE[0;m[38;5;23m E1L(0) Signalling link down (bts_ipaccess_nanobts.c:778)[0;m
[38;5;23mWed Sep 30 12:21:20 2026 [1;33mDLINP[0;m[38;5;23m [1;33mNOTICE[0;m[38;5;23m E1L(0) Signalling link down for unknown BTS (bts_ipaccess_nanobts.c:791)[0;m
[1;36mWed Sep 30 12:21:22 2026 [1;33mDNM[0;m[1;36m [1;33mNOTICE[0;m[1;36m shutting down OML for BTS 0 (bsc_init.c:57)[0;m
[1;36mWed Sep 30 12:21:22 2026 [1;33mDNM[0;m[1;36m [1;33mNOTICE[0;m[1;36m shutting down OML for BTS 1 (bsc_init.c:57)[0;m
[38;5;43mWed Sep 30 12:21:40 2026 [1;33mDLSS7[0;m[38;5;43m [1;33mNOTICE[0;m[38;5;43m 0: ASP(asp-to-stp) Applying Adm State change: ENABLED -> ENABLED (ss7_asp_vty.c:673)[0;m
Wed Sep 30 12:21:40 2026 [1;33mDLGLOBAL[0;m [1;33mNOTICE[0;m Available via telnet 127.0.0.1 4242 (telnet_interface.c:88)
[38;5;23mWed Sep 30 12:21:40 2026 [1;33mDLINP[0;m[38;5;23m [1;33mNOTICE[0;m[38;5;23m E1L(0) enabling ipaccess BSC mode on 0.0.0.0 with OML 3002 and RSL 3003 TCP ports (ipaccess.c:1028)[0;m
[38;5;33mWed Sep 30 12:21:40 2026 [1;33mDLCTRL[0;m[38;5;33m [1;33mNOTICE[0;m[38;5;33m CTRL at 127.0.0.1 4249 (control_if.c:1026)[0;m
[38;5;51mWed Sep 30 12:21:40 2026 [1;33mDLMGCP[0;m[38;5;51m [1;33mNOTICE[0;m[38;5;51m MGW(mgw) MGCP client: using endpoint domain '@mgw' (mgcp_client.c:945)[0;m
[1;36mWed Sep 30 12:21:40 2026 [1;33mDNM[0;m[1;36m [1;33mNOTICE[0;m[1;36m MGW pool with 1 pool members configured, (ignoring MGW configuration in VTY node 'msc'). (osmo_bsc_main.c:869)[0;m
Wed Sep 30 12:21:40 2026 [1;33mDMSC[0;m [1;33mNOTICE[0;m Initializing SCCP connection for A/m3ua on cs7 instance 0 (osmo_bsc_sigtran.c:817)
[38;5;45mWed Sep 30 12:21:40 2026 [1;33mDLSCCP[0;m[38;5;45m [1;33mNOTICE[0;m[38;5;45m A-0-m3ua: Using SS7 instance 0, pc:1.1.3 (sccp_instance.c:655)[0;m
[38;5;45mWed Sep 30 12:21:40 2026 [1;33mDLSCCP[0;m[38;5;45m [1;33mNOTICE[0;m[38;5;45m A-0-m3ua: Using AS instance as-bsc (sccp_instance.c:673)[0;m
[38;5;45mWed Sep 30 12:21:40 2026 [1;33mDLSCCP[0;m[38;5;45m [1;33mNOTICE[0;m[38;5;45m A-0-m3ua: Creating default route (sccp_instance.c:679)[0;m
[38;5;45mWed Sep 30 12:21:40 2026 [1;33mDLSCCP[0;m[38;5;45m [1;33mNOTICE[0;m[38;5;45m A-0-m3ua: Using ASP instance asp-to-stp (sccp_instance.c:784)[0;m
[38;5;43mWed Sep 30 12:21:40 2026 [1;33mDLSS7[0;m[38;5;43m [1;33mNOTICE[0;m[38;5;43m 0: Creating SCCP instance (ss7_instance.c:214)[0;m
Wed Sep 30 12:21:40 2026 [1;33mDMSC[0;m [1;33mNOTICE[0;m (msc=0) A-0-m3ua: local (BSC) SCCP address: RI=SSN_PC,PC=1.1.3,SSN=BSSAP (osmo_bsc_sigtran.c:870)
Wed Sep 30 12:21:40 2026 [1;33mDMSC[0;m [1;33mNOTICE[0;m (msc=0) A-0-m3ua: remote (MSC) SCCP address: RI=SSN_PC,PC=1.1.1,SSN=BSSAP (osmo_bsc_sigtran.c:872)
Wed Sep 30 12:21:40 2026 [1;33mDMSC[0;m [1;33mNOTICE[0;m (msc=0) A-0-m3ua: binding SCCP user (osmo_bsc_sigtran.c:877)
[38;5;45mWed Sep 30 12:21:40 2026 [1;31mDLSCCP[0;m[38;5;45m [1;31mERROR[0;m[38;5;45m 0: SCCP(rctx=0) MTP-TRANSFER.req from SCCP for OPC=2059=1.1.3,DPC=2057=1.1.1,SLS=4: no route! (sccp_scrc.c:177)[0;m
[38;5;45mWed Sep 30 12:21:40 2026 [1;33mDLSCCP[0;m[38;5;45m [1;33mNOTICE[0;m[38;5;45m 0: SCCP(rctx=0) SCRC Routing Failure (MTP failure) for CL message CL:CLDT (sccp_sclc.c:359)[0;m
Wed Sep 30 12:21:40 2026 [1;33mDMSC[0;m [1;33mNOTICE[0;m (msc=0) (calling_addr=RI=2,PC=2057,SSN=254) N-NOTICE.ind cause=5='MTP failure' importance=0 (osmo_bsc_sigtran.c:168)
[38;5;49mWed Sep 30 12:21:42 2026 [1;33mDLM3UA[0;m[38;5;49m [1;33mNOTICE[0;m[38;5;49m 0: ASP(asp-to-stp) Received NOTIFY Type State Change:AS Inactive () (m3ua.c:707)[0;m
[38;5;43mWed Sep 30 12:21:42 2026 [1;33mDLSS7[0;m[38;5;43m [1;33mNOTICE[0;m[38;5;43m 0: RT(dpc=2057=1.1.1,mask=0x3fff=7.255.7,prio=5,via=as-bsc,st=available) changed to status 'available' (ss7_route.c:409)[0;m
Wed Sep 30 12:21:42 2026 [1;33mDMSC[0;m [1;33mNOTICE[0;m (msc=0) now available: N-PCSTATE ind: pc=2057=1.1.1 sp_status=ACCESSIBLE remote_sccp_status=AVAILABLE (osmo_bsc_sigtran.c:319)
[38;5;43mWed Sep 30 12:21:42 2026 [1;33mDLSS7[0;m[38;5;43m [1;33mNOTICE[0;m[38;5;43m xua_default_lm(asp-to-stp)[0x6198807380a0]{ACTIVE}: Ignoring primitive M-ASP_ACTIVE.confirm (xua_default_lm_fsm.c:406)[0;m
[38;5;49mWed Sep 30 12:21:42 2026 [1;33mDLM3UA[0;m[38;5;49m [1;33mNOTICE[0;m[38;5;49m 0: ASP(asp-to-stp) Received NOTIFY Type State Change:AS Active () (m3ua.c:707)[0;m
[38;5;49mWed Sep 30 12:21:42 2026 [1;33mDLM3UA[0;m[38;5;49m [1;33mNOTICE[0;m[38;5;49m 0: ASP(asp-to-stp) Rx DUNA(RFC4666 4.5.1) for 1.1.2/0 (xua_snm.c:501)[0;m
[38;5;43mWed Sep 30 12:21:42 2026 [1;33mDLSS7[0;m[38;5;43m [1;33mNOTICE[0;m[38;5;43m 0: RT(dpc=2058=1.1.2,mask=0x3fff=7.255.7,prio=5,via=as-bsc,st=available) changed to status 'unavailable' (ss7_route.c:409)[0;m
Wed Sep 30 12:21:42 2026 [1;33mDMSC[0;m [1;33mNOTICE[0;m (msc=0) RESET ACK from MSC: RI=SSN_PC,PC=1.1.1,SSN=BSSAP (osmo_bsc_bssap.c:84)
Wed Sep 30 12:21:42 2026 [1;33mDRESET[0;m [1;33mNOTICE[0;m bssmap_reset(msc-0)[0x6198807b53b0]{CONNECTED}: link up (bssmap_reset.c:83)
Wed Sep 30 12:21:42 2026 [1;33mDMSC[0;m [1;33mNOTICE[0;m (msc=0) BSSMAP association is up (a_reset.c:45)
[1;36mWed Sep 30 12:21:50 2026 [1;33mDNM[0;m[1;36m [1;33mNOTICE[0;m[1;36m OC=BTS(01) INST=(00,ff,ff): Get Attributes Response: feature 'GPRS' is supported (abis_nm.c:599)[0;m
[1;36mWed Sep 30 12:21:50 2026 [1;33mDNM[0;m[1;36m [1;33mNOTICE[0;m[1;36m OC=BTS(01) INST=(00,ff,ff): Get Attributes Response: feature 'EGPRS' is supported (abis_nm.c:599)[0;m
[1;36mWed Sep 30 12:21:50 2026 [1;33mDNM[0;m[1;36m [1;33mNOTICE[0;m[1;36m OC=BTS(01) INST=(00,ff,ff): Get Attributes Response: feature 'HOPPING' is supported (abis_nm.c:599)[0;m
[1;36mWed Sep 30 12:21:50 2026 [1;33mDNM[0;m[1;36m [1;33mNOTICE[0;m[1;36m OC=BTS(01) INST=(00,ff,ff): Get Attributes Response: feature 'MULTI_TSC' is supported (abis_nm.c:599)[0;m
[1;36mWed Sep 30 12:21:50 2026 [1;33mDNM[0;m[1;36m [1;33mNOTICE[0;m[1;36m OC=BTS(01) INST=(00,ff,ff): Get Attributes Response: feature 'OML_ALERTS' is supported (abis_nm.c:599)[0;m
[1;36mWed Sep 30 12:21:50 2026 [1;33mDNM[0;m[1;36m [1;33mNOTICE[0;m[1;36m OC=BTS(01) INST=(00,ff,ff): Get Attributes Response: feature 'CBCH' is supported (abis_nm.c:599)[0;m
[1;36mWed Sep 30 12:21:50 2026 [1;33mDNM[0;m[1;36m [1;33mNOTICE[0;m[1;36m OC=BTS(01) INST=(00,ff,ff): Get Attributes Response: feature 'SPEECH_F_V1' is supported (abis_nm.c:599)[0;m
[1;36mWed Sep 30 12:21:50 2026 [1;33mDNM[0;m[1;36m [1;33mNOTICE[0;m[1;36m OC=BTS(01) INST=(00,ff,ff): Get Attributes Response: feature 'SPEECH_H_V1' is supported (abis_nm.c:599)[0;m
[1;36mWed Sep 30 12:21:50 2026 [1;33mDNM[0;m[1;36m [1;33mNOTICE[0;m[1;36m OC=BTS(01) INST=(00,ff,ff): Get Attributes Response: feature 'SPEECH_F_EFR' is supported (abis_nm.c:599)[0;m
[1;36mWed Sep 30 12:21:50 2026 [1;33mDNM[0;m[1;36m [1;33mNOTICE[0;m[1;36m OC=BTS(01) INST=(00,ff,ff): Get Attributes Response: feature 'SPEECH_F_AMR' is supported (abis_nm.c:599)[0;m
[1;36mWed Sep 30 12:21:50 2026 [1;33mDNM[0;m[1;36m [1;33mNOTICE[0;m[1;36m OC=BTS(01) INST=(00,ff,ff): Get Attributes Response: feature 'SPEECH_H_AMR' is supported (abis_nm.c:599)[0;m
[1;36mWed Sep 30 12:21:50 2026 [1;33mDNM[0;m[1;36m [1;33mNOTICE[0;m[1;36m OC=BTS(01) INST=(00,ff,ff): Get Attributes Response: feature 'ETWS_PN' is supported (abis_nm.c:599)[0;m
[1;36mWed Sep 30 12:21:50 2026 [1;33mDNM[0;m[1;36m [1;33mNOTICE[0;m[1;36m OC=BTS(01) INST=(00,ff,ff): Get Attributes Response: feature 'PAGING_COORDINATION' is supported (abis_nm.c:599)[0;m
[1;36mWed Sep 30 12:21:50 2026 [1;33mDNM[0;m[1;36m [1;33mNOTICE[0;m[1;36m OC=BTS(01) INST=(00,ff,ff): Get Attributes Response: feature 'IPV6_NSVC' is supported (abis_nm.c:599)[0;m
[1;36mWed Sep 30 12:21:50 2026 [1;33mDNM[0;m[1;36m [1;33mNOTICE[0;m[1;36m OC=BTS(01) INST=(00,ff,ff): Get Attributes Response: feature 'ACCH_REP' is supported (abis_nm.c:599)[0;m
[1;36mWed Sep 30 12:21:50 2026 [1;33mDNM[0;m[1;36m [1;33mNOTICE[0;m[1;36m OC=BTS(01) INST=(00,ff,ff): Get Attributes Response: feature 'CCN' is supported (abis_nm.c:599)[0;m
[1;36mWed Sep 30 12:21:50 2026 [1;33mDNM[0;m[1;36m [1;33mNOTICE[0;m[1;36m OC=BTS(01) INST=(00,ff,ff): Get Attributes Response: feature 'VAMOS' is supported (abis_nm.c:599)[0;m
[1;36mWed Sep 30 12:21:50 2026 [1;33mDNM[0;m[1;36m [1;33mNOTICE[0;m[1;36m OC=BTS(01) INST=(00,ff,ff): Get Attributes Response: feature 'ABIS_OSMO_PCU' is supported (abis_nm.c:599)[0;m
[1;36mWed Sep 30 12:21:50 2026 [1;33mDNM[0;m[1;36m [1;33mNOTICE[0;m[1;36m OC=BTS(01) INST=(00,ff,ff): Get Attributes Response: feature 'BCCH_PWR_RED' is supported (abis_nm.c:599)[0;m
[1;36mWed Sep 30 12:21:50 2026 [1;33mDNM[0;m[1;36m [1;33mNOTICE[0;m[1;36m OC=BTS(01) INST=(00,ff,ff): Get Attributes Response: feature 'DYN_TS_SDCCH8' is supported (abis_nm.c:599)[0;m
[1;36mWed Sep 30 12:21:50 2026 [1;33mDNM[0;m[1;36m [1;33mNOTICE[0;m[1;36m OC=BTS(01) INST=(00,ff,ff): Get Attributes Response: feature 'ACCH_TEMP_OVP' is supported (abis_nm.c:599)[0;m
[1;36mWed Sep 30 12:21:50 2026 [1;33mDNM[0;m[1;36m [1;33mNOTICE[0;m[1;36m OC=BTS(01) INST=(00,ff,ff): Get Attributes Response: feature 'VBS' is supported (abis_nm.c:599)[0;m
[1;36mWed Sep 30 12:21:50 2026 [1;33mDNM[0;m[1;36m [1;33mNOTICE[0;m[1;36m OC=BTS(01) INST=(00,ff,ff): Get Attributes Response: feature 'VGCS' is supported (abis_nm.c:599)[0;m
[1;36mWed Sep 30 12:21:50 2026 [1;33mDNM[0;m[1;36m [1;33mNOTICE[0;m[1;36m OC=BTS(01) INST=(00,ff,ff): Get Attributes Response: feature 'TWTS001' is supported (abis_nm.c:599)[0;m
[1;36mWed Sep 30 12:21:50 2026 [1;33mDNM[0;m[1;36m [1;33mNOTICE[0;m[1;36m OC=BTS(01) INST=(00,ff,ff): Get Attributes Response: feature 'TWTS002' is supported (abis_nm.c:599)[0;m
[1;36mWed Sep 30 12:21:50 2026 [1;33mDNM[0;m[1;36m [1;33mNOTICE[0;m[1;36m OC=BTS(01) INST=(00,ff,ff): ARI reported sw[0/2]: osmobts is 1.10.0-dirty (abis_nm.c:652)[0;m
[1;36mWed Sep 30 12:21:50 2026 [1;33mDNM[0;m[1;36m [1;33mNOTICE[0;m[1;36m OC=BTS(01) INST=(00,ff,ff): Reported variant: osmo-bts-trx (abis_nm.c:534)[0;m
[1;36mWed Sep 30 12:21:50 2026 [1;31mDNM[0;m[1;36m [1;31mERROR[0;m[1;36m OC=RADIO-CARRIER(02) INST=(00,00,ff): Attribute SW Configuration is unreported (abis_nm.c:557)[0;m
[1;36mWed Sep 30 12:21:50 2026 [1;31mDNM[0;m[1;36m [1;31mERROR[0;m[1;36m OC=BASEBAND-TRANSCEIVER(04) INST=(00,00,ff): Attribute Manufacturer Dependent State is unreported (abis_nm.c:557)[0;m
[1;36mWed Sep 30 12:21:50 2026 [1;33mDNM[0;m[1;36m [1;33mNOTICE[0;m[1;36m OC=BASEBAND-TRANSCEIVER(04) INST=(00,00,ff): ARI reported sw[0/1]: TRX_PHY_VERSION is Unknown (abis_nm.c:652)[0;m
[1;35mWed Sep 30 12:21:50 2026 [1;33mDRSL[0;m[1;35m [1;33mNOTICE[0;m[1;35m (bts=1,trx=0) bootstrapping RSL on ARFCN 614 using MCC-MNC 001-01 LAC=1 CID=6012 BSIC=8 (osmo_bsc_main.c:320)[0;m
[1;36mWed Sep 30 12:21:58 2026 [1;31mDNM[0;m[1;36m [1;31mERROR[0;m[1;36m OC=GPRS-CELL(f1) INST=(00,00,ff): Attribute SW Configuration is unreported (abis_nm.c:557)[0;m
[1;36mWed Sep 30 12:21:58 2026 [1;33mDNM[0;m[1;36m [1;33mNOTICE[0;m[1;36m OC=BTS(01) INST=(00,ff,ff): Get Attributes Response: feature 'GPRS' is supported (abis_nm.c:599)[0;m
[1;36mWed Sep 30 12:21:58 2026 [1;33mDNM[0;m[1;36m [1;33mNOTICE[0;m[1;36m OC=BTS(01) INST=(00,ff,ff): Get Attributes Response: feature 'EGPRS' is supported (abis_nm.c:599)[0;m
[1;36mWed Sep 30 12:21:58 2026 [1;33mDNM[0;m[1;36m [1;33mNOTICE[0;m[1;36m OC=BTS(01) INST=(00,ff,ff): Get Attributes Response: feature 'HOPPING' is supported (abis_nm.c:599)[0;m
[1;36mWed Sep 30 12:21:58 2026 [1;33mDNM[0;m[1;36m [1;33mNOTICE[0;m[1;36m OC=BTS(01) INST=(00,ff,ff): Get Attributes Response: feature 'MULTI_TSC' is supported (abis_nm.c:599)[0;m
[1;36mWed Sep 30 12:21:58 2026 [1;33mDNM[0;m[1;36m [1;33mNOTICE[0;m[1;36m OC=BTS(01) INST=(00,ff,ff): Get Attributes Response: feature 'OML_ALERTS' is supported (abis_nm.c:599)[0;m
[1;36mWed Sep 30 12:21:58 2026 [1;33mDNM[0;m[1;36m [1;33mNOTICE[0;m[1;36m OC=BTS(01) INST=(00,ff,ff): Get Attributes Response: feature 'CBCH' is supported (abis_nm.c:599)[0;m
[1;36mWed Sep 30 12:21:58 2026 [1;33mDNM[0;m[1;36m [1;33mNOTICE[0;m[1;36m OC=BTS(01) INST=(00,ff,ff): Get Attributes Response: feature 'SPEECH_F_V1' is supported (abis_nm.c:599)[0;m
[1;36mWed Sep 30 12:21:58 2026 [1;33mDNM[0;m[1;36m [1;33mNOTICE[0;m[1;36m OC=BTS(01) INST=(00,ff,ff): Get Attributes Response: feature 'SPEECH_H_V1' is supported (abis_nm.c:599)[0;m
[1;36mWed Sep 30 12:21:58 2026 [1;33mDNM[0;m[1;36m [1;33mNOTICE[0;m[1;36m OC=BTS(01) INST=(00,ff,ff): Get Attributes Response: feature 'SPEECH_F_EFR' is supported (abis_nm.c:599)[0;m
[1;36mWed Sep 30 12:21:58 2026 [1;33mDNM[0;m[1;36m [1;33mNOTICE[0;m[1;36m OC=BTS(01) INST=(00,ff,ff): Get Attributes Response: feature 'SPEECH_F_AMR' is supported (abis_nm.c:599)[0;m
[1;36mWed Sep 30 12:21:58 2026 [1;33mDNM[0;m[1;36m [1;33mNOTICE[0;m[1;36m OC=BTS(01) INST=(00,ff,ff): Get Attributes Response: feature 'SPEECH_H_AMR' is supported (abis_nm.c:599)[0;m
[1;36mWed Sep 30 12:21:58 2026 [1;33mDNM[0;m[1;36m [1;33mNOTICE[0;m[1;36m OC=BTS(01) INST=(00,ff,ff): Get Attributes Response: feature 'ETWS_PN' is supported (abis_nm.c:599)[0;m
[1;36mWed Sep 30 12:21:58 2026 [1;33mDNM[0;m[1;36m [1;33mNOTICE[0;m[1;36m OC=BTS(01) INST=(00,ff,ff): Get Attributes Response: feature 'PAGING_COORDINATION' is supported (abis_nm.c:599)[0;m
[1;36mWed Sep 30 12:21:58 2026 [1;33mDNM[0;m[1;36m [1;33mNOTICE[0;m[1;36m OC=BTS(01) INST=(00,ff,ff): Get Attributes Response: feature 'IPV6_NSVC' is supported (abis_nm.c:599)[0;m
[1;36mWed Sep 30 12:21:58 2026 [1;33mDNM[0;m[1;36m [1;33mNOTICE[0;m[1;36m OC=BTS(01) INST=(00,ff,ff): Get Attributes Response: feature 'ACCH_REP' is supported (abis_nm.c:599)[0;m
[1;36mWed Sep 30 12:21:58 2026 [1;33mDNM[0;m[1;36m [1;33mNOTICE[0;m[1;36m OC=BTS(01) INST=(00,ff,ff): Get Attributes Response: feature 'CCN' is supported (abis_nm.c:599)[0;m
[1;36mWed Sep 30 12:21:58 2026 [1;33mDNM[0;m[1;36m [1;33mNOTICE[0;m[1;36m OC=BTS(01) INST=(00,ff,ff): Get Attributes Response: feature 'VAMOS' is supported (abis_nm.c:599)[0;m
[1;36mWed Sep 30 12:21:58 2026 [1;33mDNM[0;m[1;36m [1;33mNOTICE[0;m[1;36m OC=BTS(01) INST=(00,ff,ff): Get Attributes Response: feature 'ABIS_OSMO_PCU' is supported (abis_nm.c:599)[0;m
[1;36mWed Sep 30 12:21:58 2026 [1;33mDNM[0;m[1;36m [1;33mNOTICE[0;m[1;36m OC=BTS(01) INST=(00,ff,ff): Get Attributes Response: feature 'BCCH_PWR_RED' is supported (abis_nm.c:599)[0;m
[1;36mWed Sep 30 12:21:58 2026 [1;33mDNM[0;m[1;36m [1;33mNOTICE[0;m[1;36m OC=BTS(01) INST=(00,ff,ff): Get Attributes Response: feature 'DYN_TS_SDCCH8' is supported (abis_nm.c:599)[0;m
[1;36mWed Sep 30 12:21:58 2026 [1;33mDNM[0;m[1;36m [1;33mNOTICE[0;m[1;36m OC=BTS(01) INST=(00,ff,ff): Get Attributes Response: feature 'ACCH_TEMP_OVP' is supported (abis_nm.c:599)[0;m
[1;36mWed Sep 30 12:21:58 2026 [1;33mDNM[0;m[1;36m [1;33mNOTICE[0;m[1;36m OC=BTS(01) INST=(00,ff,ff): Get Attributes Response: feature 'VBS' is supported (abis_nm.c:599)[0;m
[1;36mWed Sep 30 12:21:58 2026 [1;33mDNM[0;m[1;36m [1;33mNOTICE[0;m[1;36m OC=BTS(01) INST=(00,ff,ff): Get Attributes Response: feature 'VGCS' is supported (abis_nm.c:599)[0;m
[1;36mWed Sep 30 12:21:58 2026 [1;33mDNM[0;m[1;36m [1;33mNOTICE[0;m[1;36m OC=BTS(01) INST=(00,ff,ff): Get Attributes Response: feature 'TWTS001' is supported (abis_nm.c:599)[0;m
[1;36mWed Sep 30 12:21:58 2026 [1;33mDNM[0;m[1;36m [1;33mNOTICE[0;m[1;36m OC=BTS(01) INST=(00,ff,ff): Get Attributes Response: feature 'TWTS002' is supported (abis_nm.c:599)[0;m
[1;36mWed Sep 30 12:21:58 2026 [1;33mDNM[0;m[1;36m [1;33mNOTICE[0;m[1;36m OC=BTS(01) INST=(00,ff,ff): ARI reported sw[0/2]: osmobts is 1.10.0-dirty (abis_nm.c:652)[0;m
[1;36mWed Sep 30 12:21:58 2026 [1;33mDNM[0;m[1;36m [1;33mNOTICE[0;m[1;36m OC=BTS(01) INST=(00,ff,ff): Reported variant: osmo-bts-trx (abis_nm.c:534)[0;m
[1;36mWed Sep 30 12:21:58 2026 [1;31mDNM[0;m[1;36m [1;31mERROR[0;m[1;36m OC=RADIO-CARRIER(02) INST=(00,00,ff): Attribute SW Configuration is unreported (abis_nm.c:557)[0;m
[1;36mWed Sep 30 12:21:58 2026 [1;31mDNM[0;m[1;36m [1;31mERROR[0;m[1;36m OC=BASEBAND-TRANSCEIVER(04) INST=(00,00,ff): Attribute Manufacturer Dependent State is unreported (abis_nm.c:557)[0;m
[1;36mWed Sep 30 12:21:58 2026 [1;33mDNM[0;m[1;36m [1;33mNOTICE[0;m[1;36m OC=BASEBAND-TRANSCEIVER(04) INST=(00,00,ff): ARI reported sw[0/1]: TRX_PHY_VERSION is Unknown (abis_nm.c:652)[0;m
[1;35mWed Sep 30 12:21:58 2026 [1;33mDRSL[0;m[1;35m [1;33mNOTICE[0;m[1;35m (bts=0,trx=0) bootstrapping RSL on ARFCN 514 using MCC-MNC 001-01 LAC=1 CID=6001 BSIC=7 (osmo_bsc_main.c:320)[0;m
[1;36mWed Sep 30 12:22:01 2026 [1;33mDNM[0;m[1;36m [1;33mNOTICE[0;m[1;36m OC=BTS(01) INST=(00,ff,ff): Reported connected PCU version 1.5.2 (abis_nm.c:352)[0;m
[1;32mWed Sep 30 12:25:47 2026 [1;33mDCHAN[0;m[1;32m [1;33mNOTICE[0;m[1;32m lchan(0-0-2-TCH_F-0)[0x6198807cf040]{WAIT_RF_RELEASE_ACK}: (type=TCH_F) Rx IPACC DLCX IND (cause=Normal event, unspecified [ 0f ]) (abis_rsl.c:3241)[0;m
[1;32mWed Sep 30 12:26:58 2026 [1;33mDCHAN[0;m[1;32m [1;33mNOTICE[0;m[1;32m lchan(0-0-2-TCH_F-0)[0x6198807cf040]{WAIT_RF_RELEASE_ACK}: (type=TCH_F) Rx IPACC DLCX IND (cause=Normal event, unspecified [ 0f ]) (abis_rsl.c:3241)[0;m
Wed Sep 30 12:27:22 2026 [1;31mDMSC[0;m [1;31mERROR[0;m SUBSCR_CONN(msc0-conn9_subscr-IMSI-001010001000001-TMSI-0x3ec510f9)[0x6198807cee60]{WAIT_CLEAR_CMD}: Event MT_DTAP not permitted (osmo_bsc_bssap.c:1648)
[1;36mWed Sep 30 12:29:06 2026 [1;31mDNM[0;m[1;36m [1;31mERROR[0;m[1;36m OC=BTS(01) INST=(00,ff,ff): Failure Event Report: [0;m[1;36mType=processing failure, [0;m[1;36mSeverity=critical failure, [0;m[1;36mProbable cause=Manufacturer specific values: [0;m[1;36mProcess stopped, [0;m[1;36mAdditional Text=BTS: SIGINT received -> shutdown. [0;m[1;36m (abis_nm.c:341)[0;m
[38;5;23mWed Sep 30 12:29:06 2026 [1;33mDLINP[0;m[38;5;23m [1;33mNOTICE[0;m[38;5;23m SRVCONN(ts-0-1-oml,r=127.0.0.1:33399<->l=127.0.0.1:3002) connection closed with client (stream_srv.c:770)[0;m
[38;5;23mWed Sep 30 12:29:06 2026 [1;33mDLINP[0;m[38;5;23m [1;33mNOTICE[0;m[38;5;23m E1TS(0:1) failed reading from socket: 0 (ipaccess.c:554)[0;m
[38;5;23mWed Sep 30 12:29:06 2026 [1;33mDLINP[0;m[38;5;23m [1;33mNOTICE[0;m[38;5;23m E1L(0) Signalling link down (bts_ipaccess_nanobts.c:778)[0;m
[38;5;23mWed Sep 30 12:29:06 2026 [1;33mDLINP[0;m[38;5;23m [1;33mNOTICE[0;m[38;5;23m (bts=0) Dropping OML link: link down (bts_ipaccess_nanobts.c:543)[0;m
[38;5;23mWed Sep 30 12:29:06 2026 [1;33mDLINP[0;m[38;5;23m [1;33mNOTICE[0;m[38;5;23m (bts=0,trx=0) Dropping RSL link: OML link drop (bts_ipaccess_nanobts.c:514)[0;m
[38;5;23mWed Sep 30 12:29:06 2026 [1;33mDLINP[0;m[38;5;23m [1;33mNOTICE[0;m[38;5;23m E1L(0) Signalling link down (bts_ipaccess_nanobts.c:778)[0;m
[38;5;23mWed Sep 30 12:29:06 2026 [1;33mDLINP[0;m[38;5;23m [1;33mNOTICE[0;m[38;5;23m E1L(0) Signalling link down for unknown BTS (bts_ipaccess_nanobts.c:791)[0;m
[1;36mWed Sep 30 12:29:06 2026 [1;31mDNM[0;m[1;36m [1;31mERROR[0;m[1;36m OC=BTS(01) INST=(00,ff,ff): Failure Event Report: [0;m[1;36mType=processing failure, [0;m[1;36mSeverity=critical failure, [0;m[1;36mProbable cause=Manufacturer specific values: [0;m[1;36mProcess stopped, [0;m[1;36mAdditional Text=BTS: SIGINT received -> shutdown. [0;m[1;36m (abis_nm.c:341)[0;m
[38;5;23mWed Sep 30 12:29:08 2026 [1;33mDLINP[0;m[38;5;23m [1;33mNOTICE[0;m[38;5;23m SRVCONN(ts-0-1-oml,r=127.0.0.1:38623<->l=127.0.0.1:3002) connection closed with client (stream_srv.c:770)[0;m
[38;5;23mWed Sep 30 12:29:08 2026 [1;33mDLINP[0;m[38;5;23m [1;33mNOTICE[0;m[38;5;23m E1TS(0:1) failed reading from socket: 0 (ipaccess.c:554)[0;m
[38;5;23mWed Sep 30 12:29:08 2026 [1;33mDLINP[0;m[38;5;23m [1;33mNOTICE[0;m[38;5;23m E1L(0) Signalling link down (bts_ipaccess_nanobts.c:778)[0;m
[38;5;23mWed Sep 30 12:29:08 2026 [1;33mDLINP[0;m[38;5;23m [1;33mNOTICE[0;m[38;5;23m (bts=1) Dropping OML link: link down (bts_ipaccess_nanobts.c:543)[0;m
[38;5;23mWed Sep 30 12:29:08 2026 [1;33mDLINP[0;m[38;5;23m [1;33mNOTICE[0;m[38;5;23m (bts=1,trx=0) Dropping RSL link: OML link drop (bts_ipaccess_nanobts.c:514)[0;m
[38;5;23mWed Sep 30 12:29:08 2026 [1;33mDLINP[0;m[38;5;23m [1;33mNOTICE[0;m[38;5;23m E1L(0) Signalling link down (bts_ipaccess_nanobts.c:778)[0;m
[38;5;23mWed Sep 30 12:29:08 2026 [1;33mDLINP[0;m[38;5;23m [1;33mNOTICE[0;m[38;5;23m E1L(0) Signalling link down for unknown BTS (bts_ipaccess_nanobts.c:791)[0;m
[1;36mWed Sep 30 12:29:10 2026 [1;33mDNM[0;m[1;36m [1;33mNOTICE[0;m[1;36m shutting down OML for BTS 0 (bsc_init.c:57)[0;m
[1;36mWed Sep 30 12:29:10 2026 [1;33mDNM[0;m[1;36m [1;33mNOTICE[0;m[1;36m shutting down OML for BTS 1 (bsc_init.c:57)[0;m
[38;5;43mWed Sep 30 12:29:28 2026 [1;33mDLSS7[0;m[38;5;43m [1;33mNOTICE[0;m[38;5;43m 0: ASP(asp-to-stp) Applying Adm State change: ENABLED -> ENABLED (ss7_asp_vty.c:673)[0;m
Wed Sep 30 12:29:28 2026 [1;33mDLGLOBAL[0;m [1;33mNOTICE[0;m Available via telnet 127.0.0.1 4242 (telnet_interface.c:88)
[38;5;23mWed Sep 30 12:29:28 2026 [1;33mDLINP[0;m[38;5;23m [1;33mNOTICE[0;m[38;5;23m E1L(0) enabling ipaccess BSC mode on 0.0.0.0 with OML 3002 and RSL 3003 TCP ports (ipaccess.c:1028)[0;m
[38;5;33mWed Sep 30 12:29:28 2026 [1;33mDLCTRL[0;m[38;5;33m [1;33mNOTICE[0;m[38;5;33m CTRL at 127.0.0.1 4249 (control_if.c:1026)[0;m
[38;5;51mWed Sep 30 12:29:28 2026 [1;33mDLMGCP[0;m[38;5;51m [1;33mNOTICE[0;m[38;5;51m MGW(mgw) MGCP client: using endpoint domain '@mgw' (mgcp_client.c:945)[0;m
[1;36mWed Sep 30 12:29:28 2026 [1;33mDNM[0;m[1;36m [1;33mNOTICE[0;m[1;36m MGW pool with 1 pool members configured, (ignoring MGW configuration in VTY node 'msc'). (osmo_bsc_main.c:869)[0;m
Wed Sep 30 12:29:28 2026 [1;33mDMSC[0;m [1;33mNOTICE[0;m Initializing SCCP connection for A/m3ua on cs7 instance 0 (osmo_bsc_sigtran.c:817)
[38;5;45mWed Sep 30 12:29:28 2026 [1;33mDLSCCP[0;m[38;5;45m [1;33mNOTICE[0;m[38;5;45m A-0-m3ua: Using SS7 instance 0, pc:1.1.3 (sccp_instance.c:655)[0;m
[38;5;45mWed Sep 30 12:29:28 2026 [1;33mDLSCCP[0;m[38;5;45m [1;33mNOTICE[0;m[38;5;45m A-0-m3ua: Using AS instance as-bsc (sccp_instance.c:673)[0;m
[38;5;45mWed Sep 30 12:29:28 2026 [1;33mDLSCCP[0;m[38;5;45m [1;33mNOTICE[0;m[38;5;45m A-0-m3ua: Creating default route (sccp_instance.c:679)[0;m
[38;5;45mWed Sep 30 12:29:28 2026 [1;33mDLSCCP[0;m[38;5;45m [1;33mNOTICE[0;m[38;5;45m A-0-m3ua: Using ASP instance asp-to-stp (sccp_instance.c:784)[0;m
[38;5;43mWed Sep 30 12:29:28 2026 [1;33mDLSS7[0;m[38;5;43m [1;33mNOTICE[0;m[38;5;43m 0: Creating SCCP instance (ss7_instance.c:214)[0;m
Wed Sep 30 12:29:28 2026 [1;33mDMSC[0;m [1;33mNOTICE[0;m (msc=0) A-0-m3ua: local (BSC) SCCP address: RI=SSN_PC,PC=1.1.3,SSN=BSSAP (osmo_bsc_sigtran.c:870)
Wed Sep 30 12:29:28 2026 [1;33mDMSC[0;m [1;33mNOTICE[0;m (msc=0) A-0-m3ua: remote (MSC) SCCP address: RI=SSN_PC,PC=1.1.1,SSN=BSSAP (osmo_bsc_sigtran.c:872)
Wed Sep 30 12:29:28 2026 [1;33mDMSC[0;m [1;33mNOTICE[0;m (msc=0) A-0-m3ua: binding SCCP user (osmo_bsc_sigtran.c:877)
[38;5;45mWed Sep 30 12:29:28 2026 [1;31mDLSCCP[0;m[38;5;45m [1;31mERROR[0;m[38;5;45m 0: SCCP(rctx=0) MTP-TRANSFER.req from SCCP for OPC=2059=1.1.3,DPC=2057=1.1.1,SLS=1: no route! (sccp_scrc.c:177)[0;m
[38;5;45mWed Sep 30 12:29:28 2026 [1;33mDLSCCP[0;m[38;5;45m [1;33mNOTICE[0;m[38;5;45m 0: SCCP(rctx=0) SCRC Routing Failure (MTP failure) for CL message CL:CLDT (sccp_sclc.c:359)[0;m
Wed Sep 30 12:29:28 2026 [1;33mDMSC[0;m [1;33mNOTICE[0;m (msc=0) (calling_addr=RI=2,PC=2057,SSN=254) N-NOTICE.ind cause=5='MTP failure' importance=0 (osmo_bsc_sigtran.c:168)
[38;5;49mWed Sep 30 12:29:30 2026 [1;33mDLM3UA[0;m[38;5;49m [1;33mNOTICE[0;m[38;5;49m 0: ASP(asp-to-stp) Received NOTIFY Type State Change:AS Inactive () (m3ua.c:707)[0;m
[38;5;43mWed Sep 30 12:29:30 2026 [1;33mDLSS7[0;m[38;5;43m [1;33mNOTICE[0;m[38;5;43m 0: RT(dpc=2057=1.1.1,mask=0x3fff=7.255.7,prio=5,via=as-bsc,st=available) changed to status 'available' (ss7_route.c:409)[0;m
Wed Sep 30 12:29:30 2026 [1;33mDMSC[0;m [1;33mNOTICE[0;m (msc=0) now available: N-PCSTATE ind: pc=2057=1.1.1 sp_status=ACCESSIBLE remote_sccp_status=AVAILABLE (osmo_bsc_sigtran.c:319)
[38;5;43mWed Sep 30 12:29:30 2026 [1;33mDLSS7[0;m[38;5;43m [1;33mNOTICE[0;m[38;5;43m xua_default_lm(asp-to-stp)[0x65063ff580a0]{ACTIVE}: Ignoring primitive M-ASP_ACTIVE.confirm (xua_default_lm_fsm.c:406)[0;m
[38;5;49mWed Sep 30 12:29:30 2026 [1;33mDLM3UA[0;m[38;5;49m [1;33mNOTICE[0;m[38;5;49m 0: ASP(asp-to-stp) Received NOTIFY Type State Change:AS Active () (m3ua.c:707)[0;m
[38;5;49mWed Sep 30 12:29:30 2026 [1;33mDLM3UA[0;m[38;5;49m [1;33mNOTICE[0;m[38;5;49m 0: ASP(asp-to-stp) Rx DUNA(RFC4666 4.5.1) for 1.1.2/0 (xua_snm.c:501)[0;m
[38;5;43mWed Sep 30 12:29:30 2026 [1;33mDLSS7[0;m[38;5;43m [1;33mNOTICE[0;m[38;5;43m 0: RT(dpc=2058=1.1.2,mask=0x3fff=7.255.7,prio=5,via=as-bsc,st=available) changed to status 'unavailable' (ss7_route.c:409)[0;m
Wed Sep 30 12:29:30 2026 [1;33mDMSC[0;m [1;33mNOTICE[0;m (msc=0) RESET ACK from MSC: RI=SSN_PC,PC=1.1.1,SSN=BSSAP (osmo_bsc_bssap.c:84)
Wed Sep 30 12:29:30 2026 [1;33mDRESET[0;m [1;33mNOTICE[0;m bssmap_reset(msc-0)[0x65063ffd53b0]{CONNECTED}: link up (bssmap_reset.c:83)
Wed Sep 30 12:29:30 2026 [1;33mDMSC[0;m [1;33mNOTICE[0;m (msc=0) BSSMAP association is up (a_reset.c:45)
[1;36mWed Sep 30 12:29:38 2026 [1;33mDNM[0;m[1;36m [1;33mNOTICE[0;m[1;36m OC=BTS(01) INST=(00,ff,ff): Get Attributes Response: feature 'GPRS' is supported (abis_nm.c:599)[0;m
[1;36mWed Sep 30 12:29:38 2026 [1;33mDNM[0;m[1;36m [1;33mNOTICE[0;m[1;36m OC=BTS(01) INST=(00,ff,ff): Get Attributes Response: feature 'EGPRS' is supported (abis_nm.c:599)[0;m
[1;36mWed Sep 30 12:29:38 2026 [1;33mDNM[0;m[1;36m [1;33mNOTICE[0;m[1;36m OC=BTS(01) INST=(00,ff,ff): Get Attributes Response: feature 'HOPPING' is supported (abis_nm.c:599)[0;m
[1;36mWed Sep 30 12:29:38 2026 [1;33mDNM[0;m[1;36m [1;33mNOTICE[0;m[1;36m OC=BTS(01) INST=(00,ff,ff): Get Attributes Response: feature 'MULTI_TSC' is supported (abis_nm.c:599)[0;m
[1;36mWed Sep 30 12:29:38 2026 [1;33mDNM[0;m[1;36m [1;33mNOTICE[0;m[1;36m OC=BTS(01) INST=(00,ff,ff): Get Attributes Response: feature 'OML_ALERTS' is supported (abis_nm.c:599)[0;m
[1;36mWed Sep 30 12:29:38 2026 [1;33mDNM[0;m[1;36m [1;33mNOTICE[0;m[1;36m OC=BTS(01) INST=(00,ff,ff): Get Attributes Response: feature 'CBCH' is supported (abis_nm.c:599)[0;m
[1;36mWed Sep 30 12:29:38 2026 [1;33mDNM[0;m[1;36m [1;33mNOTICE[0;m[1;36m OC=BTS(01) INST=(00,ff,ff): Get Attributes Response: feature 'SPEECH_F_V1' is supported (abis_nm.c:599)[0;m
[1;36mWed Sep 30 12:29:38 2026 [1;33mDNM[0;m[1;36m [1;33mNOTICE[0;m[1;36m OC=BTS(01) INST=(00,ff,ff): Get Attributes Response: feature 'SPEECH_H_V1' is supported (abis_nm.c:599)[0;m
[1;36mWed Sep 30 12:29:38 2026 [1;33mDNM[0;m[1;36m [1;33mNOTICE[0;m[1;36m OC=BTS(01) INST=(00,ff,ff): Get Attributes Response: feature 'SPEECH_F_EFR' is supported (abis_nm.c:599)[0;m
[1;36mWed Sep 30 12:29:38 2026 [1;33mDNM[0;m[1;36m [1;33mNOTICE[0;m[1;36m OC=BTS(01) INST=(00,ff,ff): Get Attributes Response: feature 'SPEECH_F_AMR' is supported (abis_nm.c:599)[0;m
[1;36mWed Sep 30 12:29:38 2026 [1;33mDNM[0;m[1;36m [1;33mNOTICE[0;m[1;36m OC=BTS(01) INST=(00,ff,ff): Get Attributes Response: feature 'SPEECH_H_AMR' is supported (abis_nm.c:599)[0;m
[1;36mWed Sep 30 12:29:38 2026 [1;33mDNM[0;m[1;36m [1;33mNOTICE[0;m[1;36m OC=BTS(01) INST=(00,ff,ff): Get Attributes Response: feature 'ETWS_PN' is supported (abis_nm.c:599)[0;m
[1;36mWed Sep 30 12:29:38 2026 [1;33mDNM[0;m[1;36m [1;33mNOTICE[0;m[1;36m OC=BTS(01) INST=(00,ff,ff): Get Attributes Response: feature 'PAGING_COORDINATION' is supported (abis_nm.c:599)[0;m
[1;36mWed Sep 30 12:29:38 2026 [1;33mDNM[0;m[1;36m [1;33mNOTICE[0;m[1;36m OC=BTS(01) INST=(00,ff,ff): Get Attributes Response: feature 'IPV6_NSVC' is supported (abis_nm.c:599)[0;m
[1;36mWed Sep 30 12:29:38 2026 [1;33mDNM[0;m[1;36m [1;33mNOTICE[0;m[1;36m OC=BTS(01) INST=(00,ff,ff): Get Attributes Response: feature 'ACCH_REP' is supported (abis_nm.c:599)[0;m
[1;36mWed Sep 30 12:29:38 2026 [1;33mDNM[0;m[1;36m [1;33mNOTICE[0;m[1;36m OC=BTS(01) INST=(00,ff,ff): Get Attributes Response: feature 'CCN' is supported (abis_nm.c:599)[0;m
[1;36mWed Sep 30 12:29:38 2026 [1;33mDNM[0;m[1;36m [1;33mNOTICE[0;m[1;36m OC=BTS(01) INST=(00,ff,ff): Get Attributes Response: feature 'VAMOS' is supported (abis_nm.c:599)[0;m
[1;36mWed Sep 30 12:29:38 2026 [1;33mDNM[0;m[1;36m [1;33mNOTICE[0;m[1;36m OC=BTS(01) INST=(00,ff,ff): Get Attributes Response: feature 'ABIS_OSMO_PCU' is supported (abis_nm.c:599)[0;m
[1;36mWed Sep 30 12:29:38 2026 [1;33mDNM[0;m[1;36m [1;33mNOTICE[0;m[1;36m OC=BTS(01) INST=(00,ff,ff): Get Attributes Response: feature 'BCCH_PWR_RED' is supported (abis_nm.c:599)[0;m
[1;36mWed Sep 30 12:29:38 2026 [1;33mDNM[0;m[1;36m [1;33mNOTICE[0;m[1;36m OC=BTS(01) INST=(00,ff,ff): Get Attributes Response: feature 'DYN_TS_SDCCH8' is supported (abis_nm.c:599)[0;m
[1;36mWed Sep 30 12:29:38 2026 [1;33mDNM[0;m[1;36m [1;33mNOTICE[0;m[1;36m OC=BTS(01) INST=(00,ff,ff): Get Attributes Response: feature 'ACCH_TEMP_OVP' is supported (abis_nm.c:599)[0;m
[1;36mWed Sep 30 12:29:38 2026 [1;33mDNM[0;m[1;36m [1;33mNOTICE[0;m[1;36m OC=BTS(01) INST=(00,ff,ff): Get Attributes Response: feature 'VBS' is supported (abis_nm.c:599)[0;m
[1;36mWed Sep 30 12:29:38 2026 [1;33mDNM[0;m[1;36m [1;33mNOTICE[0;m[1;36m OC=BTS(01) INST=(00,ff,ff): Get Attributes Response: feature 'VGCS' is supported (abis_nm.c:599)[0;m
[1;36mWed Sep 30 12:29:38 2026 [1;33mDNM[0;m[1;36m [1;33mNOTICE[0;m[1;36m OC=BTS(01) INST=(00,ff,ff): Get Attributes Response: feature 'TWTS001' is supported (abis_nm.c:599)[0;m
[1;36mWed Sep 30 12:29:38 2026 [1;33mDNM[0;m[1;36m [1;33mNOTICE[0;m[1;36m OC=BTS(01) INST=(00,ff,ff): Get Attributes Response: feature 'TWTS002' is supported (abis_nm.c:599)[0;m
[1;36mWed Sep 30 12:29:38 2026 [1;33mDNM[0;m[1;36m [1;33mNOTICE[0;m[1;36m OC=BTS(01) INST=(00,ff,ff): ARI reported sw[0/2]: osmobts is 1.10.0-dirty (abis_nm.c:652)[0;m
[1;36mWed Sep 30 12:29:38 2026 [1;33mDNM[0;m[1;36m [1;33mNOTICE[0;m[1;36m OC=BTS(01) INST=(00,ff,ff): Reported variant: osmo-bts-trx (abis_nm.c:534)[0;m
[1;36mWed Sep 30 12:29:38 2026 [1;31mDNM[0;m[1;36m [1;31mERROR[0;m[1;36m OC=RADIO-CARRIER(02) INST=(00,00,ff): Attribute SW Configuration is unreported (abis_nm.c:557)[0;m
[1;36mWed Sep 30 12:29:38 2026 [1;31mDNM[0;m[1;36m [1;31mERROR[0;m[1;36m OC=BASEBAND-TRANSCEIVER(04) INST=(00,00,ff): Attribute Manufacturer Dependent State is unreported (abis_nm.c:557)[0;m
[1;36mWed Sep 30 12:29:38 2026 [1;33mDNM[0;m[1;36m [1;33mNOTICE[0;m[1;36m OC=BASEBAND-TRANSCEIVER(04) INST=(00,00,ff): ARI reported sw[0/1]: TRX_PHY_VERSION is Unknown (abis_nm.c:652)[0;m
[1;35mWed Sep 30 12:29:38 2026 [1;33mDRSL[0;m[1;35m [1;33mNOTICE[0;m[1;35m (bts=1,trx=0) bootstrapping RSL on ARFCN 614 using MCC-MNC 001-01 LAC=1 CID=6012 BSIC=8 (osmo_bsc_main.c:320)[0;m
[1;36mWed Sep 30 12:29:46 2026 [1;31mDNM[0;m[1;36m [1;31mERROR[0;m[1;36m OC=GPRS-CELL(f1) INST=(00,00,ff): Attribute SW Configuration is unreported (abis_nm.c:557)[0;m
[1;36mWed Sep 30 12:29:46 2026 [1;33mDNM[0;m[1;36m [1;33mNOTICE[0;m[1;36m OC=BTS(01) INST=(00,ff,ff): Get Attributes Response: feature 'GPRS' is supported (abis_nm.c:599)[0;m
[1;36mWed Sep 30 12:29:46 2026 [1;33mDNM[0;m[1;36m [1;33mNOTICE[0;m[1;36m OC=BTS(01) INST=(00,ff,ff): Get Attributes Response: feature 'EGPRS' is supported (abis_nm.c:599)[0;m
[1;36mWed Sep 30 12:29:46 2026 [1;33mDNM[0;m[1;36m [1;33mNOTICE[0;m[1;36m OC=BTS(01) INST=(00,ff,ff): Get Attributes Response: feature 'HOPPING' is supported (abis_nm.c:599)[0;m
[1;36mWed Sep 30 12:29:46 2026 [1;33mDNM[0;m[1;36m [1;33mNOTICE[0;m[1;36m OC=BTS(01) INST=(00,ff,ff): Get Attributes Response: feature 'MULTI_TSC' is supported (abis_nm.c:599)[0;m
[1;36mWed Sep 30 12:29:46 2026 [1;33mDNM[0;m[1;36m [1;33mNOTICE[0;m[1;36m OC=BTS(01) INST=(00,ff,ff): Get Attributes Response: feature 'OML_ALERTS' is supported (abis_nm.c:599)[0;m
[1;36mWed Sep 30 12:29:46 2026 [1;33mDNM[0;m[1;36m [1;33mNOTICE[0;m[1;36m OC=BTS(01) INST=(00,ff,ff): Get Attributes Response: feature 'CBCH' is supported (abis_nm.c:599)[0;m
[1;36mWed Sep 30 12:29:46 2026 [1;33mDNM[0;m[1;36m [1;33mNOTICE[0;m[1;36m OC=BTS(01) INST=(00,ff,ff): Get Attributes Response: feature 'SPEECH_F_V1' is supported (abis_nm.c:599)[0;m
[1;36mWed Sep 30 12:29:46 2026 [1;33mDNM[0;m[1;36m [1;33mNOTICE[0;m[1;36m OC=BTS(01) INST=(00,ff,ff): Get Attributes Response: feature 'SPEECH_H_V1' is supported (abis_nm.c:599)[0;m
[1;36mWed Sep 30 12:29:46 2026 [1;33mDNM[0;m[1;36m [1;33mNOTICE[0;m[1;36m OC=BTS(01) INST=(00,ff,ff): Get Attributes Response: feature 'SPEECH_F_EFR' is supported (abis_nm.c:599)[0;m
[1;36mWed Sep 30 12:29:46 2026 [1;33mDNM[0;m[1;36m [1;33mNOTICE[0;m[1;36m OC=BTS(01) INST=(00,ff,ff): Get Attributes Response: feature 'SPEECH_F_AMR' is supported (abis_nm.c:599)[0;m
[1;36mWed Sep 30 12:29:46 2026 [1;33mDNM[0;m[1;36m [1;33mNOTICE[0;m[1;36m OC=BTS(01) INST=(00,ff,ff): Get Attributes Response: feature 'SPEECH_H_AMR' is supported (abis_nm.c:599)[0;m
[1;36mWed Sep 30 12:29:46 2026 [1;33mDNM[0;m[1;36m [1;33mNOTICE[0;m[1;36m OC=BTS(01) INST=(00,ff,ff): Get Attributes Response: feature 'ETWS_PN' is supported (abis_nm.c:599)[0;m
[1;36mWed Sep 30 12:29:46 2026 [1;33mDNM[0;m[1;36m [1;33mNOTICE[0;m[1;36m OC=BTS(01) INST=(00,ff,ff): Get Attributes Response: feature 'PAGING_COORDINATION' is supported (abis_nm.c:599)[0;m
[1;36mWed Sep 30 12:29:46 2026 [1;33mDNM[0;m[1;36m [1;33mNOTICE[0;m[1;36m OC=BTS(01) INST=(00,ff,ff): Get Attributes Response: feature 'IPV6_NSVC' is supported (abis_nm.c:599)[0;m
[1;36mWed Sep 30 12:29:46 2026 [1;33mDNM[0;m[1;36m [1;33mNOTICE[0;m[1;36m OC=BTS(01) INST=(00,ff,ff): Get Attributes Response: feature 'ACCH_REP' is supported (abis_nm.c:599)[0;m
[1;36mWed Sep 30 12:29:46 2026 [1;33mDNM[0;m[1;36m [1;33mNOTICE[0;m[1;36m OC=BTS(01) INST=(00,ff,ff): Get Attributes Response: feature 'CCN' is supported (abis_nm.c:599)[0;m
[1;36mWed Sep 30 12:29:46 2026 [1;33mDNM[0;m[1;36m [1;33mNOTICE[0;m[1;36m OC=BTS(01) INST=(00,ff,ff): Get Attributes Response: feature 'VAMOS' is supported (abis_nm.c:599)[0;m
[1;36mWed Sep 30 12:29:46 2026 [1;33mDNM[0;m[1;36m [1;33mNOTICE[0;m[1;36m OC=BTS(01) INST=(00,ff,ff): Get Attributes Response: feature 'ABIS_OSMO_PCU' is supported (abis_nm.c:599)[0;m
[1;36mWed Sep 30 12:29:46 2026 [1;33mDNM[0;m[1;36m [1;33mNOTICE[0;m[1;36m OC=BTS(01) INST=(00,ff,ff): Get Attributes Response: feature 'BCCH_PWR_RED' is supported (abis_nm.c:599)[0;m
[1;36mWed Sep 30 12:29:46 2026 [1;33mDNM[0;m[1;36m [1;33mNOTICE[0;m[1;36m OC=BTS(01) INST=(00,ff,ff): Get Attributes Response: feature 'DYN_TS_SDCCH8' is supported (abis_nm.c:599)[0;m
[1;36mWed Sep 30 12:29:46 2026 [1;33mDNM[0;m[1;36m [1;33mNOTICE[0;m[1;36m OC=BTS(01) INST=(00,ff,ff): Get Attributes Response: feature 'ACCH_TEMP_OVP' is supported (abis_nm.c:599)[0;m
[1;36mWed Sep 30 12:29:46 2026 [1;33mDNM[0;m[1;36m [1;33mNOTICE[0;m[1;36m OC=BTS(01) INST=(00,ff,ff): Get Attributes Response: feature 'VBS' is supported (abis_nm.c:599)[0;m
[1;36mWed Sep 30 12:29:46 2026 [1;33mDNM[0;m[1;36m [1;33mNOTICE[0;m[1;36m OC=BTS(01) INST=(00,ff,ff): Get Attributes Response: feature 'VGCS' is supported (abis_nm.c:599)[0;m
[1;36mWed Sep 30 12:29:46 2026 [1;33mDNM[0;m[1;36m [1;33mNOTICE[0;m[1;36m OC=BTS(01) INST=(00,ff,ff): Get Attributes Response: feature 'TWTS001' is supported (abis_nm.c:599)[0;m
[1;36mWed Sep 30 12:29:46 2026 [1;33mDNM[0;m[1;36m [1;33mNOTICE[0;m[1;36m OC=BTS(01) INST=(00,ff,ff): Get Attributes Response: feature 'TWTS002' is supported (abis_nm.c:599)[0;m
[1;36mWed Sep 30 12:29:46 2026 [1;33mDNM[0;m[1;36m [1;33mNOTICE[0;m[1;36m OC=BTS(01) INST=(00,ff,ff): ARI reported sw[0/2]: osmobts is 1.10.0-dirty (abis_nm.c:652)[0;m
[1;36mWed Sep 30 12:29:46 2026 [1;33mDNM[0;m[1;36m [1;33mNOTICE[0;m[1;36m OC=BTS(01) INST=(00,ff,ff): Reported variant: osmo-bts-trx (abis_nm.c:534)[0;m
[1;36mWed Sep 30 12:29:46 2026 [1;31mDNM[0;m[1;36m [1;31mERROR[0;m[1;36m OC=RADIO-CARRIER(02) INST=(00,00,ff): Attribute SW Configuration is unreported (abis_nm.c:557)[0;m
[1;36mWed Sep 30 12:29:46 2026 [1;31mDNM[0;m[1;36m [1;31mERROR[0;m[1;36m OC=BASEBAND-TRANSCEIVER(04) INST=(00,00,ff): Attribute Manufacturer Dependent State is unreported (abis_nm.c:557)[0;m
[1;36mWed Sep 30 12:29:46 2026 [1;33mDNM[0;m[1;36m [1;33mNOTICE[0;m[1;36m OC=BASEBAND-TRANSCEIVER(04) INST=(00,00,ff): ARI reported sw[0/1]: TRX_PHY_VERSION is Unknown (abis_nm.c:652)[0;m
[1;35mWed Sep 30 12:29:46 2026 [1;33mDRSL[0;m[1;35m [1;33mNOTICE[0;m[1;35m (bts=0,trx=0) bootstrapping RSL on ARFCN 514 using MCC-MNC 001-01 LAC=1 CID=6001 BSIC=7 (osmo_bsc_main.c:320)[0;m
[1;36mWed Sep 30 12:29:48 2026 [1;33mDNM[0;m[1;36m [1;33mNOTICE[0;m[1;36m OC=BTS(01) INST=(00,ff,ff): Reported connected PCU version 1.5.2 (abis_nm.c:352)[0;m
[1;32mWed Sep 30 12:34:54 2026 [1;33mDCHAN[0;m[1;32m [1;33mNOTICE[0;m[1;32m lchan(0-0-2-TCH_F-0)[0x65063fffcc30]{WAIT_RF_RELEASE_ACK}: (type=TCH_F) Rx IPACC DLCX IND (cause=Normal event, unspecified [ 0f ]) (abis_rsl.c:3241)[0;m
[1;32mWed Sep 30 12:35:55 2026 [1;33mDCHAN[0;m[1;32m [1;33mNOTICE[0;m[1;32m lchan(0-0-2-TCH_F-0)[0x65063fffcc30]{WAIT_RF_RELEASE_ACK}: (type=TCH_F) Rx IPACC DLCX IND (cause=Normal event, unspecified [ 0f ]) (abis_rsl.c:3241)[0;m
Wed Sep 30 12:36:19 2026 [1;31mDMSC[0;m [1;31mERROR[0;m SUBSCR_CONN(msc0-conn10_subscr-IMSI-001010001000001-TMSI-0x824f82e4)[0x650640000b30]{WAIT_CLEAR_CMD}: Event MT_DTAP not permitted (osmo_bsc_bssap.c:1648)
[1;36mWed Sep 30 12:56:31 2026 [1;31mDNM[0;m[1;36m [1;31mERROR[0;m[1;36m OC=BTS(01) INST=(00,ff,ff): Failure Event Report: [0;m[1;36mType=processing failure, [0;m[1;36mSeverity=critical failure, [0;m[1;36mProbable cause=Manufacturer specific values: [0;m[1;36mProcess stopped, [0;m[1;36mAdditional Text=BTS: SIGINT received -> shutdown. [0;m[1;36m (abis_nm.c:341)[0;m
[38;5;23mWed Sep 30 12:56:31 2026 [1;33mDLINP[0;m[38;5;23m [1;33mNOTICE[0;m[38;5;23m SRVCONN(ts-0-1-oml,r=127.0.0.1:32775<->l=127.0.0.1:3002) connection closed with client (stream_srv.c:770)[0;m
[38;5;23mWed Sep 30 12:56:31 2026 [1;33mDLINP[0;m[38;5;23m [1;33mNOTICE[0;m[38;5;23m E1TS(0:1) failed reading from socket: 0 (ipaccess.c:554)[0;m
[38;5;23mWed Sep 30 12:56:31 2026 [1;33mDLINP[0;m[38;5;23m [1;33mNOTICE[0;m[38;5;23m E1L(0) Signalling link down (bts_ipaccess_nanobts.c:778)[0;m
[38;5;23mWed Sep 30 12:56:31 2026 [1;33mDLINP[0;m[38;5;23m [1;33mNOTICE[0;m[38;5;23m (bts=0) Dropping OML link: link down (bts_ipaccess_nanobts.c:543)[0;m
[38;5;23mWed Sep 30 12:56:31 2026 [1;33mDLINP[0;m[38;5;23m [1;33mNOTICE[0;m[38;5;23m (bts=0,trx=0) Dropping RSL link: OML link drop (bts_ipaccess_nanobts.c:514)[0;m
[38;5;23mWed Sep 30 12:56:31 2026 [1;33mDLINP[0;m[38;5;23m [1;33mNOTICE[0;m[38;5;23m E1L(0) Signalling link down (bts_ipaccess_nanobts.c:778)[0;m
[38;5;23mWed Sep 30 12:56:31 2026 [1;33mDLINP[0;m[38;5;23m [1;33mNOTICE[0;m[38;5;23m E1L(0) Signalling link down for unknown BTS (bts_ipaccess_nanobts.c:791)[0;m
[1;36mWed Sep 30 12:56:31 2026 [1;31mDNM[0;m[1;36m [1;31mERROR[0;m[1;36m OC=BTS(01) INST=(00,ff,ff): Failure Event Report: [0;m[1;36mType=processing failure, [0;m[1;36mSeverity=critical failure, [0;m[1;36mProbable cause=Manufacturer specific values: [0;m[1;36mProcess stopped, [0;m[1;36mAdditional Text=BTS: SIGINT received -> shutdown. [0;m[1;36m (abis_nm.c:341)[0;m
[38;5;23mWed Sep 30 12:56:33 2026 [1;33mDLINP[0;m[38;5;23m [1;33mNOTICE[0;m[38;5;23m SRVCONN(ts-0-1-oml,r=127.0.0.1:34551<->l=127.0.0.1:3002) connection closed with client (stream_srv.c:770)[0;m
[38;5;23mWed Sep 30 12:56:33 2026 [1;33mDLINP[0;m[38;5;23m [1;33mNOTICE[0;m[38;5;23m E1TS(0:1) failed reading from socket: 0 (ipaccess.c:554)[0;m
[38;5;23mWed Sep 30 12:56:33 2026 [1;33mDLINP[0;m[38;5;23m [1;33mNOTICE[0;m[38;5;23m E1L(0) Signalling link down (bts_ipaccess_nanobts.c:778)[0;m
[38;5;23mWed Sep 30 12:56:33 2026 [1;33mDLINP[0;m[38;5;23m [1;33mNOTICE[0;m[38;5;23m (bts=1) Dropping OML link: link down (bts_ipaccess_nanobts.c:543)[0;m
[38;5;23mWed Sep 30 12:56:33 2026 [1;33mDLINP[0;m[38;5;23m [1;33mNOTICE[0;m[38;5;23m (bts=1,trx=0) Dropping RSL link: OML link drop (bts_ipaccess_nanobts.c:514)[0;m
[38;5;23mWed Sep 30 12:56:33 2026 [1;33mDLINP[0;m[38;5;23m [1;33mNOTICE[0;m[38;5;23m E1L(0) Signalling link down (bts_ipaccess_nanobts.c:778)[0;m
[38;5;23mWed Sep 30 12:56:33 2026 [1;33mDLINP[0;m[38;5;23m [1;33mNOTICE[0;m[38;5;23m E1L(0) Signalling link down for unknown BTS (bts_ipaccess_nanobts.c:791)[0;m
[1;36mWed Sep 30 12:56:35 2026 [1;33mDNM[0;m[1;36m [1;33mNOTICE[0;m[1;36m shutting down OML for BTS 0 (bsc_init.c:57)[0;m
[1;36mWed Sep 30 12:56:35 2026 [1;33mDNM[0;m[1;36m [1;33mNOTICE[0;m[1;36m shutting down OML for BTS 1 (bsc_init.c:57)[0;m
[38;5;43mWed Sep 30 12:56:53 2026 [1;33mDLSS7[0;m[38;5;43m [1;33mNOTICE[0;m[38;5;43m 0: ASP(asp-to-stp) Applying Adm State change: ENABLED -> ENABLED (ss7_asp_vty.c:673)[0;m
Wed Sep 30 12:56:53 2026 [1;33mDLGLOBAL[0;m [1;33mNOTICE[0;m Available via telnet 127.0.0.1 4242 (telnet_interface.c:88)
[38;5;23mWed Sep 30 12:56:53 2026 [1;33mDLINP[0;m[38;5;23m [1;33mNOTICE[0;m[38;5;23m E1L(0) enabling ipaccess BSC mode on 0.0.0.0 with OML 3002 and RSL 3003 TCP ports (ipaccess.c:1028)[0;m
[38;5;33mWed Sep 30 12:56:53 2026 [1;33mDLCTRL[0;m[38;5;33m [1;33mNOTICE[0;m[38;5;33m CTRL at 127.0.0.1 4249 (control_if.c:1026)[0;m
[38;5;51mWed Sep 30 12:56:53 2026 [1;33mDLMGCP[0;m[38;5;51m [1;33mNOTICE[0;m[38;5;51m MGW(mgw) MGCP client: using endpoint domain '@mgw' (mgcp_client.c:945)[0;m
[1;36mWed Sep 30 12:56:53 2026 [1;33mDNM[0;m[1;36m [1;33mNOTICE[0;m[1;36m MGW pool with 1 pool members configured, (ignoring MGW configuration in VTY node 'msc'). (osmo_bsc_main.c:869)[0;m
Wed Sep 30 12:56:53 2026 [1;33mDMSC[0;m [1;33mNOTICE[0;m Initializing SCCP connection for A/m3ua on cs7 instance 0 (osmo_bsc_sigtran.c:817)
[38;5;45mWed Sep 30 12:56:53 2026 [1;33mDLSCCP[0;m[38;5;45m [1;33mNOTICE[0;m[38;5;45m A-0-m3ua: Using SS7 instance 0, pc:1.1.3 (sccp_instance.c:655)[0;m
[38;5;45mWed Sep 30 12:56:53 2026 [1;33mDLSCCP[0;m[38;5;45m [1;33mNOTICE[0;m[38;5;45m A-0-m3ua: Using AS instance as-bsc (sccp_instance.c:673)[0;m
[38;5;45mWed Sep 30 12:56:53 2026 [1;33mDLSCCP[0;m[38;5;45m [1;33mNOTICE[0;m[38;5;45m A-0-m3ua: Creating default route (sccp_instance.c:679)[0;m
[38;5;45mWed Sep 30 12:56:53 2026 [1;33mDLSCCP[0;m[38;5;45m [1;33mNOTICE[0;m[38;5;45m A-0-m3ua: Using ASP instance asp-to-stp (sccp_instance.c:784)[0;m
[38;5;43mWed Sep 30 12:56:53 2026 [1;33mDLSS7[0;m[38;5;43m [1;33mNOTICE[0;m[38;5;43m 0: Creating SCCP instance (ss7_instance.c:214)[0;m
Wed Sep 30 12:56:53 2026 [1;33mDMSC[0;m [1;33mNOTICE[0;m (msc=0) A-0-m3ua: local (BSC) SCCP address: RI=SSN_PC,PC=1.1.3,SSN=BSSAP (osmo_bsc_sigtran.c:870)
Wed Sep 30 12:56:53 2026 [1;33mDMSC[0;m [1;33mNOTICE[0;m (msc=0) A-0-m3ua: remote (MSC) SCCP address: RI=SSN_PC,PC=1.1.1,SSN=BSSAP (osmo_bsc_sigtran.c:872)
Wed Sep 30 12:56:53 2026 [1;33mDMSC[0;m [1;33mNOTICE[0;m (msc=0) A-0-m3ua: binding SCCP user (osmo_bsc_sigtran.c:877)
[38;5;45mWed Sep 30 12:56:53 2026 [1;31mDLSCCP[0;m[38;5;45m [1;31mERROR[0;m[38;5;45m 0: SCCP(rctx=0) MTP-TRANSFER.req from SCCP for OPC=2059=1.1.3,DPC=2057=1.1.1,SLS=3: no route! (sccp_scrc.c:177)[0;m
[38;5;45mWed Sep 30 12:56:53 2026 [1;33mDLSCCP[0;m[38;5;45m [1;33mNOTICE[0;m[38;5;45m 0: SCCP(rctx=0) SCRC Routing Failure (MTP failure) for CL message CL:CLDT (sccp_sclc.c:359)[0;m
Wed Sep 30 12:56:53 2026 [1;33mDMSC[0;m [1;33mNOTICE[0;m (msc=0) (calling_addr=RI=2,PC=2057,SSN=254) N-NOTICE.ind cause=5='MTP failure' importance=0 (osmo_bsc_sigtran.c:168)
[38;5;49mWed Sep 30 12:56:55 2026 [1;33mDLM3UA[0;m[38;5;49m [1;33mNOTICE[0;m[38;5;49m 0: ASP(asp-to-stp) Received NOTIFY Type State Change:AS Inactive () (m3ua.c:707)[0;m
[38;5;43mWed Sep 30 12:56:55 2026 [1;33mDLSS7[0;m[38;5;43m [1;33mNOTICE[0;m[38;5;43m 0: RT(dpc=2057=1.1.1,mask=0x3fff=7.255.7,prio=5,via=as-bsc,st=available) changed to status 'available' (ss7_route.c:409)[0;m
Wed Sep 30 12:56:55 2026 [1;33mDMSC[0;m [1;33mNOTICE[0;m (msc=0) now available: N-PCSTATE ind: pc=2057=1.1.1 sp_status=ACCESSIBLE remote_sccp_status=AVAILABLE (osmo_bsc_sigtran.c:319)
[38;5;43mWed Sep 30 12:56:55 2026 [1;33mDLSS7[0;m[38;5;43m [1;33mNOTICE[0;m[38;5;43m xua_default_lm(asp-to-stp)[0x5892782ad0a0]{ACTIVE}: Ignoring primitive M-ASP_ACTIVE.confirm (xua_default_lm_fsm.c:406)[0;m
[38;5;49mWed Sep 30 12:56:55 2026 [1;33mDLM3UA[0;m[38;5;49m [1;33mNOTICE[0;m[38;5;49m 0: ASP(asp-to-stp) Received NOTIFY Type State Change:AS Active () (m3ua.c:707)[0;m
[38;5;49mWed Sep 30 12:56:55 2026 [1;33mDLM3UA[0;m[38;5;49m [1;33mNOTICE[0;m[38;5;49m 0: ASP(asp-to-stp) Rx DUNA(RFC4666 4.5.1) for 1.1.2/0 (xua_snm.c:501)[0;m
[38;5;43mWed Sep 30 12:56:55 2026 [1;33mDLSS7[0;m[38;5;43m [1;33mNOTICE[0;m[38;5;43m 0: RT(dpc=2058=1.1.2,mask=0x3fff=7.255.7,prio=5,via=as-bsc,st=available) changed to status 'unavailable' (ss7_route.c:409)[0;m
Wed Sep 30 12:56:55 2026 [1;33mDMSC[0;m [1;33mNOTICE[0;m (msc=0) RESET ACK from MSC: RI=SSN_PC,PC=1.1.1,SSN=BSSAP (osmo_bsc_bssap.c:84)
Wed Sep 30 12:56:55 2026 [1;33mDRESET[0;m [1;33mNOTICE[0;m bssmap_reset(msc-0)[0x58927832a3b0]{CONNECTED}: link up (bssmap_reset.c:83)
Wed Sep 30 12:56:55 2026 [1;33mDMSC[0;m [1;33mNOTICE[0;m (msc=0) BSSMAP association is up (a_reset.c:45)
[1;36mWed Sep 30 12:57:04 2026 [1;33mDNM[0;m[1;36m [1;33mNOTICE[0;m[1;36m OC=BTS(01) INST=(00,ff,ff): Get Attributes Response: feature 'GPRS' is supported (abis_nm.c:599)[0;m
[1;36mWed Sep 30 12:57:04 2026 [1;33mDNM[0;m[1;36m [1;33mNOTICE[0;m[1;36m OC=BTS(01) INST=(00,ff,ff): Get Attributes Response: feature 'EGPRS' is supported (abis_nm.c:599)[0;m
[1;36mWed Sep 30 12:57:04 2026 [1;33mDNM[0;m[1;36m [1;33mNOTICE[0;m[1;36m OC=BTS(01) INST=(00,ff,ff): Get Attributes Response: feature 'HOPPING' is supported (abis_nm.c:599)[0;m
[1;36mWed Sep 30 12:57:04 2026 [1;33mDNM[0;m[1;36m [1;33mNOTICE[0;m[1;36m OC=BTS(01) INST=(00,ff,ff): Get Attributes Response: feature 'MULTI_TSC' is supported (abis_nm.c:599)[0;m
[1;36mWed Sep 30 12:57:04 2026 [1;33mDNM[0;m[1;36m [1;33mNOTICE[0;m[1;36m OC=BTS(01) INST=(00,ff,ff): Get Attributes Response: feature 'OML_ALERTS' is supported (abis_nm.c:599)[0;m
[1;36mWed Sep 30 12:57:04 2026 [1;33mDNM[0;m[1;36m [1;33mNOTICE[0;m[1;36m OC=BTS(01) INST=(00,ff,ff): Get Attributes Response: feature 'CBCH' is supported (abis_nm.c:599)[0;m
[1;36mWed Sep 30 12:57:04 2026 [1;33mDNM[0;m[1;36m [1;33mNOTICE[0;m[1;36m OC=BTS(01) INST=(00,ff,ff): Get Attributes Response: feature 'SPEECH_F_V1' is supported (abis_nm.c:599)[0;m
[1;36mWed Sep 30 12:57:04 2026 [1;33mDNM[0;m[1;36m [1;33mNOTICE[0;m[1;36m OC=BTS(01) INST=(00,ff,ff): Get Attributes Response: feature 'SPEECH_H_V1' is supported (abis_nm.c:599)[0;m
[1;36mWed Sep 30 12:57:04 2026 [1;33mDNM[0;m[1;36m [1;33mNOTICE[0;m[1;36m OC=BTS(01) INST=(00,ff,ff): Get Attributes Response: feature 'SPEECH_F_EFR' is supported (abis_nm.c:599)[0;m
[1;36mWed Sep 30 12:57:04 2026 [1;33mDNM[0;m[1;36m [1;33mNOTICE[0;m[1;36m OC=BTS(01) INST=(00,ff,ff): Get Attributes Response: feature 'SPEECH_F_AMR' is supported (abis_nm.c:599)[0;m
[1;36mWed Sep 30 12:57:04 2026 [1;33mDNM[0;m[1;36m [1;33mNOTICE[0;m[1;36m OC=BTS(01) INST=(00,ff,ff): Get Attributes Response: feature 'SPEECH_H_AMR' is supported (abis_nm.c:599)[0;m
[1;36mWed Sep 30 12:57:04 2026 [1;33mDNM[0;m[1;36m [1;33mNOTICE[0;m[1;36m OC=BTS(01) INST=(00,ff,ff): Get Attributes Response: feature 'ETWS_PN' is supported (abis_nm.c:599)[0;m
[1;36mWed Sep 30 12:57:04 2026 [1;33mDNM[0;m[1;36m [1;33mNOTICE[0;m[1;36m OC=BTS(01) INST=(00,ff,ff): Get Attributes Response: feature 'PAGING_COORDINATION' is supported (abis_nm.c:599)[0;m
[1;36mWed Sep 30 12:57:04 2026 [1;33mDNM[0;m[1;36m [1;33mNOTICE[0;m[1;36m OC=BTS(01) INST=(00,ff,ff): Get Attributes Response: feature 'IPV6_NSVC' is supported (abis_nm.c:599)[0;m
[1;36mWed Sep 30 12:57:04 2026 [1;33mDNM[0;m[1;36m [1;33mNOTICE[0;m[1;36m OC=BTS(01) INST=(00,ff,ff): Get Attributes Response: feature 'ACCH_REP' is supported (abis_nm.c:599)[0;m
[1;36mWed Sep 30 12:57:04 2026 [1;33mDNM[0;m[1;36m [1;33mNOTICE[0;m[1;36m OC=BTS(01) INST=(00,ff,ff): Get Attributes Response: feature 'CCN' is supported (abis_nm.c:599)[0;m
[1;36mWed Sep 30 12:57:04 2026 [1;33mDNM[0;m[1;36m [1;33mNOTICE[0;m[1;36m OC=BTS(01) INST=(00,ff,ff): Get Attributes Response: feature 'VAMOS' is supported (abis_nm.c:599)[0;m
[1;36mWed Sep 30 12:57:04 2026 [1;33mDNM[0;m[1;36m [1;33mNOTICE[0;m[1;36m OC=BTS(01) INST=(00,ff,ff): Get Attributes Response: feature 'ABIS_OSMO_PCU' is supported (abis_nm.c:599)[0;m
[1;36mWed Sep 30 12:57:04 2026 [1;33mDNM[0;m[1;36m [1;33mNOTICE[0;m[1;36m OC=BTS(01) INST=(00,ff,ff): Get Attributes Response: feature 'BCCH_PWR_RED' is supported (abis_nm.c:599)[0;m
[1;36mWed Sep 30 12:57:04 2026 [1;33mDNM[0;m[1;36m [1;33mNOTICE[0;m[1;36m OC=BTS(01) INST=(00,ff,ff): Get Attributes Response: feature 'DYN_TS_SDCCH8' is supported (abis_nm.c:599)[0;m
[1;36mWed Sep 30 12:57:04 2026 [1;33mDNM[0;m[1;36m [1;33mNOTICE[0;m[1;36m OC=BTS(01) INST=(00,ff,ff): Get Attributes Response: feature 'ACCH_TEMP_OVP' is supported (abis_nm.c:599)[0;m
[1;36mWed Sep 30 12:57:04 2026 [1;33mDNM[0;m[1;36m [1;33mNOTICE[0;m[1;36m OC=BTS(01) INST=(00,ff,ff): Get Attributes Response: feature 'VBS' is supported (abis_nm.c:599)[0;m
[1;36mWed Sep 30 12:57:04 2026 [1;33mDNM[0;m[1;36m [1;33mNOTICE[0;m[1;36m OC=BTS(01) INST=(00,ff,ff): Get Attributes Response: feature 'VGCS' is supported (abis_nm.c:599)[0;m
[1;36mWed Sep 30 12:57:04 2026 [1;33mDNM[0;m[1;36m [1;33mNOTICE[0;m[1;36m OC=BTS(01) INST=(00,ff,ff): Get Attributes Response: feature 'TWTS001' is supported (abis_nm.c:599)[0;m
[1;36mWed Sep 30 12:57:04 2026 [1;33mDNM[0;m[1;36m [1;33mNOTICE[0;m[1;36m OC=BTS(01) INST=(00,ff,ff): Get Attributes Response: feature 'TWTS002' is supported (abis_nm.c:599)[0;m
[1;36mWed Sep 30 12:57:04 2026 [1;33mDNM[0;m[1;36m [1;33mNOTICE[0;m[1;36m OC=BTS(01) INST=(00,ff,ff): ARI reported sw[0/2]: osmobts is 1.10.0-dirty (abis_nm.c:652)[0;m
[1;36mWed Sep 30 12:57:04 2026 [1;33mDNM[0;m[1;36m [1;33mNOTICE[0;m[1;36m OC=BTS(01) INST=(00,ff,ff): Reported variant: osmo-bts-trx (abis_nm.c:534)[0;m
[1;36mWed Sep 30 12:57:04 2026 [1;31mDNM[0;m[1;36m [1;31mERROR[0;m[1;36m OC=RADIO-CARRIER(02) INST=(00,00,ff): Attribute SW Configuration is unreported (abis_nm.c:557)[0;m
[1;36mWed Sep 30 12:57:04 2026 [1;31mDNM[0;m[1;36m [1;31mERROR[0;m[1;36m OC=BASEBAND-TRANSCEIVER(04) INST=(00,00,ff): Attribute Manufacturer Dependent State is unreported (abis_nm.c:557)[0;m
[1;36mWed Sep 30 12:57:04 2026 [1;33mDNM[0;m[1;36m [1;33mNOTICE[0;m[1;36m OC=BASEBAND-TRANSCEIVER(04) INST=(00,00,ff): ARI reported sw[0/1]: TRX_PHY_VERSION is Unknown (abis_nm.c:652)[0;m
[1;35mWed Sep 30 12:57:04 2026 [1;33mDRSL[0;m[1;35m [1;33mNOTICE[0;m[1;35m (bts=1,trx=0) bootstrapping RSL on ARFCN 614 using MCC-MNC 001-01 LAC=1 CID=6012 BSIC=8 (osmo_bsc_main.c:320)[0;m
[1;36mWed Sep 30 12:57:12 2026 [1;31mDNM[0;m[1;36m [1;31mERROR[0;m[1;36m OC=GPRS-CELL(f1) INST=(00,00,ff): Attribute SW Configuration is unreported (abis_nm.c:557)[0;m
[1;36mWed Sep 30 12:57:12 2026 [1;33mDNM[0;m[1;36m [1;33mNOTICE[0;m[1;36m OC=BTS(01) INST=(00,ff,ff): Get Attributes Response: feature 'GPRS' is supported (abis_nm.c:599)[0;m
[1;36mWed Sep 30 12:57:12 2026 [1;33mDNM[0;m[1;36m [1;33mNOTICE[0;m[1;36m OC=BTS(01) INST=(00,ff,ff): Get Attributes Response: feature 'EGPRS' is supported (abis_nm.c:599)[0;m
[1;36mWed Sep 30 12:57:12 2026 [1;33mDNM[0;m[1;36m [1;33mNOTICE[0;m[1;36m OC=BTS(01) INST=(00,ff,ff): Get Attributes Response: feature 'HOPPING' is supported (abis_nm.c:599)[0;m
[1;36mWed Sep 30 12:57:12 2026 [1;33mDNM[0;m[1;36m [1;33mNOTICE[0;m[1;36m OC=BTS(01) INST=(00,ff,ff): Get Attributes Response: feature 'MULTI_TSC' is supported (abis_nm.c:599)[0;m
[1;36mWed Sep 30 12:57:12 2026 [1;33mDNM[0;m[1;36m [1;33mNOTICE[0;m[1;36m OC=BTS(01) INST=(00,ff,ff): Get Attributes Response: feature 'OML_ALERTS' is supported (abis_nm.c:599)[0;m
[1;36mWed Sep 30 12:57:12 2026 [1;33mDNM[0;m[1;36m [1;33mNOTICE[0;m[1;36m OC=BTS(01) INST=(00,ff,ff): Get Attributes Response: feature 'CBCH' is supported (abis_nm.c:599)[0;m
[1;36mWed Sep 30 12:57:12 2026 [1;33mDNM[0;m[1;36m [1;33mNOTICE[0;m[1;36m OC=BTS(01) INST=(00,ff,ff): Get Attributes Response: feature 'SPEECH_F_V1' is supported (abis_nm.c:599)[0;m
[1;36mWed Sep 30 12:57:12 2026 [1;33mDNM[0;m[1;36m [1;33mNOTICE[0;m[1;36m OC=BTS(01) INST=(00,ff,ff): Get Attributes Response: feature 'SPEECH_H_V1' is supported (abis_nm.c:599)[0;m
[1;36mWed Sep 30 12:57:12 2026 [1;33mDNM[0;m[1;36m [1;33mNOTICE[0;m[1;36m OC=BTS(01) INST=(00,ff,ff): Get Attributes Response: feature 'SPEECH_F_EFR' is supported (abis_nm.c:599)[0;m
[1;36mWed Sep 30 12:57:12 2026 [1;33mDNM[0;m[1;36m [1;33mNOTICE[0;m[1;36m OC=BTS(01) INST=(00,ff,ff): Get Attributes Response: feature 'SPEECH_F_AMR' is supported (abis_nm.c:599)[0;m
[1;36mWed Sep 30 12:57:12 2026 [1;33mDNM[0;m[1;36m [1;33mNOTICE[0;m[1;36m OC=BTS(01) INST=(00,ff,ff): Get Attributes Response: feature 'SPEECH_H_AMR' is supported (abis_nm.c:599)[0;m
[1;36mWed Sep 30 12:57:12 2026 [1;33mDNM[0;m[1;36m [1;33mNOTICE[0;m[1;36m OC=BTS(01) INST=(00,ff,ff): Get Attributes Response: feature 'ETWS_PN' is supported (abis_nm.c:599)[0;m
[1;36mWed Sep 30 12:57:12 2026 [1;33mDNM[0;m[1;36m [1;33mNOTICE[0;m[1;36m OC=BTS(01) INST=(00,ff,ff): Get Attributes Response: feature 'PAGING_COORDINATION' is supported (abis_nm.c:599)[0;m
[1;36mWed Sep 30 12:57:12 2026 [1;33mDNM[0;m[1;36m [1;33mNOTICE[0;m[1;36m OC=BTS(01) INST=(00,ff,ff): Get Attributes Response: feature 'IPV6_NSVC' is supported (abis_nm.c:599)[0;m
[1;36mWed Sep 30 12:57:12 2026 [1;33mDNM[0;m[1;36m [1;33mNOTICE[0;m[1;36m OC=BTS(01) INST=(00,ff,ff): Get Attributes Response: feature 'ACCH_REP' is supported (abis_nm.c:599)[0;m
[1;36mWed Sep 30 12:57:12 2026 [1;33mDNM[0;m[1;36m [1;33mNOTICE[0;m[1;36m OC=BTS(01) INST=(00,ff,ff): Get Attributes Response: feature 'CCN' is supported (abis_nm.c:599)[0;m
[1;36mWed Sep 30 12:57:12 2026 [1;33mDNM[0;m[1;36m [1;33mNOTICE[0;m[1;36m OC=BTS(01) INST=(00,ff,ff): Get Attributes Response: feature 'VAMOS' is supported (abis_nm.c:599)[0;m
[1;36mWed Sep 30 12:57:12 2026 [1;33mDNM[0;m[1;36m [1;33mNOTICE[0;m[1;36m OC=BTS(01) INST=(00,ff,ff): Get Attributes Response: feature 'ABIS_OSMO_PCU' is supported (abis_nm.c:599)[0;m
[1;36mWed Sep 30 12:57:12 2026 [1;33mDNM[0;m[1;36m [1;33mNOTICE[0;m[1;36m OC=BTS(01) INST=(00,ff,ff): Get Attributes Response: feature 'BCCH_PWR_RED' is supported (abis_nm.c:599)[0;m
[1;36mWed Sep 30 12:57:12 2026 [1;33mDNM[0;m[1;36m [1;33mNOTICE[0;m[1;36m OC=BTS(01) INST=(00,ff,ff): Get Attributes Response: feature 'DYN_TS_SDCCH8' is supported (abis_nm.c:599)[0;m
[1;36mWed Sep 30 12:57:12 2026 [1;33mDNM[0;m[1;36m [1;33mNOTICE[0;m[1;36m OC=BTS(01) INST=(00,ff,ff): Get Attributes Response: feature 'ACCH_TEMP_OVP' is supported (abis_nm.c:599)[0;m
[1;36mWed Sep 30 12:57:12 2026 [1;33mDNM[0;m[1;36m [1;33mNOTICE[0;m[1;36m OC=BTS(01) INST=(00,ff,ff): Get Attributes Response: feature 'VBS' is supported (abis_nm.c:599)[0;m
[1;36mWed Sep 30 12:57:12 2026 [1;33mDNM[0;m[1;36m [1;33mNOTICE[0;m[1;36m OC=BTS(01) INST=(00,ff,ff): Get Attributes Response: feature 'VGCS' is supported (abis_nm.c:599)[0;m
[1;36mWed Sep 30 12:57:12 2026 [1;33mDNM[0;m[1;36m [1;33mNOTICE[0;m[1;36m OC=BTS(01) INST=(00,ff,ff): Get Attributes Response: feature 'TWTS001' is supported (abis_nm.c:599)[0;m
[1;36mWed Sep 30 12:57:12 2026 [1;33mDNM[0;m[1;36m [1;33mNOTICE[0;m[1;36m OC=BTS(01) INST=(00,ff,ff): Get Attributes Response: feature 'TWTS002' is supported (abis_nm.c:599)[0;m
[1;36mWed Sep 30 12:57:12 2026 [1;33mDNM[0;m[1;36m [1;33mNOTICE[0;m[1;36m OC=BTS(01) INST=(00,ff,ff): ARI reported sw[0/2]: osmobts is 1.10.0-dirty (abis_nm.c:652)[0;m
[1;36mWed Sep 30 12:57:12 2026 [1;33mDNM[0;m[1;36m [1;33mNOTICE[0;m[1;36m OC=BTS(01) INST=(00,ff,ff): Reported variant: osmo-bts-trx (abis_nm.c:534)[0;m
[1;36mWed Sep 30 12:57:12 2026 [1;31mDNM[0;m[1;36m [1;31mERROR[0;m[1;36m OC=RADIO-CARRIER(02) INST=(00,00,ff): Attribute SW Configuration is unreported (abis_nm.c:557)[0;m
[1;36mWed Sep 30 12:57:12 2026 [1;31mDNM[0;m[1;36m [1;31mERROR[0;m[1;36m OC=BASEBAND-TRANSCEIVER(04) INST=(00,00,ff): Attribute Manufacturer Dependent State is unreported (abis_nm.c:557)[0;m
[1;36mWed Sep 30 12:57:12 2026 [1;33mDNM[0;m[1;36m [1;33mNOTICE[0;m[1;36m OC=BASEBAND-TRANSCEIVER(04) INST=(00,00,ff): ARI reported sw[0/1]: TRX_PHY_VERSION is Unknown (abis_nm.c:652)[0;m
[1;35mWed Sep 30 12:57:12 2026 [1;33mDRSL[0;m[1;35m [1;33mNOTICE[0;m[1;35m (bts=0,trx=0) bootstrapping RSL on ARFCN 514 using MCC-MNC 001-01 LAC=1 CID=6001 BSIC=7 (osmo_bsc_main.c:320)[0;m
[1;36mWed Sep 30 12:57:14 2026 [1;33mDNM[0;m[1;36m [1;33mNOTICE[0;m[1;36m OC=BTS(01) INST=(00,ff,ff): Reported connected PCU version 1.5.2 (abis_nm.c:352)[0;m
[1;32mWed Sep 30 13:00:57 2026 [1;33mDCHAN[0;m[1;32m [1;33mNOTICE[0;m[1;32m lchan(0-0-2-TCH_F-0)[0x589278344630]{WAIT_RF_RELEASE_ACK}: (type=TCH_F) Rx IPACC DLCX IND (cause=Normal event, unspecified [ 0f ]) (abis_rsl.c:3241)[0;m
[1;32mWed Sep 30 13:01:54 2026 [1;33mDCHAN[0;m[1;32m [1;33mNOTICE[0;m[1;32m lchan(0-0-2-TCH_F-0)[0x589278344630]{WAIT_RF_RELEASE_ACK}: (type=TCH_F) Rx IPACC DLCX IND (cause=Normal event, unspecified [ 0f ]) (abis_rsl.c:3241)[0;m
[1;32mWed Sep 30 13:02:25 2026 [1;33mDCHAN[0;m[1;32m [1;33mNOTICE[0;m[1;32m lchan(1-0-2-TCH_F-0)[0x58927833b4c0]{WAIT_RF_RELEASE_ACK}: (type=TCH_F) Rx IPACC DLCX IND (cause=Normal event, unspecified [ 0f ]) (abis_rsl.c:3241)[0;m
[1;32mWed Sep 30 13:02:25 2026 [1;33mDCHAN[0;m[1;32m [1;33mNOTICE[0;m[1;32m lchan(0-0-2-TCH_F-0)[0x589278344630]{WAIT_RF_RELEASE_ACK}: (type=TCH_F) Rx IPACC DLCX IND (cause=Normal event, unspecified [ 0f ]) (abis_rsl.c:3241)[0;m
