  PROM0  prog  0x07000   28672 mots
  PROM1  prog  0x18000   32768 mots
  PROM2  prog  0x28000   32768 mots
  PROM3  prog  0x38000    8192 mots
  DROM   data  0x09000   20480 mots
  PDROM  data  0x0e000    8192 mots
  PDROM  prog  0x0e000    8192 mots
  Regs   mmr                96 mots
7 sections chargees, reset...
pont : en attente de l'ARM sur /tmp/calypso_dsp.sock (API RAM : /dev/shm/calypso_api_ram)
       cote QEMU : CALYPSO_DSP_EXTERN=1 qemu-system-arm -M calypso ...
pont : ARM connecte, API RAM 32768 mots, 120000 insn/trame
[c54x] SP-CORRUPT pc=0xff80 op=0xf880 sp 0x5ac8 -> 0x1100 insn=0
  [afc] fn=0 w_page=0 relaye=8 | page0=8 page1=28138
  [rom-ul] bursts xCCH montants de la ROM (0x3f8a) -> /dev/shm/calypso_xcch_ul_rom : actif
  [a5-arm] tick=0 d_a5mode=0 a_kc=0000 0000 0000 0000
  [afc] fn=0 w_page=0 relaye=0 | page0=0 page1=0
pont : RESET #1 (DL_STATUS=0x0000) fn=0 pc=0xff80
  [afc] fn=0 w_page=0 relaye=8 | page0=8 page1=28138
  [toaloop] appel n=1 en=0 toa=576 biais=0
  [a5-arm] tick=0 d_a5mode=30490 a_kc=fe00 0200 0200 fe00
pont : DSP boote (premier IDLE) fn=0 insn=12661
  [jalon] fn=0 d_fb_det=1  hacks=RHEA_DMA
  [afc] fn=1 w_page=0 relaye=0 | page0=0 page1=0
  [ts0] attente des trames en retard de la BTS : jusqu'a 40 ms
  [a5-arm] tick=1 d_a5mode=0 a_kc=fe00 0200 0200 fe00
  [montant] retour en clair (seq=1)
  profil PC (3750 tranches, high-water 0xb427) : b400:100%
  fn=214     page=0 insn=0       IDLE   d_fb_det=0     a_sch=0000 0000 0000 0000 sync=0240 6ff8 0c42  | trames=217 irq=0 iq=0
  [page] fn=227 d_dsp_page 0000 -> 0002  (arme page 0)
  [a_sch] fn=229 page=0 : 0000 0000 0000 0000 -> 0100 0000 0000 0000  (d_dsp_page=0002) TOA=0 PM=0 SNR=0 crc_ko
  [page] fn=230 d_dsp_page 0002 -> 0000  (NON ARME (etat de reset))
  [afc] fn=232 w_page=0 relaye=-700 | page0=-700 page1=0
  [cmd] fn=232 tache FB postee par l'ARM
  [page] fn=232 d_dsp_page 0000 -> 0002  (arme page 0)
  [afc] fn=234 w_page=0 relaye=-700 | page0=-700 page1=-700
  [page] fn=246 d_dsp_page 0002 -> 0003  (arme page 1)
  [page] fn=260 d_dsp_page 0003 -> 0002  (arme page 0)
  [page] fn=274 d_dsp_page 0002 -> 0003  (arme page 1)
  [page] fn=288 d_dsp_page 0003 -> 0000  (NON ARME (etat de reset))
  [page] fn=289 d_dsp_page 0000 -> 0002  (arme page 0)
  [page] fn=292 d_dsp_page 0002 -> 0000  (NON ARME (etat de reset))
  [cmd] fn=293 tache FB postee par l'ARM
  [page] fn=293 d_dsp_page 0000 -> 0002  (arme page 0)
  [page] fn=307 d_dsp_page 0002 -> 0003  (arme page 1)
  [page] fn=321 d_dsp_page 0003 -> 0002  (arme page 0)
  [page] fn=335 d_dsp_page 0002 -> 0003  (arme page 1)
  [page] fn=349 d_dsp_page 0003 -> 0000  (NON ARME (etat de reset))
  [page] fn=350 d_dsp_page 0000 -> 0002  (arme page 0)
  [page] fn=353 d_dsp_page 0002 -> 0000  (NON ARME (etat de reset))
  [cmd] fn=354 tache FB postee par l'ARM
  [page] fn=354 d_dsp_page 0000 -> 0002  (arme page 0)
  [page] fn=368 d_dsp_page 0002 -> 0003  (arme page 1)
  [page] fn=382 d_dsp_page 0003 -> 0002  (arme page 0)
  [page] fn=396 d_dsp_page 0002 -> 0003  (arme page 1)
  [page] fn=410 d_dsp_page 0003 -> 0000  (NON ARME (etat de reset))
  [page] fn=411 d_dsp_page 0000 -> 0002  (arme page 0)
  [page] fn=414 d_dsp_page 0002 -> 0000  (NON ARME (etat de reset))
  [cmd] fn=415 tache FB postee par l'ARM
  [page] fn=415 d_dsp_page 0000 -> 0002  (arme page 0)
  [page] fn=429 d_dsp_page 0002 -> 0003  (arme page 1)
  profil PC (188 tranches, high-water 0xdded) : b500:19% 71c0:12% a680:12% b080:9% b580:9% 0100:9% aac0:5% b600:5% a4c0:5% b5c0:4% b0c0:3% a580:0%
  fn=431     page=1 insn=0       IDLE   d_fb_det=0     a_sch=0100 0000 0000 0000 sync=0240 6ff8 0c42  | trames=434 irq=0 iq=0
  [page] fn=443 d_dsp_page 0003 -> 0002  (arme page 0)
  [page] fn=457 d_dsp_page 0002 -> 0003  (arme page 1)
  [page] fn=471 d_dsp_page 0003 -> 0000  (NON ARME (etat de reset))
  [page] fn=472 d_dsp_page 0000 -> 0002  (arme page 0)
  [page] fn=475 d_dsp_page 0002 -> 0000  (NON ARME (etat de reset))
  [cmd] fn=476 tache FB postee par l'ARM
  [page] fn=476 d_dsp_page 0000 -> 0002  (arme page 0)
  [page] fn=490 d_dsp_page 0002 -> 0003  (arme page 1)
  [page] fn=504 d_dsp_page 0003 -> 0002  (arme page 0)
  [page] fn=518 d_dsp_page 0002 -> 0003  (arme page 1)
  [page] fn=532 d_dsp_page 0003 -> 0000  (NON ARME (etat de reset))
  [page] fn=533 d_dsp_page 0000 -> 0002  (arme page 0)
  [page] fn=536 d_dsp_page 0002 -> 0000  (NON ARME (etat de reset))
  [cmd] fn=537 tache FB postee par l'ARM
  [page] fn=537 d_dsp_page 0000 -> 0002  (arme page 0)
  [page] fn=551 d_dsp_page 0002 -> 0003  (arme page 1)
  [page] fn=565 d_dsp_page 0003 -> 0002  (arme page 0)
  [cmd] fn=598 tache FB postee par l'ARM
  profil PC (170 tranches, high-water 0xb634) : b500:20% 71c0:14% 0100:10% a680:10% b080:10% b580:10% aac0:5% b600:5% a4c0:5% b0c0:4% b5c0:4%
  fn=648     page=1 insn=0       IDLE   d_fb_det=0     a_sch=0100 0000 0000 0000 sync=0240 6ff8 0c42  | trames=651 irq=0 iq=0
  [cmd] fn=659 tache FB postee par l'ARM
  [cmd] fn=720 tache FB postee par l'ARM
  [cmd] fn=781 tache FB postee par l'ARM
  [cmd] fn=842 tache FB postee par l'ARM
  profil PC (180 tranches, high-water 0xb634) : b500:20% 71c0:13% 0100:10% a680:10% b080:10% b580:10% a4c0:6% aac0:6% b600:6% b0c0:3% b5c0:3%
  fn=865     page=1 insn=0       IDLE   d_fb_det=0     a_sch=0100 0000 0000 0000 sync=0240 6ff8 0c42  | trames=868 irq=0 iq=0
  [cmd] fn=904 tache FB postee par l'ARM
  [ts0] tick=929 fn=257 p51=2 NB fenetre=64 marge=0 rif_avant=0
  [ts0] tick=930 fn=258 p51=3 NB fenetre=0 marge=0 rif_avant=0
  [ts0] tick=931 fn=259 p51=4 NB fenetre=0 marge=0 rif_avant=80
  [ts0] tick=932 fn=260 p51=5 NB fenetre=0 marge=0 rif_avant=84
  [ts0] tick=933 fn=261 p51=6 NB fenetre=0 marge=0 rif_avant=88
  [ts0] tick=934 fn=262 p51=7 NB fenetre=0 marge=0 rif_avant=92
  [ts0] tick=935 fn=263 p51=8 NB fenetre=0 marge=0 rif_avant=96
  [ts0] tick=936 fn=264 p51=9 NB fenetre=0 marge=0 rif_avant=100
  [ts0] tick=937 fn=265 p51=10 FCCH fenetre=0 marge=0 rif_avant=104
  [toaloop] appel n=2 en=0 toa=9888 biais=0
  [jalon] fn=937 d_fb_det=1  hacks=RHEA_DMA
  [sbwin] SB #1 fn=266 p51=11 tick=938 : armee=1 one_shot=0 page_prog=48 rif_avant=0 nwin=0 marge=0 -> autre fenetre (PM/NB/continue) : SCH memorise pour la fenetre SB (dans une vraie fenetre SB : 0/1)
  [ts0] tick=938 fn=266 p51=11 SB fenetre=0 marge=0 rif_avant=0
  [ts0] tick=939 fn=267 p51=12 NB fenetre=0 marge=0 rif_avant=4
  [ts0] tick=940 fn=268 p51=13 NB fenetre=0 marge=0 rif_avant=8
  [ts0] tick=941 fn=269 p51=14 NB fenetre=0 marge=0 rif_avant=12
  [ts0] tick=942 fn=270 p51=15 NB fenetre=0 marge=0 rif_avant=16
  [ts0] tick=943 fn=271 p51=16 NB fenetre=0 marge=0 rif_avant=20
  [ts0] tick=944 fn=272 p51=17 NB fenetre=0 marge=0 rif_avant=24
  [ts0] tick=945 fn=273 p51=18 NB fenetre=0 marge=0 rif_avant=28
  [ts0] tick=946 fn=274 p51=19 NB fenetre=0 marge=0 rif_avant=32
  [ts0] tick=947 fn=275 p51=20 FCCH fenetre=0 marge=0 rif_avant=36
  [toaloop] appel n=3 en=0 toa=11243 biais=0
  [jalon] fn=947 d_fb_det=1  hacks=RHEA_DMA
  [sbwin] SB #2 fn=276 p51=21 tick=948 : armee=1 one_shot=0 page_prog=48 rif_avant=0 nwin=0 marge=0 -> autre fenetre (PM/NB/continue) : SCH memorise pour la fenetre SB (dans une vraie fenetre SB : 0/2)
  [ts0] tick=948 fn=276 p51=21 SB fenetre=0 marge=0 rif_avant=0
  [toaloop] appel n=4 en=0 toa=11243 biais=0
  [jalon] fn=957 d_fb_det=1  hacks=RHEA_DMA
  [sbwin] SB #3 fn=286 p51=31 tick=958 : armee=0 one_shot=0 page_prog=48 rif_avant=0 nwin=0 marge=0 -> DMA NON ARMEE (le RIF jette) : SCH memorise pour la fenetre SB (dans une vraie fenetre SB : 0/3)
  [toaloop] appel n=5 en=0 toa=11243 biais=0
  [cmd] fn=958 tache SB postee par l'ARM (W0 md=6 W1 md=0)
  [cmd] fn=958 tache SB postee par l'ARM
  [sb] fn=958 p51=40 | FB a fn=957 toa=11243 pm=5431 ang=-1 | TOA-ROM=11243 src=fine | a_sch=0100 crc_ko
  [sbwin] SB fn=286 RELIVRE au tick 959 (depose au tick 958, fenetre SB armee apres) : page=191 marge=21, offset ARM-tick recale [1 relivres, 2 expires]
  [toaloop] appel n=6 en=0 toa=11243 biais=0
  [a_sch] fn=959 page=0 : 0100 0000 0000 0000 -> 8000 1097 001c 0101  (d_dsp_page=0003) TOA=23 PM=5358 SNR=9469 CRC_OK
  [jalon] fn=959 SB PLAUSIBLE page=0 BSIC=7 a_sch=8000 1097 001c 0101  hacks=RHEA_DMA
  [toaloop] appel n=7 en=0 toa=11243 biais=0
  [a_sch] fn=960 page=1 : 0000 0000 0000 0000 -> 8100 00ce 86be 0060  (d_dsp_page=0003) TOA=23 PM=5416 SNR=230 crc_ko
  [toaloop] appel n=8 en=0 toa=11243 biais=0
  [toaloop] appel n=9 en=0 toa=11243 biais=0
  [toaloop] appel n=10 en=0 toa=11243 biais=0
  [toaloop] appel n=11 en=0 toa=11243 biais=0
  [toaloop] appel n=12 en=0 toa=11243 biais=0
  [toaloop] appel n=13 en=0 toa=11243 biais=0
  [toaloop] appel n=14 en=0 toa=11243 biais=0
  [toaloop] appel n=15 en=0 toa=11243 biais=0
  [sbwin] SB #4 fn=296 p51=41 tick=969 : armee=0 one_shot=0 page_prog=191 rif_avant=0 nwin=0 marge=0 -> DMA NON ARMEE (le RIF jette) : SCH memorise pour la fenetre SB (dans une vraie fenetre SB : 0/4)
  [toaloop] appel n=16 en=0 toa=11243 biais=0
  [toaloop] appel n=17 en=0 toa=11243 biais=0
  [toaloop] appel n=18 en=0 toa=11243 biais=0
  [toaloop] appel n=19 en=0 toa=11243 biais=0
  [toaloop] appel n=20 en=0 toa=11243 biais=0
  [toaloop] appel n=21 en=0 toa=11243 biais=0
  [toaloop] appel n=22 en=0 toa=11243 biais=0
  [toaloop] appel n=23 en=0 toa=11243 biais=0
  [toaloop] appel n=24 en=0 toa=11243 biais=0
  [toaloop] appel n=25 en=0 toa=11243 biais=0
  [toaloop] appel n=26 en=0 toa=11243 biais=0
  [sbwin] SB #5 fn=307 p51=1 tick=980 : armee=0 one_shot=0 page_prog=191 rif_avant=0 nwin=0 marge=0 -> DMA NON ARMEE (le RIF jette) : SCH memorise pour la fenetre SB (dans une vraie fenetre SB : 0/5)
  [toaloop] appel n=27 en=0 toa=11243 biais=0
  [toaloop] appel n=28 en=0 toa=11243 biais=0
  [toaloop] appel n=29 en=0 toa=11243 biais=0
  [a_sch] fn=982 page=0 : 8000 1097 001c 0101 -> 0100 0000 0000 0000  (d_dsp_page=0002) TOA=0 PM=0 SNR=0 crc_ko
  [toaloop] appel n=30 en=0 toa=11243 biais=0
  [a_sch] fn=983 page=1 : 8100 00ce 86be 0060 -> 0100 0000 0000 0000  (d_dsp_page=0003) TOA=0 PM=0 SNR=0 crc_ko
  [toaloop] appel n=31 en=0 toa=11243 biais=0
  [toaloop] appel n=32 en=0 toa=11243 biais=0
  [toaloop] appel n=33 en=0 toa=11243 biais=0
  [toaloop] appel n=34 en=0 toa=11243 biais=0
  [toaloop] appel n=35 en=0 toa=11243 biais=0
  [toaloop] appel n=36 en=0 toa=11243 biais=0
  [sbwin] SB #6 fn=317 p51=11 tick=990 : armee=0 one_shot=0 page_prog=151 rif_avant=0 nwin=0 marge=0 -> DMA NON ARMEE (le RIF jette) : SCH memorise pour la fenetre SB (dans une vraie fenetre SB : 0/6)
  [toaloop] appel n=37 en=0 toa=11243 biais=0
  [toaloop] appel n=38 en=0 toa=11243 biais=0
  [toaloop] appel n=39 en=0 toa=11243 biais=0
  [toaloop] appel n=40 en=0 toa=11243 biais=0
  [chrono] fn=997 sur 1000 trames (ms) : qemu 4.23 | A 0.02 | go 0.26 | B 0.03 | apres DONE 0.08 | trame 4.62 (temps reel 4.62)
  [sbwin] SB #7 fn=327 p51=21 tick=1000 : armee=0 one_shot=0 page_prog=151 rif_avant=0 nwin=0 marge=0 -> DMA NON ARMEE (le RIF jette) : SCH memorise pour la fenetre SB (dans une vraie fenetre SB : 0/7)
  [sbwin] SB #8 fn=337 p51=31 tick=1010 : armee=0 one_shot=0 page_prog=151 rif_avant=0 nwin=0 marge=0 -> DMA NON ARMEE (le RIF jette) : SCH memorise pour la fenetre SB (dans une vraie fenetre SB : 0/8)
  [sbwin] SB #9 fn=347 p51=41 tick=1020 : armee=0 one_shot=0 page_prog=151 rif_avant=0 nwin=0 marge=0 -> DMA NON ARMEE (le RIF jette) : SCH memorise pour la fenetre SB (dans une vraie fenetre SB : 0/9)
  [sbwin] SB #10 fn=358 p51=1 tick=1031 : armee=0 one_shot=0 page_prog=151 rif_avant=0 nwin=0 marge=0 -> DMA NON ARMEE (le RIF jette) : SCH memorise pour la fenetre SB (dans une vraie fenetre SB : 0/10)
  [sbwin] SB #11 fn=368 p51=11 tick=1041 : armee=0 one_shot=0 page_prog=151 rif_avant=0 nwin=0 marge=0 -> DMA NON ARMEE (le RIF jette) : SCH memorise pour la fenetre SB (dans une vraie fenetre SB : 0/11)
  [sbwin] SB #12 fn=378 p51=21 tick=1051 : armee=0 one_shot=0 page_prog=151 rif_avant=0 nwin=0 marge=0 -> DMA NON ARMEE (le RIF jette) : SCH memorise pour la fenetre SB (dans une vraie fenetre SB : 0/12)
  [sbwin] SB #13 fn=388 p51=31 tick=1061 : armee=0 one_shot=0 page_prog=151 rif_avant=0 nwin=0 marge=0 -> DMA NON ARMEE (le RIF jette) : SCH memorise pour la fenetre SB (dans une vraie fenetre SB : 0/13)
  [sbwin] SB #14 fn=398 p51=41 tick=1071 : armee=0 one_shot=0 page_prog=151 rif_avant=0 nwin=0 marge=0 -> DMA NON ARMEE (le RIF jette) : SCH memorise pour la fenetre SB (dans une vraie fenetre SB : 0/14)
  [sbwin] SB #15 fn=409 p51=1 tick=1082 : armee=0 one_shot=0 page_prog=151 rif_avant=0 nwin=0 marge=0 -> DMA NON ARMEE (le RIF jette) : SCH memorise pour la fenetre SB (dans une vraie fenetre SB : 0/15)
  profil PC (23616 tranches, high-water 0xde92) : 77c0:15% 7800:8% 7840:6% 78c0:5% 9a80:4% 8240:4% 8380:4% b2c0:3% a680:3% 7a00:2% 7880:2% 83c0:2%
  fn=1082    page=1 insn=121     IDLE   d_fb_det=1     a_sch=0100 0000 0000 0000 sync=2beb 1537 ffff  | trames=1085 irq=0 iq=0
  [sbwin] SB #16 fn=419 p51=11 tick=1092 : armee=0 one_shot=0 page_prog=151 rif_avant=0 nwin=0 marge=0 -> DMA NON ARMEE (le RIF jette) : SCH memorise pour la fenetre SB (dans une vraie fenetre SB : 0/16)
  [sbwin] SB #17 fn=429 p51=21 tick=1102 : armee=0 one_shot=0 page_prog=151 rif_avant=0 nwin=0 marge=0 -> DMA NON ARMEE (le RIF jette) : SCH memorise pour la fenetre SB (dans une vraie fenetre SB : 0/17)
  [sbwin] SB #18 fn=439 p51=31 tick=1112 : armee=0 one_shot=0 page_prog=151 rif_avant=0 nwin=0 marge=0 -> DMA NON ARMEE (le RIF jette) : SCH memorise pour la fenetre SB (dans une vraie fenetre SB : 0/18)
  [sbwin] SB #19 fn=449 p51=41 tick=1122 : armee=0 one_shot=0 page_prog=151 rif_avant=0 nwin=0 marge=0 -> DMA NON ARMEE (le RIF jette) : SCH memorise pour la fenetre SB (dans une vraie fenetre SB : 0/19)
  [sbwin] SB #20 fn=460 p51=1 tick=1133 : armee=0 one_shot=0 page_prog=151 rif_avant=0 nwin=0 marge=0 -> DMA NON ARMEE (le RIF jette) : SCH memorise pour la fenetre SB (dans une vraie fenetre SB : 0/20)
  [sbwin] SB #21 fn=470 p51=11 tick=1143 : armee=0 one_shot=0 page_prog=64 rif_avant=0 nwin=0 marge=0 -> DMA NON ARMEE (le RIF jette) : SCH memorise pour la fenetre SB (dans une vraie fenetre SB : 0/21)
  [cmd] fn=1145 tache FB postee par l'ARM
  [jalon] fn=1152 d_fb_det=1  hacks=RHEA_DMA
  [sbwin] SB #22 fn=480 p51=21 tick=1153 : armee=0 one_shot=0 page_prog=48 rif_avant=0 nwin=0 marge=0 -> DMA NON ARMEE (le RIF jette) : SCH memorise pour la fenetre SB (dans une vraie fenetre SB : 0/22)
  [afc] fn=1155 w_page=0 relaye=-699 | page0=-699 page1=-700
  [afc] fn=1156 w_page=0 relaye=-699 | page0=-699 page1=-699
  [jalon] fn=1162 d_fb_det=1  hacks=RHEA_DMA
  [sbwin] SB #23 fn=490 p51=31 tick=1163 : armee=0 one_shot=0 page_prog=48 rif_avant=0 nwin=0 marge=0 -> DMA NON ARMEE (le RIF jette) : SCH memorise pour la fenetre SB (dans une vraie fenetre SB : 0/23)
  [cmd] fn=1171 tache SB postee par l'ARM (W0 md=6 W1 md=0)
  [cmd] fn=1171 tache SB postee par l'ARM
  [sb] fn=1171 p51=49 | FB a fn=1162 toa=8743 pm=5445 ang=-7 | TOA-ROM=8743 src=fine | a_sch=0100 crc_ko
  [a_sch] fn=1172 page=0 : 0100 0000 0000 0000 -> 8100 0034 2985 0014  (d_dsp_page=0003) TOA=16 PM=5521 SNR=6 crc_ko
  [sbwin] SB #24 fn=500 p51=41 tick=1173 : armee=1 one_shot=1 page_prog=191 rif_avant=0 nwin=191 marge=21 -> FENETRE SB (one-shot) (dans une vraie fenetre SB : 1/24)
  [a_sch] fn=1173 page=1 : 0100 0000 0000 0000 -> 8000 105b 001c 001a  (d_dsp_page=0003) TOA=23 PM=5349 SNR=9072 CRC_OK
  [jalon] fn=1173 SB PLAUSIBLE page=1 BSIC=7 a_sch=8000 105b 001c 001a  hacks=RHEA_DMA
  [a_sch] fn=1174 page=0 : 8100 0034 2985 0014 -> 0100 0000 0000 0000  (d_dsp_page=0003) TOA=0 PM=0 SNR=0 crc_ko
  [sbwin] SB #25 fn=511 p51=1 tick=1184 : armee=0 one_shot=0 page_prog=191 rif_avant=0 nwin=0 marge=0 -> DMA NON ARMEE (le RIF jette) : SCH memorise pour la fenetre SB (dans une vraie fenetre SB : 1/25)
  [a_sch] fn=1187 page=1 : 8000 105b 001c 001a -> 0100 0000 0000 0000  (d_dsp_page=0003) TOA=0 PM=0 SNR=0 crc_ko
  [sbwin] SB #26 fn=521 p51=11 tick=1194 : armee=0 one_shot=0 page_prog=151 rif_avant=0 nwin=0 marge=0 -> DMA NON ARMEE (le RIF jette) : SCH memorise pour la fenetre SB (dans une vraie fenetre SB : 1/26)
  [sbwin] SB #27 fn=531 p51=21 tick=1204 : armee=0 one_shot=0 page_prog=151 rif_avant=0 nwin=0 marge=0 -> DMA NON ARMEE (le RIF jette) : SCH memorise pour la fenetre SB (dans une vraie fenetre SB : 1/27)
  [sbwin] SB #28 fn=541 p51=31 tick=1214 : armee=0 one_shot=0 page_prog=151 rif_avant=0 nwin=0 marge=0 -> DMA NON ARMEE (le RIF jette) : SCH memorise pour la fenetre SB (dans une vraie fenetre SB : 1/28)
  [sbwin] SB #29 fn=551 p51=41 tick=1224 : armee=0 one_shot=0 page_prog=151 rif_avant=0 nwin=0 marge=0 -> DMA NON ARMEE (le RIF jette) : SCH memorise pour la fenetre SB (dans une vraie fenetre SB : 1/29)
  [sbwin] SB #30 fn=562 p51=1 tick=1235 : armee=0 one_shot=0 page_prog=151 rif_avant=0 nwin=0 marge=0 -> DMA NON ARMEE (le RIF jette) : SCH memorise pour la fenetre SB (dans une vraie fenetre SB : 1/30)
  [sbwin] SB #31 fn=572 p51=11 tick=1245 : armee=0 one_shot=0 page_prog=151 rif_avant=0 nwin=0 marge=0 -> DMA NON ARMEE (le RIF jette) : SCH memorise pour la fenetre SB (dans une vraie fenetre SB : 1/31)
  [sbwin] SB #32 fn=582 p51=21 tick=1255 : armee=0 one_shot=0 page_prog=151 rif_avant=0 nwin=0 marge=0 -> DMA NON ARMEE (le RIF jette) : SCH memorise pour la fenetre SB (dans une vraie fenetre SB : 1/32)
  [sbwin] SB #33 fn=592 p51=31 tick=1265 : armee=0 one_shot=0 page_prog=151 rif_avant=0 nwin=0 marge=0 -> DMA NON ARMEE (le RIF jette) : SCH memorise pour la fenetre SB (dans une vraie fenetre SB : 1/33)
  [sbwin] SB #34 fn=602 p51=41 tick=1275 : armee=0 one_shot=0 page_prog=151 rif_avant=0 nwin=0 marge=0 -> DMA NON ARMEE (le RIF jette) : SCH memorise pour la fenetre SB (dans une vraie fenetre SB : 1/34)
  [sbwin] SB #35 fn=613 p51=1 tick=1286 : armee=0 one_shot=0 page_prog=151 rif_avant=0 nwin=0 marge=0 -> DMA NON ARMEE (le RIF jette) : SCH memorise pour la fenetre SB (dans une vraie fenetre SB : 1/35)
  [sbwin] SB #36 fn=623 p51=11 tick=1296 : armee=0 one_shot=0 page_prog=151 rif_avant=0 nwin=0 marge=0 -> DMA NON ARMEE (le RIF jette) : SCH memorise pour la fenetre SB (dans une vraie fenetre SB : 1/36)
  profil PC (26305 tranches, high-water 0xde92) : 8240:8% 9a80:8% 8380:7% 77c0:6% 83c0:4% 7800:3% 8300:3% 8200:3% 8540:3% 9a40:2% 81c0:2% 82c0:2%
  fn=1299    page=0 insn=13609   IDLE   d_fb_det=0     a_sch=0100 0000 0000 0000 sync=0000 1545 fff9  | trames=1302 irq=0 iq=0
  [sbwin] SB #37 fn=633 p51=21 tick=1306 : armee=0 one_shot=0 page_prog=151 rif_avant=0 nwin=0 marge=0 -> DMA NON ARMEE (le RIF jette) : SCH memorise pour la fenetre SB (dans une vraie fenetre SB : 1/37)
  [sbwin] SB #38 fn=643 p51=31 tick=1316 : armee=0 one_shot=0 page_prog=151 rif_avant=0 nwin=0 marge=0 -> DMA NON ARMEE (le RIF jette) : SCH memorise pour la fenetre SB (dans une vraie fenetre SB : 1/38)
  [sbwin] SB #39 fn=653 p51=41 tick=1326 : armee=0 one_shot=0 page_prog=151 rif_avant=0 nwin=0 marge=0 -> DMA NON ARMEE (le RIF jette) : SCH memorise pour la fenetre SB (dans une vraie fenetre SB : 1/39)
  [sbwin] SB #40 fn=664 p51=1 tick=1337 : armee=0 one_shot=0 page_prog=151 rif_avant=0 nwin=0 marge=0 -> DMA NON ARMEE (le RIF jette) : SCH memorise pour la fenetre SB (dans une vraie fenetre SB : 1/40)
  [sbwin] SB #41 fn=674 p51=11 tick=1347 : armee=0 one_shot=0 page_prog=151 rif_avant=0 nwin=0 marge=0 -> DMA NON ARMEE (le RIF jette) : SCH memorise pour la fenetre SB (dans une vraie fenetre SB : 1/41)
  [sbwin] SB #42 fn=684 p51=21 tick=1357 : armee=0 one_shot=0 page_prog=151 rif_avant=0 nwin=0 marge=0 -> DMA NON ARMEE (le RIF jette) : SCH memorise pour la fenetre SB (dans une vraie fenetre SB : 1/42)
  [sbwin] SB #43 fn=694 p51=31 tick=1367 : armee=0 one_shot=0 page_prog=151 rif_avant=0 nwin=0 marge=0 -> DMA NON ARMEE (le RIF jette) : SCH memorise pour la fenetre SB (dans une vraie fenetre SB : 1/43)
  [sbwin] SB #44 fn=704 p51=41 tick=1377 : armee=0 one_shot=0 page_prog=151 rif_avant=0 nwin=0 marge=0 -> DMA NON ARMEE (le RIF jette) : SCH memorise pour la fenetre SB (dans une vraie fenetre SB : 1/44)
  [sbwin] SB #45 fn=715 p51=1 tick=1388 : armee=0 one_shot=0 page_prog=151 rif_avant=0 nwin=0 marge=0 -> DMA NON ARMEE (le RIF jette) : SCH memorise pour la fenetre SB (dans une vraie fenetre SB : 1/45)
  [sbwin] SB #46 fn=725 p51=11 tick=1398 : armee=0 one_shot=0 page_prog=151 rif_avant=0 nwin=0 marge=0 -> DMA NON ARMEE (le RIF jette) : SCH memorise pour la fenetre SB (dans une vraie fenetre SB : 1/46)
  [sbwin] SB #47 fn=735 p51=21 tick=1408 : armee=0 one_shot=0 page_prog=151 rif_avant=0 nwin=0 marge=0 -> DMA NON ARMEE (le RIF jette) : SCH memorise pour la fenetre SB (dans une vraie fenetre SB : 1/47)
  [sbwin] SB #48 fn=745 p51=31 tick=1418 : armee=0 one_shot=0 page_prog=151 rif_avant=0 nwin=0 marge=0 -> DMA NON ARMEE (le RIF jette) : SCH memorise pour la fenetre SB (dans une vraie fenetre SB : 1/48)
  [sbwin] SB #49 fn=755 p51=41 tick=1428 : armee=0 one_shot=0 page_prog=151 rif_avant=0 nwin=0 marge=0 -> DMA NON ARMEE (le RIF jette) : SCH memorise pour la fenetre SB (dans une vraie fenetre SB : 1/49)
  [sbwin] SB #50 fn=766 p51=1 tick=1439 : armee=0 one_shot=0 page_prog=151 rif_avant=0 nwin=0 marge=0 -> DMA NON ARMEE (le RIF jette) : SCH memorise pour la fenetre SB (dans une vraie fenetre SB : 1/50)
  [sbwin] SB #51 fn=776 p51=11 tick=1449 : armee=0 one_shot=0 page_prog=151 rif_avant=0 nwin=0 marge=0 -> DMA NON ARMEE (le RIF jette) : SCH memorise pour la fenetre SB (dans une vraie fenetre SB : 1/51)
  [sbwin] SB #52 fn=786 p51=21 tick=1459 : armee=0 one_shot=0 page_prog=151 rif_avant=0 nwin=0 marge=0 -> DMA NON ARMEE (le RIF jette) : SCH memorise pour la fenetre SB (dans une vraie fenetre SB : 1/52)
  [sbwin] SB #53 fn=796 p51=31 tick=1469 : armee=0 one_shot=0 page_prog=151 rif_avant=0 nwin=0 marge=0 -> DMA NON ARMEE (le RIF jette) : SCH memorise pour la fenetre SB (dans une vraie fenetre SB : 1/53)
  [sbwin] SB #54 fn=806 p51=41 tick=1479 : armee=0 one_shot=0 page_prog=151 rif_avant=0 nwin=0 marge=0 -> DMA NON ARMEE (le RIF jette) : SCH memorise pour la fenetre SB (dans une vraie fenetre SB : 1/54)
  [sbwin] SB #55 fn=817 p51=1 tick=1490 : armee=0 one_shot=0 page_prog=151 rif_avant=0 nwin=0 marge=0 -> DMA NON ARMEE (le RIF jette) : SCH memorise pour la fenetre SB (dans une vraie fenetre SB : 1/55)
  [afc] fn=1497 w_page=0 relaye=-700 | page0=-700 page1=-699
  [cmd] fn=1497 tache FB postee par l'ARM
  [afc] fn=1498 w_page=1 relaye=-700 | page0=-700 page1=-700
  [jalon] fn=1499 d_fb_det=1  hacks=RHEA_DMA
  [sbwin] SB #56 fn=827 p51=11 tick=1500 : armee=0 one_shot=0 page_prog=48 rif_avant=0 nwin=0 marge=0 -> DMA NON ARMEE (le RIF jette) : SCH memorise pour la fenetre SB (dans une vraie fenetre SB : 1/56)
  [jalon] fn=1509 d_fb_det=1  hacks=RHEA_DMA
  [sbwin] SB #57 fn=837 p51=21 tick=1510 : armee=0 one_shot=0 page_prog=48 rif_avant=0 nwin=0 marge=0 -> DMA NON ARMEE (le RIF jette) : SCH memorise pour la fenetre SB (dans une vraie fenetre SB : 1/57)
  profil PC (23559 tranches, high-water 0xde92) : 9a80:9% 8240:8% 8380:8% 77c0:4% 83c0:4% 8200:3% 8300:3% 8540:3% 9a40:3% a0c0:3% 81c0:2% 82c0:2%
  fn=1516    page=0 insn=121     IDLE   d_fb_det=0     a_sch=0100 0000 0000 0000 sync=0000 1537 ffff  | trames=1519 irq=0 iq=0
  [cmd] fn=1518 tache SB postee par l'ARM (W0 md=6 W1 md=0)
  [cmd] fn=1518 tache SB postee par l'ARM
  [sb] fn=1518 p51=39 | FB a fn=1509 toa=8743 pm=5431 ang=-1 | TOA-ROM=8743 src=fine | a_sch=0100 crc_ko
  [a_sch] fn=1519 page=0 : 0100 0000 0000 0000 -> 8100 0016 f85d 01fb  (d_dsp_page=0003) TOA=0 PM=5521 SNR=12 crc_ko
  [sbwin] SB #58 fn=847 p51=31 tick=1520 : armee=1 one_shot=1 page_prog=191 rif_avant=0 nwin=191 marge=21 -> FENETRE SB (one-shot) (dans une vraie fenetre SB : 2/58)
  [a_sch] fn=1520 page=1 : 0100 0000 0000 0000 -> 8000 10d7 001c 013d  (d_dsp_page=0003) TOA=23 PM=5339 SNR=9977 CRC_OK
  [jalon] fn=1520 SB PLAUSIBLE page=1 BSIC=7 a_sch=8000 10d7 001c 013d  hacks=RHEA_DMA
  [a_sch] fn=1521 page=0 : 8100 0016 f85d 01fb -> 0100 0000 0000 0000  (d_dsp_page=0003) TOA=0 PM=0 SNR=0 crc_ko
  [sbwin] SB #59 fn=857 p51=41 tick=1530 : armee=0 one_shot=0 page_prog=191 rif_avant=0 nwin=0 marge=0 -> DMA NON ARMEE (le RIF jette) : SCH memorise pour la fenetre SB (dans une vraie fenetre SB : 2/59)
  [sbwin] SB #60 fn=868 p51=1 tick=1541 : armee=0 one_shot=0 page_prog=191 rif_avant=0 nwin=0 marge=0 -> DMA NON ARMEE (le RIF jette) : SCH memorise pour la fenetre SB (dans une vraie fenetre SB : 2/60)
  [a_sch] fn=1544 page=1 : 8000 10d7 001c 013d -> 0100 0000 0000 0000  (d_dsp_page=0003) TOA=0 PM=0 SNR=0 crc_ko
  [sbwin] SB #61 fn=878 p51=11 tick=1551 : armee=0 one_shot=0 page_prog=151 rif_avant=0 nwin=0 marge=0 -> DMA NON ARMEE (le RIF jette) : SCH memorise pour la fenetre SB (dans une vraie fenetre SB : 2/61)
  [montant] RACH ra=0x0a bsic=7 fn=1557 -> /dev/shm/calypso_rach
  [montant]   declencheur : d_task_ra=RACH_DSP_TASK (task_ra=0x000a d_rach=0x0a1c)
  [sbwin] SB #62 fn=888 p51=21 tick=1561 : armee=0 one_shot=0 page_prog=151 rif_avant=0 nwin=0 marge=0 -> DMA NON ARMEE (le RIF jette) : SCH memorise pour la fenetre SB (dans une vraie fenetre SB : 2/62)
  [sbwin] SB #63 fn=898 p51=31 tick=1571 : armee=0 one_shot=0 page_prog=151 rif_avant=0 nwin=0 marge=0 -> DMA NON ARMEE (le RIF jette) : SCH memorise pour la fenetre SB (dans une vraie fenetre SB : 2/63)
  [sbwin] SB #64 fn=908 p51=41 tick=1581 : armee=0 one_shot=0 page_prog=151 rif_avant=0 nwin=0 marge=0 -> DMA NON ARMEE (le RIF jette) : SCH memorise pour la fenetre SB (dans une vraie fenetre SB : 2/64)
  [sbwin] SB #65 fn=919 p51=1 tick=1592 : armee=0 one_shot=0 page_prog=151 rif_avant=0 nwin=0 marge=0 -> DMA NON ARMEE (le RIF jette) : SCH memorise pour la fenetre SB (dans une vraie fenetre SB : 2/65)
  [sbwin] SB #66 fn=929 p51=11 tick=1602 : armee=0 one_shot=0 page_prog=151 rif_avant=0 nwin=0 marge=0 -> DMA NON ARMEE (le RIF jette) : SCH memorise pour la fenetre SB (dans une vraie fenetre SB : 2/66)
  [sbwin] SB #67 fn=939 p51=21 tick=1612 : armee=0 one_shot=0 page_prog=151 rif_avant=0 nwin=0 marge=0 -> DMA NON ARMEE (le RIF jette) : SCH memorise pour la fenetre SB (dans une vraie fenetre SB : 2/67)
  [sbwin] SB #68 fn=949 p51=31 tick=1622 : armee=0 one_shot=0 page_prog=151 rif_avant=0 nwin=0 marge=0 -> DMA NON ARMEE (le RIF jette) : SCH memorise pour la fenetre SB (dans une vraie fenetre SB : 2/68)
  [sbwin] SB #69 fn=959 p51=41 tick=1632 : armee=0 one_shot=0 page_prog=151 rif_avant=0 nwin=0 marge=0 -> DMA NON ARMEE (le RIF jette) : SCH memorise pour la fenetre SB (dans une vraie fenetre SB : 2/69)
  [sbwin] SB #70 fn=970 p51=1 tick=1643 : armee=0 one_shot=0 page_prog=151 rif_avant=0 nwin=0 marge=0 -> DMA NON ARMEE (le RIF jette) : SCH memorise pour la fenetre SB (dans une vraie fenetre SB : 2/70)
  [sbwin] SB #71 fn=980 p51=11 tick=1653 : armee=0 one_shot=0 page_prog=151 rif_avant=0 nwin=0 marge=0 -> DMA NON ARMEE (le RIF jette) : SCH memorise pour la fenetre SB (dans une vraie fenetre SB : 2/71)
  [sbwin] SB #72 fn=990 p51=21 tick=1663 : armee=0 one_shot=0 page_prog=151 rif_avant=0 nwin=0 marge=0 -> DMA NON ARMEE (le RIF jette) : SCH memorise pour la fenetre SB (dans une vraie fenetre SB : 2/72)
  [sbwin] SB #73 fn=1000 p51=31 tick=1673 : armee=0 one_shot=0 page_prog=151 rif_avant=0 nwin=0 marge=0 -> DMA NON ARMEE (le RIF jette) : SCH memorise pour la fenetre SB (dans une vraie fenetre SB : 2/73)
  [sbwin] SB #74 fn=1010 p51=41 tick=1683 : armee=0 one_shot=0 page_prog=151 rif_avant=0 nwin=0 marge=0 -> DMA NON ARMEE (le RIF jette) : SCH memorise pour la fenetre SB (dans une vraie fenetre SB : 2/74)
  [sbwin] SB #75 fn=1021 p51=1 tick=1694 : armee=1 one_shot=1 page_prog=151 rif_avant=0 nwin=151 marge=3 -> autre fenetre (PM/NB/continue) : SCH memorise pour la fenetre SB (dans une vraie fenetre SB : 2/75)
  [montant] canal dedie (side-band seq=1) : arme TS1 SDCCH/8 SS=0
  [a_cd] fn=1697 p51=14 p102=65 etat=8040 FIRE KO L2=65 65 ca 9e | ok=0 ko=1
pont : canal dedie arme : TS1 SDCCH/8 SS=0
  [sbwin] SB #76 fn=1031 p51=11 tick=1704 : armee=0 one_shot=0 page_prog=151 rif_avant=0 nwin=0 marge=0 -> DMA NON ARMEE (le RIF jette) : SCH memorise pour la fenetre SB (dans une vraie fenetre SB : 2/76)
  [montant] SDCCH UL fn=1707 task=0x000c L2=01 3f 49 05 08 70 00 f1 10 ff fe 30 08 09 10 10 00 10 00 00 10 2b 2b
  [BSP] dedie : DESACCORD fn=1035 p51=15 p102=15 : table=0 tpu=1 (offset=439 ref=4814, tn_fenetre=1) [1 fois]
  [BSP] dedie : DESACCORD fn=1036 p51=16 p102=16 : table=0 tpu=1 (offset=439 ref=4814, tn_fenetre=1) [2 fois]
  [BSP] dedie : DESACCORD fn=1037 p51=17 p102=17 : table=0 tpu=1 (offset=439 ref=4814, tn_fenetre=1) [3 fois]
  [BSP] dedie : DESACCORD fn=1038 p51=18 p102=18 : table=0 tpu=1 (offset=439 ref=4814, tn_fenetre=1) [4 fois]
  [rom-ul] bloc 1 publie (fn burst0=1708, L2=01 3f 49..)
  [sbwin] SB #77 fn=1041 p51=21 tick=1714 : armee=0 one_shot=0 page_prog=151 rif_avant=0 nwin=0 marge=0 -> DMA NON ARMEE (le RIF jette) : SCH memorise pour la fenetre SB (dans une vraie fenetre SB : 2/77)
  [sbwin] SB #78 fn=1051 p51=31 tick=1724 : armee=0 one_shot=0 page_prog=151 rif_avant=0 nwin=0 marge=0 -> DMA NON ARMEE (le RIF jette) : SCH memorise pour la fenetre SB (dans une vraie fenetre SB : 2/78)
  [BSP] dedie : DESACCORD fn=1052 p51=32 p102=32 : table=1 tpu=0 (offset=4814 ref=4814, tn_fenetre=0) [5 fois]
  [ts0] tick=1725 fn=1052 p51=32 NB fenetre=151 marge=3 rif_avant=0  <- canal dedie
  [BSP] dedie : DESACCORD fn=1053 p51=33 p102=33 : table=1 tpu=0 (offset=4814 ref=4814, tn_fenetre=0) [6 fois]
  [ts0] tick=1726 fn=1053 p51=33 NB fenetre=151 marge=3 rif_avant=0  <- canal dedie
  [BSP] dedie : DESACCORD fn=1054 p51=34 p102=34 : table=1 tpu=0 (offset=4814 ref=4814, tn_fenetre=0) [7 fois]
  [ts0] tick=1727 fn=1054 p51=34 NB fenetre=151 marge=3 rif_avant=0  <- canal dedie
  [BSP] dedie : DESACCORD fn=1055 p51=35 p102=35 : table=1 tpu=0 (offset=4814 ref=4814, tn_fenetre=0) [8 fois]
  [ts0] tick=1728 fn=1055 p51=35 NB fenetre=151 marge=3 rif_avant=0  <- canal dedie
  [a_cd] fn=1728 p51=45 p102=96 etat=8000 ok L2=07 00 03 03 | ok=1 ko=1
  profil PC (17699 tranches, high-water 0xde92) : 9a80:11% 8240:10% 8380:9% 83c0:5% 8200:4% 8300:4% 8540:4% 9a40:4% 81c0:3% a0c0:3% 82c0:3% a680:2%
  fn=1733    page=0 insn=121     IDLE   d_fb_det=0     a_sch=0100 0000 0000 0000 sync=0000 1537 ffff  | trames=1736 irq=0 iq=0
  hacks actifs : RHEA_DMA ; cadencement : STREAM LOCKSTEP  ; stimulus : none
  [sbwin] SB #79 fn=1061 p51=41 tick=1734 : armee=0 one_shot=0 page_prog=151 rif_avant=0 nwin=0 marge=0 -> DMA NON ARMEE (le RIF jette) : SCH memorise pour la fenetre SB (dans une vraie fenetre SB : 2/79)
  [montant] SDCCH UL fn=1739 task=0x000c L2=07 00 01 03 49 06 15 00 40 01 c0 00 00 00 00 00 00 00 00 00 00 00 00
  [BSP] dedie : DESACCORD fn=1067 p51=47 p102=47 : table=0 tpu=1 (offset=439 ref=4814, tn_fenetre=1) [9 fois]
  [BSP] dedie : DESACCORD fn=1068 p51=48 p102=48 : table=0 tpu=1 (offset=439 ref=4814, tn_fenetre=1) [10 fois]
  [BSP] dedie : DESACCORD fn=1069 p51=49 p102=49 : table=0 tpu=1 (offset=439 ref=4814, tn_fenetre=1) [11 fois]
  [BSP] dedie : DESACCORD fn=1070 p51=50 p102=50 : table=0 tpu=1 (offset=439 ref=4814, tn_fenetre=1) [12 fois]
  [rom-ul] bloc 2 publie (fn burst0=1740, L2=07 00 01..)
  [ts0] tick=1744 fn=1071 p51=0 NB fenetre=151 marge=3 rif_avant=0  <- canal dedie
  [ts0] tick=1745 fn=1072 p51=1 NB fenetre=151 marge=3 rif_avant=0  <- canal dedie
  [ts0] tick=1746 fn=1073 p51=2 NB fenetre=151 marge=3 rif_avant=0  <- canal dedie
  [ts0] tick=1747 fn=1074 p51=3 NB fenetre=151 marge=3 rif_avant=0  <- canal dedie
  [BSP] dedie : DESACCORD fn=1075 p51=4 p102=55 : table=0 tpu=1 (offset=439 ref=4814, tn_fenetre=1) [13 fois]
  [BSP] dedie : DESACCORD fn=1076 p51=5 p102=56 : table=0 tpu=1 (offset=439 ref=4814, tn_fenetre=1) [14 fois]
  [BSP] dedie : DESACCORD fn=1077 p51=6 p102=57 : table=0 tpu=1 (offset=439 ref=4814, tn_fenetre=1) [15 fois]
  [BSP] dedie : DESACCORD fn=1078 p51=7 p102=58 : table=0 tpu=1 (offset=439 ref=4814, tn_fenetre=1) [16 fois]
  [BSP] dedie : DESACCORD fn=1079 p51=8 p102=59 : table=0 tpu=1 (offset=439 ref=4814, tn_fenetre=1) [17 fois]
  [BSP] dedie : DESACCORD fn=1080 p51=9 p102=60 : table=0 tpu=1 (offset=439 ref=4814, tn_fenetre=1) [18 fois]
  [BSP] dedie : DESACCORD fn=1081 p51=10 p102=61 : table=0 tpu=1 (offset=439 ref=4814, tn_fenetre=1) [19 fois]
  [BSP] dedie : DESACCORD fn=1082 p51=11 p102=62 : table=0 tpu=1 (offset=439 ref=4814, tn_fenetre=1) [20 fois]
  [sbwin] SB #80 fn=1082 p51=11 tick=1755 : armee=0 one_shot=0 page_prog=151 rif_avant=0 nwin=0 marge=0 -> DMA NON ARMEE (le RIF jette) : SCH memorise pour la fenetre SB (dans une vraie fenetre SB : 2/80)
  [BSP] dedie : DESACCORD fn=1083 p51=12 p102=63 : table=0 tpu=1 (offset=439 ref=4814, tn_fenetre=1) [21 fois]
  [BSP] dedie : DESACCORD fn=1084 p51=13 p102=64 : table=0 tpu=1 (offset=439 ref=4814, tn_fenetre=1) [22 fois]
  [BSP] dedie : DESACCORD fn=1085 p51=14 p102=65 : table=0 tpu=1 (offset=439 ref=4814, tn_fenetre=1) [23 fois]
  [BSP] dedie : DESACCORD fn=1086 p51=15 p102=66 : table=0 tpu=1 (offset=439 ref=4814, tn_fenetre=1) [24 fois]
  [BSP] dedie : DESACCORD fn=1087 p51=16 p102=67 : table=0 tpu=1 (offset=439 ref=4814, tn_fenetre=1) [25 fois]
  [BSP] dedie : DESACCORD fn=1088 p51=17 p102=68 : table=0 tpu=1 (offset=439 ref=4814, tn_fenetre=1) [26 fois]
  [BSP] dedie : DESACCORD fn=1089 p51=18 p102=69 : table=0 tpu=1 (offset=439 ref=4814, tn_fenetre=1) [27 fois]
  [rom-ul] bloc 3 publie (fn burst0=1759, L2=01 03 01..)
  [BSP] dedie : DESACCORD fn=1090 p51=19 p102=70 : table=0 tpu=1 (offset=439 ref=4814, tn_fenetre=1) [28 fois]
  [BSP] dedie : DESACCORD fn=1091 p51=20 p102=71 : table=0 tpu=1 (offset=439 ref=4814, tn_fenetre=1) [29 fois]
  [BSP] dedie : DESACCORD fn=1092 p51=21 p102=72 : table=0 tpu=1 (offset=439 ref=4814, tn_fenetre=1) [30 fois]
  [sbwin] SB #81 fn=1092 p51=21 tick=1765 : armee=0 one_shot=0 page_prog=151 rif_avant=0 nwin=0 marge=0 -> DMA NON ARMEE (le RIF jette) : SCH memorise pour la fenetre SB (dans une vraie fenetre SB : 2/81)
  [BSP] dedie : DESACCORD fn=1093 p51=22 p102=73 : table=0 tpu=1 (offset=439 ref=4814, tn_fenetre=1) [31 fois]
  [BSP] dedie : DESACCORD fn=1094 p51=23 p102=74 : table=0 tpu=1 (offset=439 ref=4814, tn_fenetre=1) [32 fois]
  [BSP] dedie : DESACCORD fn=1095 p51=24 p102=75 : table=0 tpu=1 (offset=439 ref=4814, tn_fenetre=1) [33 fois]
  [BSP] dedie : DESACCORD fn=1096 p51=25 p102=76 : table=0 tpu=1 (offset=439 ref=4814, tn_fenetre=1) [34 fois]
  [BSP] dedie : DESACCORD fn=1097 p51=26 p102=77 : table=0 tpu=1 (offset=439 ref=4814, tn_fenetre=1) [35 fois]
  [BSP] dedie : DESACCORD fn=1098 p51=27 p102=78 : table=0 tpu=1 (offset=439 ref=4814, tn_fenetre=1) [36 fois]
  [BSP] dedie : DESACCORD fn=1099 p51=28 p102=79 : table=0 tpu=1 (offset=439 ref=4814, tn_fenetre=1) [37 fois]
  [BSP] dedie : DESACCORD fn=1100 p51=29 p102=80 : table=0 tpu=1 (offset=439 ref=4814, tn_fenetre=1) [38 fois]
  [BSP] dedie : DESACCORD fn=1101 p51=30 p102=81 : table=0 tpu=1 (offset=439 ref=4814, tn_fenetre=1) [39 fois]
  [BSP] dedie : DESACCORD fn=1102 p51=31 p102=82 : table=0 tpu=1 (offset=439 ref=4814, tn_fenetre=1) [40 fois]
  [sbwin] SB #82 fn=1102 p51=31 tick=1775 : armee=0 one_shot=0 page_prog=151 rif_avant=0 nwin=0 marge=0 -> DMA NON ARMEE (le RIF jette) : SCH memorise pour la fenetre SB (dans une vraie fenetre SB : 2/82)
  [sbwin] SB #83 fn=1112 p51=41 tick=1785 : armee=0 one_shot=0 page_prog=151 rif_avant=0 nwin=0 marge=0 -> DMA NON ARMEE (le RIF jette) : SCH memorise pour la fenetre SB (dans une vraie fenetre SB : 2/83)
  [ts0] tick=1795 fn=1122 p51=0 NB fenetre=151 marge=3 rif_avant=0  <- canal dedie
  [ts0] tick=1796 fn=1123 p51=1 NB fenetre=151 marge=3 rif_avant=0  <- canal dedie
  [ts0] tick=1797 fn=1124 p51=2 NB fenetre=151 marge=3 rif_avant=0  <- canal dedie
  [ts0] tick=1798 fn=1125 p51=3 NB fenetre=151 marge=3 rif_avant=0  <- canal dedie
  [sbwin] SB #84 fn=1133 p51=11 tick=1806 : armee=0 one_shot=0 page_prog=151 rif_avant=0 nwin=0 marge=0 -> DMA NON ARMEE (le RIF jette) : SCH memorise pour la fenetre SB (dans une vraie fenetre SB : 2/84)
  [rom-ul] bloc 4 publie (fn burst0=1810, L2=01 03 01..)
  [sbwin] SB #85 fn=1143 p51=21 tick=1816 : armee=0 one_shot=0 page_prog=151 rif_avant=0 nwin=0 marge=0 -> DMA NON ARMEE (le RIF jette) : SCH memorise pour la fenetre SB (dans une vraie fenetre SB : 2/85)
  [sbwin] SB #86 fn=1153 p51=31 tick=1826 : armee=0 one_shot=0 page_prog=151 rif_avant=0 nwin=0 marge=0 -> DMA NON ARMEE (le RIF jette) : SCH memorise pour la fenetre SB (dans une vraie fenetre SB : 2/86)
  [ts0] tick=1827 fn=1154 p51=32 NB fenetre=151 marge=3 rif_avant=0  <- canal dedie
  [ts0] tick=1828 fn=1155 p51=33 NB fenetre=151 marge=3 rif_avant=0  <- canal dedie
  [ts0] tick=1829 fn=1156 p51=34 NB fenetre=151 marge=3 rif_avant=0  <- canal dedie
  [ts0] tick=1830 fn=1157 p51=35 NB fenetre=151 marge=3 rif_avant=0  <- canal dedie
  [sbwin] SB #87 fn=1163 p51=41 tick=1836 : armee=0 one_shot=0 page_prog=151 rif_avant=0 nwin=0 marge=0 -> DMA NON ARMEE (le RIF jette) : SCH memorise pour la fenetre SB (dans une vraie fenetre SB : 2/87)
  [montant] SDCCH UL fn=1841 task=0x000c L2=07 00 01 03 49 06 15 00 40 01 c0 00 00 00 00 00 00 00 00 00 00 00 00
  [ts0] tick=1846 fn=1173 p51=0 NB fenetre=151 marge=3 rif_avant=0  <- canal dedie
  [ts0] tick=1847 fn=1174 p51=1 NB fenetre=151 marge=3 rif_avant=0  <- canal dedie
  [ts0] tick=1848 fn=1175 p51=2 NB fenetre=151 marge=3 rif_avant=0  <- canal dedie
  [ts0] tick=1849 fn=1176 p51=3 NB fenetre=151 marge=3 rif_avant=0  <- canal dedie
  [sbwin] SB #88 fn=1184 p51=11 tick=1857 : armee=0 one_shot=0 page_prog=151 rif_avant=0 nwin=0 marge=0 -> DMA NON ARMEE (le RIF jette) : SCH memorise pour la fenetre SB (dans une vraie fenetre SB : 2/88)
  [montant] SDCCH UL fn=1860 task=0x000c L2=03 21 01 2b 2b 2b 2b 2b 2b 2b 2b 2b 2b 2b 2b 2b 2b 2b 2b 2b 2b 2b 2b
  [sbwin] SB #89 fn=1194 p51=21 tick=1867 : armee=0 one_shot=0 page_prog=151 rif_avant=0 nwin=0 marge=0 -> DMA NON ARMEE (le RIF jette) : SCH memorise pour la fenetre SB (dans une vraie fenetre SB : 2/89)
  [sbwin] SB #90 fn=1204 p51=31 tick=1877 : armee=0 one_shot=0 page_prog=151 rif_avant=0 nwin=0 marge=0 -> DMA NON ARMEE (le RIF jette) : SCH memorise pour la fenetre SB (dans une vraie fenetre SB : 2/90)
  [sbwin] SB #91 fn=1214 p51=41 tick=1887 : armee=0 one_shot=0 page_prog=151 rif_avant=0 nwin=0 marge=0 -> DMA NON ARMEE (le RIF jette) : SCH memorise pour la fenetre SB (dans une vraie fenetre SB : 2/91)
  [ts0] tick=1897 fn=1224 p51=0 NB fenetre=151 marge=3 rif_avant=0  <- canal dedie
  [ts0] tick=1898 fn=1225 p51=1 NB fenetre=151 marge=3 rif_avant=0  <- canal dedie
  [ts0] tick=1899 fn=1226 p51=2 NB fenetre=151 marge=3 rif_avant=0  <- canal dedie
  [ts0] tick=1900 fn=1227 p51=3 NB fenetre=151 marge=3 rif_avant=0  <- canal dedie
  [sbwin] SB #92 fn=1235 p51=11 tick=1908 : armee=0 one_shot=0 page_prog=151 rif_avant=0 nwin=0 marge=0 -> DMA NON ARMEE (le RIF jette) : SCH memorise pour la fenetre SB (dans une vraie fenetre SB : 2/92)
  [montant] SDCCH UL fn=1911 task=0x000c L2=01 20 31 05 59 09 33 85 29 05 80 69 57 49 f0 2b 2b 2b 2b 2b 2b 2b 2b
  [sbwin] SB #93 fn=1245 p51=21 tick=1918 : armee=0 one_shot=0 page_prog=151 rif_avant=0 nwin=0 marge=0 -> DMA NON ARMEE (le RIF jette) : SCH memorise pour la fenetre SB (dans une vraie fenetre SB : 2/93)
  [sbwin] SB #94 fn=1255 p51=31 tick=1928 : armee=0 one_shot=0 page_prog=151 rif_avant=0 nwin=0 marge=0 -> DMA NON ARMEE (le RIF jette) : SCH memorise pour la fenetre SB (dans une vraie fenetre SB : 2/94)
  [ts0] tick=1929 fn=1256 p51=32 NB fenetre=151 marge=3 rif_avant=0  <- canal dedie
  [ts0] tick=1930 fn=1257 p51=33 NB fenetre=151 marge=3 rif_avant=0  <- canal dedie
  [ts0] tick=1931 fn=1258 p51=34 NB fenetre=151 marge=3 rif_avant=0  <- canal dedie
  [ts0] tick=1932 fn=1259 p51=35 NB fenetre=151 marge=3 rif_avant=0  <- canal dedie
  [sbwin] SB #95 fn=1265 p51=41 tick=1938 : armee=0 one_shot=0 page_prog=151 rif_avant=0 nwin=0 marge=0 -> DMA NON ARMEE (le RIF jette) : SCH memorise pour la fenetre SB (dans une vraie fenetre SB : 2/95)
  [montant] SDCCH UL fn=1943 task=0x000c L2=07 00 01 03 49 06 15 bf 3f 00 00 00 00 00 00 00 00 00 00 00 00 00 00
  [ts0] tick=1948 fn=1275 p51=0 NB fenetre=151 marge=3 rif_avant=0  <- canal dedie
  [ts0] tick=1949 fn=1276 p51=1 NB fenetre=151 marge=3 rif_avant=0  <- canal dedie
  [ts0] tick=1950 fn=1277 p51=2 NB fenetre=151 marge=3 rif_avant=0  <- canal dedie
  profil PC (9892 tranches, high-water 0xde92) : 8240:9% 9a80:9% 8380:9% 83c0:4% a680:4% 8200:4% 8300:4% 8540:4% 9a40:3% 81c0:3% 82c0:3% a0c0:3%
  fn=1950    page=1 insn=13607   IDLE   d_fb_det=0     a_sch=0100 0000 0000 0000 sync=0000 1537 ffff  | trames=1953 irq=0 iq=0
  [ts0] tick=1951 fn=1278 p51=3 NB fenetre=151 marge=3 rif_avant=0  <- canal dedie
  [BSP] dedie : DESACCORD fn=1286 p51=11 p102=62 : table=0 tpu=1 (offset=439 ref=4814, tn_fenetre=1) [200 fois]
  [sbwin] SB #96 fn=1286 p51=11 tick=1959 : armee=0 one_shot=0 page_prog=151 rif_avant=0 nwin=0 marge=0 -> DMA NON ARMEE (le RIF jette) : SCH memorise pour la fenetre SB (dans une vraie fenetre SB : 2/96)
  [sbwin] SB #97 fn=1296 p51=21 tick=1969 : armee=0 one_shot=0 page_prog=151 rif_avant=0 nwin=0 marge=0 -> DMA NON ARMEE (le RIF jette) : SCH memorise pour la fenetre SB (dans une vraie fenetre SB : 2/97)
  [sbwin] SB #98 fn=1306 p51=31 tick=1979 : armee=0 one_shot=0 page_prog=151 rif_avant=0 nwin=0 marge=0 -> DMA NON ARMEE (le RIF jette) : SCH memorise pour la fenetre SB (dans une vraie fenetre SB : 2/98)
  [sbwin] SB #99 fn=1316 p51=41 tick=1989 : armee=0 one_shot=0 page_prog=151 rif_avant=0 nwin=0 marge=0 -> DMA NON ARMEE (le RIF jette) : SCH memorise pour la fenetre SB (dans une vraie fenetre SB : 2/99)
  [chrono] fn=1997 sur 1000 trames (ms) : qemu 3.65 | A 0.06 | go 0.26 | B 0.22 | apres DONE 0.43 | trame 4.62 (temps reel 4.62)
  [ts0] tick=1999 fn=1326 p51=0 NB fenetre=151 marge=3 rif_avant=0  <- canal dedie
  [ts0] tick=2000 fn=1327 p51=1 NB fenetre=151 marge=3 rif_avant=0  <- canal dedie
  [ts0] tick=2001 fn=1328 p51=2 NB fenetre=151 marge=3 rif_avant=0  <- canal dedie
  [ts0] tick=2002 fn=1329 p51=3 NB fenetre=151 marge=3 rif_avant=0  <- canal dedie
  [sbwin] SB #100 fn=1337 p51=11 tick=2010 : armee=0 one_shot=0 page_prog=151 rif_avant=0 nwin=0 marge=0 -> DMA NON ARMEE (le RIF jette) : SCH memorise pour la fenetre SB (dans une vraie fenetre SB : 2/100)
  [sbwin] SB #101 fn=1347 p51=21 tick=2020 : armee=0 one_shot=0 page_prog=151 rif_avant=0 nwin=0 marge=0 -> DMA NON ARMEE (le RIF jette) : SCH memorise pour la fenetre SB (dans une vraie fenetre SB : 2/101)
  [sbwin] SB #102 fn=1357 p51=31 tick=2030 : armee=0 one_shot=0 page_prog=151 rif_avant=0 nwin=0 marge=0 -> DMA NON ARMEE (le RIF jette) : SCH memorise pour la fenetre SB (dans une vraie fenetre SB : 2/102)
  [ts0] tick=2031 fn=1358 p51=32 NB fenetre=151 marge=3 rif_avant=0  <- canal dedie
  [ts0] tick=2032 fn=1359 p51=33 NB fenetre=151 marge=3 rif_avant=0  <- canal dedie
  [ts0] tick=2033 fn=1360 p51=34 NB fenetre=151 marge=3 rif_avant=0  <- canal dedie
  [ts0] tick=2034 fn=1361 p51=35 NB fenetre=151 marge=3 rif_avant=0  <- canal dedie
  [sbwin] SB #103 fn=1367 p51=41 tick=2040 : armee=0 one_shot=0 page_prog=151 rif_avant=0 nwin=0 marge=0 -> DMA NON ARMEE (le RIF jette) : SCH memorise pour la fenetre SB (dans une vraie fenetre SB : 2/103)
  [montant] SDCCH UL fn=2045 task=0x000c L2=07 00 01 03 49 06 15 bf 3f 00 00 00 00 00 00 00 00 00 00 00 00 00 00
  [ts0] tick=2050 fn=1377 p51=0 NB fenetre=151 marge=3 rif_avant=0  <- canal dedie
  [ts0] tick=2051 fn=1378 p51=1 NB fenetre=151 marge=3 rif_avant=0  <- canal dedie
  [ts0] tick=2052 fn=1379 p51=2 NB fenetre=151 marge=3 rif_avant=0  <- canal dedie
  [ts0] tick=2053 fn=1380 p51=3 NB fenetre=151 marge=3 rif_avant=0  <- canal dedie
  [sbwin] SB #104 fn=1388 p51=11 tick=2061 : armee=0 one_shot=0 page_prog=151 rif_avant=0 nwin=0 marge=0 -> DMA NON ARMEE (le RIF jette) : SCH memorise pour la fenetre SB (dans une vraie fenetre SB : 2/104)
  [montant] SDCCH UL fn=2064 task=0x000c L2=03 41 01 2b 2b 2b 2b 2b 2b 2b 2b 2b 2b 2b 2b 2b 2b 2b 2b 2b 2b 2b 2b
  [sbwin] SB #105 fn=1398 p51=21 tick=2071 : armee=0 one_shot=0 page_prog=151 rif_avant=0 nwin=0 marge=0 -> DMA NON ARMEE (le RIF jette) : SCH memorise pour la fenetre SB (dans une vraie fenetre SB : 2/105)
  [sbwin] SB #106 fn=1408 p51=31 tick=2081 : armee=0 one_shot=0 page_prog=151 rif_avant=0 nwin=0 marge=0 -> DMA NON ARMEE (le RIF jette) : SCH memorise pour la fenetre SB (dans une vraie fenetre SB : 2/106)
  [sbwin] SB #107 fn=1418 p51=41 tick=2091 : armee=0 one_shot=0 page_prog=151 rif_avant=0 nwin=0 marge=0 -> DMA NON ARMEE (le RIF jette) : SCH memorise pour la fenetre SB (dans une vraie fenetre SB : 2/107)
  [ts0] tick=2101 fn=1428 p51=0 NB fenetre=151 marge=3 rif_avant=0  <- canal dedie
  [ts0] tick=2102 fn=1429 p51=1 NB fenetre=151 marge=3 rif_avant=0  <- canal dedie
  [ts0] tick=2103 fn=1430 p51=2 NB fenetre=151 marge=3 rif_avant=0  <- canal dedie
  [ts0] tick=2104 fn=1431 p51=3 NB fenetre=151 marge=3 rif_avant=0  <- canal dedie
  [sbwin] SB #108 fn=1439 p51=11 tick=2112 : armee=0 one_shot=0 page_prog=151 rif_avant=0 nwin=0 marge=0 -> DMA NON ARMEE (le RIF jette) : SCH memorise pour la fenetre SB (dans une vraie fenetre SB : 2/108)
  [montant] SDCCH UL fn=2115 task=0x000c L2=01 42 19 05 14 d9 49 39 9e 2b 2b 2b 2b 2b 2b 2b 2b 2b 2b 2b 2b 2b 2b
  [sbwin] SB #109 fn=1449 p51=21 tick=2122 : armee=0 one_shot=0 page_prog=151 rif_avant=0 nwin=0 marge=0 -> DMA NON ARMEE (le RIF jette) : SCH memorise pour la fenetre SB (dans une vraie fenetre SB : 2/109)
  [sbwin] SB #110 fn=1459 p51=31 tick=2132 : armee=0 one_shot=0 page_prog=151 rif_avant=0 nwin=0 marge=0 -> DMA NON ARMEE (le RIF jette) : SCH memorise pour la fenetre SB (dans une vraie fenetre SB : 2/110)
  [ts0] tick=2133 fn=1460 p51=32 NB fenetre=151 marge=3 rif_avant=0  <- canal dedie
  [ts0] tick=2134 fn=1461 p51=33 NB fenetre=151 marge=3 rif_avant=0  <- canal dedie
  [ts0] tick=2135 fn=1462 p51=34 NB fenetre=151 marge=3 rif_avant=0  <- canal dedie
  [ts0] tick=2136 fn=1463 p51=35 NB fenetre=151 marge=3 rif_avant=0  <- canal dedie
  [sbwin] SB #111 fn=1469 p51=41 tick=2142 : armee=0 one_shot=0 page_prog=151 rif_avant=0 nwin=0 marge=0 -> DMA NON ARMEE (le RIF jette) : SCH memorise pour la fenetre SB (dans une vraie fenetre SB : 2/111)
  [montant] SDCCH UL fn=2147 task=0x000c L2=08 00 01 03 49 06 15 bf 3f 00 00 00 00 00 00 00 00 00 00 00 00 00 00
  [ts0] tick=2152 fn=1479 p51=0 NB fenetre=151 marge=3 rif_avant=0  <- canal dedie
  [ts0] tick=2153 fn=1480 p51=1 NB fenetre=151 marge=3 rif_avant=0  <- canal dedie
  [ts0] tick=2154 fn=1481 p51=2 NB fenetre=151 marge=3 rif_avant=0  <- canal dedie
  [ts0] tick=2155 fn=1482 p51=3 NB fenetre=151 marge=3 rif_avant=0  <- canal dedie
  [sbwin] SB #112 fn=1490 p51=11 tick=2163 : armee=0 one_shot=0 page_prog=151 rif_avant=0 nwin=0 marge=0 -> DMA NON ARMEE (le RIF jette) : SCH memorise pour la fenetre SB (dans une vraie fenetre SB : 2/112)
  profil PC (9746 tranches, high-water 0xde92) : 9a80:11% 8240:9% 8380:8% a680:4% 83c0:4% 8200:4% 8300:4% 9a40:3% 8540:3% a0c0:3% 81c0:3% 82c0:3%
  fn=2167    page=1 insn=6700    IDLE   d_fb_det=0     a_sch=0100 0000 0000 0000 sync=0000 1537 ffff  | trames=2170 irq=0 iq=0
  [sbwin] SB #113 fn=1500 p51=21 tick=2173 : armee=0 one_shot=0 page_prog=151 rif_avant=0 nwin=0 marge=0 -> DMA NON ARMEE (le RIF jette) : SCH memorise pour la fenetre SB (dans une vraie fenetre SB : 2/113)
  [BSP] dedie : DESACCORD fn=1510 p51=31 p102=82 : table=0 tpu=1 (offset=439 ref=4814, tn_fenetre=1) [400 fois]
  [sbwin] SB #114 fn=1510 p51=31 tick=2183 : armee=0 one_shot=0 page_prog=151 rif_avant=0 nwin=0 marge=0 -> DMA NON ARMEE (le RIF jette) : SCH memorise pour la fenetre SB (dans une vraie fenetre SB : 2/114)
  [sbwin] SB #115 fn=1520 p51=41 tick=2193 : armee=0 one_shot=0 page_prog=151 rif_avant=0 nwin=0 marge=0 -> DMA NON ARMEE (le RIF jette) : SCH memorise pour la fenetre SB (dans une vraie fenetre SB : 2/115)
  [ts0] tick=2203 fn=1530 p51=0 NB fenetre=151 marge=3 rif_avant=0  <- canal dedie
  [ts0] tick=2204 fn=1531 p51=1 NB fenetre=151 marge=3 rif_avant=0  <- canal dedie
  [ts0] tick=2205 fn=1532 p51=2 NB fenetre=151 marge=3 rif_avant=0  <- canal dedie
  [ts0] tick=2206 fn=1533 p51=3 NB fenetre=151 marge=3 rif_avant=0  <- canal dedie
  [sbwin] SB #116 fn=1541 p51=11 tick=2214 : armee=0 one_shot=0 page_prog=151 rif_avant=0 nwin=0 marge=0 -> DMA NON ARMEE (le RIF jette) : SCH memorise pour la fenetre SB (dans une vraie fenetre SB : 2/116)
  [sbwin] SB #117 fn=1551 p51=21 tick=2224 : armee=0 one_shot=0 page_prog=151 rif_avant=0 nwin=0 marge=0 -> DMA NON ARMEE (le RIF jette) : SCH memorise pour la fenetre SB (dans une vraie fenetre SB : 2/117)
  [sbwin] SB #118 fn=1561 p51=31 tick=2234 : armee=0 one_shot=0 page_prog=151 rif_avant=0 nwin=0 marge=0 -> DMA NON ARMEE (le RIF jette) : SCH memorise pour la fenetre SB (dans une vraie fenetre SB : 2/118)
  [ts0] tick=2235 fn=1562 p51=32 NB fenetre=151 marge=3 rif_avant=0  <- canal dedie
  [ts0] tick=2236 fn=1563 p51=33 NB fenetre=151 marge=3 rif_avant=0  <- canal dedie
  [ts0] tick=2237 fn=1564 p51=34 NB fenetre=151 marge=3 rif_avant=0  <- canal dedie
  [ts0] tick=2238 fn=1565 p51=35 NB fenetre=151 marge=3 rif_avant=0  <- canal dedie
  [sbwin] SB #119 fn=1571 p51=41 tick=2244 : armee=0 one_shot=0 page_prog=151 rif_avant=0 nwin=0 marge=0 -> DMA NON ARMEE (le RIF jette) : SCH memorise pour la fenetre SB (dans une vraie fenetre SB : 2/119)
  [montant] SDCCH UL fn=2249 task=0x000c L2=08 00 01 03 49 06 15 bf 3f 00 00 00 00 00 00 00 00 00 00 00 00 00 00
  [ts0] tick=2254 fn=1581 p51=0 NB fenetre=151 marge=3 rif_avant=0  <- canal dedie
  [ts0] tick=2255 fn=1582 p51=1 NB fenetre=151 marge=3 rif_avant=0  <- canal dedie
  [ts0] tick=2256 fn=1583 p51=2 NB fenetre=151 marge=3 rif_avant=0  <- canal dedie
  [ts0] tick=2257 fn=1584 p51=3 NB fenetre=151 marge=3 rif_avant=0  <- canal dedie
  [a5-arm] tick=2259 d_a5mode=1 a_kc=ac00 af41 1ffb 08e6
  [montant] chiffrement A5/1 : Kc publie vers /dev/shm/calypso_kc_l1 (seq=2)
  [sbwin] SB #120 fn=1592 p51=11 tick=2265 : armee=0 one_shot=0 page_prog=151 rif_avant=0 nwin=0 marge=0 -> DMA NON ARMEE (le RIF jette) : SCH memorise pour la fenetre SB (dans une vraie fenetre SB : 2/120)
  [montant] SDCCH UL fn=2268 task=0x000c L2=03 61 01 2b 2b 2b 2b 2b 2b 2b 2b 2b 2b 2b 2b 2b 2b 2b 2b 2b 2b 2b 2b
  [a5] #0 A5/1 fn=1596 (T1=1 T2=10 T3=15) Kc=08e61ffbaf41ac00 (NOUVEAU Kc) | dernier depot BSP fn=1595 (ecart +1)
  [a5] #1 A5/1 fn=1596 (T1=1 T2=10 T3=15) Kc=08e61ffbaf41ac00 | dernier depot BSP fn=1595 (ecart +1)
  [a5] #2 A5/1 fn=1596 (T1=1 T2=10 T3=15) Kc=08e61ffbaf41ac00 | dernier depot BSP fn=1595 (ecart +1)
  [a5] #3 A5/1 fn=1597 (T1=1 T2=11 T3=16) Kc=08e61ffbaf41ac00 | dernier depot BSP fn=1596 (ecart +1)
  [a5] #4 A5/1 fn=1597 (T1=1 T2=11 T3=16) Kc=08e61ffbaf41ac00 | dernier depot BSP fn=1596 (ecart +1)
  [a5] #5 A5/1 fn=1597 (T1=1 T2=11 T3=16) Kc=08e61ffbaf41ac00 | dernier depot BSP fn=1596 (ecart +1)
  [a5] #6 A5/1 fn=1598 (T1=1 T2=12 T3=17) Kc=08e61ffbaf41ac00 | dernier depot BSP fn=1597 (ecart +1)
  [a5] #7 A5/1 fn=1598 (T1=1 T2=12 T3=17) Kc=08e61ffbaf41ac00 | dernier depot BSP fn=1597 (ecart +1)
  [sbwin] SB #121 fn=1602 p51=21 tick=2275 : armee=0 one_shot=0 page_prog=151 rif_avant=0 nwin=0 marge=0 -> DMA NON ARMEE (le RIF jette) : SCH memorise pour la fenetre SB (dans une vraie fenetre SB : 2/121)
  [sbwin] SB #122 fn=1612 p51=31 tick=2285 : armee=0 one_shot=0 page_prog=151 rif_avant=0 nwin=0 marge=0 -> DMA NON ARMEE (le RIF jette) : SCH memorise pour la fenetre SB (dans une vraie fenetre SB : 2/122)
  [sbwin] SB #123 fn=1622 p51=41 tick=2295 : armee=0 one_shot=0 page_prog=151 rif_avant=0 nwin=0 marge=0 -> DMA NON ARMEE (le RIF jette) : SCH memorise pour la fenetre SB (dans une vraie fenetre SB : 2/123)
  [ts0] tick=2305 fn=1632 p51=0 NB fenetre=151 marge=3 rif_avant=0  <- canal dedie
  [ts0] tick=2306 fn=1633 p51=1 NB fenetre=151 marge=3 rif_avant=0  <- canal dedie
  [ts0] tick=2307 fn=1634 p51=2 NB fenetre=151 marge=3 rif_avant=0  <- canal dedie
  [ts0] tick=2308 fn=1635 p51=3 NB fenetre=151 marge=3 rif_avant=0  <- canal dedie
  [a_cd] fn=2308 p51=13 p102=64 etat=8040 FIRE KO L2=48 53 1a 70 | ok=1 ko=2
  [sbwin] SB #124 fn=1643 p51=11 tick=2316 : armee=0 one_shot=0 page_prog=151 rif_avant=0 nwin=0 marge=0 -> DMA NON ARMEE (le RIF jette) : SCH memorise pour la fenetre SB (dans une vraie fenetre SB : 2/124)
  [montant] SDCCH UL fn=2319 task=0x000c L2=01 64 35 06 32 17 09 33 85 29 05 80 69 57 49 f0 2b 2b 2b 2b 2b 2b 2b
  [sbwin] SB #125 fn=1653 p51=21 tick=2326 : armee=0 one_shot=0 page_prog=151 rif_avant=0 nwin=0 marge=0 -> DMA NON ARMEE (le RIF jette) : SCH memorise pour la fenetre SB (dans une vraie fenetre SB : 2/125)
  [sbwin] SB #126 fn=1663 p51=31 tick=2336 : armee=0 one_shot=0 page_prog=151 rif_avant=0 nwin=0 marge=0 -> DMA NON ARMEE (le RIF jette) : SCH memorise pour la fenetre SB (dans une vraie fenetre SB : 2/126)
  [ts0] tick=2337 fn=1664 p51=32 NB fenetre=151 marge=3 rif_avant=0  <- canal dedie
  [ts0] tick=2338 fn=1665 p51=33 NB fenetre=151 marge=3 rif_avant=0  <- canal dedie
  [ts0] tick=2339 fn=1666 p51=34 NB fenetre=151 marge=3 rif_avant=0  <- canal dedie
  [ts0] tick=2340 fn=1667 p51=35 NB fenetre=151 marge=3 rif_avant=0  <- canal dedie
  [sbwin] SB #127 fn=1673 p51=41 tick=2346 : armee=0 one_shot=0 page_prog=151 rif_avant=0 nwin=0 marge=0 -> DMA NON ARMEE (le RIF jette) : SCH memorise pour la fenetre SB (dans une vraie fenetre SB : 2/127)
  [montant] SDCCH UL fn=2351 task=0x000c L2=08 00 01 03 49 06 15 bf 3f 00 00 00 00 00 00 00 00 00 00 00 00 00 00
  [ts0] tick=2356 fn=1683 p51=0 NB fenetre=151 marge=3 rif_avant=0  <- canal dedie
  [ts0] tick=2357 fn=1684 p51=1 NB fenetre=151 marge=3 rif_avant=0  <- canal dedie
  [ts0] tick=2358 fn=1685 p51=2 NB fenetre=151 marge=3 rif_avant=0  <- canal dedie
  [ts0] tick=2359 fn=1686 p51=3 NB fenetre=151 marge=3 rif_avant=0  <- canal dedie
  [sbwin] SB #128 fn=1694 p51=11 tick=2367 : armee=0 one_shot=0 page_prog=151 rif_avant=0 nwin=0 marge=0 -> DMA NON ARMEE (le RIF jette) : SCH memorise pour la fenetre SB (dans une vraie fenetre SB : 2/128)
  [sbwin] SB #129 fn=1704 p51=21 tick=2377 : armee=0 one_shot=0 page_prog=151 rif_avant=0 nwin=0 marge=0 -> DMA NON ARMEE (le RIF jette) : SCH memorise pour la fenetre SB (dans une vraie fenetre SB : 2/129)
  profil PC (9401 tranches, high-water 0xde92) : 9a80:9% 8240:9% 8380:8% a680:5% 83c0:4% 8200:4% 8300:4% 8540:3% 9a40:3% a0c0:3% 81c0:3% 82c0:2%
  fn=2384    page=0 insn=121     IDLE   d_fb_det=0     a_sch=0100 0000 0000 0000 sync=0000 1537 ffff  | trames=2387 irq=0 iq=0
  [sbwin] SB #130 fn=1714 p51=31 tick=2387 : armee=0 one_shot=0 page_prog=151 rif_avant=0 nwin=0 marge=0 -> DMA NON ARMEE (le RIF jette) : SCH memorise pour la fenetre SB (dans une vraie fenetre SB : 2/130)
  [sbwin] SB #131 fn=1724 p51=41 tick=2397 : armee=0 one_shot=0 page_prog=151 rif_avant=0 nwin=0 marge=0 -> DMA NON ARMEE (le RIF jette) : SCH memorise pour la fenetre SB (dans une vraie fenetre SB : 2/131)
  [ts0] tick=2407 fn=1734 p51=0 NB fenetre=151 marge=3 rif_avant=0  <- canal dedie
  [ts0] tick=2408 fn=1735 p51=1 NB fenetre=151 marge=3 rif_avant=0  <- canal dedie
  [ts0] tick=2409 fn=1736 p51=2 NB fenetre=151 marge=3 rif_avant=0  <- canal dedie
  [ts0] tick=2410 fn=1737 p51=3 NB fenetre=151 marge=3 rif_avant=0  <- canal dedie
  [a_cd] fn=2410 p51=13 p102=64 etat=8000 ok L2=01 61 01 2b | ok=2 ko=2
  [BSP] dedie : DESACCORD fn=1738 p51=4 p102=4 : table=0 tpu=1 (offset=439 ref=4814, tn_fenetre=1) [600 fois]
  [sbwin] SB #132 fn=1745 p51=11 tick=2418 : armee=0 one_shot=0 page_prog=151 rif_avant=0 nwin=0 marge=0 -> DMA NON ARMEE (le RIF jette) : SCH memorise pour la fenetre SB (dans une vraie fenetre SB : 2/132)
  [sbwin] SB #133 fn=1755 p51=21 tick=2428 : armee=0 one_shot=0 page_prog=151 rif_avant=0 nwin=0 marge=0 -> DMA NON ARMEE (le RIF jette) : SCH memorise pour la fenetre SB (dans une vraie fenetre SB : 2/133)
  [sbwin] SB #134 fn=1765 p51=31 tick=2438 : armee=0 one_shot=0 page_prog=151 rif_avant=0 nwin=0 marge=0 -> DMA NON ARMEE (le RIF jette) : SCH memorise pour la fenetre SB (dans une vraie fenetre SB : 2/134)
  [ts0] tick=2439 fn=1766 p51=32 NB fenetre=151 marge=3 rif_avant=0  <- canal dedie
  [ts0] tick=2440 fn=1767 p51=33 NB fenetre=151 marge=3 rif_avant=0  <- canal dedie
  [ts0] tick=2441 fn=1768 p51=34 NB fenetre=151 marge=3 rif_avant=0  <- canal dedie
  [ts0] tick=2442 fn=1769 p51=35 NB fenetre=151 marge=3 rif_avant=0  <- canal dedie
  [sbwin] SB #135 fn=1775 p51=41 tick=2448 : armee=0 one_shot=0 page_prog=151 rif_avant=0 nwin=0 marge=0 -> DMA NON ARMEE (le RIF jette) : SCH memorise pour la fenetre SB (dans une vraie fenetre SB : 2/135)
  [montant] SDCCH UL fn=2453 task=0x000c L2=08 00 01 03 49 06 15 bf 3f 00 00 00 00 00 00 00 00 00 00 00 00 00 00
  [ts0] tick=2458 fn=1785 p51=0 NB fenetre=151 marge=3 rif_avant=0  <- canal dedie
  [ts0] tick=2459 fn=1786 p51=1 NB fenetre=151 marge=3 rif_avant=0  <- canal dedie
  [ts0] tick=2460 fn=1787 p51=2 NB fenetre=151 marge=3 rif_avant=0  <- canal dedie
  [ts0] tick=2461 fn=1788 p51=3 NB fenetre=151 marge=3 rif_avant=0  <- canal dedie
  [sbwin] SB #136 fn=1796 p51=11 tick=2469 : armee=0 one_shot=0 page_prog=151 rif_avant=0 nwin=0 marge=0 -> DMA NON ARMEE (le RIF jette) : SCH memorise pour la fenetre SB (dans une vraie fenetre SB : 2/136)
  [montant] SDCCH UL fn=2472 task=0x000c L2=03 81 01 2b 2b 2b 2b 2b 2b 2b 2b 2b 2b 2b 2b 2b 2b 2b 2b 2b 2b 2b 2b
  [sbwin] SB #137 fn=1806 p51=21 tick=2479 : armee=0 one_shot=0 page_prog=151 rif_avant=0 nwin=0 marge=0 -> DMA NON ARMEE (le RIF jette) : SCH memorise pour la fenetre SB (dans une vraie fenetre SB : 2/137)
  [sbwin] SB #138 fn=1816 p51=31 tick=2489 : armee=0 one_shot=0 page_prog=151 rif_avant=0 nwin=0 marge=0 -> DMA NON ARMEE (le RIF jette) : SCH memorise pour la fenetre SB (dans une vraie fenetre SB : 2/138)
  [sbwin] SB #139 fn=1826 p51=41 tick=2499 : armee=0 one_shot=0 page_prog=151 rif_avant=0 nwin=0 marge=0 -> DMA NON ARMEE (le RIF jette) : SCH memorise pour la fenetre SB (dans une vraie fenetre SB : 2/139)
  [ts0] tick=2509 fn=1836 p51=0 NB fenetre=151 marge=3 rif_avant=0  <- canal dedie
  [ts0] tick=2510 fn=1837 p51=1 NB fenetre=151 marge=3 rif_avant=0  <- canal dedie
  [ts0] tick=2511 fn=1838 p51=2 NB fenetre=151 marge=3 rif_avant=0  <- canal dedie
  [ts0] tick=2512 fn=1839 p51=3 NB fenetre=151 marge=3 rif_avant=0  <- canal dedie
  [sbwin] SB #140 fn=1847 p51=11 tick=2520 : armee=0 one_shot=0 page_prog=151 rif_avant=0 nwin=0 marge=0 -> DMA NON ARMEE (le RIF jette) : SCH memorise pour la fenetre SB (dans une vraie fenetre SB : 2/140)
  [montant] SDCCH UL fn=2523 task=0x000c L2=01 86 09 05 5b 2b 2b 2b 2b 2b 2b 2b 2b 2b 2b 2b 2b 2b 2b 2b 2b 2b 2b
  [sbwin] SB #141 fn=1857 p51=21 tick=2530 : armee=0 one_shot=0 page_prog=151 rif_avant=0 nwin=0 marge=0 -> DMA NON ARMEE (le RIF jette) : SCH memorise pour la fenetre SB (dans une vraie fenetre SB : 2/141)
  [sbwin] SB #142 fn=1867 p51=31 tick=2540 : armee=0 one_shot=0 page_prog=151 rif_avant=0 nwin=0 marge=0 -> DMA NON ARMEE (le RIF jette) : SCH memorise pour la fenetre SB (dans une vraie fenetre SB : 2/142)
  [ts0] tick=2541 fn=1868 p51=32 NB fenetre=151 marge=3 rif_avant=0  <- canal dedie
  [ts0] tick=2542 fn=1869 p51=33 NB fenetre=151 marge=3 rif_avant=0  <- canal dedie
  [ts0] tick=2543 fn=1870 p51=34 NB fenetre=151 marge=3 rif_avant=0  <- canal dedie
  [ts0] tick=2544 fn=1871 p51=35 NB fenetre=151 marge=3 rif_avant=0  <- canal dedie
  [sbwin] SB #143 fn=1877 p51=41 tick=2550 : armee=0 one_shot=0 page_prog=151 rif_avant=0 nwin=0 marge=0 -> DMA NON ARMEE (le RIF jette) : SCH memorise pour la fenetre SB (dans une vraie fenetre SB : 2/143)
  [montant] SDCCH UL fn=2555 task=0x000c L2=09 00 01 03 49 06 15 bf 3f 00 00 00 00 00 00 00 00 00 00 00 00 00 00
  [ts0] tick=2560 fn=1887 p51=0 NB fenetre=151 marge=3 rif_avant=0  <- canal dedie
  [ts0] tick=2561 fn=1888 p51=1 NB fenetre=151 marge=3 rif_avant=0  <- canal dedie
  [ts0] tick=2562 fn=1889 p51=2 NB fenetre=151 marge=3 rif_avant=0  <- canal dedie
  [ts0] tick=2563 fn=1890 p51=3 NB fenetre=151 marge=3 rif_avant=0  <- canal dedie
  [sbwin] SB #144 fn=1898 p51=11 tick=2571 : armee=0 one_shot=0 page_prog=151 rif_avant=0 nwin=0 marge=0 -> DMA NON ARMEE (le RIF jette) : SCH memorise pour la fenetre SB (dans une vraie fenetre SB : 2/144)
  [sbwin] SB #145 fn=1908 p51=21 tick=2581 : armee=0 one_shot=0 page_prog=151 rif_avant=0 nwin=0 marge=0 -> DMA NON ARMEE (le RIF jette) : SCH memorise pour la fenetre SB (dans une vraie fenetre SB : 2/145)
  [sbwin] SB #146 fn=1918 p51=31 tick=2591 : armee=0 one_shot=0 page_prog=151 rif_avant=0 nwin=0 marge=0 -> DMA NON ARMEE (le RIF jette) : SCH memorise pour la fenetre SB (dans une vraie fenetre SB : 2/146)
  [sbwin] SB #147 fn=1928 p51=41 tick=2601 : armee=0 one_shot=0 page_prog=151 rif_avant=0 nwin=0 marge=0 -> DMA NON ARMEE (le RIF jette) : SCH memorise pour la fenetre SB (dans une vraie fenetre SB : 2/147)
  profil PC (9400 tranches, high-water 0xde92) : 9a80:9% 8240:9% 8380:8% a680:5% 83c0:4% 8200:4% 8300:4% 8540:3% 9a40:3% a0c0:3% 81c0:3% 82c0:3%
  fn=2601    page=0 insn=121     IDLE   d_fb_det=0     a_sch=0100 0000 0000 0000 sync=0000 1537 ffff  | trames=2604 irq=0 iq=0
  [ts0] tick=2611 fn=1938 p51=0 NB fenetre=151 marge=3 rif_avant=0  <- canal dedie
  [ts0] tick=2612 fn=1939 p51=1 NB fenetre=151 marge=3 rif_avant=0  <- canal dedie
  [ts0] tick=2613 fn=1940 p51=2 NB fenetre=151 marge=3 rif_avant=0  <- canal dedie
  [ts0] tick=2614 fn=1941 p51=3 NB fenetre=151 marge=3 rif_avant=0  <- canal dedie
  [sbwin] SB #148 fn=1949 p51=11 tick=2622 : armee=0 one_shot=0 page_prog=151 rif_avant=0 nwin=0 marge=0 -> DMA NON ARMEE (le RIF jette) : SCH memorise pour la fenetre SB (dans une vraie fenetre SB : 2/148)
  [sbwin] SB #149 fn=1959 p51=21 tick=2632 : armee=0 one_shot=0 page_prog=151 rif_avant=0 nwin=0 marge=0 -> DMA NON ARMEE (le RIF jette) : SCH memorise pour la fenetre SB (dans une vraie fenetre SB : 2/149)
  [BSP] dedie : DESACCORD fn=1962 p51=24 p102=24 : table=0 tpu=1 (offset=439 ref=4814, tn_fenetre=1) [800 fois]
  [sbwin] SB #150 fn=1969 p51=31 tick=2642 : armee=0 one_shot=0 page_prog=151 rif_avant=0 nwin=0 marge=0 -> DMA NON ARMEE (le RIF jette) : SCH memorise pour la fenetre SB (dans une vraie fenetre SB : 2/150)
  [ts0] tick=2643 fn=1970 p51=32 NB fenetre=151 marge=3 rif_avant=0  <- canal dedie
  [ts0] tick=2644 fn=1971 p51=33 NB fenetre=151 marge=3 rif_avant=0  <- canal dedie
  [ts0] tick=2645 fn=1972 p51=34 NB fenetre=151 marge=3 rif_avant=0  <- canal dedie
  [ts0] tick=2646 fn=1973 p51=35 NB fenetre=151 marge=3 rif_avant=0  <- canal dedie
  [a_cd] fn=2646 p51=45 p102=96 etat=8040 FIRE KO L2=04 31 67 3e | ok=2 ko=3
  [sbwin] SB #151 fn=1979 p51=41 tick=2652 : armee=0 one_shot=0 page_prog=151 rif_avant=0 nwin=0 marge=0 -> DMA NON ARMEE (le RIF jette) : SCH memorise pour la fenetre SB (dans une vraie fenetre SB : 2/151)
  [montant] SDCCH UL fn=2657 task=0x000c L2=09 00 01 03 49 06 15 bf 3f 00 00 00 00 00 00 00 00 00 00 00 00 00 00
  [ts0] tick=2662 fn=1989 p51=0 NB fenetre=151 marge=3 rif_avant=0  <- canal dedie
  [ts0] tick=2663 fn=1990 p51=1 NB fenetre=151 marge=3 rif_avant=0  <- canal dedie
  [ts0] tick=2664 fn=1991 p51=2 NB fenetre=151 marge=3 rif_avant=0  <- canal dedie
  [ts0] tick=2665 fn=1992 p51=3 NB fenetre=151 marge=3 rif_avant=0  <- canal dedie
  [a_cd] fn=2665 p51=13 p102=13 etat=8000 ok L2=03 88 0d 06 | ok=3 ko=3
  [sbwin] SB #152 fn=2000 p51=11 tick=2673 : armee=0 one_shot=0 page_prog=151 rif_avant=0 nwin=0 marge=0 -> DMA NON ARMEE (le RIF jette) : SCH memorise pour la fenetre SB (dans une vraie fenetre SB : 2/152)
  [montant] SDCCH UL fn=2676 task=0x000c L2=03 a1 01 2b 2b 2b 2b 2b 2b 2b 2b 2b 2b 2b 2b 2b 2b 2b 2b 2b 2b 2b 2b
  [sbwin] SB #153 fn=2010 p51=21 tick=2683 : armee=0 one_shot=0 page_prog=151 rif_avant=0 nwin=0 marge=0 -> DMA NON ARMEE (le RIF jette) : SCH memorise pour la fenetre SB (dans une vraie fenetre SB : 2/153)
  [sbwin] SB #154 fn=2020 p51=31 tick=2693 : armee=0 one_shot=0 page_prog=151 rif_avant=0 nwin=0 marge=0 -> DMA NON ARMEE (le RIF jette) : SCH memorise pour la fenetre SB (dans une vraie fenetre SB : 2/154)
  [sbwin] SB #155 fn=2030 p51=41 tick=2703 : armee=0 one_shot=0 page_prog=151 rif_avant=0 nwin=0 marge=0 -> DMA NON ARMEE (le RIF jette) : SCH memorise pour la fenetre SB (dans une vraie fenetre SB : 2/155)
  [ts0] tick=2713 fn=2040 p51=0 NB fenetre=151 marge=3 rif_avant=0  <- canal dedie
  [ts0] tick=2714 fn=2041 p51=1 NB fenetre=151 marge=3 rif_avant=0  <- canal dedie
  [ts0] tick=2715 fn=2042 p51=2 NB fenetre=151 marge=3 rif_avant=0  <- canal dedie
  [ts0] tick=2716 fn=2043 p51=3 NB fenetre=151 marge=3 rif_avant=0  <- canal dedie
  [sbwin] SB #156 fn=2051 p51=11 tick=2724 : armee=0 one_shot=0 page_prog=151 rif_avant=0 nwin=0 marge=0 -> DMA NON ARMEE (le RIF jette) : SCH memorise pour la fenetre SB (dans une vraie fenetre SB : 2/156)
  [sbwin] SB #157 fn=2061 p51=21 tick=2734 : armee=0 one_shot=0 page_prog=151 rif_avant=0 nwin=0 marge=0 -> DMA NON ARMEE (le RIF jette) : SCH memorise pour la fenetre SB (dans une vraie fenetre SB : 2/157)
  [sbwin] SB #158 fn=2071 p51=31 tick=2744 : armee=0 one_shot=0 page_prog=151 rif_avant=0 nwin=0 marge=0 -> DMA NON ARMEE (le RIF jette) : SCH memorise pour la fenetre SB (dans une vraie fenetre SB : 2/158)
  [ts0] tick=2745 fn=2072 p51=32 NB fenetre=151 marge=3 rif_avant=0  <- canal dedie
  [ts0] tick=2746 fn=2073 p51=33 NB fenetre=151 marge=3 rif_avant=0  <- canal dedie
  [ts0] tick=2747 fn=2074 p51=34 NB fenetre=151 marge=3 rif_avant=0  <- canal dedie
  [ts0] tick=2748 fn=2075 p51=35 NB fenetre=151 marge=3 rif_avant=0  <- canal dedie
  [a_cd] fn=2748 p51=45 p102=96 etat=8040 FIRE KO L2=d1 6f 01 ce | ok=3 ko=4
  [sbwin] SB #159 fn=2081 p51=41 tick=2754 : armee=0 one_shot=0 page_prog=151 rif_avant=0 nwin=0 marge=0 -> DMA NON ARMEE (le RIF jette) : SCH memorise pour la fenetre SB (dans une vraie fenetre SB : 2/159)
  [ts0] tick=2764 fn=2091 p51=0 NB fenetre=151 marge=3 rif_avant=0  <- canal dedie
  [ts0] tick=2765 fn=2092 p51=1 NB fenetre=151 marge=3 rif_avant=0  <- canal dedie
  [ts0] tick=2766 fn=2093 p51=2 NB fenetre=151 marge=3 rif_avant=0  <- canal dedie
  [ts0] tick=2767 fn=2094 p51=3 NB fenetre=151 marge=3 rif_avant=0  <- canal dedie
  [a_cd] fn=2767 p51=13 p102=13 etat=8000 ok L2=03 03 01 2b | ok=4 ko=4
  [sbwin] SB #160 fn=2102 p51=11 tick=2775 : armee=0 one_shot=0 page_prog=151 rif_avant=0 nwin=0 marge=0 -> DMA NON ARMEE (le RIF jette) : SCH memorise pour la fenetre SB (dans une vraie fenetre SB : 2/160)
  [sbwin] SB #161 fn=2112 p51=21 tick=2785 : armee=0 one_shot=0 page_prog=151 rif_avant=0 nwin=0 marge=0 -> DMA NON ARMEE (le RIF jette) : SCH memorise pour la fenetre SB (dans une vraie fenetre SB : 2/161)
  [sbwin] SB #162 fn=2122 p51=31 tick=2795 : armee=0 one_shot=0 page_prog=151 rif_avant=0 nwin=0 marge=0 -> DMA NON ARMEE (le RIF jette) : SCH memorise pour la fenetre SB (dans une vraie fenetre SB : 2/162)
  [sbwin] SB #163 fn=2132 p51=41 tick=2805 : armee=0 one_shot=0 page_prog=151 rif_avant=0 nwin=0 marge=0 -> DMA NON ARMEE (le RIF jette) : SCH memorise pour la fenetre SB (dans une vraie fenetre SB : 2/163)
  [ts0] tick=2815 fn=2142 p51=0 NB fenetre=151 marge=3 rif_avant=0  <- canal dedie
  [ts0] tick=2816 fn=2143 p51=1 NB fenetre=151 marge=3 rif_avant=0  <- canal dedie
  [ts0] tick=2817 fn=2144 p51=2 NB fenetre=151 marge=3 rif_avant=0  <- canal dedie
  [ts0] tick=2818 fn=2145 p51=3 NB fenetre=151 marge=3 rif_avant=0  <- canal dedie
  profil PC (11196 tranches, high-water 0xde91) : 9a80:9% 8240:6% 8380:6% 8280:4% a680:4% 8200:4% 8300:4% 8540:3% 8480:3% 9a40:3% 83c0:3% a0c0:3%
  fn=2818    page=1 insn=36478   IDLE   d_fb_det=0     a_sch=0100 0000 0000 0000 sync=0000 1537 ffff  | trames=2821 irq=0 iq=0
  [a5-arm] tick=2820 d_a5mode=0 a_kc=ac00 af41 1ffb 08e6
  [montant] tache FB postee : le mobile cherche la synchro, canal dedie libere (TS0 rendu au FCCH/SCH)
  [montant] retour en clair (seq=3)
  [cmd] fn=2821 tache FB postee par l'ARM
  [jalon] fn=2825 d_fb_det=1  hacks=RHEA_DMA
  [sbwin] SB #164 fn=2153 p51=11 tick=2826 : armee=0 one_shot=0 page_prog=48 rif_avant=0 nwin=0 marge=0 -> DMA NON ARMEE (le RIF jette) : SCH memorise pour la fenetre SB (dans une vraie fenetre SB : 2/164)
  [jalon] fn=2835 d_fb_det=1  hacks=RHEA_DMA
  [sbwin] SB #165 fn=2163 p51=21 tick=2836 : armee=0 one_shot=0 page_prog=48 rif_avant=0 nwin=0 marge=0 -> DMA NON ARMEE (le RIF jette) : SCH memorise pour la fenetre SB (dans une vraie fenetre SB : 2/165)
  [cmd] fn=2844 tache SB postee par l'ARM (W0 md=6 W1 md=0)
  [cmd] fn=2844 tache SB postee par l'ARM
  [sb] fn=2844 p51=39 | FB a fn=2835 toa=8743 pm=5424 ang=-1 | TOA-ROM=8743 src=fine | a_sch=0100 crc_ko
  [a_sch] fn=2845 page=0 : 0100 0000 0000 0000 -> 8100 0016 f85d 01fb  (d_dsp_page=0003) TOA=0 PM=5521 SNR=12 crc_ko
  [sbwin] SB #166 fn=2173 p51=31 tick=2846 : armee=1 one_shot=1 page_prog=191 rif_avant=0 nwin=191 marge=21 -> FENETRE SB (one-shot) (dans une vraie fenetre SB : 3/166)
  [a_sch] fn=2846 page=1 : 0100 0000 0000 0000 -> 8000 10c5 001c 01bd  (d_dsp_page=0003) TOA=23 PM=5353 SNR=10603 CRC_OK
  [jalon] fn=2846 SB PLAUSIBLE page=1 BSIC=7 a_sch=8000 10c5 001c 01bd  hacks=RHEA_DMA
  [a_sch] fn=2847 page=0 : 8100 0016 f85d 01fb -> 0100 0000 0000 0000  (d_dsp_page=0003) TOA=0 PM=0 SNR=0 crc_ko
  [sbwin] SB #167 fn=2183 p51=41 tick=2856 : armee=0 one_shot=0 page_prog=64 rif_avant=0 nwin=0 marge=0 -> DMA NON ARMEE (le RIF jette) : SCH memorise pour la fenetre SB (dans une vraie fenetre SB : 3/167)
  [sbwin] SB #168 fn=2194 p51=1 tick=2867 : armee=0 one_shot=0 page_prog=64 rif_avant=0 nwin=0 marge=0 -> DMA NON ARMEE (le RIF jette) : SCH memorise pour la fenetre SB (dans une vraie fenetre SB : 3/168)
  [a_sch] fn=2867 page=1 : 8000 10c5 001c 01bd -> 0100 0000 0000 0000  (d_dsp_page=0002) TOA=0 PM=0 SNR=0 crc_ko
  [sbwin] SB #169 fn=2204 p51=11 tick=2877 : armee=0 one_shot=0 page_prog=64 rif_avant=0 nwin=0 marge=0 -> DMA NON ARMEE (le RIF jette) : SCH memorise pour la fenetre SB (dans une vraie fenetre SB : 3/169)
  [sbwin] SB #170 fn=2214 p51=21 tick=2887 : armee=0 one_shot=0 page_prog=64 rif_avant=0 nwin=0 marge=0 -> DMA NON ARMEE (le RIF jette) : SCH memorise pour la fenetre SB (dans une vraie fenetre SB : 3/170)
  [cmd] fn=2889 tache FB postee par l'ARM
  [jalon] fn=2896 d_fb_det=1  hacks=RHEA_DMA
  [sbwin] SB #171 fn=2224 p51=31 tick=2897 : armee=0 one_shot=0 page_prog=48 rif_avant=0 nwin=0 marge=0 -> DMA NON ARMEE (le RIF jette) : SCH memorise pour la fenetre SB (dans une vraie fenetre SB : 3/171)
  [afc] fn=2899 w_page=0 relaye=-699 | page0=-699 page1=-700
  [afc] fn=2900 w_page=0 relaye=-699 | page0=-699 page1=-699
  [jalon] fn=2906 d_fb_det=1  hacks=RHEA_DMA
  [sbwin] SB #172 fn=2234 p51=41 tick=2907 : armee=0 one_shot=0 page_prog=48 rif_avant=0 nwin=0 marge=0 -> DMA NON ARMEE (le RIF jette) : SCH memorise pour la fenetre SB (dans une vraie fenetre SB : 3/172)
  [cmd] fn=2915 tache SB postee par l'ARM (W0 md=6 W1 md=0)
  [cmd] fn=2915 tache SB postee par l'ARM
  [sb] fn=2915 p51=8 | FB a fn=2906 toa=8743 pm=5458 ang=-7 | TOA-ROM=8743 src=fine | a_sch=0100 crc_ko
  [a_sch] fn=2916 page=0 : 0100 0000 0000 0000 -> 8100 00cf 86be 0060  (d_dsp_page=0003) TOA=23 PM=5416 SNR=231 crc_ko
  [a_sch] fn=2917 page=1 : 0100 0000 0000 0000 -> 8100 0034 285f 0014  (d_dsp_page=0003) TOA=4 PM=5521 SNR=7 crc_ko
  [sbwin] SB #173 fn=2245 p51=1 tick=2918 : armee=0 one_shot=0 page_prog=191 rif_avant=0 nwin=0 marge=0 -> DMA NON ARMEE (le RIF jette) : SCH memorise pour la fenetre SB (dans une vraie fenetre SB : 3/173)
  [a_sch] fn=2918 page=0 : 8100 00cf 86be 0060 -> 0100 0000 0000 0000  (d_dsp_page=0003) TOA=0 PM=0 SNR=0 crc_ko
  [a_sch] fn=2919 page=1 : 8100 0034 285f 0014 -> 0100 0000 0000 0000  (d_dsp_page=0003) TOA=0 PM=0 SNR=0 crc_ko
  [afc] fn=2921 w_page=0 relaye=-700 | page0=-700 page1=-699
  [cmd] fn=2921 tache FB postee par l'ARM
  [afc] fn=2922 w_page=1 relaye=-700 | page0=-700 page1=-700
  [jalon] fn=2927 d_fb_det=1  hacks=RHEA_DMA
  [sbwin] SB #174 fn=2255 p51=11 tick=2928 : armee=0 one_shot=0 page_prog=48 rif_avant=0 nwin=0 marge=0 -> DMA NON ARMEE (le RIF jette) : SCH memorise pour la fenetre SB (dans une vraie fenetre SB : 3/174)
  [jalon] fn=2937 d_fb_det=1  hacks=RHEA_DMA
  [sbwin] SB #175 fn=2265 p51=21 tick=2938 : armee=0 one_shot=0 page_prog=48 rif_avant=0 nwin=0 marge=0 -> DMA NON ARMEE (le RIF jette) : SCH memorise pour la fenetre SB (dans une vraie fenetre SB : 3/175)
  [cmd] fn=2946 tache SB postee par l'ARM (W0 md=6 W1 md=0)
  [cmd] fn=2946 tache SB postee par l'ARM
  [sb] fn=2946 p51=39 | FB a fn=2937 toa=8743 pm=5424 ang=-1 | TOA-ROM=8743 src=fine | a_sch=0100 crc_ko
  [a_sch] fn=2947 page=0 : 0100 0000 0000 0000 -> 8100 0016 f85d 01fb  (d_dsp_page=0003) TOA=0 PM=5521 SNR=12 crc_ko
  [sbwin] SB #176 fn=2275 p51=31 tick=2948 : armee=1 one_shot=1 page_prog=191 rif_avant=0 nwin=191 marge=21 -> FENETRE SB (one-shot) (dans une vraie fenetre SB : 4/176)
  [a_sch] fn=2948 page=1 : 0100 0000 0000 0000 -> 8000 1077 001c 01b5  (d_dsp_page=0003) TOA=23 PM=5363 SNR=13203 CRC_OK
  [jalon] fn=2948 SB PLAUSIBLE page=1 BSIC=7 a_sch=8000 1077 001c 01b5  hacks=RHEA_DMA
  [a_sch] fn=2949 page=0 : 8100 0016 f85d 01fb -> 0100 0000 0000 0000  (d_dsp_page=0003) TOA=0 PM=0 SNR=0 crc_ko
  [sbwin] SB #177 fn=2285 p51=41 tick=2958 : armee=0 one_shot=0 page_prog=191 rif_avant=0 nwin=0 marge=0 -> DMA NON ARMEE (le RIF jette) : SCH memorise pour la fenetre SB (dans une vraie fenetre SB : 4/177)
  [sbwin] SB #178 fn=2296 p51=1 tick=2969 : armee=0 one_shot=0 page_prog=191 rif_avant=0 nwin=0 marge=0 -> DMA NON ARMEE (le RIF jette) : SCH memorise pour la fenetre SB (dans une vraie fenetre SB : 4/178)
  [a_sch] fn=2972 page=1 : 8000 1077 001c 01b5 -> 0100 0000 0000 0000  (d_dsp_page=0003) TOA=0 PM=0 SNR=0 crc_ko
  [montant] canal dedie (side-band seq=2) : libere TS0 SDCCH/4 SS=0
pont : canal dedie libere : TS0 SDCCH/8 SS=0
  [sbwin] SB #179 fn=2306 p51=11 tick=2979 : armee=0 one_shot=0 page_prog=151 rif_avant=0 nwin=0 marge=0 -> DMA NON ARMEE (le RIF jette) : SCH memorise pour la fenetre SB (dans une vraie fenetre SB : 4/179)
  [sbwin] SB #180 fn=2316 p51=21 tick=2989 : armee=0 one_shot=0 page_prog=151 rif_avant=0 nwin=0 marge=0 -> DMA NON ARMEE (le RIF jette) : SCH memorise pour la fenetre SB (dans une vraie fenetre SB : 4/180)
  [chrono] fn=2997 sur 1000 trames (ms) : qemu 3.69 | A 0.08 | go 0.25 | B 0.23 | apres DONE 0.36 | trame 4.62 (temps reel 4.62)
  [sbwin] SB #181 fn=2326 p51=31 tick=2999 : armee=0 one_shot=0 page_prog=151 rif_avant=0 nwin=0 marge=0 -> DMA NON ARMEE (le RIF jette) : SCH memorise pour la fenetre SB (dans une vraie fenetre SB : 4/181)
  [sbwin] SB #182 fn=2336 p51=41 tick=3009 : armee=0 one_shot=0 page_prog=151 rif_avant=0 nwin=0 marge=0 -> DMA NON ARMEE (le RIF jette) : SCH memorise pour la fenetre SB (dans une vraie fenetre SB : 4/182)
  [sbwin] SB #183 fn=2347 p51=1 tick=3020 : armee=0 one_shot=0 page_prog=151 rif_avant=0 nwin=0 marge=0 -> DMA NON ARMEE (le RIF jette) : SCH memorise pour la fenetre SB (dans une vraie fenetre SB : 4/183)
  [cmd] fn=3027 tache FB postee par l'ARM
  [jalon] fn=3029 d_fb_det=1  hacks=RHEA_DMA
  [sbwin] SB #184 fn=2357 p51=11 tick=3030 : armee=0 one_shot=0 page_prog=48 rif_avant=0 nwin=0 marge=0 -> DMA NON ARMEE (le RIF jette) : SCH memorise pour la fenetre SB (dans une vraie fenetre SB : 4/184)
  profil PC (31401 tranches, high-water 0xde92) : 77c0:17% 7800:10% 7840:7% 78c0:6% b2c0:3% 9a80:3% a680:3% 8240:2% 7a00:2% 8380:2% 7880:2% 75c0:2%
  fn=3035    page=0 insn=35467   IDLE   d_fb_det=0     a_sch=0100 0000 0000 0000 sync=0000 0000 0000  | trames=3038 irq=0 iq=0
  [jalon] fn=3039 d_fb_det=1  hacks=RHEA_DMA
  [sbwin] SB #185 fn=2367 p51=21 tick=3040 : armee=0 one_shot=0 page_prog=48 rif_avant=0 nwin=0 marge=0 -> DMA NON ARMEE (le RIF jette) : SCH memorise pour la fenetre SB (dans une vraie fenetre SB : 4/185)
  [cmd] fn=3048 tache SB postee par l'ARM (W0 md=6 W1 md=0)
  [sb] fn=3048 p51=39 | FB a fn=3039 toa=8743 pm=5424 ang=-1 | TOA-ROM=8743 src=fine | a_sch=0100 crc_ko
  [a_sch] fn=3049 page=0 : 0100 0000 0000 0000 -> 8100 0016 f85d 01fb  (d_dsp_page=0003) TOA=0 PM=5521 SNR=12 crc_ko
  [sbwin] SB #186 fn=2377 p51=31 tick=3050 : armee=1 one_shot=1 page_prog=191 rif_avant=0 nwin=191 marge=21 -> FENETRE SB (one-shot) (dans une vraie fenetre SB : 5/186)
  [a_sch] fn=3050 page=1 : 0100 0000 0000 0000 -> 8000 118c 001c 01ad  (d_dsp_page=0003) TOA=23 PM=5329 SNR=9428 CRC_OK
  [jalon] fn=3050 SB PLAUSIBLE page=1 BSIC=7 a_sch=8000 118c 001c 01ad  hacks=RHEA_DMA
  [a_sch] fn=3051 page=0 : 8100 0016 f85d 01fb -> 0100 0000 0000 0000  (d_dsp_page=0003) TOA=0 PM=0 SNR=0 crc_ko
  [sbwin] SB #187 fn=2387 p51=41 tick=3060 : armee=0 one_shot=0 page_prog=64 rif_avant=0 nwin=0 marge=0 -> DMA NON ARMEE (le RIF jette) : SCH memorise pour la fenetre SB (dans une vraie fenetre SB : 5/187)
  [sbwin] SB #188 fn=2398 p51=1 tick=3071 : armee=0 one_shot=0 page_prog=64 rif_avant=0 nwin=0 marge=0 -> DMA NON ARMEE (le RIF jette) : SCH memorise pour la fenetre SB (dans une vraie fenetre SB : 5/188)
  [a_sch] fn=3071 page=1 : 8000 118c 001c 01ad -> 0100 0000 0000 0000  (d_dsp_page=0002) TOA=0 PM=0 SNR=0 crc_ko
  [sbwin] SB #189 fn=2408 p51=11 tick=3081 : armee=0 one_shot=0 page_prog=64 rif_avant=0 nwin=0 marge=0 -> DMA NON ARMEE (le RIF jette) : SCH memorise pour la fenetre SB (dans une vraie fenetre SB : 5/189)
  [sbwin] SB #190 fn=2418 p51=21 tick=3091 : armee=0 one_shot=0 page_prog=64 rif_avant=0 nwin=0 marge=0 -> DMA NON ARMEE (le RIF jette) : SCH memorise pour la fenetre SB (dans une vraie fenetre SB : 5/190)
  [sbwin] SB #191 fn=2428 p51=31 tick=3101 : armee=0 one_shot=0 page_prog=64 rif_avant=0 nwin=0 marge=0 -> DMA NON ARMEE (le RIF jette) : SCH memorise pour la fenetre SB (dans une vraie fenetre SB : 5/191)
  [sbwin] SB #192 fn=2438 p51=41 tick=3111 : armee=0 one_shot=0 page_prog=64 rif_avant=0 nwin=0 marge=0 -> DMA NON ARMEE (le RIF jette) : SCH memorise pour la fenetre SB (dans une vraie fenetre SB : 5/192)
  [sbwin] SB #193 fn=2449 p51=1 tick=3122 : armee=0 one_shot=0 page_prog=64 rif_avant=0 nwin=0 marge=0 -> DMA NON ARMEE (le RIF jette) : SCH memorise pour la fenetre SB (dans une vraie fenetre SB : 5/193)
  [sbwin] SB #194 fn=2459 p51=11 tick=3132 : armee=0 one_shot=0 page_prog=64 rif_avant=0 nwin=0 marge=0 -> DMA NON ARMEE (le RIF jette) : SCH memorise pour la fenetre SB (dans une vraie fenetre SB : 5/194)
  [sbwin] SB #195 fn=2469 p51=21 tick=3142 : armee=0 one_shot=0 page_prog=64 rif_avant=0 nwin=0 marge=0 -> DMA NON ARMEE (le RIF jette) : SCH memorise pour la fenetre SB (dans une vraie fenetre SB : 5/195)
  [sbwin] SB #196 fn=2479 p51=31 tick=3152 : armee=0 one_shot=0 page_prog=64 rif_avant=0 nwin=0 marge=0 -> DMA NON ARMEE (le RIF jette) : SCH memorise pour la fenetre SB (dans une vraie fenetre SB : 5/196)
  [sbwin] SB #197 fn=2489 p51=41 tick=3162 : armee=0 one_shot=0 page_prog=64 rif_avant=0 nwin=0 marge=0 -> DMA NON ARMEE (le RIF jette) : SCH memorise pour la fenetre SB (dans une vraie fenetre SB : 5/197)
  [sbwin] SB #198 fn=2500 p51=1 tick=3173 : armee=0 one_shot=0 page_prog=64 rif_avant=0 nwin=0 marge=0 -> DMA NON ARMEE (le RIF jette) : SCH memorise pour la fenetre SB (dans une vraie fenetre SB : 5/198)
  [sbwin] SB #199 fn=2510 p51=11 tick=3183 : armee=0 one_shot=0 page_prog=64 rif_avant=0 nwin=0 marge=0 -> DMA NON ARMEE (le RIF jette) : SCH memorise pour la fenetre SB (dans une vraie fenetre SB : 5/199)
  [sbwin] SB #200 fn=2520 p51=21 tick=3193 : armee=0 one_shot=0 page_prog=64 rif_avant=0 nwin=0 marge=0 -> DMA NON ARMEE (le RIF jette) : SCH memorise pour la fenetre SB (dans une vraie fenetre SB : 5/200)
  profil PC (23518 tranches, high-water 0xde92) : 9a80:10% 8240:10% 8380:9% 83c0:4% 8300:4% 8200:4% 8540:4% 9a40:3% 81c0:3% a0c0:3% 82c0:3% 9a00:2%
  fn=3252    page=0 insn=121     IDLE   d_fb_det=0     a_sch=0100 0000 0000 0000 sync=0000 1530 ffff  | trames=3255 irq=0 iq=0
  [sbwin] SB #210 fn=2622 p51=21 tick=3295 : armee=0 one_shot=0 page_prog=64 rif_avant=0 nwin=0 marge=0 -> DMA NON ARMEE (le RIF jette) : SCH memorise pour la fenetre SB (dans une vraie fenetre SB : 5/210)
  [sbwin] SB #220 fn=2724 p51=21 tick=3397 : armee=0 one_shot=0 page_prog=64 rif_avant=0 nwin=0 marge=0 -> DMA NON ARMEE (le RIF jette) : SCH memorise pour la fenetre SB (dans une vraie fenetre SB : 5/220)
  profil PC (21038 tranches, high-water 0xde92) : 9a80:11% 8240:11% 8380:10% 83c0:5% 8200:4% 8300:4% 8540:4% 9a40:4% a0c0:3% 81c0:3% 82c0:3% 9a00:2%
  fn=3469    page=0 insn=121     IDLE   d_fb_det=0     a_sch=0100 0000 0000 0000 sync=0000 1530 ffff  | trames=3472 irq=0 iq=0
  hacks actifs : RHEA_DMA ; cadencement : STREAM LOCKSTEP  ; stimulus : none
  [sbwin] SB #230 fn=2826 p51=21 tick=3499 : armee=0 one_shot=0 page_prog=64 rif_avant=0 nwin=0 marge=0 -> DMA NON ARMEE (le RIF jette) : SCH memorise pour la fenetre SB (dans une vraie fenetre SB : 5/230)
  [sbwin] SB #240 fn=2928 p51=21 tick=3601 : armee=0 one_shot=0 page_prog=64 rif_avant=0 nwin=0 marge=0 -> DMA NON ARMEE (le RIF jette) : SCH memorise pour la fenetre SB (dans une vraie fenetre SB : 5/240)
  profil PC (21682 tranches, high-water 0xde92) : 9a80:11% 8240:11% 8380:10% 83c0:5% 8200:4% 8300:4% 8540:4% 9a40:4% 81c0:3% a0c0:3% 82c0:3% 9a00:2%
  fn=3686    page=0 insn=13611   IDLE   d_fb_det=0     a_sch=0100 0000 0000 0000 sync=0000 1530 ffff  | trames=3689 irq=0 iq=0
  [sbwin] SB #250 fn=3030 p51=21 tick=3703 : armee=0 one_shot=0 page_prog=64 rif_avant=0 nwin=0 marge=0 -> DMA NON ARMEE (le RIF jette) : SCH memorise pour la fenetre SB (dans une vraie fenetre SB : 5/250)
  [sbwin] SB #260 fn=3132 p51=21 tick=3805 : armee=0 one_shot=0 page_prog=64 rif_avant=0 nwin=0 marge=0 -> DMA NON ARMEE (le RIF jette) : SCH memorise pour la fenetre SB (dans une vraie fenetre SB : 5/260)
  profil PC (24530 tranches, high-water 0xde92) : 9a80:11% 8240:11% 8380:10% 83c0:5% 8200:4% 8300:4% 8540:4% 9a40:4% a0c0:3% 81c0:3% 82c0:3% 9a00:2%
  fn=3903    page=0 insn=13607   IDLE   d_fb_det=0     a_sch=0100 0000 0000 0000 sync=0000 1530 ffff  | trames=3906 irq=0 iq=0
  [sbwin] SB #270 fn=3234 p51=21 tick=3907 : armee=0 one_shot=0 page_prog=64 rif_avant=0 nwin=0 marge=0 -> DMA NON ARMEE (le RIF jette) : SCH memorise pour la fenetre SB (dans une vraie fenetre SB : 5/270)
  [chrono] fn=3997 sur 1000 trames (ms) : qemu 3.59 | A 0.05 | go 0.26 | B 0.17 | apres DONE 0.54 | trame 4.62 (temps reel 4.62)
  [sbwin] SB #280 fn=3336 p51=21 tick=4009 : armee=0 one_shot=0 page_prog=64 rif_avant=0 nwin=0 marge=0 -> DMA NON ARMEE (le RIF jette) : SCH memorise pour la fenetre SB (dans une vraie fenetre SB : 5/280)
  [sbwin] SB #290 fn=3438 p51=21 tick=4111 : armee=0 one_shot=0 page_prog=64 rif_avant=0 nwin=0 marge=0 -> DMA NON ARMEE (le RIF jette) : SCH memorise pour la fenetre SB (dans une vraie fenetre SB : 5/290)
  profil PC (21832 tranches, high-water 0xde92) : 9a80:11% 8240:11% 8380:10% 83c0:5% 8200:4% 8300:4% 8540:4% 9a40:4% a0c0:3% 81c0:3% 82c0:3% 9a00:2%
  fn=4120    page=0 insn=1355    IDLE   d_fb_det=0     a_sch=0100 0000 0000 0000 sync=0000 1530 ffff  | trames=4123 irq=0 iq=0
  [sbwin] SB #300 fn=3540 p51=21 tick=4213 : armee=0 one_shot=0 page_prog=64 rif_avant=0 nwin=0 marge=0 -> DMA NON ARMEE (le RIF jette) : SCH memorise pour la fenetre SB (dans une vraie fenetre SB : 5/300)
  [sbwin] SB #310 fn=3642 p51=21 tick=4315 : armee=0 one_shot=0 page_prog=64 rif_avant=0 nwin=0 marge=0 -> DMA NON ARMEE (le RIF jette) : SCH memorise pour la fenetre SB (dans une vraie fenetre SB : 5/310)
  profil PC (21017 tranches, high-water 0xde92) : 9a80:11% 8240:11% 8380:10% 83c0:5% 8200:4% 8300:4% 8540:4% 9a40:4% a0c0:3% 81c0:3% 82c0:3% 9a00:2%
  fn=4337    page=1 insn=121     IDLE   d_fb_det=0     a_sch=0100 0000 0000 0000 sync=0000 1530 ffff  | trames=4340 irq=0 iq=0
  [sbwin] SB #320 fn=3744 p51=21 tick=4417 : armee=0 one_shot=0 page_prog=64 rif_avant=0 nwin=0 marge=0 -> DMA NON ARMEE (le RIF jette) : SCH memorise pour la fenetre SB (dans une vraie fenetre SB : 5/320)
  [sbwin] SB #330 fn=3846 p51=21 tick=4519 : armee=0 one_shot=0 page_prog=64 rif_avant=0 nwin=0 marge=0 -> DMA NON ARMEE (le RIF jette) : SCH memorise pour la fenetre SB (dans une vraie fenetre SB : 5/330)
  profil PC (22258 tranches, high-water 0xde92) : 9a80:11% 8240:11% 8380:10% 83c0:5% 8200:4% 8300:4% 8540:4% 9a40:4% a0c0:3% 81c0:3% 82c0:3% 9a00:2%
  fn=4554    page=0 insn=36116   IDLE   d_fb_det=0     a_sch=0100 0000 0000 0000 sync=0000 1530 ffff  | trames=4557 irq=0 iq=0
  [sbwin] SB #340 fn=3948 p51=21 tick=4621 : armee=0 one_shot=0 page_prog=64 rif_avant=0 nwin=0 marge=0 -> DMA NON ARMEE (le RIF jette) : SCH memorise pour la fenetre SB (dans une vraie fenetre SB : 5/340)
  [sbwin] SB #350 fn=4050 p51=21 tick=4723 : armee=0 one_shot=0 page_prog=64 rif_avant=0 nwin=0 marge=0 -> DMA NON ARMEE (le RIF jette) : SCH memorise pour la fenetre SB (dans une vraie fenetre SB : 5/350)
  profil PC (24175 tranches, high-water 0xde92) : 9a80:11% 8240:11% 8380:10% 83c0:5% 8200:5% 8300:4% 8540:4% 9a40:4% 81c0:3% a0c0:3% 82c0:3% 9a00:2%
  fn=4771    page=0 insn=13605   IDLE   d_fb_det=0     a_sch=0100 0000 0000 0000 sync=0000 1530 ffff  | trames=4774 irq=0 iq=0
  [sbwin] SB #360 fn=4152 p51=21 tick=4825 : armee=0 one_shot=0 page_prog=64 rif_avant=0 nwin=0 marge=0 -> DMA NON ARMEE (le RIF jette) : SCH memorise pour la fenetre SB (dans une vraie fenetre SB : 5/360)
  [sbwin] SB #370 fn=4254 p51=21 tick=4927 : armee=0 one_shot=0 page_prog=64 rif_avant=0 nwin=0 marge=0 -> DMA NON ARMEE (le RIF jette) : SCH memorise pour la fenetre SB (dans une vraie fenetre SB : 5/370)
  profil PC (21613 tranches, high-water 0xde92) : 9a80:12% 8240:10% 8380:10% 83c0:5% 8200:4% 8300:4% 8540:4% 9a40:4% a0c0:3% 81c0:3% 82c0:3% 9a00:2%
  fn=4988    page=1 insn=121     IDLE   d_fb_det=0     a_sch=0100 0000 0000 0000 sync=0000 1530 ffff  | trames=4991 irq=0 iq=0
  [chrono] fn=4997 sur 1000 trames (ms) : qemu 3.57 | A 0.06 | go 0.26 | B 0.17 | apres DONE 0.55 | trame 4.61 (temps reel 4.62)
  [sbwin] SB #380 fn=4356 p51=21 tick=5029 : armee=0 one_shot=0 page_prog=64 rif_avant=0 nwin=0 marge=0 -> DMA NON ARMEE (le RIF jette) : SCH memorise pour la fenetre SB (dans une vraie fenetre SB : 5/380)
  [sbwin] SB #390 fn=4458 p51=21 tick=5131 : armee=0 one_shot=0 page_prog=64 rif_avant=0 nwin=0 marge=0 -> DMA NON ARMEE (le RIF jette) : SCH memorise pour la fenetre SB (dans une vraie fenetre SB : 5/390)
  profil PC (21013 tranches, high-water 0xde92) : 9a80:11% 8240:11% 8380:10% 83c0:5% 8200:4% 8300:4% 8540:4% 9a40:4% a0c0:3% 81c0:3% 82c0:3% 9a00:2%
  fn=5205    page=0 insn=121     IDLE   d_fb_det=0     a_sch=0100 0000 0000 0000 sync=0000 1530 ffff  | trames=5208 irq=0 iq=0
  hacks actifs : RHEA_DMA ; cadencement : STREAM LOCKSTEP  ; stimulus : none
  [sbwin] SB #400 fn=4560 p51=21 tick=5233 : armee=0 one_shot=0 page_prog=64 rif_avant=0 nwin=0 marge=0 -> DMA NON ARMEE (le RIF jette) : SCH memorise pour la fenetre SB (dans une vraie fenetre SB : 5/400)
  [sbwin] SB #410 fn=4662 p51=21 tick=5335 : armee=0 one_shot=0 page_prog=64 rif_avant=0 nwin=0 marge=0 -> DMA NON ARMEE (le RIF jette) : SCH memorise pour la fenetre SB (dans une vraie fenetre SB : 5/410)
  profil PC (22484 tranches, high-water 0xde92) : 9a80:11% 8240:11% 8380:10% 83c0:5% 8200:4% 8300:4% 8540:4% 9a40:4% a0c0:3% 81c0:3% 82c0:3% 9a00:2%
  fn=5422    page=0 insn=13723   IDLE   d_fb_det=0     a_sch=0100 0000 0000 0000 sync=0000 1530 ffff  | trames=5425 irq=0 iq=0
  [sbwin] SB #420 fn=4764 p51=21 tick=5437 : armee=0 one_shot=0 page_prog=64 rif_avant=0 nwin=0 marge=0 -> DMA NON ARMEE (le RIF jette) : SCH memorise pour la fenetre SB (dans une vraie fenetre SB : 5/420)
  [sbwin] SB #430 fn=4866 p51=21 tick=5539 : armee=0 one_shot=0 page_prog=64 rif_avant=0 nwin=0 marge=0 -> DMA NON ARMEE (le RIF jette) : SCH memorise pour la fenetre SB (dans une vraie fenetre SB : 5/430)
  profil PC (24526 tranches, high-water 0xde92) : 9a80:11% 8240:11% 8380:10% 83c0:5% 8200:4% 8300:4% 8540:4% 9a40:4% a0c0:3% 81c0:3% 82c0:3% 9a00:2%
  fn=5639    page=0 insn=36116   IDLE   d_fb_det=0     a_sch=0100 0000 0000 0000 sync=0000 1530 ffff  | trames=5642 irq=0 iq=0
  [sbwin] SB #440 fn=4968 p51=21 tick=5641 : armee=0 one_shot=0 page_prog=64 rif_avant=0 nwin=0 marge=0 -> DMA NON ARMEE (le RIF jette) : SCH memorise pour la fenetre SB (dans une vraie fenetre SB : 5/440)
  [sbwin] SB #450 fn=5070 p51=21 tick=5743 : armee=0 one_shot=0 page_prog=64 rif_avant=0 nwin=0 marge=0 -> DMA NON ARMEE (le RIF jette) : SCH memorise pour la fenetre SB (dans une vraie fenetre SB : 5/450)
  [sbwin] SB #460 fn=5172 p51=21 tick=5845 : armee=0 one_shot=0 page_prog=64 rif_avant=0 nwin=0 marge=0 -> DMA NON ARMEE (le RIF jette) : SCH memorise pour la fenetre SB (dans une vraie fenetre SB : 5/460)
  profil PC (21038 tranches, high-water 0xde92) : 9a80:11% 8240:11% 8380:10% 83c0:5% 8200:4% 8300:4% 8540:4% 9a40:4% a0c0:3% 81c0:3% 82c0:3% 9a00:2%
  fn=5856    page=0 insn=121     IDLE   d_fb_det=0     a_sch=0100 0000 0000 0000 sync=0000 1530 ffff  | trames=5859 irq=0 iq=0
  [ts0] tick=5930 fn=5257 p51=4 NB fenetre=151 marge=3 rif_avant=0
  [sbwin] SB #470 fn=5274 p51=21 tick=5947 : armee=0 one_shot=0 page_prog=64 rif_avant=0 nwin=0 marge=0 -> DMA NON ARMEE (le RIF jette) : SCH memorise pour la fenetre SB (dans une vraie fenetre SB : 5/470)
  [chrono] fn=5997 sur 1000 trames (ms) : qemu 3.49 | A 0.06 | go 0.27 | B 0.17 | apres DONE 0.62 | trame 4.61 (temps reel 4.62)
  [sbwin] SB #480 fn=5376 p51=21 tick=6049 : armee=0 one_shot=0 page_prog=64 rif_avant=0 nwin=0 marge=0 -> DMA NON ARMEE (le RIF jette) : SCH memorise pour la fenetre SB (dans une vraie fenetre SB : 5/480)
  profil PC (21013 tranches, high-water 0xde92) : 9a80:11% 8240:11% 8380:10% 83c0:5% 8200:4% 8300:4% 8540:4% 9a40:4% a0c0:3% 81c0:3% 82c0:3% 9a00:2%
  fn=6073    page=1 insn=121     IDLE   d_fb_det=0     a_sch=0100 0000 0000 0000 sync=0000 1530 ffff  | trames=6076 irq=0 iq=0
  [sbwin] SB #490 fn=5478 p51=21 tick=6151 : armee=0 one_shot=0 page_prog=64 rif_avant=0 nwin=0 marge=0 -> DMA NON ARMEE (le RIF jette) : SCH memorise pour la fenetre SB (dans une vraie fenetre SB : 5/490)
  [sbwin] SB #500 fn=5580 p51=21 tick=6253 : armee=0 one_shot=0 page_prog=64 rif_avant=0 nwin=0 marge=0 -> DMA NON ARMEE (le RIF jette) : SCH memorise pour la fenetre SB (dans une vraie fenetre SB : 5/500)
  profil PC (22710 tranches, high-water 0xde92) : 9a80:11% 8240:11% 8380:10% 83c0:5% 8200:4% 8300:4% 8540:4% 9a40:4% a0c0:3% 81c0:3% 82c0:3% 9a00:2%
  fn=6290    page=0 insn=13610   IDLE   d_fb_det=0     a_sch=0100 0000 0000 0000 sync=0000 1530 ffff  | trames=6293 irq=0 iq=0
  [sbwin] SB #510 fn=5682 p51=21 tick=6355 : armee=0 one_shot=0 page_prog=64 rif_avant=0 nwin=0 marge=0 -> DMA NON ARMEE (le RIF jette) : SCH memorise pour la fenetre SB (dans une vraie fenetre SB : 5/510)
  [sbwin] SB #520 fn=5784 p51=21 tick=6457 : armee=0 one_shot=0 page_prog=64 rif_avant=0 nwin=0 marge=0 -> DMA NON ARMEE (le RIF jette) : SCH memorise pour la fenetre SB (dans une vraie fenetre SB : 5/520)
  profil PC (24324 tranches, high-water 0xde92) : 9a80:11% 8240:11% 8380:10% 83c0:5% 8200:4% 8300:4% 8540:4% 9a40:4% a0c0:3% 81c0:3% 82c0:3% 9a00:2%
  fn=6507    page=0 insn=1355    IDLE   d_fb_det=0     a_sch=0100 0000 0000 0000 sync=0000 1530 ffff  | trames=6510 irq=0 iq=0
  [sbwin] SB #530 fn=5886 p51=21 tick=6559 : armee=0 one_shot=0 page_prog=64 rif_avant=0 nwin=0 marge=0 -> DMA NON ARMEE (le RIF jette) : SCH memorise pour la fenetre SB (dans une vraie fenetre SB : 5/530)
  [sbwin] SB #540 fn=5988 p51=21 tick=6661 : armee=0 one_shot=0 page_prog=64 rif_avant=0 nwin=0 marge=0 -> DMA NON ARMEE (le RIF jette) : SCH memorise pour la fenetre SB (dans une vraie fenetre SB : 5/540)
  profil PC (21017 tranches, high-water 0xde92) : 9a80:11% 8240:11% 8380:10% 83c0:5% 8200:4% 8300:4% 8540:4% 9a40:4% a0c0:3% 81c0:3% 82c0:3% 9a00:2%
  fn=6724    page=1 insn=121     IDLE   d_fb_det=0     a_sch=0100 0000 0000 0000 sync=0000 1530 ffff  | trames=6727 irq=0 iq=0
  [sbwin] SB #550 fn=6090 p51=21 tick=6763 : armee=0 one_shot=0 page_prog=64 rif_avant=0 nwin=0 marge=0 -> DMA NON ARMEE (le RIF jette) : SCH memorise pour la fenetre SB (dans une vraie fenetre SB : 5/550)
  [sbwin] SB #560 fn=6192 p51=21 tick=6865 : armee=0 one_shot=0 page_prog=64 rif_avant=0 nwin=0 marge=0 -> DMA NON ARMEE (le RIF jette) : SCH memorise pour la fenetre SB (dans une vraie fenetre SB : 5/560)
  profil PC (21013 tranches, high-water 0xde92) : 9a80:11% 8240:11% 8380:10% 83c0:5% 8200:4% 8300:4% 8540:4% 9a40:4% a0c0:3% 81c0:3% 82c0:3% 9a00:2%
  fn=6941    page=0 insn=121     IDLE   d_fb_det=0     a_sch=0100 0000 0000 0000 sync=0000 1530 ffff  | trames=6944 irq=0 iq=0
  hacks actifs : RHEA_DMA ; cadencement : STREAM LOCKSTEP  ; stimulus : none
  [sbwin] SB #570 fn=6294 p51=21 tick=6967 : armee=0 one_shot=0 page_prog=64 rif_avant=0 nwin=0 marge=0 -> DMA NON ARMEE (le RIF jette) : SCH memorise pour la fenetre SB (dans une vraie fenetre SB : 5/570)
  [chrono] fn=6997 sur 1000 trames (ms) : qemu 3.58 | A 0.06 | go 0.27 | B 0.17 | apres DONE 0.55 | trame 4.62 (temps reel 4.62)
  [sbwin] SB #580 fn=6396 p51=21 tick=7069 : armee=0 one_shot=0 page_prog=64 rif_avant=0 nwin=0 marge=0 -> DMA NON ARMEE (le RIF jette) : SCH memorise pour la fenetre SB (dans une vraie fenetre SB : 5/580)
  profil PC (22930 tranches, high-water 0xde92) : 9a80:11% 8240:11% 8380:10% 83c0:5% 8200:5% 8300:4% 8540:4% 9a40:4% 81c0:3% a0c0:3% 82c0:3% 9a00:2%
  fn=7158    page=0 insn=13605   IDLE   d_fb_det=0     a_sch=0100 0000 0000 0000 sync=0000 1530 ffff  | trames=7161 irq=0 iq=0
  [sbwin] SB #590 fn=6498 p51=21 tick=7171 : armee=0 one_shot=0 page_prog=64 rif_avant=0 nwin=0 marge=0 -> DMA NON ARMEE (le RIF jette) : SCH memorise pour la fenetre SB (dans une vraie fenetre SB : 5/590)
  [sbwin] SB #600 fn=6600 p51=21 tick=7273 : armee=0 one_shot=0 page_prog=64 rif_avant=0 nwin=0 marge=0 -> DMA NON ARMEE (le RIF jette) : SCH memorise pour la fenetre SB (dans une vraie fenetre SB : 5/600)
  [sbwin] SB #610 fn=6702 p51=21 tick=7375 : armee=0 one_shot=0 page_prog=64 rif_avant=0 nwin=0 marge=0 -> DMA NON ARMEE (le RIF jette) : SCH memorise pour la fenetre SB (dans une vraie fenetre SB : 5/610)
  profil PC (24101 tranches, high-water 0xde92) : 9a80:12% 8240:11% 8380:10% 83c0:5% 8200:4% 8300:4% 8540:4% 9a40:4% a0c0:3% 81c0:3% 82c0:3% 9a00:2%
  fn=7375    page=1 insn=121     IDLE   d_fb_det=0     a_sch=0100 0000 0000 0000 sync=0000 1530 ffff  | trames=7378 irq=0 iq=0
  [sbwin] SB #620 fn=6804 p51=21 tick=7477 : armee=0 one_shot=0 page_prog=64 rif_avant=0 nwin=0 marge=0 -> DMA NON ARMEE (le RIF jette) : SCH memorise pour la fenetre SB (dans une vraie fenetre SB : 5/620)
  [sbwin] SB #630 fn=6906 p51=21 tick=7579 : armee=0 one_shot=0 page_prog=64 rif_avant=0 nwin=0 marge=0 -> DMA NON ARMEE (le RIF jette) : SCH memorise pour la fenetre SB (dans une vraie fenetre SB : 5/630)
  profil PC (21017 tranches, high-water 0xde92) : 9a80:11% 8240:11% 8380:10% 83c0:5% 8200:4% 8300:4% 8540:4% 9a40:4% a0c0:3% 81c0:3% 82c0:3% 9a00:2%
  fn=7592    page=0 insn=121     IDLE   d_fb_det=0     a_sch=0100 0000 0000 0000 sync=0000 1530 ffff  | trames=7595 irq=0 iq=0
  [sbwin] SB #640 fn=7008 p51=21 tick=7681 : armee=0 one_shot=0 page_prog=64 rif_avant=0 nwin=0 marge=0 -> DMA NON ARMEE (le RIF jette) : SCH memorise pour la fenetre SB (dans une vraie fenetre SB : 5/640)
  [sbwin] SB #650 fn=7110 p51=21 tick=7783 : armee=0 one_shot=0 page_prog=64 rif_avant=0 nwin=0 marge=0 -> DMA NON ARMEE (le RIF jette) : SCH memorise pour la fenetre SB (dans une vraie fenetre SB : 5/650)
  profil PC (21013 tranches, high-water 0xde92) : 9a80:11% 8240:11% 8380:10% 83c0:5% 8200:4% 8300:4% 8540:4% 9a40:4% a0c0:3% 81c0:3% 82c0:3% 9a00:2%
  fn=7809    page=1 insn=121     IDLE   d_fb_det=0     a_sch=0100 0000 0000 0000 sync=0000 1530 ffff  | trames=7812 irq=0 iq=0
  [sbwin] SB #660 fn=7212 p51=21 tick=7885 : armee=0 one_shot=0 page_prog=64 rif_avant=0 nwin=0 marge=0 -> DMA NON ARMEE (le RIF jette) : SCH memorise pour la fenetre SB (dans une vraie fenetre SB : 5/660)
  [sbwin] SB #670 fn=7314 p51=21 tick=7987 : armee=0 one_shot=0 page_prog=64 rif_avant=0 nwin=0 marge=0 -> DMA NON ARMEE (le RIF jette) : SCH memorise pour la fenetre SB (dans une vraie fenetre SB : 5/670)
  [chrono] fn=7997 sur 1000 trames (ms) : qemu 3.45 | A 0.06 | go 0.28 | B 0.18 | apres DONE 0.64 | trame 4.62 (temps reel 4.62)
  profil PC (23503 tranches, high-water 0xde92) : 9a80:11% 8240:11% 8380:10% 83c0:5% 8200:4% 8300:4% 8540:4% 9a40:4% a0c0:3% 81c0:3% 82c0:3% 9a00:2%
  fn=8026    page=0 insn=36114   IDLE   d_fb_det=0     a_sch=0100 0000 0000 0000 sync=0000 1530 ffff  | trames=8029 irq=0 iq=0
  [sbwin] SB #680 fn=7416 p51=21 tick=8089 : armee=0 one_shot=0 page_prog=64 rif_avant=0 nwin=0 marge=0 -> DMA NON ARMEE (le RIF jette) : SCH memorise pour la fenetre SB (dans une vraie fenetre SB : 5/680)
  [sbwin] SB #690 fn=7518 p51=21 tick=8191 : armee=0 one_shot=0 page_prog=64 rif_avant=0 nwin=0 marge=0 -> DMA NON ARMEE (le RIF jette) : SCH memorise pour la fenetre SB (dans une vraie fenetre SB : 5/690)
  profil PC (23530 tranches, high-water 0xde92) : 9a80:11% 8240:11% 8380:10% 83c0:5% 8200:4% 8300:4% 8540:4% 9a40:4% a0c0:3% 81c0:3% 82c0:3% 9a00:2%
  fn=8243    page=0 insn=121     IDLE   d_fb_det=0     a_sch=0100 0000 0000 0000 sync=0000 1530 ffff  | trames=8246 irq=0 iq=0
  [sbwin] SB #700 fn=7620 p51=21 tick=8293 : armee=0 one_shot=0 page_prog=64 rif_avant=0 nwin=0 marge=0 -> DMA NON ARMEE (le RIF jette) : SCH memorise pour la fenetre SB (dans une vraie fenetre SB : 5/700)
  [sbwin] SB #710 fn=7722 p51=21 tick=8395 : armee=0 one_shot=0 page_prog=64 rif_avant=0 nwin=0 marge=0 -> DMA NON ARMEE (le RIF jette) : SCH memorise pour la fenetre SB (dans une vraie fenetre SB : 5/710)
  profil PC (21013 tranches, high-water 0xde92) : 9a80:11% 8240:11% 8380:10% 83c0:5% 8200:4% 8300:4% 8540:4% 9a40:4% a0c0:3% 81c0:3% 82c0:3% 9a00:2%
  fn=8460    page=1 insn=121     IDLE   d_fb_det=0     a_sch=0100 0000 0000 0000 sync=0000 1530 ffff  | trames=8463 irq=0 iq=0
  [sbwin] SB #720 fn=7824 p51=21 tick=8497 : armee=0 one_shot=0 page_prog=64 rif_avant=0 nwin=0 marge=0 -> DMA NON ARMEE (le RIF jette) : SCH memorise pour la fenetre SB (dans une vraie fenetre SB : 5/720)
  [sbwin] SB #730 fn=7926 p51=21 tick=8599 : armee=0 one_shot=0 page_prog=64 rif_avant=0 nwin=0 marge=0 -> DMA NON ARMEE (le RIF jette) : SCH memorise pour la fenetre SB (dans une vraie fenetre SB : 5/730)
  profil PC (21017 tranches, high-water 0xde92) : 9a80:11% 8240:11% 8380:10% 83c0:5% 8200:4% 8300:4% 8540:4% 9a40:4% a0c0:3% 81c0:3% 82c0:3% 9a00:2%
  fn=8677    page=0 insn=121     IDLE   d_fb_det=0     a_sch=0100 0000 0000 0000 sync=0000 1530 ffff  | trames=8680 irq=0 iq=0
  hacks actifs : RHEA_DMA ; cadencement : STREAM LOCKSTEP  ; stimulus : none
  [sbwin] SB #740 fn=8028 p51=21 tick=8701 : armee=0 one_shot=0 page_prog=64 rif_avant=0 nwin=0 marge=0 -> DMA NON ARMEE (le RIF jette) : SCH memorise pour la fenetre SB (dans une vraie fenetre SB : 5/740)
  [sbwin] SB #750 fn=8130 p51=21 tick=8803 : armee=0 one_shot=0 page_prog=64 rif_avant=0 nwin=0 marge=0 -> DMA NON ARMEE (le RIF jette) : SCH memorise pour la fenetre SB (dans une vraie fenetre SB : 5/750)
  profil PC (23522 tranches, high-water 0xde92) : 9a80:11% 8240:11% 8380:10% 83c0:5% 8200:4% 8300:4% 8540:4% 9a40:4% a0c0:3% 81c0:3% 82c0:3% 9a00:2%
  fn=8894    page=0 insn=1355    IDLE   d_fb_det=0     a_sch=0100 0000 0000 0000 sync=0000 1530 ffff  | trames=8897 irq=0 iq=0
  [sbwin] SB #760 fn=8232 p51=21 tick=8905 : armee=0 one_shot=0 page_prog=64 rif_avant=0 nwin=0 marge=0 -> DMA NON ARMEE (le RIF jette) : SCH memorise pour la fenetre SB (dans une vraie fenetre SB : 5/760)
  [chrono] fn=8997 sur 1000 trames (ms) : qemu 3.48 | A 0.06 | go 0.29 | B 0.19 | apres DONE 0.60 | trame 4.62 (temps reel 4.62)
  [sbwin] SB #770 fn=8334 p51=21 tick=9007 : armee=0 one_shot=0 page_prog=64 rif_avant=0 nwin=0 marge=0 -> DMA NON ARMEE (le RIF jette) : SCH memorise pour la fenetre SB (dans une vraie fenetre SB : 5/770)
  [sbwin] SB #780 fn=8436 p51=21 tick=9109 : armee=0 one_shot=0 page_prog=64 rif_avant=0 nwin=0 marge=0 -> DMA NON ARMEE (le RIF jette) : SCH memorise pour la fenetre SB (dans une vraie fenetre SB : 5/780)
  profil PC (23509 tranches, high-water 0xde92) : 9a80:11% 8240:11% 8380:10% 83c0:5% 8200:4% 8300:4% 8540:4% 9a40:4% a0c0:3% 81c0:3% 82c0:3% 9a00:2%
  fn=9111    page=1 insn=121     IDLE   d_fb_det=0     a_sch=0100 0000 0000 0000 sync=0000 1530 ffff  | trames=9114 irq=0 iq=0
  [sbwin] SB #790 fn=8538 p51=21 tick=9211 : armee=0 one_shot=0 page_prog=64 rif_avant=0 nwin=0 marge=0 -> DMA NON ARMEE (le RIF jette) : SCH memorise pour la fenetre SB (dans une vraie fenetre SB : 5/790)
  [sbwin] SB #800 fn=8640 p51=21 tick=9313 : armee=0 one_shot=0 page_prog=64 rif_avant=0 nwin=0 marge=0 -> DMA NON ARMEE (le RIF jette) : SCH memorise pour la fenetre SB (dans une vraie fenetre SB : 5/800)
  profil PC (21013 tranches, high-water 0xde92) : 9a80:11% 8240:11% 8380:10% 83c0:5% 8200:4% 8300:4% 8540:4% 9a40:4% a0c0:3% 81c0:3% 82c0:3% 9a00:2%
  fn=9328    page=0 insn=121     IDLE   d_fb_det=0     a_sch=0100 0000 0000 0000 sync=0000 1530 ffff  | trames=9331 irq=0 iq=0
  [sbwin] SB #810 fn=8742 p51=21 tick=9415 : armee=0 one_shot=0 page_prog=64 rif_avant=0 nwin=0 marge=0 -> DMA NON ARMEE (le RIF jette) : SCH memorise pour la fenetre SB (dans une vraie fenetre SB : 5/810)
  [sbwin] SB #820 fn=8844 p51=21 tick=9517 : armee=0 one_shot=0 page_prog=64 rif_avant=0 nwin=0 marge=0 -> DMA NON ARMEE (le RIF jette) : SCH memorise pour la fenetre SB (dans une vraie fenetre SB : 5/820)
  profil PC (21017 tranches, high-water 0xde92) : 9a80:11% 8240:11% 8380:10% 83c0:5% 8200:4% 8300:4% 8540:4% 9a40:4% a0c0:3% 81c0:3% 82c0:3% 9a00:2%
  fn=9545    page=1 insn=121     IDLE   d_fb_det=0     a_sch=0100 0000 0000 0000 sync=0000 1530 ffff  | trames=9548 irq=0 iq=0
  [sbwin] SB #830 fn=8946 p51=21 tick=9619 : armee=0 one_shot=0 page_prog=64 rif_avant=0 nwin=0 marge=0 -> DMA NON ARMEE (le RIF jette) : SCH memorise pour la fenetre SB (dans une vraie fenetre SB : 5/830)
  [sbwin] SB #840 fn=9048 p51=21 tick=9721 : armee=0 one_shot=0 page_prog=64 rif_avant=0 nwin=0 marge=0 -> DMA NON ARMEE (le RIF jette) : SCH memorise pour la fenetre SB (dans une vraie fenetre SB : 5/840)
  profil PC (23525 tranches, high-water 0xde92) : 9a80:11% 8240:11% 8380:10% 83c0:5% 8200:4% 8300:4% 8540:4% 9a40:4% a0c0:3% 81c0:3% 82c0:3% 9a00:2%
  fn=9762    page=1 insn=121     IDLE   d_fb_det=0     a_sch=0100 0000 0000 0000 sync=0000 1530 ffff  | trames=9765 irq=0 iq=0
  [sbwin] SB #850 fn=9150 p51=21 tick=9823 : armee=0 one_shot=0 page_prog=64 rif_avant=0 nwin=0 marge=0 -> DMA NON ARMEE (le RIF jette) : SCH memorise pour la fenetre SB (dans une vraie fenetre SB : 5/850)
  [sbwin] SB #860 fn=9252 p51=21 tick=9925 : armee=0 one_shot=0 page_prog=64 rif_avant=0 nwin=0 marge=0 -> DMA NON ARMEE (le RIF jette) : SCH memorise pour la fenetre SB (dans une vraie fenetre SB : 5/860)
  profil PC (23509 tranches, high-water 0xde92) : 9a80:11% 8240:11% 8380:10% 83c0:5% 8200:4% 8300:4% 8540:4% 9a40:4% a0c0:3% 81c0:3% 82c0:3% 9a00:2%
  fn=9979    page=0 insn=121     IDLE   d_fb_det=0     a_sch=0100 0000 0000 0000 sync=0000 1530 ffff  | trames=9982 irq=0 iq=0
  [chrono] fn=9997 sur 1000 trames (ms) : qemu 3.62 | A 0.06 | go 0.25 | B 0.16 | apres DONE 0.53 | trame 4.62 (temps reel 4.62)
  [sbwin] SB #870 fn=9354 p51=21 tick=10027 : armee=0 one_shot=0 page_prog=64 rif_avant=0 nwin=0 marge=0 -> DMA NON ARMEE (le RIF jette) : SCH memorise pour la fenetre SB (dans une vraie fenetre SB : 5/870)
  [sbwin] SB #880 fn=9456 p51=21 tick=10129 : armee=0 one_shot=0 page_prog=64 rif_avant=0 nwin=0 marge=0 -> DMA NON ARMEE (le RIF jette) : SCH memorise pour la fenetre SB (dans une vraie fenetre SB : 5/880)
  profil PC (21013 tranches, high-water 0xde92) : 9a80:11% 8240:11% 8380:10% 83c0:5% 8200:4% 8300:4% 8540:4% 9a40:4% a0c0:3% 81c0:3% 82c0:3% 9a00:2%
  fn=10196   page=1 insn=121     IDLE   d_fb_det=0     a_sch=0100 0000 0000 0000 sync=0000 1530 ffff  | trames=10199 irq=0 iq=0
  [sbwin] SB #890 fn=9558 p51=21 tick=10231 : armee=0 one_shot=0 page_prog=64 rif_avant=0 nwin=0 marge=0 -> DMA NON ARMEE (le RIF jette) : SCH memorise pour la fenetre SB (dans une vraie fenetre SB : 5/890)
  [sbwin] SB #900 fn=9660 p51=21 tick=10333 : armee=0 one_shot=0 page_prog=64 rif_avant=0 nwin=0 marge=0 -> DMA NON ARMEE (le RIF jette) : SCH memorise pour la fenetre SB (dans une vraie fenetre SB : 5/900)
  profil PC (21017 tranches, high-water 0xde92) : 9a80:11% 8240:11% 8380:10% 83c0:5% 8200:4% 8300:4% 8540:4% 9a40:4% a0c0:3% 81c0:3% 82c0:3% 9a00:2%
  fn=10413   page=0 insn=121     IDLE   d_fb_det=0     a_sch=0100 0000 0000 0000 sync=0000 1530 ffff  | trames=10416 irq=0 iq=0
  hacks actifs : RHEA_DMA ; cadencement : STREAM LOCKSTEP  ; stimulus : none
  [sbwin] SB #910 fn=9762 p51=21 tick=10435 : armee=0 one_shot=0 page_prog=64 rif_avant=0 nwin=0 marge=0 -> DMA NON ARMEE (le RIF jette) : SCH memorise pour la fenetre SB (dans une vraie fenetre SB : 5/910)
  [sbwin] SB #920 fn=9864 p51=21 tick=10537 : armee=0 one_shot=0 page_prog=64 rif_avant=0 nwin=0 marge=0 -> DMA NON ARMEE (le RIF jette) : SCH memorise pour la fenetre SB (dans une vraie fenetre SB : 5/920)
  profil PC (23747 tranches, high-water 0xde92) : 9a80:11% 8240:11% 8380:10% 83c0:5% 8200:4% 8300:4% 8540:4% 9a40:4% a0c0:3% 81c0:3% 82c0:3% 9a00:2%
  fn=10630   page=1 insn=13731   IDLE   d_fb_det=0     a_sch=0100 0000 0000 0000 sync=0000 1530 ffff  | trames=10633 irq=0 iq=0
  [sbwin] SB #930 fn=9966 p51=21 tick=10639 : armee=0 one_shot=0 page_prog=64 rif_avant=0 nwin=0 marge=0 -> DMA NON ARMEE (le RIF jette) : SCH memorise pour la fenetre SB (dans une vraie fenetre SB : 5/930)
  [sbwin] SB #940 fn=10068 p51=21 tick=10741 : armee=0 one_shot=0 page_prog=64 rif_avant=0 nwin=0 marge=0 -> DMA NON ARMEE (le RIF jette) : SCH memorise pour la fenetre SB (dans une vraie fenetre SB : 5/940)
  [sbwin] SB #950 fn=10170 p51=21 tick=10843 : armee=0 one_shot=0 page_prog=64 rif_avant=0 nwin=0 marge=0 -> DMA NON ARMEE (le RIF jette) : SCH memorise pour la fenetre SB (dans une vraie fenetre SB : 5/950)
  profil PC (23284 tranches, high-water 0xde92) : 9a80:11% 8240:11% 8380:10% 83c0:5% 8200:4% 8300:4% 8540:4% 9a40:4% a0c0:3% 81c0:3% 82c0:3% 9a00:2%
  fn=10847   page=1 insn=121     IDLE   d_fb_det=0     a_sch=0100 0000 0000 0000 sync=0000 1530 ffff  | trames=10850 irq=0 iq=0
  [ts0] tick=10930 fn=10257 p51=6 NB fenetre=151 marge=3 rif_avant=0
  [sbwin] SB #960 fn=10272 p51=21 tick=10945 : armee=0 one_shot=0 page_prog=64 rif_avant=0 nwin=0 marge=0 -> DMA NON ARMEE (le RIF jette) : SCH memorise pour la fenetre SB (dans une vraie fenetre SB : 5/960)
  [chrono] fn=10997 sur 1000 trames (ms) : qemu 3.71 | A 0.05 | go 0.24 | B 0.13 | apres DONE 0.48 | trame 4.62 (temps reel 4.62)
  [sbwin] SB #970 fn=10374 p51=21 tick=11047 : armee=0 one_shot=0 page_prog=64 rif_avant=0 nwin=0 marge=0 -> DMA NON ARMEE (le RIF jette) : SCH memorise pour la fenetre SB (dans une vraie fenetre SB : 5/970)
  profil PC (21013 tranches, high-water 0xde92) : 9a80:11% 8240:11% 8380:10% 83c0:5% 8200:4% 8300:4% 8540:4% 9a40:4% a0c0:3% 81c0:3% 82c0:3% 9a00:2%
  fn=11064   page=0 insn=121     IDLE   d_fb_det=0     a_sch=0100 0000 0000 0000 sync=0000 1530 ffff  | trames=11067 irq=0 iq=0
  [sbwin] SB #980 fn=10476 p51=21 tick=11149 : armee=0 one_shot=0 page_prog=64 rif_avant=0 nwin=0 marge=0 -> DMA NON ARMEE (le RIF jette) : SCH memorise pour la fenetre SB (dans une vraie fenetre SB : 5/980)
  [sbwin] SB #990 fn=10578 p51=21 tick=11251 : armee=0 one_shot=0 page_prog=64 rif_avant=0 nwin=0 marge=0 -> DMA NON ARMEE (le RIF jette) : SCH memorise pour la fenetre SB (dans une vraie fenetre SB : 5/990)
  profil PC (21038 tranches, high-water 0xde92) : 9a80:11% 8240:11% 8380:10% 83c0:5% 8200:4% 8300:4% 8540:4% 9a40:4% a0c0:3% 81c0:3% 82c0:3% 9a00:2%
  fn=11281   page=0 insn=1355    IDLE   d_fb_det=0     a_sch=0100 0000 0000 0000 sync=0000 1530 ffff  | trames=11284 irq=0 iq=0
  [sbwin] SB #1000 fn=10680 p51=21 tick=11353 : armee=0 one_shot=0 page_prog=64 rif_avant=0 nwin=0 marge=0 -> DMA NON ARMEE (le RIF jette) : SCH memorise pour la fenetre SB (dans une vraie fenetre SB : 5/1000)
  [sbwin] SB #1010 fn=10782 p51=21 tick=11455 : armee=0 one_shot=0 page_prog=64 rif_avant=0 nwin=0 marge=0 -> DMA NON ARMEE (le RIF jette) : SCH memorise pour la fenetre SB (dans une vraie fenetre SB : 5/1010)
  profil PC (23951 tranches, high-water 0xde92) : 9a80:11% 8240:11% 8380:10% 83c0:5% 8200:4% 8300:4% 8540:4% 9a40:4% a0c0:3% 81c0:3% 82c0:3% 9a00:2%
  fn=11498   page=1 insn=13609   IDLE   d_fb_det=0     a_sch=0100 0000 0000 0000 sync=0000 1530 ffff  | trames=11501 irq=0 iq=0
  [sbwin] SB #1020 fn=10884 p51=21 tick=11557 : armee=0 one_shot=0 page_prog=64 rif_avant=0 nwin=0 marge=0 -> DMA NON ARMEE (le RIF jette) : SCH memorise pour la fenetre SB (dans une vraie fenetre SB : 5/1020)
  [sbwin] SB #1030 fn=10986 p51=21 tick=11659 : armee=0 one_shot=0 page_prog=64 rif_avant=0 nwin=0 marge=0 -> DMA NON ARMEE (le RIF jette) : SCH memorise pour la fenetre SB (dans une vraie fenetre SB : 5/1030)
  profil PC (23057 tranches, high-water 0xde92) : 9a80:11% 8240:11% 8380:10% 83c0:5% 8200:4% 8300:4% 8540:4% 9a40:4% a0c0:3% 81c0:3% 82c0:3% 9a00:2%
  fn=11715   page=0 insn=121     IDLE   d_fb_det=0     a_sch=0100 0000 0000 0000 sync=0000 1530 ffff  | trames=11718 irq=0 iq=0
  [sbwin] SB #1040 fn=11088 p51=21 tick=11761 : armee=0 one_shot=0 page_prog=64 rif_avant=0 nwin=0 marge=0 -> DMA NON ARMEE (le RIF jette) : SCH memorise pour la fenetre SB (dans une vraie fenetre SB : 5/1040)
  [sbwin] SB #1050 fn=11190 p51=21 tick=11863 : armee=0 one_shot=0 page_prog=64 rif_avant=0 nwin=0 marge=0 -> DMA NON ARMEE (le RIF jette) : SCH memorise pour la fenetre SB (dans une vraie fenetre SB : 5/1050)
  profil PC (21017 tranches, high-water 0xde92) : 9a80:11% 8240:11% 8380:10% 83c0:5% 8200:4% 8300:4% 8540:4% 9a40:4% a0c0:3% 81c0:3% 82c0:3% 9a00:2%
  fn=11932   page=1 insn=121     IDLE   d_fb_det=0     a_sch=0100 0000 0000 0000 sync=0000 1530 ffff  | trames=11935 irq=0 iq=0
  [sbwin] SB #1060 fn=11292 p51=21 tick=11965 : armee=0 one_shot=0 page_prog=64 rif_avant=0 nwin=0 marge=0 -> DMA NON ARMEE (le RIF jette) : SCH memorise pour la fenetre SB (dans une vraie fenetre SB : 5/1060)
  [chrono] fn=11997 sur 1000 trames (ms) : qemu 3.57 | A 0.06 | go 0.27 | B 0.17 | apres DONE 0.55 | trame 4.62 (temps reel 4.62)
  [sbwin] SB #1070 fn=11394 p51=21 tick=12067 : armee=0 one_shot=0 page_prog=64 rif_avant=0 nwin=0 marge=0 -> DMA NON ARMEE (le RIF jette) : SCH memorise pour la fenetre SB (dans une vraie fenetre SB : 5/1070)
  profil PC (21034 tranches, high-water 0xde92) : 9a80:11% 8240:11% 8380:10% 83c0:5% 8200:4% 8300:4% 8540:4% 9a40:4% a0c0:3% 81c0:3% 82c0:3% 9a00:2%
  fn=12149   page=1 insn=121     IDLE   d_fb_det=0     a_sch=0100 0000 0000 0000 sync=0000 1530 ffff  | trames=12152 irq=0 iq=0
  hacks actifs : RHEA_DMA ; cadencement : STREAM LOCKSTEP  ; stimulus : none
  [sbwin] SB #1080 fn=11496 p51=21 tick=12169 : armee=0 one_shot=0 page_prog=64 rif_avant=0 nwin=0 marge=0 -> DMA NON ARMEE (le RIF jette) : SCH memorise pour la fenetre SB (dans une vraie fenetre SB : 5/1080)
  [sbwin] SB #1090 fn=11598 p51=21 tick=12271 : armee=0 one_shot=0 page_prog=64 rif_avant=0 nwin=0 marge=0 -> DMA NON ARMEE (le RIF jette) : SCH memorise pour la fenetre SB (dans une vraie fenetre SB : 5/1090)
  profil PC (24176 tranches, high-water 0xde92) : 9a80:11% 8240:11% 8380:10% 83c0:5% 8200:5% 8300:4% 8540:4% 9a40:4% 81c0:3% a0c0:3% 82c0:3% 9a00:2%
  fn=12366   page=1 insn=13607   IDLE   d_fb_det=0     a_sch=0100 0000 0000 0000 sync=0000 1530 ffff  | trames=12369 irq=0 iq=0
  [sbwin] SB #1100 fn=11700 p51=21 tick=12373 : armee=0 one_shot=0 page_prog=64 rif_avant=0 nwin=0 marge=0 -> DMA NON ARMEE (le RIF jette) : SCH memorise pour la fenetre SB (dans une vraie fenetre SB : 5/1100)
  [sbwin] SB #1110 fn=11802 p51=21 tick=12475 : armee=0 one_shot=0 page_prog=64 rif_avant=0 nwin=0 marge=0 -> DMA NON ARMEE (le RIF jette) : SCH memorise pour la fenetre SB (dans une vraie fenetre SB : 5/1110)
  [sbwin] SB #1120 fn=11904 p51=21 tick=12577 : armee=0 one_shot=0 page_prog=64 rif_avant=0 nwin=0 marge=0 -> DMA NON ARMEE (le RIF jette) : SCH memorise pour la fenetre SB (dans une vraie fenetre SB : 5/1120)
  profil PC (22834 tranches, high-water 0xde92) : 9a80:12% 8240:11% 8380:10% 83c0:5% 8200:4% 8300:4% 8540:4% 9a40:4% a0c0:3% 81c0:3% 82c0:3% 9a00:2%
  fn=12583   page=1 insn=121     IDLE   d_fb_det=0     a_sch=0100 0000 0000 0000 sync=0000 1530 ffff  | trames=12586 irq=0 iq=0
  [sbwin] SB #1130 fn=12006 p51=21 tick=12679 : armee=0 one_shot=0 page_prog=64 rif_avant=0 nwin=0 marge=0 -> DMA NON ARMEE (le RIF jette) : SCH memorise pour la fenetre SB (dans une vraie fenetre SB : 5/1130)
  [sbwin] SB #1140 fn=12108 p51=21 tick=12781 : armee=0 one_shot=0 page_prog=64 rif_avant=0 nwin=0 marge=0 -> DMA NON ARMEE (le RIF jette) : SCH memorise pour la fenetre SB (dans une vraie fenetre SB : 5/1140)
  profil PC (21038 tranches, high-water 0xde92) : 9a80:11% 8240:11% 8380:10% 83c0:5% 8200:4% 8300:4% 8540:4% 9a40:4% a0c0:3% 81c0:3% 82c0:3% 9a00:2%
  fn=12800   page=1 insn=1357    IDLE   d_fb_det=0     a_sch=0100 0000 0000 0000 sync=0000 1530 ffff  | trames=12803 irq=0 iq=0
  [sbwin] SB #1150 fn=12210 p51=21 tick=12883 : armee=0 one_shot=0 page_prog=64 rif_avant=0 nwin=0 marge=0 -> DMA NON ARMEE (le RIF jette) : SCH memorise pour la fenetre SB (dans une vraie fenetre SB : 5/1150)
  [sbwin] SB #1160 fn=12312 p51=21 tick=12985 : armee=0 one_shot=0 page_prog=64 rif_avant=0 nwin=0 marge=0 -> DMA NON ARMEE (le RIF jette) : SCH memorise pour la fenetre SB (dans une vraie fenetre SB : 5/1160)
  [chrono] fn=12997 sur 1000 trames (ms) : qemu 3.50 | A 0.06 | go 0.28 | B 0.19 | apres DONE 0.59 | trame 4.61 (temps reel 4.62)
  profil PC (21238 tranches, high-water 0xde92) : 9a80:11% 8240:11% 8380:10% 83c0:5% 8200:4% 8300:4% 8540:4% 9a40:4% a0c0:3% 81c0:3% 82c0:3% 9a00:2%
  fn=13017   page=1 insn=13771   IDLE   d_fb_det=0     a_sch=0100 0000 0000 0000 sync=0000 1530 ffff  | trames=13020 irq=0 iq=0
  [sbwin] SB #1170 fn=12414 p51=21 tick=13087 : armee=0 one_shot=0 page_prog=64 rif_avant=0 nwin=0 marge=0 -> DMA NON ARMEE (le RIF jette) : SCH memorise pour la fenetre SB (dans une vraie fenetre SB : 5/1170)
  [sbwin] SB #1180 fn=12516 p51=21 tick=13189 : armee=0 one_shot=0 page_prog=64 rif_avant=0 nwin=0 marge=0 -> DMA NON ARMEE (le RIF jette) : SCH memorise pour la fenetre SB (dans une vraie fenetre SB : 5/1180)
  profil PC (24529 tranches, high-water 0xde92) : 9a80:11% 8240:11% 8380:10% 83c0:5% 8200:4% 8300:4% 8540:4% 9a40:4% a0c0:3% 81c0:3% 82c0:3% 9a00:2%
  fn=13234   page=1 insn=36118   IDLE   d_fb_det=0     a_sch=0100 0000 0000 0000 sync=0000 1530 ffff  | trames=13237 irq=0 iq=0
  [sbwin] SB #1190 fn=12618 p51=21 tick=13291 : armee=0 one_shot=0 page_prog=64 rif_avant=0 nwin=0 marge=0 -> DMA NON ARMEE (le RIF jette) : SCH memorise pour la fenetre SB (dans une vraie fenetre SB : 5/1190)
  [sbwin] SB #1200 fn=12720 p51=21 tick=13393 : armee=0 one_shot=0 page_prog=64 rif_avant=0 nwin=0 marge=0 -> DMA NON ARMEE (le RIF jette) : SCH memorise pour la fenetre SB (dans une vraie fenetre SB : 5/1200)
  profil PC (22259 tranches, high-water 0xde92) : 9a80:11% 8240:11% 8380:10% 83c0:5% 8200:4% 8300:4% 8540:4% 9a40:4% a0c0:3% 81c0:3% 82c0:3% 9a00:2%
  fn=13451   page=0 insn=121     IDLE   d_fb_det=0     a_sch=0100 0000 0000 0000 sync=0000 1530 ffff  | trames=13454 irq=0 iq=0
  [sbwin] SB #1210 fn=12822 p51=21 tick=13495 : armee=0 one_shot=0 page_prog=64 rif_avant=0 nwin=0 marge=0 -> DMA NON ARMEE (le RIF jette) : SCH memorise pour la fenetre SB (dans une vraie fenetre SB : 5/1210)
  [sbwin] SB #1220 fn=12924 p51=21 tick=13597 : armee=0 one_shot=0 page_prog=64 rif_avant=0 nwin=0 marge=0 -> DMA NON ARMEE (le RIF jette) : SCH memorise pour la fenetre SB (dans une vraie fenetre SB : 5/1220)
  profil PC (21038 tranches, high-water 0xde92) : 9a80:11% 8240:11% 8380:10% 83c0:5% 8200:4% 8300:4% 8540:4% 9a40:4% a0c0:3% 81c0:3% 82c0:3% 9a00:2%
  fn=13668   page=0 insn=121     IDLE   d_fb_det=0     a_sch=0100 0000 0000 0000 sync=0000 1530 ffff  | trames=13671 irq=0 iq=0
  [sbwin] SB #1230 fn=13026 p51=21 tick=13699 : armee=0 one_shot=0 page_prog=64 rif_avant=0 nwin=0 marge=0 -> DMA NON ARMEE (le RIF jette) : SCH memorise pour la fenetre SB (dans une vraie fenetre SB : 5/1230)
  [sbwin] SB #1240 fn=13128 p51=21 tick=13801 : armee=0 one_shot=0 page_prog=64 rif_avant=0 nwin=0 marge=0 -> DMA NON ARMEE (le RIF jette) : SCH memorise pour la fenetre SB (dans une vraie fenetre SB : 5/1240)
  profil PC (21459 tranches, high-water 0xde92) : 9a80:11% 8240:11% 8380:10% 83c0:5% 8200:4% 8300:4% 8540:4% 9a40:4% a0c0:3% 81c0:3% 82c0:3% 9a00:2%
  fn=13885   page=1 insn=13601   IDLE   d_fb_det=0     a_sch=0100 0000 0000 0000 sync=0000 1530 ffff  | trames=13888 irq=0 iq=0
  hacks actifs : RHEA_DMA ; cadencement : STREAM LOCKSTEP  ; stimulus : none
  [sbwin] SB #1250 fn=13230 p51=21 tick=13903 : armee=0 one_shot=0 page_prog=64 rif_avant=0 nwin=0 marge=0 -> DMA NON ARMEE (le RIF jette) : SCH memorise pour la fenetre SB (dans une vraie fenetre SB : 5/1250)
  [chrono] fn=13997 sur 1000 trames (ms) : qemu 3.51 | A 0.06 | go 0.28 | B 0.18 | apres DONE 0.58 | trame 4.62 (temps reel 4.62)
  [sbwin] SB #1260 fn=13332 p51=21 tick=14005 : armee=0 one_shot=0 page_prog=64 rif_avant=0 nwin=0 marge=0 -> DMA NON ARMEE (le RIF jette) : SCH memorise pour la fenetre SB (dans une vraie fenetre SB : 5/1260)
  profil PC (24530 tranches, high-water 0xde92) : 9a80:11% 8240:11% 8380:10% 83c0:5% 8200:4% 8300:4% 8540:4% 9a40:4% a0c0:3% 81c0:3% 82c0:3% 9a00:2%
  fn=14102   page=1 insn=13731   IDLE   d_fb_det=0     a_sch=0100 0000 0000 0000 sync=0000 1530 ffff  | trames=14105 irq=0 iq=0
  [sbwin] SB #1270 fn=13434 p51=21 tick=14107 : armee=0 one_shot=0 page_prog=64 rif_avant=0 nwin=0 marge=0 -> DMA NON ARMEE (le RIF jette) : SCH memorise pour la fenetre SB (dans une vraie fenetre SB : 5/1270)
  [sbwin] SB #1280 fn=13536 p51=21 tick=14209 : armee=0 one_shot=0 page_prog=64 rif_avant=0 nwin=0 marge=0 -> DMA NON ARMEE (le RIF jette) : SCH memorise pour la fenetre SB (dans une vraie fenetre SB : 5/1280)
  [sbwin] SB #1290 fn=13638 p51=21 tick=14311 : armee=0 one_shot=0 page_prog=64 rif_avant=0 nwin=0 marge=0 -> DMA NON ARMEE (le RIF jette) : SCH memorise pour la fenetre SB (dans une vraie fenetre SB : 5/1290)
  profil PC (22034 tranches, high-water 0xde92) : 9a80:11% 8240:11% 8380:10% 83c0:5% 8200:4% 8300:4% 8540:4% 9a40:4% a0c0:3% 81c0:3% 82c0:3% 9a00:2%
  fn=14319   page=1 insn=121     IDLE   d_fb_det=0     a_sch=0100 0000 0000 0000 sync=0000 1530 ffff  | trames=14322 irq=0 iq=0
  [sbwin] SB #1300 fn=13740 p51=21 tick=14413 : armee=0 one_shot=0 page_prog=64 rif_avant=0 nwin=0 marge=0 -> DMA NON ARMEE (le RIF jette) : SCH memorise pour la fenetre SB (dans une vraie fenetre SB : 5/1300)
  [sbwin] SB #1310 fn=13842 p51=21 tick=14515 : armee=0 one_shot=0 page_prog=64 rif_avant=0 nwin=0 marge=0 -> DMA NON ARMEE (le RIF jette) : SCH memorise pour la fenetre SB (dans une vraie fenetre SB : 5/1310)
  profil PC (21038 tranches, high-water 0xde92) : 9a80:11% 8240:11% 8380:10% 83c0:5% 8200:4% 8300:4% 8540:4% 9a40:4% a0c0:3% 81c0:3% 82c0:3% 9a00:2%
  fn=14536   page=1 insn=121     IDLE   d_fb_det=0     a_sch=0100 0000 0000 0000 sync=0000 1530 ffff  | trames=14539 irq=0 iq=0
  [sbwin] SB #1320 fn=13944 p51=21 tick=14617 : armee=0 one_shot=0 page_prog=64 rif_avant=0 nwin=0 marge=0 -> DMA NON ARMEE (le RIF jette) : SCH memorise pour la fenetre SB (dans une vraie fenetre SB : 5/1320)
  [sbwin] SB #1330 fn=14046 p51=21 tick=14719 : armee=0 one_shot=0 page_prog=64 rif_avant=0 nwin=0 marge=0 -> DMA NON ARMEE (le RIF jette) : SCH memorise pour la fenetre SB (dans une vraie fenetre SB : 5/1330)
  profil PC (21683 tranches, high-water 0xde92) : 9a80:11% 8240:11% 8380:10% 83c0:5% 8200:4% 8300:4% 8540:4% 9a40:4% 81c0:3% a0c0:3% 82c0:3% 9a00:2%
  fn=14753   page=1 insn=13609   IDLE   d_fb_det=0     a_sch=0100 0000 0000 0000 sync=0000 1530 ffff  | trames=14756 irq=0 iq=0
  [sbwin] SB #1340 fn=14148 p51=21 tick=14821 : armee=0 one_shot=0 page_prog=64 rif_avant=0 nwin=0 marge=0 -> DMA NON ARMEE (le RIF jette) : SCH memorise pour la fenetre SB (dans une vraie fenetre SB : 5/1340)
  [sbwin] SB #1350 fn=14250 p51=21 tick=14923 : armee=0 one_shot=0 page_prog=64 rif_avant=0 nwin=0 marge=0 -> DMA NON ARMEE (le RIF jette) : SCH memorise pour la fenetre SB (dans une vraie fenetre SB : 5/1350)
  profil PC (24527 tranches, high-water 0xde92) : 9a80:11% 8240:11% 8380:10% 83c0:5% 8200:4% 8300:4% 8540:4% 9a40:4% a0c0:3% 81c0:3% 82c0:3% 9a00:2%
  fn=14970   page=1 insn=13609   IDLE   d_fb_det=0     a_sch=0100 0000 0000 0000 sync=0000 1530 ffff  | trames=14973 irq=0 iq=0
  [chrono] fn=14997 sur 1000 trames (ms) : qemu 3.54 | A 0.06 | go 0.26 | B 0.18 | apres DONE 0.57 | trame 4.61 (temps reel 4.62)
  [sbwin] SB #1360 fn=14352 p51=21 tick=15025 : armee=0 one_shot=0 page_prog=64 rif_avant=0 nwin=0 marge=0 -> DMA NON ARMEE (le RIF jette) : SCH memorise pour la fenetre SB (dans une vraie fenetre SB : 5/1360)
  [sbwin] SB #1370 fn=14454 p51=21 tick=15127 : armee=0 one_shot=0 page_prog=64 rif_avant=0 nwin=0 marge=0 -> DMA NON ARMEE (le RIF jette) : SCH memorise pour la fenetre SB (dans une vraie fenetre SB : 5/1370)
  profil PC (21836 tranches, high-water 0xde92) : 9a80:11% 8240:11% 8380:10% 83c0:5% 8200:4% 8300:4% 8540:4% 9a40:4% a0c0:3% 81c0:3% 82c0:3% 9a00:2%
  fn=15187   page=1 insn=1357    IDLE   d_fb_det=0     a_sch=0100 0000 0000 0000 sync=0000 1530 ffff  | trames=15190 irq=0 iq=0
  [sbwin] SB #1380 fn=14556 p51=21 tick=15229 : armee=0 one_shot=0 page_prog=64 rif_avant=0 nwin=0 marge=0 -> DMA NON ARMEE (le RIF jette) : SCH memorise pour la fenetre SB (dans une vraie fenetre SB : 5/1380)
  [sbwin] SB #1390 fn=14658 p51=21 tick=15331 : armee=0 one_shot=0 page_prog=64 rif_avant=0 nwin=0 marge=0 -> DMA NON ARMEE (le RIF jette) : SCH memorise pour la fenetre SB (dans une vraie fenetre SB : 5/1390)
  profil PC (21013 tranches, high-water 0xde92) : 9a80:11% 8240:11% 8380:10% 83c0:5% 8200:4% 8300:4% 8540:4% 9a40:4% a0c0:3% 81c0:3% 82c0:3% 9a00:2%
  fn=15404   page=0 insn=121     IDLE   d_fb_det=0     a_sch=0100 0000 0000 0000 sync=0000 1530 ffff  | trames=15407 irq=0 iq=0
  [sbwin] SB #1400 fn=14760 p51=21 tick=15433 : armee=0 one_shot=0 page_prog=64 rif_avant=0 nwin=0 marge=0 -> DMA NON ARMEE (le RIF jette) : SCH memorise pour la fenetre SB (dans une vraie fenetre SB : 5/1400)
  [sbwin] SB #1410 fn=14862 p51=21 tick=15535 : armee=0 one_shot=0 page_prog=64 rif_avant=0 nwin=0 marge=0 -> DMA NON ARMEE (le RIF jette) : SCH memorise pour la fenetre SB (dans une vraie fenetre SB : 5/1410)
  profil PC (22260 tranches, high-water 0xde92) : 9a80:11% 8240:11% 8380:10% 83c0:5% 8200:4% 8300:4% 8540:4% 9a40:4% a0c0:3% 81c0:3% 82c0:3% 9a00:2%
  fn=15621   page=1 insn=35954   IDLE   d_fb_det=0     a_sch=0100 0000 0000 0000 sync=0000 1530 ffff  | trames=15624 irq=0 iq=0
  hacks actifs : RHEA_DMA ; cadencement : STREAM LOCKSTEP  ; stimulus : none
  [sbwin] SB #1420 fn=14964 p51=21 tick=15637 : armee=0 one_shot=0 page_prog=64 rif_avant=0 nwin=0 marge=0 -> DMA NON ARMEE (le RIF jette) : SCH memorise pour la fenetre SB (dans une vraie fenetre SB : 5/1420)
  [sbwin] SB #1430 fn=15066 p51=21 tick=15739 : armee=0 one_shot=0 page_prog=64 rif_avant=0 nwin=0 marge=0 -> DMA NON ARMEE (le RIF jette) : SCH memorise pour la fenetre SB (dans une vraie fenetre SB : 5/1430)
  profil PC (24175 tranches, high-water 0xde92) : 9a80:11% 8240:11% 8380:10% 83c0:5% 8200:5% 8300:4% 8540:4% 9a40:4% 81c0:3% a0c0:3% 82c0:3% 9a00:2%
  fn=15838   page=1 insn=13607   IDLE   d_fb_det=0     a_sch=0100 0000 0000 0000 sync=0000 1530 ffff  | trames=15841 irq=0 iq=0
  [sbwin] SB #1440 fn=15168 p51=21 tick=15841 : armee=0 one_shot=0 page_prog=64 rif_avant=0 nwin=0 marge=0 -> DMA NON ARMEE (le RIF jette) : SCH memorise pour la fenetre SB (dans une vraie fenetre SB : 5/1440)
  [ts0] tick=15930 fn=15257 p51=8 NB fenetre=151 marge=3 rif_avant=0
  [sbwin] SB #1450 fn=15270 p51=21 tick=15943 : armee=0 one_shot=0 page_prog=64 rif_avant=0 nwin=0 marge=0 -> DMA NON ARMEE (le RIF jette) : SCH memorise pour la fenetre SB (dans une vraie fenetre SB : 5/1450)
  [chrono] fn=15997 sur 1000 trames (ms) : qemu 3.51 | A 0.06 | go 0.27 | B 0.17 | apres DONE 0.61 | trame 4.62 (temps reel 4.62)
  [sbwin] SB #1460 fn=15372 p51=21 tick=16045 : armee=0 one_shot=0 page_prog=64 rif_avant=0 nwin=0 marge=0 -> DMA NON ARMEE (le RIF jette) : SCH memorise pour la fenetre SB (dans une vraie fenetre SB : 5/1460)
  profil PC (21613 tranches, high-water 0xde92) : 9a80:12% 8240:10% 8380:10% 83c0:5% 8200:4% 8300:4% 8540:4% 9a40:4% a0c0:3% 81c0:3% 82c0:3% 9a00:2%
  fn=16055   page=0 insn=121     IDLE   d_fb_det=0     a_sch=0100 0000 0000 0000 sync=0000 1530 ffff  | trames=16058 irq=0 iq=0
  [sbwin] SB #1470 fn=15474 p51=21 tick=16147 : armee=0 one_shot=0 page_prog=64 rif_avant=0 nwin=0 marge=0 -> DMA NON ARMEE (le RIF jette) : SCH memorise pour la fenetre SB (dans une vraie fenetre SB : 5/1470)
  [sbwin] SB #1480 fn=15576 p51=21 tick=16249 : armee=0 one_shot=0 page_prog=64 rif_avant=0 nwin=0 marge=0 -> DMA NON ARMEE (le RIF jette) : SCH memorise pour la fenetre SB (dans une vraie fenetre SB : 5/1480)
  profil PC (21013 tranches, high-water 0xde92) : 9a80:11% 8240:11% 8380:10% 83c0:5% 8200:4% 8300:4% 8540:4% 9a40:4% a0c0:3% 81c0:3% 82c0:3% 9a00:2%
  fn=16272   page=1 insn=121     IDLE   d_fb_det=0     a_sch=0100 0000 0000 0000 sync=0000 1530 ffff  | trames=16275 irq=0 iq=0
  [sbwin] SB #1490 fn=15678 p51=21 tick=16351 : armee=0 one_shot=0 page_prog=64 rif_avant=0 nwin=0 marge=0 -> DMA NON ARMEE (le RIF jette) : SCH memorise pour la fenetre SB (dans une vraie fenetre SB : 5/1490)
  [sbwin] SB #1500 fn=15780 p51=21 tick=16453 : armee=0 one_shot=0 page_prog=64 rif_avant=0 nwin=0 marge=0 -> DMA NON ARMEE (le RIF jette) : SCH memorise pour la fenetre SB (dans une vraie fenetre SB : 5/1500)
  profil PC (22487 tranches, high-water 0xde92) : 9a80:11% 8240:11% 8380:10% 83c0:5% 8200:4% 8300:4% 8540:4% 9a40:4% a0c0:3% 81c0:3% 82c0:3% 9a00:2%
  fn=16489   page=1 insn=13725   IDLE   d_fb_det=0     a_sch=0100 0000 0000 0000 sync=0000 1530 ffff  | trames=16492 irq=0 iq=0
  [sbwin] SB #1510 fn=15882 p51=21 tick=16555 : armee=0 one_shot=0 page_prog=64 rif_avant=0 nwin=0 marge=0 -> DMA NON ARMEE (le RIF jette) : SCH memorise pour la fenetre SB (dans une vraie fenetre SB : 5/1510)
  [sbwin] SB #1520 fn=15984 p51=21 tick=16657 : armee=0 one_shot=0 page_prog=64 rif_avant=0 nwin=0 marge=0 -> DMA NON ARMEE (le RIF jette) : SCH memorise pour la fenetre SB (dans une vraie fenetre SB : 5/1520)
  profil PC (24526 tranches, high-water 0xde92) : 9a80:11% 8240:11% 8380:10% 83c0:5% 8200:4% 8300:4% 8540:4% 9a40:4% a0c0:3% 81c0:3% 82c0:3% 9a00:2%
  fn=16706   page=1 insn=36118   IDLE   d_fb_det=0     a_sch=0100 0000 0000 0000 sync=0000 1530 ffff  | trames=16709 irq=0 iq=0
  [sbwin] SB #1530 fn=16086 p51=21 tick=16759 : armee=0 one_shot=0 page_prog=64 rif_avant=0 nwin=0 marge=0 -> DMA NON ARMEE (le RIF jette) : SCH memorise pour la fenetre SB (dans une vraie fenetre SB : 5/1530)
  [sbwin] SB #1540 fn=16188 p51=21 tick=16861 : armee=0 one_shot=0 page_prog=64 rif_avant=0 nwin=0 marge=0 -> DMA NON ARMEE (le RIF jette) : SCH memorise pour la fenetre SB (dans une vraie fenetre SB : 5/1540)
  profil PC (21038 tranches, high-water 0xde92) : 9a80:11% 8240:11% 8380:10% 83c0:5% 8200:4% 8300:4% 8540:4% 9a40:4% a0c0:3% 81c0:3% 82c0:3% 9a00:2%
  fn=16923   page=1 insn=121     IDLE   d_fb_det=0     a_sch=0100 0000 0000 0000 sync=0000 1530 ffff  | trames=16926 irq=0 iq=0
  [sbwin] SB #1550 fn=16290 p51=21 tick=16963 : armee=0 one_shot=0 page_prog=64 rif_avant=0 nwin=0 marge=0 -> DMA NON ARMEE (le RIF jette) : SCH memorise pour la fenetre SB (dans une vraie fenetre SB : 5/1550)
  [chrono] fn=16997 sur 1000 trames (ms) : qemu 3.57 | A 0.06 | go 0.26 | B 0.17 | apres DONE 0.56 | trame 4.62 (temps reel 4.62)
  [sbwin] SB #1560 fn=16392 p51=21 tick=17065 : armee=0 one_shot=0 page_prog=64 rif_avant=0 nwin=0 marge=0 -> DMA NON ARMEE (le RIF jette) : SCH memorise pour la fenetre SB (dans une vraie fenetre SB : 5/1560)
  profil PC (21013 tranches, high-water 0xde92) : 9a80:11% 8240:11% 8380:10% 83c0:5% 8200:4% 8300:4% 8540:4% 9a40:4% a0c0:3% 81c0:3% 82c0:3% 9a00:2%
  fn=17140   page=0 insn=121     IDLE   d_fb_det=0     a_sch=0100 0000 0000 0000 sync=0000 1530 ffff  | trames=17143 irq=0 iq=0
  [sbwin] SB #1570 fn=16494 p51=21 tick=17167 : armee=0 one_shot=0 page_prog=64 rif_avant=0 nwin=0 marge=0 -> DMA NON ARMEE (le RIF jette) : SCH memorise pour la fenetre SB (dans une vraie fenetre SB : 5/1570)
  [sbwin] SB #1580 fn=16596 p51=21 tick=17269 : armee=0 one_shot=0 page_prog=64 rif_avant=0 nwin=0 marge=0 -> DMA NON ARMEE (le RIF jette) : SCH memorise pour la fenetre SB (dans une vraie fenetre SB : 5/1580)
  profil PC (22707 tranches, high-water 0xde92) : 9a80:11% 8240:11% 8380:10% 83c0:5% 8200:4% 8300:4% 8540:4% 9a40:4% a0c0:3% 81c0:3% 82c0:3% 9a00:2%
  fn=17357   page=1 insn=13612   IDLE   d_fb_det=0     a_sch=0100 0000 0000 0000 sync=0000 1530 ffff  | trames=17360 irq=0 iq=0
  hacks actifs : RHEA_DMA ; cadencement : STREAM LOCKSTEP  ; stimulus : none
  [sbwin] SB #1590 fn=16698 p51=21 tick=17371 : armee=0 one_shot=0 page_prog=64 rif_avant=0 nwin=0 marge=0 -> DMA NON ARMEE (le RIF jette) : SCH memorise pour la fenetre SB (dans une vraie fenetre SB : 5/1590)
  [sbwin] SB #1600 fn=16800 p51=21 tick=17473 : armee=0 one_shot=0 page_prog=64 rif_avant=0 nwin=0 marge=0 -> DMA NON ARMEE (le RIF jette) : SCH memorise pour la fenetre SB (dans une vraie fenetre SB : 5/1600)
  profil PC (24324 tranches, high-water 0xde92) : 9a80:11% 8240:11% 8380:10% 83c0:5% 8200:4% 8300:4% 8540:4% 9a40:4% a0c0:3% 81c0:3% 82c0:3% 9a00:2%
  fn=17574   page=1 insn=1357    IDLE   d_fb_det=0     a_sch=0100 0000 0000 0000 sync=0000 1530 ffff  | trames=17577 irq=0 iq=0
  [sbwin] SB #1610 fn=16902 p51=21 tick=17575 : armee=0 one_shot=0 page_prog=64 rif_avant=0 nwin=0 marge=0 -> DMA NON ARMEE (le RIF jette) : SCH memorise pour la fenetre SB (dans une vraie fenetre SB : 5/1610)
  [sbwin] SB #1620 fn=17004 p51=21 tick=17677 : armee=0 one_shot=0 page_prog=64 rif_avant=0 nwin=0 marge=0 -> DMA NON ARMEE (le RIF jette) : SCH memorise pour la fenetre SB (dans une vraie fenetre SB : 5/1620)
  [sbwin] SB #1630 fn=17106 p51=21 tick=17779 : armee=0 one_shot=0 page_prog=64 rif_avant=0 nwin=0 marge=0 -> DMA NON ARMEE (le RIF jette) : SCH memorise pour la fenetre SB (dans une vraie fenetre SB : 5/1630)
  profil PC (21017 tranches, high-water 0xde92) : 9a80:11% 8240:11% 8380:10% 83c0:5% 8200:4% 8300:4% 8540:4% 9a40:4% a0c0:3% 81c0:3% 82c0:3% 9a00:2%
  fn=17791   page=0 insn=121     IDLE   d_fb_det=0     a_sch=0100 0000 0000 0000 sync=0000 1530 ffff  | trames=17794 irq=0 iq=0
  [sbwin] SB #1640 fn=17208 p51=21 tick=17881 : armee=0 one_shot=0 page_prog=64 rif_avant=0 nwin=0 marge=0 -> DMA NON ARMEE (le RIF jette) : SCH memorise pour la fenetre SB (dans une vraie fenetre SB : 5/1640)
  [sbwin] SB #1650 fn=17310 p51=21 tick=17983 : armee=0 one_shot=0 page_prog=64 rif_avant=0 nwin=0 marge=0 -> DMA NON ARMEE (le RIF jette) : SCH memorise pour la fenetre SB (dans une vraie fenetre SB : 5/1650)
  [chrono] fn=17997 sur 1000 trames (ms) : qemu 3.61 | A 0.06 | go 0.27 | B 0.15 | apres DONE 0.52 | trame 4.61 (temps reel 4.62)
  profil PC (21013 tranches, high-water 0xde92) : 9a80:11% 8240:11% 8380:10% 83c0:5% 8200:4% 8300:4% 8540:4% 9a40:4% a0c0:3% 81c0:3% 82c0:3% 9a00:2%
  fn=18008   page=1 insn=121     IDLE   d_fb_det=0     a_sch=0100 0000 0000 0000 sync=0000 1530 ffff  | trames=18011 irq=0 iq=0
  [sbwin] SB #1660 fn=17412 p51=21 tick=18085 : armee=0 one_shot=0 page_prog=64 rif_avant=0 nwin=0 marge=0 -> DMA NON ARMEE (le RIF jette) : SCH memorise pour la fenetre SB (dans une vraie fenetre SB : 5/1660)
  [sbwin] SB #1670 fn=17514 p51=21 tick=18187 : armee=0 one_shot=0 page_prog=64 rif_avant=0 nwin=0 marge=0 -> DMA NON ARMEE (le RIF jette) : SCH memorise pour la fenetre SB (dans une vraie fenetre SB : 5/1670)
  profil PC (22928 tranches, high-water 0xde92) : 9a80:11% 8240:11% 8380:10% 83c0:5% 8200:5% 8300:4% 8540:4% 9a40:4% 81c0:3% a0c0:3% 82c0:3% 9a00:2%
  fn=18225   page=1 insn=13607   IDLE   d_fb_det=0     a_sch=0100 0000 0000 0000 sync=0000 1530 ffff  | trames=18228 irq=0 iq=0
  [sbwin] SB #1680 fn=17616 p51=21 tick=18289 : armee=0 one_shot=0 page_prog=64 rif_avant=0 nwin=0 marge=0 -> DMA NON ARMEE (le RIF jette) : SCH memorise pour la fenetre SB (dans une vraie fenetre SB : 5/1680)
  [sbwin] SB #1690 fn=17718 p51=21 tick=18391 : armee=0 one_shot=0 page_prog=64 rif_avant=0 nwin=0 marge=0 -> DMA NON ARMEE (le RIF jette) : SCH memorise pour la fenetre SB (dans une vraie fenetre SB : 5/1690)
  profil PC (24105 tranches, high-water 0xde92) : 9a80:12% 8240:11% 8380:10% 83c0:5% 8200:4% 8300:4% 8540:4% 9a40:4% a0c0:3% 81c0:3% 82c0:3% 9a00:2%
  fn=18442   page=0 insn=121     IDLE   d_fb_det=0     a_sch=0100 0000 0000 0000 sync=0000 1530 ffff  | trames=18445 irq=0 iq=0
  [sbwin] SB #1700 fn=17820 p51=21 tick=18493 : armee=0 one_shot=0 page_prog=64 rif_avant=0 nwin=0 marge=0 -> DMA NON ARMEE (le RIF jette) : SCH memorise pour la fenetre SB (dans une vraie fenetre SB : 5/1700)
  [sbwin] SB #1710 fn=17922 p51=21 tick=18595 : armee=0 one_shot=0 page_prog=64 rif_avant=0 nwin=0 marge=0 -> DMA NON ARMEE (le RIF jette) : SCH memorise pour la fenetre SB (dans une vraie fenetre SB : 5/1710)
  profil PC (21013 tranches, high-water 0xde92) : 9a80:11% 8240:11% 8380:10% 83c0:5% 8200:4% 8300:4% 8540:4% 9a40:4% a0c0:3% 81c0:3% 82c0:3% 9a00:2%
  fn=18659   page=1 insn=121     IDLE   d_fb_det=0     a_sch=0100 0000 0000 0000 sync=0000 1530 ffff  | trames=18662 irq=0 iq=0
  [sbwin] SB #1720 fn=18024 p51=21 tick=18697 : armee=0 one_shot=0 page_prog=64 rif_avant=0 nwin=0 marge=0 -> DMA NON ARMEE (le RIF jette) : SCH memorise pour la fenetre SB (dans une vraie fenetre SB : 5/1720)
  [sbwin] SB #1730 fn=18126 p51=21 tick=18799 : armee=0 one_shot=0 page_prog=64 rif_avant=0 nwin=0 marge=0 -> DMA NON ARMEE (le RIF jette) : SCH memorise pour la fenetre SB (dans une vraie fenetre SB : 5/1730)
  profil PC (21017 tranches, high-water 0xde92) : 9a80:11% 8240:11% 8380:10% 83c0:5% 8200:4% 8300:4% 8540:4% 9a40:4% a0c0:3% 81c0:3% 82c0:3% 9a00:2%
  fn=18876   page=0 insn=121     IDLE   d_fb_det=0     a_sch=0100 0000 0000 0000 sync=0000 1530 ffff  | trames=18879 irq=0 iq=0
  [sbwin] SB #1740 fn=18228 p51=21 tick=18901 : armee=0 one_shot=0 page_prog=64 rif_avant=0 nwin=0 marge=0 -> DMA NON ARMEE (le RIF jette) : SCH memorise pour la fenetre SB (dans une vraie fenetre SB : 5/1740)
  [chrono] fn=18997 sur 1000 trames (ms) : qemu 3.61 | A 0.06 | go 0.27 | B 0.16 | apres DONE 0.52 | trame 4.62 (temps reel 4.62)
  [sbwin] SB #1750 fn=18330 p51=21 tick=19003 : armee=0 one_shot=0 page_prog=64 rif_avant=0 nwin=0 marge=0 -> DMA NON ARMEE (le RIF jette) : SCH memorise pour la fenetre SB (dans une vraie fenetre SB : 5/1750)
  profil PC (23501 tranches, high-water 0xde92) : 9a80:11% 8240:11% 8380:10% 83c0:5% 8200:4% 8300:4% 8540:4% 9a40:4% a0c0:3% 81c0:3% 82c0:3% 9a00:2%
  fn=19093   page=1 insn=36116   IDLE   d_fb_det=0     a_sch=0100 0000 0000 0000 sync=0000 1530 ffff  | trames=19096 irq=0 iq=0
  hacks actifs : RHEA_DMA ; cadencement : STREAM LOCKSTEP  ; stimulus : none
  [sbwin] SB #1760 fn=18432 p51=21 tick=19105 : armee=0 one_shot=0 page_prog=64 rif_avant=0 nwin=0 marge=0 -> DMA NON ARMEE (le RIF jette) : SCH memorise pour la fenetre SB (dans une vraie fenetre SB : 5/1760)
  [sbwin] SB #1770 fn=18534 p51=21 tick=19207 : armee=0 one_shot=0 page_prog=64 rif_avant=0 nwin=0 marge=0 -> DMA NON ARMEE (le RIF jette) : SCH memorise pour la fenetre SB (dans une vraie fenetre SB : 5/1770)
  [sbwin] SB #1780 fn=18636 p51=21 tick=19309 : armee=0 one_shot=0 page_prog=64 rif_avant=0 nwin=0 marge=0 -> DMA NON ARMEE (le RIF jette) : SCH memorise pour la fenetre SB (dans une vraie fenetre SB : 5/1780)
  profil PC (23530 tranches, high-water 0xde92) : 9a80:11% 8240:11% 8380:10% 83c0:5% 8200:4% 8300:4% 8540:4% 9a40:4% a0c0:3% 81c0:3% 82c0:3% 9a00:2%
  fn=19310   page=1 insn=121     IDLE   d_fb_det=0     a_sch=0100 0000 0000 0000 sync=0000 1530 ffff  | trames=19313 irq=0 iq=0
  [sbwin] SB #1790 fn=18738 p51=21 tick=19411 : armee=0 one_shot=0 page_prog=64 rif_avant=0 nwin=0 marge=0 -> DMA NON ARMEE (le RIF jette) : SCH memorise pour la fenetre SB (dans une vraie fenetre SB : 5/1790)
  [sbwin] SB #1800 fn=18840 p51=21 tick=19513 : armee=0 one_shot=0 page_prog=64 rif_avant=0 nwin=0 marge=0 -> DMA NON ARMEE (le RIF jette) : SCH memorise pour la fenetre SB (dans une vraie fenetre SB : 5/1800)
  profil PC (21013 tranches, high-water 0xde92) : 9a80:11% 8240:11% 8380:10% 83c0:5% 8200:4% 8300:4% 8540:4% 9a40:4% a0c0:3% 81c0:3% 82c0:3% 9a00:2%
  fn=19527   page=0 insn=121     IDLE   d_fb_det=0     a_sch=0100 0000 0000 0000 sync=0000 1530 ffff  | trames=19530 irq=0 iq=0
  [sbwin] SB #1810 fn=18942 p51=21 tick=19615 : armee=0 one_shot=0 page_prog=64 rif_avant=0 nwin=0 marge=0 -> DMA NON ARMEE (le RIF jette) : SCH memorise pour la fenetre SB (dans une vraie fenetre SB : 5/1810)
  [sbwin] SB #1820 fn=19044 p51=21 tick=19717 : armee=0 one_shot=0 page_prog=64 rif_avant=0 nwin=0 marge=0 -> DMA NON ARMEE (le RIF jette) : SCH memorise pour la fenetre SB (dans une vraie fenetre SB : 5/1820)
  profil PC (21017 tranches, high-water 0xde92) : 9a80:11% 8240:11% 8380:10% 83c0:5% 8200:4% 8300:4% 8540:4% 9a40:4% a0c0:3% 81c0:3% 82c0:3% 9a00:2%
  fn=19744   page=1 insn=121     IDLE   d_fb_det=0     a_sch=0100 0000 0000 0000 sync=0000 1530 ffff  | trames=19747 irq=0 iq=0
  [sbwin] SB #1830 fn=19146 p51=21 tick=19819 : armee=0 one_shot=0 page_prog=64 rif_avant=0 nwin=0 marge=0 -> DMA NON ARMEE (le RIF jette) : SCH memorise pour la fenetre SB (dans une vraie fenetre SB : 5/1830)
  [sbwin] SB #1840 fn=19248 p51=21 tick=19921 : armee=0 one_shot=0 page_prog=64 rif_avant=0 nwin=0 marge=0 -> DMA NON ARMEE (le RIF jette) : SCH memorise pour la fenetre SB (dans une vraie fenetre SB : 5/1840)
  profil PC (23525 tranches, high-water 0xde92) : 9a80:11% 8240:11% 8380:10% 83c0:5% 8200:4% 8300:4% 8540:4% 9a40:4% a0c0:3% 81c0:3% 82c0:3% 9a00:2%
  fn=19961   page=1 insn=1357    IDLE   d_fb_det=0     a_sch=0100 0000 0000 0000 sync=0000 1530 ffff  | trames=19964 irq=0 iq=0
  [chrono] fn=19997 sur 1000 trames (ms) : qemu 3.51 | A 0.06 | go 0.27 | B 0.17 | apres DONE 0.60 | trame 4.61 (temps reel 4.62)
  [sbwin] SB #1850 fn=19350 p51=21 tick=20023 : armee=0 one_shot=0 page_prog=64 rif_avant=0 nwin=0 marge=0 -> DMA NON ARMEE (le RIF jette) : SCH memorise pour la fenetre SB (dans une vraie fenetre SB : 5/1850)
  [sbwin] SB #1860 fn=19452 p51=21 tick=20125 : armee=0 one_shot=0 page_prog=64 rif_avant=0 nwin=0 marge=0 -> DMA NON ARMEE (le RIF jette) : SCH memorise pour la fenetre SB (dans une vraie fenetre SB : 5/1860)
  profil PC (23509 tranches, high-water 0xde92) : 9a80:11% 8240:11% 8380:10% 83c0:5% 8200:4% 8300:4% 8540:4% 9a40:4% a0c0:3% 81c0:3% 82c0:3% 9a00:2%
  fn=20178   page=0 insn=121     IDLE   d_fb_det=0     a_sch=0100 0000 0000 0000 sync=0000 1530 ffff  | trames=20181 irq=0 iq=0
  [sbwin] SB #1870 fn=19554 p51=21 tick=20227 : armee=0 one_shot=0 page_prog=64 rif_avant=0 nwin=0 marge=0 -> DMA NON ARMEE (le RIF jette) : SCH memorise pour la fenetre SB (dans une vraie fenetre SB : 5/1870)
  [sbwin] SB #1880 fn=19656 p51=21 tick=20329 : armee=0 one_shot=0 page_prog=64 rif_avant=0 nwin=0 marge=0 -> DMA NON ARMEE (le RIF jette) : SCH memorise pour la fenetre SB (dans une vraie fenetre SB : 5/1880)
  profil PC (21013 tranches, high-water 0xde92) : 9a80:11% 8240:11% 8380:10% 83c0:5% 8200:4% 8300:4% 8540:4% 9a40:4% a0c0:3% 81c0:3% 82c0:3% 9a00:2%
  fn=20395   page=1 insn=121     IDLE   d_fb_det=0     a_sch=0100 0000 0000 0000 sync=0000 1530 ffff  | trames=20398 irq=0 iq=0
  [sbwin] SB #1890 fn=19758 p51=21 tick=20431 : armee=0 one_shot=0 page_prog=64 rif_avant=0 nwin=0 marge=0 -> DMA NON ARMEE (le RIF jette) : SCH memorise pour la fenetre SB (dans une vraie fenetre SB : 5/1890)
  [sbwin] SB #1900 fn=19860 p51=21 tick=20533 : armee=0 one_shot=0 page_prog=64 rif_avant=0 nwin=0 marge=0 -> DMA NON ARMEE (le RIF jette) : SCH memorise pour la fenetre SB (dans une vraie fenetre SB : 5/1900)
  profil PC (21017 tranches, high-water 0xde92) : 9a80:11% 8240:11% 8380:10% 83c0:5% 8200:4% 8300:4% 8540:4% 9a40:4% a0c0:3% 81c0:3% 82c0:3% 9a00:2%
  fn=20612   page=0 insn=121     IDLE   d_fb_det=0     a_sch=0100 0000 0000 0000 sync=0000 1530 ffff  | trames=20615 irq=0 iq=0
  [sbwin] SB #1910 fn=19962 p51=21 tick=20635 : armee=0 one_shot=0 page_prog=64 rif_avant=0 nwin=0 marge=0 -> DMA NON ARMEE (le RIF jette) : SCH memorise pour la fenetre SB (dans une vraie fenetre SB : 5/1910)
  [sbwin] SB #1920 fn=20064 p51=21 tick=20737 : armee=0 one_shot=0 page_prog=64 rif_avant=0 nwin=0 marge=0 -> DMA NON ARMEE (le RIF jette) : SCH memorise pour la fenetre SB (dans une vraie fenetre SB : 5/1920)
  profil PC (23522 tranches, high-water 0xde92) : 9a80:11% 8240:11% 8380:10% 83c0:5% 8200:4% 8300:4% 8540:4% 9a40:4% a0c0:3% 81c0:3% 82c0:3% 9a00:2%
  fn=20829   page=0 insn=121     IDLE   d_fb_det=0     a_sch=0100 0000 0000 0000 sync=0000 1530 ffff  | trames=20832 irq=0 iq=0
  hacks actifs : RHEA_DMA ; cadencement : STREAM LOCKSTEP  ; stimulus : none
  [sbwin] SB #1930 fn=20166 p51=21 tick=20839 : armee=0 one_shot=0 page_prog=64 rif_avant=0 nwin=0 marge=0 -> DMA NON ARMEE (le RIF jette) : SCH memorise pour la fenetre SB (dans une vraie fenetre SB : 5/1930)
  [ts0] tick=20930 fn=20257 p51=10 FCCH fenetre=64 marge=0 rif_avant=0
  [sbwin] SB #1940 fn=20268 p51=21 tick=20941 : armee=0 one_shot=0 page_prog=64 rif_avant=0 nwin=0 marge=0 -> DMA NON ARMEE (le RIF jette) : SCH memorise pour la fenetre SB (dans une vraie fenetre SB : 5/1940)
  [chrono] fn=20997 sur 1000 trames (ms) : qemu 3.53 | A 0.06 | go 0.28 | B 0.16 | apres DONE 0.59 | trame 4.62 (temps reel 4.62)
  [sbwin] SB #1950 fn=20370 p51=21 tick=21043 : armee=0 one_shot=0 page_prog=64 rif_avant=0 nwin=0 marge=0 -> DMA NON ARMEE (le RIF jette) : SCH memorise pour la fenetre SB (dans une vraie fenetre SB : 5/1950)
  profil PC (23509 tranches, high-water 0xde92) : 9a80:11% 8240:11% 8380:10% 83c0:5% 8200:4% 8300:4% 8540:4% 9a40:4% a0c0:3% 81c0:3% 82c0:3% 9a00:2%
  fn=21046   page=1 insn=121     IDLE   d_fb_det=0     a_sch=0100 0000 0000 0000 sync=0000 1530 ffff  | trames=21049 irq=0 iq=0
  [sbwin] SB #1960 fn=20472 p51=21 tick=21145 : armee=0 one_shot=0 page_prog=64 rif_avant=0 nwin=0 marge=0 -> DMA NON ARMEE (le RIF jette) : SCH memorise pour la fenetre SB (dans une vraie fenetre SB : 5/1960)
  [sbwin] SB #1970 fn=20574 p51=21 tick=21247 : armee=0 one_shot=0 page_prog=64 rif_avant=0 nwin=0 marge=0 -> DMA NON ARMEE (le RIF jette) : SCH memorise pour la fenetre SB (dans une vraie fenetre SB : 5/1970)
  profil PC (21013 tranches, high-water 0xde92) : 9a80:11% 8240:11% 8380:10% 83c0:5% 8200:4% 8300:4% 8540:4% 9a40:4% a0c0:3% 81c0:3% 82c0:3% 9a00:2%
  fn=21263   page=0 insn=121     IDLE   d_fb_det=0     a_sch=0100 0000 0000 0000 sync=0000 1530 ffff  | trames=21266 irq=0 iq=0
  [sbwin] SB #1980 fn=20676 p51=21 tick=21349 : armee=0 one_shot=0 page_prog=64 rif_avant=0 nwin=0 marge=0 -> DMA NON ARMEE (le RIF jette) : SCH memorise pour la fenetre SB (dans une vraie fenetre SB : 5/1980)
  [sbwin] SB #1990 fn=20778 p51=21 tick=21451 : armee=0 one_shot=0 page_prog=64 rif_avant=0 nwin=0 marge=0 -> DMA NON ARMEE (le RIF jette) : SCH memorise pour la fenetre SB (dans une vraie fenetre SB : 5/1990)
  profil PC (21017 tranches, high-water 0xde92) : 9a80:11% 8240:11% 8380:10% 83c0:5% 8200:4% 8300:4% 8540:4% 9a40:4% a0c0:3% 81c0:3% 82c0:3% 9a00:2%
  fn=21480   page=1 insn=121     IDLE   d_fb_det=0     a_sch=0100 0000 0000 0000 sync=0000 1530 ffff  | trames=21483 irq=0 iq=0
  [sbwin] SB #2000 fn=20880 p51=21 tick=21553 : armee=0 one_shot=0 page_prog=64 rif_avant=0 nwin=0 marge=0 -> DMA NON ARMEE (le RIF jette) : SCH memorise pour la fenetre SB (dans une vraie fenetre SB : 5/2000)
  [sbwin] SB #2010 fn=20982 p51=21 tick=21655 : armee=0 one_shot=0 page_prog=64 rif_avant=0 nwin=0 marge=0 -> DMA NON ARMEE (le RIF jette) : SCH memorise pour la fenetre SB (dans une vraie fenetre SB : 5/2010)
  profil PC (23749 tranches, high-water 0xde92) : 9a80:11% 8240:11% 8380:10% 83c0:5% 8200:4% 8300:4% 8540:4% 9a40:4% a0c0:3% 81c0:3% 82c0:3% 9a00:2%
  fn=21697   page=0 insn=13729   IDLE   d_fb_det=0     a_sch=0100 0000 0000 0000 sync=0000 1530 ffff  | trames=21700 irq=0 iq=0
  [sbwin] SB #2020 fn=21084 p51=21 tick=21757 : armee=0 one_shot=0 page_prog=64 rif_avant=0 nwin=0 marge=0 -> DMA NON ARMEE (le RIF jette) : SCH memorise pour la fenetre SB (dans une vraie fenetre SB : 5/2020)
  [sbwin] SB #2030 fn=21186 p51=21 tick=21859 : armee=0 one_shot=0 page_prog=64 rif_avant=0 nwin=0 marge=0 -> DMA NON ARMEE (le RIF jette) : SCH memorise pour la fenetre SB (dans une vraie fenetre SB : 5/2030)
  profil PC (23280 tranches, high-water 0xde92) : 9a80:11% 8240:11% 8380:10% 83c0:5% 8200:4% 8300:4% 8540:4% 9a40:4% a0c0:3% 81c0:3% 82c0:3% 9a00:2%
  fn=21914   page=0 insn=121     IDLE   d_fb_det=0     a_sch=0100 0000 0000 0000 sync=0000 1530 ffff  | trames=21917 irq=0 iq=0
  [sbwin] SB #2040 fn=21288 p51=21 tick=21961 : armee=0 one_shot=0 page_prog=64 rif_avant=0 nwin=0 marge=0 -> DMA NON ARMEE (le RIF jette) : SCH memorise pour la fenetre SB (dans une vraie fenetre SB : 5/2040)
  [chrono] fn=21997 sur 1000 trames (ms) : qemu 3.57 | A 0.06 | go 0.27 | B 0.18 | apres DONE 0.54 | trame 4.62 (temps reel 4.62)
  [sbwin] SB #2050 fn=21390 p51=21 tick=22063 : armee=0 one_shot=0 page_prog=64 rif_avant=0 nwin=0 marge=0 -> DMA NON ARMEE (le RIF jette) : SCH memorise pour la fenetre SB (dans une vraie fenetre SB : 5/2050)
  profil PC (21017 tranches, high-water 0xde92) : 9a80:11% 8240:11% 8380:10% 83c0:5% 8200:4% 8300:4% 8540:4% 9a40:4% a0c0:3% 81c0:3% 82c0:3% 9a00:2%
  fn=22131   page=1 insn=121     IDLE   d_fb_det=0     a_sch=0100 0000 0000 0000 sync=0000 1530 ffff  | trames=22134 irq=0 iq=0
  [sbwin] SB #2060 fn=21492 p51=21 tick=22165 : armee=0 one_shot=0 page_prog=64 rif_avant=0 nwin=0 marge=0 -> DMA NON ARMEE (le RIF jette) : SCH memorise pour la fenetre SB (dans une vraie fenetre SB : 5/2060)
  [sbwin] SB #2070 fn=21594 p51=21 tick=22267 : armee=0 one_shot=0 page_prog=64 rif_avant=0 nwin=0 marge=0 -> DMA NON ARMEE (le RIF jette) : SCH memorise pour la fenetre SB (dans une vraie fenetre SB : 5/2070)
  profil PC (21034 tranches, high-water 0xde92) : 9a80:11% 8240:11% 8380:10% 83c0:5% 8200:4% 8300:4% 8540:4% 9a40:4% a0c0:3% 81c0:3% 82c0:3% 9a00:2%
  fn=22348   page=1 insn=1357    IDLE   d_fb_det=0     a_sch=0100 0000 0000 0000 sync=0000 1530 ffff  | trames=22351 irq=0 iq=0
  [sbwin] SB #2080 fn=21696 p51=21 tick=22369 : armee=0 one_shot=0 page_prog=64 rif_avant=0 nwin=0 marge=0 -> DMA NON ARMEE (le RIF jette) : SCH memorise pour la fenetre SB (dans une vraie fenetre SB : 5/2080)
  [sbwin] SB #2090 fn=21798 p51=21 tick=22471 : armee=0 one_shot=0 page_prog=64 rif_avant=0 nwin=0 marge=0 -> DMA NON ARMEE (le RIF jette) : SCH memorise pour la fenetre SB (dans une vraie fenetre SB : 5/2090)
  profil PC (23953 tranches, high-water 0xde92) : 9a80:11% 8240:11% 8380:10% 83c0:5% 8200:4% 8300:4% 8540:4% 9a40:4% a0c0:3% 81c0:3% 82c0:3% 9a00:2%
  fn=22565   page=0 insn=13607   IDLE   d_fb_det=0     a_sch=0100 0000 0000 0000 sync=0000 1530 ffff  | trames=22568 irq=0 iq=0
  hacks actifs : RHEA_DMA ; cadencement : STREAM LOCKSTEP  ; stimulus : none
  [sbwin] SB #2100 fn=21900 p51=21 tick=22573 : armee=0 one_shot=0 page_prog=64 rif_avant=0 nwin=0 marge=0 -> DMA NON ARMEE (le RIF jette) : SCH memorise pour la fenetre SB (dans une vraie fenetre SB : 5/2100)
  [sbwin] SB #2110 fn=22002 p51=21 tick=22675 : armee=0 one_shot=0 page_prog=64 rif_avant=0 nwin=0 marge=0 -> DMA NON ARMEE (le RIF jette) : SCH memorise pour la fenetre SB (dans une vraie fenetre SB : 5/2110)
  [sbwin] SB #2120 fn=22104 p51=21 tick=22777 : armee=0 one_shot=0 page_prog=64 rif_avant=0 nwin=0 marge=0 -> DMA NON ARMEE (le RIF jette) : SCH memorise pour la fenetre SB (dans une vraie fenetre SB : 5/2120)
  profil PC (23057 tranches, high-water 0xde92) : 9a80:11% 8240:11% 8380:10% 83c0:5% 8200:4% 8300:4% 8540:4% 9a40:4% a0c0:3% 81c0:3% 82c0:3% 9a00:2%
  fn=22782   page=1 insn=121     IDLE   d_fb_det=0     a_sch=0100 0000 0000 0000 sync=0000 1530 ffff  | trames=22785 irq=0 iq=0
  [sbwin] SB #2130 fn=22206 p51=21 tick=22879 : armee=0 one_shot=0 page_prog=64 rif_avant=0 nwin=0 marge=0 -> DMA NON ARMEE (le RIF jette) : SCH memorise pour la fenetre SB (dans une vraie fenetre SB : 5/2130)
  [sbwin] SB #2140 fn=22308 p51=21 tick=22981 : armee=0 one_shot=0 page_prog=64 rif_avant=0 nwin=0 marge=0 -> DMA NON ARMEE (le RIF jette) : SCH memorise pour la fenetre SB (dans une vraie fenetre SB : 5/2140)
  [chrono] fn=22997 sur 1000 trames (ms) : qemu 3.60 | A 0.06 | go 0.28 | B 0.16 | apres DONE 0.52 | trame 4.61 (temps reel 4.62)
  profil PC (21017 tranches, high-water 0xde92) : 9a80:11% 8240:11% 8380:10% 83c0:5% 8200:4% 8300:4% 8540:4% 9a40:4% a0c0:3% 81c0:3% 82c0:3% 9a00:2%
  fn=22999   page=0 insn=121     IDLE   d_fb_det=0     a_sch=0100 0000 0000 0000 sync=0000 1530 ffff  | trames=23002 irq=0 iq=0
  [sbwin] SB #2150 fn=22410 p51=21 tick=23083 : armee=0 one_shot=0 page_prog=64 rif_avant=0 nwin=0 marge=0 -> DMA NON ARMEE (le RIF jette) : SCH memorise pour la fenetre SB (dans une vraie fenetre SB : 5/2150)
  [sbwin] SB #2160 fn=22512 p51=21 tick=23185 : armee=0 one_shot=0 page_prog=64 rif_avant=0 nwin=0 marge=0 -> DMA NON ARMEE (le RIF jette) : SCH memorise pour la fenetre SB (dans une vraie fenetre SB : 5/2160)
  profil PC (21034 tranches, high-water 0xde92) : 9a80:11% 8240:11% 8380:10% 83c0:5% 8200:4% 8300:4% 8540:4% 9a40:4% a0c0:3% 81c0:3% 82c0:3% 9a00:2%
  fn=23216   page=0 insn=121     IDLE   d_fb_det=0     a_sch=0100 0000 0000 0000 sync=0000 1530 ffff  | trames=23219 irq=0 iq=0
  [sbwin] SB #2170 fn=22614 p51=21 tick=23287 : armee=0 one_shot=0 page_prog=64 rif_avant=0 nwin=0 marge=0 -> DMA NON ARMEE (le RIF jette) : SCH memorise pour la fenetre SB (dans une vraie fenetre SB : 5/2170)
  [sbwin] SB #2180 fn=22716 p51=21 tick=23389 : armee=0 one_shot=0 page_prog=64 rif_avant=0 nwin=0 marge=0 -> DMA NON ARMEE (le RIF jette) : SCH memorise pour la fenetre SB (dans une vraie fenetre SB : 5/2180)
  profil PC (24179 tranches, high-water 0xde92) : 9a80:11% 8240:11% 8380:10% 83c0:5% 8200:5% 8300:4% 8540:4% 9a40:4% 81c0:3% a0c0:3% 82c0:3% 9a00:2%
  fn=23433   page=0 insn=13605   IDLE   d_fb_det=0     a_sch=0100 0000 0000 0000 sync=0000 1530 ffff  | trames=23436 irq=0 iq=0
  [sbwin] SB #2190 fn=22818 p51=21 tick=23491 : armee=0 one_shot=0 page_prog=64 rif_avant=0 nwin=0 marge=0 -> DMA NON ARMEE (le RIF jette) : SCH memorise pour la fenetre SB (dans une vraie fenetre SB : 5/2190)
  [sbwin] SB #2200 fn=22920 p51=21 tick=23593 : armee=0 one_shot=0 page_prog=64 rif_avant=0 nwin=0 marge=0 -> DMA NON ARMEE (le RIF jette) : SCH memorise pour la fenetre SB (dans une vraie fenetre SB : 5/2200)
  profil PC (22834 tranches, high-water 0xde92) : 9a80:12% 8240:11% 8380:10% 83c0:5% 8200:4% 8300:4% 8540:4% 9a40:4% a0c0:3% 81c0:3% 82c0:3% 9a00:2%
  fn=23650   page=0 insn=121     IDLE   d_fb_det=0     a_sch=0100 0000 0000 0000 sync=0000 1530 ffff  | trames=23653 irq=0 iq=0
  [sbwin] SB #2210 fn=23022 p51=21 tick=23695 : armee=0 one_shot=0 page_prog=64 rif_avant=0 nwin=0 marge=0 -> DMA NON ARMEE (le RIF jette) : SCH memorise pour la fenetre SB (dans une vraie fenetre SB : 5/2210)
  [sbwin] SB #2220 fn=23124 p51=21 tick=23797 : armee=0 one_shot=0 page_prog=64 rif_avant=0 nwin=0 marge=0 -> DMA NON ARMEE (le RIF jette) : SCH memorise pour la fenetre SB (dans une vraie fenetre SB : 5/2220)
  profil PC (21038 tranches, high-water 0xde92) : 9a80:11% 8240:11% 8380:10% 83c0:5% 8200:4% 8300:4% 8540:4% 9a40:4% a0c0:3% 81c0:3% 82c0:3% 9a00:2%
  fn=23867   page=0 insn=1355    IDLE   d_fb_det=0     a_sch=0100 0000 0000 0000 sync=0000 1530 ffff  | trames=23870 irq=0 iq=0
  [sbwin] SB #2230 fn=23226 p51=21 tick=23899 : armee=0 one_shot=0 page_prog=64 rif_avant=0 nwin=0 marge=0 -> DMA NON ARMEE (le RIF jette) : SCH memorise pour la fenetre SB (dans une vraie fenetre SB : 5/2230)
  [chrono] fn=23997 sur 1000 trames (ms) : qemu 3.57 | A 0.06 | go 0.27 | B 0.17 | apres DONE 0.55 | trame 4.62 (temps reel 4.62)
  [sbwin] SB #2240 fn=23328 p51=21 tick=24001 : armee=0 one_shot=0 page_prog=64 rif_avant=0 nwin=0 marge=0 -> DMA NON ARMEE (le RIF jette) : SCH memorise pour la fenetre SB (dans une vraie fenetre SB : 5/2240)
  profil PC (21237 tranches, high-water 0xde92) : 9a80:11% 8240:11% 8380:10% 83c0:5% 8200:4% 8300:4% 8540:4% 9a40:4% a0c0:3% 81c0:3% 82c0:3% 9a00:2%
  fn=24084   page=0 insn=13721   IDLE   d_fb_det=0     a_sch=0100 0000 0000 0000 sync=0000 1530 ffff  | trames=24087 irq=0 iq=0
  [sbwin] SB #2250 fn=23430 p51=21 tick=24103 : armee=0 one_shot=0 page_prog=64 rif_avant=0 nwin=0 marge=0 -> DMA NON ARMEE (le RIF jette) : SCH memorise pour la fenetre SB (dans une vraie fenetre SB : 5/2250)
  [sbwin] SB #2260 fn=23532 p51=21 tick=24205 : armee=0 one_shot=0 page_prog=64 rif_avant=0 nwin=0 marge=0 -> DMA NON ARMEE (le RIF jette) : SCH memorise pour la fenetre SB (dans une vraie fenetre SB : 5/2260)
  profil PC (24527 tranches, high-water 0xde92) : 9a80:11% 8240:11% 8380:10% 83c0:5% 8200:4% 8300:4% 8540:4% 9a40:4% a0c0:3% 81c0:3% 82c0:3% 9a00:2%
  fn=24301   page=0 insn=36116   IDLE   d_fb_det=0     a_sch=0100 0000 0000 0000 sync=0000 1530 ffff  | trames=24304 irq=0 iq=0
  hacks actifs : RHEA_DMA ; cadencement : STREAM LOCKSTEP  ; stimulus : none
  [sbwin] SB #2270 fn=23634 p51=21 tick=24307 : armee=0 one_shot=0 page_prog=64 rif_avant=0 nwin=0 marge=0 -> DMA NON ARMEE (le RIF jette) : SCH memorise pour la fenetre SB (dans une vraie fenetre SB : 5/2270)
  [sbwin] SB #2280 fn=23736 p51=21 tick=24409 : armee=0 one_shot=0 page_prog=64 rif_avant=0 nwin=0 marge=0 -> DMA NON ARMEE (le RIF jette) : SCH memorise pour la fenetre SB (dans une vraie fenetre SB : 5/2280)
  [sbwin] SB #2290 fn=23838 p51=21 tick=24511 : armee=0 one_shot=0 page_prog=64 rif_avant=0 nwin=0 marge=0 -> DMA NON ARMEE (le RIF jette) : SCH memorise pour la fenetre SB (dans une vraie fenetre SB : 5/2290)
  profil PC (22259 tranches, high-water 0xde92) : 9a80:11% 8240:11% 8380:10% 83c0:5% 8200:4% 8300:4% 8540:4% 9a40:4% a0c0:3% 81c0:3% 82c0:3% 9a00:2%
  fn=24518   page=1 insn=121     IDLE   d_fb_det=0     a_sch=0100 0000 0000 0000 sync=0000 1530 ffff  | trames=24521 irq=0 iq=0
  [sbwin] SB #2300 fn=23940 p51=21 tick=24613 : armee=0 one_shot=0 page_prog=64 rif_avant=0 nwin=0 marge=0 -> DMA NON ARMEE (le RIF jette) : SCH memorise pour la fenetre SB (dans une vraie fenetre SB : 5/2300)
  [sbwin] SB #2310 fn=24042 p51=21 tick=24715 : armee=0 one_shot=0 page_prog=64 rif_avant=0 nwin=0 marge=0 -> DMA NON ARMEE (le RIF jette) : SCH memorise pour la fenetre SB (dans une vraie fenetre SB : 5/2310)
  profil PC (21038 tranches, high-water 0xde92) : 9a80:11% 8240:11% 8380:10% 83c0:5% 8200:4% 8300:4% 8540:4% 9a40:4% a0c0:3% 81c0:3% 82c0:3% 9a00:2%
  fn=24735   page=1 insn=121     IDLE   d_fb_det=0     a_sch=0100 0000 0000 0000 sync=0000 1530 ffff  | trames=24738 irq=0 iq=0
  [sbwin] SB #2320 fn=24144 p51=21 tick=24817 : armee=0 one_shot=0 page_prog=64 rif_avant=0 nwin=0 marge=0 -> DMA NON ARMEE (le RIF jette) : SCH memorise pour la fenetre SB (dans une vraie fenetre SB : 5/2320)
  [sbwin] SB #2330 fn=24246 p51=21 tick=24919 : armee=0 one_shot=0 page_prog=64 rif_avant=0 nwin=0 marge=0 -> DMA NON ARMEE (le RIF jette) : SCH memorise pour la fenetre SB (dans une vraie fenetre SB : 5/2330)
  profil PC (21460 tranches, high-water 0xde92) : 9a80:11% 8240:11% 8380:10% 83c0:5% 8200:4% 8300:4% 8540:4% 9a40:4% a0c0:3% 81c0:3% 82c0:3% 9a00:2%
  fn=24952   page=0 insn=13612   IDLE   d_fb_det=0     a_sch=0100 0000 0000 0000 sync=0000 1530 ffff  | trames=24955 irq=0 iq=0
  [chrono] fn=24997 sur 1000 trames (ms) : qemu 3.56 | A 0.06 | go 0.27 | B 0.16 | apres DONE 0.57 | trame 4.61 (temps reel 4.62)
  [sbwin] SB #2340 fn=24348 p51=21 tick=25021 : armee=0 one_shot=0 page_prog=64 rif_avant=0 nwin=0 marge=0 -> DMA NON ARMEE (le RIF jette) : SCH memorise pour la fenetre SB (dans une vraie fenetre SB : 5/2340)
  [sbwin] SB #2350 fn=24450 p51=21 tick=25123 : armee=0 one_shot=0 page_prog=64 rif_avant=0 nwin=0 marge=0 -> DMA NON ARMEE (le RIF jette) : SCH memorise pour la fenetre SB (dans une vraie fenetre SB : 5/2350)
  profil PC (24527 tranches, high-water 0xde92) : 9a80:11% 8240:11% 8380:10% 83c0:5% 8200:4% 8300:4% 8540:4% 9a40:4% a0c0:3% 81c0:3% 82c0:3% 9a00:2%
  fn=25169   page=0 insn=13729   IDLE   d_fb_det=0     a_sch=0100 0000 0000 0000 sync=0000 1530 ffff  | trames=25172 irq=0 iq=0
  [sbwin] SB #2360 fn=24552 p51=21 tick=25225 : armee=0 one_shot=0 page_prog=64 rif_avant=0 nwin=0 marge=0 -> DMA NON ARMEE (le RIF jette) : SCH memorise pour la fenetre SB (dans une vraie fenetre SB : 5/2360)
  [sbwin] SB #2370 fn=24654 p51=21 tick=25327 : armee=0 one_shot=0 page_prog=64 rif_avant=0 nwin=0 marge=0 -> DMA NON ARMEE (le RIF jette) : SCH memorise pour la fenetre SB (dans une vraie fenetre SB : 5/2370)
  profil PC (22038 tranches, high-water 0xde92) : 9a80:11% 8240:11% 8380:10% 83c0:5% 8200:4% 8300:4% 8540:4% 9a40:4% a0c0:3% 81c0:3% 82c0:3% 9a00:2%
  fn=25386   page=0 insn=121     IDLE   d_fb_det=0     a_sch=0100 0000 0000 0000 sync=0000 1530 ffff  | trames=25389 irq=0 iq=0
  [sbwin] SB #2380 fn=24756 p51=21 tick=25429 : armee=0 one_shot=0 page_prog=64 rif_avant=0 nwin=0 marge=0 -> DMA NON ARMEE (le RIF jette) : SCH memorise pour la fenetre SB (dans une vraie fenetre SB : 5/2380)
  [sbwin] SB #2390 fn=24858 p51=21 tick=25531 : armee=0 one_shot=0 page_prog=64 rif_avant=0 nwin=0 marge=0 -> DMA NON ARMEE (le RIF jette) : SCH memorise pour la fenetre SB (dans une vraie fenetre SB : 5/2390)
  profil PC (21034 tranches, high-water 0xde92) : 9a80:11% 8240:11% 8380:10% 83c0:5% 8200:4% 8300:4% 8540:4% 9a40:4% a0c0:3% 81c0:3% 82c0:3% 9a00:2%
  fn=25603   page=0 insn=121     IDLE   d_fb_det=0     a_sch=0100 0000 0000 0000 sync=0000 1530 ffff  | trames=25606 irq=0 iq=0
  [sbwin] SB #2400 fn=24960 p51=21 tick=25633 : armee=0 one_shot=0 page_prog=64 rif_avant=0 nwin=0 marge=0 -> DMA NON ARMEE (le RIF jette) : SCH memorise pour la fenetre SB (dans une vraie fenetre SB : 5/2400)
  [jalon] fn=25673 d_fb_det=1  hacks=RHEA_DMA
  [sbwin] SB #2404 fn=25001 p51=11 tick=25674 : armee=0 one_shot=0 page_prog=48 rif_avant=0 nwin=0 marge=0 -> DMA NON ARMEE (le RIF jette) : SCH memorise pour la fenetre SB (dans une vraie fenetre SB : 5/2404)
  [jalon] fn=25683 d_fb_det=1  hacks=RHEA_DMA
  [sbwin] SB #2405 fn=25011 p51=21 tick=25684 : armee=0 one_shot=0 page_prog=48 rif_avant=0 nwin=0 marge=0 -> DMA NON ARMEE (le RIF jette) : SCH memorise pour la fenetre SB (dans une vraie fenetre SB : 5/2405)
  [cmd] fn=25692 tache SB postee par l'ARM (W0 md=6 W1 md=0)
  [sb] fn=25692 p51=39 | FB a fn=25683 toa=8743 pm=5424 ang=-1 | TOA-ROM=8743 src=fine | a_sch=0100 crc_ko
  [a_sch] fn=25693 page=0 : 0100 0000 0000 0000 -> 8100 0016 f85d 01fb  (d_dsp_page=0003) TOA=0 PM=5521 SNR=12 crc_ko
  [sbwin] SB #2406 fn=25021 p51=31 tick=25694 : armee=1 one_shot=1 page_prog=191 rif_avant=0 nwin=191 marge=21 -> FENETRE SB (one-shot) (dans une vraie fenetre SB : 6/2406)
  [a_sch] fn=25694 page=1 : 0100 0000 0000 0000 -> 8000 10f6 091c 0125  (d_dsp_page=0003) TOA=23 PM=5353 SNR=10060 CRC_OK
  [jalon] fn=25694 SB PLAUSIBLE page=1 BSIC=7 a_sch=8000 10f6 091c 0125  hacks=RHEA_DMA
  [a_sch] fn=25695 page=0 : 8100 0016 f85d 01fb -> 0100 0000 0000 0000  (d_dsp_page=0003) TOA=0 PM=0 SNR=0 crc_ko
  [sbwin] SB #2407 fn=25031 p51=41 tick=25704 : armee=0 one_shot=0 page_prog=191 rif_avant=0 nwin=0 marge=0 -> DMA NON ARMEE (le RIF jette) : SCH memorise pour la fenetre SB (dans une vraie fenetre SB : 6/2407)
  [sbwin] SB #2408 fn=25042 p51=1 tick=25715 : armee=0 one_shot=0 page_prog=191 rif_avant=0 nwin=0 marge=0 -> DMA NON ARMEE (le RIF jette) : SCH memorise pour la fenetre SB (dans une vraie fenetre SB : 6/2408)
  [a_sch] fn=25718 page=1 : 8000 10f6 091c 0125 -> 0100 0000 0000 0000  (d_dsp_page=0003) TOA=0 PM=0 SNR=0 crc_ko
  [sbwin] SB #2409 fn=25052 p51=11 tick=25725 : armee=0 one_shot=0 page_prog=151 rif_avant=0 nwin=0 marge=0 -> DMA NON ARMEE (le RIF jette) : SCH memorise pour la fenetre SB (dans une vraie fenetre SB : 6/2409)
  [sbwin] SB #2410 fn=25062 p51=21 tick=25735 : armee=0 one_shot=0 page_prog=151 rif_avant=0 nwin=0 marge=0 -> DMA NON ARMEE (le RIF jette) : SCH memorise pour la fenetre SB (dans une vraie fenetre SB : 6/2410)
  [montant] RACH ra=0x13 bsic=7 fn=25735 -> /dev/shm/calypso_rach
  [montant]   declencheur : d_task_ra=RACH_DSP_TASK (task_ra=0x000a d_rach=0x131c)
  [montant] canal dedie (side-band seq=3) : arme TS1 SDCCH/8 SS=0
  [a_cd] fn=25801 p51=46 p102=97 etat=8040 FIRE KO L2=a3 a7 eb 45 | ok=4 ko=5
pont : canal dedie arme : TS1 SDCCH/8 SS=0
  [ts0] tick=25816 fn=25143 p51=0 NB fenetre=151 marge=3 rif_avant=0  <- canal dedie
  [ts0] tick=25817 fn=25144 p51=1 NB fenetre=151 marge=3 rif_avant=0  <- canal dedie
  [ts0] tick=25818 fn=25145 p51=2 NB fenetre=151 marge=3 rif_avant=0  <- canal dedie
  [ts0] tick=25819 fn=25146 p51=3 NB fenetre=151 marge=3 rif_avant=0  <- canal dedie
  [a_cd] fn=25819 p51=13 p102=13 etat=8000 ok L2=03 03 01 2b | ok=5 ko=5
  profil PC (24207 tranches, high-water 0xde92) : 9a80:8% 8240:7% 8380:7% 77c0:5% 83c0:3% 8300:3% 8200:3% 8540:3% 7800:3% 9a40:2% 81c0:2% a0c0:2%
  fn=25820   page=0 insn=121     IDLE   d_fb_det=0     a_sch=0100 0000 0000 0000 sync=0000 1530 ffff  | trames=25823 irq=0 iq=0
  [sbwin] SB #2420 fn=25174 p51=31 tick=25847 : armee=0 one_shot=0 page_prog=151 rif_avant=0 nwin=0 marge=0 -> DMA NON ARMEE (le RIF jette) : SCH memorise pour la fenetre SB (dans une vraie fenetre SB : 6/2420)
  [ts0] tick=25867 fn=25194 p51=0 NB fenetre=151 marge=3 rif_avant=0  <- canal dedie
  [ts0] tick=25868 fn=25195 p51=1 NB fenetre=151 marge=3 rif_avant=0  <- canal dedie
  [ts0] tick=25869 fn=25196 p51=2 NB fenetre=151 marge=3 rif_avant=0  <- canal dedie
  [ts0] tick=25870 fn=25197 p51=3 NB fenetre=151 marge=3 rif_avant=0  <- canal dedie
  [ts0] tick=25899 fn=25226 p51=32 NB fenetre=151 marge=3 rif_avant=0  <- canal dedie
  [ts0] tick=25900 fn=25227 p51=33 NB fenetre=151 marge=3 rif_avant=0  <- canal dedie
  [ts0] tick=25901 fn=25228 p51=34 NB fenetre=151 marge=3 rif_avant=0  <- canal dedie
  [ts0] tick=25902 fn=25229 p51=35 NB fenetre=151 marge=3 rif_avant=0  <- canal dedie
  [ts0] tick=25918 fn=25245 p51=0 NB fenetre=151 marge=3 rif_avant=0  <- canal dedie
  [ts0] tick=25919 fn=25246 p51=1 NB fenetre=151 marge=3 rif_avant=0  <- canal dedie
  [ts0] tick=25920 fn=25247 p51=2 NB fenetre=151 marge=3 rif_avant=0  <- canal dedie
  [ts0] tick=25921 fn=25248 p51=3 NB fenetre=151 marge=3 rif_avant=0  <- canal dedie
  [ts0] tick=25930 fn=25257 p51=12 NB fenetre=0 marge=0 rif_avant=0
  [ts0] tick=25969 fn=25296 p51=0 NB fenetre=151 marge=3 rif_avant=0  <- canal dedie
  [ts0] tick=25970 fn=25297 p51=1 NB fenetre=151 marge=3 rif_avant=0  <- canal dedie
  [ts0] tick=25971 fn=25298 p51=2 NB fenetre=151 marge=3 rif_avant=0  <- canal dedie
  [ts0] tick=25972 fn=25299 p51=3 NB fenetre=151 marge=3 rif_avant=0  <- canal dedie
  [a5-arm] tick=25974 d_a5mode=1 a_kc=ac00 af41 1ffb 08e6
  [montant] chiffrement A5/1 : Kc publie vers /dev/shm/calypso_kc_l1 (seq=4)
  [sbwin] SB #2430 fn=25307 p51=11 tick=25980 : armee=0 one_shot=0 page_prog=151 rif_avant=0 nwin=0 marge=0 -> DMA NON ARMEE (le RIF jette) : SCH memorise pour la fenetre SB (dans une vraie fenetre SB : 6/2430)
  [chrono] fn=25997 sur 1000 trames (ms) : qemu 3.57 | A 0.06 | go 0.26 | B 0.20 | apres DONE 0.53 | trame 4.62 (temps reel 4.62)
  [ts0] tick=26001 fn=25328 p51=32 NB fenetre=151 marge=3 rif_avant=0  <- canal dedie
  [ts0] tick=26002 fn=25329 p51=33 NB fenetre=151 marge=3 rif_avant=0  <- canal dedie
  [ts0] tick=26003 fn=25330 p51=34 NB fenetre=151 marge=3 rif_avant=0  <- canal dedie
  [ts0] tick=26004 fn=25331 p51=35 NB fenetre=151 marge=3 rif_avant=0  <- canal dedie
  [a_cd] fn=26004 p51=45 p102=96 etat=8040 FIRE KO L2=11 10 87 2b | ok=5 ko=6
  [ts0] tick=26020 fn=25347 p51=0 NB fenetre=151 marge=3 rif_avant=0  <- canal dedie
  [ts0] tick=26021 fn=25348 p51=1 NB fenetre=151 marge=3 rif_avant=0  <- canal dedie
  [ts0] tick=26022 fn=25349 p51=2 NB fenetre=151 marge=3 rif_avant=0  <- canal dedie
  [ts0] tick=26023 fn=25350 p51=3 NB fenetre=151 marge=3 rif_avant=0  <- canal dedie
  profil PC (9399 tranches, high-water 0xde92) : 9a80:9% 8240:9% 8380:8% a680:5% 83c0:4% 8200:4% 8300:4% 8540:3% 9a40:3% a0c0:3% 81c0:3% 82c0:2%
  fn=26037   page=1 insn=1315    IDLE   d_fb_det=0     a_sch=0100 0000 0000 0000 sync=0000 1530 ffff  | trames=26040 irq=0 iq=0
  hacks actifs : RHEA_DMA ; cadencement : STREAM LOCKSTEP  ; stimulus : none
  [ts0] tick=26071 fn=25398 p51=0 NB fenetre=151 marge=3 rif_avant=0  <- canal dedie
  [ts0] tick=26072 fn=25399 p51=1 NB fenetre=151 marge=3 rif_avant=0  <- canal dedie
  [ts0] tick=26073 fn=25400 p51=2 NB fenetre=151 marge=3 rif_avant=0  <- canal dedie
  [ts0] tick=26074 fn=25401 p51=3 NB fenetre=151 marge=3 rif_avant=0  <- canal dedie
  [sbwin] SB #2440 fn=25429 p51=31 tick=26102 : armee=0 one_shot=0 page_prog=151 rif_avant=0 nwin=0 marge=0 -> DMA NON ARMEE (le RIF jette) : SCH memorise pour la fenetre SB (dans une vraie fenetre SB : 6/2440)
  [ts0] tick=26103 fn=25430 p51=32 NB fenetre=151 marge=3 rif_avant=0  <- canal dedie
  [ts0] tick=26104 fn=25431 p51=33 NB fenetre=151 marge=3 rif_avant=0  <- canal dedie
  [ts0] tick=26105 fn=25432 p51=34 NB fenetre=151 marge=3 rif_avant=0  <- canal dedie
  [ts0] tick=26106 fn=25433 p51=35 NB fenetre=151 marge=3 rif_avant=0  <- canal dedie
  [a_cd] fn=26106 p51=45 p102=96 etat=8000 ok L2=07 00 03 03 | ok=6 ko=6
  [ts0] tick=26122 fn=25449 p51=0 NB fenetre=151 marge=3 rif_avant=0  <- canal dedie
  [BSP] dedie : DESACCORD fn=25450 p51=1 p102=52 : table=1 tpu=0 (offset=166 ref=439, tn_fenetre=0) [1000 fois]
  [ts0] tick=26123 fn=25450 p51=1 NB fenetre=151 marge=3 rif_avant=0  <- canal dedie
  [a5] #500 A5/1 fn=25451 (T1=19 T2=23 T3=2) Kc=08e61ffbaf41ac00 | dernier depot BSP fn=25450 (ecart +1)
  [ts0] tick=26124 fn=25451 p51=2 NB fenetre=151 marge=3 rif_avant=0  <- canal dedie
  [ts0] tick=26125 fn=25452 p51=3 NB fenetre=151 marge=3 rif_avant=0  <- canal dedie
  [ts0] tick=26173 fn=25500 p51=0 NB fenetre=151 marge=3 rif_avant=0  <- canal dedie
  [ts0] tick=26174 fn=25501 p51=1 NB fenetre=151 marge=3 rif_avant=0  <- canal dedie
  [ts0] tick=26175 fn=25502 p51=2 NB fenetre=151 marge=3 rif_avant=0  <- canal dedie
  [ts0] tick=26176 fn=25503 p51=3 NB fenetre=151 marge=3 rif_avant=0  <- canal dedie
  [ts0] tick=26205 fn=25532 p51=32 NB fenetre=151 marge=3 rif_avant=0  <- canal dedie
  [ts0] tick=26206 fn=25533 p51=33 NB fenetre=151 marge=3 rif_avant=0  <- canal dedie
  [ts0] tick=26207 fn=25534 p51=34 NB fenetre=151 marge=3 rif_avant=0  <- canal dedie
  [ts0] tick=26208 fn=25535 p51=35 NB fenetre=151 marge=3 rif_avant=0  <- canal dedie
  [ts0] tick=26224 fn=25551 p51=0 NB fenetre=151 marge=3 rif_avant=0  <- canal dedie
  [ts0] tick=26225 fn=25552 p51=1 NB fenetre=151 marge=3 rif_avant=0  <- canal dedie
  [ts0] tick=26226 fn=25553 p51=2 NB fenetre=151 marge=3 rif_avant=0  <- canal dedie
  [ts0] tick=26227 fn=25554 p51=3 NB fenetre=151 marge=3 rif_avant=0  <- canal dedie
  [sbwin] SB #2450 fn=25562 p51=11 tick=26235 : armee=0 one_shot=0 page_prog=151 rif_avant=0 nwin=0 marge=0 -> DMA NON ARMEE (le RIF jette) : SCH memorise pour la fenetre SB (dans une vraie fenetre SB : 6/2450)
  profil PC (9452 tranches, high-water 0xde92) : 9a80:9% 8240:9% 8380:8% a680:4% 83c0:4% 8200:4% 8300:4% 8540:3% 9a40:3% a0c0:3% 81c0:3% 82c0:2%
  fn=26254   page=0 insn=121     IDLE   d_fb_det=0     a_sch=0100 0000 0000 0000 sync=0000 1530 ffff  | trames=26257 irq=0 iq=0
  [ts0] tick=26275 fn=25602 p51=0 NB fenetre=151 marge=3 rif_avant=0  <- canal dedie
  [ts0] tick=26276 fn=25603 p51=1 NB fenetre=151 marge=3 rif_avant=0  <- canal dedie
  [ts0] tick=26277 fn=25604 p51=2 NB fenetre=151 marge=3 rif_avant=0  <- canal dedie
  [ts0] tick=26278 fn=25605 p51=3 NB fenetre=151 marge=3 rif_avant=0  <- canal dedie
  [ts0] tick=26307 fn=25634 p51=32 NB fenetre=151 marge=3 rif_avant=0  <- canal dedie
  [ts0] tick=26308 fn=25635 p51=33 NB fenetre=151 marge=3 rif_avant=0  <- canal dedie
  [ts0] tick=26309 fn=25636 p51=34 NB fenetre=151 marge=3 rif_avant=0  <- canal dedie
  [ts0] tick=26310 fn=25637 p51=35 NB fenetre=151 marge=3 rif_avant=0  <- canal dedie
  [ts0] tick=26326 fn=25653 p51=0 NB fenetre=151 marge=3 rif_avant=0  <- canal dedie
  [ts0] tick=26327 fn=25654 p51=1 NB fenetre=151 marge=3 rif_avant=0  <- canal dedie
  [ts0] tick=26328 fn=25655 p51=2 NB fenetre=151 marge=3 rif_avant=0  <- canal dedie
  [ts0] tick=26329 fn=25656 p51=3 NB fenetre=151 marge=3 rif_avant=0  <- canal dedie
  [sbwin] SB #2460 fn=25684 p51=31 tick=26357 : armee=0 one_shot=0 page_prog=151 rif_avant=0 nwin=0 marge=0 -> DMA NON ARMEE (le RIF jette) : SCH memorise pour la fenetre SB (dans une vraie fenetre SB : 6/2460)
  [ts0] tick=26377 fn=25704 p51=0 NB fenetre=151 marge=3 rif_avant=0  <- canal dedie
  [ts0] tick=26378 fn=25705 p51=1 NB fenetre=151 marge=3 rif_avant=0  <- canal dedie
  [ts0] tick=26379 fn=25706 p51=2 NB fenetre=151 marge=3 rif_avant=0  <- canal dedie
  [ts0] tick=26380 fn=25707 p51=3 NB fenetre=151 marge=3 rif_avant=0  <- canal dedie
  [ts0] tick=26409 fn=25736 p51=32 NB fenetre=151 marge=3 rif_avant=0  <- canal dedie
  [ts0] tick=26410 fn=25737 p51=33 NB fenetre=151 marge=3 rif_avant=0  <- canal dedie
  [ts0] tick=26411 fn=25738 p51=34 NB fenetre=151 marge=3 rif_avant=0  <- canal dedie
  [ts0] tick=26412 fn=25739 p51=35 NB fenetre=151 marge=3 rif_avant=0  <- canal dedie
  [ts0] tick=26428 fn=25755 p51=0 NB fenetre=151 marge=3 rif_avant=0  <- canal dedie
  [ts0] tick=26429 fn=25756 p51=1 NB fenetre=151 marge=3 rif_avant=0  <- canal dedie
  [ts0] tick=26430 fn=25757 p51=2 NB fenetre=151 marge=3 rif_avant=0  <- canal dedie
  [ts0] tick=26431 fn=25758 p51=3 NB fenetre=151 marge=3 rif_avant=0  <- canal dedie
  profil PC (9401 tranches, high-water 0xde91) : 9a80:9% 8240:9% 8380:8% a680:4% 83c0:4% 8200:4% 8300:4% 8540:3% 9a40:3% a0c0:3% 81c0:3% 82c0:3%
  fn=26471   page=0 insn=121     IDLE   d_fb_det=0     a_sch=0100 0000 0000 0000 sync=0000 1530 ffff  | trames=26474 irq=0 iq=0
  [ts0] tick=26479 fn=25806 p51=0 NB fenetre=151 marge=3 rif_avant=0  <- canal dedie
  [ts0] tick=26480 fn=25807 p51=1 NB fenetre=151 marge=3 rif_avant=0  <- canal dedie
  [ts0] tick=26481 fn=25808 p51=2 NB fenetre=151 marge=3 rif_avant=0  <- canal dedie
  [ts0] tick=26482 fn=25809 p51=3 NB fenetre=151 marge=3 rif_avant=0  <- canal dedie
  [sbwin] SB #2470 fn=25817 p51=11 tick=26490 : armee=0 one_shot=0 page_prog=151 rif_avant=0 nwin=0 marge=0 -> DMA NON ARMEE (le RIF jette) : SCH memorise pour la fenetre SB (dans une vraie fenetre SB : 6/2470)
  [ts0] tick=26511 fn=25838 p51=32 NB fenetre=151 marge=3 rif_avant=0  <- canal dedie
  [ts0] tick=26512 fn=25839 p51=33 NB fenetre=151 marge=3 rif_avant=0  <- canal dedie
  [ts0] tick=26513 fn=25840 p51=34 NB fenetre=151 marge=3 rif_avant=0  <- canal dedie
  [ts0] tick=26514 fn=25841 p51=35 NB fenetre=151 marge=3 rif_avant=0  <- canal dedie
  [ts0] tick=26530 fn=25857 p51=0 NB fenetre=151 marge=3 rif_avant=0  <- canal dedie
  [ts0] tick=26531 fn=25858 p51=1 NB fenetre=151 marge=3 rif_avant=0  <- canal dedie
  [ts0] tick=26532 fn=25859 p51=2 NB fenetre=151 marge=3 rif_avant=0  <- canal dedie
  [ts0] tick=26533 fn=25860 p51=3 NB fenetre=151 marge=3 rif_avant=0  <- canal dedie
  [ts0] tick=26581 fn=25908 p51=0 NB fenetre=151 marge=3 rif_avant=0  <- canal dedie
  [ts0] tick=26582 fn=25909 p51=1 NB fenetre=151 marge=3 rif_avant=0  <- canal dedie
  [ts0] tick=26583 fn=25910 p51=2 NB fenetre=151 marge=3 rif_avant=0  <- canal dedie
  [ts0] tick=26584 fn=25911 p51=3 NB fenetre=151 marge=3 rif_avant=0  <- canal dedie
  [sbwin] SB #2480 fn=25939 p51=31 tick=26612 : armee=0 one_shot=0 page_prog=151 rif_avant=0 nwin=0 marge=0 -> DMA NON ARMEE (le RIF jette) : SCH memorise pour la fenetre SB (dans une vraie fenetre SB : 6/2480)
  [ts0] tick=26613 fn=25940 p51=32 NB fenetre=151 marge=3 rif_avant=0  <- canal dedie
  [ts0] tick=26614 fn=25941 p51=33 NB fenetre=151 marge=3 rif_avant=0  <- canal dedie
  [ts0] tick=26615 fn=25942 p51=34 NB fenetre=151 marge=3 rif_avant=0  <- canal dedie
  [ts0] tick=26616 fn=25943 p51=35 NB fenetre=151 marge=3 rif_avant=0  <- canal dedie
  [ts0] tick=26632 fn=25959 p51=0 NB fenetre=151 marge=3 rif_avant=0  <- canal dedie
  [ts0] tick=26633 fn=25960 p51=1 NB fenetre=151 marge=3 rif_avant=0  <- canal dedie
  [ts0] tick=26634 fn=25961 p51=2 NB fenetre=151 marge=3 rif_avant=0  <- canal dedie
  [ts0] tick=26635 fn=25962 p51=3 NB fenetre=151 marge=3 rif_avant=0  <- canal dedie
  [ts0] tick=26683 fn=26010 p51=0 NB fenetre=151 marge=3 rif_avant=0  <- canal dedie
  [ts0] tick=26684 fn=26011 p51=1 NB fenetre=151 marge=3 rif_avant=0  <- canal dedie
  [ts0] tick=26685 fn=26012 p51=2 NB fenetre=151 marge=3 rif_avant=0  <- canal dedie
  [ts0] tick=26686 fn=26013 p51=3 NB fenetre=151 marge=3 rif_avant=0  <- canal dedie
  profil PC (10697 tranches, high-water 0xde91) : 9a80:10% 8240:9% 8380:8% 83c0:4% a680:4% 8200:4% 8300:4% 8540:3% 9a40:3% a0c0:3% 81c0:3% 82c0:3%
  fn=26688   page=1 insn=121     IDLE   d_fb_det=0     a_sch=0100 0000 0000 0000 sync=0000 1530 ffff  | trames=26691 irq=0 iq=0
  [ts0] tick=26715 fn=26042 p51=32 NB fenetre=151 marge=3 rif_avant=0  <- canal dedie
  [ts0] tick=26716 fn=26043 p51=33 NB fenetre=151 marge=3 rif_avant=0  <- canal dedie
  [ts0] tick=26717 fn=26044 p51=34 NB fenetre=151 marge=3 rif_avant=0  <- canal dedie
  [ts0] tick=26718 fn=26045 p51=35 NB fenetre=151 marge=3 rif_avant=0  <- canal dedie
  [ts0] tick=26734 fn=26061 p51=0 NB fenetre=151 marge=3 rif_avant=0  <- canal dedie
  [ts0] tick=26735 fn=26062 p51=1 NB fenetre=151 marge=3 rif_avant=0  <- canal dedie
  [ts0] tick=26736 fn=26063 p51=2 NB fenetre=151 marge=3 rif_avant=0  <- canal dedie
  [ts0] tick=26737 fn=26064 p51=3 NB fenetre=151 marge=3 rif_avant=0  <- canal dedie
  [sbwin] SB #2490 fn=26072 p51=11 tick=26745 : armee=0 one_shot=0 page_prog=151 rif_avant=0 nwin=0 marge=0 -> DMA NON ARMEE (le RIF jette) : SCH memorise pour la fenetre SB (dans une vraie fenetre SB : 6/2490)
  [ts0] tick=26785 fn=26112 p51=0 NB fenetre=151 marge=3 rif_avant=0  <- canal dedie
  [ts0] tick=26786 fn=26113 p51=1 NB fenetre=151 marge=3 rif_avant=0  <- canal dedie
  [ts0] tick=26787 fn=26114 p51=2 NB fenetre=151 marge=3 rif_avant=0  <- canal dedie
  [ts0] tick=26788 fn=26115 p51=3 NB fenetre=151 marge=3 rif_avant=0  <- canal dedie
  [ts0] tick=26817 fn=26144 p51=32 NB fenetre=151 marge=3 rif_avant=0  <- canal dedie
  [ts0] tick=26818 fn=26145 p51=33 NB fenetre=151 marge=3 rif_avant=0  <- canal dedie
  [ts0] tick=26819 fn=26146 p51=34 NB fenetre=151 marge=3 rif_avant=0  <- canal dedie
  [ts0] tick=26820 fn=26147 p51=35 NB fenetre=151 marge=3 rif_avant=0  <- canal dedie
  [a_cd] fn=26820 p51=45 p102=96 etat=8040 FIRE KO L2=f6 73 4e 14 | ok=6 ko=7
  [ts0] tick=26836 fn=26163 p51=0 NB fenetre=151 marge=3 rif_avant=0  <- canal dedie
  [a5] #1000 A5/1 fn=26164 (T1=19 T2=8 T3=1) Kc=08e61ffbaf41ac00 | dernier depot BSP fn=26163 (ecart +1)
  [ts0] tick=26837 fn=26164 p51=1 NB fenetre=151 marge=3 rif_avant=0  <- canal dedie
  [ts0] tick=26838 fn=26165 p51=2 NB fenetre=151 marge=3 rif_avant=0  <- canal dedie
  [ts0] tick=26839 fn=26166 p51=3 NB fenetre=151 marge=3 rif_avant=0  <- canal dedie
  [a_cd] fn=26839 p51=13 p102=13 etat=8000 ok L2=03 03 01 2b | ok=7 ko=7
  [sbwin] SB #2500 fn=26194 p51=31 tick=26867 : armee=0 one_shot=0 page_prog=151 rif_avant=0 nwin=0 marge=0 -> DMA NON ARMEE (le RIF jette) : SCH memorise pour la fenetre SB (dans une vraie fenetre SB : 6/2500)
  [ts0] tick=26887 fn=26214 p51=0 NB fenetre=151 marge=3 rif_avant=0  <- canal dedie
  [ts0] tick=26888 fn=26215 p51=1 NB fenetre=151 marge=3 rif_avant=0  <- canal dedie
  [ts0] tick=26889 fn=26216 p51=2 NB fenetre=151 marge=3 rif_avant=0  <- canal dedie
  [ts0] tick=26890 fn=26217 p51=3 NB fenetre=151 marge=3 rif_avant=0  <- canal dedie
  profil PC (9825 tranches, high-water 0xde92) : 9a80:9% 8240:7% 8380:6% a680:4% 8200:3% 8300:3% 83c0:3% 8540:3% 9a40:3% a0c0:3% 81c0:2% 82c0:2%
  fn=26905   page=1 insn=1316    IDLE   d_fb_det=0     a_sch=0100 0000 0000 0000 sync=0000 1530 ffff  | trames=26908 irq=0 iq=0
  [ts0] tick=26919 fn=26246 p51=32 NB fenetre=151 marge=3 rif_avant=0  <- canal dedie
  [ts0] tick=26920 fn=26247 p51=33 NB fenetre=151 marge=3 rif_avant=0  <- canal dedie
  [ts0] tick=26921 fn=26248 p51=34 NB fenetre=151 marge=3 rif_avant=0  <- canal dedie
  [ts0] tick=26922 fn=26249 p51=35 NB fenetre=151 marge=3 rif_avant=0  <- canal dedie
  [a_cd] fn=26922 p51=45 p102=96 etat=8040 FIRE KO L2=7d b1 89 9b | ok=7 ko=8
  [ts0] tick=26938 fn=26265 p51=0 NB fenetre=151 marge=3 rif_avant=0  <- canal dedie
  [ts0] tick=26939 fn=26266 p51=1 NB fenetre=151 marge=3 rif_avant=0  <- canal dedie
  [ts0] tick=26940 fn=26267 p51=2 NB fenetre=151 marge=3 rif_avant=0  <- canal dedie
  [ts0] tick=26941 fn=26268 p51=3 NB fenetre=151 marge=3 rif_avant=0  <- canal dedie
  [a_cd] fn=26941 p51=13 p102=13 etat=8000 ok L2=01 73 01 2b | ok=8 ko=8
  [a5-arm] tick=26943 d_a5mode=0 a_kc=ac00 af41 1ffb 08e6
  [montant] retour en clair (seq=5)
  [montant] tache FB postee : le mobile cherche la synchro, canal dedie libere (TS0 rendu au FCCH/SCH)
  [jalon] fn=26958 d_fb_det=1  hacks=RHEA_DMA
  [sbwin] SB #2507 fn=26286 p51=21 tick=26959 : armee=0 one_shot=0 page_prog=48 rif_avant=0 nwin=0 marge=0 -> DMA NON ARMEE (le RIF jette) : SCH memorise pour la fenetre SB (dans une vraie fenetre SB : 6/2507)
  [jalon] fn=26968 d_fb_det=1  hacks=RHEA_DMA
  [sbwin] SB #2508 fn=26296 p51=31 tick=26969 : armee=0 one_shot=0 page_prog=48 rif_avant=0 nwin=0 marge=0 -> DMA NON ARMEE (le RIF jette) : SCH memorise pour la fenetre SB (dans une vraie fenetre SB : 6/2508)
  [cmd] fn=26977 tache SB postee par l'ARM (W0 md=6 W1 md=0)
  [sb] fn=26977 p51=49 | FB a fn=26968 toa=8743 pm=5424 ang=-1 | TOA-ROM=8743 src=fine | a_sch=0100 crc_ko
  [a_sch] fn=26978 page=0 : 0100 0000 0000 0000 -> 8100 0016 f85d 01fb  (d_dsp_page=0003) TOA=0 PM=5521 SNR=12 crc_ko
  [sbwin] SB #2509 fn=26306 p51=41 tick=26979 : armee=1 one_shot=1 page_prog=191 rif_avant=0 nwin=191 marge=21 -> FENETRE SB (one-shot) (dans une vraie fenetre SB : 7/2509)
  [a_sch] fn=26979 page=1 : 0100 0000 0000 0000 -> 8000 119f 091c 00d2  (d_dsp_page=0003) TOA=23 PM=5334 SNR=15950 CRC_OK
  [jalon] fn=26979 SB PLAUSIBLE page=1 BSIC=7 a_sch=8000 119f 091c 00d2  hacks=RHEA_DMA
  [a_sch] fn=26980 page=0 : 8100 0016 f85d 01fb -> 0100 0000 0000 0000  (d_dsp_page=0003) TOA=0 PM=0 SNR=0 crc_ko
  [sbwin] SB #2510 fn=26317 p51=1 tick=26990 : armee=0 one_shot=0 page_prog=191 rif_avant=0 nwin=0 marge=0 -> DMA NON ARMEE (le RIF jette) : SCH memorise pour la fenetre SB (dans une vraie fenetre SB : 7/2510)
  [a_sch] fn=26993 page=1 : 8000 119f 091c 00d2 -> 0100 0000 0000 0000  (d_dsp_page=0003) TOA=0 PM=0 SNR=0 crc_ko
  [chrono] fn=26997 sur 1000 trames (ms) : qemu 3.62 | A 0.12 | go 0.28 | B 0.29 | apres DONE 0.32 | trame 4.62 (temps reel 4.62)
  [sbwin] SB #2511 fn=26327 p51=11 tick=27000 : armee=0 one_shot=0 page_prog=151 rif_avant=0 nwin=0 marge=0 -> DMA NON ARMEE (le RIF jette) : SCH memorise pour la fenetre SB (dans une vraie fenetre SB : 7/2511)
  [sbwin] SB #2512 fn=26337 p51=21 tick=27010 : armee=0 one_shot=0 page_prog=151 rif_avant=0 nwin=0 marge=0 -> DMA NON ARMEE (le RIF jette) : SCH memorise pour la fenetre SB (dans une vraie fenetre SB : 7/2512)
  [sbwin] SB #2513 fn=26347 p51=31 tick=27020 : armee=0 one_shot=0 page_prog=151 rif_avant=0 nwin=0 marge=0 -> DMA NON ARMEE (le RIF jette) : SCH memorise pour la fenetre SB (dans une vraie fenetre SB : 7/2513)
  [montant] canal dedie (side-band seq=4) : libere TS0 SDCCH/4 SS=0
pont : canal dedie libere : TS0 SDCCH/8 SS=0
  [sbwin] SB #2520 fn=26419 p51=1 tick=27092 : armee=0 one_shot=0 page_prog=151 rif_avant=0 nwin=0 marge=0 -> DMA NON ARMEE (le RIF jette) : SCH memorise pour la fenetre SB (dans une vraie fenetre SB : 7/2520)
  profil PC (17953 tranches, high-water 0xde92) : 77c0:11% 7800:6% 9a80:6% 8240:5% 8380:4% 7840:3% a680:3% 78c0:3% 8300:2% 8200:2% 83c0:2% b2c0:2%
  fn=27122   page=1 insn=121     IDLE   d_fb_det=0     a_sch=0100 0000 0000 0000 sync=0000 1530 ffff  | trames=27125 irq=0 iq=0
  [sbwin] SB #2530 fn=26521 p51=1 tick=27194 : armee=0 one_shot=0 page_prog=151 rif_avant=0 nwin=0 marge=0 -> DMA NON ARMEE (le RIF jette) : SCH memorise pour la fenetre SB (dans une vraie fenetre SB : 7/2530)
  [jalon] fn=27203 d_fb_det=1  hacks=RHEA_DMA
  [sbwin] SB #2531 fn=26531 p51=11 tick=27204 : armee=0 one_shot=0 page_prog=48 rif_avant=0 nwin=0 marge=0 -> DMA NON ARMEE (le RIF jette) : SCH memorise pour la fenetre SB (dans une vraie fenetre SB : 7/2531)
  [jalon] fn=27213 d_fb_det=1  hacks=RHEA_DMA
  [sbwin] SB #2532 fn=26541 p51=21 tick=27214 : armee=0 one_shot=0 page_prog=48 rif_avant=0 nwin=0 marge=0 -> DMA NON ARMEE (le RIF jette) : SCH memorise pour la fenetre SB (dans une vraie fenetre SB : 7/2532)
  [cmd] fn=27222 tache SB postee par l'ARM (W0 md=6 W1 md=0)
  [sb] fn=27222 p51=39 | FB a fn=27213 toa=8743 pm=5424 ang=-1 | TOA-ROM=8743 src=fine | a_sch=0100 crc_ko
  [a_sch] fn=27223 page=0 : 0100 0000 0000 0000 -> 8100 0016 f85d 01fb  (d_dsp_page=0003) TOA=0 PM=5521 SNR=12 crc_ko
  [sbwin] SB #2533 fn=26551 p51=31 tick=27224 : armee=1 one_shot=1 page_prog=191 rif_avant=0 nwin=191 marge=21 -> FENETRE SB (one-shot) (dans une vraie fenetre SB : 8/2533)
  [a_sch] fn=27224 page=1 : 0100 0000 0000 0000 -> 8000 116a 0a1c 0115  (d_dsp_page=0003) TOA=23 PM=5349 SNR=15470 CRC_OK
  [jalon] fn=27224 SB PLAUSIBLE page=1 BSIC=7 a_sch=8000 116a 0a1c 0115  hacks=RHEA_DMA
  [a_sch] fn=27225 page=0 : 8100 0016 f85d 01fb -> 0100 0000 0000 0000  (d_dsp_page=0003) TOA=0 PM=0 SNR=0 crc_ko
  [sbwin] SB #2534 fn=26561 p51=41 tick=27234 : armee=0 one_shot=0 page_prog=64 rif_avant=0 nwin=0 marge=0 -> DMA NON ARMEE (le RIF jette) : SCH memorise pour la fenetre SB (dans une vraie fenetre SB : 8/2534)
  [sbwin] SB #2535 fn=26572 p51=1 tick=27245 : armee=0 one_shot=0 page_prog=64 rif_avant=0 nwin=0 marge=0 -> DMA NON ARMEE (le RIF jette) : SCH memorise pour la fenetre SB (dans une vraie fenetre SB : 8/2535)
  [a_sch] fn=27245 page=1 : 8000 116a 0a1c 0115 -> 0100 0000 0000 0000  (d_dsp_page=0002) TOA=0 PM=0 SNR=0 crc_ko
  [sbwin] SB #2536 fn=26582 p51=11 tick=27255 : armee=0 one_shot=0 page_prog=64 rif_avant=0 nwin=0 marge=0 -> DMA NON ARMEE (le RIF jette) : SCH memorise pour la fenetre SB (dans une vraie fenetre SB : 8/2536)
  [sbwin] SB #2537 fn=26592 p51=21 tick=27265 : armee=0 one_shot=0 page_prog=64 rif_avant=0 nwin=0 marge=0 -> DMA NON ARMEE (le RIF jette) : SCH memorise pour la fenetre SB (dans une vraie fenetre SB : 8/2537)
  [sbwin] SB #2540 fn=26623 p51=1 tick=27296 : armee=0 one_shot=0 page_prog=64 rif_avant=0 nwin=0 marge=0 -> DMA NON ARMEE (le RIF jette) : SCH memorise pour la fenetre SB (dans une vraie fenetre SB : 8/2540)
  profil PC (22662 tranches, high-water 0xde92) : 9a80:9% 8240:8% 8380:8% 77c0:4% 83c0:4% 8300:3% 8200:3% 8540:3% 9a40:3% 81c0:2% a0c0:2% 7800:2%
  fn=27339   page=0 insn=121     IDLE   d_fb_det=0     a_sch=0100 0000 0000 0000 sync=0000 1530 ffff  | trames=27342 irq=0 iq=0
  [sbwin] SB #2550 fn=26725 p51=1 tick=27398 : armee=0 one_shot=0 page_prog=64 rif_avant=0 nwin=0 marge=0 -> DMA NON ARMEE (le RIF jette) : SCH memorise pour la fenetre SB (dans une vraie fenetre SB : 8/2550)
  [sbwin] SB #2560 fn=26827 p51=1 tick=27500 : armee=0 one_shot=0 page_prog=64 rif_avant=0 nwin=0 marge=0 -> DMA NON ARMEE (le RIF jette) : SCH memorise pour la fenetre SB (dans une vraie fenetre SB : 8/2560)
  profil PC (22484 tranches, high-water 0xde92) : 9a80:11% 8240:11% 8380:10% 83c0:5% 8200:4% 8300:4% 8540:4% 9a40:4% a0c0:3% 81c0:3% 82c0:3% 9a00:2%
  fn=27556   page=0 insn=13723   IDLE   d_fb_det=0     a_sch=0100 0000 0000 0000 sync=0000 1530 ffff  | trames=27559 irq=0 iq=0
  [sbwin] SB #2570 fn=26929 p51=1 tick=27602 : armee=0 one_shot=0 page_prog=64 rif_avant=0 nwin=0 marge=0 -> DMA NON ARMEE (le RIF jette) : SCH memorise pour la fenetre SB (dans une vraie fenetre SB : 8/2570)
  [sbwin] SB #2580 fn=27031 p51=1 tick=27704 : armee=0 one_shot=0 page_prog=64 rif_avant=0 nwin=0 marge=0 -> DMA NON ARMEE (le RIF jette) : SCH memorise pour la fenetre SB (dans une vraie fenetre SB : 8/2580)
  profil PC (24526 tranches, high-water 0xde92) : 9a80:11% 8240:11% 8380:10% 83c0:5% 8200:4% 8300:4% 8540:4% 9a40:4% a0c0:3% 81c0:3% 82c0:3% 9a00:2%
  fn=27773   page=0 insn=36116   IDLE   d_fb_det=0     a_sch=0100 0000 0000 0000 sync=0000 1530 ffff  | trames=27776 irq=0 iq=0
  hacks actifs : RHEA_DMA ; cadencement : STREAM LOCKSTEP  ; stimulus : none
  [sbwin] SB #2590 fn=27133 p51=1 tick=27806 : armee=0 one_shot=0 page_prog=64 rif_avant=0 nwin=0 marge=0 -> DMA NON ARMEE (le RIF jette) : SCH memorise pour la fenetre SB (dans une vraie fenetre SB : 8/2590)
  [sbwin] SB #2600 fn=27235 p51=1 tick=27908 : armee=0 one_shot=0 page_prog=64 rif_avant=0 nwin=0 marge=0 -> DMA NON ARMEE (le RIF jette) : SCH memorise pour la fenetre SB (dans une vraie fenetre SB : 8/2600)
  profil PC (21038 tranches, high-water 0xde92) : 9a80:11% 8240:11% 8380:10% 83c0:5% 8200:4% 8300:4% 8540:4% 9a40:4% a0c0:3% 81c0:3% 82c0:3% 9a00:2%
  fn=27990   page=0 insn=121     IDLE   d_fb_det=0     a_sch=0100 0000 0000 0000 sync=0000 1530 ffff  | trames=27993 irq=0 iq=0
  [chrono] fn=27997 sur 1000 trames (ms) : qemu 3.50 | A 0.06 | go 0.28 | B 0.18 | apres DONE 0.59 | trame 4.62 (temps reel 4.62)
  [sbwin] SB #2610 fn=27337 p51=1 tick=28010 : armee=0 one_shot=0 page_prog=64 rif_avant=0 nwin=0 marge=0 -> DMA NON ARMEE (le RIF jette) : SCH memorise pour la fenetre SB (dans une vraie fenetre SB : 8/2610)
  [sbwin] SB #2620 fn=27439 p51=1 tick=28112 : armee=0 one_shot=0 page_prog=64 rif_avant=0 nwin=0 marge=0 -> DMA NON ARMEE (le RIF jette) : SCH memorise pour la fenetre SB (dans une vraie fenetre SB : 8/2620)
  profil PC (21013 tranches, high-water 0xde92) : 9a80:11% 8240:11% 8380:10% 83c0:5% 8200:4% 8300:4% 8540:4% 9a40:4% a0c0:3% 81c0:3% 82c0:3% 9a00:2%
  fn=28207   page=1 insn=121     IDLE   d_fb_det=0     a_sch=0100 0000 0000 0000 sync=0000 1530 ffff  | trames=28210 irq=0 iq=0
  [sbwin] SB #2630 fn=27541 p51=1 tick=28214 : armee=0 one_shot=0 page_prog=64 rif_avant=0 nwin=0 marge=0 -> DMA NON ARMEE (le RIF jette) : SCH memorise pour la fenetre SB (dans une vraie fenetre SB : 8/2630)
  [sbwin] SB #2640 fn=27643 p51=1 tick=28316 : armee=0 one_shot=0 page_prog=64 rif_avant=0 nwin=0 marge=0 -> DMA NON ARMEE (le RIF jette) : SCH memorise pour la fenetre SB (dans une vraie fenetre SB : 8/2640)
  [sbwin] SB #2650 fn=27745 p51=1 tick=28418 : armee=0 one_shot=0 page_prog=64 rif_avant=0 nwin=0 marge=0 -> DMA NON ARMEE (le RIF jette) : SCH memorise pour la fenetre SB (dans une vraie fenetre SB : 8/2650)
  profil PC (22705 tranches, high-water 0xde92) : 9a80:11% 8240:11% 8380:10% 83c0:5% 8200:4% 8300:4% 8540:4% 9a40:4% a0c0:3% 81c0:3% 82c0:3% 9a00:2%
  fn=28424   page=0 insn=13610   IDLE   d_fb_det=0     a_sch=0100 0000 0000 0000 sync=0000 1530 ffff  | trames=28427 irq=0 iq=0
  [sbwin] SB #2660 fn=27847 p51=1 tick=28520 : armee=0 one_shot=0 page_prog=64 rif_avant=0 nwin=0 marge=0 -> DMA NON ARMEE (le RIF jette) : SCH memorise pour la fenetre SB (dans une vraie fenetre SB : 8/2660)
  [sbwin] SB #2670 fn=27949 p51=1 tick=28622 : armee=0 one_shot=0 page_prog=64 rif_avant=0 nwin=0 marge=0 -> DMA NON ARMEE (le RIF jette) : SCH memorise pour la fenetre SB (dans une vraie fenetre SB : 8/2670)
  profil PC (24328 tranches, high-water 0xde92) : 9a80:11% 8240:11% 8380:10% 83c0:5% 8200:4% 8300:4% 8540:4% 9a40:4% a0c0:3% 81c0:3% 82c0:3% 9a00:2%
  fn=28641   page=0 insn=1355    IDLE   d_fb_det=0     a_sch=0100 0000 0000 0000 sync=0000 1530 ffff  | trames=28644 irq=0 iq=0
  [sbwin] SB #2680 fn=28051 p51=1 tick=28724 : armee=0 one_shot=0 page_prog=64 rif_avant=0 nwin=0 marge=0 -> DMA NON ARMEE (le RIF jette) : SCH memorise pour la fenetre SB (dans une vraie fenetre SB : 8/2680)
  [sbwin] SB #2690 fn=28153 p51=1 tick=28826 : armee=0 one_shot=0 page_prog=64 rif_avant=0 nwin=0 marge=0 -> DMA NON ARMEE (le RIF jette) : SCH memorise pour la fenetre SB (dans une vraie fenetre SB : 8/2690)
  profil PC (21013 tranches, high-water 0xde92) : 9a80:11% 8240:11% 8380:10% 83c0:5% 8200:4% 8300:4% 8540:4% 9a40:4% a0c0:3% 81c0:3% 82c0:3% 9a00:2%
  fn=28858   page=1 insn=121     IDLE   d_fb_det=0     a_sch=0100 0000 0000 0000 sync=0000 1530 ffff  | trames=28861 irq=0 iq=0
  [sbwin] SB #2700 fn=28255 p51=1 tick=28928 : armee=0 one_shot=0 page_prog=64 rif_avant=0 nwin=0 marge=0 -> DMA NON ARMEE (le RIF jette) : SCH memorise pour la fenetre SB (dans une vraie fenetre SB : 8/2700)
  [chrono] fn=28997 sur 1000 trames (ms) : qemu 3.61 | A 0.06 | go 0.26 | B 0.16 | apres DONE 0.53 | trame 4.62 (temps reel 4.62)
  [jalon] fn=29008 d_fb_det=1  hacks=RHEA_DMA
  [sbwin] SB #2708 fn=28336 p51=31 tick=29009 : armee=0 one_shot=0 page_prog=48 rif_avant=0 nwin=0 marge=0 -> DMA NON ARMEE (le RIF jette) : SCH memorise pour la fenetre SB (dans une vraie fenetre SB : 8/2708)
  [jalon] fn=29018 d_fb_det=1  hacks=RHEA_DMA
  [sbwin] SB #2709 fn=28346 p51=41 tick=29019 : armee=0 one_shot=0 page_prog=48 rif_avant=0 nwin=0 marge=0 -> DMA NON ARMEE (le RIF jette) : SCH memorise pour la fenetre SB (dans une vraie fenetre SB : 8/2709)
  [cmd] fn=29027 tache SB postee par l'ARM (W0 md=6 W1 md=0)
  [sb] fn=29027 p51=8 | FB a fn=29018 toa=8743 pm=5424 ang=-1 | TOA-ROM=8743 src=fine | a_sch=0100 crc_ko
  [a_sch] fn=29028 page=0 : 0100 0000 0000 0000 -> 8100 00ce 86be 0060  (d_dsp_page=0003) TOA=23 PM=5416 SNR=230 crc_ko
  [a_sch] fn=29029 page=1 : 0100 0000 0000 0000 -> 8100 0016 f85d 01fb  (d_dsp_page=0003) TOA=0 PM=5521 SNR=12 crc_ko
  [sbwin] SB #2710 fn=28357 p51=1 tick=29030 : armee=0 one_shot=0 page_prog=191 rif_avant=0 nwin=0 marge=0 -> DMA NON ARMEE (le RIF jette) : SCH memorise pour la fenetre SB (dans une vraie fenetre SB : 8/2710)
  [a_sch] fn=29030 page=0 : 8100 00ce 86be 0060 -> 0100 0000 0000 0000  (d_dsp_page=0003) TOA=0 PM=0 SNR=0 crc_ko
  [a_sch] fn=29031 page=1 : 8100 0016 f85d 01fb -> 0100 0000 0000 0000  (d_dsp_page=0003) TOA=0 PM=0 SNR=0 crc_ko
  [jalon] fn=29039 d_fb_det=1  hacks=RHEA_DMA
  [sbwin] SB #2711 fn=28367 p51=11 tick=29040 : armee=0 one_shot=0 page_prog=48 rif_avant=0 nwin=0 marge=0 -> DMA NON ARMEE (le RIF jette) : SCH memorise pour la fenetre SB (dans une vraie fenetre SB : 8/2711)
  [jalon] fn=29049 d_fb_det=1  hacks=RHEA_DMA
  [sbwin] SB #2712 fn=28377 p51=21 tick=29050 : armee=0 one_shot=0 page_prog=48 rif_avant=0 nwin=0 marge=0 -> DMA NON ARMEE (le RIF jette) : SCH memorise pour la fenetre SB (dans une vraie fenetre SB : 8/2712)
  [cmd] fn=29058 tache SB postee par l'ARM (W0 md=6 W1 md=0)
  [sb] fn=29058 p51=39 | FB a fn=29049 toa=8743 pm=5424 ang=-1 | TOA-ROM=8743 src=fine | a_sch=0100 crc_ko
  [a_sch] fn=29059 page=0 : 0100 0000 0000 0000 -> 8100 0016 f85d 01fb  (d_dsp_page=0003) TOA=0 PM=5521 SNR=12 crc_ko
  [sbwin] SB #2713 fn=28387 p51=31 tick=29060 : armee=1 one_shot=1 page_prog=191 rif_avant=0 nwin=191 marge=21 -> FENETRE SB (one-shot) (dans une vraie fenetre SB : 9/2713)
  [a_sch] fn=29060 page=1 : 0100 0000 0000 0000 -> 8000 1049 0a1c 01d5  (d_dsp_page=0003) TOA=23 PM=5363 SNR=15947 CRC_OK
  [jalon] fn=29060 SB PLAUSIBLE page=1 BSIC=7 a_sch=8000 1049 0a1c 01d5  hacks=RHEA_DMA
  [a_sch] fn=29061 page=0 : 8100 0016 f85d 01fb -> 0100 0000 0000 0000  (d_dsp_page=0003) TOA=0 PM=0 SNR=0 crc_ko
  [sbwin] SB #2714 fn=28397 p51=41 tick=29070 : armee=0 one_shot=0 page_prog=191 rif_avant=0 nwin=0 marge=0 -> DMA NON ARMEE (le RIF jette) : SCH memorise pour la fenetre SB (dans une vraie fenetre SB : 9/2714)
  profil PC (30534 tranches, high-water 0xde92) : 77c0:11% 7800:6% 9a80:6% 8240:5% 8380:5% 7840:4% 78c0:3% 83c0:2% a680:2% 8300:2% 8200:2% b2c0:2%
  fn=29075   page=0 insn=121     IDLE   d_fb_det=0     a_sch=0100 0000 0000 0000 sync=0000 1530 ffff  | trames=29078 irq=0 iq=0
  [sbwin] SB #2715 fn=28408 p51=1 tick=29081 : armee=0 one_shot=0 page_prog=191 rif_avant=0 nwin=0 marge=0 -> DMA NON ARMEE (le RIF jette) : SCH memorise pour la fenetre SB (dans une vraie fenetre SB : 9/2715)
  [a_sch] fn=29084 page=1 : 8000 1049 0a1c 01d5 -> 0100 0000 0000 0000  (d_dsp_page=0003) TOA=0 PM=0 SNR=0 crc_ko
  [sbwin] SB #2716 fn=28418 p51=11 tick=29091 : armee=0 one_shot=0 page_prog=151 rif_avant=0 nwin=0 marge=0 -> DMA NON ARMEE (le RIF jette) : SCH memorise pour la fenetre SB (dans une vraie fenetre SB : 9/2716)
  [sbwin] SB #2717 fn=28428 p51=21 tick=29101 : armee=0 one_shot=0 page_prog=151 rif_avant=0 nwin=0 marge=0 -> DMA NON ARMEE (le RIF jette) : SCH memorise pour la fenetre SB (dans une vraie fenetre SB : 9/2717)
  [montant] RACH ra=0x83 bsic=7 fn=29104 -> /dev/shm/calypso_rach
  [montant]   declencheur : d_task_ra=RACH_DSP_TASK (task_ra=0x000a d_rach=0x831c)
  [sbwin] SB #2720 fn=28459 p51=1 tick=29132 : armee=0 one_shot=0 page_prog=151 rif_avant=0 nwin=0 marge=0 -> DMA NON ARMEE (le RIF jette) : SCH memorise pour la fenetre SB (dans une vraie fenetre SB : 9/2720)
  [montant] canal dedie (side-band seq=5) : arme TS1 SDCCH/8 SS=0
  [a_cd] fn=29167 p51=46 p102=97 etat=8040 FIRE KO L2=a3 a7 eb 45 | ok=8 ko=9
pont : canal dedie arme : TS1 SDCCH/8 SS=0
  [ts0] tick=29182 fn=28509 p51=0 NB fenetre=151 marge=3 rif_avant=0  <- canal dedie
  [ts0] tick=29183 fn=28510 p51=1 NB fenetre=151 marge=3 rif_avant=0  <- canal dedie
  [ts0] tick=29184 fn=28511 p51=2 NB fenetre=151 marge=3 rif_avant=0  <- canal dedie
  [ts0] tick=29185 fn=28512 p51=3 NB fenetre=151 marge=3 rif_avant=0  <- canal dedie
  [a_cd] fn=29185 p51=13 p102=13 etat=8000 ok L2=03 03 01 2b | ok=9 ko=9
  [ts0] tick=29233 fn=28560 p51=0 NB fenetre=151 marge=3 rif_avant=0  <- canal dedie
  [ts0] tick=29234 fn=28561 p51=1 NB fenetre=151 marge=3 rif_avant=0  <- canal dedie
  [ts0] tick=29235 fn=28562 p51=2 NB fenetre=151 marge=3 rif_avant=0  <- canal dedie
  [ts0] tick=29236 fn=28563 p51=3 NB fenetre=151 marge=3 rif_avant=0  <- canal dedie
  [sbwin] SB #2730 fn=28581 p51=21 tick=29254 : armee=0 one_shot=0 page_prog=151 rif_avant=0 nwin=0 marge=0 -> DMA NON ARMEE (le RIF jette) : SCH memorise pour la fenetre SB (dans une vraie fenetre SB : 9/2730)
  [ts0] tick=29265 fn=28592 p51=32 NB fenetre=151 marge=3 rif_avant=0  <- canal dedie
  [ts0] tick=29266 fn=28593 p51=33 NB fenetre=151 marge=3 rif_avant=0  <- canal dedie
  [ts0] tick=29267 fn=28594 p51=34 NB fenetre=151 marge=3 rif_avant=0  <- canal dedie
  [ts0] tick=29268 fn=28595 p51=35 NB fenetre=151 marge=3 rif_avant=0  <- canal dedie
  [ts0] tick=29284 fn=28611 p51=0 NB fenetre=151 marge=3 rif_avant=0  <- canal dedie
  [ts0] tick=29285 fn=28612 p51=1 NB fenetre=151 marge=3 rif_avant=0  <- canal dedie
  [ts0] tick=29286 fn=28613 p51=2 NB fenetre=151 marge=3 rif_avant=0  <- canal dedie
  [ts0] tick=29287 fn=28614 p51=3 NB fenetre=151 marge=3 rif_avant=0  <- canal dedie
  profil PC (16481 tranches, high-water 0xde92) : 9a80:11% 8240:9% 8380:9% 83c0:4% 8200:4% 8300:4% 8540:4% 9a40:4% a0c0:3% 81c0:3% 82c0:3% a680:2%
  fn=29292   page=1 insn=121     IDLE   d_fb_det=0     a_sch=0100 0000 0000 0000 sync=0000 1530 ffff  | trames=29295 irq=0 iq=0
  [ts0] tick=29335 fn=28662 p51=0 NB fenetre=151 marge=3 rif_avant=0  <- canal dedie
  [ts0] tick=29336 fn=28663 p51=1 NB fenetre=151 marge=3 rif_avant=0  <- canal dedie
  [ts0] tick=29337 fn=28664 p51=2 NB fenetre=151 marge=3 rif_avant=0  <- canal dedie
  [ts0] tick=29338 fn=28665 p51=3 NB fenetre=151 marge=3 rif_avant=0  <- canal dedie
  [a5-arm] tick=29340 d_a5mode=1 a_kc=ac00 af41 1ffb 08e6
  [montant] chiffrement A5/1 : Kc publie vers /dev/shm/calypso_kc_l1 (seq=6)
  [ts0] tick=29367 fn=28694 p51=32 NB fenetre=151 marge=3 rif_avant=0  <- canal dedie
  [ts0] tick=29368 fn=28695 p51=33 NB fenetre=151 marge=3 rif_avant=0  <- canal dedie
  [ts0] tick=29369 fn=28696 p51=34 NB fenetre=151 marge=3 rif_avant=0  <- canal dedie
  [ts0] tick=29370 fn=28697 p51=35 NB fenetre=151 marge=3 rif_avant=0  <- canal dedie
  [a_cd] fn=29370 p51=45 p102=96 etat=8040 FIRE KO L2=08 fb f4 fd | ok=9 ko=10
  [sbwin] SB #2740 fn=28703 p51=41 tick=29376 : armee=0 one_shot=0 page_prog=151 rif_avant=0 nwin=0 marge=0 -> DMA NON ARMEE (le RIF jette) : SCH memorise pour la fenetre SB (dans une vraie fenetre SB : 9/2740)
  [ts0] tick=29386 fn=28713 p51=0 NB fenetre=151 marge=3 rif_avant=0  <- canal dedie
  [ts0] tick=29387 fn=28714 p51=1 NB fenetre=151 marge=3 rif_avant=0  <- canal dedie
  [ts0] tick=29388 fn=28715 p51=2 NB fenetre=151 marge=3 rif_avant=0  <- canal dedie
  [ts0] tick=29389 fn=28716 p51=3 NB fenetre=151 marge=3 rif_avant=0  <- canal dedie
  [ts0] tick=29437 fn=28764 p51=0 NB fenetre=151 marge=3 rif_avant=0  <- canal dedie
  [ts0] tick=29438 fn=28765 p51=1 NB fenetre=151 marge=3 rif_avant=0  <- canal dedie
  [ts0] tick=29439 fn=28766 p51=2 NB fenetre=151 marge=3 rif_avant=0  <- canal dedie
  [ts0] tick=29440 fn=28767 p51=3 NB fenetre=151 marge=3 rif_avant=0  <- canal dedie
  [a_cd] fn=29472 p51=45 p102=96 etat=8000 ok L2=07 00 03 03 | ok=10 ko=10
  [sbwin] SB #2750 fn=28836 p51=21 tick=29509 : armee=0 one_shot=0 page_prog=151 rif_avant=0 nwin=0 marge=0 -> DMA NON ARMEE (le RIF jette) : SCH memorise pour la fenetre SB (dans une vraie fenetre SB : 9/2750)
  profil PC (9618 tranches, high-water 0xde91) : 9a80:9% 8240:9% 8380:8% a680:4% 83c0:4% 8200:4% 8300:3% 8540:3% 9a40:3% a0c0:3% 81c0:2% 82c0:2%
  fn=29509   page=1 insn=121     IDLE   d_fb_det=0     a_sch=0100 0000 0000 0000 sync=0000 1530 ffff  | trames=29512 irq=0 iq=0
  hacks actifs : RHEA_DMA ; cadencement : STREAM LOCKSTEP  ; stimulus : none
  [sbwin] SB #2760 fn=28958 p51=41 tick=29631 : armee=0 one_shot=0 page_prog=151 rif_avant=0 nwin=0 marge=0 -> DMA NON ARMEE (le RIF jette) : SCH memorise pour la fenetre SB (dans une vraie fenetre SB : 9/2760)
  profil PC (9408 tranches, high-water 0xde91) : 9a80:9% 8240:9% 8380:8% a680:5% 83c0:4% 8200:4% 8300:4% 8540:3% 9a40:3% a0c0:3% 81c0:3% 82c0:3%
  fn=29726   page=1 insn=121     IDLE   d_fb_det=0     a_sch=0100 0000 0000 0000 sync=0000 1530 ffff  | trames=29729 irq=0 iq=0
  [sbwin] SB #2770 fn=29091 p51=21 tick=29764 : armee=0 one_shot=0 page_prog=151 rif_avant=0 nwin=0 marge=0 -> DMA NON ARMEE (le RIF jette) : SCH memorise pour la fenetre SB (dans une vraie fenetre SB : 9/2770)
  [sbwin] SB #2780 fn=29213 p51=41 tick=29886 : armee=0 one_shot=0 page_prog=151 rif_avant=0 nwin=0 marge=0 -> DMA NON ARMEE (le RIF jette) : SCH memorise pour la fenetre SB (dans une vraie fenetre SB : 9/2780)
  profil PC (9400 tranches, high-water 0xde91) : 9a80:9% 8240:9% 8380:8% a680:5% 83c0:4% 8200:4% 8300:4% 8540:3% 9a40:3% a0c0:3% 81c0:3% 82c0:3%
  fn=29943   page=1 insn=121     IDLE   d_fb_det=0     a_sch=0100 0000 0000 0000 sync=0000 1530 ffff  | trames=29946 irq=0 iq=0
  [a5] #1500 A5/1 fn=29274 (T1=22 T2=24 T3=0) Kc=08e61ffbaf41ac00 | dernier depot BSP fn=29273 (ecart +1)
  [chrono] fn=29997 sur 1000 trames (ms) : qemu 3.62 | A 0.10 | go 0.26 | B 0.27 | apres DONE 0.37 | trame 4.61 (temps reel 4.62)
  [sbwin] SB #2790 fn=29346 p51=21 tick=30019 : armee=0 one_shot=0 page_prog=151 rif_avant=0 nwin=0 marge=0 -> DMA NON ARMEE (le RIF jette) : SCH memorise pour la fenetre SB (dans une vraie fenetre SB : 9/2790)
  [BSP] dedie : DESACCORD fn=29377 p51=1 p102=1 : table=1 tpu=0 (offset=4851 ref=166, tn_fenetre=7) [1200 fois]
  [a_cd] fn=30084 p51=45 p102=96 etat=8040 FIRE KO L2=cd f5 ed 41 | ok=10 ko=11
  [a_cd] fn=30103 p51=13 p102=13 etat=8000 ok L2=03 22 0d 06 | ok=11 ko=11
  [sbwin] SB #2800 fn=29468 p51=41 tick=30141 : armee=0 one_shot=0 page_prog=151 rif_avant=0 nwin=0 marge=0 -> DMA NON ARMEE (le RIF jette) : SCH memorise pour la fenetre SB (dans une vraie fenetre SB : 9/2800)
  profil PC (10944 tranches, high-water 0xde91) : 9a80:9% 8240:8% 8380:7% a680:4% 8200:4% 8300:4% 83c0:3% 8540:3% 9a40:3% a0c0:3% 81c0:3% 82c0:3%
  fn=30160   page=0 insn=121     IDLE   d_fb_det=0     a_sch=0100 0000 0000 0000 sync=0000 1530 ffff  | trames=30163 irq=0 iq=0
  [a_cd] fn=30186 p51=45 p102=96 etat=8040 FIRE KO L2=c7 b1 0b 6a | ok=11 ko=12
  [a_cd] fn=30205 p51=13 p102=13 etat=8000 ok L2=03 03 01 2b | ok=12 ko=12
  [a5-arm] tick=30258 d_a5mode=0 a_kc=ac00 af41 1ffb 08e6
  [montant] retour en clair (seq=7)
  [montant] tache FB postee : le mobile cherche la synchro, canal dedie libere (TS0 rendu au FCCH/SCH)
  [jalon] fn=30273 d_fb_det=1  hacks=RHEA_DMA
  [sbwin] SB #2810 fn=29601 p51=21 tick=30274 : armee=0 one_shot=0 page_prog=48 rif_avant=0 nwin=0 marge=0 -> DMA NON ARMEE (le RIF jette) : SCH memorise pour la fenetre SB (dans une vraie fenetre SB : 9/2810)
  [jalon] fn=30283 d_fb_det=1  hacks=RHEA_DMA
  [sbwin] SB #2811 fn=29611 p51=31 tick=30284 : armee=0 one_shot=0 page_prog=48 rif_avant=0 nwin=0 marge=0 -> DMA NON ARMEE (le RIF jette) : SCH memorise pour la fenetre SB (dans une vraie fenetre SB : 9/2811)
  [cmd] fn=30292 tache SB postee par l'ARM (W0 md=6 W1 md=0)
  [sb] fn=30292 p51=49 | FB a fn=30283 toa=8743 pm=5424 ang=-1 | TOA-ROM=8743 src=fine | a_sch=0100 crc_ko
  [a_sch] fn=30293 page=0 : 0100 0000 0000 0000 -> 8100 0016 f85d 01fb  (d_dsp_page=0003) TOA=0 PM=5521 SNR=12 crc_ko
  [sbwin] SB #2812 fn=29621 p51=41 tick=30294 : armee=1 one_shot=1 page_prog=191 rif_avant=0 nwin=191 marge=21 -> FENETRE SB (one-shot) (dans une vraie fenetre SB : 10/2812)
  [a_sch] fn=30294 page=1 : 0100 0000 0000 0000 -> 8000 1176 0b1c 001e  (d_dsp_page=0003) TOA=23 PM=5363 SNR=12025 CRC_OK
  [jalon] fn=30294 SB PLAUSIBLE page=1 BSIC=7 a_sch=8000 1176 0b1c 001e  hacks=RHEA_DMA
  [a_sch] fn=30295 page=0 : 8100 0016 f85d 01fb -> 0100 0000 0000 0000  (d_dsp_page=0003) TOA=0 PM=0 SNR=0 crc_ko
  [sbwin] SB #2813 fn=29632 p51=1 tick=30305 : armee=0 one_shot=0 page_prog=191 rif_avant=0 nwin=0 marge=0 -> DMA NON ARMEE (le RIF jette) : SCH memorise pour la fenetre SB (dans une vraie fenetre SB : 10/2813)
  [a_sch] fn=30308 page=1 : 8000 1176 0b1c 001e -> 0100 0000 0000 0000  (d_dsp_page=0003) TOA=0 PM=0 SNR=0 crc_ko
  [sbwin] SB #2814 fn=29642 p51=11 tick=30315 : armee=0 one_shot=0 page_prog=151 rif_avant=0 nwin=0 marge=0 -> DMA NON ARMEE (le RIF jette) : SCH memorise pour la fenetre SB (dans une vraie fenetre SB : 10/2814)
  [sbwin] SB #2815 fn=29652 p51=21 tick=30325 : armee=0 one_shot=0 page_prog=151 rif_avant=0 nwin=0 marge=0 -> DMA NON ARMEE (le RIF jette) : SCH memorise pour la fenetre SB (dans une vraie fenetre SB : 10/2815)
  [sbwin] SB #2816 fn=29662 p51=31 tick=30335 : armee=0 one_shot=0 page_prog=151 rif_avant=0 nwin=0 marge=0 -> DMA NON ARMEE (le RIF jette) : SCH memorise pour la fenetre SB (dans une vraie fenetre SB : 10/2816)
  [montant] canal dedie (side-band seq=6) : libere TS0 SDCCH/4 SS=0
pont : canal dedie libere : TS0 SDCCH/8 SS=0
  [sbwin] SB #2820 fn=29703 p51=21 tick=30376 : armee=0 one_shot=0 page_prog=151 rif_avant=0 nwin=0 marge=0 -> DMA NON ARMEE (le RIF jette) : SCH memorise pour la fenetre SB (dans une vraie fenetre SB : 10/2820)
  profil PC (18742 tranches, high-water 0xde92) : 77c0:11% 7800:6% 9a80:5% 8240:4% 8380:4% 7840:3% a680:3% 78c0:2% 8300:2% 8200:2% b2c0:2% 83c0:2%
  fn=30377   page=1 insn=121     IDLE   d_fb_det=0     a_sch=0100 0000 0000 0000 sync=0000 1530 ffff  | trames=30380 irq=0 iq=0
  [jalon] fn=30467 d_fb_det=1  hacks=RHEA_DMA
  [sbwin] SB #2829 fn=29795 p51=11 tick=30468 : armee=0 one_shot=0 page_prog=48 rif_avant=0 nwin=0 marge=0 -> DMA NON ARMEE (le RIF jette) : SCH memorise pour la fenetre SB (dans une vraie fenetre SB : 10/2829)
  [jalon] fn=30477 d_fb_det=1  hacks=RHEA_DMA
  [sbwin] SB #2830 fn=29805 p51=21 tick=30478 : armee=0 one_shot=0 page_prog=48 rif_avant=0 nwin=0 marge=0 -> DMA NON ARMEE (le RIF jette) : SCH memorise pour la fenetre SB (dans une vraie fenetre SB : 10/2830)
  [cmd] fn=30486 tache SB postee par l'ARM (W0 md=6 W1 md=0)
  [sb] fn=30486 p51=39 | FB a fn=30477 toa=8743 pm=5424 ang=-1 | TOA-ROM=8743 src=fine | a_sch=0100 crc_ko
  [a_sch] fn=30487 page=0 : 0100 0000 0000 0000 -> 8100 0016 f85d 01fb  (d_dsp_page=0003) TOA=0 PM=5521 SNR=12 crc_ko
  [sbwin] SB #2831 fn=29815 p51=31 tick=30488 : armee=1 one_shot=1 page_prog=191 rif_avant=0 nwin=191 marge=21 -> FENETRE SB (one-shot) (dans une vraie fenetre SB : 11/2831)
  [a_sch] fn=30488 page=1 : 0100 0000 0000 0000 -> 8000 102b 0b1c 014d  (d_dsp_page=0003) TOA=23 PM=5344 SNR=12196 CRC_OK
  [jalon] fn=30488 SB PLAUSIBLE page=1 BSIC=7 a_sch=8000 102b 0b1c 014d  hacks=RHEA_DMA
  [a_sch] fn=30489 page=0 : 8100 0016 f85d 01fb -> 0100 0000 0000 0000  (d_dsp_page=0003) TOA=0 PM=0 SNR=0 crc_ko
  [sbwin] SB #2832 fn=29825 p51=41 tick=30498 : armee=0 one_shot=0 page_prog=64 rif_avant=0 nwin=0 marge=0 -> DMA NON ARMEE (le RIF jette) : SCH memorise pour la fenetre SB (dans une vraie fenetre SB : 11/2832)
  [sbwin] SB #2833 fn=29836 p51=1 tick=30509 : armee=0 one_shot=0 page_prog=64 rif_avant=0 nwin=0 marge=0 -> DMA NON ARMEE (le RIF jette) : SCH memorise pour la fenetre SB (dans une vraie fenetre SB : 11/2833)
  [a_sch] fn=30509 page=1 : 8000 102b 0b1c 014d -> 0100 0000 0000 0000  (d_dsp_page=0002) TOA=0 PM=0 SNR=0 crc_ko
  [sbwin] SB #2834 fn=29846 p51=11 tick=30519 : armee=0 one_shot=0 page_prog=64 rif_avant=0 nwin=0 marge=0 -> DMA NON ARMEE (le RIF jette) : SCH memorise pour la fenetre SB (dans une vraie fenetre SB : 11/2834)
  [sbwin] SB #2835 fn=29856 p51=21 tick=30529 : armee=0 one_shot=0 page_prog=64 rif_avant=0 nwin=0 marge=0 -> DMA NON ARMEE (le RIF jette) : SCH memorise pour la fenetre SB (dans une vraie fenetre SB : 11/2835)
  [sbwin] SB #2840 fn=29907 p51=21 tick=30580 : armee=0 one_shot=0 page_prog=64 rif_avant=0 nwin=0 marge=0 -> DMA NON ARMEE (le RIF jette) : SCH memorise pour la fenetre SB (dans une vraie fenetre SB : 11/2840)
  profil PC (22641 tranches, high-water 0xde92) : 9a80:9% 8240:8% 8380:8% 77c0:4% 83c0:4% 8300:3% 8200:3% 8540:3% 9a40:3% 81c0:2% a0c0:2% 7800:2%
  fn=30594   page=1 insn=121     IDLE   d_fb_det=0     a_sch=0100 0000 0000 0000 sync=0000 1530 ffff  | trames=30597 irq=0 iq=0
  [sbwin] SB #2850 fn=30009 p51=21 tick=30682 : armee=0 one_shot=0 page_prog=64 rif_avant=0 nwin=0 marge=0 -> DMA NON ARMEE (le RIF jette) : SCH memorise pour la fenetre SB (dans une vraie fenetre SB : 11/2850)
  [sbwin] SB #2860 fn=30111 p51=21 tick=30784 : armee=0 one_shot=0 page_prog=64 rif_avant=0 nwin=0 marge=0 -> DMA NON ARMEE (le RIF jette) : SCH memorise pour la fenetre SB (dans une vraie fenetre SB : 11/2860)
  profil PC (21017 tranches, high-water 0xde92) : 9a80:11% 8240:11% 8380:10% 83c0:5% 8200:4% 8300:4% 8540:4% 9a40:4% a0c0:3% 81c0:3% 82c0:3% 9a00:2%
  fn=30811   page=0 insn=121     IDLE   d_fb_det=0     a_sch=0100 0000 0000 0000 sync=0000 1530 ffff  | trames=30814 irq=0 iq=0
  [sbwin] SB #2870 fn=30213 p51=21 tick=30886 : armee=0 one_shot=0 page_prog=64 rif_avant=0 nwin=0 marge=0 -> DMA NON ARMEE (le RIF jette) : SCH memorise pour la fenetre SB (dans une vraie fenetre SB : 11/2870)
  [ts0] tick=30930 fn=30257 p51=14 NB fenetre=151 marge=3 rif_avant=0
  [sbwin] SB #2880 fn=30315 p51=21 tick=30988 : armee=0 one_shot=0 page_prog=64 rif_avant=0 nwin=0 marge=0 -> DMA NON ARMEE (le RIF jette) : SCH memorise pour la fenetre SB (dans une vraie fenetre SB : 11/2880)
  [chrono] fn=30997 sur 1000 trames (ms) : qemu 3.58 | A 0.07 | go 0.28 | B 0.21 | apres DONE 0.48 | trame 4.62 (temps reel 4.62)
  profil PC (23522 tranches, high-water 0xde92) : 9a80:11% 8240:11% 8380:10% 83c0:5% 8200:4% 8300:4% 8540:4% 9a40:4% a0c0:3% 81c0:3% 82c0:3% 9a00:2%
  fn=31028   page=0 insn=1355    IDLE   d_fb_det=0     a_sch=0100 0000 0000 0000 sync=0000 1530 ffff  | trames=31031 irq=0 iq=0
  [sbwin] SB #2890 fn=30417 p51=21 tick=31090 : armee=0 one_shot=0 page_prog=64 rif_avant=0 nwin=0 marge=0 -> DMA NON ARMEE (le RIF jette) : SCH memorise pour la fenetre SB (dans une vraie fenetre SB : 11/2890)
  [sbwin] SB #2900 fn=30519 p51=21 tick=31192 : armee=0 one_shot=0 page_prog=64 rif_avant=0 nwin=0 marge=0 -> DMA NON ARMEE (le RIF jette) : SCH memorise pour la fenetre SB (dans une vraie fenetre SB : 11/2900)
  profil PC (23509 tranches, high-water 0xde92) : 9a80:11% 8240:11% 8380:10% 83c0:5% 8200:4% 8300:4% 8540:4% 9a40:4% a0c0:3% 81c0:3% 82c0:3% 9a00:2%
  fn=31245   page=1 insn=121     IDLE   d_fb_det=0     a_sch=0100 0000 0000 0000 sync=0000 1530 ffff  | trames=31248 irq=0 iq=0
  hacks actifs : RHEA_DMA ; cadencement : STREAM LOCKSTEP  ; stimulus : none
  [sbwin] SB #2910 fn=30621 p51=21 tick=31294 : armee=0 one_shot=0 page_prog=64 rif_avant=0 nwin=0 marge=0 -> DMA NON ARMEE (le RIF jette) : SCH memorise pour la fenetre SB (dans une vraie fenetre SB : 11/2910)
  [sbwin] SB #2920 fn=30723 p51=21 tick=31396 : armee=0 one_shot=0 page_prog=64 rif_avant=0 nwin=0 marge=0 -> DMA NON ARMEE (le RIF jette) : SCH memorise pour la fenetre SB (dans une vraie fenetre SB : 11/2920)
  profil PC (21013 tranches, high-water 0xde92) : 9a80:11% 8240:11% 8380:10% 83c0:5% 8200:4% 8300:4% 8540:4% 9a40:4% a0c0:3% 81c0:3% 82c0:3% 9a00:2%
  fn=31462   page=0 insn=121     IDLE   d_fb_det=0     a_sch=0100 0000 0000 0000 sync=0000 1530 ffff  | trames=31465 irq=0 iq=0
  [sbwin] SB #2930 fn=30825 p51=21 tick=31498 : armee=0 one_shot=0 page_prog=64 rif_avant=0 nwin=0 marge=0 -> DMA NON ARMEE (le RIF jette) : SCH memorise pour la fenetre SB (dans une vraie fenetre SB : 11/2930)
  [jalon] fn=31548 d_fb_det=1  hacks=RHEA_DMA
  [sbwin] SB #2935 fn=30876 p51=21 tick=31549 : armee=0 one_shot=0 page_prog=48 rif_avant=0 nwin=0 marge=0 -> DMA NON ARMEE (le RIF jette) : SCH memorise pour la fenetre SB (dans une vraie fenetre SB : 11/2935)
  [afc] fn=31551 w_page=0 relaye=-699 | page0=-699 page1=-700
  [afc] fn=31552 w_page=0 relaye=-699 | page0=-699 page1=-699
  [jalon] fn=31558 d_fb_det=1  hacks=RHEA_DMA
  [sbwin] SB #2936 fn=30886 p51=31 tick=31559 : armee=0 one_shot=0 page_prog=48 rif_avant=0 nwin=0 marge=0 -> DMA NON ARMEE (le RIF jette) : SCH memorise pour la fenetre SB (dans une vraie fenetre SB : 11/2936)
  [cmd] fn=31567 tache SB postee par l'ARM (W0 md=6 W1 md=0)
  [sb] fn=31567 p51=49 | FB a fn=31558 toa=8743 pm=5431 ang=-7 | TOA-ROM=8743 src=fine | a_sch=0100 crc_ko
  [a_sch] fn=31568 page=0 : 0100 0000 0000 0000 -> 8100 0038 4285 00a1  (d_dsp_page=0003) TOA=20 PM=5521 SNR=7 crc_ko
  [sbwin] SB #2937 fn=30896 p51=41 tick=31569 : armee=1 one_shot=1 page_prog=191 rif_avant=0 nwin=191 marge=21 -> FENETRE SB (one-shot) (dans une vraie fenetre SB : 12/2937)
  [a_sch] fn=31569 page=1 : 0100 0000 0000 0000 -> 8000 10f3 0b1c 00a2  (d_dsp_page=0003) TOA=23 PM=5358 SNR=12531 CRC_OK
  [jalon] fn=31569 SB PLAUSIBLE page=1 BSIC=7 a_sch=8000 10f3 0b1c 00a2  hacks=RHEA_DMA
  [a_sch] fn=31570 page=0 : 8100 0038 4285 00a1 -> 0100 0000 0000 0000  (d_dsp_page=0003) TOA=0 PM=0 SNR=0 crc_ko
  [sbwin] SB #2938 fn=30907 p51=1 tick=31580 : armee=0 one_shot=0 page_prog=191 rif_avant=0 nwin=0 marge=0 -> DMA NON ARMEE (le RIF jette) : SCH memorise pour la fenetre SB (dans une vraie fenetre SB : 12/2938)
  [a_sch] fn=31583 page=1 : 8000 10f3 0b1c 00a2 -> 0100 0000 0000 0000  (d_dsp_page=0003) TOA=0 PM=0 SNR=0 crc_ko
  [sbwin] SB #2939 fn=30917 p51=11 tick=31590 : armee=0 one_shot=0 page_prog=151 rif_avant=0 nwin=0 marge=0 -> DMA NON ARMEE (le RIF jette) : SCH memorise pour la fenetre SB (dans une vraie fenetre SB : 12/2939)
  [montant] RACH ra=0x1b bsic=7 fn=31599 -> /dev/shm/calypso_rach
  [montant]   declencheur : d_task_ra=RACH_DSP_TASK (task_ra=0x000a d_rach=0x1b1c)
  [sbwin] SB #2940 fn=30927 p51=21 tick=31600 : armee=0 one_shot=0 page_prog=151 rif_avant=0 nwin=0 marge=0 -> DMA NON ARMEE (le RIF jette) : SCH memorise pour la fenetre SB (dans une vraie fenetre SB : 12/2940)
  [sbwin] SB #2941 fn=30937 p51=31 tick=31610 : armee=0 one_shot=0 page_prog=151 rif_avant=0 nwin=0 marge=0 -> DMA NON ARMEE (le RIF jette) : SCH memorise pour la fenetre SB (dans une vraie fenetre SB : 12/2941)
  profil PC (24307 tranches, high-water 0xde92) : 9a80:8% 8240:7% 77c0:7% 8380:7% 7800:4% 83c0:3% 8300:3% 8200:3% 8540:3% 9a40:2% 7840:2% a680:2%
  fn=31679   page=0 insn=121     IDLE   d_fb_det=0     a_sch=0100 0000 0000 0000 sync=0000 1537 fff9  | trames=31682 irq=0 iq=0
  [montant] canal dedie (side-band seq=7) : arme TS1 SDCCH/8 SS=0
  [a_cd] fn=31685 p51=14 p102=65 etat=8040 FIRE KO L2=60 85 7f 98 | ok=12 ko=13
pont : canal dedie arme : TS1 SDCCH/8 SS=0
  [sbwin] SB #2950 fn=31029 p51=21 tick=31702 : armee=0 one_shot=0 page_prog=151 rif_avant=0 nwin=0 marge=0 -> DMA NON ARMEE (le RIF jette) : SCH memorise pour la fenetre SB (dans une vraie fenetre SB : 12/2950)
  [a_cd] fn=31716 p51=45 p102=96 etat=8000 ok L2=07 00 03 03 | ok=13 ko=13
  [sbwin] SB #2960 fn=31151 p51=41 tick=31824 : armee=0 one_shot=0 page_prog=151 rif_avant=0 nwin=0 marge=0 -> DMA NON ARMEE (le RIF jette) : SCH memorise pour la fenetre SB (dans une vraie fenetre SB : 12/2960)
  [a5-arm] tick=31839 d_a5mode=1 a_kc=ac00 af41 1ffb 08e6
  [montant] chiffrement A5/1 : Kc publie vers /dev/shm/calypso_kc_l1 (seq=8)
  [a_cd] fn=31888 p51=13 p102=64 etat=8040 FIRE KO L2=74 f9 f0 ba | ok=13 ko=14
  profil PC (10487 tranches, high-water 0xde92) : 9a80:10% 8240:9% 8380:8% a680:4% 83c0:4% 8200:4% 8300:4% 8540:3% 9a40:3% a0c0:3% 81c0:3% 82c0:3%
  fn=31896   page=1 insn=121     IDLE   d_fb_det=0     a_sch=0100 0000 0000 0000 sync=0000 1537 fff9  | trames=31899 irq=0 iq=0
  [sbwin] SB #2970 fn=31284 p51=21 tick=31957 : armee=0 one_shot=0 page_prog=151 rif_avant=0 nwin=0 marge=0 -> DMA NON ARMEE (le RIF jette) : SCH memorise pour la fenetre SB (dans une vraie fenetre SB : 12/2970)
  [a_cd] fn=31990 p51=13 p102=64 etat=8000 ok L2=01 21 01 2b | ok=14 ko=14
  [chrono] fn=31997 sur 1000 trames (ms) : qemu 3.70 | A 0.06 | go 0.25 | B 0.17 | apres DONE 0.43 | trame 4.62 (temps reel 4.62)
  [sbwin] SB #2980 fn=31406 p51=41 tick=32079 : armee=0 one_shot=0 page_prog=151 rif_avant=0 nwin=0 marge=0 -> DMA NON ARMEE (le RIF jette) : SCH memorise pour la fenetre SB (dans une vraie fenetre SB : 12/2980)
  profil PC (9644 tranches, high-water 0xde91) : 9a80:9% 8240:9% 8380:8% a680:4% 83c0:4% 8200:4% 8300:3% 8540:3% 9a40:3% a0c0:3% 81c0:2% 82c0:2%
  fn=32113   page=1 insn=121     IDLE   d_fb_det=0     a_sch=0100 0000 0000 0000 sync=0000 1537 fff9  | trames=32116 irq=0 iq=0
  [sbwin] SB #2990 fn=31539 p51=21 tick=32212 : armee=0 one_shot=0 page_prog=151 rif_avant=0 nwin=0 marge=0 -> DMA NON ARMEE (le RIF jette) : SCH memorise pour la fenetre SB (dans une vraie fenetre SB : 12/2990)
  [afc] fn=32226 w_page=0 relaye=-700 | page0=-700 page1=-699
  [a_cd] fn=32226 p51=45 p102=96 etat=8040 FIRE KO L2=4a 36 7f c6 | ok=14 ko=15
  [afc] fn=32227 w_page=0 relaye=-700 | page0=-700 page1=-700
  [a5] #2000 A5/1 fn=31567 (T1=23 T2=3 T3=49) Kc=08e61ffbaf41ac00 | dernier depot BSP fn=31566 (ecart +1)
  [a5-hist] #2000 recales=0 ecart(-1/0/+1/+2/autre) par fn%26 : 0:0/0/72/0/0 1:0/0/75/0/0 2:0/0/75/0/0 3:0/0/78/0/0 4:0/0/69/0/0 5:0/0/72/0/0 6:0/0/72/0/0 7:0/0/78/0/0 8:0/0/84/0/0 9:0/0/87/0/0 10:0/0/90/0/0 11:0/0/87/0/0 12:0/0/90/0/0 13:0/0/84/0/0 14:0/0/81/0/0 15:0/0/78/0/0 16:0/0/72/0/0 17:0/0/69/0/0 18:0/0/72/0/0 19:0/0/72/0/0 20:0/0/72/0/0 21:0/0/75/0/0 22:0/0/75/0/0 23:0/0/75/0/0 24:0/0/75/0/0 25:0/0/72/0/0
  [a_cd] fn=32245 p51=13 p102=13 etat=8000 ok L2=03 62 53 8b | ok=15 ko=15
  [a_cd] fn=32328 p51=45 p102=96 etat=8040 FIRE KO L2=4a 74 11 8b | ok=15 ko=16
  profil PC (11170 tranches, high-water 0xde91) : 9a80:9% 8240:6% 8380:6% 8280:4% a680:4% 8200:4% 8300:4% 8540:3% 8480:3% 9a40:3% 83c0:3% a0c0:3%
  fn=32330   page=1 insn=121     IDLE   d_fb_det=0     a_sch=0100 0000 0000 0000 sync=0000 1537 fff9  | trames=32333 irq=0 iq=0
  [sbwin] SB #3000 fn=31661 p51=41 tick=32334 : armee=0 one_shot=0 page_prog=151 rif_avant=0 nwin=0 marge=0 -> DMA NON ARMEE (le RIF jette) : SCH memorise pour la fenetre SB (dans une vraie fenetre SB : 12/3000)
  [a_cd] fn=32347 p51=13 p102=13 etat=8000 ok L2=03 64 53 15 | ok=16 ko=16
  [a_cd] fn=32430 p51=45 p102=96 etat=8040 FIRE KO L2=9e 37 2c 3a | ok=16 ko=17
  [a_cd] fn=32449 p51=13 p102=13 etat=8000 ok L2=03 66 09 c1 | ok=17 ko=17
  [sbwin] SB #3010 fn=31794 p51=21 tick=32467 : armee=0 one_shot=0 page_prog=151 rif_avant=0 nwin=0 marge=0 -> DMA NON ARMEE (le RIF jette) : SCH memorise pour la fenetre SB (dans une vraie fenetre SB : 12/3010)
  [a_cd] fn=32532 p51=45 p102=96 etat=8040 FIRE KO L2=08 23 19 34 | ok=17 ko=18
  profil PC (10083 tranches, high-water 0xde92) : 9a80:9% 8240:5% 8380:5% 8280:4% a680:4% 8480:3% 8200:3% 8300:3% 8540:3% 9a40:3% a0c0:3% 83c0:2%
  fn=32547   page=1 insn=2004    IDLE   d_fb_det=0     a_sch=0100 0000 0000 0000 sync=0000 1537 fff9  | trames=32550 irq=0 iq=0
  [a_cd] fn=32551 p51=13 p102=13 etat=8000 ok L2=03 68 0d 06 | ok=18 ko=18
  [sbwin] SB #3020 fn=31916 p51=41 tick=32589 : armee=0 one_shot=0 page_prog=151 rif_avant=0 nwin=0 marge=0 -> DMA NON ARMEE (le RIF jette) : SCH memorise pour la fenetre SB (dans une vraie fenetre SB : 12/3020)
  [a_cd] fn=32602 p51=13 p102=64 etat=8040 FIRE KO L2=be 71 4a 2c | ok=18 ko=19
  [sbwin] SB #3030 fn=32049 p51=21 tick=32722 : armee=0 one_shot=0 page_prog=151 rif_avant=0 nwin=0 marge=0 -> DMA NON ARMEE (le RIF jette) : SCH memorise pour la fenetre SB (dans une vraie fenetre SB : 12/3030)
  profil PC (12158 tranches, high-water 0xde91) : 8280:11% 8480:9% 9a80:8% 8440:5% a680:3% 8200:3% 8300:3% 8540:3% 9a40:3% a0c0:2% 81c0:2% 82c0:2%
  fn=32764   page=1 insn=121     IDLE   d_fb_det=0     a_sch=0100 0000 0000 0000 sync=0000 1537 fff9  | trames=32767 irq=0 iq=0
  [sbwin] SB #3040 fn=32171 p51=41 tick=32844 : armee=0 one_shot=0 page_prog=151 rif_avant=0 nwin=0 marge=0 -> DMA NON ARMEE (le RIF jette) : SCH memorise pour la fenetre SB (dans une vraie fenetre SB : 12/3040)
  [a5-arm] tick=32878 d_a5mode=0 a_kc=ac00 af41 1ffb 08e6
  [montant] retour en clair (seq=9)
  [montant] tache FB postee : le mobile cherche la synchro, canal dedie libere (TS0 rendu au FCCH/SCH)
  [jalon] fn=32884 d_fb_det=1  hacks=RHEA_DMA
  [sbwin] SB #3043 fn=32212 p51=31 tick=32885 : armee=0 one_shot=0 page_prog=48 rif_avant=0 nwin=0 marge=0 -> DMA NON ARMEE (le RIF jette) : SCH memorise pour la fenetre SB (dans une vraie fenetre SB : 12/3043)
  [jalon] fn=32894 d_fb_det=1  hacks=RHEA_DMA
  [sbwin] SB #3044 fn=32222 p51=41 tick=32895 : armee=0 one_shot=0 page_prog=48 rif_avant=0 nwin=0 marge=0 -> DMA NON ARMEE (le RIF jette) : SCH memorise pour la fenetre SB (dans une vraie fenetre SB : 12/3044)
  [cmd] fn=32903 tache SB postee par l'ARM (W0 md=6 W1 md=0)
  [sb] fn=32903 p51=8 | FB a fn=32894 toa=8743 pm=5431 ang=-1 | TOA-ROM=8743 src=fine | a_sch=0100 crc_ko
  [a_sch] fn=32904 page=0 : 0100 0000 0000 0000 -> 8100 00ce 86be 0060  (d_dsp_page=0003) TOA=23 PM=5416 SNR=230 crc_ko
  [a_sch] fn=32905 page=1 : 0100 0000 0000 0000 -> 8100 0016 f85d 01fb  (d_dsp_page=0003) TOA=0 PM=5521 SNR=12 crc_ko
  [sbwin] SB #3045 fn=32233 p51=1 tick=32906 : armee=0 one_shot=0 page_prog=191 rif_avant=0 nwin=0 marge=0 -> DMA NON ARMEE (le RIF jette) : SCH memorise pour la fenetre SB (dans une vraie fenetre SB : 12/3045)
  [a_sch] fn=32906 page=0 : 8100 00ce 86be 0060 -> 0100 0000 0000 0000  (d_dsp_page=0003) TOA=0 PM=0 SNR=0 crc_ko
  [a_sch] fn=32907 page=1 : 8100 0016 f85d 01fb -> 0100 0000 0000 0000  (d_dsp_page=0003) TOA=0 PM=0 SNR=0 crc_ko
  [jalon] fn=32915 d_fb_det=1  hacks=RHEA_DMA
  [sbwin] SB #3046 fn=32243 p51=11 tick=32916 : armee=0 one_shot=0 page_prog=48 rif_avant=0 nwin=0 marge=0 -> DMA NON ARMEE (le RIF jette) : SCH memorise pour la fenetre SB (dans une vraie fenetre SB : 12/3046)
  [jalon] fn=32925 d_fb_det=1  hacks=RHEA_DMA
  [sbwin] SB #3047 fn=32253 p51=21 tick=32926 : armee=0 one_shot=0 page_prog=48 rif_avant=0 nwin=0 marge=0 -> DMA NON ARMEE (le RIF jette) : SCH memorise pour la fenetre SB (dans une vraie fenetre SB : 12/3047)
  [cmd] fn=32934 tache SB postee par l'ARM (W0 md=6 W1 md=0)
  [sb] fn=32934 p51=39 | FB a fn=32925 toa=8743 pm=5424 ang=-1 | TOA-ROM=8743 src=fine | a_sch=0100 crc_ko
  [a_sch] fn=32935 page=0 : 0100 0000 0000 0000 -> 8100 0016 f85d 01fb  (d_dsp_page=0003) TOA=0 PM=5521 SNR=12 crc_ko
  [sbwin] SB #3048 fn=32263 p51=31 tick=32936 : armee=1 one_shot=1 page_prog=191 rif_avant=0 nwin=191 marge=21 -> FENETRE SB (one-shot) (dans une vraie fenetre SB : 13/3048)
  [a_sch] fn=32936 page=1 : 0100 0000 0000 0000 -> 8000 109f 0c1c 015d  (d_dsp_page=0003) TOA=23 PM=5339 SNR=9046 CRC_OK
  [jalon] fn=32936 SB PLAUSIBLE page=1 BSIC=7 a_sch=8000 109f 0c1c 015d  hacks=RHEA_DMA
  [a_sch] fn=32937 page=0 : 8100 0016 f85d 01fb -> 0100 0000 0000 0000  (d_dsp_page=0003) TOA=0 PM=0 SNR=0 crc_ko
  [sbwin] SB #3049 fn=32273 p51=41 tick=32946 : armee=0 one_shot=0 page_prog=191 rif_avant=0 nwin=0 marge=0 -> DMA NON ARMEE (le RIF jette) : SCH memorise pour la fenetre SB (dans une vraie fenetre SB : 13/3049)
  [sbwin] SB #3050 fn=32284 p51=1 tick=32957 : armee=0 one_shot=0 page_prog=191 rif_avant=0 nwin=0 marge=0 -> DMA NON ARMEE (le RIF jette) : SCH memorise pour la fenetre SB (dans une vraie fenetre SB : 13/3050)
  [a_sch] fn=32960 page=1 : 8000 109f 0c1c 015d -> 0100 0000 0000 0000  (d_dsp_page=0003) TOA=0 PM=0 SNR=0 crc_ko
  [montant] canal dedie (side-band seq=8) : libere TS0 SDCCH/4 SS=0
pont : canal dedie libere : TS0 SDCCH/8 SS=0
  [sbwin] SB #3051 fn=32294 p51=11 tick=32967 : armee=0 one_shot=0 page_prog=151 rif_avant=0 nwin=0 marge=0 -> DMA NON ARMEE (le RIF jette) : SCH memorise pour la fenetre SB (dans une vraie fenetre SB : 13/3051)
  [sbwin] SB #3052 fn=32304 p51=21 tick=32977 : armee=0 one_shot=0 page_prog=151 rif_avant=0 nwin=0 marge=0 -> DMA NON ARMEE (le RIF jette) : SCH memorise pour la fenetre SB (dans une vraie fenetre SB : 13/3052)
  profil PC (17621 tranches, high-water 0xde92) : 77c0:11% 7840:6% 7800:6% 78c0:6% 8480:5% 8280:4% 9a80:4% a680:4% 7a00:2% b2c0:2% 8440:2% 71c0:2%
  fn=32981   page=1 insn=121     IDLE   d_fb_det=0     a_sch=0100 0000 0000 0000 sync=0000 1530 ffff  | trames=32984 irq=0 iq=0
  hacks actifs : RHEA_DMA ; cadencement : STREAM LOCKSTEP  ; stimulus : none
  [chrono] fn=32997 sur 1000 trames (ms) : qemu 3.76 | A 0.09 | go 0.23 | B 0.24 | apres DONE 0.29 | trame 4.62 (temps reel 4.62)
  [sbwin] SB #3060 fn=32386 p51=1 tick=33059 : armee=0 one_shot=0 page_prog=151 rif_avant=0 nwin=0 marge=0 -> DMA NON ARMEE (le RIF jette) : SCH memorise pour la fenetre SB (dans une vraie fenetre SB : 13/3060)
  [sbwin] SB #3070 fn=32488 p51=1 tick=33161 : armee=0 one_shot=0 page_prog=151 rif_avant=0 nwin=0 marge=0 -> DMA NON ARMEE (le RIF jette) : SCH memorise pour la fenetre SB (dans une vraie fenetre SB : 13/3070)
  profil PC (19331 tranches, high-water 0xde92) : 9a80:11% 8240:11% 8380:10% 83c0:5% 8200:5% 8300:4% 8540:4% 9a40:4% a0c0:3% 81c0:3% 82c0:3% 9a00:2%
  fn=33198   page=1 insn=121     IDLE   d_fb_det=0     a_sch=0100 0000 0000 0000 sync=0000 1530 ffff  | trames=33201 irq=0 iq=0
  [sbwin] SB #3080 fn=32590 p51=1 tick=33263 : armee=0 one_shot=0 page_prog=151 rif_avant=0 nwin=0 marge=0 -> DMA NON ARMEE (le RIF jette) : SCH memorise pour la fenetre SB (dans une vraie fenetre SB : 13/3080)
  [jalon] fn=33323 d_fb_det=1  hacks=RHEA_DMA
  [sbwin] SB #3086 fn=32651 p51=11 tick=33324 : armee=0 one_shot=0 page_prog=48 rif_avant=0 nwin=0 marge=0 -> DMA NON ARMEE (le RIF jette) : SCH memorise pour la fenetre SB (dans une vraie fenetre SB : 13/3086)
  [jalon] fn=33333 d_fb_det=1  hacks=RHEA_DMA
  [sbwin] SB #3087 fn=32661 p51=21 tick=33334 : armee=0 one_shot=0 page_prog=48 rif_avant=0 nwin=0 marge=0 -> DMA NON ARMEE (le RIF jette) : SCH memorise pour la fenetre SB (dans une vraie fenetre SB : 13/3087)
  [cmd] fn=33342 tache SB postee par l'ARM (W0 md=6 W1 md=0)
  [sb] fn=33342 p51=39 | FB a fn=33333 toa=8743 pm=5424 ang=-1 | TOA-ROM=8743 src=fine | a_sch=0100 crc_ko
  [a_sch] fn=33343 page=0 : 0100 0000 0000 0000 -> 8100 0016 f85d 01fb  (d_dsp_page=0003) TOA=0 PM=5521 SNR=12 crc_ko
  [sbwin] SB #3088 fn=32671 p51=31 tick=33344 : armee=1 one_shot=1 page_prog=191 rif_avant=0 nwin=191 marge=21 -> FENETRE SB (one-shot) (dans une vraie fenetre SB : 14/3088)
  [a_sch] fn=33344 page=1 : 0100 0000 0000 0000 -> 8000 10ea 0c1c 013d  (d_dsp_page=0003) TOA=23 PM=5344 SNR=9482 CRC_OK
  [jalon] fn=33344 SB PLAUSIBLE page=1 BSIC=7 a_sch=8000 10ea 0c1c 013d  hacks=RHEA_DMA
  [a_sch] fn=33345 page=0 : 8100 0016 f85d 01fb -> 0100 0000 0000 0000  (d_dsp_page=0003) TOA=0 PM=0 SNR=0 crc_ko
  [sbwin] SB #3089 fn=32681 p51=41 tick=33354 : armee=0 one_shot=0 page_prog=64 rif_avant=0 nwin=0 marge=0 -> DMA NON ARMEE (le RIF jette) : SCH memorise pour la fenetre SB (dans une vraie fenetre SB : 14/3089)
  [sbwin] SB #3090 fn=32692 p51=1 tick=33365 : armee=0 one_shot=0 page_prog=64 rif_avant=0 nwin=0 marge=0 -> DMA NON ARMEE (le RIF jette) : SCH memorise pour la fenetre SB (dans une vraie fenetre SB : 14/3090)
  [a_sch] fn=33365 page=1 : 8000 10ea 0c1c 013d -> 0100 0000 0000 0000  (d_dsp_page=0002) TOA=0 PM=0 SNR=0 crc_ko
  [sbwin] SB #3091 fn=32702 p51=11 tick=33375 : armee=0 one_shot=0 page_prog=64 rif_avant=0 nwin=0 marge=0 -> DMA NON ARMEE (le RIF jette) : SCH memorise pour la fenetre SB (dans une vraie fenetre SB : 14/3091)
  [sbwin] SB #3092 fn=32712 p51=21 tick=33385 : armee=0 one_shot=0 page_prog=64 rif_avant=0 nwin=0 marge=0 -> DMA NON ARMEE (le RIF jette) : SCH memorise pour la fenetre SB (dans une vraie fenetre SB : 14/3092)
  profil PC (22579 tranches, high-water 0xde92) : 9a80:9% 8240:8% 8380:8% 77c0:4% 83c0:4% 8300:3% 8200:3% 8540:3% 9a40:3% 81c0:2% a0c0:2% 7800:2%
  fn=33415   page=0 insn=1355    IDLE   d_fb_det=0     a_sch=0100 0000 0000 0000 sync=0000 1530 ffff  | trames=33418 irq=0 iq=0
  [sbwin] SB #3100 fn=32794 p51=1 tick=33467 : armee=0 one_shot=0 page_prog=64 rif_avant=0 nwin=0 marge=0 -> DMA NON ARMEE (le RIF jette) : SCH memorise pour la fenetre SB (dans une vraie fenetre SB : 14/3100)
  [sbwin] SB #3110 fn=32896 p51=1 tick=33569 : armee=0 one_shot=0 page_prog=64 rif_avant=0 nwin=0 marge=0 -> DMA NON ARMEE (le RIF jette) : SCH memorise pour la fenetre SB (dans une vraie fenetre SB : 14/3110)
  profil PC (23956 tranches, high-water 0xde92) : 9a80:11% 8240:11% 8380:10% 83c0:5% 8200:4% 8300:4% 8540:4% 9a40:4% a0c0:3% 81c0:3% 82c0:3% 9a00:2%
  fn=33632   page=1 insn=13609   IDLE   d_fb_det=0     a_sch=0100 0000 0000 0000 sync=0000 1530 ffff  | trames=33635 irq=0 iq=0
  [sbwin] SB #3120 fn=32998 p51=1 tick=33671 : armee=0 one_shot=0 page_prog=64 rif_avant=0 nwin=0 marge=0 -> DMA NON ARMEE (le RIF jette) : SCH memorise pour la fenetre SB (dans une vraie fenetre SB : 14/3120)
  [sbwin] SB #3130 fn=33100 p51=1 tick=33773 : armee=0 one_shot=0 page_prog=64 rif_avant=0 nwin=0 marge=0 -> DMA NON ARMEE (le RIF jette) : SCH memorise pour la fenetre SB (dans une vraie fenetre SB : 14/3130)
  profil PC (23057 tranches, high-water 0xde92) : 9a80:11% 8240:11% 8380:10% 83c0:5% 8200:4% 8300:4% 8540:4% 9a40:4% a0c0:3% 81c0:3% 82c0:3% 9a00:2%
  fn=33849   page=0 insn=121     IDLE   d_fb_det=0     a_sch=0100 0000 0000 0000 sync=0000 1530 ffff  | trames=33852 irq=0 iq=0
  [sbwin] SB #3140 fn=33202 p51=1 tick=33875 : armee=0 one_shot=0 page_prog=64 rif_avant=0 nwin=0 marge=0 -> DMA NON ARMEE (le RIF jette) : SCH memorise pour la fenetre SB (dans une vraie fenetre SB : 14/3140)
  [sbwin] SB #3150 fn=33304 p51=1 tick=33977 : armee=0 one_shot=0 page_prog=64 rif_avant=0 nwin=0 marge=0 -> DMA NON ARMEE (le RIF jette) : SCH memorise pour la fenetre SB (dans une vraie fenetre SB : 14/3150)
  [chrono] fn=33997 sur 1000 trames (ms) : qemu 3.72 | A 0.05 | go 0.25 | B 0.14 | apres DONE 0.47 | trame 4.62 (temps reel 4.62)
  profil PC (21017 tranches, high-water 0xde92) : 9a80:11% 8240:11% 8380:10% 83c0:5% 8200:4% 8300:4% 8540:4% 9a40:4% a0c0:3% 81c0:3% 82c0:3% 9a00:2%
  fn=34066   page=1 insn=121     IDLE   d_fb_det=0     a_sch=0100 0000 0000 0000 sync=0000 1530 ffff  | trames=34069 irq=0 iq=0
  [sbwin] SB #3160 fn=33406 p51=1 tick=34079 : armee=0 one_shot=0 page_prog=64 rif_avant=0 nwin=0 marge=0 -> DMA NON ARMEE (le RIF jette) : SCH memorise pour la fenetre SB (dans une vraie fenetre SB : 14/3160)
  [sbwin] SB #3170 fn=33508 p51=1 tick=34181 : armee=0 one_shot=0 page_prog=64 rif_avant=0 nwin=0 marge=0 -> DMA NON ARMEE (le RIF jette) : SCH memorise pour la fenetre SB (dans une vraie fenetre SB : 14/3170)
  [sbwin] SB #3180 fn=33610 p51=1 tick=34283 : armee=0 one_shot=0 page_prog=64 rif_avant=0 nwin=0 marge=0 -> DMA NON ARMEE (le RIF jette) : SCH memorise pour la fenetre SB (dans une vraie fenetre SB : 14/3180)
  profil PC (21034 tranches, high-water 0xde92) : 9a80:11% 8240:11% 8380:10% 83c0:5% 8200:4% 8300:4% 8540:4% 9a40:4% a0c0:3% 81c0:3% 82c0:3% 9a00:2%
  fn=34283   page=1 insn=121     IDLE   d_fb_det=0     a_sch=0100 0000 0000 0000 sync=0000 1530 ffff  | trames=34286 irq=0 iq=0
  [sbwin] SB #3190 fn=33712 p51=1 tick=34385 : armee=0 one_shot=0 page_prog=64 rif_avant=0 nwin=0 marge=0 -> DMA NON ARMEE (le RIF jette) : SCH memorise pour la fenetre SB (dans une vraie fenetre SB : 14/3190)
  [sbwin] SB #3200 fn=33814 p51=1 tick=34487 : armee=0 one_shot=0 page_prog=64 rif_avant=0 nwin=0 marge=0 -> DMA NON ARMEE (le RIF jette) : SCH memorise pour la fenetre SB (dans une vraie fenetre SB : 14/3200)
  profil PC (24176 tranches, high-water 0xde92) : 9a80:11% 8240:11% 8380:10% 83c0:5% 8200:5% 8300:4% 8540:4% 9a40:4% 81c0:3% a0c0:3% 82c0:3% 9a00:2%
  fn=34500   page=1 insn=13607   IDLE   d_fb_det=0     a_sch=0100 0000 0000 0000 sync=0000 1530 ffff  | trames=34503 irq=0 iq=0
  [sbwin] SB #3210 fn=33916 p51=1 tick=34589 : armee=0 one_shot=0 page_prog=64 rif_avant=0 nwin=0 marge=0 -> DMA NON ARMEE (le RIF jette) : SCH memorise pour la fenetre SB (dans une vraie fenetre SB : 14/3210)
  [sbwin] SB #3220 fn=34018 p51=1 tick=34691 : armee=0 one_shot=0 page_prog=64 rif_avant=0 nwin=0 marge=0 -> DMA NON ARMEE (le RIF jette) : SCH memorise pour la fenetre SB (dans une vraie fenetre SB : 14/3220)
  profil PC (22834 tranches, high-water 0xde92) : 9a80:12% 8240:11% 8380:10% 83c0:5% 8200:4% 8300:4% 8540:4% 9a40:4% a0c0:3% 81c0:3% 82c0:3% 9a00:2%
  fn=34717   page=1 insn=121     IDLE   d_fb_det=0     a_sch=0100 0000 0000 0000 sync=0000 1530 ffff  | trames=34720 irq=0 iq=0
  hacks actifs : RHEA_DMA ; cadencement : STREAM LOCKSTEP  ; stimulus : none
  [sbwin] SB #3230 fn=34120 p51=1 tick=34793 : armee=0 one_shot=0 page_prog=64 rif_avant=0 nwin=0 marge=0 -> DMA NON ARMEE (le RIF jette) : SCH memorise pour la fenetre SB (dans une vraie fenetre SB : 14/3230)
  [sbwin] SB #3240 fn=34222 p51=1 tick=34895 : armee=0 one_shot=0 page_prog=64 rif_avant=0 nwin=0 marge=0 -> DMA NON ARMEE (le RIF jette) : SCH memorise pour la fenetre SB (dans une vraie fenetre SB : 14/3240)
  profil PC (21038 tranches, high-water 0xde92) : 9a80:11% 8240:11% 8380:10% 83c0:5% 8200:4% 8300:4% 8540:4% 9a40:4% a0c0:3% 81c0:3% 82c0:3% 9a00:2%
  fn=34934   page=1 insn=1357    IDLE   d_fb_det=0     a_sch=0100 0000 0000 0000 sync=0000 1530 ffff  | trames=34937 irq=0 iq=0
  [sbwin] SB #3250 fn=34324 p51=1 tick=34997 : armee=0 one_shot=0 page_prog=64 rif_avant=0 nwin=0 marge=0 -> DMA NON ARMEE (le RIF jette) : SCH memorise pour la fenetre SB (dans une vraie fenetre SB : 14/3250)
  [chrono] fn=34997 sur 1000 trames (ms) : qemu 3.55 | A 0.06 | go 0.27 | B 0.18 | apres DONE 0.57 | trame 4.62 (temps reel 4.62)
  [sbwin] SB #3260 fn=34426 p51=1 tick=35099 : armee=0 one_shot=0 page_prog=64 rif_avant=0 nwin=0 marge=0 -> DMA NON ARMEE (le RIF jette) : SCH memorise pour la fenetre SB (dans une vraie fenetre SB : 14/3260)
  profil PC (21237 tranches, high-water 0xde92) : 9a80:11% 8240:11% 8380:10% 83c0:5% 8200:4% 8300:4% 8540:4% 9a40:4% a0c0:3% 81c0:3% 82c0:3% 9a00:2%
  fn=35151   page=1 insn=13724   IDLE   d_fb_det=0     a_sch=0100 0000 0000 0000 sync=0000 1530 ffff  | trames=35154 irq=0 iq=0
  [sbwin] SB #3270 fn=34528 p51=1 tick=35201 : armee=0 one_shot=0 page_prog=64 rif_avant=0 nwin=0 marge=0 -> DMA NON ARMEE (le RIF jette) : SCH memorise pour la fenetre SB (dans une vraie fenetre SB : 14/3270)
  [sbwin] SB #3280 fn=34630 p51=1 tick=35303 : armee=0 one_shot=0 page_prog=64 rif_avant=0 nwin=0 marge=0 -> DMA NON ARMEE (le RIF jette) : SCH memorise pour la fenetre SB (dans une vraie fenetre SB : 14/3280)
  profil PC (24525 tranches, high-water 0xde92) : 9a80:11% 8240:11% 8380:10% 83c0:5% 8200:4% 8300:4% 8540:4% 9a40:4% a0c0:3% 81c0:3% 82c0:3% 9a00:2%
  fn=35368   page=1 insn=36118   IDLE   d_fb_det=0     a_sch=0100 0000 0000 0000 sync=0000 1530 ffff  | trames=35371 irq=0 iq=0
  [sbwin] SB #3290 fn=34732 p51=1 tick=35405 : armee=0 one_shot=0 page_prog=64 rif_avant=0 nwin=0 marge=0 -> DMA NON ARMEE (le RIF jette) : SCH memorise pour la fenetre SB (dans une vraie fenetre SB : 14/3290)
  [jalon] fn=35455 d_fb_det=1  hacks=RHEA_DMA
  [sbwin] SB #3295 fn=34783 p51=1 tick=35456 : armee=0 one_shot=0 page_prog=48 rif_avant=0 nwin=0 marge=0 -> DMA NON ARMEE (le RIF jette) : SCH memorise pour la fenetre SB (dans une vraie fenetre SB : 14/3295)
  [jalon] fn=35465 d_fb_det=1  hacks=RHEA_DMA
  [sbwin] SB #3296 fn=34793 p51=11 tick=35466 : armee=0 one_shot=0 page_prog=48 rif_avant=0 nwin=0 marge=0 -> DMA NON ARMEE (le RIF jette) : SCH memorise pour la fenetre SB (dans une vraie fenetre SB : 14/3296)
  [cmd] fn=35474 tache SB postee par l'ARM (W0 md=6 W1 md=0)
  [sb] fn=35474 p51=29 | FB a fn=35465 toa=8743 pm=5431 ang=-1 | TOA-ROM=8743 src=fine | a_sch=0100 crc_ko
  [a_sch] fn=35475 page=0 : 0100 0000 0000 0000 -> 8100 0016 f85d 01fb  (d_dsp_page=0003) TOA=0 PM=5521 SNR=12 crc_ko
  [sbwin] SB #3297 fn=34803 p51=21 tick=35476 : armee=1 one_shot=1 page_prog=191 rif_avant=0 nwin=191 marge=21 -> FENETRE SB (one-shot) (dans une vraie fenetre SB : 15/3297)
  [a_sch] fn=35476 page=1 : 0100 0000 0000 0000 -> 8000 117e 0d1c 003d  (d_dsp_page=0003) TOA=23 PM=5349 SNR=12547 CRC_OK
  [jalon] fn=35476 SB PLAUSIBLE page=1 BSIC=7 a_sch=8000 117e 0d1c 003d  hacks=RHEA_DMA
  [a_sch] fn=35477 page=0 : 8100 0016 f85d 01fb -> 0100 0000 0000 0000  (d_dsp_page=0003) TOA=0 PM=0 SNR=0 crc_ko
  [sbwin] SB #3298 fn=34813 p51=31 tick=35486 : armee=0 one_shot=0 page_prog=191 rif_avant=0 nwin=0 marge=0 -> DMA NON ARMEE (le RIF jette) : SCH memorise pour la fenetre SB (dans une vraie fenetre SB : 15/3298)
  [sbwin] SB #3299 fn=34823 p51=41 tick=35496 : armee=0 one_shot=0 page_prog=191 rif_avant=0 nwin=0 marge=0 -> DMA NON ARMEE (le RIF jette) : SCH memorise pour la fenetre SB (dans une vraie fenetre SB : 15/3299)
  [sbwin] SB #3300 fn=34834 p51=1 tick=35507 : armee=0 one_shot=0 page_prog=191 rif_avant=0 nwin=0 marge=0 -> DMA NON ARMEE (le RIF jette) : SCH memorise pour la fenetre SB (dans une vraie fenetre SB : 15/3300)
  [a_sch] fn=35510 page=1 : 8000 117e 0d1c 003d -> 0100 0000 0000 0000  (d_dsp_page=0003) TOA=0 PM=0 SNR=0 crc_ko
  [sbwin] SB #3301 fn=34844 p51=11 tick=35517 : armee=0 one_shot=0 page_prog=151 rif_avant=0 nwin=0 marge=0 -> DMA NON ARMEE (le RIF jette) : SCH memorise pour la fenetre SB (dans une vraie fenetre SB : 15/3301)
  [montant] RACH ra=0x1f bsic=7 fn=35528 -> /dev/shm/calypso_rach
  [montant]   declencheur : d_task_ra=RACH_DSP_TASK (task_ra=0x000a d_rach=0x1f1c)
  profil PC (22679 tranches, high-water 0xde92) : 9a80:8% 8240:7% 77c0:7% 8380:7% 7800:4% 83c0:3% 8300:3% 8200:3% 8540:3% 9a40:2% 7840:2% a680:2%
  fn=35585   page=0 insn=121     IDLE   d_fb_det=0     a_sch=0100 0000 0000 0000 sync=0000 1537 ffff  | trames=35588 irq=0 iq=0
  [montant] canal dedie (side-band seq=9) : arme TS1 SDCCH/8 SS=0
pont : canal dedie arme : TS1 SDCCH/8 SS=0
  [a_cd] fn=35611 p51=13 p102=13 etat=8000 ok L2=03 03 01 2b | ok=19 ko=19
  [sbwin] SB #3310 fn=34946 p51=11 tick=35619 : armee=0 one_shot=0 page_prog=151 rif_avant=0 nwin=0 marge=0 -> DMA NON ARMEE (le RIF jette) : SCH memorise pour la fenetre SB (dans une vraie fenetre SB : 15/3310)
  [sbwin] SB #3320 fn=35068 p51=31 tick=35741 : armee=0 one_shot=0 page_prog=151 rif_avant=0 nwin=0 marge=0 -> DMA NON ARMEE (le RIF jette) : SCH memorise pour la fenetre SB (dans une vraie fenetre SB : 15/3320)
  profil PC (10556 tranches, high-water 0xde92) : 9a80:10% 8240:8% 8380:7% a680:4% 8200:4% 8300:4% 83c0:4% 8540:3% 9a40:3% a0c0:3% 81c0:3% 82c0:3%
  fn=35802   page=0 insn=121     IDLE   d_fb_det=0     a_sch=0100 0000 0000 0000 sync=0000 1537 ffff  | trames=35805 irq=0 iq=0
  [sbwin] SB #3330 fn=35201 p51=11 tick=35874 : armee=0 one_shot=0 page_prog=151 rif_avant=0 nwin=0 marge=0 -> DMA NON ARMEE (le RIF jette) : SCH memorise pour la fenetre SB (dans une vraie fenetre SB : 15/3330)
  [BSP] dedie : DESACCORD fn=35223 p51=33 p102=33 : table=1 tpu=0 (offset=4354 ref=4669, tn_fenetre=7) [1400 fois]
  [ts0] tick=35930 fn=35257 p51=16 NB fenetre=0 marge=0 rif_avant=0
  [a5-arm] tick=35970 d_a5mode=1 a_kc=0c00 d772 6314 66a4
  [montant] chiffrement A5/1 : Kc publie vers /dev/shm/calypso_kc_l1 (seq=10)
  [a5] #2460 A5/1 fn=35307 (T1=26 T2=25 T3=15) Kc=66a46314d7720c00 (NOUVEAU Kc) | dernier depot BSP fn=35306 (ecart +1)
  [sbwin] SB #3340 fn=35323 p51=31 tick=35996 : armee=0 one_shot=0 page_prog=151 rif_avant=0 nwin=0 marge=0 -> DMA NON ARMEE (le RIF jette) : SCH memorise pour la fenetre SB (dans une vraie fenetre SB : 15/3340)
  [chrono] fn=35997 sur 1000 trames (ms) : qemu 3.68 | A 0.06 | go 0.24 | B 0.20 | apres DONE 0.44 | trame 4.62 (temps reel 4.62)
  [a_cd] fn=36000 p51=45 p102=96 etat=8040 FIRE KO L2=a2 b3 f6 d7 | ok=19 ko=20
  [a5] #2500 A5/1 fn=35344 (T1=26 T2=10 T3=1) Kc=66a46314d7720c00 | dernier depot BSP fn=35343 (ecart +1)
  profil PC (10646 tranches, high-water 0xde92) : 9a80:10% 8240:9% 8380:8% 83c0:4% a680:4% 8200:4% 8300:4% 8540:3% 9a40:3% a0c0:3% 81c0:3% 82c0:3%
  fn=36019   page=0 insn=38603   IDLE   d_fb_det=0     a_sch=0100 0000 0000 0000 sync=0000 1537 ffff  | trames=36022 irq=0 iq=0
  [a_cd] fn=36102 p51=45 p102=96 etat=8000 ok L2=07 00 03 03 | ok=20 ko=20
  [sbwin] SB #3350 fn=35456 p51=11 tick=36129 : armee=0 one_shot=0 page_prog=151 rif_avant=0 nwin=0 marge=0 -> DMA NON ARMEE (le RIF jette) : SCH memorise pour la fenetre SB (dans une vraie fenetre SB : 15/3350)
  profil PC (9564 tranches, high-water 0xde92) : 9a80:9% 8240:9% 8380:8% a680:5% 83c0:4% 8200:4% 8300:4% 8540:3% 9a40:3% a0c0:3% 81c0:3% 82c0:2%
  fn=36236   page=0 insn=1311    IDLE   d_fb_det=0     a_sch=0100 0000 0000 0000 sync=0000 1537 ffff  | trames=36239 irq=0 iq=0
  [sbwin] SB #3360 fn=35578 p51=31 tick=36251 : armee=0 one_shot=0 page_prog=151 rif_avant=0 nwin=0 marge=0 -> DMA NON ARMEE (le RIF jette) : SCH memorise pour la fenetre SB (dans une vraie fenetre SB : 15/3360)
  [a_cd] fn=36306 p51=45 p102=96 etat=8040 FIRE KO L2=9c b4 e9 3e | ok=20 ko=21
  [a_cd] fn=36325 p51=13 p102=13 etat=8000 ok L2=01 81 01 2b | ok=21 ko=21
  [sbwin] SB #3370 fn=35711 p51=11 tick=36384 : armee=0 one_shot=0 page_prog=151 rif_avant=0 nwin=0 marge=0 -> DMA NON ARMEE (le RIF jette) : SCH memorise pour la fenetre SB (dans une vraie fenetre SB : 15/3370)
  [a_cd] fn=36408 p51=45 p102=96 etat=8040 FIRE KO L2=47 02 ae 6a | ok=21 ko=22
  [a_cd] fn=36427 p51=13 p102=13 etat=8000 ok L2=03 03 01 2b | ok=22 ko=22
  profil PC (9940 tranches, high-water 0xde91) : 9a80:9% 8240:5% 8380:5% 8280:4% a680:4% 8480:3% 8200:3% 8300:3% 8540:3% 9a40:3% a0c0:3% 83c0:2%
  fn=36453   page=0 insn=121     IDLE   d_fb_det=0     a_sch=0100 0000 0000 0000 sync=0000 1537 ffff  | trames=36456 irq=0 iq=0
  hacks actifs : RHEA_DMA ; cadencement : STREAM LOCKSTEP  ; stimulus : none
  [sbwin] SB #3380 fn=35833 p51=31 tick=36506 : armee=0 one_shot=0 page_prog=151 rif_avant=0 nwin=0 marge=0 -> DMA NON ARMEE (le RIF jette) : SCH memorise pour la fenetre SB (dans une vraie fenetre SB : 15/3380)
  [a_cd] fn=36510 p51=45 p102=96 etat=8040 FIRE KO L2=09 a2 32 0a | ok=22 ko=23
  [a_cd] fn=36529 p51=13 p102=13 etat=8000 ok L2=03 03 01 2b | ok=23 ko=23
  [a_cd] fn=36612 p51=45 p102=96 etat=8040 FIRE KO L2=0b cf 80 af | ok=23 ko=24
  [a_cd] fn=36631 p51=13 p102=13 etat=8000 ok L2=03 03 01 2b | ok=24 ko=24
  [sbwin] SB #3390 fn=35966 p51=11 tick=36639 : armee=0 one_shot=0 page_prog=151 rif_avant=0 nwin=0 marge=0 -> DMA NON ARMEE (le RIF jette) : SCH memorise pour la fenetre SB (dans une vraie fenetre SB : 15/3390)
  profil PC (9901 tranches, high-water 0xde91) : 9a80:9% 8240:5% 8380:5% 8280:4% a680:4% 8480:3% 8200:3% 8300:3% 8540:3% 9a40:3% a0c0:3% 83c0:2%
  fn=36670   page=0 insn=121     IDLE   d_fb_det=0     a_sch=0100 0000 0000 0000 sync=0000 1537 ffff  | trames=36673 irq=0 iq=0
  [a_cd] fn=36714 p51=45 p102=96 etat=8040 FIRE KO L2=45 e1 c9 3e | ok=24 ko=25
  [a5] #3000 A5/1 fn=36057 (T1=27 T2=21 T3=0) Kc=66a46314d7720c00 | dernier depot BSP fn=36056 (ecart +1)
  [sbwin] SB #3400 fn=36088 p51=31 tick=36761 : armee=0 one_shot=0 page_prog=151 rif_avant=0 nwin=0 marge=0 -> DMA NON ARMEE (le RIF jette) : SCH memorise pour la fenetre SB (dans une vraie fenetre SB : 15/3400)
  profil PC (12180 tranches, high-water 0xde91) : 8280:11% 8480:9% 9a80:8% 8440:5% a680:3% 8200:3% 8300:3% 8540:3% 9a40:3% a0c0:2% 81c0:2% 82c0:2%
  fn=36887   page=1 insn=121     IDLE   d_fb_det=0     a_sch=0100 0000 0000 0000 sync=0000 1537 ffff  | trames=36890 irq=0 iq=0
  [sbwin] SB #3410 fn=36221 p51=11 tick=36894 : armee=0 one_shot=0 page_prog=151 rif_avant=0 nwin=0 marge=0 -> DMA NON ARMEE (le RIF jette) : SCH memorise pour la fenetre SB (dans une vraie fenetre SB : 15/3410)
  [chrono] fn=36997 sur 1000 trames (ms) : qemu 3.83 | A 0.10 | go 0.23 | B 0.22 | apres DONE 0.24 | trame 4.61 (temps reel 4.62)
  [a5-arm] tick=37009 d_a5mode=0 a_kc=0c00 d772 6314 66a4
  [montant] retour en clair (seq=11)
  [montant] tache FB postee : le mobile cherche la synchro, canal dedie libere (TS0 rendu au FCCH/SCH)
  [jalon] fn=37015 d_fb_det=1  hacks=RHEA_DMA
  [sbwin] SB #3420 fn=36343 p51=31 tick=37016 : armee=0 one_shot=0 page_prog=48 rif_avant=0 nwin=0 marge=0 -> DMA NON ARMEE (le RIF jette) : SCH memorise pour la fenetre SB (dans une vraie fenetre SB : 15/3420)
  [jalon] fn=37025 d_fb_det=1  hacks=RHEA_DMA
  [sbwin] SB #3421 fn=36353 p51=41 tick=37026 : armee=0 one_shot=0 page_prog=48 rif_avant=0 nwin=0 marge=0 -> DMA NON ARMEE (le RIF jette) : SCH memorise pour la fenetre SB (dans une vraie fenetre SB : 15/3421)
  [cmd] fn=37034 tache SB postee par l'ARM (W0 md=6 W1 md=0)
  [sb] fn=37034 p51=8 | FB a fn=37025 toa=8743 pm=5424 ang=-1 | TOA-ROM=8743 src=fine | a_sch=0100 crc_ko
  [a_sch] fn=37035 page=0 : 0100 0000 0000 0000 -> 8100 00ce 86be 0060  (d_dsp_page=0003) TOA=23 PM=5416 SNR=230 crc_ko
  [a_sch] fn=37036 page=1 : 0100 0000 0000 0000 -> 8100 0016 f85d 01fb  (d_dsp_page=0003) TOA=0 PM=5521 SNR=12 crc_ko
  [sbwin] SB #3422 fn=36364 p51=1 tick=37037 : armee=0 one_shot=0 page_prog=191 rif_avant=0 nwin=0 marge=0 -> DMA NON ARMEE (le RIF jette) : SCH memorise pour la fenetre SB (dans une vraie fenetre SB : 15/3422)
  [a_sch] fn=37037 page=0 : 8100 00ce 86be 0060 -> 0100 0000 0000 0000  (d_dsp_page=0003) TOA=0 PM=0 SNR=0 crc_ko
  [a_sch] fn=37038 page=1 : 8100 0016 f85d 01fb -> 0100 0000 0000 0000  (d_dsp_page=0003) TOA=0 PM=0 SNR=0 crc_ko
  [jalon] fn=37046 d_fb_det=1  hacks=RHEA_DMA
  [sbwin] SB #3423 fn=36374 p51=11 tick=37047 : armee=0 one_shot=0 page_prog=48 rif_avant=0 nwin=0 marge=0 -> DMA NON ARMEE (le RIF jette) : SCH memorise pour la fenetre SB (dans une vraie fenetre SB : 15/3423)
  [jalon] fn=37056 d_fb_det=1  hacks=RHEA_DMA
  [sbwin] SB #3424 fn=36384 p51=21 tick=37057 : armee=0 one_shot=0 page_prog=48 rif_avant=0 nwin=0 marge=0 -> DMA NON ARMEE (le RIF jette) : SCH memorise pour la fenetre SB (dans une vraie fenetre SB : 15/3424)
  [cmd] fn=37065 tache SB postee par l'ARM (W0 md=6 W1 md=0)
  [sb] fn=37065 p51=39 | FB a fn=37056 toa=8743 pm=5424 ang=-1 | TOA-ROM=8743 src=fine | a_sch=0100 crc_ko
  [a_sch] fn=37066 page=0 : 0100 0000 0000 0000 -> 8100 0016 f85d 01fb  (d_dsp_page=0003) TOA=0 PM=5521 SNR=12 crc_ko
  [sbwin] SB #3425 fn=36394 p51=31 tick=37067 : armee=1 one_shot=1 page_prog=191 rif_avant=0 nwin=191 marge=21 -> FENETRE SB (one-shot) (dans une vraie fenetre SB : 16/3425)
  [a_sch] fn=37067 page=1 : 0100 0000 0000 0000 -> 8000 107a 0d1c 01d1  (d_dsp_page=0003) TOA=23 PM=5367 SNR=11860 CRC_OK
  [jalon] fn=37067 SB PLAUSIBLE page=1 BSIC=7 a_sch=8000 107a 0d1c 01d1  hacks=RHEA_DMA
  [a_sch] fn=37068 page=0 : 8100 0016 f85d 01fb -> 0100 0000 0000 0000  (d_dsp_page=0003) TOA=0 PM=0 SNR=0 crc_ko
  [sbwin] SB #3426 fn=36404 p51=41 tick=37077 : armee=0 one_shot=0 page_prog=191 rif_avant=0 nwin=0 marge=0 -> DMA NON ARMEE (le RIF jette) : SCH memorise pour la fenetre SB (dans une vraie fenetre SB : 16/3426)
  [sbwin] SB #3427 fn=36415 p51=1 tick=37088 : armee=0 one_shot=0 page_prog=191 rif_avant=0 nwin=0 marge=0 -> DMA NON ARMEE (le RIF jette) : SCH memorise pour la fenetre SB (dans une vraie fenetre SB : 16/3427)
  [a_sch] fn=37091 page=1 : 8000 107a 0d1c 01d1 -> 0100 0000 0000 0000  (d_dsp_page=0003) TOA=0 PM=0 SNR=0 crc_ko
  [montant] canal dedie (side-band seq=10) : libere TS0 SDCCH/4 SS=0
pont : canal dedie libere : TS0 SDCCH/8 SS=0
  [sbwin] SB #3428 fn=36425 p51=11 tick=37098 : armee=0 one_shot=0 page_prog=151 rif_avant=0 nwin=0 marge=0 -> DMA NON ARMEE (le RIF jette) : SCH memorise pour la fenetre SB (dans une vraie fenetre SB : 16/3428)
  profil PC (19321 tranches, high-water 0xde92) : 77c0:10% 7840:6% 7800:6% 78c0:5% 8480:5% 9a80:4% 8280:4% a680:3% 7a00:2% b2c0:2% 8440:2% 8300:2%
  fn=37104   page=1 insn=13609   IDLE   d_fb_det=0     a_sch=0100 0000 0000 0000 sync=0000 1530 ffff  | trames=37107 irq=0 iq=0
  [afc] fn=37105 w_page=0 relaye=-699 | page0=-699 page1=-700
  [afc] fn=37106 w_page=1 relaye=-699 | page0=-699 page1=-699
  [sbwin] SB #3429 fn=36435 p51=21 tick=37108 : armee=0 one_shot=0 page_prog=151 rif_avant=0 nwin=0 marge=0 -> DMA NON ARMEE (le RIF jette) : SCH memorise pour la fenetre SB (dans une vraie fenetre SB : 16/3429)
  [sbwin] SB #3430 fn=36445 p51=31 tick=37118 : armee=0 one_shot=0 page_prog=151 rif_avant=0 nwin=0 marge=0 -> DMA NON ARMEE (le RIF jette) : SCH memorise pour la fenetre SB (dans une vraie fenetre SB : 16/3430)
  [sbwin] SB #3440 fn=36547 p51=31 tick=37220 : armee=0 one_shot=0 page_prog=151 rif_avant=0 nwin=0 marge=0 -> DMA NON ARMEE (le RIF jette) : SCH memorise pour la fenetre SB (dans une vraie fenetre SB : 16/3440)
  profil PC (21366 tranches, high-water 0xde92) : 9a80:12% 8240:11% 8380:10% 83c0:5% 8200:4% 8300:4% 8540:4% 9a40:4% a0c0:3% 81c0:3% 82c0:3% 9a00:2%
  fn=37321   page=1 insn=121     IDLE   d_fb_det=0     a_sch=0100 0000 0000 0000 sync=0000 1530 ffff  | trames=37324 irq=0 iq=0
  [sbwin] SB #3450 fn=36649 p51=31 tick=37322 : armee=0 one_shot=0 page_prog=151 rif_avant=0 nwin=0 marge=0 -> DMA NON ARMEE (le RIF jette) : SCH memorise pour la fenetre SB (dans une vraie fenetre SB : 16/3450)
  [afc] fn=37401 w_page=0 relaye=-700 | page0=-700 page1=-699
  [afc] fn=37402 w_page=1 relaye=-700 | page0=-700 page1=-700
  [jalon] fn=37403 d_fb_det=1  hacks=RHEA_DMA
  [sbwin] SB #3458 fn=36731 p51=11 tick=37404 : armee=0 one_shot=0 page_prog=48 rif_avant=0 nwin=0 marge=0 -> DMA NON ARMEE (le RIF jette) : SCH memorise pour la fenetre SB (dans une vraie fenetre SB : 16/3458)
  [jalon] fn=37413 d_fb_det=1  hacks=RHEA_DMA
  [sbwin] SB #3459 fn=36741 p51=21 tick=37414 : armee=0 one_shot=0 page_prog=48 rif_avant=0 nwin=0 marge=0 -> DMA NON ARMEE (le RIF jette) : SCH memorise pour la fenetre SB (dans une vraie fenetre SB : 16/3459)
  [cmd] fn=37422 tache SB postee par l'ARM (W0 md=6 W1 md=0)
  [sb] fn=37422 p51=39 | FB a fn=37413 toa=8743 pm=5424 ang=-1 | TOA-ROM=8743 src=fine | a_sch=0100 crc_ko
  [a_sch] fn=37423 page=0 : 0100 0000 0000 0000 -> 8100 0016 f85d 01fb  (d_dsp_page=0003) TOA=0 PM=5521 SNR=12 crc_ko
  [sbwin] SB #3460 fn=36751 p51=31 tick=37424 : armee=1 one_shot=1 page_prog=191 rif_avant=0 nwin=191 marge=21 -> FENETRE SB (one-shot) (dans une vraie fenetre SB : 17/3460)
  [a_sch] fn=37424 page=1 : 0100 0000 0000 0000 -> 8000 1108 0d1c 01b5  (d_dsp_page=0003) TOA=23 PM=5367 SNR=15742 CRC_OK
  [jalon] fn=37424 SB PLAUSIBLE page=1 BSIC=7 a_sch=8000 1108 0d1c 01b5  hacks=RHEA_DMA
  [a_sch] fn=37425 page=0 : 8100 0016 f85d 01fb -> 0100 0000 0000 0000  (d_dsp_page=0003) TOA=0 PM=0 SNR=0 crc_ko
  [sbwin] SB #3461 fn=36761 p51=41 tick=37434 : armee=0 one_shot=0 page_prog=64 rif_avant=0 nwin=0 marge=0 -> DMA NON ARMEE (le RIF jette) : SCH memorise pour la fenetre SB (dans une vraie fenetre SB : 17/3461)
  [sbwin] SB #3462 fn=36772 p51=1 tick=37445 : armee=0 one_shot=0 page_prog=64 rif_avant=0 nwin=0 marge=0 -> DMA NON ARMEE (le RIF jette) : SCH memorise pour la fenetre SB (dans une vraie fenetre SB : 17/3462)
  [a_sch] fn=37445 page=1 : 8000 1108 0d1c 01b5 -> 0100 0000 0000 0000  (d_dsp_page=0002) TOA=0 PM=0 SNR=0 crc_ko
  [sbwin] SB #3463 fn=36782 p51=11 tick=37455 : armee=0 one_shot=0 page_prog=64 rif_avant=0 nwin=0 marge=0 -> DMA NON ARMEE (le RIF jette) : SCH memorise pour la fenetre SB (dans une vraie fenetre SB : 17/3463)
  [sbwin] SB #3464 fn=36792 p51=21 tick=37465 : armee=0 one_shot=0 page_prog=64 rif_avant=0 nwin=0 marge=0 -> DMA NON ARMEE (le RIF jette) : SCH memorise pour la fenetre SB (dans une vraie fenetre SB : 17/3464)
  [sbwin] SB #3470 fn=36853 p51=31 tick=37526 : armee=0 one_shot=0 page_prog=64 rif_avant=0 nwin=0 marge=0 -> DMA NON ARMEE (le RIF jette) : SCH memorise pour la fenetre SB (dans une vraie fenetre SB : 17/3470)
  profil PC (22662 tranches, high-water 0xde92) : 9a80:9% 8240:8% 8380:8% 77c0:4% 83c0:4% 8300:3% 8200:3% 8540:3% 9a40:3% 81c0:2% a0c0:2% 7800:2%
  fn=37538   page=0 insn=121     IDLE   d_fb_det=0     a_sch=0100 0000 0000 0000 sync=0000 1530 ffff  | trames=37541 irq=0 iq=0
  [sbwin] SB #3480 fn=36955 p51=31 tick=37628 : armee=0 one_shot=0 page_prog=64 rif_avant=0 nwin=0 marge=0 -> DMA NON ARMEE (le RIF jette) : SCH memorise pour la fenetre SB (dans une vraie fenetre SB : 17/3480)
  [sbwin] SB #3490 fn=37057 p51=31 tick=37730 : armee=0 one_shot=0 page_prog=64 rif_avant=0 nwin=0 marge=0 -> DMA NON ARMEE (le RIF jette) : SCH memorise pour la fenetre SB (dans une vraie fenetre SB : 17/3490)
  profil PC (22260 tranches, high-water 0xde92) : 9a80:11% 8240:11% 8380:10% 83c0:5% 8200:4% 8300:4% 8540:4% 9a40:4% a0c0:3% 81c0:3% 82c0:3% 9a00:2%
  fn=37755   page=1 insn=36039   IDLE   d_fb_det=0     a_sch=0100 0000 0000 0000 sync=0000 1530 ffff  | trames=37758 irq=0 iq=0
  [sbwin] SB #3500 fn=37159 p51=31 tick=37832 : armee=0 one_shot=0 page_prog=64 rif_avant=0 nwin=0 marge=0 -> DMA NON ARMEE (le RIF jette) : SCH memorise pour la fenetre SB (dans une vraie fenetre SB : 17/3500)
  [sbwin] SB #3510 fn=37261 p51=31 tick=37934 : armee=0 one_shot=0 page_prog=64 rif_avant=0 nwin=0 marge=0 -> DMA NON ARMEE (le RIF jette) : SCH memorise pour la fenetre SB (dans une vraie fenetre SB : 17/3510)
  profil PC (24175 tranches, high-water 0xde92) : 9a80:11% 8240:11% 8380:10% 83c0:5% 8200:5% 8300:4% 8540:4% 9a40:4% 81c0:3% a0c0:3% 82c0:3% 9a00:2%
  fn=37972   page=1 insn=13607   IDLE   d_fb_det=0     a_sch=0100 0000 0000 0000 sync=0000 1530 ffff  | trames=37975 irq=0 iq=0
  [chrono] fn=37997 sur 1000 trames (ms) : qemu 3.77 | A 0.04 | go 0.22 | B 0.15 | apres DONE 0.43 | trame 4.62 (temps reel 4.62)
  [sbwin] SB #3520 fn=37363 p51=31 tick=38036 : armee=0 one_shot=0 page_prog=64 rif_avant=0 nwin=0 marge=0 -> DMA NON ARMEE (le RIF jette) : SCH memorise pour la fenetre SB (dans une vraie fenetre SB : 17/3520)
  [sbwin] SB #3530 fn=37465 p51=31 tick=38138 : armee=0 one_shot=0 page_prog=64 rif_avant=0 nwin=0 marge=0 -> DMA NON ARMEE (le RIF jette) : SCH memorise pour la fenetre SB (dans une vraie fenetre SB : 17/3530)
  profil PC (21613 tranches, high-water 0xde92) : 9a80:12% 8240:10% 8380:10% 83c0:5% 8200:4% 8300:4% 8540:4% 9a40:4% a0c0:3% 81c0:3% 82c0:3% 9a00:2%
  fn=38189   page=0 insn=121     IDLE   d_fb_det=0     a_sch=0100 0000 0000 0000 sync=0000 1530 ffff  | trames=38192 irq=0 iq=0
  hacks actifs : RHEA_DMA ; cadencement : STREAM LOCKSTEP  ; stimulus : none
  [sbwin] SB #3540 fn=37567 p51=31 tick=38240 : armee=0 one_shot=0 page_prog=64 rif_avant=0 nwin=0 marge=0 -> DMA NON ARMEE (le RIF jette) : SCH memorise pour la fenetre SB (dans une vraie fenetre SB : 17/3540)
  [sbwin] SB #3550 fn=37669 p51=31 tick=38342 : armee=0 one_shot=0 page_prog=64 rif_avant=0 nwin=0 marge=0 -> DMA NON ARMEE (le RIF jette) : SCH memorise pour la fenetre SB (dans une vraie fenetre SB : 17/3550)
  profil PC (21013 tranches, high-water 0xde92) : 9a80:11% 8240:11% 8380:10% 83c0:5% 8200:4% 8300:4% 8540:4% 9a40:4% a0c0:3% 81c0:3% 82c0:3% 9a00:2%
  fn=38406   page=1 insn=121     IDLE   d_fb_det=0     a_sch=0100 0000 0000 0000 sync=0000 1530 ffff  | trames=38409 irq=0 iq=0
  [sbwin] SB #3560 fn=37771 p51=31 tick=38444 : armee=0 one_shot=0 page_prog=64 rif_avant=0 nwin=0 marge=0 -> DMA NON ARMEE (le RIF jette) : SCH memorise pour la fenetre SB (dans une vraie fenetre SB : 17/3560)
  [sbwin] SB #3570 fn=37873 p51=31 tick=38546 : armee=0 one_shot=0 page_prog=64 rif_avant=0 nwin=0 marge=0 -> DMA NON ARMEE (le RIF jette) : SCH memorise pour la fenetre SB (dans une vraie fenetre SB : 17/3570)
  profil PC (22482 tranches, high-water 0xde92) : 9a80:11% 8240:11% 8380:10% 83c0:5% 8200:4% 8300:4% 8540:4% 9a40:4% a0c0:3% 81c0:3% 82c0:3% 9a00:2%
  fn=38623   page=1 insn=13725   IDLE   d_fb_det=0     a_sch=0100 0000 0000 0000 sync=0000 1530 ffff  | trames=38626 irq=0 iq=0
  [sbwin] SB #3580 fn=37975 p51=31 tick=38648 : armee=0 one_shot=0 page_prog=64 rif_avant=0 nwin=0 marge=0 -> DMA NON ARMEE (le RIF jette) : SCH memorise pour la fenetre SB (dans une vraie fenetre SB : 17/3580)
  [sbwin] SB #3590 fn=38077 p51=31 tick=38750 : armee=0 one_shot=0 page_prog=64 rif_avant=0 nwin=0 marge=0 -> DMA NON ARMEE (le RIF jette) : SCH memorise pour la fenetre SB (dans une vraie fenetre SB : 17/3590)
  profil PC (24530 tranches, high-water 0xde92) : 9a80:11% 8240:11% 8380:10% 83c0:5% 8200:4% 8300:4% 8540:4% 9a40:4% a0c0:3% 81c0:3% 82c0:3% 9a00:2%
  fn=38840   page=1 insn=36118   IDLE   d_fb_det=0     a_sch=0100 0000 0000 0000 sync=0000 1530 ffff  | trames=38843 irq=0 iq=0
  [sbwin] SB #3600 fn=38179 p51=31 tick=38852 : armee=0 one_shot=0 page_prog=64 rif_avant=0 nwin=0 marge=0 -> DMA NON ARMEE (le RIF jette) : SCH memorise pour la fenetre SB (dans une vraie fenetre SB : 17/3600)
  [sbwin] SB #3610 fn=38281 p51=31 tick=38954 : armee=0 one_shot=0 page_prog=64 rif_avant=0 nwin=0 marge=0 -> DMA NON ARMEE (le RIF jette) : SCH memorise pour la fenetre SB (dans une vraie fenetre SB : 17/3610)
  [chrono] fn=38997 sur 1000 trames (ms) : qemu 3.73 | A 0.05 | go 0.24 | B 0.13 | apres DONE 0.47 | trame 4.62 (temps reel 4.62)
  [sbwin] SB #3620 fn=38383 p51=31 tick=39056 : armee=0 one_shot=0 page_prog=64 rif_avant=0 nwin=0 marge=0 -> DMA NON ARMEE (le RIF jette) : SCH memorise pour la fenetre SB (dans une vraie fenetre SB : 17/3620)
  profil PC (21034 tranches, high-water 0xde92) : 9a80:11% 8240:11% 8380:10% 83c0:5% 8200:4% 8300:4% 8540:4% 9a40:4% a0c0:3% 81c0:3% 82c0:3% 9a00:2%
  fn=39057   page=1 insn=121     IDLE   d_fb_det=0     a_sch=0100 0000 0000 0000 sync=0000 1530 ffff  | trames=39060 irq=0 iq=0
  [sbwin] SB #3630 fn=38485 p51=31 tick=39158 : armee=0 one_shot=0 page_prog=64 rif_avant=0 nwin=0 marge=0 -> DMA NON ARMEE (le RIF jette) : SCH memorise pour la fenetre SB (dans une vraie fenetre SB : 17/3630)
  [sbwin] SB #3640 fn=38587 p51=31 tick=39260 : armee=0 one_shot=0 page_prog=64 rif_avant=0 nwin=0 marge=0 -> DMA NON ARMEE (le RIF jette) : SCH memorise pour la fenetre SB (dans une vraie fenetre SB : 17/3640)
  profil PC (21017 tranches, high-water 0xde92) : 9a80:11% 8240:11% 8380:10% 83c0:5% 8200:4% 8300:4% 8540:4% 9a40:4% a0c0:3% 81c0:3% 82c0:3% 9a00:2%
  fn=39274   page=0 insn=121     IDLE   d_fb_det=0     a_sch=0100 0000 0000 0000 sync=0000 1530 ffff  | trames=39277 irq=0 iq=0
  [sbwin] SB #3650 fn=38689 p51=31 tick=39362 : armee=0 one_shot=0 page_prog=64 rif_avant=0 nwin=0 marge=0 -> DMA NON ARMEE (le RIF jette) : SCH memorise pour la fenetre SB (dans une vraie fenetre SB : 17/3650)
  [sbwin] SB #3660 fn=38791 p51=31 tick=39464 : armee=0 one_shot=0 page_prog=64 rif_avant=0 nwin=0 marge=0 -> DMA NON ARMEE (le RIF jette) : SCH memorise pour la fenetre SB (dans une vraie fenetre SB : 17/3660)
  profil PC (22703 tranches, high-water 0xde92) : 9a80:11% 8240:11% 8380:10% 83c0:5% 8200:4% 8300:4% 8540:4% 9a40:4% a0c0:3% 81c0:3% 82c0:3% 9a00:2%
  fn=39491   page=1 insn=13612   IDLE   d_fb_det=0     a_sch=0100 0000 0000 0000 sync=0000 1530 ffff  | trames=39494 irq=0 iq=0
  [sbwin] SB #3670 fn=38893 p51=31 tick=39566 : armee=0 one_shot=0 page_prog=64 rif_avant=0 nwin=0 marge=0 -> DMA NON ARMEE (le RIF jette) : SCH memorise pour la fenetre SB (dans une vraie fenetre SB : 17/3670)
  [sbwin] SB #3680 fn=38995 p51=31 tick=39668 : armee=0 one_shot=0 page_prog=64 rif_avant=0 nwin=0 marge=0 -> DMA NON ARMEE (le RIF jette) : SCH memorise pour la fenetre SB (dans une vraie fenetre SB : 17/3680)
  profil PC (24328 tranches, high-water 0xde92) : 9a80:11% 8240:11% 8380:10% 83c0:5% 8200:4% 8300:4% 8540:4% 9a40:4% a0c0:3% 81c0:3% 82c0:3% 9a00:2%
  fn=39708   page=1 insn=1357    IDLE   d_fb_det=0     a_sch=0100 0000 0000 0000 sync=0000 1530 ffff  | trames=39711 irq=0 iq=0
  [sbwin] SB #3690 fn=39097 p51=31 tick=39770 : armee=0 one_shot=0 page_prog=64 rif_avant=0 nwin=0 marge=0 -> DMA NON ARMEE (le RIF jette) : SCH memorise pour la fenetre SB (dans une vraie fenetre SB : 17/3690)
  [sbwin] SB #3700 fn=39199 p51=31 tick=39872 : armee=0 one_shot=0 page_prog=64 rif_avant=0 nwin=0 marge=0 -> DMA NON ARMEE (le RIF jette) : SCH memorise pour la fenetre SB (dans une vraie fenetre SB : 17/3700)
  profil PC (21013 tranches, high-water 0xde92) : 9a80:11% 8240:11% 8380:10% 83c0:5% 8200:4% 8300:4% 8540:4% 9a40:4% a0c0:3% 81c0:3% 82c0:3% 9a00:2%
  fn=39925   page=0 insn=121     IDLE   d_fb_det=0     a_sch=0100 0000 0000 0000 sync=0000 1530 ffff  | trames=39928 irq=0 iq=0
  hacks actifs : RHEA_DMA ; cadencement : STREAM LOCKSTEP  ; stimulus : none
  [sbwin] SB #3710 fn=39301 p51=31 tick=39974 : armee=0 one_shot=0 page_prog=64 rif_avant=0 nwin=0 marge=0 -> DMA NON ARMEE (le RIF jette) : SCH memorise pour la fenetre SB (dans une vraie fenetre SB : 17/3710)
  [chrono] fn=39997 sur 1000 trames (ms) : qemu 3.47 | A 0.06 | go 0.28 | B 0.19 | apres DONE 0.61 | trame 4.62 (temps reel 4.62)
  [sbwin] SB #3720 fn=39403 p51=31 tick=40076 : armee=0 one_shot=0 page_prog=64 rif_avant=0 nwin=0 marge=0 -> DMA NON ARMEE (le RIF jette) : SCH memorise pour la fenetre SB (dans une vraie fenetre SB : 17/3720)
  profil PC (21017 tranches, high-water 0xde92) : 9a80:11% 8240:11% 8380:10% 83c0:5% 8200:4% 8300:4% 8540:4% 9a40:4% a0c0:3% 81c0:3% 82c0:3% 9a00:2%
  fn=40142   page=1 insn=121     IDLE   d_fb_det=0     a_sch=0100 0000 0000 0000 sync=0000 1530 ffff  | trames=40145 irq=0 iq=0
  [sbwin] SB #3730 fn=39505 p51=31 tick=40178 : armee=0 one_shot=0 page_prog=64 rif_avant=0 nwin=0 marge=0 -> DMA NON ARMEE (le RIF jette) : SCH memorise pour la fenetre SB (dans une vraie fenetre SB : 17/3730)
  [sbwin] SB #3740 fn=39607 p51=31 tick=40280 : armee=0 one_shot=0 page_prog=64 rif_avant=0 nwin=0 marge=0 -> DMA NON ARMEE (le RIF jette) : SCH memorise pour la fenetre SB (dans une vraie fenetre SB : 17/3740)
  profil PC (22929 tranches, high-water 0xde92) : 9a80:11% 8240:11% 8380:10% 83c0:5% 8200:5% 8300:4% 8540:4% 9a40:4% 81c0:3% a0c0:3% 82c0:3% 9a00:2%
  fn=40359   page=1 insn=13607   IDLE   d_fb_det=0     a_sch=0100 0000 0000 0000 sync=0000 1530 ffff  | trames=40362 irq=0 iq=0
  [sbwin] SB #3750 fn=39709 p51=31 tick=40382 : armee=0 one_shot=0 page_prog=64 rif_avant=0 nwin=0 marge=0 -> DMA NON ARMEE (le RIF jette) : SCH memorise pour la fenetre SB (dans une vraie fenetre SB : 17/3750)
  [jalon] fn=40442 d_fb_det=1  hacks=RHEA_DMA
  [sbwin] SB #3756 fn=39770 p51=41 tick=40443 : armee=0 one_shot=0 page_prog=48 rif_avant=0 nwin=0 marge=0 -> DMA NON ARMEE (le RIF jette) : SCH memorise pour la fenetre SB (dans une vraie fenetre SB : 17/3756)
  [jalon] fn=40453 d_fb_det=1  hacks=RHEA_DMA
  [sbwin] SB #3757 fn=39781 p51=1 tick=40454 : armee=0 one_shot=0 page_prog=48 rif_avant=0 nwin=0 marge=0 -> DMA NON ARMEE (le RIF jette) : SCH memorise pour la fenetre SB (dans une vraie fenetre SB : 17/3757)
  [cmd] fn=40462 tache SB postee par l'ARM (W0 md=6 W1 md=0)
  [sb] fn=40462 p51=19 | FB a fn=40453 toa=9995 pm=5438 ang=-1 | TOA-ROM=9995 src=fine | a_sch=0100 crc_ko
  [a_sch] fn=40463 page=0 : 0100 0000 0000 0000 -> 8100 0016 f85d 01fb  (d_dsp_page=0003) TOA=0 PM=5521 SNR=12 crc_ko
  [sbwin] SB #3758 fn=39791 p51=11 tick=40464 : armee=1 one_shot=1 page_prog=191 rif_avant=0 nwin=191 marge=21 -> FENETRE SB (one-shot) (dans une vraie fenetre SB : 18/3758)
  [a_sch] fn=40464 page=1 : 0100 0000 0000 0000 -> 8000 1174 0f1c 012c  (d_dsp_page=0003) TOA=23 PM=5363 SNR=13797 CRC_OK
  [jalon] fn=40464 SB PLAUSIBLE page=1 BSIC=7 a_sch=8000 1174 0f1c 012c  hacks=RHEA_DMA
  [a_sch] fn=40465 page=0 : 8100 0016 f85d 01fb -> 0100 0000 0000 0000  (d_dsp_page=0003) TOA=0 PM=0 SNR=0 crc_ko
  [a_sch] fn=40471 page=1 : 8000 1174 0f1c 012c -> 0100 0000 0000 0000  (d_dsp_page=0003) TOA=0 PM=0 SNR=0 crc_ko
  [sbwin] SB #3759 fn=39801 p51=21 tick=40474 : armee=0 one_shot=0 page_prog=151 rif_avant=0 nwin=0 marge=0 -> DMA NON ARMEE (le RIF jette) : SCH memorise pour la fenetre SB (dans une vraie fenetre SB : 18/3759)
  [sbwin] SB #3760 fn=39811 p51=31 tick=40484 : armee=0 one_shot=0 page_prog=151 rif_avant=0 nwin=0 marge=0 -> DMA NON ARMEE (le RIF jette) : SCH memorise pour la fenetre SB (dans une vraie fenetre SB : 18/3760)
  [montant] RACH ra=0xef bsic=7 fn=40484 -> /dev/shm/calypso_rach
  [montant]   declencheur : d_task_ra=RACH_DSP_TASK (task_ra=0x000a d_rach=0xef1c)
  [sbwin] SB #3761 fn=39821 p51=41 tick=40494 : armee=0 one_shot=0 page_prog=151 rif_avant=0 nwin=0 marge=0 -> DMA NON ARMEE (le RIF jette) : SCH memorise pour la fenetre SB (dans une vraie fenetre SB : 18/3761)
  [sbwin] SB #3762 fn=39832 p51=1 tick=40505 : armee=0 one_shot=0 page_prog=151 rif_avant=0 nwin=0 marge=0 -> DMA NON ARMEE (le RIF jette) : SCH memorise pour la fenetre SB (dans une vraie fenetre SB : 18/3762)
  [montant] canal dedie (side-band seq=11) : arme TS1 SDCCH/8 SS=0
pont : canal dedie arme : TS1 SDCCH/8 SS=0
  profil PC (20960 tranches, high-water 0xde92) : 9a80:9% 8240:7% 8380:7% 77c0:5% 83c0:3% 8300:3% 8200:3% 8540:3% 7840:3% 9a40:3% 7800:3% 78c0:2%
  fn=40576   page=1 insn=121     IDLE   d_fb_det=0     a_sch=0100 0000 0000 0000 sync=0000 153e ffff  | trames=40579 irq=0 iq=0
  [sbwin] SB #3770 fn=39913 p51=31 tick=40586 : armee=0 one_shot=0 page_prog=151 rif_avant=0 nwin=0 marge=0 -> DMA NON ARMEE (le RIF jette) : SCH memorise pour la fenetre SB (dans une vraie fenetre SB : 18/3770)
  [a_cd] fn=40590 p51=45 p102=96 etat=8000 ok L2=07 00 03 03 | ok=25 ko=25
  [a5-arm] tick=40713 d_a5mode=1 a_kc=0c00 d772 6314 66a4
  [montant] chiffrement A5/1 : Kc publie vers /dev/shm/calypso_kc_l1 (seq=12)
  [sbwin] SB #3780 fn=40046 p51=11 tick=40719 : armee=0 one_shot=0 page_prog=151 rif_avant=0 nwin=0 marge=0 -> DMA NON ARMEE (le RIF jette) : SCH memorise pour la fenetre SB (dans une vraie fenetre SB : 18/3780)
  [a_cd] fn=40762 p51=13 p102=64 etat=8040 FIRE KO L2=fa 58 7c 8f | ok=25 ko=26
  profil PC (9873 tranches, high-water 0xde92) : 8240:9% 9a80:9% 8380:9% 83c0:4% a680:4% 8200:4% 8300:4% 8540:4% 9a40:3% 81c0:3% 82c0:3% a0c0:3%
  fn=40793   page=0 insn=14028   IDLE   d_fb_det=0     a_sch=0100 0000 0000 0000 sync=0000 153e ffff  | trames=40796 irq=0 iq=0
  [sbwin] SB #3790 fn=40168 p51=31 tick=40841 : armee=0 one_shot=0 page_prog=151 rif_avant=0 nwin=0 marge=0 -> DMA NON ARMEE (le RIF jette) : SCH memorise pour la fenetre SB (dans une vraie fenetre SB : 18/3790)
  [a_cd] fn=40864 p51=13 p102=64 etat=8000 ok L2=01 21 01 2b | ok=26 ko=26
  [ts0] tick=40930 fn=40257 p51=18 NB fenetre=0 marge=0 rif_avant=0
  [sbwin] SB #3800 fn=40301 p51=11 tick=40974 : armee=0 one_shot=0 page_prog=151 rif_avant=0 nwin=0 marge=0 -> DMA NON ARMEE (le RIF jette) : SCH memorise pour la fenetre SB (dans une vraie fenetre SB : 18/3800)
  [montant] TCH (seq=1) : TS2 TSC=7 annonce par le pont, bascule du BSP a la premiere tache TCH du firmware
  [chrono] fn=40997 sur 1000 trames (ms) : qemu 3.81 | A 0.07 | go 0.23 | B 0.18 | apres DONE 0.33 | trame 4.62 (temps reel 4.62)
  profil PC (10164 tranches, high-water 0xde91) : 9a80:10% 8240:9% 8380:8% a680:4% 83c0:4% 8200:3% 8300:3% 9a40:3% 8540:3% a0c0:3% 81c0:2% 82c0:2%
  fn=41010   page=0 insn=7008    IDLE   d_fb_det=0     a_sch=0100 0000 0000 0000 sync=0000 153e ffff  | trames=41013 irq=0 iq=0
  [a5-arm] tick=41019 d_a5mode=0 a_kc=0c00 d772 6314 66a4
  [a5-arm] tick=41020 d_a5mode=1 a_kc=0c00 d772 6314 66a4
  [montant] TCH : le firmware poste la tache 13 a fn=41021, BSP bascule sur TS2 (TSC=7)
  [ts0] canal dedie arme : TCH TS2 (toutes les trames)
  [montant] FACCH UL fn=41021 task=0x000d
  [depot_tch] fn=41022 phase A : 1868 insn, idle=1, fenetre armee=1
  [depot_tch] fn=41023 phase A : 1495 insn, idle=1, fenetre armee=1
  [depot_tch] fn=41024 phase A : 674 insn, idle=1, fenetre armee=1
  [depot_tch] fn=41025 phase A : 1470 insn, idle=1, fenetre armee=1
  [depot_tch] fn=41026 phase A : 1466 insn, idle=1, fenetre armee=1
  [depot_tch] fn=41027 phase A : 1466 insn, idle=1, fenetre armee=1
  [depot_tch] fn=41028 phase A : 1466 insn, idle=1, fenetre armee=1
  [a_dd] fn=41028 etat=c214 FIRE=0 BFI=1 err=0 (ecart 41028 trames) | vues=1 ko=0 bfi=1
  [depot_tch] fn=41029 phase A : 1497 insn, idle=1, fenetre armee=1
  [depot_tch] fn=41030 phase A : 1473 insn, idle=1, fenetre armee=1
  [depot_tch] fn=41031 phase A : 1467 insn, idle=1, fenetre armee=1
  [depot_tch] fn=41032 phase A : 1465 insn, idle=1, fenetre armee=1
  [a_dd] fn=41032 etat=c214 FIRE=0 BFI=1 err=0 (ecart 4 trames) | vues=2 ko=0 bfi=2
  [depot_tch] fn=41033 phase A : 1469 insn, idle=1, fenetre armee=1
  [depot_tch] fn=41034 phase A : 1465 insn, idle=1, fenetre armee=1
  [depot_tch] fn=41035 phase A : 1467 insn, idle=1, fenetre armee=1
  [BSP] dedie : DESACCORD fn=40362 p51=21 p102=72 : table=1 tpu=0 (offset=4676 ref=4354, tn_fenetre=1) [1600 fois]
  [depot_tch] fn=41036 phase A : 1467 insn, idle=1, fenetre armee=1
  [d_fn] tick=41036 tache=14 fn_report=90 fn%104=12
  [a_dd] fn=41036 etat=c214 FIRE=0 BFI=1 err=0 (ecart 4 trames) | vues=3 ko=0 bfi=3
  [depot_tch] fn=41037 phase A : 1455 insn, idle=1, fenetre armee=1
  [sacch_tf] tick=41037 fn=40364 fn%104=12 TS2 burst=oui uns=79 one_shot=1 nwin=151
  [a_cd] fn=41037 p51=33 p102=33 etat=8040 FIRE KO L2=00 00 00 00 | ok=26 ko=27
  [depot_tch] fn=41038 phase A : 1467 insn, idle=1, fenetre armee=1
  [depot_tch] fn=41039 phase A : 1467 insn, idle=1, fenetre armee=1
  [depot_tch] fn=41040 phase A : 1463 insn, idle=1, fenetre armee=1
  [depot_tch] fn=41041 phase A : 1467 insn, idle=1, fenetre armee=1
  [a_dd] fn=41041 etat=c214 FIRE=0 BFI=1 err=0 (ecart 5 trames) | vues=4 ko=0 bfi=4
  [depot_tch] fn=41042 phase A : 1467 insn, idle=1, fenetre armee=1
  [depot_tch] fn=41043 phase A : 1467 insn, idle=1, fenetre armee=1
  [depot_tch] fn=41044 phase A : 1465 insn, idle=1, fenetre armee=1
  [depot_tch] fn=41045 phase A : 1467 insn, idle=1, fenetre armee=1
  [a_dd] fn=41045 etat=c214 FIRE=0 BFI=1 err=0 (ecart 4 trames) | vues=5 ko=0 bfi=5
  [depot_tch] fn=41046 phase A : 1467 insn, idle=1, fenetre armee=1
  [depot_tch] fn=41047 phase A : 1467 insn, idle=1, fenetre armee=1
  [depot_tch] fn=41048 phase A : 1465 insn, idle=1, fenetre armee=1
  [depot_tch] fn=41049 phase A : 1469 insn, idle=1, fenetre armee=1
  [a_dd] fn=41049 etat=c214 FIRE=0 BFI=1 err=0 (ecart 4 trames) | vues=6 ko=0 bfi=6
  [depot_tch] fn=41050 phase A : 666 insn, idle=1, fenetre armee=1
  [depot_tch] fn=41051 phase A : 1469 insn, idle=1, fenetre armee=1
  [montant] FACCH UL fn=41053 task=0x000d
  [a5] #3500 A5/1 fn=40381 (T1=30 T2=3 T3=40) Kc=66a46314d7720c00 | dernier depot BSP fn=40380 (ecart +1)
  [a_dd] fn=41054 etat=c214 FIRE=0 BFI=1 err=0 (ecart 5 trames) | vues=7 ko=0 bfi=7
  [a_dd] fn=41058 etat=c214 FIRE=0 BFI=1 err=0 (ecart 4 trames) | vues=8 ko=0 bfi=8
  [d_fn] tick=41062 tache=14 fn_report=12 fn%104=38
  [a_dd] fn=41062 etat=c214 FIRE=0 BFI=1 err=0 (ecart 4 trames) | vues=9 ko=0 bfi=9
  [montant] SACCH UL fn=41062 task=0x000e
  [sacch_tf] tick=41063 fn=40390 fn%104=38 TS2 burst=oui uns=70 one_shot=1 nwin=151
  [a_dd] fn=41067 etat=c214 FIRE=0 BFI=1 err=0 (ecart 5 trames) | vues=10 ko=0 bfi=10
  [a_dd] fn=41071 etat=c214 FIRE=0 BFI=1 err=0 (ecart 4 trames) | vues=11 ko=0 bfi=11
  [a_dd] fn=41075 etat=c214 FIRE=0 BFI=1 err=0 (ecart 4 trames) | vues=12 ko=0 bfi=12
  [a_dd] fn=41080 etat=c214 FIRE=0 BFI=1 err=0 (ecart 5 trames) | vues=13 ko=0 bfi=13
  [a_dd] fn=41084 etat=c214 FIRE=0 BFI=1 err=0 (ecart 4 trames) | vues=14 ko=0 bfi=14
  [d_fn] tick=41088 tache=14 fn_report=38 fn%104=64
  [a_dd] fn=41088 etat=c214 FIRE=0 BFI=1 err=0 (ecart 4 trames) | vues=15 ko=0 bfi=15
  [sacch_tf] tick=41089 fn=40416 fn%104=64 TS2 burst=oui uns=75 one_shot=1 nwin=151
  [a_dd] fn=41093 etat=c214 FIRE=0 BFI=1 err=0 (ecart 5 trames) | vues=16 ko=0 bfi=16
  [a_fd] fn=41097 fn%13=4 etat=8080 BLUD=1 FIRE=0 d_tch_mode=ca00 L2=01 73 01 2b | ok=1 ko=0
  [a_dd] fn=41097 etat=8084 FIRE=0 BFI=1 err=0 (ecart 4 trames) | vues=17 ko=0 bfi=17
  [montant] canal dedie (side-band seq=12) : TCH/F TS2 SS=0, firmware sur le TCH (BSP deja sur le TCH, SDCCH memorise)
  [montant] FACCH UL fn=41100 task=0x000d
  [a_dd] fn=41101 etat=c214 FIRE=0 BFI=1 err=0 (ecart 4 trames) | vues=18 ko=0 bfi=18
  [a_dd] fn=41106 etat=c214 FIRE=0 BFI=1 err=0 (ecart 5 trames) | vues=19 ko=0 bfi=19
  [a_dd] fn=41110 etat=c214 FIRE=0 BFI=1 err=0 (ecart 4 trames) | vues=20 ko=0 bfi=20
  [d_fn] tick=41114 tache=14 fn_report=64 fn%104=90
  [sacch_tf] tick=41115 fn=40442 fn%104=90 TS2 burst=oui uns=74 one_shot=1 nwin=151
  [d_fn] tick=41140 tache=14 fn_report=90 fn%104=12
  [sacch_tf] tick=41141 fn=40468 fn%104=12 TS2 burst=oui uns=76 one_shot=1 nwin=151
  [a_cd] fn=41141 p51=35 p102=35 etat=8000 ok L2=07 00 03 03 | ok=27 ko=27
  [a_fd] fn=41145 fn%13=0 etat=8080 BLUD=1 FIRE=0 d_tch_mode=ca00 L2=01 21 01 2b | ok=2 ko=0
  [a_fd] fn=41149 fn%13=4 etat=8080 BLUD=1 FIRE=0 d_tch_mode=ca00 L2=03 20 09 83 | ok=3 ko=0
  [montant] FACCH UL fn=41152 task=0x000d
  [d_fn] tick=41166 tache=14 fn_report=12 fn%104=38
  [montant] SACCH UL fn=41166 task=0x000e
  [sacch_tf] tick=41167 fn=40494 fn%104=38 TS2 burst=oui uns=67 one_shot=1 nwin=151
  [a_fd] fn=41184 fn%13=0 etat=8080 BLUD=1 FIRE=0 d_tch_mode=ca00 L2=03 30 09 83 | ok=4 ko=0
  [montant] FACCH UL fn=41187 task=0x000d
  [d_fn] tick=41192 tache=14 fn_report=38 fn%104=64
  [sacch_tf] tick=41193 fn=40520 fn%104=64 TS2 burst=oui uns=84 one_shot=1 nwin=151
  [a_fd] fn=41214 fn%13=4 etat=8080 BLUD=1 FIRE=0 d_tch_mode=ca00 L2=03 31 01 2b | ok=5 ko=0
  [d_fn] tick=41218 tache=14 fn_report=64 fn%104=90
  [sacch_tf] tick=41219 fn=40546 fn%104=90 TS2 burst=oui uns=70 one_shot=1 nwin=151
  [a5] #4000 A5/1 fn=40554 (T1=30 T2=20 T3=9) Kc=66a46314d7720c00 | dernier depot BSP fn=40553 (ecart +1)
  [a5-hist] #4000 recales=0 ecart(-1/0/+1/+2/autre) par fn%26 : 0:0/0/84/0/0 1:0/0/78/0/0 2:0/0/75/0/0 3:0/0/69/0/0 4:0/0/69/0/0 5:0/0/72/0/0 6:0/0/75/0/0 7:0/0/75/0/0 8:0/0/81/0/0 9:0/0/78/0/0 10:0/0/78/0/0 11:0/0/78/0/0 12:0/0/69/0/0 13:0/0/69/0/0 14:0/0/63/0/0 15:0/0/72/0/0 16:0/0/78/0/0 17:0/0/84/0/0 18:0/0/87/0/0 19:0/0/90/0/0 20:0/0/89/0/0 21:0/0/84/0/0 22:0/0/84/0/0 23:0/0/81/0/0 24:0/0/81/0/0 25:0/0/57/0/0
  profil PC (103424 tranches, high-water 0xefc9) : e980:9% 8240:7% 9a80:6% 8380:6% ecc0:4% 83c0:3% 8200:3% e940:3% 8300:3% 8540:2% 9a40:2% 81c0:2%
  fn=41227   page=1 insn=85467   IDLE   d_fb_det=0     a_sch=0100 0000 0000 0000 sync=0000 153e ffff  | trames=41230 irq=0 iq=0
  [a_fd] fn=41231 fn%13=8 etat=8080 BLUD=1 FIRE=0 d_tch_mode=ca00 L2=03 22 09 83 | ok=6 ko=0
  [BSP] dedie : DESACCORD fn=40562 p51=17 p102=68 : table=1 tpu=0 (offset=4680 ref=4354, tn_fenetre=1) [1800 fois]
  [montant] parole UL fn=41243
  [d_fn] tick=41244 tache=14 fn_report=90 fn%104=12
  [sacch_tf] tick=41245 fn=40572 fn%104=12 TS2 burst=oui uns=73 one_shot=1 nwin=151
  [a_cd] fn=41245 p51=37 p102=37 etat=8040 FIRE KO L2=00 00 00 00 | ok=27 ko=28
  [montant] parole UL fn=41248
  [montant] parole UL fn=41252
  [montant] parole UL fn=41256
  [montant] parole UL fn=41261
  [montant] FACCH UL fn=41265 task=0x000d
  [montant] parole UL fn=41265
  [a_fd] fn=41266 fn%13=4 etat=8080 BLUD=1 FIRE=0 d_tch_mode=ca08 L2=03 32 09 83 | ok=7 ko=0
  [montant] FACCH UL fn=41269 task=0x000d
  [d_fn] tick=41270 tache=14 fn_report=12 fn%104=38
  [montant] SACCH UL fn=41270 task=0x000e
  [sacch_tf] tick=41271 fn=40598 fn%104=38 TS2 burst=oui uns=77 one_shot=1 nwin=151
  [montant] FACCH UL fn=41274 task=0x000d
  [montant] parole UL fn=41274
  [montant] parole UL fn=41278
  [montant] parole UL fn=41282
  [montant] parole UL fn=41287
  [montant] parole UL fn=41291
  [montant] parole UL fn=41295
  [d_fn] tick=41296 tache=14 fn_report=38 fn%104=64
  [sacch_tf] tick=41297 fn=40624 fn%104=64 TS2 burst=oui uns=80 one_shot=1 nwin=151
  [montant] parole UL fn=41300
  [a_fd] fn=41301 fn%13=0 etat=8080 BLUD=1 FIRE=0 d_tch_mode=ca08 L2=03 32 09 83 | ok=8 ko=0
  [montant] parole UL fn=41308
  [montant] parole UL fn=41313
  [a_fd] fn=41314 fn%13=0 etat=8080 BLUD=1 FIRE=0 d_tch_mode=ca08 L2=01 41 01 2b | ok=9 ko=0
  [montant] parole UL fn=41321
  [d_fn] tick=41322 tache=14 fn_report=64 fn%104=90
  [sacch_tf] tick=41323 fn=40650 fn%104=90 TS2 burst=oui uns=74 one_shot=1 nwin=151
  [montant] parole UL fn=41326
  [montant] parole UL fn=41330
  [montant] parole UL fn=41334
  [montant] parole UL fn=41339
  [d_fn] tick=41348 tache=14 fn_report=90 fn%104=12
  [sacch_tf] tick=41349 fn=40676 fn%104=12 TS2 burst=oui uns=75 one_shot=1 nwin=151
  [a_cd] fn=41349 p51=39 p102=39 etat=8000 ok L2=08 00 03 03 | ok=28 ko=28
  [d_fn] tick=41374 tache=14 fn_report=12 fn%104=38
  [montant] SACCH UL fn=41374 task=0x000e
  [sacch_tf] tick=41375 fn=40702 fn%104=38 TS2 burst=oui uns=72 one_shot=1 nwin=151
  [d_fn] tick=41400 tache=14 fn_report=38 fn%104=64
  [a5] #4500 A5/1 fn=40728 (T1=30 T2=12 T3=30) Kc=66a46314d7720c00 | dernier depot BSP fn=40727 (ecart +1)
  [sacch_tf] tick=41401 fn=40728 fn%104=64 TS2 burst=oui uns=78 one_shot=1 nwin=151
  [d_fn] tick=41426 tache=14 fn_report=64 fn%104=90
  [sacch_tf] tick=41427 fn=40754 fn%104=90 TS2 burst=oui uns=73 one_shot=1 nwin=151
  [BSP] dedie : DESACCORD fn=40762 p51=13 p102=64 : table=1 tpu=0 (offset=4680 ref=4354, tn_fenetre=1) [2000 fois]
  profil PC (106876 tranches, high-water 0xefce) : e980:10% 8240:7% 9a80:6% 8380:6% ecc0:4% 83c0:3% 8200:3% e940:3% 8300:3% 8540:2% 9a40:2% 81c0:2%
  fn=41444   page=0 insn=85459   IDLE   d_fb_det=0     a_sch=0100 0000 0000 0000 sync=0000 153e ffff  | trames=41447 irq=0 iq=0
  [d_fn] tick=41452 tache=14 fn_report=90 fn%104=12
  [sacch_tf] tick=41453 fn=40780 fn%104=12 TS2 burst=oui uns=81 one_shot=1 nwin=151
  [a_cd] fn=41453 p51=41 p102=41 etat=8000 ok L2=08 00 03 03 | ok=29 ko=28
  [a_dd] fn=41461 etat=c200 FIRE=0 BFI=0 err=0 (ecart 4 trames) | vues=100 ko=0 bfi=40
  [d_fn] tick=41478 tache=14 fn_report=12 fn%104=38
  [montant] SACCH UL fn=41478 task=0x000e
  [sacch_tf] tick=41479 fn=40806 fn%104=38 TS2 burst=oui uns=88 one_shot=1 nwin=151
  [d_fn] tick=41504 tache=14 fn_report=38 fn%104=64
  [sacch_tf] tick=41505 fn=40832 fn%104=64 TS2 burst=oui uns=73 one_shot=1 nwin=151
  [d_fn] tick=41530 tache=14 fn_report=64 fn%104=90
  [sacch_tf] tick=41531 fn=40858 fn%104=90 TS2 burst=oui uns=72 one_shot=1 nwin=151
  [d_fn] tick=41556 tache=14 fn_report=90 fn%104=12
  [sacch_tf] tick=41557 fn=40884 fn%104=12 TS2 burst=oui uns=69 one_shot=1 nwin=151
  [a_cd] fn=41557 p51=43 p102=43 etat=8000 ok L2=08 00 03 03 | ok=30 ko=28
  [a5] #5000 A5/1 fn=40901 (T1=30 T2=3 T3=50) Kc=66a46314d7720c00 | dernier depot BSP fn=40900 (ecart +1)
  [d_fn] tick=41582 tache=14 fn_report=12 fn%104=38
  [montant] SACCH UL fn=41582 task=0x000e
  [sacch_tf] tick=41583 fn=40910 fn%104=38 TS2 burst=oui uns=75 one_shot=1 nwin=151
  [d_fn] tick=41608 tache=14 fn_report=38 fn%104=64
  [sacch_tf] tick=41609 fn=40936 fn%104=64 TS2 burst=oui uns=84 one_shot=1 nwin=151
  [d_fn] tick=41634 tache=14 fn_report=64 fn%104=90
  [BSP] dedie : DESACCORD fn=40962 p51=9 p102=60 : table=1 tpu=0 (offset=4684 ref=4354, tn_fenetre=1) [2200 fois]
  [sacch_tf] tick=41635 fn=40962 fn%104=90 TS2 burst=oui uns=74 one_shot=1 nwin=151
  [a_cd] fn=41661 p51=45 p102=45 etat=8000 ok L2=08 00 03 03 | ok=31 ko=28
  profil PC (108438 tranches, high-water 0xefc9) : e980:10% 8240:7% 9a80:6% 8380:6% ecc0:4% 83c0:3% 8200:3% e940:3% 8300:3% 8540:2% 9a40:2% 81c0:2%
  fn=41661   page=1 insn=36643   IDLE   d_fb_det=0     a_sch=0100 0000 0000 0000 sync=0000 153e ffff  | trames=41664 irq=0 iq=0
  hacks actifs : RHEA_DMA ; cadencement : STREAM LOCKSTEP  ; stimulus : none
  [montant] SACCH UL fn=41686 task=0x000e
  [a5] #5500 A5/1 fn=41074 (T1=30 T2=20 T3=19) Kc=66a46314d7720c00 | dernier depot BSP fn=41073 (ecart +1)
  [a_cd] fn=41765 p51=47 p102=47 etat=8000 ok L2=09 00 03 03 | ok=32 ko=28
  [montant] SACCH UL fn=41790 task=0x000e
  [BSP] dedie : DESACCORD fn=41162 p51=5 p102=56 : table=1 tpu=0 (offset=4688 ref=4354, tn_fenetre=1) [2400 fois]
  profil PC (108086 tranches, high-water 0xefc9) : e980:10% 8240:7% 9a80:6% 8380:6% ecc0:4% 83c0:3% 8200:3% e940:3% 8300:3% 8540:2% 9a40:2% 81c0:2%
  fn=41878   page=0 insn=14347   IDLE   d_fb_det=0     a_sch=0100 0000 0000 0000 sync=0000 153e ffff  | trames=41881 irq=0 iq=0
  [a_dd] fn=41894 etat=c200 FIRE=0 BFI=0 err=0 (ecart 4 trames) | vues=200 ko=0 bfi=40
  [montant] SACCH UL fn=41894 task=0x000e
  [a5] #6000 A5/1 fn=41248 (T1=31 T2=12 T3=40) Kc=66a46314d7720c00 | dernier depot BSP fn=41247 (ecart +1)
  [a5-hist] #6000 recales=0 ecart(-1/0/+1/+2/autre) par fn%26 : 0:0/0/81/0/0 1:0/0/81/0/0 2:0/0/81/0/0 3:0/0/81/0/0 4:0/0/81/0/0 5:0/0/81/0/0 6:0/0/81/0/0 7:0/0/81/0/0 8:0/0/81/0/0 9:0/0/81/0/0 10:0/0/81/0/0 11:0/0/81/0/0 12:0/0/79/0/0 13:0/0/78/0/0 14:0/0/78/0/0 15:0/0/78/0/0 16:0/0/78/0/0 17:0/0/78/0/0 18:0/0/78/0/0 19:0/0/78/0/0 20:0/0/79/0/0 21:0/0/81/0/0 22:0/0/81/0/0 23:0/0/81/0/0 24:0/0/81/0/0
  [chrono] fn=41997 sur 1000 trames (ms) : qemu 2.17 | A 0.19 | go 0.30 | B 0.09 | apres DONE 1.86 | trame 4.62 (temps reel 4.62)
  [montant] SACCH UL fn=41998 task=0x000e
  [BSP] dedie : DESACCORD fn=41362 p51=1 p102=52 : table=1 tpu=0 (offset=4692 ref=4354, tn_fenetre=1) [2600 fois]
  [a5] #6500 A5/1 fn=41421 (T1=31 T2=3 T3=9) Kc=66a46314d7720c00 | dernier depot BSP fn=41420 (ecart +1)
  profil PC (107869 tranches, high-water 0xefce) : e980:10% 8240:7% 9a80:6% 8380:6% ecc0:4% 83c0:3% 8200:3% e940:3% 8300:3% 8540:2% 9a40:2% 81c0:2%
  fn=42095   page=1 insn=14352   IDLE   d_fb_det=0     a_sch=0100 0000 0000 0000 sync=0000 153e ffff  | trames=42098 irq=0 iq=0
  [montant] SACCH UL fn=42102 task=0x000e
  [montant] SACCH UL fn=42206 task=0x000e
  [BSP] dedie : DESACCORD fn=41562 p51=48 p102=48 : table=1 tpu=0 (offset=4692 ref=4354, tn_fenetre=1) [2800 fois]
  [a5] #7000 A5/1 fn=41594 (T1=31 T2=20 T3=29) Kc=66a46314d7720c00 | dernier depot BSP fn=41593 (ecart +1)
  [montant] SACCH UL fn=42310 task=0x000e
  profil PC (108173 tranches, high-water 0xefc8) : e980:10% 8240:7% 9a80:6% 8380:6% ecc0:4% 83c0:3% 8200:3% e940:3% 8300:3% 8540:2% 9a40:2% 81c0:2%
  fn=42312   page=0 insn=14346   IDLE   d_fb_det=0     a_sch=0100 0000 0000 0000 sync=0000 153e ffff  | trames=42315 irq=0 iq=0
  [a_dd] fn=42328 etat=c200 FIRE=0 BFI=0 err=0 (ecart 5 trames) | vues=300 ko=0 bfi=40
  [montant] SACCH UL fn=42414 task=0x000e
  [BSP] dedie : DESACCORD fn=41762 p51=44 p102=44 : table=1 tpu=0 (offset=4696 ref=4354, tn_fenetre=1) [3000 fois]
  [a5] #7500 A5/1 fn=41768 (T1=31 T2=12 T3=50) Kc=66a46314d7720c00 | dernier depot BSP fn=41767 (ecart +1)
  [montant] SACCH UL fn=42518 task=0x000e
  profil PC (108084 tranches, high-water 0xefce) : e980:10% 8240:7% 9a80:6% 8380:6% ecc0:4% 83c0:3% 8200:3% e940:3% 8300:3% 8540:2% 9a40:2% 81c0:2%
  fn=42529   page=1 insn=14369   IDLE   d_fb_det=0     a_sch=0100 0000 0000 0000 sync=0000 153e ffff  | trames=42532 irq=0 iq=0
  [a5] #8000 A5/1 fn=41941 (T1=31 T2=3 T3=19) Kc=66a46314d7720c00 | dernier depot BSP fn=41940 (ecart +1)
  [a5-hist] #8000 recales=0 ecart(-1/0/+1/+2/autre) par fn%26 : 0:0/0/81/0/0 1:0/0/81/0/0 2:0/0/81/0/0 3:0/0/81/0/0 4:0/0/78/0/0 5:0/0/78/0/0 6:0/0/78/0/0 7:0/0/78/0/0 8:0/0/78/0/0 9:0/0/78/0/0 10:0/0/78/0/0 11:0/0/78/0/0 12:0/0/80/0/0 13:0/0/81/0/0 14:0/0/81/0/0 15:0/0/81/0/0 16:0/0/81/0/0 17:0/0/81/0/0 18:0/0/81/0/0 19:0/0/81/0/0 20:0/0/81/0/0 21:0/0/81/0/0 22:0/0/81/0/0 23:0/0/81/0/0 24:0/0/81/0/0
  [montant] SACCH UL fn=42622 task=0x000e
  [BSP] dedie : DESACCORD fn=41962 p51=40 p102=40 : table=1 tpu=0 (offset=4700 ref=4354, tn_fenetre=1) [3200 fois]
  [montant] SACCH UL fn=42726 task=0x000e
  profil PC (107867 tranches, high-water 0xefce) : e980:10% 8240:7% 9a80:6% 8380:6% ecc0:4% 83c0:3% 8200:3% e940:3% 8300:3% 8540:2% 9a40:2% 81c0:2%
  fn=42746   page=0 insn=14363   IDLE   d_fb_det=0     a_sch=0100 0000 0000 0000 sync=0000 153e ffff  | trames=42749 irq=0 iq=0
  [a_dd] fn=42761 etat=c200 FIRE=0 BFI=0 err=0 (ecart 4 trames) | vues=400 ko=0 bfi=40
  [a5] #8500 A5/1 fn=42114 (T1=31 T2=20 T3=39) Kc=66a46314d7720c00 | dernier depot BSP fn=42113 (ecart +1)
  [montant] SACCH UL fn=42830 task=0x000e
  [BSP] dedie : DESACCORD fn=42162 p51=36 p102=36 : table=1 tpu=0 (offset=4704 ref=4354, tn_fenetre=1) [3400 fois]
  [montant] SACCH UL fn=42934 task=0x000e
  [a5] #9000 A5/1 fn=42288 (T1=31 T2=12 T3=9) Kc=66a46314d7720c00 | dernier depot BSP fn=42287 (ecart +1)
  profil PC (108079 tranches, high-water 0xefce) : e980:10% 8240:7% 9a80:6% 8380:6% ecc0:4% 83c0:3% 8200:3% e940:3% 8300:3% 8540:2% 9a40:2% 81c0:2%
  fn=42963   page=1 insn=14365   IDLE   d_fb_det=0     a_sch=0100 0000 0000 0000 sync=0000 153e ffff  | trames=42966 irq=0 iq=0
  [chrono] fn=42997 sur 1000 trames (ms) : qemu 2.44 | A 0.17 | go 0.28 | B 0.08 | apres DONE 1.64 | trame 4.61 (temps reel 4.62)
  [BSP] dedie : DESACCORD fn=42362 p51=32 p102=32 : table=1 tpu=0 (offset=4708 ref=4354, tn_fenetre=1) [3600 fois]
  [montant] SACCH UL fn=43038 task=0x000e
  [montant] FACCH UL fn=43046 task=0x000d
  [a_fd] fn=43086 fn%13=4 etat=8080 BLUD=1 FIRE=0 d_tch_mode=ca08 L2=01 61 01 2b | ok=10 ko=0
  [a_fd] fn=43090 fn%13=8 etat=8080 BLUD=1 FIRE=0 d_tch_mode=ca00 L2=03 64 19 83 | ok=11 ko=0
  [montant] FACCH UL fn=43094 task=0x000d
  [montant] FACCH UL fn=43098 task=0x000d
  [a_fd] fn=43125 fn%13=4 etat=8080 BLUD=1 FIRE=0 d_tch_mode=ca00 L2=03 74 19 83 | ok=12 ko=0
  [montant] FACCH UL fn=43128 task=0x000d
  [a5] #9500 A5/1 fn=42461 (T1=32 T2=3 T3=29) Kc=66a46314d7720c00 | dernier depot BSP fn=42460 (ecart +1)
  [a_fd] fn=43138 fn%13=4 etat=8080 BLUD=1 FIRE=0 d_tch_mode=ca00 L2=01 81 01 2b | ok=13 ko=0
  [a_fd] fn=43160 fn%13=0 etat=8080 BLUD=1 FIRE=0 d_tch_mode=ca00 L2=03 91 01 2b | ok=14 ko=0
  [a_fd] fn=43168 fn%13=8 etat=8080 BLUD=1 FIRE=0 d_tch_mode=ca00 L2=03 86 0d 06 | ok=15 ko=0
  [montant] FACCH UL fn=43172 task=0x000d
  [montant] FACCH UL fn=43176 task=0x000d
  profil PC (108182 tranches, high-water 0xefce) : e980:10% 8240:7% 9a80:6% 8380:6% ecc0:4% 83c0:3% 8200:3% e940:3% 8300:3% 8540:2% 9a40:2% 81c0:2%
  fn=43180   page=0 insn=14346   IDLE   d_fb_det=0     a_sch=0100 0000 0000 0000 sync=0000 153e ffff  | trames=43183 irq=0 iq=0
  [a_dd] fn=43194 etat=c214 FIRE=0 BFI=1 err=0 (ecart 4 trames) | vues=500 ko=0 bfi=61
  [a_fd] fn=43203 fn%13=4 etat=8080 BLUD=1 FIRE=0 d_tch_mode=ca00 L2=03 96 0d 06 | ok=16 ko=0
  [a_fd] fn=43216 fn%13=4 etat=8080 BLUD=1 FIRE=0 d_tch_mode=ca00 L2=01 73 01 2b | ok=17 ko=0
  [a5-arm] tick=43217 d_a5mode=0 a_kc=0c00 d772 6314 66a4  (BSP sur le TCH)
  [montant] retour en clair (seq=13)
  [montant] tache FB postee : le mobile cherche la synchro, canal dedie libere (TS0 rendu au FCCH/SCH)
  [jalon] fn=43227 d_fb_det=1  hacks=RHEA_DMA
  [sbwin] SB #3804 fn=42555 p51=21 tick=43228 : armee=0 one_shot=0 page_prog=48 rif_avant=0 nwin=0 marge=0 -> DMA NON ARMEE (le RIF jette) : SCH memorise pour la fenetre SB (dans une vraie fenetre SB : 18/3804)
  [jalon] fn=43237 d_fb_det=1  hacks=RHEA_DMA
  [sbwin] SB #3805 fn=42565 p51=31 tick=43238 : armee=0 one_shot=0 page_prog=48 rif_avant=0 nwin=0 marge=0 -> DMA NON ARMEE (le RIF jette) : SCH memorise pour la fenetre SB (dans une vraie fenetre SB : 18/3805)
  [cmd] fn=43246 tache SB postee par l'ARM (W0 md=6 W1 md=0)
  [sb] fn=43246 p51=49 | FB a fn=43237 toa=8743 pm=5424 ang=-1 | TOA-ROM=8743 src=fine | a_sch=0100 crc_ko
  [a_sch] fn=43247 page=0 : 0100 0000 0000 0000 -> 8100 0016 f85d 01fb  (d_dsp_page=0003) TOA=0 PM=5521 SNR=12 crc_ko
  [sbwin] SB #3806 fn=42575 p51=41 tick=43248 : armee=1 one_shot=1 page_prog=191 rif_avant=0 nwin=191 marge=21 -> FENETRE SB (one-shot) (dans une vraie fenetre SB : 19/3806)
  [a_sch] fn=43248 page=1 : 0100 0000 0000 0000 -> 8000 10f5 101c 0036  (d_dsp_page=0003) TOA=23 PM=5349 SNR=13031 CRC_OK
  [jalon] fn=43248 SB PLAUSIBLE page=1 BSIC=7 a_sch=8000 10f5 101c 0036  hacks=RHEA_DMA
  [a_sch] fn=43249 page=0 : 8100 0016 f85d 01fb -> 0100 0000 0000 0000  (d_dsp_page=0003) TOA=0 PM=0 SNR=0 crc_ko
  [sbwin] SB #3807 fn=42586 p51=1 tick=43259 : armee=0 one_shot=0 page_prog=191 rif_avant=0 nwin=0 marge=0 -> DMA NON ARMEE (le RIF jette) : SCH memorise pour la fenetre SB (dans une vraie fenetre SB : 19/3807)
  [a_sch] fn=43262 page=1 : 8000 10f5 101c 0036 -> 0100 0000 0000 0000  (d_dsp_page=0003) TOA=0 PM=0 SNR=0 crc_ko
  [sbwin] SB #3808 fn=42596 p51=11 tick=43269 : armee=0 one_shot=0 page_prog=151 rif_avant=0 nwin=0 marge=0 -> DMA NON ARMEE (le RIF jette) : SCH memorise pour la fenetre SB (dans une vraie fenetre SB : 19/3808)
  [sbwin] SB #3809 fn=42606 p51=21 tick=43279 : armee=0 one_shot=0 page_prog=151 rif_avant=0 nwin=0 marge=0 -> DMA NON ARMEE (le RIF jette) : SCH memorise pour la fenetre SB (dans une vraie fenetre SB : 19/3809)
  [sbwin] SB #3810 fn=42616 p51=31 tick=43289 : armee=0 one_shot=0 page_prog=151 rif_avant=0 nwin=0 marge=0 -> DMA NON ARMEE (le RIF jette) : SCH memorise pour la fenetre SB (dans une vraie fenetre SB : 19/3810)
  [montant] canal dedie (side-band seq=13) : libere TS0 SDCCH/4 SS=0
pont : canal dedie libere : TS0 SDCCH/8 SS=0
  [montant] TCH (seq=0) : annonce TS2 retiree (le firmware n'y etait pas)
  [sbwin] SB #3820 fn=42718 p51=31 tick=43391 : armee=0 one_shot=0 page_prog=151 rif_avant=0 nwin=0 marge=0 -> DMA NON ARMEE (le RIF jette) : SCH memorise pour la fenetre SB (dans une vraie fenetre SB : 19/3820)
  profil PC (29169 tranches, high-water 0xefbc) : e980:6% 9a80:6% 8240:5% 8380:5% 77c0:4% ecc0:3% 83c0:2% 8200:2% 7800:2% 8300:2% 8540:2% 9a40:2%
  fn=43397   page=1 insn=119     IDLE   d_fb_det=0     a_sch=0100 0000 0000 0000 sync=0000 1530 ffff  | trames=43400 irq=0 iq=0
  hacks actifs : RHEA_DMA ; cadencement : STREAM LOCKSTEP  ; stimulus : none
  [sbwin] SB #3830 fn=42820 p51=31 tick=43493 : armee=0 one_shot=0 page_prog=151 rif_avant=0 nwin=0 marge=0 -> DMA NON ARMEE (le RIF jette) : SCH memorise pour la fenetre SB (dans une vraie fenetre SB : 19/3830)
  [jalon] fn=43523 d_fb_det=1  hacks=RHEA_DMA
  [sbwin] SB #3833 fn=42851 p51=11 tick=43524 : armee=0 one_shot=0 page_prog=48 rif_avant=0 nwin=0 marge=0 -> DMA NON ARMEE (le RIF jette) : SCH memorise pour la fenetre SB (dans une vraie fenetre SB : 19/3833)
  [jalon] fn=43533 d_fb_det=1  hacks=RHEA_DMA
  [sbwin] SB #3834 fn=42861 p51=21 tick=43534 : armee=0 one_shot=0 page_prog=48 rif_avant=0 nwin=0 marge=0 -> DMA NON ARMEE (le RIF jette) : SCH memorise pour la fenetre SB (dans une vraie fenetre SB : 19/3834)
  [cmd] fn=43542 tache SB postee par l'ARM (W0 md=6 W1 md=0)
  [sb] fn=43542 p51=39 | FB a fn=43533 toa=8743 pm=5431 ang=-1 | TOA-ROM=8743 src=fine | a_sch=0100 crc_ko
  [a_sch] fn=43543 page=0 : 0100 0000 0000 0000 -> 8100 0016 f85d 01fb  (d_dsp_page=0003) TOA=0 PM=5521 SNR=12 crc_ko
  [sbwin] SB #3835 fn=42871 p51=31 tick=43544 : armee=1 one_shot=1 page_prog=191 rif_avant=0 nwin=191 marge=21 -> FENETRE SB (one-shot) (dans une vraie fenetre SB : 20/3835)
  [a_sch] fn=43544 page=1 : 0100 0000 0000 0000 -> 8000 1141 101c 015d  (d_dsp_page=0003) TOA=23 PM=5349 SNR=10853 CRC_OK
  [jalon] fn=43544 SB PLAUSIBLE page=1 BSIC=7 a_sch=8000 1141 101c 015d  hacks=RHEA_DMA
  [a_sch] fn=43545 page=0 : 8100 0016 f85d 01fb -> 0100 0000 0000 0000  (d_dsp_page=0003) TOA=0 PM=0 SNR=0 crc_ko
  [sbwin] SB #3836 fn=42881 p51=41 tick=43554 : armee=0 one_shot=0 page_prog=64 rif_avant=0 nwin=0 marge=0 -> DMA NON ARMEE (le RIF jette) : SCH memorise pour la fenetre SB (dans une vraie fenetre SB : 20/3836)
  [sbwin] SB #3837 fn=42892 p51=1 tick=43565 : armee=0 one_shot=0 page_prog=64 rif_avant=0 nwin=0 marge=0 -> DMA NON ARMEE (le RIF jette) : SCH memorise pour la fenetre SB (dans une vraie fenetre SB : 20/3837)
  [a_sch] fn=43565 page=1 : 8000 1141 101c 015d -> 0100 0000 0000 0000  (d_dsp_page=0002) TOA=0 PM=0 SNR=0 crc_ko
  [sbwin] SB #3838 fn=42902 p51=11 tick=43575 : armee=0 one_shot=0 page_prog=64 rif_avant=0 nwin=0 marge=0 -> DMA NON ARMEE (le RIF jette) : SCH memorise pour la fenetre SB (dans une vraie fenetre SB : 20/3838)
  [sbwin] SB #3839 fn=42912 p51=21 tick=43585 : armee=0 one_shot=0 page_prog=64 rif_avant=0 nwin=0 marge=0 -> DMA NON ARMEE (le RIF jette) : SCH memorise pour la fenetre SB (dans une vraie fenetre SB : 20/3839)
  [sbwin] SB #3840 fn=42922 p51=31 tick=43595 : armee=0 one_shot=0 page_prog=64 rif_avant=0 nwin=0 marge=0 -> DMA NON ARMEE (le RIF jette) : SCH memorise pour la fenetre SB (dans une vraie fenetre SB : 20/3840)
  profil PC (21308 tranches, high-water 0xde92) : 9a80:8% 8240:8% 8380:7% 77c0:5% 83c0:4% 8300:3% 8200:3% 8540:3% 9a40:3% 7800:3% 81c0:2% 7840:2%
  fn=43614   page=1 insn=119     IDLE   d_fb_det=0     a_sch=0100 0000 0000 0000 sync=0000 1537 ffff  | trames=43617 irq=0 iq=0
  [sbwin] SB #3850 fn=43024 p51=31 tick=43697 : armee=0 one_shot=0 page_prog=64 rif_avant=0 nwin=0 marge=0 -> DMA NON ARMEE (le RIF jette) : SCH memorise pour la fenetre SB (dans une vraie fenetre SB : 20/3850)
  [sbwin] SB #3860 fn=43126 p51=31 tick=43799 : armee=0 one_shot=0 page_prog=64 rif_avant=0 nwin=0 marge=0 -> DMA NON ARMEE (le RIF jette) : SCH memorise pour la fenetre SB (dans une vraie fenetre SB : 20/3860)
  profil PC (23752 tranches, high-water 0xde91) : 9a80:11% 8240:11% 8380:10% 83c0:5% 8200:4% 8300:4% 8540:4% 9a40:4% a0c0:3% 81c0:3% 82c0:3% 9a00:2%
  fn=43831   page=0 insn=13731   IDLE   d_fb_det=0     a_sch=0100 0000 0000 0000 sync=0000 1537 ffff  | trames=43834 irq=0 iq=0
  [sbwin] SB #3870 fn=43228 p51=31 tick=43901 : armee=0 one_shot=0 page_prog=64 rif_avant=0 nwin=0 marge=0 -> DMA NON ARMEE (le RIF jette) : SCH memorise pour la fenetre SB (dans une vraie fenetre SB : 20/3870)
  [chrono] fn=43997 sur 1000 trames (ms) : qemu 3.30 | A 0.08 | go 0.28 | B 0.16 | apres DONE 0.81 | trame 4.61 (temps reel 4.62)
  [sbwin] SB #3880 fn=43330 p51=31 tick=44003 : armee=0 one_shot=0 page_prog=64 rif_avant=0 nwin=0 marge=0 -> DMA NON ARMEE (le RIF jette) : SCH memorise pour la fenetre SB (dans une vraie fenetre SB : 20/3880)
  profil PC (23278 tranches, high-water 0xde92) : 9a80:11% 8240:11% 8380:10% 83c0:5% 8200:4% 8300:4% 8540:4% 9a40:4% a0c0:3% 81c0:3% 82c0:3% 9a00:2%
  fn=44048   page=0 insn=119     IDLE   d_fb_det=0     a_sch=0100 0000 0000 0000 sync=0000 1537 ffff  | trames=44051 irq=0 iq=0
  [sbwin] SB #3890 fn=43432 p51=31 tick=44105 : armee=0 one_shot=0 page_prog=64 rif_avant=0 nwin=0 marge=0 -> DMA NON ARMEE (le RIF jette) : SCH memorise pour la fenetre SB (dans une vraie fenetre SB : 20/3890)
  [sbwin] SB #3900 fn=43534 p51=31 tick=44207 : armee=0 one_shot=0 page_prog=64 rif_avant=0 nwin=0 marge=0 -> DMA NON ARMEE (le RIF jette) : SCH memorise pour la fenetre SB (dans une vraie fenetre SB : 20/3900)
  profil PC (21015 tranches, high-water 0xde91) : 9a80:11% 8240:11% 8380:10% 83c0:5% 8200:4% 8300:4% 8540:4% 9a40:4% a0c0:3% 81c0:3% 82c0:3% 9a00:2%
  fn=44265   page=1 insn=119     IDLE   d_fb_det=0     a_sch=0100 0000 0000 0000 sync=0000 1537 ffff  | trames=44268 irq=0 iq=0
  [sbwin] SB #3910 fn=43636 p51=31 tick=44309 : armee=0 one_shot=0 page_prog=64 rif_avant=0 nwin=0 marge=0 -> DMA NON ARMEE (le RIF jette) : SCH memorise pour la fenetre SB (dans une vraie fenetre SB : 20/3910)
  [sbwin] SB #3920 fn=43738 p51=31 tick=44411 : armee=0 one_shot=0 page_prog=64 rif_avant=0 nwin=0 marge=0 -> DMA NON ARMEE (le RIF jette) : SCH memorise pour la fenetre SB (dans une vraie fenetre SB : 20/3920)
  profil PC (21032 tranches, high-water 0xde92) : 9a80:11% 8240:11% 8380:10% 83c0:5% 8200:4% 8300:4% 8540:4% 9a40:4% a0c0:3% 81c0:3% 82c0:3% 9a00:2%
  fn=44482   page=1 insn=1359    IDLE   d_fb_det=0     a_sch=0100 0000 0000 0000 sync=0000 1537 ffff  | trames=44485 irq=0 iq=0
  [sbwin] SB #3930 fn=43840 p51=31 tick=44513 : armee=0 one_shot=0 page_prog=64 rif_avant=0 nwin=0 marge=0 -> DMA NON ARMEE (le RIF jette) : SCH memorise pour la fenetre SB (dans une vraie fenetre SB : 20/3930)
  [sbwin] SB #3940 fn=43942 p51=31 tick=44615 : armee=0 one_shot=0 page_prog=64 rif_avant=0 nwin=0 marge=0 -> DMA NON ARMEE (le RIF jette) : SCH memorise pour la fenetre SB (dans une vraie fenetre SB : 20/3940)
  profil PC (23951 tranches, high-water 0xde91) : 9a80:11% 8240:11% 8380:10% 83c0:5% 8200:4% 8300:4% 8540:4% 9a40:4% a0c0:3% 81c0:3% 82c0:3% 9a00:2%
  fn=44699   page=0 insn=13609   IDLE   d_fb_det=0     a_sch=0100 0000 0000 0000 sync=0000 1537 ffff  | trames=44702 irq=0 iq=0
  [sbwin] SB #3950 fn=44044 p51=31 tick=44717 : armee=0 one_shot=0 page_prog=64 rif_avant=0 nwin=0 marge=0 -> DMA NON ARMEE (le RIF jette) : SCH memorise pour la fenetre SB (dans une vraie fenetre SB : 20/3950)
  [sbwin] SB #3960 fn=44146 p51=31 tick=44819 : armee=0 one_shot=0 page_prog=64 rif_avant=0 nwin=0 marge=0 -> DMA NON ARMEE (le RIF jette) : SCH memorise pour la fenetre SB (dans une vraie fenetre SB : 20/3960)
  profil PC (23055 tranches, high-water 0xde92) : 9a80:11% 8240:11% 8380:10% 83c0:5% 8200:4% 8300:4% 8540:4% 9a40:4% a0c0:3% 81c0:3% 82c0:3% 9a00:2%
  fn=44916   page=1 insn=119     IDLE   d_fb_det=0     a_sch=0100 0000 0000 0000 sync=0000 1537 ffff  | trames=44919 irq=0 iq=0
  [sbwin] SB #3970 fn=44248 p51=31 tick=44921 : armee=0 one_shot=0 page_prog=64 rif_avant=0 nwin=0 marge=0 -> DMA NON ARMEE (le RIF jette) : SCH memorise pour la fenetre SB (dans une vraie fenetre SB : 20/3970)
  [chrono] fn=44997 sur 1000 trames (ms) : qemu 3.40 | A 0.06 | go 0.38 | B 0.18 | apres DONE 0.60 | trame 4.62 (temps reel 4.62)
  [sbwin] SB #3980 fn=44350 p51=31 tick=45023 : armee=0 one_shot=0 page_prog=64 rif_avant=0 nwin=0 marge=0 -> DMA NON ARMEE (le RIF jette) : SCH memorise pour la fenetre SB (dans une vraie fenetre SB : 20/3980)
  [sbwin] SB #3990 fn=44452 p51=31 tick=45125 : armee=0 one_shot=0 page_prog=64 rif_avant=0 nwin=0 marge=0 -> DMA NON ARMEE (le RIF jette) : SCH memorise pour la fenetre SB (dans une vraie fenetre SB : 20/3990)
  profil PC (21015 tranches, high-water 0xde91) : 9a80:11% 8240:11% 8380:10% 83c0:5% 8200:4% 8300:4% 8540:4% 9a40:4% a0c0:3% 81c0:3% 82c0:3% 9a00:2%
  fn=45133   page=0 insn=119     IDLE   d_fb_det=0     a_sch=0100 0000 0000 0000 sync=0000 1537 ffff  | trames=45136 irq=0 iq=0
  hacks actifs : RHEA_DMA ; cadencement : STREAM LOCKSTEP  ; stimulus : none
  [sbwin] SB #4000 fn=44554 p51=31 tick=45227 : armee=0 one_shot=0 page_prog=64 rif_avant=0 nwin=0 marge=0 -> DMA NON ARMEE (le RIF jette) : SCH memorise pour la fenetre SB (dans une vraie fenetre SB : 20/4000)
  [jalon] fn=45247 d_fb_det=1  hacks=RHEA_DMA
  [sbwin] SB #4002 fn=44575 p51=1 tick=45248 : armee=0 one_shot=0 page_prog=48 rif_avant=0 nwin=0 marge=0 -> DMA NON ARMEE (le RIF jette) : SCH memorise pour la fenetre SB (dans une vraie fenetre SB : 20/4002)
  [jalon] fn=45257 d_fb_det=1  hacks=RHEA_DMA
  [sbwin] SB #4003 fn=44585 p51=11 tick=45258 : armee=0 one_shot=0 page_prog=48 rif_avant=0 nwin=0 marge=0 -> DMA NON ARMEE (le RIF jette) : SCH memorise pour la fenetre SB (dans une vraie fenetre SB : 20/4003)
  [cmd] fn=45266 tache SB postee par l'ARM (W0 md=6 W1 md=0)
  [sb] fn=45266 p51=29 | FB a fn=45257 toa=8743 pm=5431 ang=-1 | TOA-ROM=8743 src=fine | a_sch=0100 crc_ko
  [a_sch] fn=45267 page=0 : 0100 0000 0000 0000 -> 8100 0016 f85d 01fb  (d_dsp_page=0003) TOA=0 PM=5521 SNR=12 crc_ko
  [sbwin] SB #4004 fn=44595 p51=21 tick=45268 : armee=1 one_shot=1 page_prog=191 rif_avant=0 nwin=191 marge=21 -> FENETRE SB (one-shot) (dans une vraie fenetre SB : 21/4004)
  [a_sch] fn=45268 page=1 : 0100 0000 0000 0000 -> 8000 11ae 101c 0095  (d_dsp_page=0003) TOA=23 PM=5363 SNR=9787 CRC_OK
  [jalon] fn=45268 SB PLAUSIBLE page=1 BSIC=7 a_sch=8000 11ae 101c 0095  hacks=RHEA_DMA
  [a_sch] fn=45269 page=0 : 8100 0016 f85d 01fb -> 0100 0000 0000 0000  (d_dsp_page=0003) TOA=0 PM=0 SNR=0 crc_ko
  [sbwin] SB #4005 fn=44605 p51=31 tick=45278 : armee=0 one_shot=0 page_prog=191 rif_avant=0 nwin=0 marge=0 -> DMA NON ARMEE (le RIF jette) : SCH memorise pour la fenetre SB (dans une vraie fenetre SB : 21/4005)
  [sbwin] SB #4006 fn=44615 p51=41 tick=45288 : armee=0 one_shot=0 page_prog=191 rif_avant=0 nwin=0 marge=0 -> DMA NON ARMEE (le RIF jette) : SCH memorise pour la fenetre SB (dans une vraie fenetre SB : 21/4006)
  [sbwin] SB #4007 fn=44626 p51=1 tick=45299 : armee=0 one_shot=0 page_prog=191 rif_avant=0 nwin=0 marge=0 -> DMA NON ARMEE (le RIF jette) : SCH memorise pour la fenetre SB (dans une vraie fenetre SB : 21/4007)
  [a_sch] fn=45302 page=1 : 8000 11ae 101c 0095 -> 0100 0000 0000 0000  (d_dsp_page=0003) TOA=0 PM=0 SNR=0 crc_ko
  [sbwin] SB #4008 fn=44636 p51=11 tick=45309 : armee=0 one_shot=0 page_prog=151 rif_avant=0 nwin=0 marge=0 -> DMA NON ARMEE (le RIF jette) : SCH memorise pour la fenetre SB (dans une vraie fenetre SB : 21/4008)
  [montant] RACH ra=0xfb bsic=7 fn=45322 -> /dev/shm/calypso_rach
  [montant]   declencheur : d_task_ra=RACH_DSP_TASK (task_ra=0x000a d_rach=0xfb1c)
  [sbwin] SB #4010 fn=44656 p51=31 tick=45329 : armee=0 one_shot=0 page_prog=151 rif_avant=0 nwin=0 marge=0 -> DMA NON ARMEE (le RIF jette) : SCH memorise pour la fenetre SB (dans une vraie fenetre SB : 21/4010)
  profil PC (21574 tranches, high-water 0xde92) : 9a80:8% 8240:8% 8380:7% 77c0:5% 83c0:4% 8300:3% 8200:3% 8540:3% 7800:3% 9a40:3% 7840:2% a680:2%
  fn=45350   page=0 insn=119     IDLE   d_fb_det=0     a_sch=0100 0000 0000 0000 sync=0000 1537 ffff  | trames=45353 irq=0 iq=0
  [montant] canal dedie (side-band seq=14) : arme TS1 SDCCH/8 SS=0
pont : canal dedie arme : TS1 SDCCH/8 SS=0
  [BSP] dedie : DESACCORD fn=44738 p51=11 p102=62 : table=0 tpu=1 (offset=3905 ref=3458, tn_fenetre=1) [3800 fois]
  [sbwin] SB #4020 fn=44768 p51=41 tick=45441 : armee=0 one_shot=0 page_prog=151 rif_avant=0 nwin=0 marge=0 -> DMA NON ARMEE (le RIF jette) : SCH memorise pour la fenetre SB (dans une vraie fenetre SB : 21/4020)
  [afc] fn=45488 w_page=1 relaye=-700 | page0=-701 page1=-700
  [afc] fn=45499 w_page=1 relaye=-701 | page0=-701 page1=-701
  [a5-arm] tick=45558 d_a5mode=1 a_kc=0c00 d772 6314 66a4
  [montant] chiffrement A5/1 : Kc publie vers /dev/shm/calypso_kc_l1 (seq=14)
  profil PC (12901 tranches, high-water 0xde92) : 9a80:10% 8240:9% 8380:8% 8200:4% 8300:4% 83c0:4% 8540:4% 9a40:3% a680:3% a0c0:3% 81c0:3% 82c0:3%
  fn=45567   page=0 insn=119     IDLE   d_fb_det=0     a_sch=0100 0000 0000 0000 sync=0000 1537 ffff  | trames=45570 irq=0 iq=0
  [sbwin] SB #4030 fn=44901 p51=21 tick=45574 : armee=0 one_shot=0 page_prog=151 rif_avant=0 nwin=0 marge=0 -> DMA NON ARMEE (le RIF jette) : SCH memorise pour la fenetre SB (dans une vraie fenetre SB : 21/4030)
  [BSP] dedie : DESACCORD fn=44962 p51=31 p102=82 : table=0 tpu=1 (offset=3905 ref=3458, tn_fenetre=1) [4000 fois]
  [sbwin] SB #4040 fn=45023 p51=41 tick=45696 : armee=0 one_shot=0 page_prog=151 rif_avant=0 nwin=0 marge=0 -> DMA NON ARMEE (le RIF jette) : SCH memorise pour la fenetre SB (dans une vraie fenetre SB : 21/4040)
  profil PC (9677 tranches, high-water 0xde92) : 9a80:9% 8240:9% 8380:8% a680:4% 83c0:4% 8200:4% 8300:3% 8540:3% 9a40:3% a0c0:3% 81c0:2% 82c0:2%
  fn=45784   page=0 insn=119     IDLE   d_fb_det=0     a_sch=0100 0000 0000 0000 sync=0000 1537 ffff  | trames=45787 irq=0 iq=0
  [sbwin] SB #4050 fn=45156 p51=21 tick=45829 : armee=0 one_shot=0 page_prog=151 rif_avant=0 nwin=0 marge=0 -> DMA NON ARMEE (le RIF jette) : SCH memorise pour la fenetre SB (dans une vraie fenetre SB : 21/4050)
  [montant] TCH (seq=2) : TS2 TSC=7 annonce par le pont, bascule du BSP a la premiere tache TCH du firmware
  [BSP] dedie : DESACCORD fn=45190 p51=4 p102=4 : table=0 tpu=1 (offset=3905 ref=3458, tn_fenetre=1) [4200 fois]
  [montant] TCH : le firmware poste la tache 13 a fn=45865, BSP bascule sur TS2 (TSC=7)
  [ts0] canal dedie arme : TCH TS2 (toutes les trames)
  [a5] #10000 A5/1 fn=45207 (T1=34 T2=19 T3=21) Kc=66a46314d7720c00 | dernier depot BSP fn=45206 (ecart +1)
  [a5-hist] #10000 recales=0 ecart(-1/0/+1/+2/autre) par fn%26 : 0:0/0/84/0/0 1:0/0/84/0/0 2:0/0/84/0/0 3:0/0/81/0/0 4:0/0/81/0/0 5:0/0/81/0/0 6:0/0/81/0/0 7:0/0/78/0/0 8:0/0/81/0/0 9:0/0/78/0/0 10:0/0/78/0/0 11:0/0/78/0/0 12:0/0/75/0/0 13:0/0/75/0/0 14:0/0/75/0/0 15:0/0/78/0/0 16:0/0/81/0/0 17:0/0/84/0/0 18:0/0/84/0/0 19:0/0/83/0/0 20:0/0/78/0/0 21:0/0/78/0/0 22:0/0/75/0/0 23:0/0/75/0/0 24:0/0/78/0/0 25:0/0/12/0/0
  [montant] FACCH UL fn=45897 task=0x000d
  [montant] canal dedie (side-band seq=15) : TCH/F TS2 SS=0, firmware sur le TCH (BSP deja sur le TCH, SDCCH memorise)
  [ts0] tick=45930 fn=45257 p51=20 NB fenetre=151 marge=3 rif_avant=0  <- canal dedie
  [a_fd] fn=45933 fn%13=4 etat=8080 BLUD=1 FIRE=0 d_tch_mode=ca00 L2=01 73 01 2b | ok=18 ko=0
  [montant] FACCH UL fn=45936 task=0x000d
  [a_fd] fn=45972 fn%13=4 etat=8080 BLUD=1 FIRE=0 d_tch_mode=ca00 L2=01 21 01 2b | ok=19 ko=0
  [a_fd] fn=45976 fn%13=8 etat=8080 BLUD=1 FIRE=0 d_tch_mode=ca00 L2=03 20 09 83 | ok=20 ko=0
  [montant] FACCH UL fn=45980 task=0x000d
  [chrono] fn=45997 sur 1000 trames (ms) : qemu 3.44 | A 0.10 | go 0.27 | B 0.24 | apres DONE 0.56 | trame 4.61 (temps reel 4.62)
  profil PC (70538 tranches, high-water 0xefc9) : e980:9% 8240:7% 8380:6% 9a80:6% ecc0:4% 83c0:3% 8200:3% 8300:3% e940:3% 8540:3% 9a40:2% 81c0:2%
  fn=46001   page=1 insn=14353   IDLE   d_fb_det=0     a_sch=0100 0000 0000 0000 sync=0000 1537 ffff  | trames=46004 irq=0 iq=0
  [a_fd] fn=46011 fn%13=4 etat=8080 BLUD=1 FIRE=0 d_tch_mode=ca00 L2=03 30 09 83 | ok=21 ko=0
  [montant] FACCH UL fn=46014 task=0x000d
  [a_fd] fn=46046 fn%13=0 etat=8080 BLUD=1 FIRE=0 d_tch_mode=ca00 L2=03 31 01 2b | ok=22 ko=0
  [a_fd] fn=46050 fn%13=4 etat=8080 BLUD=1 FIRE=0 d_tch_mode=ca00 L2=03 22 09 83 | ok=23 ko=0
  [a5] #10500 A5/1 fn=45381 (T1=34 T2=11 T3=42) Kc=66a46314d7720c00 | dernier depot BSP fn=45380 (ecart +1)
  [montant] FACCH UL fn=46084 task=0x000d
  [a_fd] fn=46085 fn%13=0 etat=8080 BLUD=1 FIRE=0 d_tch_mode=ca08 L2=03 32 09 83 | ok=24 ko=0
  [montant] FACCH UL fn=46088 task=0x000d
  [a_fd] fn=46115 fn%13=4 etat=8080 BLUD=1 FIRE=0 d_tch_mode=ca08 L2=03 32 09 83 | ok=25 ko=0
  profil PC (107077 tranches, high-water 0xefc8) : e980:9% 8240:7% 9a80:6% 8380:6% ecc0:4% 83c0:3% 8200:3% e940:3% 8300:3% 8540:2% 9a40:2% 81c0:2%
  fn=46218   page=0 insn=14344   IDLE   d_fb_det=0     a_sch=0100 0000 0000 0000 sync=0000 1537 ffff  | trames=46221 irq=0 iq=0
  [a5] #11000 A5/1 fn=45554 (T1=34 T2=2 T3=11) Kc=66a46314d7720c00 | dernier depot BSP fn=45553 (ecart +1)
  [a_dd] fn=46284 etat=c200 FIRE=0 BFI=0 err=0 (ecart 4 trames) | vues=600 ko=0 bfi=102
  [a_fd] fn=46310 fn%13=4 etat=8080 BLUD=1 FIRE=0 d_tch_mode=ca08 L2=01 59 01 2b | ok=26 ko=0
  [a5] #11500 A5/1 fn=45727 (T1=34 T2=19 T3=31) Kc=66a46314d7720c00 | dernier depot BSP fn=45726 (ecart +1)
  profil PC (107875 tranches, high-water 0xefc8) : e980:10% 8240:7% 9a80:6% 8380:6% ecc0:4% 83c0:3% 8200:3% e940:3% 8300:3% 8540:2% 9a40:2% 81c0:2%
  fn=46435   page=1 insn=14343   IDLE   d_fb_det=0     a_sch=0100 0000 0000 0000 sync=0000 1537 ffff  | trames=46438 irq=0 iq=0
  [a5] #12000 A5/1 fn=45901 (T1=34 T2=11 T3=1) Kc=66a46314d7720c00 | dernier depot BSP fn=45900 (ecart +1)
  [a5-hist] #12000 recales=0 ecart(-1/0/+1/+2/autre) par fn%26 : 0:0/0/81/0/0 1:0/0/81/0/0 2:0/0/81/0/0 3:0/0/81/0/0 4:0/0/81/0/0 5:0/0/81/0/0 6:0/0/81/0/0 7:0/0/81/0/0 8:0/0/81/0/0 9:0/0/81/0/0 10:0/0/81/0/0 11:0/0/79/0/0 12:0/0/78/0/0 13:0/0/78/0/0 14:0/0/78/0/0 15:0/0/78/0/0 16:0/0/78/0/0 17:0/0/78/0/0 18:0/0/78/0/0 19:0/0/79/0/0 20:0/0/81/0/0 21:0/0/81/0/0 22:0/0/81/0/0 23:0/0/81/0/0 24:0/0/81/0/0
  profil PC (109226 tranches, high-water 0xefce) : e980:10% 8240:7% 9a80:6% 8380:6% ecc0:4% 83c0:3% 8200:3% e940:3% 8300:3% 8540:2% 9a40:2% 81c0:2%
  fn=46652   page=0 insn=85455   IDLE   d_fb_det=0     a_sch=0100 0000 0000 0000 sync=0000 1537 ffff  | trames=46655 irq=0 iq=0
  [a_dd] fn=46717 etat=c200 FIRE=0 BFI=0 err=0 (ecart 4 trames) | vues=700 ko=0 bfi=103
  [a5] #12500 A5/1 fn=46074 (T1=34 T2=2 T3=21) Kc=66a46314d7720c00 | dernier depot BSP fn=46073 (ecart +1)
  profil PC (108436 tranches, high-water 0xefce) : e980:10% 8240:7% 9a80:6% 8380:6% ecc0:4% 83c0:3% 8200:3% e940:3% 8300:3% 8540:2% 9a40:2% 81c0:2%
  fn=46869   page=1 insn=85473   IDLE   d_fb_det=0     a_sch=0100 0000 0000 0000 sync=0000 1537 ffff  | trames=46872 irq=0 iq=0
  hacks actifs : RHEA_DMA ; cadencement : STREAM LOCKSTEP  ; stimulus : none
  [a5] #13000 A5/1 fn=46247 (T1=34 T2=19 T3=41) Kc=66a46314d7720c00 | dernier depot BSP fn=46246 (ecart +1)
  [chrono] fn=46997 sur 1000 trames (ms) : qemu 2.22 | A 0.19 | go 0.29 | B 0.09 | apres DONE 1.84 | trame 4.62 (temps reel 4.62)
  profil PC (107868 tranches, high-water 0xefce) : e980:10% 8240:7% 9a80:6% 8380:6% ecc0:4% 83c0:3% 8200:3% e940:3% 8300:3% 8540:2% 9a40:2% 81c0:2%
  fn=47086   page=0 insn=85471   IDLE   d_fb_det=0     a_sch=0100 0000 0000 0000 sync=0000 1537 ffff  | trames=47089 irq=0 iq=0
  [a5] #13500 A5/1 fn=46421 (T1=35 T2=11 T3=11) Kc=66a46314d7720c00 | dernier depot BSP fn=46420 (ecart +1)
  [a_dd] fn=47151 etat=c200 FIRE=0 BFI=0 err=0 (ecart 5 trames) | vues=800 ko=0 bfi=103
  [a5] #14000 A5/1 fn=46594 (T1=35 T2=2 T3=31) Kc=66a46314d7720c00 | dernier depot BSP fn=46593 (ecart +1)
  [a5-hist] #14000 recales=0 ecart(-1/0/+1/+2/autre) par fn%26 : 0:0/0/81/0/0 1:0/0/81/0/0 2:0/0/81/0/0 3:0/0/78/0/0 4:0/0/78/0/0 5:0/0/78/0/0 6:0/0/78/0/0 7:0/0/78/0/0 8:0/0/78/0/0 9:0/0/78/0/0 10:0/0/78/0/0 11:0/0/80/0/0 12:0/0/81/0/0 13:0/0/81/0/0 14:0/0/81/0/0 15:0/0/81/0/0 16:0/0/81/0/0 17:0/0/81/0/0 18:0/0/81/0/0 19:0/0/81/0/0 20:0/0/81/0/0 21:0/0/81/0/0 22:0/0/81/0/0 23:0/0/81/0/0 24:0/0/81/0/0
  profil PC (108175 tranches, high-water 0xefce) : e980:10% 8240:7% 9a80:6% 8380:6% ecc0:4% 83c0:3% 8200:3% e940:3% 8300:3% 8540:2% 9a40:2% 81c0:2%
  fn=47303   page=1 insn=20107   IDLE   d_fb_det=0     a_sch=0100 0000 0000 0000 sync=0000 1537 ffff  | trames=47306 irq=0 iq=0
  [afc] fn=47360 w_page=0 relaye=-700 | page0=-700 page1=-701
  [afc] fn=47361 w_page=1 relaye=-700 | page0=-700 page1=-700
  [a5] #14500 A5/1 fn=46767 (T1=35 T2=19 T3=0) Kc=66a46314d7720c00 | dernier depot BSP fn=46766 (ecart +1)
  profil PC (108080 tranches, high-water 0xefce) : e980:10% 8240:7% 9a80:6% 8380:6% ecc0:4% 83c0:3% 8200:3% e940:3% 8300:3% 8540:2% 9a40:2% 81c0:2%
  fn=47520   page=0 insn=14393   IDLE   d_fb_det=0     a_sch=0100 0000 0000 0000 sync=0000 1537 ffff  | trames=47523 irq=0 iq=0
  [a_dd] fn=47584 etat=c200 FIRE=0 BFI=0 err=0 (ecart 4 trames) | vues=900 ko=0 bfi=103
  [a5] #15000 A5/1 fn=46941 (T1=35 T2=11 T3=21) Kc=66a46314d7720c00 | dernier depot BSP fn=46940 (ecart +1)
  profil PC (107870 tranches, high-water 0xefcd) : e980:10% 8240:7% 9a80:6% 8380:6% ecc0:4% 83c0:3% 8200:3% e940:3% 8300:3% 8540:2% 9a40:2% 81c0:2%
  fn=47737   page=1 insn=14356   IDLE   d_fb_det=0     a_sch=0100 0000 0000 0000 sync=0000 1537 ffff  | trames=47740 irq=0 iq=0
  [a5] #15500 A5/1 fn=47114 (T1=35 T2=2 T3=41) Kc=66a46314d7720c00 | dernier depot BSP fn=47113 (ecart +1)
  profil PC (108085 tranches, high-water 0xefc8) : e980:10% 8240:7% 9a80:6% 8380:6% ecc0:4% 83c0:3% 8200:3% e940:3% 8300:3% 8540:2% 9a40:2% 81c0:2%
  fn=47954   page=0 insn=14346   IDLE   d_fb_det=0     a_sch=0100 0000 0000 0000 sync=0000 1537 ffff  | trames=47957 irq=0 iq=0
  [a5] #16000 A5/1 fn=47287 (T1=35 T2=19 T3=10) Kc=66a46314d7720c00 | dernier depot BSP fn=47286 (ecart +1)
  [a5-hist] #16000 recales=0 ecart(-1/0/+1/+2/autre) par fn%26 : 0:0/0/78/0/0 1:0/0/78/0/0 2:0/0/78/0/0 3:0/0/81/0/0 4:0/0/81/0/0 5:0/0/81/0/0 6:0/0/81/0/0 7:0/0/81/0/0 8:0/0/81/0/0 9:0/0/81/0/0 10:0/0/81/0/0 11:0/0/81/0/0 12:0/0/81/0/0 13:0/0/81/0/0 14:0/0/81/0/0 15:0/0/81/0/0 16:0/0/81/0/0 17:0/0/81/0/0 18:0/0/81/0/0 19:0/0/80/0/0 20:0/0/78/0/0 21:0/0/78/0/0 22:0/0/78/0/0 23:0/0/78/0/0 24:0/0/78/0/0
  [chrono] fn=47997 sur 1000 trames (ms) : qemu 2.15 | A 0.19 | go 0.31 | B 0.09 | apres DONE 1.89 | trame 4.62 (temps reel 4.62)
  [a_dd] fn=48017 etat=c200 FIRE=0 BFI=0 err=0 (ecart 4 trames) | vues=1000 ko=0 bfi=103
  [a5] #16500 A5/1 fn=47461 (T1=35 T2=11 T3=31) Kc=66a46314d7720c00 | dernier depot BSP fn=47460 (ecart +1)
  profil PC (108083 tranches, high-water 0xefcd) : e980:10% 8240:7% 9a80:6% 8380:6% ecc0:4% 83c0:3% 8200:3% e940:3% 8300:3% 8540:2% 9a40:2% 81c0:2%
  fn=48171   page=1 insn=14411   IDLE   d_fb_det=0     a_sch=0100 0000 0000 0000 sync=0000 1537 ffff  | trames=48174 irq=0 iq=0
  [a5] #17000 A5/1 fn=47634 (T1=35 T2=2 T3=0) Kc=66a46314d7720c00 | dernier depot BSP fn=47633 (ecart +1)
  [a_cd] fn=48317 p51=20 p102=71 etat=8000 ok L2=0e 00 03 03 | ok=70 ko=30
  profil PC (107860 tranches, high-water 0xefce) : e980:10% 8240:7% 9a80:6% 8380:6% ecc0:4% 83c0:3% 8200:3% e940:3% 8300:3% 8540:2% 9a40:2% 81c0:2%
  fn=48388   page=0 insn=14363   IDLE   d_fb_det=0     a_sch=0100 0000 0000 0000 sync=0000 1537 ffff  | trames=48391 irq=0 iq=0
  [a_dd] fn=48451 etat=c200 FIRE=0 BFI=0 err=0 (ecart 5 trames) | vues=1100 ko=0 bfi=104
  [a5] #17500 A5/1 fn=47807 (T1=36 T2=19 T3=20) Kc=66a46314d7720c00 | dernier depot BSP fn=47806 (ecart +1)
  profil PC (108085 tranches, high-water 0xefcb) : e980:10% 8240:7% 9a80:6% 8380:6% ecc0:4% 83c0:3% 8200:3% e940:3% 8300:3% 8540:2% 9a40:2% 81c0:2%
  fn=48605   page=1 insn=14359   IDLE   d_fb_det=0     a_sch=0100 0000 0000 0000 sync=0000 1537 ffff  | trames=48608 irq=0 iq=0
  hacks actifs : RHEA_DMA ; cadencement : STREAM LOCKSTEP  ; stimulus : none
  [a5] #18000 A5/1 fn=47981 (T1=36 T2=11 T3=41) Kc=66a46314d7720c00 | dernier depot BSP fn=47980 (ecart +1)
  [a5-hist] #18000 recales=0 ecart(-1/0/+1/+2/autre) par fn%26 : 0:0/0/81/0/0 1:0/0/81/0/0 2:0/0/81/0/0 3:0/0/81/0/0 4:0/0/81/0/0 5:0/0/81/0/0 6:0/0/81/0/0 7:0/0/81/0/0 8:0/0/81/0/0 9:0/0/81/0/0 10:0/0/81/0/0 11:0/0/79/0/0 12:0/0/78/0/0 13:0/0/78/0/0 14:0/0/78/0/0 15:0/0/78/0/0 16:0/0/78/0/0 17:0/0/78/0/0 18:0/0/78/0/0 19:0/0/79/0/0 20:0/0/81/0/0 21:0/0/81/0/0 22:0/0/81/0/0 23:0/0/81/0/0 24:0/0/81/0/0
  profil PC (108077 tranches, high-water 0xefce) : e980:10% 8240:7% 9a80:6% 8380:6% ecc0:4% 83c0:3% 8200:3% e940:3% 8300:3% 8540:2% 9a40:2% 81c0:2%
  fn=48822   page=0 insn=14350   IDLE   d_fb_det=0     a_sch=0100 0000 0000 0000 sync=0000 1537 ffff  | trames=48825 irq=0 iq=0
  [a5] #18500 A5/1 fn=48154 (T1=36 T2=2 T3=10) Kc=66a46314d7720c00 | dernier depot BSP fn=48153 (ecart +1)
  [a_dd] fn=48884 etat=c200 FIRE=0 BFI=0 err=0 (ecart 4 trames) | vues=1200 ko=0 bfi=104
  [chrono] fn=48997 sur 1000 trames (ms) : qemu 2.07 | A 0.21 | go 0.32 | B 0.09 | apres DONE 1.94 | trame 4.62 (temps reel 4.62)
  [a5] #19000 A5/1 fn=48327 (T1=36 T2=19 T3=30) Kc=66a46314d7720c00 | dernier depot BSP fn=48326 (ecart +1)
  profil PC (107861 tranches, high-water 0xefce) : e980:10% 8240:7% 9a80:6% 8380:6% ecc0:4% 83c0:3% 8200:3% e940:3% 8300:3% 8540:2% 9a40:2% 81c0:2%
  fn=49039   page=1 insn=14347   IDLE   d_fb_det=0     a_sch=0100 0000 0000 0000 sync=0000 1537 ffff  | trames=49042 irq=0 iq=0
  [a5] #19500 A5/1 fn=48501 (T1=36 T2=11 T3=0) Kc=66a46314d7720c00 | dernier depot BSP fn=48500 (ecart +1)
  profil PC (108434 tranches, high-water 0xefce) : e980:10% 8240:7% 9a80:6% 8380:6% ecc0:4% 83c0:3% 8200:3% e940:3% 8300:3% 8540:2% 9a40:2% 81c0:2%
  fn=49256   page=0 insn=14349   IDLE   d_fb_det=0     a_sch=0100 0000 0000 0000 sync=0000 1537 ffff  | trames=49259 irq=0 iq=0
  [a_dd] fn=49317 etat=c200 FIRE=0 BFI=0 err=0 (ecart 4 trames) | vues=1300 ko=0 bfi=104
  [a5] #20000 A5/1 fn=48674 (T1=36 T2=2 T3=20) Kc=66a46314d7720c00 | dernier depot BSP fn=48673 (ecart +1)
  [a5-hist] #20000 recales=0 ecart(-1/0/+1/+2/autre) par fn%26 : 0:0/0/81/0/0 1:0/0/81/0/0 2:0/0/81/0/0 3:0/0/78/0/0 4:0/0/78/0/0 5:0/0/78/0/0 6:0/0/78/0/0 7:0/0/78/0/0 8:0/0/78/0/0 9:0/0/78/0/0 10:0/0/78/0/0 11:0/0/80/0/0 12:0/0/81/0/0 13:0/0/81/0/0 14:0/0/81/0/0 15:0/0/81/0/0 16:0/0/81/0/0 17:0/0/81/0/0 18:0/0/81/0/0 19:0/0/81/0/0 20:0/0/81/0/0 21:0/0/81/0/0 22:0/0/81/0/0 23:0/0/81/0/0 24:0/0/81/0/0
  profil PC (109222 tranches, high-water 0xefcd) : e980:10% 8240:7% 9a80:6% 8380:6% ecc0:4% 83c0:3% 8200:3% e940:3% 8300:3% 8540:2% 9a40:2% 81c0:2%
  fn=49473   page=1 insn=85459   IDLE   d_fb_det=0     a_sch=0100 0000 0000 0000 sync=0000 1537 ffff  | trames=49476 irq=0 iq=0
  [a5] #20500 A5/1 fn=48847 (T1=36 T2=19 T3=40) Kc=66a46314d7720c00 | dernier depot BSP fn=48846 (ecart +1)
  profil PC (107871 tranches, high-water 0xefcb) : e980:10% 8240:7% 9a80:6% 8380:6% ecc0:4% 83c0:3% 8200:3% e940:3% 8300:3% 8540:2% 9a40:2% 81c0:2%
  fn=49690   page=0 insn=85462   IDLE   d_fb_det=0     a_sch=0100 0000 0000 0000 sync=0000 1537 ffff  | trames=49693 irq=0 iq=0
  [a5] #21000 A5/1 fn=49021 (T1=36 T2=11 T3=10) Kc=66a46314d7720c00 | dernier depot BSP fn=49020 (ecart +1)
  [a_dd] fn=49751 etat=c200 FIRE=0 BFI=0 err=0 (ecart 5 trames) | vues=1400 ko=0 bfi=104
  [a5] #21500 A5/1 fn=49194 (T1=37 T2=2 T3=30) Kc=66a46314d7720c00 | dernier depot BSP fn=49193 (ecart +1)
  profil PC (108174 tranches, high-water 0xefce) : e980:10% 8240:7% 9a80:6% 8380:6% ecc0:4% 83c0:3% 8200:3% e940:3% 8300:3% 8540:2% 9a40:2% 81c0:2%
  fn=49907   page=1 insn=85451   IDLE   d_fb_det=0     a_sch=0100 0000 0000 0000 sync=0000 1537 ffff  | trames=49910 irq=0 iq=0
  [chrono] fn=49997 sur 1000 trames (ms) : qemu 2.23 | A 0.18 | go 0.32 | B 0.08 | apres DONE 1.79 | trame 4.61 (temps reel 4.62)
  [a5] #22000 A5/1 fn=49367 (T1=37 T2=19 T3=50) Kc=66a46314d7720c00 | dernier depot BSP fn=49366 (ecart +1)
  [a5-hist] #22000 recales=0 ecart(-1/0/+1/+2/autre) par fn%26 : 0:0/0/78/0/0 1:0/0/78/0/0 2:0/0/78/0/0 3:0/0/81/0/0 4:0/0/81/0/0 5:0/0/81/0/0 6:0/0/81/0/0 7:0/0/81/0/0 8:0/0/81/0/0 9:0/0/81/0/0 10:0/0/81/0/0 11:0/0/81/0/0 12:0/0/81/0/0 13:0/0/81/0/0 14:0/0/81/0/0 15:0/0/81/0/0 16:0/0/81/0/0 17:0/0/81/0/0 18:0/0/81/0/0 19:0/0/80/0/0 20:0/0/78/0/0 21:0/0/78/0/0 22:0/0/78/0/0 23:0/0/78/0/0 24:0/0/78/0/0
  profil PC (107873 tranches, high-water 0xefce) : e980:10% 8240:7% 9a80:6% 8380:6% ecc0:4% 83c0:3% 8200:3% e940:3% 8300:3% 8540:2% 9a40:2% 81c0:2%
  fn=50124   page=0 insn=1357    IDLE   d_fb_det=0     a_sch=0100 0000 0000 0000 sync=0000 1537 ffff  | trames=50127 irq=0 iq=0
  [a_dd] fn=50184 etat=c200 FIRE=0 BFI=0 err=0 (ecart 4 trames) | vues=1500 ko=0 bfi=104
  [a5] #22500 A5/1 fn=49541 (T1=37 T2=11 T3=20) Kc=66a46314d7720c00 | dernier depot BSP fn=49540 (ecart +1)
  profil PC (108081 tranches, high-water 0xefc8) : e980:10% 8240:7% 9a80:6% 8380:6% ecc0:4% 83c0:3% 8200:3% e940:3% 8300:3% 8540:2% 9a40:2% 81c0:2%
  fn=50341   page=1 insn=14350   IDLE   d_fb_det=0     a_sch=0100 0000 0000 0000 sync=0000 1537 ffff  | trames=50344 irq=0 iq=0
  hacks actifs : RHEA_DMA ; cadencement : STREAM LOCKSTEP  ; stimulus : none
  [a5] #23000 A5/1 fn=49714 (T1=37 T2=2 T3=40) Kc=66a46314d7720c00 | dernier depot BSP fn=49713 (ecart +1)
  profil PC (108081 tranches, high-water 0xefc9) : e980:10% 8240:7% 9a80:6% 8380:6% ecc0:4% 83c0:3% 8200:3% e940:3% 8300:3% 8540:2% 9a40:2% 81c0:2%
  fn=50558   page=0 insn=14351   IDLE   d_fb_det=0     a_sch=0100 0000 0000 0000 sync=0000 1537 ffff  | trames=50561 irq=0 iq=0
  [a5] #23500 A5/1 fn=49887 (T1=37 T2=19 T3=9) Kc=66a46314d7720c00 | dernier depot BSP fn=49886 (ecart +1)
  [a_dd] fn=50617 etat=c200 FIRE=0 BFI=0 err=0 (ecart 4 trames) | vues=1600 ko=0 bfi=104
  [a5] #24000 A5/1 fn=50061 (T1=37 T2=11 T3=30) Kc=66a46314d7720c00 | dernier depot BSP fn=50060 (ecart +1)
  [a5-hist] #24000 recales=0 ecart(-1/0/+1/+2/autre) par fn%26 : 0:0/0/81/0/0 1:0/0/81/0/0 2:0/0/81/0/0 3:0/0/81/0/0 4:0/0/81/0/0 5:0/0/81/0/0 6:0/0/81/0/0 7:0/0/81/0/0 8:0/0/81/0/0 9:0/0/81/0/0 10:0/0/81/0/0 11:0/0/79/0/0 12:0/0/78/0/0 13:0/0/78/0/0 14:0/0/78/0/0 15:0/0/78/0/0 16:0/0/78/0/0 17:0/0/78/0/0 18:0/0/78/0/0 19:0/0/79/0/0 20:0/0/81/0/0 21:0/0/81/0/0 22:0/0/81/0/0 23:0/0/81/0/0 24:0/0/81/0/0
  profil PC (107840 tranches, high-water 0xefce) : e980:10% 8240:7% 9a80:6% 8380:6% ecc0:4% 83c0:3% 8200:3% e940:3% 8300:3% 8540:2% 9a40:2% 81c0:2%
  fn=50775   page=1 insn=14352   IDLE   d_fb_det=0     a_sch=0100 0000 0000 0000 sync=0000 1537 ffff  | trames=50778 irq=0 iq=0
  [a5] #24500 A5/1 fn=50234 (T1=37 T2=2 T3=50) Kc=66a46314d7720c00 | dernier depot BSP fn=50233 (ecart +1)
  [ts0] tick=50930 fn=50257 p51=22 NB fenetre=64 marge=0 rif_avant=0  <- canal dedie
  profil PC (108085 tranches, high-water 0xefcb) : e980:10% 8240:7% 9a80:6% 8380:6% ecc0:4% 83c0:3% 8200:3% e940:3% 8300:3% 8540:2% 9a40:2% 81c0:2%
  fn=50992   page=0 insn=14408   IDLE   d_fb_det=0     a_sch=0100 0000 0000 0000 sync=0000 1537 ffff  | trames=50995 irq=0 iq=0
  [chrono] fn=50997 sur 1000 trames (ms) : qemu 1.94 | A 0.20 | go 0.33 | B 0.10 | apres DONE 2.04 | trame 4.62 (temps reel 4.62)
  [afc] fn=51021 w_page=1 relaye=-701 | page0=-700 page1=-701
  [afc] fn=51022 w_page=0 relaye=-701 | page0=-701 page1=-701
  [a_dd] fn=51051 etat=c200 FIRE=0 BFI=0 err=0 (ecart 5 trames) | vues=1700 ko=0 bfi=109
  [a5] #25000 A5/1 fn=50407 (T1=38 T2=19 T3=19) Kc=66a46314d7720c00 | dernier depot BSP fn=50406 (ecart +1)
  profil PC (108083 tranches, high-water 0xefce) : e980:10% 8240:7% 9a80:6% 8380:6% ecc0:4% 83c0:3% 8200:3% e940:3% 8300:3% 8540:2% 9a40:2% 81c0:2%
  fn=51209   page=1 insn=14356   IDLE   d_fb_det=0     a_sch=0100 0000 0000 0000 sync=0000 1537 ffff  | trames=51212 irq=0 iq=0
  [a5] #25500 A5/1 fn=50581 (T1=38 T2=11 T3=40) Kc=66a46314d7720c00 | dernier depot BSP fn=50580 (ecart +1)
  profil PC (107870 tranches, high-water 0xefc9) : e980:10% 8240:7% 9a80:6% 8380:6% ecc0:4% 83c0:3% 8200:3% e940:3% 8300:3% 8540:2% 9a40:2% 81c0:2%
  fn=51426   page=0 insn=14362   IDLE   d_fb_det=0     a_sch=0100 0000 0000 0000 sync=0000 1537 ffff  | trames=51429 irq=0 iq=0
  [a5] #26000 A5/1 fn=50754 (T1=38 T2=2 T3=9) Kc=66a46314d7720c00 | dernier depot BSP fn=50753 (ecart +1)
  [a5-hist] #26000 recales=0 ecart(-1/0/+1/+2/autre) par fn%26 : 0:0/0/81/0/0 1:0/0/81/0/0 2:0/0/81/0/0 3:0/0/78/0/0 4:0/0/78/0/0 5:0/0/78/0/0 6:0/0/78/0/0 7:0/0/78/0/0 8:0/0/78/0/0 9:0/0/78/0/0 10:0/0/78/0/0 11:0/0/80/0/0 12:0/0/81/0/0 13:0/0/81/0/0 14:0/0/81/0/0 15:0/0/81/0/0 16:0/0/81/0/0 17:0/0/81/0/0 18:0/0/81/0/0 19:0/0/81/0/0 20:0/0/81/0/0 21:0/0/81/0/0 22:0/0/81/0/0 23:0/0/81/0/0 24:0/0/81/0/0
  [a_dd] fn=51484 etat=c200 FIRE=0 BFI=0 err=0 (ecart 4 trames) | vues=1800 ko=0 bfi=109
  [a5] #26500 A5/1 fn=50927 (T1=38 T2=19 T3=29) Kc=66a46314d7720c00 | dernier depot BSP fn=50926 (ecart +1)
  profil PC (108082 tranches, high-water 0xefcb) : e980:10% 8240:7% 9a80:6% 8380:6% ecc0:4% 83c0:3% 8200:3% e940:3% 8300:3% 8540:2% 9a40:2% 81c0:2%
  fn=51643   page=1 insn=14344   IDLE   d_fb_det=0     a_sch=0100 0000 0000 0000 sync=0000 1537 ffff  | trames=51646 irq=0 iq=0
  [a5] #27000 A5/1 fn=51101 (T1=38 T2=11 T3=50) Kc=66a46314d7720c00 | dernier depot BSP fn=51100 (ecart +1)
  profil PC (108431 tranches, high-water 0xefcd) : e980:10% 8240:7% 9a80:6% 8380:6% ecc0:4% 83c0:3% 8200:3% e940:3% 8300:3% 8540:2% 9a40:2% 81c0:2%
  fn=51860   page=0 insn=14352   IDLE   d_fb_det=0     a_sch=0100 0000 0000 0000 sync=0000 1537 ffff  | trames=51863 irq=0 iq=0
  [a_dd] fn=51917 etat=c200 FIRE=0 BFI=0 err=0 (ecart 4 trames) | vues=1900 ko=0 bfi=109
  [a5] #27500 A5/1 fn=51274 (T1=38 T2=2 T3=19) Kc=66a46314d7720c00 | dernier depot BSP fn=51273 (ecart +1)
  [chrono] fn=51997 sur 1000 trames (ms) : qemu 2.03 | A 0.19 | go 0.31 | B 0.09 | apres DONE 1.99 | trame 4.61 (temps reel 4.62)
  profil PC (107868 tranches, high-water 0xefcd) : e980:10% 8240:7% 9a80:6% 8380:6% ecc0:4% 83c0:3% 8200:3% e940:3% 8300:3% 8540:2% 9a40:2% 81c0:2%
  fn=52077   page=1 insn=14347   IDLE   d_fb_det=0     a_sch=0100 0000 0000 0000 sync=0000 1537 ffff  | trames=52080 irq=0 iq=0
  hacks actifs : RHEA_DMA ; cadencement : STREAM LOCKSTEP  ; stimulus : none
  [a5] #28000 A5/1 fn=51447 (T1=38 T2=19 T3=39) Kc=66a46314d7720c00 | dernier depot BSP fn=51446 (ecart +1)
  [a5-hist] #28000 recales=0 ecart(-1/0/+1/+2/autre) par fn%26 : 0:0/0/78/0/0 1:0/0/78/0/0 2:0/0/78/0/0 3:0/0/81/0/0 4:0/0/81/0/0 5:0/0/81/0/0 6:0/0/81/0/0 7:0/0/81/0/0 8:0/0/81/0/0 9:0/0/81/0/0 10:0/0/81/0/0 11:0/0/81/0/0 12:0/0/81/0/0 13:0/0/81/0/0 14:0/0/81/0/0 15:0/0/81/0/0 16:0/0/81/0/0 17:0/0/81/0/0 18:0/0/81/0/0 19:0/0/80/0/0 20:0/0/78/0/0 21:0/0/78/0/0 22:0/0/78/0/0 23:0/0/78/0/0 24:0/0/78/0/0
  [a5] #28500 A5/1 fn=51621 (T1=38 T2=11 T3=9) Kc=66a46314d7720c00 | dernier depot BSP fn=51620 (ecart +1)
  profil PC (109218 tranches, high-water 0xefce) : e980:10% 8240:7% 9a80:6% 8380:6% ecc0:4% 83c0:3% 8200:3% e940:3% 8300:3% 8540:2% 9a40:2% 81c0:2%
  fn=52294   page=0 insn=85504   IDLE   d_fb_det=0     a_sch=0100 0000 0000 0000 sync=0000 1537 ffff  | trames=52297 irq=0 iq=0
  [a_dd] fn=52351 etat=c200 FIRE=0 BFI=0 err=0 (ecart 5 trames) | vues=2000 ko=0 bfi=109
  [a5] #29000 A5/1 fn=51794 (T1=39 T2=2 T3=29) Kc=66a46314d7720c00 | dernier depot BSP fn=51793 (ecart +1)
  profil PC (108172 tranches, high-water 0xefce) : e980:10% 8240:7% 9a80:6% 8380:6% ecc0:4% 83c0:3% 8200:3% e940:3% 8300:3% 8540:2% 9a40:2% 81c0:2%
  fn=52511   page=1 insn=85454   IDLE   d_fb_det=0     a_sch=0100 0000 0000 0000 sync=0000 1537 ffff  | trames=52514 irq=0 iq=0
  [a5] #29500 A5/1 fn=51967 (T1=39 T2=19 T3=49) Kc=66a46314d7720c00 | dernier depot BSP fn=51966 (ecart +1)
  profil PC (107868 tranches, high-water 0xefce) : e980:10% 8240:7% 9a80:6% 8380:6% ecc0:4% 83c0:3% 8200:3% e940:3% 8300:3% 8540:2% 9a40:2% 81c0:2%
  fn=52728   page=0 insn=85460   IDLE   d_fb_det=0     a_sch=0100 0000 0000 0000 sync=0000 1537 ffff  | trames=52731 irq=0 iq=0
  [a_dd] fn=52784 etat=c200 FIRE=0 BFI=0 err=0 (ecart 4 trames) | vues=2100 ko=0 bfi=109
  [a5] #30000 A5/1 fn=52141 (T1=39 T2=11 T3=19) Kc=66a46314d7720c00 | dernier depot BSP fn=52140 (ecart +1)
  [a5-hist] #30000 recales=0 ecart(-1/0/+1/+2/autre) par fn%26 : 0:0/0/81/0/0 1:0/0/81/0/0 2:0/0/81/0/0 3:0/0/81/0/0 4:0/0/81/0/0 5:0/0/81/0/0 6:0/0/81/0/0 7:0/0/81/0/0 8:0/0/81/0/0 9:0/0/81/0/0 10:0/0/81/0/0 11:0/0/79/0/0 12:0/0/78/0/0 13:0/0/78/0/0 14:0/0/78/0/0 15:0/0/78/0/0 16:0/0/78/0/0 17:0/0/78/0/0 18:0/0/78/0/0 19:0/0/79/0/0 20:0/0/81/0/0 21:0/0/81/0/0 22:0/0/81/0/0 23:0/0/81/0/0 24:0/0/81/0/0
  profil PC (108079 tranches, high-water 0xefcb) : e980:10% 8240:7% 9a80:6% 8380:6% ecc0:4% 83c0:3% 8200:3% e940:3% 8300:3% 8540:2% 9a40:2% 81c0:2%
  fn=52945   page=1 insn=14281   IDLE   d_fb_det=0     a_sch=0100 0000 0000 0000 sync=0000 1537 ffff  | trames=52948 irq=0 iq=0
  [a5] #30500 A5/1 fn=52314 (T1=39 T2=2 T3=39) Kc=66a46314d7720c00 | dernier depot BSP fn=52313 (ecart +1)
  [chrono] fn=52997 sur 1000 trames (ms) : qemu 1.98 | A 0.20 | go 0.30 | B 0.10 | apres DONE 2.04 | trame 4.62 (temps reel 4.62)
  [a5] #31000 A5/1 fn=52487 (T1=39 T2=19 T3=8) Kc=66a46314d7720c00 | dernier depot BSP fn=52486 (ecart +1)
  profil PC (108083 tranches, high-water 0xefce) : e980:10% 8240:7% 9a80:6% 8380:6% ecc0:4% 83c0:3% 8200:3% e940:3% 8300:3% 8540:2% 9a40:2% 81c0:2%
  fn=53162   page=0 insn=14349   IDLE   d_fb_det=0     a_sch=0100 0000 0000 0000 sync=0000 1537 ffff  | trames=53165 irq=0 iq=0
  [a_dd] fn=53217 etat=c200 FIRE=0 BFI=0 err=0 (ecart 4 trames) | vues=2200 ko=0 bfi=109
  [a5] #31500 A5/1 fn=52661 (T1=39 T2=11 T3=29) Kc=66a46314d7720c00 | dernier depot BSP fn=52660 (ecart +1)
  profil PC (107861 tranches, high-water 0xefcd) : e980:10% 8240:7% 9a80:6% 8380:6% ecc0:4% 83c0:3% 8200:3% e940:3% 8300:3% 8540:2% 9a40:2% 81c0:2%
  fn=53379   page=1 insn=14353   IDLE   d_fb_det=0     a_sch=0100 0000 0000 0000 sync=0000 1537 ffff  | trames=53382 irq=0 iq=0
  [a5] #32000 A5/1 fn=52834 (T1=39 T2=2 T3=49) Kc=66a46314d7720c00 | dernier depot BSP fn=52833 (ecart +1)
  [a5-hist] #32000 recales=0 ecart(-1/0/+1/+2/autre) par fn%26 : 0:0/0/81/0/0 1:0/0/81/0/0 2:0/0/81/0/0 3:0/0/78/0/0 4:0/0/78/0/0 5:0/0/78/0/0 6:0/0/78/0/0 7:0/0/78/0/0 8:0/0/78/0/0 9:0/0/78/0/0 10:0/0/78/0/0 11:0/0/80/0/0 12:0/0/81/0/0 13:0/0/81/0/0 14:0/0/81/0/0 15:0/0/81/0/0 16:0/0/81/0/0 17:0/0/81/0/0 18:0/0/81/0/0 19:0/0/81/0/0 20:0/0/81/0/0 21:0/0/81/0/0 22:0/0/81/0/0 23:0/0/81/0/0 24:0/0/81/0/0
  [a_cd] fn=53517 p51=18 p102=69 etat=8000 ok L2=0f 00 03 03 | ok=120 ko=30
  profil PC (108083 tranches, high-water 0xefce) : e980:10% 8240:7% 9a80:6% 8380:6% ecc0:4% 83c0:3% 8200:3% e940:3% 8300:3% 8540:2% 9a40:2% 81c0:2%
  fn=53596   page=0 insn=14352   IDLE   d_fb_det=0     a_sch=0100 0000 0000 0000 sync=0000 1537 ffff  | trames=53599 irq=0 iq=0
  [a_dd] fn=53651 etat=c200 FIRE=0 BFI=0 err=0 (ecart 5 trames) | vues=2300 ko=0 bfi=109
  [a5] #32500 A5/1 fn=53007 (T1=39 T2=19 T3=18) Kc=66a46314d7720c00 | dernier depot BSP fn=53006 (ecart +1)
  profil PC (108083 tranches, high-water 0xefcb) : e980:10% 8240:7% 9a80:6% 8380:6% ecc0:4% 83c0:3% 8200:3% e940:3% 8300:3% 8540:2% 9a40:2% 81c0:2%
  fn=53813   page=1 insn=14368   IDLE   d_fb_det=0     a_sch=0100 0000 0000 0000 sync=0000 1537 ffff  | trames=53816 irq=0 iq=0
  hacks actifs : RHEA_DMA ; cadencement : STREAM LOCKSTEP  ; stimulus : none
  [a5] #33000 A5/1 fn=53181 (T1=40 T2=11 T3=39) Kc=66a46314d7720c00 | dernier depot BSP fn=53180 (ecart +1)
  [chrono] fn=53997 sur 1000 trames (ms) : qemu 2.05 | A 0.20 | go 0.30 | B 0.09 | apres DONE 1.99 | trame 4.62 (temps reel 4.62)
  [a5] #33500 A5/1 fn=53354 (T1=40 T2=2 T3=8) Kc=66a46314d7720c00 | dernier depot BSP fn=53353 (ecart +1)
  profil PC (107864 tranches, high-water 0xefc9) : e980:10% 8240:7% 9a80:6% 8380:6% ecc0:4% 83c0:3% 8200:3% e940:3% 8300:3% 8540:2% 9a40:2% 81c0:2%
  fn=54030   page=0 insn=14368   IDLE   d_fb_det=0     a_sch=0100 0000 0000 0000 sync=0000 1537 ffff  | trames=54033 irq=0 iq=0
  [a_dd] fn=54084 etat=c200 FIRE=0 BFI=0 err=0 (ecart 4 trames) | vues=2400 ko=0 bfi=109
  [a5] #34000 A5/1 fn=53527 (T1=40 T2=19 T3=28) Kc=66a46314d7720c00 | dernier depot BSP fn=53526 (ecart +1)
  [a5-hist] #34000 recales=0 ecart(-1/0/+1/+2/autre) par fn%26 : 0:0/0/78/0/0 1:0/0/78/0/0 2:0/0/78/0/0 3:0/0/81/0/0 4:0/0/81/0/0 5:0/0/81/0/0 6:0/0/81/0/0 7:0/0/81/0/0 8:0/0/81/0/0 9:0/0/81/0/0 10:0/0/81/0/0 11:0/0/81/0/0 12:0/0/81/0/0 13:0/0/81/0/0 14:0/0/81/0/0 15:0/0/81/0/0 16:0/0/81/0/0 17:0/0/81/0/0 18:0/0/81/0/0 19:0/0/80/0/0 20:0/0/78/0/0 21:0/0/78/0/0 22:0/0/78/0/0 23:0/0/78/0/0 24:0/0/78/0/0
  profil PC (108436 tranches, high-water 0xefcd) : e980:10% 8240:7% 9a80:6% 8380:6% ecc0:4% 83c0:3% 8200:3% e940:3% 8300:3% 8540:2% 9a40:2% 81c0:2%
  fn=54247   page=1 insn=14371   IDLE   d_fb_det=0     a_sch=0100 0000 0000 0000 sync=0000 1537 ffff  | trames=54250 irq=0 iq=0
  [afc] fn=54349 w_page=1 relaye=-700 | page0=-701 page1=-700
  [afc] fn=54350 w_page=0 relaye=-700 | page0=-700 page1=-700
  [a5] #34500 A5/1 fn=53701 (T1=40 T2=11 T3=49) Kc=66a46314d7720c00 | dernier depot BSP fn=53700 (ecart +1)
  profil PC (108087 tranches, high-water 0xefcd) : e980:10% 8240:7% 9a80:6% 8380:6% ecc0:4% 83c0:3% 8200:3% e940:3% 8300:3% 8540:2% 9a40:2% 81c0:2%
  fn=54464   page=0 insn=14346   IDLE   d_fb_det=0     a_sch=0100 0000 0000 0000 sync=0000 1537 ffff  | trames=54467 irq=0 iq=0
  [a_dd] fn=54517 etat=c200 FIRE=0 BFI=0 err=0 (ecart 4 trames) | vues=2500 ko=0 bfi=109
  [a5] #35000 A5/1 fn=53874 (T1=40 T2=2 T3=18) Kc=66a46314d7720c00 | dernier depot BSP fn=53873 (ecart +1)
  profil PC (107864 tranches, high-water 0xefcd) : e980:10% 8240:7% 9a80:6% 8380:6% ecc0:4% 83c0:3% 8200:3% e940:3% 8300:3% 8540:2% 9a40:2% 81c0:2%
  fn=54681   page=1 insn=14352   IDLE   d_fb_det=0     a_sch=0100 0000 0000 0000 sync=0000 1537 ffff  | trames=54684 irq=0 iq=0
  [a5] #35500 A5/1 fn=54047 (T1=40 T2=19 T3=38) Kc=66a46314d7720c00 | dernier depot BSP fn=54046 (ecart +1)
  [afc] fn=54765 w_page=1 relaye=-701 | page0=-700 page1=-701
  [afc] fn=54766 w_page=0 relaye=-701 | page0=-701 page1=-701
  [a5] #36000 A5/1 fn=54221 (T1=40 T2=11 T3=8) Kc=66a46314d7720c00 | dernier depot BSP fn=54220 (ecart +1)
  [a5-hist] #36000 recales=0 ecart(-1/0/+1/+2/autre) par fn%26 : 0:0/0/81/0/0 1:0/0/81/0/0 2:0/0/81/0/0 3:0/0/81/0/0 4:0/0/81/0/0 5:0/0/81/0/0 6:0/0/81/0/0 7:0/0/81/0/0 8:0/0/81/0/0 9:0/0/81/0/0 10:0/0/81/0/0 11:0/0/79/0/0 12:0/0/78/0/0 13:0/0/78/0/0 14:0/0/78/0/0 15:0/0/78/0/0 16:0/0/78/0/0 17:0/0/78/0/0 18:0/0/78/0/0 19:0/0/79/0/0 20:0/0/81/0/0 21:0/0/81/0/0 22:0/0/81/0/0 23:0/0/81/0/0 24:0/0/81/0/0
  profil PC (108178 tranches, high-water 0xefcd) : e980:10% 8240:7% 9a80:6% 8380:6% ecc0:4% 83c0:3% 8200:3% e940:3% 8300:3% 8540:2% 9a40:2% 81c0:2%
  fn=54898   page=0 insn=14345   IDLE   d_fb_det=0     a_sch=0100 0000 0000 0000 sync=0000 1537 ffff  | trames=54901 irq=0 iq=0
  [a_dd] fn=54951 etat=c200 FIRE=0 BFI=0 err=0 (ecart 5 trames) | vues=2600 ko=0 bfi=109
  [chrono] fn=54997 sur 1000 trames (ms) : qemu 2.22 | A 0.18 | go 0.29 | B 0.08 | apres DONE 1.83 | trame 4.61 (temps reel 4.62)
  [a5] #36500 A5/1 fn=54394 (T1=41 T2=2 T3=28) Kc=66a46314d7720c00 | dernier depot BSP fn=54393 (ecart +1)
  profil PC (109222 tranches, high-water 0xefcb) : e980:10% 8240:7% 9a80:6% 8380:6% ecc0:4% 83c0:3% 8200:3% e940:3% 8300:3% 8540:2% 9a40:2% 81c0:2%
  fn=55115   page=1 insn=85475   IDLE   d_fb_det=0     a_sch=0100 0000 0000 0000 sync=0000 1537 ffff  | trames=55118 irq=0 iq=0
  [afc] fn=55222 w_page=0 relaye=-700 | page0=-700 page1=-701
  [afc] fn=55223 w_page=1 relaye=-700 | page0=-700 page1=-700
  [a5] #37000 A5/1 fn=54567 (T1=41 T2=19 T3=48) Kc=66a46314d7720c00 | dernier depot BSP fn=54566 (ecart +1)
  profil PC (107868 tranches, high-water 0xefce) : e980:10% 8240:7% 9a80:6% 8380:6% ecc0:4% 83c0:3% 8200:3% e940:3% 8300:3% 8540:2% 9a40:2% 81c0:2%
  fn=55332   page=0 insn=85447   IDLE   d_fb_det=0     a_sch=0100 0000 0000 0000 sync=0000 1537 ffff  | trames=55335 irq=0 iq=0
  [a_dd] fn=55384 etat=c200 FIRE=0 BFI=0 err=0 (ecart 4 trames) | vues=2700 ko=0 bfi=109
  [a5] #37500 A5/1 fn=54741 (T1=41 T2=11 T3=18) Kc=66a46314d7720c00 | dernier depot BSP fn=54740 (ecart +1)
  profil PC (108081 tranches, high-water 0xefcb) : e980:10% 8240:7% 9a80:6% 8380:6% ecc0:4% 83c0:3% 8200:3% e940:3% 8300:3% 8540:2% 9a40:2% 81c0:2%
  fn=55549   page=1 insn=85512   IDLE   d_fb_det=0     a_sch=0100 0000 0000 0000 sync=0000 1537 ffff  | trames=55552 irq=0 iq=0
  hacks actifs : RHEA_DMA ; cadencement : STREAM LOCKSTEP  ; stimulus : none
  [a5] #38000 A5/1 fn=54914 (T1=41 T2=2 T3=38) Kc=66a46314d7720c00 | dernier depot BSP fn=54913 (ecart +1)
  [a5-hist] #38000 recales=0 ecart(-1/0/+1/+2/autre) par fn%26 : 0:0/0/81/0/0 1:0/0/81/0/0 2:0/0/81/0/0 3:0/0/78/0/0 4:0/0/78/0/0 5:0/0/78/0/0 6:0/0/78/0/0 7:0/0/78/0/0 8:0/0/78/0/0 9:0/0/78/0/0 10:0/0/78/0/0 11:0/0/80/0/0 12:0/0/81/0/0 13:0/0/81/0/0 14:0/0/81/0/0 15:0/0/81/0/0 16:0/0/81/0/0 17:0/0/81/0/0 18:0/0/81/0/0 19:0/0/81/0/0 20:0/0/81/0/0 21:0/0/81/0/0 22:0/0/81/0/0 23:0/0/81/0/0 24:0/0/81/0/0
  [a5] #38500 A5/1 fn=55087 (T1=41 T2=19 T3=7) Kc=66a46314d7720c00 | dernier depot BSP fn=55086 (ecart +1)
  profil PC (107870 tranches, high-water 0xefce) : e980:10% 8240:7% 9a80:6% 8380:6% ecc0:4% 83c0:3% 8200:3% e940:3% 8300:3% 8540:2% 9a40:2% 81c0:2%
  fn=55766   page=0 insn=1357    IDLE   d_fb_det=0     a_sch=0100 0000 0000 0000 sync=0000 1537 ffff  | trames=55769 irq=0 iq=0
  [a_dd] fn=55817 etat=c200 FIRE=0 BFI=0 err=0 (ecart 4 trames) | vues=2800 ko=0 bfi=109
  [ts0] tick=55930 fn=55257 p51=24 NB fenetre=151 marge=3 rif_avant=0  <- canal dedie
  [a5] #39000 A5/1 fn=55261 (T1=41 T2=11 T3=28) Kc=66a46314d7720c00 | dernier depot BSP fn=55260 (ecart +1)
  [a_fd] fn=55969 fn%13=4 etat=8080 BLUD=1 FIRE=0 d_tch_mode=ca08 L2=01 61 01 2b | ok=27 ko=0
  [a_fd] fn=55973 fn%13=8 etat=8080 BLUD=1 FIRE=0 d_tch_mode=ca00 L2=03 64 19 83 | ok=28 ko=0
  profil PC (108093 tranches, high-water 0xefcd) : e980:10% 8240:7% 9a80:6% 8380:6% ecc0:4% 83c0:3% 8200:3% e940:3% 8300:3% 8540:2% 9a40:2% 81c0:2%
  fn=55983   page=1 insn=14354   IDLE   d_fb_det=0     a_sch=0100 0000 0000 0000 sync=0000 1537 ffff  | trames=55986 irq=0 iq=0
  [chrono] fn=55997 sur 1000 trames (ms) : qemu 1.96 | A 0.18 | go 0.32 | B 0.07 | apres DONE 2.08 | trame 4.62 (temps reel 4.62)
  [a_fd] fn=56008 fn%13=4 etat=8080 BLUD=1 FIRE=0 d_tch_mode=ca00 L2=03 74 19 83 | ok=29 ko=0
  [a_fd] fn=56021 fn%13=4 etat=8080 BLUD=1 FIRE=0 d_tch_mode=ca00 L2=01 81 01 2b | ok=30 ko=0
  [a_fd] fn=56043 fn%13=0 etat=8080 BLUD=1 FIRE=0 d_tch_mode=ca00 L2=03 91 01 2b | ok=31 ko=0
  [a_fd] fn=56047 fn%13=4 etat=8080 BLUD=1 FIRE=0 d_tch_mode=ca00 L2=03 86 0d 06 | ok=32 ko=0
  [a_fd] fn=56082 fn%13=0 etat=8080 BLUD=1 FIRE=0 d_tch_mode=ca00 L2=03 96 0d 06 | ok=33 ko=0
  [a_fd] fn=56095 fn%13=0 etat=8080 BLUD=1 FIRE=0 d_tch_mode=ca00 L2=01 73 01 2b | ok=34 ko=0
  [a5-arm] tick=56096 d_a5mode=0 a_kc=0c00 d772 6314 66a4  (BSP sur le TCH)
  [montant] retour en clair (seq=15)
  [montant] tache FB postee : le mobile cherche la synchro, canal dedie libere (TS0 rendu au FCCH/SCH)
  [jalon] fn=56110 d_fb_det=1  hacks=RHEA_DMA
  [sbwin] SB #4053 fn=55438 p51=1 tick=56111 : armee=0 one_shot=0 page_prog=48 rif_avant=0 nwin=0 marge=0 -> DMA NON ARMEE (le RIF jette) : SCH memorise pour la fenetre SB (dans une vraie fenetre SB : 21/4053)
  [jalon] fn=56120 d_fb_det=1  hacks=RHEA_DMA
  [sbwin] SB #4054 fn=55448 p51=11 tick=56121 : armee=0 one_shot=0 page_prog=48 rif_avant=0 nwin=0 marge=0 -> DMA NON ARMEE (le RIF jette) : SCH memorise pour la fenetre SB (dans une vraie fenetre SB : 21/4054)
  [cmd] fn=56129 tache SB postee par l'ARM (W0 md=6 W1 md=0)
  [sb] fn=56129 p51=29 | FB a fn=56120 toa=8743 pm=5431 ang=-1 | TOA-ROM=8743 src=fine | a_sch=0100 crc_ko
  [a_sch] fn=56130 page=0 : 0100 0000 0000 0000 -> 8100 0016 f85d 01fb  (d_dsp_page=0003) TOA=0 PM=5521 SNR=12 crc_ko
  [sbwin] SB #4055 fn=55458 p51=21 tick=56131 : armee=1 one_shot=1 page_prog=191 rif_avant=0 nwin=191 marge=21 -> FENETRE SB (one-shot) (dans une vraie fenetre SB : 22/4055)
  [a_sch] fn=56131 page=1 : 0100 0000 0000 0000 -> 8000 0fe8 141c 0081  (d_dsp_page=0003) TOA=23 PM=5344 SNR=12696 CRC_OK
  [jalon] fn=56131 SB PLAUSIBLE page=1 BSIC=7 a_sch=8000 0fe8 141c 0081  hacks=RHEA_DMA
  [a_sch] fn=56132 page=0 : 8100 0016 f85d 01fb -> 0100 0000 0000 0000  (d_dsp_page=0003) TOA=0 PM=0 SNR=0 crc_ko
  [sbwin] SB #4056 fn=55468 p51=31 tick=56141 : armee=0 one_shot=0 page_prog=191 rif_avant=0 nwin=0 marge=0 -> DMA NON ARMEE (le RIF jette) : SCH memorise pour la fenetre SB (dans une vraie fenetre SB : 22/4056)
  [sbwin] SB #4057 fn=55478 p51=41 tick=56151 : armee=0 one_shot=0 page_prog=191 rif_avant=0 nwin=0 marge=0 -> DMA NON ARMEE (le RIF jette) : SCH memorise pour la fenetre SB (dans une vraie fenetre SB : 22/4057)
  [sbwin] SB #4058 fn=55489 p51=1 tick=56162 : armee=0 one_shot=0 page_prog=191 rif_avant=0 nwin=0 marge=0 -> DMA NON ARMEE (le RIF jette) : SCH memorise pour la fenetre SB (dans une vraie fenetre SB : 22/4058)
  [a_sch] fn=56165 page=1 : 8000 0fe8 141c 0081 -> 0100 0000 0000 0000  (d_dsp_page=0003) TOA=0 PM=0 SNR=0 crc_ko
  [sbwin] SB #4059 fn=55499 p51=11 tick=56172 : armee=0 one_shot=0 page_prog=151 rif_avant=0 nwin=0 marge=0 -> DMA NON ARMEE (le RIF jette) : SCH memorise pour la fenetre SB (dans une vraie fenetre SB : 22/4059)
  [sbwin] SB #4060 fn=55509 p51=21 tick=56182 : armee=0 one_shot=0 page_prog=151 rif_avant=0 nwin=0 marge=0 -> DMA NON ARMEE (le RIF jette) : SCH memorise pour la fenetre SB (dans une vraie fenetre SB : 22/4060)
  profil PC (65720 tranches, high-water 0xefcd) : e980:8% 8240:6% 9a80:6% 8380:5% ecc0:4% 8200:3% 83c0:3% 77c0:2% e940:2% 8300:2% 8540:2% 9a40:2%
  fn=56200   page=1 insn=119     IDLE   d_fb_det=0     a_sch=0100 0000 0000 0000 sync=0000 1537 ffff  | trames=56203 irq=0 iq=0
  [montant] canal dedie (side-band seq=16) : libere TS0 SDCCH/4 SS=0
pont : canal dedie libere : TS0 SDCCH/8 SS=0
  [montant] TCH (seq=0) : annonce TS2 retiree (le firmware n'y etait pas)
  [jalon] fn=56273 d_fb_det=1  hacks=RHEA_DMA
  [sbwin] SB #4069 fn=55601 p51=11 tick=56274 : armee=0 one_shot=0 page_prog=48 rif_avant=0 nwin=0 marge=0 -> DMA NON ARMEE (le RIF jette) : SCH memorise pour la fenetre SB (dans une vraie fenetre SB : 22/4069)
  [jalon] fn=56283 d_fb_det=1  hacks=RHEA_DMA
  [sbwin] SB #4070 fn=55611 p51=21 tick=56284 : armee=0 one_shot=0 page_prog=48 rif_avant=0 nwin=0 marge=0 -> DMA NON ARMEE (le RIF jette) : SCH memorise pour la fenetre SB (dans une vraie fenetre SB : 22/4070)
  [cmd] fn=56292 tache SB postee par l'ARM (W0 md=6 W1 md=0)
  [sb] fn=56292 p51=39 | FB a fn=56283 toa=8743 pm=5431 ang=-1 | TOA-ROM=8743 src=fine | a_sch=0100 crc_ko
  [a_sch] fn=56293 page=0 : 0100 0000 0000 0000 -> 8100 0016 f85d 01fb  (d_dsp_page=0003) TOA=0 PM=5521 SNR=12 crc_ko
  [sbwin] SB #4071 fn=55621 p51=31 tick=56294 : armee=1 one_shot=1 page_prog=191 rif_avant=0 nwin=191 marge=21 -> FENETRE SB (one-shot) (dans une vraie fenetre SB : 23/4071)
  [a_sch] fn=56294 page=1 : 0100 0000 0000 0000 -> 8000 113f 141c 019d  (d_dsp_page=0003) TOA=23 PM=5344 SNR=11684 CRC_OK
  [jalon] fn=56294 SB PLAUSIBLE page=1 BSIC=7 a_sch=8000 113f 141c 019d  hacks=RHEA_DMA
  [a_sch] fn=56295 page=0 : 8100 0016 f85d 01fb -> 0100 0000 0000 0000  (d_dsp_page=0003) TOA=0 PM=0 SNR=0 crc_ko
  [sbwin] SB #4072 fn=55631 p51=41 tick=56304 : armee=0 one_shot=0 page_prog=64 rif_avant=0 nwin=0 marge=0 -> DMA NON ARMEE (le RIF jette) : SCH memorise pour la fenetre SB (dans une vraie fenetre SB : 23/4072)
  [sbwin] SB #4073 fn=55642 p51=1 tick=56315 : armee=0 one_shot=0 page_prog=64 rif_avant=0 nwin=0 marge=0 -> DMA NON ARMEE (le RIF jette) : SCH memorise pour la fenetre SB (dans une vraie fenetre SB : 23/4073)
  [a_sch] fn=56315 page=1 : 8000 113f 141c 019d -> 0100 0000 0000 0000  (d_dsp_page=0002) TOA=0 PM=0 SNR=0 crc_ko
  [sbwin] SB #4074 fn=55652 p51=11 tick=56325 : armee=0 one_shot=0 page_prog=64 rif_avant=0 nwin=0 marge=0 -> DMA NON ARMEE (le RIF jette) : SCH memorise pour la fenetre SB (dans une vraie fenetre SB : 23/4074)
  [sbwin] SB #4075 fn=55662 p51=21 tick=56335 : armee=0 one_shot=0 page_prog=64 rif_avant=0 nwin=0 marge=0 -> DMA NON ARMEE (le RIF jette) : SCH memorise pour la fenetre SB (dans une vraie fenetre SB : 23/4075)
  [sbwin] SB #4080 fn=55713 p51=21 tick=56386 : armee=0 one_shot=0 page_prog=64 rif_avant=0 nwin=0 marge=0 -> DMA NON ARMEE (le RIF jette) : SCH memorise pour la fenetre SB (dans une vraie fenetre SB : 23/4080)
  profil PC (18708 tranches, high-water 0xde92) : 9a80:8% 8240:7% 8380:7% 77c0:5% 83c0:3% 8300:3% 8200:3% 7800:3% 7840:3% 8540:3% a680:3% 9a40:2%
  fn=56417   page=1 insn=119     IDLE   d_fb_det=0     a_sch=0100 0000 0000 0000 sync=0000 1537 ffff  | trames=56420 irq=0 iq=0
  [sbwin] SB #4090 fn=55815 p51=21 tick=56488 : armee=0 one_shot=0 page_prog=64 rif_avant=0 nwin=0 marge=0 -> DMA NON ARMEE (le RIF jette) : SCH memorise pour la fenetre SB (dans une vraie fenetre SB : 23/4090)
  [sbwin] SB #4100 fn=55917 p51=21 tick=56590 : armee=0 one_shot=0 page_prog=64 rif_avant=0 nwin=0 marge=0 -> DMA NON ARMEE (le RIF jette) : SCH memorise pour la fenetre SB (dans une vraie fenetre SB : 23/4100)
  profil PC (24168 tranches, high-water 0xde92) : 9a80:11% 8240:11% 8380:10% 83c0:5% 8200:5% 8300:4% 8540:4% 9a40:4% 81c0:3% a0c0:3% 82c0:3% 9a00:2%
  fn=56634   page=1 insn=13609   IDLE   d_fb_det=0     a_sch=0100 0000 0000 0000 sync=0000 1537 ffff  | trames=56637 irq=0 iq=0
  [sbwin] SB #4110 fn=56019 p51=21 tick=56692 : armee=0 one_shot=0 page_prog=64 rif_avant=0 nwin=0 marge=0 -> DMA NON ARMEE (le RIF jette) : SCH memorise pour la fenetre SB (dans une vraie fenetre SB : 23/4110)
  [sbwin] SB #4120 fn=56121 p51=21 tick=56794 : armee=0 one_shot=0 page_prog=64 rif_avant=0 nwin=0 marge=0 -> DMA NON ARMEE (le RIF jette) : SCH memorise pour la fenetre SB (dans une vraie fenetre SB : 23/4120)
  profil PC (22836 tranches, high-water 0xde91) : 9a80:12% 8240:11% 8380:10% 83c0:5% 8200:4% 8300:4% 8540:4% 9a40:4% a0c0:3% 81c0:3% 82c0:3% 9a00:2%
  fn=56851   page=1 insn=119     IDLE   d_fb_det=0     a_sch=0100 0000 0000 0000 sync=0000 1537 ffff  | trames=56854 irq=0 iq=0
  [sbwin] SB #4130 fn=56223 p51=21 tick=56896 : armee=0 one_shot=0 page_prog=64 rif_avant=0 nwin=0 marge=0 -> DMA NON ARMEE (le RIF jette) : SCH memorise pour la fenetre SB (dans une vraie fenetre SB : 23/4130)
  [chrono] fn=56997 sur 1000 trames (ms) : qemu 3.41 | A 0.06 | go 0.31 | B 0.17 | apres DONE 0.66 | trame 4.61 (temps reel 4.62)
  [sbwin] SB #4140 fn=56325 p51=21 tick=56998 : armee=0 one_shot=0 page_prog=64 rif_avant=0 nwin=0 marge=0 -> DMA NON ARMEE (le RIF jette) : SCH memorise pour la fenetre SB (dans une vraie fenetre SB : 23/4140)
  profil PC (21032 tranches, high-water 0xde92) : 9a80:11% 8240:11% 8380:10% 83c0:5% 8200:4% 8300:4% 8540:4% 9a40:4% a0c0:3% 81c0:3% 82c0:3% 9a00:2%
  fn=57068   page=1 insn=1359    IDLE   d_fb_det=0     a_sch=0100 0000 0000 0000 sync=0000 1537 ffff  | trames=57071 irq=0 iq=0
  [sbwin] SB #4150 fn=56427 p51=21 tick=57100 : armee=0 one_shot=0 page_prog=64 rif_avant=0 nwin=0 marge=0 -> DMA NON ARMEE (le RIF jette) : SCH memorise pour la fenetre SB (dans une vraie fenetre SB : 23/4150)
  [jalon] fn=57150 d_fb_det=1  hacks=RHEA_DMA
  [sbwin] SB #4155 fn=56478 p51=21 tick=57151 : armee=0 one_shot=0 page_prog=48 rif_avant=0 nwin=0 marge=0 -> DMA NON ARMEE (le RIF jette) : SCH memorise pour la fenetre SB (dans une vraie fenetre SB : 23/4155)
  [jalon] fn=57160 d_fb_det=1  hacks=RHEA_DMA
  [sbwin] SB #4156 fn=56488 p51=31 tick=57161 : armee=0 one_shot=0 page_prog=48 rif_avant=0 nwin=0 marge=0 -> DMA NON ARMEE (le RIF jette) : SCH memorise pour la fenetre SB (dans une vraie fenetre SB : 23/4156)
  [cmd] fn=57169 tache SB postee par l'ARM (W0 md=6 W1 md=0)
  [sb] fn=57169 p51=49 | FB a fn=57160 toa=8743 pm=5424 ang=-1 | TOA-ROM=8743 src=fine | a_sch=0100 crc_ko
  [a_sch] fn=57170 page=0 : 0100 0000 0000 0000 -> 8100 0016 f85d 01fb  (d_dsp_page=0003) TOA=0 PM=5521 SNR=12 crc_ko
  [sbwin] SB #4157 fn=56498 p51=41 tick=57171 : armee=1 one_shot=1 page_prog=191 rif_avant=0 nwin=191 marge=21 -> FENETRE SB (one-shot) (dans une vraie fenetre SB : 24/4157)
  [a_sch] fn=57171 page=1 : 0100 0000 0000 0000 -> 8000 105e 151c 0002  (d_dsp_page=0003) TOA=23 PM=5363 SNR=12084 CRC_OK
  [jalon] fn=57171 SB PLAUSIBLE page=1 BSIC=7 a_sch=8000 105e 151c 0002  hacks=RHEA_DMA
  [a_sch] fn=57172 page=0 : 8100 0016 f85d 01fb -> 0100 0000 0000 0000  (d_dsp_page=0003) TOA=0 PM=0 SNR=0 crc_ko
  [sbwin] SB #4158 fn=56509 p51=1 tick=57182 : armee=0 one_shot=0 page_prog=191 rif_avant=0 nwin=0 marge=0 -> DMA NON ARMEE (le RIF jette) : SCH memorise pour la fenetre SB (dans une vraie fenetre SB : 24/4158)
  [a_sch] fn=57185 page=1 : 8000 105e 151c 0002 -> 0100 0000 0000 0000  (d_dsp_page=0003) TOA=0 PM=0 SNR=0 crc_ko
  [sbwin] SB #4159 fn=56519 p51=11 tick=57192 : armee=0 one_shot=0 page_prog=151 rif_avant=0 nwin=0 marge=0 -> DMA NON ARMEE (le RIF jette) : SCH memorise pour la fenetre SB (dans une vraie fenetre SB : 24/4159)
  [sbwin] SB #4160 fn=56529 p51=21 tick=57202 : armee=0 one_shot=0 page_prog=151 rif_avant=0 nwin=0 marge=0 -> DMA NON ARMEE (le RIF jette) : SCH memorise pour la fenetre SB (dans une vraie fenetre SB : 24/4160)
  [montant] RACH ra=0x13 bsic=7 fn=57203 -> /dev/shm/calypso_rach
  [montant]   declencheur : d_task_ra=RACH_DSP_TASK (task_ra=0x000a d_rach=0x131c)
  [sbwin] SB #4161 fn=56539 p51=31 tick=57212 : armee=0 one_shot=0 page_prog=151 rif_avant=0 nwin=0 marge=0 -> DMA NON ARMEE (le RIF jette) : SCH memorise pour la fenetre SB (dans une vraie fenetre SB : 24/4161)
  profil PC (24559 tranches, high-water 0xde92) : 9a80:8% 8240:8% 8380:8% 77c0:4% 83c0:4% 8200:4% 8300:4% 8540:3% 9a40:3% 81c0:3% 82c0:2% a0c0:2%
  fn=57285   page=0 insn=13652   IDLE   d_fb_det=0     a_sch=0100 0000 0000 0000 sync=0000 1530 ffff  | trames=57288 irq=0 iq=0
  hacks actifs : RHEA_DMA ; cadencement : STREAM LOCKSTEP  ; stimulus : none
  [montant] canal dedie (side-band seq=17) : arme TS1 SDCCH/8 SS=0
pont : canal dedie arme : TS1 SDCCH/8 SS=0
  [sbwin] SB #4170 fn=56631 p51=21 tick=57304 : armee=0 one_shot=0 page_prog=151 rif_avant=0 nwin=0 marge=0 -> DMA NON ARMEE (le RIF jette) : SCH memorise pour la fenetre SB (dans une vraie fenetre SB : 24/4170)
  [sbwin] SB #4180 fn=56753 p51=41 tick=57426 : armee=0 one_shot=0 page_prog=151 rif_avant=0 nwin=0 marge=0 -> DMA NON ARMEE (le RIF jette) : SCH memorise pour la fenetre SB (dans une vraie fenetre SB : 24/4180)
  [a5-arm] tick=57441 d_a5mode=1 a_kc=0c00 d772 6314 66a4
  [montant] chiffrement A5/1 : Kc publie vers /dev/shm/calypso_kc_l1 (seq=16)
  profil PC (9875 tranches, high-water 0xde92) : 9a80:10% 8240:9% 8380:8% a680:4% 83c0:4% 8200:4% 8300:4% 9a40:3% 8540:3% a0c0:3% 81c0:3% 82c0:2%
  fn=57502   page=0 insn=7069    IDLE   d_fb_det=0     a_sch=0100 0000 0000 0000 sync=0000 1530 ffff  | trames=57505 irq=0 iq=0
  [a5] #39500 A5/1 fn=56830 (T1=42 T2=20 T3=16) Kc=66a46314d7720c00 | dernier depot BSP fn=56829 (ecart +1)
  [BSP] dedie : DESACCORD fn=56869 p51=4 p102=55 : table=0 tpu=1 (offset=3879 ref=3436, tn_fenetre=1) [4400 fois]
  [sbwin] SB #4190 fn=56886 p51=21 tick=57559 : armee=0 one_shot=0 page_prog=151 rif_avant=0 nwin=0 marge=0 -> DMA NON ARMEE (le RIF jette) : SCH memorise pour la fenetre SB (dans une vraie fenetre SB : 24/4190)
  [sbwin] SB #4200 fn=57008 p51=41 tick=57681 : armee=0 one_shot=0 page_prog=151 rif_avant=0 nwin=0 marge=0 -> DMA NON ARMEE (le RIF jette) : SCH memorise pour la fenetre SB (dans une vraie fenetre SB : 24/4200)
  profil PC (9530 tranches, high-water 0xde92) : 9a80:9% 8240:9% 8380:8% a680:4% 83c0:4% 8200:4% 8300:4% 8540:3% 9a40:3% a0c0:3% 81c0:3% 82c0:2%
  fn=57719   page=1 insn=119     IDLE   d_fb_det=0     a_sch=0100 0000 0000 0000 sync=0000 1530 ffff  | trames=57722 irq=0 iq=0
  [BSP] dedie : DESACCORD fn=57093 p51=24 p102=75 : table=0 tpu=1 (offset=3879 ref=3436, tn_fenetre=1) [4600 fois]
  [sbwin] SB #4210 fn=57141 p51=21 tick=57814 : armee=0 one_shot=0 page_prog=151 rif_avant=0 nwin=0 marge=0 -> DMA NON ARMEE (le RIF jette) : SCH memorise pour la fenetre SB (dans une vraie fenetre SB : 24/4210)
  [sbwin] SB #4220 fn=57263 p51=41 tick=57936 : armee=0 one_shot=0 page_prog=151 rif_avant=0 nwin=0 marge=0 -> DMA NON ARMEE (le RIF jette) : SCH memorise pour la fenetre SB (dans une vraie fenetre SB : 24/4220)
  profil PC (10676 tranches, high-water 0xde92) : 9a80:10% 8240:9% 8380:8% 83c0:4% a680:4% 8200:4% 8300:4% 8540:3% 9a40:3% a0c0:3% 81c0:3% 82c0:3%
  fn=57936   page=1 insn=119     IDLE   d_fb_det=0     a_sch=0100 0000 0000 0000 sync=0000 1530 ffff  | trames=57939 irq=0 iq=0
  [BSP] dedie : DESACCORD fn=57317 p51=44 p102=95 : table=0 tpu=1 (offset=3879 ref=3436, tn_fenetre=1) [4800 fois]
  [chrono] fn=57997 sur 1000 trames (ms) : qemu 3.82 | A 0.06 | go 0.26 | B 0.18 | apres DONE 0.30 | trame 4.62 (temps reel 4.62)
  [sbwin] SB #4230 fn=57396 p51=21 tick=58069 : armee=0 one_shot=0 page_prog=151 rif_avant=0 nwin=0 marge=0 -> DMA NON ARMEE (le RIF jette) : SCH memorise pour la fenetre SB (dans une vraie fenetre SB : 24/4230)
  profil PC (10862 tranches, high-water 0xde92) : 9a80:9% 8240:9% 8380:8% 83c0:4% a680:4% 8200:4% 8300:4% 8540:3% 9a40:3% a0c0:3% 81c0:3% 82c0:3%
  fn=58153   page=1 insn=36508   IDLE   d_fb_det=0     a_sch=0100 0000 0000 0000 sync=0000 1530 ffff  | trames=58156 irq=0 iq=0
  [sbwin] SB #4240 fn=57518 p51=41 tick=58191 : armee=0 one_shot=0 page_prog=151 rif_avant=0 nwin=0 marge=0 -> DMA NON ARMEE (le RIF jette) : SCH memorise pour la fenetre SB (dans une vraie fenetre SB : 24/4240)
  [a5] #40000 A5/1 fn=57543 (T1=43 T2=5 T3=15) Kc=66a46314d7720c00 | dernier depot BSP fn=57542 (ecart +1)
  [a5-hist] #40000 recales=0 ecart(-1/0/+1/+2/autre) par fn%26 : 0:0/0/81/0/0 1:0/0/78/0/0 2:0/0/78/0/0 3:0/0/78/0/0 4:0/0/78/0/0 5:0/0/77/0/0 6:0/0/75/0/0 7:0/0/75/0/0 8:0/0/75/0/0 9:0/0/78/0/0 10:0/0/78/0/0 11:0/0/78/0/0 12:0/0/75/0/0 13:0/0/78/0/0 14:0/0/75/0/0 15:0/0/78/0/0 16:0/0/81/0/0 17:0/0/84/0/0 18:0/0/84/0/0 19:0/0/87/0/0 20:0/0/87/0/0 21:0/0/84/0/0 22:0/0/81/0/0 23:0/0/78/0/0 24:0/0/78/0/0 25:0/0/21/0/0
  [BSP] dedie : DESACCORD fn=57545 p51=17 p102=17 : table=0 tpu=1 (offset=3879 ref=3436, tn_fenetre=1) [5000 fois]
  [sbwin] SB #4250 fn=57651 p51=21 tick=58324 : armee=0 one_shot=0 page_prog=151 rif_avant=0 nwin=0 marge=0 -> DMA NON ARMEE (le RIF jette) : SCH memorise pour la fenetre SB (dans une vraie fenetre SB : 24/4250)
  profil PC (10028 tranches, high-water 0xde92) : 9a80:9% 8240:5% 8380:5% 8280:4% a680:4% 8480:3% 8200:3% 8300:3% 8540:3% 9a40:3% a0c0:3% 83c0:2%
  fn=58370   page=1 insn=1315    IDLE   d_fb_det=0     a_sch=0100 0000 0000 0000 sync=0000 1530 ffff  | trames=58373 irq=0 iq=0
  [a5-arm] tick=58410 d_a5mode=0 a_kc=0c00 d772 6314 66a4
  [montant] retour en clair (seq=17)
  [montant] tache FB postee : le mobile cherche la synchro, canal dedie libere (TS0 rendu au FCCH/SCH)
  [jalon] fn=58425 d_fb_det=1  hacks=RHEA_DMA
  [sbwin] SB #4258 fn=57753 p51=21 tick=58426 : armee=0 one_shot=0 page_prog=48 rif_avant=0 nwin=0 marge=0 -> DMA NON ARMEE (le RIF jette) : SCH memorise pour la fenetre SB (dans une vraie fenetre SB : 24/4258)
  [jalon] fn=58435 d_fb_det=1  hacks=RHEA_DMA
  [sbwin] SB #4259 fn=57763 p51=31 tick=58436 : armee=0 one_shot=0 page_prog=48 rif_avant=0 nwin=0 marge=0 -> DMA NON ARMEE (le RIF jette) : SCH memorise pour la fenetre SB (dans une vraie fenetre SB : 24/4259)
  [cmd] fn=58444 tache SB postee par l'ARM (W0 md=6 W1 md=0)
  [sb] fn=58444 p51=49 | FB a fn=58435 toa=8743 pm=5424 ang=-1 | TOA-ROM=8743 src=fine | a_sch=0100 crc_ko
  [a_sch] fn=58445 page=0 : 0100 0000 0000 0000 -> 8100 0016 f85d 01fb  (d_dsp_page=0003) TOA=0 PM=5521 SNR=12 crc_ko
  [sbwin] SB #4260 fn=57773 p51=41 tick=58446 : armee=1 one_shot=1 page_prog=191 rif_avant=0 nwin=191 marge=21 -> FENETRE SB (one-shot) (dans une vraie fenetre SB : 25/4260)
  [a_sch] fn=58446 page=1 : 0100 0000 0000 0000 -> 8000 107d 151c 0086  (d_dsp_page=0003) TOA=23 PM=5349 SNR=9522 CRC_OK
  [jalon] fn=58446 SB PLAUSIBLE page=1 BSIC=7 a_sch=8000 107d 151c 0086  hacks=RHEA_DMA
  [a_sch] fn=58447 page=0 : 8100 0016 f85d 01fb -> 0100 0000 0000 0000  (d_dsp_page=0003) TOA=0 PM=0 SNR=0 crc_ko
  [sbwin] SB #4261 fn=57784 p51=1 tick=58457 : armee=0 one_shot=0 page_prog=191 rif_avant=0 nwin=0 marge=0 -> DMA NON ARMEE (le RIF jette) : SCH memorise pour la fenetre SB (dans une vraie fenetre SB : 25/4261)
  [a_sch] fn=58460 page=1 : 8000 107d 151c 0086 -> 0100 0000 0000 0000  (d_dsp_page=0003) TOA=0 PM=0 SNR=0 crc_ko
  [sbwin] SB #4262 fn=57794 p51=11 tick=58467 : armee=0 one_shot=0 page_prog=151 rif_avant=0 nwin=0 marge=0 -> DMA NON ARMEE (le RIF jette) : SCH memorise pour la fenetre SB (dans une vraie fenetre SB : 25/4262)
  [sbwin] SB #4263 fn=57804 p51=21 tick=58477 : armee=0 one_shot=0 page_prog=151 rif_avant=0 nwin=0 marge=0 -> DMA NON ARMEE (le RIF jette) : SCH memorise pour la fenetre SB (dans une vraie fenetre SB : 25/4263)
  [sbwin] SB #4264 fn=57814 p51=31 tick=58487 : armee=0 one_shot=0 page_prog=151 rif_avant=0 nwin=0 marge=0 -> DMA NON ARMEE (le RIF jette) : SCH memorise pour la fenetre SB (dans une vraie fenetre SB : 25/4264)
  [montant] canal dedie (side-band seq=18) : libere TS0 SDCCH/4 SS=0
pont : canal dedie libere : TS0 SDCCH/8 SS=0
  [sbwin] SB #4270 fn=57875 p51=41 tick=58548 : armee=0 one_shot=0 page_prog=151 rif_avant=0 nwin=0 marge=0 -> DMA NON ARMEE (le RIF jette) : SCH memorise pour la fenetre SB (dans une vraie fenetre SB : 25/4270)
  profil PC (20430 tranches, high-water 0xde92) : 77c0:10% 9a80:7% 8240:6% 7800:6% 8380:6% 7840:3% a680:3% 83c0:3% 8300:2% 8200:2% 78c0:2% 8540:2%
  fn=58587   page=1 insn=119     IDLE   d_fb_det=0     a_sch=0100 0000 0000 0000 sync=0000 1530 ffff  | trames=58590 irq=0 iq=0
  [jalon] fn=58619 d_fb_det=1  hacks=RHEA_DMA
  [sbwin] SB #4277 fn=57947 p51=11 tick=58620 : armee=0 one_shot=0 page_prog=48 rif_avant=0 nwin=0 marge=0 -> DMA NON ARMEE (le RIF jette) : SCH memorise pour la fenetre SB (dans une vraie fenetre SB : 25/4277)
  [jalon] fn=58629 d_fb_det=1  hacks=RHEA_DMA
  [sbwin] SB #4278 fn=57957 p51=21 tick=58630 : armee=0 one_shot=0 page_prog=48 rif_avant=0 nwin=0 marge=0 -> DMA NON ARMEE (le RIF jette) : SCH memorise pour la fenetre SB (dans une vraie fenetre SB : 25/4278)
  [cmd] fn=58638 tache SB postee par l'ARM (W0 md=6 W1 md=0)
  [sb] fn=58638 p51=39 | FB a fn=58629 toa=8743 pm=5424 ang=-1 | TOA-ROM=8743 src=fine | a_sch=0100 crc_ko
  [a_sch] fn=58639 page=0 : 0100 0000 0000 0000 -> 8100 0016 f85d 01fb  (d_dsp_page=0003) TOA=0 PM=5521 SNR=12 crc_ko
  [sbwin] SB #4279 fn=57967 p51=31 tick=58640 : armee=1 one_shot=1 page_prog=191 rif_avant=0 nwin=191 marge=21 -> FENETRE SB (one-shot) (dans une vraie fenetre SB : 26/4279)
  [a_sch] fn=58640 page=1 : 0100 0000 0000 0000 -> 8000 1137 151c 01b5  (d_dsp_page=0003) TOA=23 PM=5353 SNR=11824 CRC_OK
  [jalon] fn=58640 SB PLAUSIBLE page=1 BSIC=7 a_sch=8000 1137 151c 01b5  hacks=RHEA_DMA
  [a_sch] fn=58641 page=0 : 8100 0016 f85d 01fb -> 0100 0000 0000 0000  (d_dsp_page=0003) TOA=0 PM=0 SNR=0 crc_ko
  [sbwin] SB #4280 fn=57977 p51=41 tick=58650 : armee=0 one_shot=0 page_prog=64 rif_avant=0 nwin=0 marge=0 -> DMA NON ARMEE (le RIF jette) : SCH memorise pour la fenetre SB (dans une vraie fenetre SB : 26/4280)
  [sbwin] SB #4281 fn=57988 p51=1 tick=58661 : armee=0 one_shot=0 page_prog=64 rif_avant=0 nwin=0 marge=0 -> DMA NON ARMEE (le RIF jette) : SCH memorise pour la fenetre SB (dans une vraie fenetre SB : 26/4281)
  [a_sch] fn=58661 page=1 : 8000 1137 151c 01b5 -> 0100 0000 0000 0000  (d_dsp_page=0002) TOA=0 PM=0 SNR=0 crc_ko
  [sbwin] SB #4282 fn=57998 p51=11 tick=58671 : armee=0 one_shot=0 page_prog=64 rif_avant=0 nwin=0 marge=0 -> DMA NON ARMEE (le RIF jette) : SCH memorise pour la fenetre SB (dans une vraie fenetre SB : 26/4282)
  [sbwin] SB #4283 fn=58008 p51=21 tick=58681 : armee=0 one_shot=0 page_prog=64 rif_avant=0 nwin=0 marge=0 -> DMA NON ARMEE (le RIF jette) : SCH memorise pour la fenetre SB (dans une vraie fenetre SB : 26/4283)
  [sbwin] SB #4290 fn=58079 p51=41 tick=58752 : armee=0 one_shot=0 page_prog=64 rif_avant=0 nwin=0 marge=0 -> DMA NON ARMEE (le RIF jette) : SCH memorise pour la fenetre SB (dans une vraie fenetre SB : 26/4290)
  profil PC (22761 tranches, high-water 0xde92) : 9a80:8% 8240:8% 8380:8% 77c0:4% 83c0:4% 8300:3% 8200:3% 8540:3% 9a40:3% 81c0:2% a0c0:2% 7800:2%
  fn=58804   page=1 insn=119     IDLE   d_fb_det=0     a_sch=0100 0000 0000 0000 sync=0000 1530 ffff  | trames=58807 irq=0 iq=0
  [sbwin] SB #4300 fn=58181 p51=41 tick=58854 : armee=0 one_shot=0 page_prog=64 rif_avant=0 nwin=0 marge=0 -> DMA NON ARMEE (le RIF jette) : SCH memorise pour la fenetre SB (dans une vraie fenetre SB : 26/4300)
  [sbwin] SB #4310 fn=58283 p51=41 tick=58956 : armee=0 one_shot=0 page_prog=64 rif_avant=0 nwin=0 marge=0 -> DMA NON ARMEE (le RIF jette) : SCH memorise pour la fenetre SB (dans une vraie fenetre SB : 26/4310)
  [chrono] fn=58997 sur 1000 trames (ms) : qemu 3.73 | A 0.06 | go 0.27 | B 0.17 | apres DONE 0.39 | trame 4.61 (temps reel 4.62)
  profil PC (21684 tranches, high-water 0xde92) : 9a80:11% 8240:11% 8380:10% 83c0:5% 8200:4% 8300:4% 8540:4% 9a40:4% 81c0:3% a0c0:3% 82c0:3% 9a00:2%
  fn=59021   page=1 insn=13654   IDLE   d_fb_det=0     a_sch=0100 0000 0000 0000 sync=0000 1530 ffff  | trames=59024 irq=0 iq=0
  hacks actifs : RHEA_DMA ; cadencement : STREAM LOCKSTEP  ; stimulus : none
  [sbwin] SB #4320 fn=58385 p51=41 tick=59058 : armee=0 one_shot=0 page_prog=64 rif_avant=0 nwin=0 marge=0 -> DMA NON ARMEE (le RIF jette) : SCH memorise pour la fenetre SB (dans une vraie fenetre SB : 26/4320)
  [sbwin] SB #4330 fn=58487 p51=41 tick=59160 : armee=0 one_shot=0 page_prog=64 rif_avant=0 nwin=0 marge=0 -> DMA NON ARMEE (le RIF jette) : SCH memorise pour la fenetre SB (dans une vraie fenetre SB : 26/4330)
  profil PC (24526 tranches, high-water 0xde91) : 9a80:11% 8240:11% 8380:10% 83c0:5% 8200:4% 8300:4% 8540:4% 9a40:4% a0c0:3% 81c0:3% 82c0:3% 9a00:2%
  fn=59238   page=1 insn=13611   IDLE   d_fb_det=0     a_sch=0100 0000 0000 0000 sync=0000 1530 ffff  | trames=59241 irq=0 iq=0
  [sbwin] SB #4340 fn=58589 p51=41 tick=59262 : armee=0 one_shot=0 page_prog=64 rif_avant=0 nwin=0 marge=0 -> DMA NON ARMEE (le RIF jette) : SCH memorise pour la fenetre SB (dans une vraie fenetre SB : 26/4340)
  [sbwin] SB #4350 fn=58691 p51=41 tick=59364 : armee=0 one_shot=0 page_prog=64 rif_avant=0 nwin=0 marge=0 -> DMA NON ARMEE (le RIF jette) : SCH memorise pour la fenetre SB (dans une vraie fenetre SB : 26/4350)
  profil PC (21830 tranches, high-water 0xde92) : 9a80:11% 8240:11% 8380:10% 83c0:5% 8200:4% 8300:4% 8540:4% 9a40:4% a0c0:3% 81c0:3% 82c0:3% 9a00:2%
  fn=59455   page=1 insn=1359    IDLE   d_fb_det=0     a_sch=0100 0000 0000 0000 sync=0000 1530 ffff  | trames=59458 irq=0 iq=0
  [sbwin] SB #4360 fn=58793 p51=41 tick=59466 : armee=0 one_shot=0 page_prog=64 rif_avant=0 nwin=0 marge=0 -> DMA NON ARMEE (le RIF jette) : SCH memorise pour la fenetre SB (dans une vraie fenetre SB : 26/4360)
  [sbwin] SB #4370 fn=58895 p51=41 tick=59568 : armee=0 one_shot=0 page_prog=64 rif_avant=0 nwin=0 marge=0 -> DMA NON ARMEE (le RIF jette) : SCH memorise pour la fenetre SB (dans une vraie fenetre SB : 26/4370)
  [sbwin] SB #4380 fn=58997 p51=41 tick=59670 : armee=0 one_shot=0 page_prog=64 rif_avant=0 nwin=0 marge=0 -> DMA NON ARMEE (le RIF jette) : SCH memorise pour la fenetre SB (dans une vraie fenetre SB : 26/4380)
  profil PC (21015 tranches, high-water 0xde91) : 9a80:11% 8240:11% 8380:10% 83c0:5% 8200:4% 8300:4% 8540:4% 9a40:4% a0c0:3% 81c0:3% 82c0:3% 9a00:2%
  fn=59672   page=0 insn=119     IDLE   d_fb_det=0     a_sch=0100 0000 0000 0000 sync=0000 1530 ffff  | trames=59675 irq=0 iq=0
  [sbwin] SB #4390 fn=59099 p51=41 tick=59772 : armee=0 one_shot=0 page_prog=64 rif_avant=0 nwin=0 marge=0 -> DMA NON ARMEE (le RIF jette) : SCH memorise pour la fenetre SB (dans une vraie fenetre SB : 26/4390)
  [sbwin] SB #4400 fn=59201 p51=41 tick=59874 : armee=0 one_shot=0 page_prog=64 rif_avant=0 nwin=0 marge=0 -> DMA NON ARMEE (le RIF jette) : SCH memorise pour la fenetre SB (dans une vraie fenetre SB : 26/4400)
  profil PC (22252 tranches, high-water 0xde92) : 9a80:11% 8240:11% 8380:10% 83c0:5% 8200:4% 8300:4% 8540:4% 9a40:4% a0c0:3% 81c0:3% 82c0:3% 9a00:2%
  fn=59889   page=1 insn=35956   IDLE   d_fb_det=0     a_sch=0100 0000 0000 0000 sync=0000 1530 ffff  | trames=59892 irq=0 iq=0
  [sbwin] SB #4410 fn=59303 p51=41 tick=59976 : armee=0 one_shot=0 page_prog=64 rif_avant=0 nwin=0 marge=0 -> DMA NON ARMEE (le RIF jette) : SCH memorise pour la fenetre SB (dans une vraie fenetre SB : 26/4410)
  [chrono] fn=59997 sur 1000 trames (ms) : qemu 3.62 | A 0.06 | go 0.27 | B 0.15 | apres DONE 0.51 | trame 4.62 (temps reel 4.62)
  [sbwin] SB #4420 fn=59405 p51=41 tick=60078 : armee=0 one_shot=0 page_prog=64 rif_avant=0 nwin=0 marge=0 -> DMA NON ARMEE (le RIF jette) : SCH memorise pour la fenetre SB (dans une vraie fenetre SB : 26/4420)
  profil PC (24177 tranches, high-water 0xde91) : 9a80:11% 8240:11% 8380:10% 83c0:5% 8200:5% 8300:4% 8540:4% 9a40:4% 81c0:3% a0c0:3% 82c0:3% 9a00:2%
  fn=60106   page=1 insn=13609   IDLE   d_fb_det=0     a_sch=0100 0000 0000 0000 sync=0000 1530 ffff  | trames=60109 irq=0 iq=0
  [sbwin] SB #4430 fn=59507 p51=41 tick=60180 : armee=0 one_shot=0 page_prog=64 rif_avant=0 nwin=0 marge=0 -> DMA NON ARMEE (le RIF jette) : SCH memorise pour la fenetre SB (dans une vraie fenetre SB : 26/4430)
  [sbwin] SB #4440 fn=59609 p51=41 tick=60282 : armee=0 one_shot=0 page_prog=64 rif_avant=0 nwin=0 marge=0 -> DMA NON ARMEE (le RIF jette) : SCH memorise pour la fenetre SB (dans une vraie fenetre SB : 26/4440)
  profil PC (21607 tranches, high-water 0xde92) : 9a80:12% 8240:10% 8380:10% 83c0:5% 8200:4% 8300:4% 8540:4% 9a40:4% a0c0:3% 81c0:3% 82c0:3% 9a00:2%
  fn=60323   page=0 insn=119     IDLE   d_fb_det=0     a_sch=0100 0000 0000 0000 sync=0000 1530 ffff  | trames=60326 irq=0 iq=0
  [sbwin] SB #4450 fn=59711 p51=41 tick=60384 : armee=0 one_shot=0 page_prog=64 rif_avant=0 nwin=0 marge=0 -> DMA NON ARMEE (le RIF jette) : SCH memorise pour la fenetre SB (dans une vraie fenetre SB : 26/4450)
  [sbwin] SB #4460 fn=59813 p51=41 tick=60486 : armee=0 one_shot=0 page_prog=64 rif_avant=0 nwin=0 marge=0 -> DMA NON ARMEE (le RIF jette) : SCH memorise pour la fenetre SB (dans une vraie fenetre SB : 26/4460)
  profil PC (21015 tranches, high-water 0xde91) : 9a80:11% 8240:11% 8380:10% 83c0:5% 8200:4% 8300:4% 8540:4% 9a40:4% a0c0:3% 81c0:3% 82c0:3% 9a00:2%
  fn=60540   page=1 insn=119     IDLE   d_fb_det=0     a_sch=0100 0000 0000 0000 sync=0000 1530 ffff  | trames=60543 irq=0 iq=0
  [sbwin] SB #4470 fn=59915 p51=41 tick=60588 : armee=0 one_shot=0 page_prog=64 rif_avant=0 nwin=0 marge=0 -> DMA NON ARMEE (le RIF jette) : SCH memorise pour la fenetre SB (dans une vraie fenetre SB : 26/4470)
  [jalon] fn=60628 d_fb_det=1  hacks=RHEA_DMA
  [sbwin] SB #4474 fn=59956 p51=31 tick=60629 : armee=0 one_shot=0 page_prog=48 rif_avant=0 nwin=0 marge=0 -> DMA NON ARMEE (le RIF jette) : SCH memorise pour la fenetre SB (dans une vraie fenetre SB : 26/4474)
  [jalon] fn=60638 d_fb_det=1  hacks=RHEA_DMA
  [sbwin] SB #4475 fn=59966 p51=41 tick=60639 : armee=0 one_shot=0 page_prog=48 rif_avant=0 nwin=0 marge=0 -> DMA NON ARMEE (le RIF jette) : SCH memorise pour la fenetre SB (dans une vraie fenetre SB : 26/4475)
  [cmd] fn=60647 tache SB postee par l'ARM (W0 md=6 W1 md=0)
  [sb] fn=60647 p51=8 | FB a fn=60638 toa=8743 pm=5424 ang=-1 | TOA-ROM=8743 src=fine | a_sch=0100 crc_ko
  [a_sch] fn=60648 page=0 : 0100 0000 0000 0000 -> 8100 00ce 86be 0060  (d_dsp_page=0003) TOA=23 PM=5416 SNR=230 crc_ko
  [a_sch] fn=60649 page=1 : 0100 0000 0000 0000 -> 8100 0016 f85d 01fb  (d_dsp_page=0003) TOA=0 PM=5521 SNR=12 crc_ko
  [sbwin] SB #4476 fn=59977 p51=1 tick=60650 : armee=0 one_shot=0 page_prog=191 rif_avant=0 nwin=0 marge=0 -> DMA NON ARMEE (le RIF jette) : SCH memorise pour la fenetre SB (dans une vraie fenetre SB : 26/4476)
  [a_sch] fn=60650 page=0 : 8100 00ce 86be 0060 -> 0100 0000 0000 0000  (d_dsp_page=0003) TOA=0 PM=0 SNR=0 crc_ko
  [a_sch] fn=60651 page=1 : 8100 0016 f85d 01fb -> 0100 0000 0000 0000  (d_dsp_page=0003) TOA=0 PM=0 SNR=0 crc_ko
  [jalon] fn=60659 d_fb_det=1  hacks=RHEA_DMA
  [sbwin] SB #4477 fn=59987 p51=11 tick=60660 : armee=0 one_shot=0 page_prog=48 rif_avant=0 nwin=0 marge=0 -> DMA NON ARMEE (le RIF jette) : SCH memorise pour la fenetre SB (dans une vraie fenetre SB : 26/4477)
  [jalon] fn=60669 d_fb_det=1  hacks=RHEA_DMA
  [sbwin] SB #4478 fn=59997 p51=21 tick=60670 : armee=0 one_shot=0 page_prog=48 rif_avant=0 nwin=0 marge=0 -> DMA NON ARMEE (le RIF jette) : SCH memorise pour la fenetre SB (dans une vraie fenetre SB : 26/4478)
  [cmd] fn=60678 tache SB postee par l'ARM (W0 md=6 W1 md=0)
  [sb] fn=60678 p51=39 | FB a fn=60669 toa=8743 pm=5424 ang=-1 | TOA-ROM=8743 src=fine | a_sch=0100 crc_ko
  [a_sch] fn=60679 page=0 : 0100 0000 0000 0000 -> 8100 0016 f85d 01fb  (d_dsp_page=0003) TOA=0 PM=5521 SNR=12 crc_ko
  [sbwin] SB #4479 fn=60007 p51=31 tick=60680 : armee=1 one_shot=1 page_prog=191 rif_avant=0 nwin=191 marge=21 -> FENETRE SB (one-shot) (dans une vraie fenetre SB : 27/4479)
  [a_sch] fn=60680 page=1 : 0100 0000 0000 0000 -> 8000 11c7 161c 01e5  (d_dsp_page=0003) TOA=23 PM=5344 SNR=12788 CRC_OK
  [jalon] fn=60680 SB PLAUSIBLE page=1 BSIC=7 a_sch=8000 11c7 161c 01e5  hacks=RHEA_DMA
  [a_sch] fn=60681 page=0 : 8100 0016 f85d 01fb -> 0100 0000 0000 0000  (d_dsp_page=0003) TOA=0 PM=0 SNR=0 crc_ko
  [sbwin] SB #4480 fn=60017 p51=41 tick=60690 : armee=0 one_shot=0 page_prog=191 rif_avant=0 nwin=0 marge=0 -> DMA NON ARMEE (le RIF jette) : SCH memorise pour la fenetre SB (dans une vraie fenetre SB : 27/4480)
  [sbwin] SB #4481 fn=60028 p51=1 tick=60701 : armee=0 one_shot=0 page_prog=191 rif_avant=0 nwin=0 marge=0 -> DMA NON ARMEE (le RIF jette) : SCH memorise pour la fenetre SB (dans une vraie fenetre SB : 27/4481)
  [a_sch] fn=60704 page=1 : 8000 11c7 161c 01e5 -> 0100 0000 0000 0000  (d_dsp_page=0003) TOA=0 PM=0 SNR=0 crc_ko
  [sbwin] SB #4482 fn=60038 p51=11 tick=60711 : armee=0 one_shot=0 page_prog=151 rif_avant=0 nwin=0 marge=0 -> DMA NON ARMEE (le RIF jette) : SCH memorise pour la fenetre SB (dans une vraie fenetre SB : 27/4482)
  [montant] RACH ra=0xe0 bsic=7 fn=60717 -> /dev/shm/calypso_rach
  [montant]   declencheur : d_task_ra=RACH_DSP_TASK (task_ra=0x000a d_rach=0xe01c)
  [sbwin] SB #4483 fn=60048 p51=21 tick=60721 : armee=0 one_shot=0 page_prog=151 rif_avant=0 nwin=0 marge=0 -> DMA NON ARMEE (le RIF jette) : SCH memorise pour la fenetre SB (dans une vraie fenetre SB : 27/4483)
  profil PC (29924 tranches, high-water 0xde92) : 77c0:9% 9a80:7% 8240:6% 8380:6% 7800:5% 7840:4% 78c0:3% 83c0:3% 8300:3% 8200:2% 8540:2% a680:2%
  fn=60757   page=0 insn=13733   IDLE   d_fb_det=0     a_sch=0100 0000 0000 0000 sync=0000 1530 ffff  | trames=60760 irq=0 iq=0
  hacks actifs : RHEA_DMA ; cadencement : STREAM LOCKSTEP  ; stimulus : none
  [montant] canal dedie (side-band seq=19) : arme TS1 SDCCH/8 SS=0
pont : canal dedie arme : TS1 SDCCH/8 SS=0
  [sbwin] SB #4490 fn=60119 p51=41 tick=60792 : armee=0 one_shot=0 page_prog=151 rif_avant=0 nwin=0 marge=0 -> DMA NON ARMEE (le RIF jette) : SCH memorise pour la fenetre SB (dans une vraie fenetre SB : 27/4490)
  [BSP] dedie : DESACCORD fn=60155 p51=26 p102=77 : table=0 tpu=1 (offset=3564 ref=2939, tn_fenetre=1) [5200 fois]
  [sbwin] SB #4500 fn=60252 p51=21 tick=60925 : armee=0 one_shot=0 page_prog=151 rif_avant=0 nwin=0 marge=0 -> DMA NON ARMEE (le RIF jette) : SCH memorise pour la fenetre SB (dans une vraie fenetre SB : 27/4500)
  [ts0] tick=60930 fn=60257 p51=26 NB fenetre=0 marge=0 rif_avant=0
  profil PC (11581 tranches, high-water 0xde92) : 9a80:10% 8240:8% 8380:7% 8200:4% 8300:4% 83c0:4% a680:4% 8540:3% 9a40:3% a0c0:3% 81c0:3% 82c0:3%
  fn=60974   page=1 insn=119     IDLE   d_fb_det=0     a_sch=0100 0000 0000 0000 sync=0000 1530 ffff  | trames=60977 irq=0 iq=0
  [chrono] fn=60997 sur 1000 trames (ms) : qemu 3.58 | A 0.05 | go 0.27 | B 0.18 | apres DONE 0.53 | trame 4.62 (temps reel 4.62)
  [sbwin] SB #4510 fn=60374 p51=41 tick=61047 : armee=0 one_shot=0 page_prog=151 rif_avant=0 nwin=0 marge=0 -> DMA NON ARMEE (le RIF jette) : SCH memorise pour la fenetre SB (dans une vraie fenetre SB : 27/4510)
  [BSP] dedie : DESACCORD fn=60379 p51=46 p102=97 : table=0 tpu=1 (offset=3564 ref=2939, tn_fenetre=1) [5400 fois]
  [a5-arm] tick=61164 d_a5mode=1 a_kc=a000 c4b9 2b2b dfc4
  [montant] chiffrement A5/1 : Kc publie vers /dev/shm/calypso_kc_l1 (seq=18)
  [a5] #40143 A5/1 fn=60501 (T1=45 T2=25 T3=15) Kc=dfc42b2bc4b9a000 (NOUVEAU Kc) | dernier depot BSP fn=60500 (ecart +1)
  [sbwin] SB #4520 fn=60507 p51=21 tick=61180 : armee=0 one_shot=0 page_prog=151 rif_avant=0 nwin=0 marge=0 -> DMA NON ARMEE (le RIF jette) : SCH memorise pour la fenetre SB (dans une vraie fenetre SB : 27/4520)
  profil PC (9325 tranches, high-water 0xde92) : 9a80:9% 8240:9% 8380:9% a680:5% 83c0:4% 8200:4% 8300:4% 8540:4% 9a40:3% 81c0:3% a0c0:3% 82c0:3%
  fn=61191   page=0 insn=14099   IDLE   d_fb_det=0     a_sch=0100 0000 0000 0000 sync=0000 1530 ffff  | trames=61194 irq=0 iq=0
  [afc] fn=61265 w_page=0 relaye=-700 | page0=-700 page1=-701
  [afc] fn=61277 w_page=0 relaye=-701 | page0=-701 page1=-701
  [BSP] dedie : DESACCORD fn=60607 p51=19 p102=19 : table=0 tpu=1 (offset=3564 ref=2939, tn_fenetre=1) [5600 fois]
  [sbwin] SB #4530 fn=60629 p51=41 tick=61302 : armee=0 one_shot=0 page_prog=151 rif_avant=0 nwin=0 marge=0 -> DMA NON ARMEE (le RIF jette) : SCH memorise pour la fenetre SB (dans une vraie fenetre SB : 27/4530)
  profil PC (10539 tranches, high-water 0xde92) : 9a80:10% 8240:9% 8380:8% 83c0:4% a680:4% 8200:4% 8300:4% 8540:3% 9a40:3% a0c0:3% 81c0:3% 82c0:3%
  fn=61408   page=1 insn=119     IDLE   d_fb_det=0     a_sch=0100 0000 0000 0000 sync=0000 1530 ffff  | trames=61411 irq=0 iq=0
  [sbwin] SB #4540 fn=60762 p51=21 tick=61435 : armee=0 one_shot=0 page_prog=151 rif_avant=0 nwin=0 marge=0 -> DMA NON ARMEE (le RIF jette) : SCH memorise pour la fenetre SB (dans une vraie fenetre SB : 27/4540)
  [montant] TCH (seq=3) : TS2 TSC=7 annonce par le pont, bascule du BSP a la premiere tache TCH du firmware
  [a5-arm] tick=61470 d_a5mode=0 a_kc=a000 c4b9 2b2b dfc4
  [a5-arm] tick=61471 d_a5mode=1 a_kc=a000 c4b9 2b2b dfc4
  [montant] TCH : le firmware poste la tache 14 a fn=61472, BSP bascule sur TS2 (TSC=7)
  [ts0] canal dedie arme : TCH TS2 (toutes les trames)
  [a5] #40500 A5/1 fn=60849 (T1=45 T2=9 T3=6) Kc=dfc42b2bc4b9a000 | dernier depot BSP fn=60848 (ecart +1)
  [montant] canal dedie (side-band seq=20) : TCH/F TS2 SS=0, firmware sur le TCH (BSP deja sur le TCH, SDCCH memorise)
  [a_fd] fn=61555 fn%13=0 etat=8080 BLUD=1 FIRE=0 d_tch_mode=ca00 L2=01 73 01 2b | ok=35 ko=0
  [a_fd] fn=61598 fn%13=4 etat=8080 BLUD=1 FIRE=0 d_tch_mode=ca00 L2=01 21 01 2b | ok=36 ko=0
  [a_fd] fn=61602 fn%13=8 etat=8080 BLUD=1 FIRE=0 d_tch_mode=ca00 L2=03 20 09 83 | ok=37 ko=0
  profil PC (78163 tranches, high-water 0xefc8) : e980:9% 8240:7% 9a80:6% 8380:6% ecc0:4% 83c0:3% 8200:3% 8300:3% e940:3% 8540:2% 9a40:2% 81c0:2%
  fn=61625   page=1 insn=14350   IDLE   d_fb_det=0     a_sch=0100 0000 0000 0000 sync=0000 1530 ffff  | trames=61628 irq=0 iq=0
  [a_dd] fn=61628 etat=c214 FIRE=0 BFI=1 err=0 (ecart 4 trames) | vues=2900 ko=0 bfi=170
  [a_fd] fn=61637 fn%13=4 etat=8080 BLUD=1 FIRE=0 d_tch_mode=ca00 L2=03 30 09 83 | ok=38 ko=0
  [a_fd] fn=61672 fn%13=0 etat=8080 BLUD=1 FIRE=0 d_tch_mode=ca00 L2=03 31 01 2b | ok=39 ko=0
  [a_fd] fn=61680 fn%13=8 etat=8080 BLUD=1 FIRE=0 d_tch_mode=ca00 L2=03 22 19 83 | ok=40 ko=0
  [a5] #41000 A5/1 fn=61022 (T1=46 T2=0 T3=26) Kc=dfc42b2bc4b9a000 | dernier depot BSP fn=61021 (ecart +1)
  [a_fd] fn=61715 fn%13=4 etat=8080 BLUD=1 FIRE=0 d_tch_mode=ca00 L2=03 32 19 83 | ok=41 ko=0
  [a_fd] fn=61750 fn%13=0 etat=8080 BLUD=1 FIRE=0 d_tch_mode=ca00 L2=03 32 19 83 | ok=42 ko=0
  profil PC (107250 tranches, high-water 0xefce) : e980:9% 8240:7% 9a80:6% 8380:6% ecc0:4% 83c0:3% 8200:3% e940:3% 8300:3% 8540:2% 9a40:2% 81c0:2%
  fn=61842   page=0 insn=14348   IDLE   d_fb_det=0     a_sch=0100 0000 0000 0000 sync=0000 1530 ffff  | trames=61845 irq=0 iq=0
  [a5] #41500 A5/1 fn=61195 (T1=46 T2=17 T3=46) Kc=dfc42b2bc4b9a000 | dernier depot BSP fn=61194 (ecart +1)
  [chrono] fn=61997 sur 1000 trames (ms) : qemu 2.84 | A 0.13 | go 0.29 | B 0.14 | apres DONE 1.22 | trame 4.62 (temps reel 4.62)
  [a5] #42000 A5/1 fn=61369 (T1=46 T2=9 T3=16) Kc=dfc42b2bc4b9a000 | dernier depot BSP fn=61368 (ecart +1)
  [a5-hist] #42000 recales=0 ecart(-1/0/+1/+2/autre) par fn%26 : 0:0/0/75/0/0 1:0/0/75/0/0 2:0/0/75/0/0 3:0/0/78/0/0 4:0/0/84/0/0 5:0/0/88/0/0 6:0/0/90/0/0 7:0/0/87/0/0 8:0/0/84/0/0 9:0/0/79/0/0 10:0/0/75/0/0 11:0/0/75/0/0 12:0/0/81/0/0 13:0/0/78/0/0 14:0/0/84/0/0 15:0/0/84/0/0 16:0/0/81/0/0 17:0/0/78/0/0 18:0/0/72/0/0 19:0/0/69/0/0 20:0/0/72/0/0 21:0/0/75/0/0 22:0/0/81/0/0 23:0/0/84/0/0 24:0/0/81/0/0 25:0/0/15/0/0
  profil PC (107627 tranches, high-water 0xefcd) : e980:10% 8240:7% 9a80:6% 8380:6% ecc0:4% 83c0:3% 8200:3% e940:3% 8300:3% 8540:2% 9a40:2% 81c0:2%
  fn=62059   page=1 insn=14394   IDLE   d_fb_det=0     a_sch=0100 0000 0000 0000 sync=0000 1530 ffff  | trames=62062 irq=0 iq=0
  [a_dd] fn=62066 etat=c214 FIRE=0 BFI=1 err=0 (ecart 4 trames) | vues=3000 ko=0 bfi=270
  [a5] #42500 A5/1 fn=61542 (T1=46 T2=0 T3=36) Kc=dfc42b2bc4b9a000 | dernier depot BSP fn=61541 (ecart +1)
  profil PC (107837 tranches, high-water 0xefce) : e980:10% 8240:7% 9a80:6% 8380:6% ecc0:4% 83c0:3% 8200:3% e940:3% 8300:3% 8540:2% 9a40:2% 81c0:2%
  fn=62276   page=0 insn=14354   IDLE   d_fb_det=0     a_sch=0100 0000 0000 0000 sync=0000 1530 ffff  | trames=62279 irq=0 iq=0
  [a5] #43000 A5/1 fn=61715 (T1=46 T2=17 T3=5) Kc=dfc42b2bc4b9a000 | dernier depot BSP fn=61714 (ecart +1)
  profil PC (107935 tranches, high-water 0xefc6) : e980:10% 8240:7% 9a80:6% 8380:6% ecc0:4% 83c0:3% 8200:3% e940:3% 8300:3% 8540:2% 9a40:2% 81c0:2%
  fn=62493   page=1 insn=14368   IDLE   d_fb_det=0     a_sch=0100 0000 0000 0000 sync=0000 1530 ffff  | trames=62496 irq=0 iq=0
  hacks actifs : RHEA_DMA ; cadencement : STREAM LOCKSTEP  ; stimulus : none
  [a_dd] fn=62499 etat=c214 FIRE=0 BFI=1 err=0 (ecart 4 trames) | vues=3100 ko=0 bfi=370
  [a5] #43500 A5/1 fn=61889 (T1=46 T2=9 T3=26) Kc=dfc42b2bc4b9a000 | dernier depot BSP fn=61888 (ecart +1)
  [a_fd] fn=62625 fn%13=4 etat=8080 BLUD=1 FIRE=0 d_tch_mode=ca00 L2=03 24 09 83 | ok=43 ko=0
  [a_fd] fn=62660 fn%13=0 etat=8080 BLUD=1 FIRE=0 d_tch_mode=ca08 L2=03 34 09 83 | ok=44 ko=0
  [a_fd] fn=62677 fn%13=4 etat=8080 BLUD=1 FIRE=0 d_tch_mode=ca08 L2=01 41 01 2b | ok=45 ko=0
  [a_fd] fn=62690 fn%13=4 etat=8080 BLUD=1 FIRE=0 d_tch_mode=ca08 L2=03 51 01 2b | ok=46 ko=0
  profil PC (107730 tranches, high-water 0xefcb) : e980:10% 8240:7% 9a80:6% 8380:6% ecc0:4% 83c0:3% 8200:3% e940:3% 8300:3% 8540:2% 9a40:2% 81c0:2%
  fn=62710   page=0 insn=14404   IDLE   d_fb_det=0     a_sch=0100 0000 0000 0000 sync=0000 1530 ffff  | trames=62713 irq=0 iq=0
  [a5] #44000 A5/1 fn=62062 (T1=46 T2=0 T3=46) Kc=dfc42b2bc4b9a000 | dernier depot BSP fn=62061 (ecart +1)
  [a5-hist] #44000 recales=0 ecart(-1/0/+1/+2/autre) par fn%26 : 0:0/0/81/0/0 1:0/0/78/0/0 2:0/0/78/0/0 3:0/0/78/0/0 4:0/0/78/0/0 5:0/0/78/0/0 6:0/0/78/0/0 7:0/0/78/0/0 8:0/0/78/0/0 9:0/0/80/0/0 10:0/0/81/0/0 11:0/0/81/0/0 12:0/0/81/0/0 13:0/0/81/0/0 14:0/0/81/0/0 15:0/0/81/0/0 16:0/0/81/0/0 17:0/0/81/0/0 18:0/0/81/0/0 19:0/0/81/0/0 20:0/0/81/0/0 21:0/0/81/0/0 22:0/0/81/0/0 23:0/0/81/0/0 24:0/0/81/0/0
  [a_cd] fn=62877 p51=45 p102=45 etat=8000 ok L2=0f 00 03 03 | ok=162 ko=38
  [a5] #44500 A5/1 fn=62235 (T1=46 T2=17 T3=15) Kc=dfc42b2bc4b9a000 | dernier depot BSP fn=62234 (ecart +1)
  profil PC (108085 tranches, high-water 0xefc8) : e980:10% 8240:7% 9a80:6% 8380:6% ecc0:4% 83c0:3% 8200:3% e940:3% 8300:3% 8540:2% 9a40:2% 81c0:2%
  fn=62927   page=1 insn=14396   IDLE   d_fb_det=0     a_sch=0100 0000 0000 0000 sync=0000 1530 ffff  | trames=62930 irq=0 iq=0
  [a_dd] fn=62933 etat=c200 FIRE=0 BFI=0 err=0 (ecart 5 trames) | vues=3200 ko=0 bfi=406
  [chrono] fn=62997 sur 1000 trames (ms) : qemu 2.43 | A 0.16 | go 0.28 | B 0.06 | apres DONE 1.69 | trame 4.61 (temps reel 4.62)
  [a5] #45000 A5/1 fn=62409 (T1=47 T2=9 T3=36) Kc=dfc42b2bc4b9a000 | dernier depot BSP fn=62408 (ecart +1)
  profil PC (108085 tranches, high-water 0xefce) : e980:10% 8240:7% 9a80:6% 8380:6% ecc0:4% 83c0:3% 8200:3% e940:3% 8300:3% 8540:2% 9a40:2% 81c0:2%
  fn=63144   page=0 insn=14347   IDLE   d_fb_det=0     a_sch=0100 0000 0000 0000 sync=0000 1530 ffff  | trames=63147 irq=0 iq=0
  [a5] #45500 A5/1 fn=62582 (T1=47 T2=0 T3=5) Kc=dfc42b2bc4b9a000 | dernier depot BSP fn=62581 (ecart +1)
  profil PC (107862 tranches, high-water 0xefce) : e980:10% 8240:7% 9a80:6% 8380:6% ecc0:4% 83c0:3% 8200:3% e940:3% 8300:3% 8540:2% 9a40:2% 81c0:2%
  fn=63361   page=1 insn=14348   IDLE   d_fb_det=0     a_sch=0100 0000 0000 0000 sync=0000 1530 ffff  | trames=63364 irq=0 iq=0
  [a_dd] fn=63366 etat=c200 FIRE=0 BFI=0 err=0 (ecart 4 trames) | vues=3300 ko=0 bfi=407
  [a5] #46000 A5/1 fn=62755 (T1=47 T2=17 T3=25) Kc=dfc42b2bc4b9a000 | dernier depot BSP fn=62754 (ecart +1)
  [a5-hist] #46000 recales=0 ecart(-1/0/+1/+2/autre) par fn%26 : 0:0/0/78/0/0 1:0/0/81/0/0 2:0/0/81/0/0 3:0/0/81/0/0 4:0/0/81/0/0 5:0/0/81/0/0 6:0/0/81/0/0 7:0/0/81/0/0 8:0/0/81/0/0 9:0/0/81/0/0 10:0/0/81/0/0 11:0/0/81/0/0 12:0/0/81/0/0 13:0/0/81/0/0 14:0/0/81/0/0 15:0/0/81/0/0 16:0/0/81/0/0 17:0/0/80/0/0 18:0/0/78/0/0 19:0/0/78/0/0 20:0/0/78/0/0 21:0/0/78/0/0 22:0/0/78/0/0 23:0/0/78/0/0 24:0/0/78/0/0
  profil PC (109227 tranches, high-water 0xefce) : e980:10% 8240:7% 9a80:6% 8380:6% ecc0:4% 83c0:3% 8200:3% e940:3% 8300:3% 8540:2% 9a40:2% 81c0:2%
  fn=63578   page=0 insn=85449   IDLE   d_fb_det=0     a_sch=0100 0000 0000 0000 sync=0000 1530 ffff  | trames=63581 irq=0 iq=0
  [a5] #46500 A5/1 fn=62929 (T1=47 T2=9 T3=46) Kc=dfc42b2bc4b9a000 | dernier depot BSP fn=62928 (ecart +1)
  [a5] #47000 A5/1 fn=63102 (T1=47 T2=0 T3=15) Kc=dfc42b2bc4b9a000 | dernier depot BSP fn=63101 (ecart +1)
  profil PC (108081 tranches, high-water 0xefce) : e980:10% 8240:7% 9a80:6% 8380:6% ecc0:4% 83c0:3% 8200:3% e940:3% 8300:3% 8540:2% 9a40:2% 81c0:2%
  fn=63795   page=1 insn=85455   IDLE   d_fb_det=0     a_sch=0100 0000 0000 0000 sync=0000 1530 ffff  | trames=63798 irq=0 iq=0
  [a_dd] fn=63799 etat=c200 FIRE=0 BFI=0 err=0 (ecart 4 trames) | vues=3400 ko=0 bfi=407
  [a5] #47500 A5/1 fn=63275 (T1=47 T2=17 T3=35) Kc=dfc42b2bc4b9a000 | dernier depot BSP fn=63274 (ecart +1)
  [chrono] fn=63997 sur 1000 trames (ms) : qemu 2.25 | A 0.17 | go 0.29 | B 0.07 | apres DONE 1.84 | trame 4.62 (temps reel 4.62)
  profil PC (107873 tranches, high-water 0xefc8) : e980:10% 8240:7% 9a80:6% 8380:6% ecc0:4% 83c0:3% 8200:3% e940:3% 8300:3% 8540:2% 9a40:2% 81c0:2%
  fn=64012   page=0 insn=85476   IDLE   d_fb_det=0     a_sch=0100 0000 0000 0000 sync=0000 1530 ffff  | trames=64015 irq=0 iq=0
  [a5] #48000 A5/1 fn=63449 (T1=47 T2=9 T3=5) Kc=dfc42b2bc4b9a000 | dernier depot BSP fn=63448 (ecart +1)
  [a5-hist] #48000 recales=0 ecart(-1/0/+1/+2/autre) par fn%26 : 0:0/0/81/0/0 1:0/0/81/0/0 2:0/0/81/0/0 3:0/0/81/0/0 4:0/0/81/0/0 5:0/0/81/0/0 6:0/0/81/0/0 7:0/0/81/0/0 8:0/0/81/0/0 9:0/0/79/0/0 10:0/0/78/0/0 11:0/0/78/0/0 12:0/0/78/0/0 13:0/0/78/0/0 14:0/0/78/0/0 15:0/0/78/0/0 16:0/0/78/0/0 17:0/0/79/0/0 18:0/0/81/0/0 19:0/0/81/0/0 20:0/0/81/0/0 21:0/0/81/0/0 22:0/0/81/0/0 23:0/0/81/0/0 24:0/0/81/0/0
  profil PC (108437 tranches, high-water 0xefce) : e980:10% 8240:7% 9a80:6% 8380:6% ecc0:4% 83c0:3% 8200:3% e940:3% 8300:3% 8540:2% 9a40:2% 81c0:2%
  fn=64229   page=1 insn=36762   IDLE   d_fb_det=0     a_sch=0100 0000 0000 0000 sync=0000 1530 ffff  | trames=64232 irq=0 iq=0
  hacks actifs : RHEA_DMA ; cadencement : STREAM LOCKSTEP  ; stimulus : none
  [a_dd] fn=64233 etat=c200 FIRE=0 BFI=0 err=0 (ecart 5 trames) | vues=3500 ko=0 bfi=407
  [a5] #48500 A5/1 fn=63622 (T1=47 T2=0 T3=25) Kc=dfc42b2bc4b9a000 | dernier depot BSP fn=63621 (ecart +1)
  [a_fd] fn=64393 fn%13=4 etat=8080 BLUD=1 FIRE=0 d_tch_mode=ca08 L2=01 61 01 2b | ok=47 ko=0
  [a_fd] fn=64397 fn%13=8 etat=8080 BLUD=1 FIRE=0 d_tch_mode=ca00 L2=03 66 19 83 | ok=48 ko=0
  [a_fd] fn=64432 fn%13=4 etat=8080 BLUD=1 FIRE=0 d_tch_mode=ca00 L2=03 76 19 83 | ok=49 ko=0
  [a_fd] fn=64445 fn%13=4 etat=8080 BLUD=1 FIRE=0 d_tch_mode=ca00 L2=01 81 01 2b | ok=50 ko=0
  profil PC (108146 tranches, high-water 0xefce) : e980:10% 8240:7% 9a80:6% 8380:6% ecc0:4% 83c0:3% 8200:3% e940:3% 8300:3% 8540:2% 9a40:2% 81c0:2%
  fn=64446   page=0 insn=14349   IDLE   d_fb_det=0     a_sch=0100 0000 0000 0000 sync=0000 1530 ffff  | trames=64449 irq=0 iq=0
  [a_fd] fn=64467 fn%13=0 etat=8080 BLUD=1 FIRE=0 d_tch_mode=ca00 L2=03 91 01 2b | ok=51 ko=0
  [a5] #49000 A5/1 fn=63795 (T1=48 T2=17 T3=45) Kc=dfc42b2bc4b9a000 | dernier depot BSP fn=63794 (ecart +1)
  [a_fd] fn=64471 fn%13=4 etat=8080 BLUD=1 FIRE=0 d_tch_mode=ca00 L2=03 88 0d 06 | ok=52 ko=0
  [a_fd] fn=64506 fn%13=0 etat=8080 BLUD=1 FIRE=0 d_tch_mode=ca00 L2=03 98 0d 06 | ok=53 ko=0
  [a_fd] fn=64519 fn%13=0 etat=8080 BLUD=1 FIRE=0 d_tch_mode=ca00 L2=01 73 01 2b | ok=54 ko=0
  [a5-arm] tick=64520 d_a5mode=0 a_kc=a000 c4b9 2b2b dfc4  (BSP sur le TCH)
  [montant] retour en clair (seq=19)
  [afc] fn=64526 w_page=0 relaye=-700 | page0=-700 page1=-701
  [montant] tache FB postee : le mobile cherche la synchro, canal dedie libere (TS0 rendu au FCCH/SCH)
  [afc] fn=64527 w_page=1 relaye=-700 | page0=-700 page1=-700
  [jalon] fn=64535 d_fb_det=1  hacks=RHEA_DMA
  [sbwin] SB #4543 fn=63863 p51=11 tick=64536 : armee=0 one_shot=0 page_prog=48 rif_avant=0 nwin=0 marge=0 -> DMA NON ARMEE (le RIF jette) : SCH memorise pour la fenetre SB (dans une vraie fenetre SB : 27/4543)
  [jalon] fn=64545 d_fb_det=1  hacks=RHEA_DMA
  [sbwin] SB #4544 fn=63873 p51=21 tick=64546 : armee=0 one_shot=0 page_prog=48 rif_avant=0 nwin=0 marge=0 -> DMA NON ARMEE (le RIF jette) : SCH memorise pour la fenetre SB (dans une vraie fenetre SB : 27/4544)
  [cmd] fn=64554 tache SB postee par l'ARM (W0 md=6 W1 md=0)
  [sb] fn=64554 p51=39 | FB a fn=64545 toa=8743 pm=5424 ang=-1 | TOA-ROM=8743 src=fine | a_sch=0100 crc_ko
  [a_sch] fn=64555 page=0 : 0100 0000 0000 0000 -> 8100 0016 f85d 01fb  (d_dsp_page=0003) TOA=0 PM=5521 SNR=12 crc_ko
  [sbwin] SB #4545 fn=63883 p51=31 tick=64556 : armee=1 one_shot=1 page_prog=191 rif_avant=0 nwin=191 marge=21 -> FENETRE SB (one-shot) (dans une vraie fenetre SB : 28/4545)
  [a_sch] fn=64556 page=1 : 0100 0000 0000 0000 -> 8000 10cd 181c 0105  (d_dsp_page=0003) TOA=23 PM=5344 SNR=8196 CRC_OK
  [jalon] fn=64556 SB PLAUSIBLE page=1 BSIC=7 a_sch=8000 10cd 181c 0105  hacks=RHEA_DMA
  [a_sch] fn=64557 page=0 : 8100 0016 f85d 01fb -> 0100 0000 0000 0000  (d_dsp_page=0003) TOA=0 PM=0 SNR=0 crc_ko
  [sbwin] SB #4546 fn=63893 p51=41 tick=64566 : armee=0 one_shot=0 page_prog=191 rif_avant=0 nwin=0 marge=0 -> DMA NON ARMEE (le RIF jette) : SCH memorise pour la fenetre SB (dans une vraie fenetre SB : 28/4546)
  [sbwin] SB #4547 fn=63904 p51=1 tick=64577 : armee=0 one_shot=0 page_prog=191 rif_avant=0 nwin=0 marge=0 -> DMA NON ARMEE (le RIF jette) : SCH memorise pour la fenetre SB (dans une vraie fenetre SB : 28/4547)
  [a_sch] fn=64580 page=1 : 8000 10cd 181c 0105 -> 0100 0000 0000 0000  (d_dsp_page=0003) TOA=0 PM=0 SNR=0 crc_ko
  [sbwin] SB #4548 fn=63914 p51=11 tick=64587 : armee=0 one_shot=0 page_prog=151 rif_avant=0 nwin=0 marge=0 -> DMA NON ARMEE (le RIF jette) : SCH memorise pour la fenetre SB (dans une vraie fenetre SB : 28/4548)
  [sbwin] SB #4549 fn=63924 p51=21 tick=64597 : armee=0 one_shot=0 page_prog=151 rif_avant=0 nwin=0 marge=0 -> DMA NON ARMEE (le RIF jette) : SCH memorise pour la fenetre SB (dans une vraie fenetre SB : 28/4549)
  [sbwin] SB #4550 fn=63934 p51=31 tick=64607 : armee=0 one_shot=0 page_prog=151 rif_avant=0 nwin=0 marge=0 -> DMA NON ARMEE (le RIF jette) : SCH memorise pour la fenetre SB (dans une vraie fenetre SB : 28/4550)
  [montant] canal dedie (side-band seq=21) : libere TS0 SDCCH/4 SS=0
pont : canal dedie libere : TS0 SDCCH/8 SS=0
  [montant] TCH (seq=0) : annonce TS2 retiree (le firmware n'y etait pas)
  profil PC (50169 tranches, high-water 0xefc9) : e980:7% 8240:6% 9a80:6% 8380:5% 77c0:4% ecc0:3% 8200:3% 83c0:3% 8300:2% 8540:2% 7800:2% e940:2%
  fn=64663   page=1 insn=119     IDLE   d_fb_det=0     a_sch=0100 0000 0000 0000 sync=0000 1530 ffff  | trames=64666 irq=0 iq=0
  [sbwin] SB #4560 fn=64036 p51=31 tick=64709 : armee=0 one_shot=0 page_prog=151 rif_avant=0 nwin=0 marge=0 -> DMA NON ARMEE (le RIF jette) : SCH memorise pour la fenetre SB (dans une vraie fenetre SB : 28/4560)
  [jalon] fn=64739 d_fb_det=1  hacks=RHEA_DMA
  [sbwin] SB #4563 fn=64067 p51=11 tick=64740 : armee=0 one_shot=0 page_prog=48 rif_avant=0 nwin=0 marge=0 -> DMA NON ARMEE (le RIF jette) : SCH memorise pour la fenetre SB (dans une vraie fenetre SB : 28/4563)
  [jalon] fn=64749 d_fb_det=1  hacks=RHEA_DMA
  [sbwin] SB #4564 fn=64077 p51=21 tick=64750 : armee=0 one_shot=0 page_prog=48 rif_avant=0 nwin=0 marge=0 -> DMA NON ARMEE (le RIF jette) : SCH memorise pour la fenetre SB (dans une vraie fenetre SB : 28/4564)
  [cmd] fn=64758 tache SB postee par l'ARM (W0 md=6 W1 md=0)
  [sb] fn=64758 p51=39 | FB a fn=64749 toa=8743 pm=5424 ang=-1 | TOA-ROM=8743 src=fine | a_sch=0100 crc_ko
  [a_sch] fn=64759 page=0 : 0100 0000 0000 0000 -> 8100 0016 f85d 01fb  (d_dsp_page=0003) TOA=0 PM=5521 SNR=12 crc_ko
  [sbwin] SB #4565 fn=64087 p51=31 tick=64760 : armee=1 one_shot=1 page_prog=191 rif_avant=0 nwin=191 marge=21 -> FENETRE SB (one-shot) (dans une vraie fenetre SB : 29/4565)
  [a_sch] fn=64760 page=1 : 0100 0000 0000 0000 -> 8000 119e 181c 015d  (d_dsp_page=0003) TOA=23 PM=5349 SNR=14256 CRC_OK
  [jalon] fn=64760 SB PLAUSIBLE page=1 BSIC=7 a_sch=8000 119e 181c 015d  hacks=RHEA_DMA
  [a_sch] fn=64761 page=0 : 8100 0016 f85d 01fb -> 0100 0000 0000 0000  (d_dsp_page=0003) TOA=0 PM=0 SNR=0 crc_ko
  [sbwin] SB #4566 fn=64097 p51=41 tick=64770 : armee=0 one_shot=0 page_prog=64 rif_avant=0 nwin=0 marge=0 -> DMA NON ARMEE (le RIF jette) : SCH memorise pour la fenetre SB (dans une vraie fenetre SB : 29/4566)
  [sbwin] SB #4567 fn=64108 p51=1 tick=64781 : armee=0 one_shot=0 page_prog=64 rif_avant=0 nwin=0 marge=0 -> DMA NON ARMEE (le RIF jette) : SCH memorise pour la fenetre SB (dans une vraie fenetre SB : 29/4567)
  [a_sch] fn=64781 page=1 : 8000 119e 181c 015d -> 0100 0000 0000 0000  (d_dsp_page=0002) TOA=0 PM=0 SNR=0 crc_ko
  [sbwin] SB #4568 fn=64118 p51=11 tick=64791 : armee=0 one_shot=0 page_prog=64 rif_avant=0 nwin=0 marge=0 -> DMA NON ARMEE (le RIF jette) : SCH memorise pour la fenetre SB (dans une vraie fenetre SB : 29/4568)
  [sbwin] SB #4569 fn=64128 p51=21 tick=64801 : armee=0 one_shot=0 page_prog=64 rif_avant=0 nwin=0 marge=0 -> DMA NON ARMEE (le RIF jette) : SCH memorise pour la fenetre SB (dans une vraie fenetre SB : 29/4569)
  [sbwin] SB #4570 fn=64138 p51=31 tick=64811 : armee=0 one_shot=0 page_prog=64 rif_avant=0 nwin=0 marge=0 -> DMA NON ARMEE (le RIF jette) : SCH memorise pour la fenetre SB (dans une vraie fenetre SB : 29/4570)
  profil PC (22652 tranches, high-water 0xde92) : 9a80:9% 8240:8% 8380:8% 77c0:4% 83c0:4% 8300:3% 8200:3% 8540:3% 9a40:3% 81c0:2% a0c0:2% 7800:2%
  fn=64880   page=0 insn=119     IDLE   d_fb_det=0     a_sch=0100 0000 0000 0000 sync=0000 1530 ffff  | trames=64883 irq=0 iq=0
  [sbwin] SB #4580 fn=64240 p51=31 tick=64913 : armee=0 one_shot=0 page_prog=64 rif_avant=0 nwin=0 marge=0 -> DMA NON ARMEE (le RIF jette) : SCH memorise pour la fenetre SB (dans une vraie fenetre SB : 29/4580)
  [chrono] fn=64997 sur 1000 trames (ms) : qemu 2.86 | A 0.11 | go 0.28 | B 0.12 | apres DONE 1.25 | trame 4.61 (temps reel 4.62)
  [sbwin] SB #4590 fn=64342 p51=31 tick=65015 : armee=0 one_shot=0 page_prog=64 rif_avant=0 nwin=0 marge=0 -> DMA NON ARMEE (le RIF jette) : SCH memorise pour la fenetre SB (dans une vraie fenetre SB : 29/4590)
  profil PC (23524 tranches, high-water 0xde91) : 9a80:11% 8240:11% 8380:10% 83c0:5% 8200:4% 8300:4% 8540:4% 9a40:4% a0c0:3% 81c0:3% 82c0:3% 9a00:2%
  fn=65097   page=0 insn=119     IDLE   d_fb_det=0     a_sch=0100 0000 0000 0000 sync=0000 1530 ffff  | trames=65100 irq=0 iq=0
  [sbwin] SB #4600 fn=64444 p51=31 tick=65117 : armee=0 one_shot=0 page_prog=64 rif_avant=0 nwin=0 marge=0 -> DMA NON ARMEE (le RIF jette) : SCH memorise pour la fenetre SB (dans une vraie fenetre SB : 29/4600)
  [sbwin] SB #4610 fn=64546 p51=31 tick=65219 : armee=0 one_shot=0 page_prog=64 rif_avant=0 nwin=0 marge=0 -> DMA NON ARMEE (le RIF jette) : SCH memorise pour la fenetre SB (dans une vraie fenetre SB : 29/4610)
  profil PC (23503 tranches, high-water 0xde92) : 9a80:11% 8240:11% 8380:10% 83c0:5% 8200:4% 8300:4% 8540:4% 9a40:4% a0c0:3% 81c0:3% 82c0:3% 9a00:2%
  fn=65314   page=1 insn=119     IDLE   d_fb_det=0     a_sch=0100 0000 0000 0000 sync=0000 1530 ffff  | trames=65317 irq=0 iq=0
  [sbwin] SB #4620 fn=64648 p51=31 tick=65321 : armee=0 one_shot=0 page_prog=64 rif_avant=0 nwin=0 marge=0 -> DMA NON ARMEE (le RIF jette) : SCH memorise pour la fenetre SB (dans une vraie fenetre SB : 29/4620)
  [sbwin] SB #4630 fn=64750 p51=31 tick=65423 : armee=0 one_shot=0 page_prog=64 rif_avant=0 nwin=0 marge=0 -> DMA NON ARMEE (le RIF jette) : SCH memorise pour la fenetre SB (dans une vraie fenetre SB : 29/4630)
  [sbwin] SB #4640 fn=64852 p51=31 tick=65525 : armee=0 one_shot=0 page_prog=64 rif_avant=0 nwin=0 marge=0 -> DMA NON ARMEE (le RIF jette) : SCH memorise pour la fenetre SB (dans une vraie fenetre SB : 29/4640)
  profil PC (21015 tranches, high-water 0xde91) : 9a80:11% 8240:11% 8380:10% 83c0:5% 8200:4% 8300:4% 8540:4% 9a40:4% a0c0:3% 81c0:3% 82c0:3% 9a00:2%
  fn=65531   page=0 insn=119     IDLE   d_fb_det=0     a_sch=0100 0000 0000 0000 sync=0000 1530 ffff  | trames=65534 irq=0 iq=0
  [sbwin] SB #4650 fn=64954 p51=31 tick=65627 : armee=0 one_shot=0 page_prog=64 rif_avant=0 nwin=0 marge=0 -> DMA NON ARMEE (le RIF jette) : SCH memorise pour la fenetre SB (dans une vraie fenetre SB : 29/4650)
  [sbwin] SB #4660 fn=65056 p51=31 tick=65729 : armee=0 one_shot=0 page_prog=64 rif_avant=0 nwin=0 marge=0 -> DMA NON ARMEE (le RIF jette) : SCH memorise pour la fenetre SB (dans une vraie fenetre SB : 29/4660)
  profil PC (21011 tranches, high-water 0xde92) : 9a80:11% 8240:11% 8380:10% 83c0:5% 8200:4% 8300:4% 8540:4% 9a40:4% a0c0:3% 81c0:3% 82c0:3% 9a00:2%
  fn=65748   page=1 insn=119     IDLE   d_fb_det=0     a_sch=0100 0000 0000 0000 sync=0000 1530 ffff  | trames=65751 irq=0 iq=0
  [sbwin] SB #4670 fn=65158 p51=31 tick=65831 : armee=0 one_shot=0 page_prog=64 rif_avant=0 nwin=0 marge=0 -> DMA NON ARMEE (le RIF jette) : SCH memorise pour la fenetre SB (dans une vraie fenetre SB : 29/4670)
  [ts0] tick=65930 fn=65257 p51=28 NB fenetre=0 marge=0 rif_avant=0
  [sbwin] SB #4680 fn=65260 p51=31 tick=65933 : armee=0 one_shot=0 page_prog=64 rif_avant=0 nwin=0 marge=0 -> DMA NON ARMEE (le RIF jette) : SCH memorise pour la fenetre SB (dans une vraie fenetre SB : 29/4680)
  profil PC (23747 tranches, high-water 0xde92) : 9a80:11% 8240:11% 8380:10% 83c0:5% 8200:4% 8300:4% 8540:4% 9a40:4% a0c0:3% 81c0:3% 82c0:3% 9a00:2%
  fn=65965   page=0 insn=13731   IDLE   d_fb_det=0     a_sch=0100 0000 0000 0000 sync=0000 1530 ffff  | trames=65968 irq=0 iq=0
  hacks actifs : RHEA_DMA ; cadencement : STREAM LOCKSTEP  ; stimulus : none
  [chrono] fn=65997 sur 1000 trames (ms) : qemu 3.60 | A 0.05 | go 0.27 | B 0.16 | apres DONE 0.53 | trame 4.62 (temps reel 4.62)
  [sbwin] SB #4690 fn=65362 p51=31 tick=66035 : armee=0 one_shot=0 page_prog=64 rif_avant=0 nwin=0 marge=0 -> DMA NON ARMEE (le RIF jette) : SCH memorise pour la fenetre SB (dans une vraie fenetre SB : 29/4690)
  [sbwin] SB #4700 fn=65464 p51=31 tick=66137 : armee=0 one_shot=0 page_prog=64 rif_avant=0 nwin=0 marge=0 -> DMA NON ARMEE (le RIF jette) : SCH memorise pour la fenetre SB (dans une vraie fenetre SB : 29/4700)
  profil PC (23282 tranches, high-water 0xde91) : 9a80:11% 8240:11% 8380:10% 83c0:5% 8200:4% 8300:4% 8540:4% 9a40:4% a0c0:3% 81c0:3% 82c0:3% 9a00:2%
  fn=66182   page=0 insn=119     IDLE   d_fb_det=0     a_sch=0100 0000 0000 0000 sync=0000 1530 ffff  | trames=66185 irq=0 iq=0
  [sbwin] SB #4710 fn=65566 p51=31 tick=66239 : armee=0 one_shot=0 page_prog=64 rif_avant=0 nwin=0 marge=0 -> DMA NON ARMEE (le RIF jette) : SCH memorise pour la fenetre SB (dans une vraie fenetre SB : 29/4710)
  [sbwin] SB #4720 fn=65668 p51=31 tick=66341 : armee=0 one_shot=0 page_prog=64 rif_avant=0 nwin=0 marge=0 -> DMA NON ARMEE (le RIF jette) : SCH memorise pour la fenetre SB (dans une vraie fenetre SB : 29/4720)
  profil PC (21011 tranches, high-water 0xde92) : 9a80:11% 8240:11% 8380:10% 83c0:5% 8200:4% 8300:4% 8540:4% 9a40:4% a0c0:3% 81c0:3% 82c0:3% 9a00:2%
  fn=66399   page=1 insn=119     IDLE   d_fb_det=0     a_sch=0100 0000 0000 0000 sync=0000 1530 ffff  | trames=66402 irq=0 iq=0
  [sbwin] SB #4730 fn=65770 p51=31 tick=66443 : armee=0 one_shot=0 page_prog=64 rif_avant=0 nwin=0 marge=0 -> DMA NON ARMEE (le RIF jette) : SCH memorise pour la fenetre SB (dans une vraie fenetre SB : 29/4730)
  [sbwin] SB #4740 fn=65872 p51=31 tick=66545 : armee=0 one_shot=0 page_prog=64 rif_avant=0 nwin=0 marge=0 -> DMA NON ARMEE (le RIF jette) : SCH memorise pour la fenetre SB (dans une vraie fenetre SB : 29/4740)
  profil PC (21036 tranches, high-water 0xde91) : 9a80:11% 8240:11% 8380:10% 83c0:5% 8200:4% 8300:4% 8540:4% 9a40:4% a0c0:3% 81c0:3% 82c0:3% 9a00:2%
  fn=66616   page=1 insn=1359    IDLE   d_fb_det=0     a_sch=0100 0000 0000 0000 sync=0000 1530 ffff  | trames=66619 irq=0 iq=0
  [sbwin] SB #4750 fn=65974 p51=31 tick=66647 : armee=0 one_shot=0 page_prog=64 rif_avant=0 nwin=0 marge=0 -> DMA NON ARMEE (le RIF jette) : SCH memorise pour la fenetre SB (dans une vraie fenetre SB : 29/4750)
  [sbwin] SB #4760 fn=66076 p51=31 tick=66749 : armee=0 one_shot=0 page_prog=64 rif_avant=0 nwin=0 marge=0 -> DMA NON ARMEE (le RIF jette) : SCH memorise pour la fenetre SB (dans une vraie fenetre SB : 29/4760)
  profil PC (23945 tranches, high-water 0xde92) : 9a80:11% 8240:11% 8380:10% 83c0:5% 8200:4% 8300:4% 8540:4% 9a40:4% a0c0:3% 81c0:3% 82c0:3% 9a00:2%
  fn=66833   page=0 insn=13609   IDLE   d_fb_det=0     a_sch=0100 0000 0000 0000 sync=0000 1530 ffff  | trames=66836 irq=0 iq=0
  [sbwin] SB #4770 fn=66178 p51=31 tick=66851 : armee=0 one_shot=0 page_prog=64 rif_avant=0 nwin=0 marge=0 -> DMA NON ARMEE (le RIF jette) : SCH memorise pour la fenetre SB (dans une vraie fenetre SB : 29/4770)
  [sbwin] SB #4780 fn=66280 p51=31 tick=66953 : armee=0 one_shot=0 page_prog=64 rif_avant=0 nwin=0 marge=0 -> DMA NON ARMEE (le RIF jette) : SCH memorise pour la fenetre SB (dans une vraie fenetre SB : 29/4780)
  [chrono] fn=66997 sur 1000 trames (ms) : qemu 3.74 | A 0.04 | go 0.26 | B 0.12 | apres DONE 0.45 | trame 4.62 (temps reel 4.62)
  profil PC (23059 tranches, high-water 0xde91) : 9a80:11% 8240:11% 8380:10% 83c0:5% 8200:4% 8300:4% 8540:4% 9a40:4% a0c0:3% 81c0:3% 82c0:3% 9a00:2%
  fn=67050   page=1 insn=119     IDLE   d_fb_det=0     a_sch=0100 0000 0000 0000 sync=0000 1530 ffff  | trames=67053 irq=0 iq=0
  [sbwin] SB #4790 fn=66382 p51=31 tick=67055 : armee=0 one_shot=0 page_prog=64 rif_avant=0 nwin=0 marge=0 -> DMA NON ARMEE (le RIF jette) : SCH memorise pour la fenetre SB (dans une vraie fenetre SB : 29/4790)
  [sbwin] SB #4800 fn=66484 p51=31 tick=67157 : armee=0 one_shot=0 page_prog=64 rif_avant=0 nwin=0 marge=0 -> DMA NON ARMEE (le RIF jette) : SCH memorise pour la fenetre SB (dans une vraie fenetre SB : 29/4800)
  [sbwin] SB #4810 fn=66586 p51=31 tick=67259 : armee=0 one_shot=0 page_prog=64 rif_avant=0 nwin=0 marge=0 -> DMA NON ARMEE (le RIF jette) : SCH memorise pour la fenetre SB (dans une vraie fenetre SB : 29/4810)
  profil PC (21011 tranches, high-water 0xde92) : 9a80:11% 8240:11% 8380:10% 83c0:5% 8200:4% 8300:4% 8540:4% 9a40:4% a0c0:3% 81c0:3% 82c0:3% 9a00:2%
  fn=67267   page=0 insn=119     IDLE   d_fb_det=0     a_sch=0100 0000 0000 0000 sync=0000 1530 ffff  | trames=67270 irq=0 iq=0
  [sbwin] SB #4820 fn=66688 p51=31 tick=67361 : armee=0 one_shot=0 page_prog=64 rif_avant=0 nwin=0 marge=0 -> DMA NON ARMEE (le RIF jette) : SCH memorise pour la fenetre SB (dans une vraie fenetre SB : 29/4820)
  [sbwin] SB #4830 fn=66790 p51=31 tick=67463 : armee=0 one_shot=0 page_prog=64 rif_avant=0 nwin=0 marge=0 -> DMA NON ARMEE (le RIF jette) : SCH memorise pour la fenetre SB (dans une vraie fenetre SB : 29/4830)
  profil PC (21036 tranches, high-water 0xde91) : 9a80:11% 8240:11% 8380:10% 83c0:5% 8200:4% 8300:4% 8540:4% 9a40:4% a0c0:3% 81c0:3% 82c0:3% 9a00:2%
  fn=67484   page=0 insn=119     IDLE   d_fb_det=0     a_sch=0100 0000 0000 0000 sync=0000 1530 ffff  | trames=67487 irq=0 iq=0
  [sbwin] SB #4840 fn=66892 p51=31 tick=67565 : armee=0 one_shot=0 page_prog=64 rif_avant=0 nwin=0 marge=0 -> DMA NON ARMEE (le RIF jette) : SCH memorise pour la fenetre SB (dans une vraie fenetre SB : 29/4840)
  [sbwin] SB #4850 fn=66994 p51=31 tick=67667 : armee=0 one_shot=0 page_prog=64 rif_avant=0 nwin=0 marge=0 -> DMA NON ARMEE (le RIF jette) : SCH memorise pour la fenetre SB (dans une vraie fenetre SB : 29/4850)
  profil PC (24173 tranches, high-water 0xde92) : 9a80:11% 8240:11% 8380:10% 83c0:5% 8200:5% 8300:4% 8540:4% 9a40:4% 81c0:3% a0c0:3% 82c0:3% 9a00:2%
  fn=67701   page=0 insn=13607   IDLE   d_fb_det=0     a_sch=0100 0000 0000 0000 sync=0000 1530 ffff  | trames=67704 irq=0 iq=0
  hacks actifs : RHEA_DMA ; cadencement : STREAM LOCKSTEP  ; stimulus : none
  [sbwin] SB #4860 fn=67096 p51=31 tick=67769 : armee=0 one_shot=0 page_prog=64 rif_avant=0 nwin=0 marge=0 -> DMA NON ARMEE (le RIF jette) : SCH memorise pour la fenetre SB (dans une vraie fenetre SB : 29/4860)
  [jalon] fn=67870 d_fb_det=1  hacks=RHEA_DMA
  [sbwin] SB #4870 fn=67198 p51=31 tick=67871 : armee=0 one_shot=0 page_prog=48 rif_avant=0 nwin=0 marge=0 -> DMA NON ARMEE (le RIF jette) : SCH memorise pour la fenetre SB (dans une vraie fenetre SB : 29/4870)
  [afc] fn=67873 w_page=0 relaye=-699 | page0=-699 page1=-700
  [afc] fn=67874 w_page=0 relaye=-699 | page0=-699 page1=-699
  [jalon] fn=67880 d_fb_det=1  hacks=RHEA_DMA
  [sbwin] SB #4871 fn=67208 p51=41 tick=67881 : armee=0 one_shot=0 page_prog=48 rif_avant=0 nwin=0 marge=0 -> DMA NON ARMEE (le RIF jette) : SCH memorise pour la fenetre SB (dans une vraie fenetre SB : 29/4871)
  [cmd] fn=67889 tache SB postee par l'ARM (W0 md=6 W1 md=0)
  [sb] fn=67889 p51=8 | FB a fn=67880 toa=8743 pm=5445 ang=-7 | TOA-ROM=8743 src=fine | a_sch=0100 crc_ko
  [a_sch] fn=67890 page=0 : 0100 0000 0000 0000 -> 8100 00cf 86be 0060  (d_dsp_page=0003) TOA=23 PM=5416 SNR=231 crc_ko
  [a_sch] fn=67891 page=1 : 0100 0000 0000 0000 -> 8100 0030 4285 0017  (d_dsp_page=0003) TOA=16 PM=5521 SNR=9 crc_ko
  [sbwin] SB #4872 fn=67219 p51=1 tick=67892 : armee=0 one_shot=0 page_prog=191 rif_avant=0 nwin=0 marge=0 -> DMA NON ARMEE (le RIF jette) : SCH memorise pour la fenetre SB (dans une vraie fenetre SB : 29/4872)
  [a_sch] fn=67892 page=0 : 8100 00cf 86be 0060 -> 0100 0000 0000 0000  (d_dsp_page=0003) TOA=0 PM=0 SNR=0 crc_ko
  [a_sch] fn=67893 page=1 : 8100 0030 4285 0017 -> 0100 0000 0000 0000  (d_dsp_page=0003) TOA=0 PM=0 SNR=0 crc_ko
  [jalon] fn=67901 d_fb_det=1  hacks=RHEA_DMA
  [sbwin] SB #4873 fn=67229 p51=11 tick=67902 : armee=0 one_shot=0 page_prog=48 rif_avant=0 nwin=0 marge=0 -> DMA NON ARMEE (le RIF jette) : SCH memorise pour la fenetre SB (dans une vraie fenetre SB : 29/4873)
  [jalon] fn=67911 d_fb_det=1  hacks=RHEA_DMA
  [sbwin] SB #4874 fn=67239 p51=21 tick=67912 : armee=0 one_shot=0 page_prog=48 rif_avant=0 nwin=0 marge=0 -> DMA NON ARMEE (le RIF jette) : SCH memorise pour la fenetre SB (dans une vraie fenetre SB : 29/4874)
  profil PC (31323 tranches, high-water 0xde92) : 77c0:11% 9a80:7% 7800:6% 8240:6% 8380:5% 7840:4% 78c0:3% 83c0:3% 8300:2% 8200:2% a680:2% 8540:2%
  fn=67918   page=0 insn=119     IDLE   d_fb_det=0     a_sch=0100 0000 0000 0000 sync=0000 1530 ffff  | trames=67921 irq=0 iq=0
  [cmd] fn=67920 tache SB postee par l'ARM (W0 md=6 W1 md=0)
  [sb] fn=67920 p51=39 | FB a fn=67911 toa=8743 pm=5424 ang=-1 | TOA-ROM=8743 src=fine | a_sch=0100 crc_ko
  [a_sch] fn=67921 page=0 : 0100 0000 0000 0000 -> 8100 0016 f85d 01fb  (d_dsp_page=0003) TOA=0 PM=5521 SNR=12 crc_ko
  [sbwin] SB #4875 fn=67249 p51=31 tick=67922 : armee=1 one_shot=1 page_prog=191 rif_avant=0 nwin=191 marge=21 -> FENETRE SB (one-shot) (dans une vraie fenetre SB : 30/4875)
  [a_sch] fn=67922 page=1 : 0100 0000 0000 0000 -> 8000 1151 191c 0135  (d_dsp_page=0003) TOA=23 PM=5358 SNR=13228 CRC_OK
  [jalon] fn=67922 SB PLAUSIBLE page=1 BSIC=7 a_sch=8000 1151 191c 0135  hacks=RHEA_DMA
  [a_sch] fn=67923 page=0 : 8100 0016 f85d 01fb -> 0100 0000 0000 0000  (d_dsp_page=0003) TOA=0 PM=0 SNR=0 crc_ko
  [sbwin] SB #4876 fn=67259 p51=41 tick=67932 : armee=0 one_shot=0 page_prog=191 rif_avant=0 nwin=0 marge=0 -> DMA NON ARMEE (le RIF jette) : SCH memorise pour la fenetre SB (dans une vraie fenetre SB : 30/4876)
  [sbwin] SB #4877 fn=67270 p51=1 tick=67943 : armee=0 one_shot=0 page_prog=191 rif_avant=0 nwin=0 marge=0 -> DMA NON ARMEE (le RIF jette) : SCH memorise pour la fenetre SB (dans une vraie fenetre SB : 30/4877)
  [a_sch] fn=67946 page=1 : 8000 1151 191c 0135 -> 0100 0000 0000 0000  (d_dsp_page=0003) TOA=0 PM=0 SNR=0 crc_ko
  [jalon] fn=67952 d_fb_det=1  hacks=RHEA_DMA
  [sbwin] SB #4878 fn=67280 p51=11 tick=67953 : armee=0 one_shot=0 page_prog=48 rif_avant=0 nwin=0 marge=0 -> DMA NON ARMEE (le RIF jette) : SCH memorise pour la fenetre SB (dans une vraie fenetre SB : 30/4878)
  [jalon] fn=67962 d_fb_det=1  hacks=RHEA_DMA
  [sbwin] SB #4879 fn=67290 p51=21 tick=67963 : armee=0 one_shot=0 page_prog=48 rif_avant=0 nwin=0 marge=0 -> DMA NON ARMEE (le RIF jette) : SCH memorise pour la fenetre SB (dans une vraie fenetre SB : 30/4879)
  [cmd] fn=67971 tache SB postee par l'ARM (W0 md=6 W1 md=0)
  [sb] fn=67971 p51=39 | FB a fn=67962 toa=8743 pm=5424 ang=-1 | TOA-ROM=8743 src=fine | a_sch=0100 crc_ko
  [a_sch] fn=67972 page=0 : 0100 0000 0000 0000 -> 8100 0016 f85d 01fb  (d_dsp_page=0003) TOA=0 PM=5521 SNR=12 crc_ko
  [sbwin] SB #4880 fn=67300 p51=31 tick=67973 : armee=1 one_shot=1 page_prog=191 rif_avant=0 nwin=191 marge=21 -> FENETRE SB (one-shot) (dans une vraie fenetre SB : 31/4880)
  [a_sch] fn=67973 page=1 : 0100 0000 0000 0000 -> 8000 10b3 191c 0131  (d_dsp_page=0003) TOA=23 PM=5349 SNR=10549 CRC_OK
  [jalon] fn=67973 SB PLAUSIBLE page=1 BSIC=7 a_sch=8000 10b3 191c 0131  hacks=RHEA_DMA
  [a_sch] fn=67974 page=0 : 8100 0016 f85d 01fb -> 0100 0000 0000 0000  (d_dsp_page=0003) TOA=0 PM=0 SNR=0 crc_ko
  [sbwin] SB #4881 fn=67310 p51=41 tick=67983 : armee=0 one_shot=0 page_prog=64 rif_avant=0 nwin=0 marge=0 -> DMA NON ARMEE (le RIF jette) : SCH memorise pour la fenetre SB (dans une vraie fenetre SB : 31/4881)
  [sbwin] SB #4882 fn=67321 p51=1 tick=67994 : armee=0 one_shot=0 page_prog=64 rif_avant=0 nwin=0 marge=0 -> DMA NON ARMEE (le RIF jette) : SCH memorise pour la fenetre SB (dans une vraie fenetre SB : 31/4882)
  [a_sch] fn=67994 page=1 : 8000 10b3 191c 0131 -> 0100 0000 0000 0000  (d_dsp_page=0002) TOA=0 PM=0 SNR=0 crc_ko
  [chrono] fn=67997 sur 1000 trames (ms) : qemu 3.71 | A 0.04 | go 0.26 | B 0.13 | apres DONE 0.48 | trame 4.62 (temps reel 4.62)
  [sbwin] SB #4883 fn=67331 p51=11 tick=68004 : armee=0 one_shot=0 page_prog=64 rif_avant=0 nwin=0 marge=0 -> DMA NON ARMEE (le RIF jette) : SCH memorise pour la fenetre SB (dans une vraie fenetre SB : 31/4883)
  [sbwin] SB #4884 fn=67341 p51=21 tick=68014 : armee=0 one_shot=0 page_prog=64 rif_avant=0 nwin=0 marge=0 -> DMA NON ARMEE (le RIF jette) : SCH memorise pour la fenetre SB (dans une vraie fenetre SB : 31/4884)
  [sbwin] SB #4890 fn=67402 p51=31 tick=68075 : armee=0 one_shot=0 page_prog=64 rif_avant=0 nwin=0 marge=0 -> DMA NON ARMEE (le RIF jette) : SCH memorise pour la fenetre SB (dans une vraie fenetre SB : 31/4890)
  profil PC (23205 tranches, high-water 0xde92) : 9a80:9% 8240:8% 8380:7% 77c0:4% 83c0:4% 8300:3% 8200:3% 8540:3% 9a40:3% 81c0:2% a0c0:2% 7800:2%
  fn=68135   page=1 insn=1359    IDLE   d_fb_det=0     a_sch=0100 0000 0000 0000 sync=0000 1530 ffff  | trames=68138 irq=0 iq=0
  [sbwin] SB #4900 fn=67504 p51=31 tick=68177 : armee=0 one_shot=0 page_prog=64 rif_avant=0 nwin=0 marge=0 -> DMA NON ARMEE (le RIF jette) : SCH memorise pour la fenetre SB (dans une vraie fenetre SB : 31/4900)
  [sbwin] SB #4910 fn=67606 p51=31 tick=68279 : armee=0 one_shot=0 page_prog=64 rif_avant=0 nwin=0 marge=0 -> DMA NON ARMEE (le RIF jette) : SCH memorise pour la fenetre SB (dans une vraie fenetre SB : 31/4910)
  profil PC (21239 tranches, high-water 0xde91) : 9a80:11% 8240:11% 8380:10% 83c0:5% 8200:4% 8300:4% 8540:4% 9a40:4% a0c0:3% 81c0:3% 82c0:3% 9a00:2%
  fn=68352   page=1 insn=13725   IDLE   d_fb_det=0     a_sch=0100 0000 0000 0000 sync=0000 1530 ffff  | trames=68355 irq=0 iq=0
  [sbwin] SB #4920 fn=67708 p51=31 tick=68381 : armee=0 one_shot=0 page_prog=64 rif_avant=0 nwin=0 marge=0 -> DMA NON ARMEE (le RIF jette) : SCH memorise pour la fenetre SB (dans une vraie fenetre SB : 31/4920)
  [sbwin] SB #4930 fn=67810 p51=31 tick=68483 : armee=0 one_shot=0 page_prog=64 rif_avant=0 nwin=0 marge=0 -> DMA NON ARMEE (le RIF jette) : SCH memorise pour la fenetre SB (dans une vraie fenetre SB : 31/4930)
  profil PC (24521 tranches, high-water 0xde92) : 9a80:11% 8240:11% 8380:10% 83c0:5% 8200:4% 8300:4% 8540:4% 9a40:4% a0c0:3% 81c0:3% 82c0:3% 9a00:2%
  fn=68569   page=1 insn=36120   IDLE   d_fb_det=0     a_sch=0100 0000 0000 0000 sync=0000 1530 ffff  | trames=68572 irq=0 iq=0
  [sbwin] SB #4940 fn=67912 p51=31 tick=68585 : armee=0 one_shot=0 page_prog=64 rif_avant=0 nwin=0 marge=0 -> DMA NON ARMEE (le RIF jette) : SCH memorise pour la fenetre SB (dans une vraie fenetre SB : 31/4940)
  [sbwin] SB #4950 fn=68014 p51=31 tick=68687 : armee=0 one_shot=0 page_prog=64 rif_avant=0 nwin=0 marge=0 -> DMA NON ARMEE (le RIF jette) : SCH memorise pour la fenetre SB (dans une vraie fenetre SB : 31/4950)
  profil PC (22261 tranches, high-water 0xde91) : 9a80:11% 8240:11% 8380:10% 83c0:5% 8200:4% 8300:4% 8540:4% 9a40:4% a0c0:3% 81c0:3% 82c0:3% 9a00:2%
  fn=68786   page=0 insn=119     IDLE   d_fb_det=0     a_sch=0100 0000 0000 0000 sync=0000 1530 ffff  | trames=68789 irq=0 iq=0
  [sbwin] SB #4960 fn=68116 p51=31 tick=68789 : armee=0 one_shot=0 page_prog=64 rif_avant=0 nwin=0 marge=0 -> DMA NON ARMEE (le RIF jette) : SCH memorise pour la fenetre SB (dans une vraie fenetre SB : 31/4960)
  [sbwin] SB #4970 fn=68218 p51=31 tick=68891 : armee=0 one_shot=0 page_prog=64 rif_avant=0 nwin=0 marge=0 -> DMA NON ARMEE (le RIF jette) : SCH memorise pour la fenetre SB (dans une vraie fenetre SB : 31/4970)
  [sbwin] SB #4980 fn=68320 p51=31 tick=68993 : armee=0 one_shot=0 page_prog=64 rif_avant=0 nwin=0 marge=0 -> DMA NON ARMEE (le RIF jette) : SCH memorise pour la fenetre SB (dans une vraie fenetre SB : 31/4980)
  [chrono] fn=68997 sur 1000 trames (ms) : qemu 3.73 | A 0.05 | go 0.27 | B 0.14 | apres DONE 0.43 | trame 4.61 (temps reel 4.62)
  profil PC (21032 tranches, high-water 0xde92) : 9a80:11% 8240:11% 8380:10% 83c0:5% 8200:4% 8300:4% 8540:4% 9a40:4% a0c0:3% 81c0:3% 82c0:3% 9a00:2%
  fn=69003   page=0 insn=119     IDLE   d_fb_det=0     a_sch=0100 0000 0000 0000 sync=0000 1530 ffff  | trames=69006 irq=0 iq=0
  [sbwin] SB #4990 fn=68422 p51=31 tick=69095 : armee=0 one_shot=0 page_prog=64 rif_avant=0 nwin=0 marge=0 -> DMA NON ARMEE (le RIF jette) : SCH memorise pour la fenetre SB (dans une vraie fenetre SB : 31/4990)
  [sbwin] SB #5000 fn=68524 p51=31 tick=69197 : armee=0 one_shot=0 page_prog=64 rif_avant=0 nwin=0 marge=0 -> DMA NON ARMEE (le RIF jette) : SCH memorise pour la fenetre SB (dans une vraie fenetre SB : 31/5000)
  profil PC (21461 tranches, high-water 0xde92) : 9a80:11% 8240:11% 8380:10% 83c0:5% 8200:4% 8300:4% 8540:4% 9a40:4% a0c0:3% 81c0:3% 82c0:3% 9a00:2%
  fn=69220   page=1 insn=13604   IDLE   d_fb_det=0     a_sch=0100 0000 0000 0000 sync=0000 1530 ffff  | trames=69223 irq=0 iq=0
  [sbwin] SB #5010 fn=68626 p51=31 tick=69299 : armee=0 one_shot=0 page_prog=64 rif_avant=0 nwin=0 marge=0 -> DMA NON ARMEE (le RIF jette) : SCH memorise pour la fenetre SB (dans une vraie fenetre SB : 31/5010)
  [sbwin] SB #5020 fn=68728 p51=31 tick=69401 : armee=0 one_shot=0 page_prog=64 rif_avant=0 nwin=0 marge=0 -> DMA NON ARMEE (le RIF jette) : SCH memorise pour la fenetre SB (dans une vraie fenetre SB : 31/5020)
  profil PC (24526 tranches, high-water 0xde91) : 9a80:11% 8240:11% 8380:10% 83c0:5% 8200:4% 8300:4% 8540:4% 9a40:4% a0c0:3% 81c0:3% 82c0:3% 9a00:2%
  fn=69437   page=1 insn=13733   IDLE   d_fb_det=0     a_sch=0100 0000 0000 0000 sync=0000 1530 ffff  | trames=69440 irq=0 iq=0
  hacks actifs : RHEA_DMA ; cadencement : STREAM LOCKSTEP  ; stimulus : none
  [sbwin] SB #5030 fn=68830 p51=31 tick=69503 : armee=0 one_shot=0 page_prog=64 rif_avant=0 nwin=0 marge=0 -> DMA NON ARMEE (le RIF jette) : SCH memorise pour la fenetre SB (dans une vraie fenetre SB : 31/5030)
  [sbwin] SB #5040 fn=68932 p51=31 tick=69605 : armee=0 one_shot=0 page_prog=64 rif_avant=0 nwin=0 marge=0 -> DMA NON ARMEE (le RIF jette) : SCH memorise pour la fenetre SB (dans une vraie fenetre SB : 31/5040)
  profil PC (22032 tranches, high-water 0xde92) : 9a80:11% 8240:11% 8380:10% 83c0:5% 8200:4% 8300:4% 8540:4% 9a40:4% a0c0:3% 81c0:3% 82c0:3% 9a00:2%
  fn=69654   page=1 insn=119     IDLE   d_fb_det=0     a_sch=0100 0000 0000 0000 sync=0000 1530 ffff  | trames=69657 irq=0 iq=0
  [sbwin] SB #5050 fn=69034 p51=31 tick=69707 : armee=0 one_shot=0 page_prog=64 rif_avant=0 nwin=0 marge=0 -> DMA NON ARMEE (le RIF jette) : SCH memorise pour la fenetre SB (dans une vraie fenetre SB : 31/5050)
  [sbwin] SB #5060 fn=69136 p51=31 tick=69809 : armee=0 one_shot=0 page_prog=64 rif_avant=0 nwin=0 marge=0 -> DMA NON ARMEE (le RIF jette) : SCH memorise pour la fenetre SB (dans une vraie fenetre SB : 31/5060)
  profil PC (21036 tranches, high-water 0xde91) : 9a80:11% 8240:11% 8380:10% 83c0:5% 8200:4% 8300:4% 8540:4% 9a40:4% a0c0:3% 81c0:3% 82c0:3% 9a00:2%
  fn=69871   page=1 insn=119     IDLE   d_fb_det=0     a_sch=0100 0000 0000 0000 sync=0000 1530 ffff  | trames=69874 irq=0 iq=0
  [sbwin] SB #5070 fn=69238 p51=31 tick=69911 : armee=0 one_shot=0 page_prog=64 rif_avant=0 nwin=0 marge=0 -> DMA NON ARMEE (le RIF jette) : SCH memorise pour la fenetre SB (dans une vraie fenetre SB : 31/5070)
  [chrono] fn=69997 sur 1000 trames (ms) : qemu 3.71 | A 0.05 | go 0.29 | B 0.13 | apres DONE 0.44 | trame 4.62 (temps reel 4.62)
  [sbwin] SB #5080 fn=69340 p51=31 tick=70013 : armee=0 one_shot=0 page_prog=64 rif_avant=0 nwin=0 marge=0 -> DMA NON ARMEE (le RIF jette) : SCH memorise pour la fenetre SB (dans une vraie fenetre SB : 31/5080)
  profil PC (21679 tranches, high-water 0xde92) : 9a80:11% 8240:11% 8380:10% 83c0:5% 8200:4% 8300:4% 8540:4% 9a40:4% 81c0:3% a0c0:3% 82c0:3% 9a00:2%
  fn=70088   page=1 insn=13607   IDLE   d_fb_det=0     a_sch=0100 0000 0000 0000 sync=0000 1530 ffff  | trames=70091 irq=0 iq=0
  [sbwin] SB #5090 fn=69442 p51=31 tick=70115 : armee=0 one_shot=0 page_prog=64 rif_avant=0 nwin=0 marge=0 -> DMA NON ARMEE (le RIF jette) : SCH memorise pour la fenetre SB (dans une vraie fenetre SB : 31/5090)
  [sbwin] SB #5100 fn=69544 p51=31 tick=70217 : armee=0 one_shot=0 page_prog=64 rif_avant=0 nwin=0 marge=0 -> DMA NON ARMEE (le RIF jette) : SCH memorise pour la fenetre SB (dans une vraie fenetre SB : 31/5100)
  profil PC (24527 tranches, high-water 0xde91) : 9a80:11% 8240:11% 8380:10% 83c0:5% 8200:4% 8300:4% 8540:4% 9a40:4% a0c0:3% 81c0:3% 82c0:3% 9a00:2%
  fn=70305   page=1 insn=13611   IDLE   d_fb_det=0     a_sch=0100 0000 0000 0000 sync=0000 1530 ffff  | trames=70308 irq=0 iq=0
  [sbwin] SB #5110 fn=69646 p51=31 tick=70319 : armee=0 one_shot=0 page_prog=64 rif_avant=0 nwin=0 marge=0 -> DMA NON ARMEE (le RIF jette) : SCH memorise pour la fenetre SB (dans une vraie fenetre SB : 31/5110)
  [sbwin] SB #5120 fn=69748 p51=31 tick=70421 : armee=0 one_shot=0 page_prog=64 rif_avant=0 nwin=0 marge=0 -> DMA NON ARMEE (le RIF jette) : SCH memorise pour la fenetre SB (dans une vraie fenetre SB : 31/5120)
  profil PC (21830 tranches, high-water 0xde92) : 9a80:11% 8240:11% 8380:10% 83c0:5% 8200:4% 8300:4% 8540:4% 9a40:4% a0c0:3% 81c0:3% 82c0:3% 9a00:2%
  fn=70522   page=1 insn=1359    IDLE   d_fb_det=0     a_sch=0100 0000 0000 0000 sync=0000 1530 ffff  | trames=70525 irq=0 iq=0
  [sbwin] SB #5130 fn=69850 p51=31 tick=70523 : armee=0 one_shot=0 page_prog=64 rif_avant=0 nwin=0 marge=0 -> DMA NON ARMEE (le RIF jette) : SCH memorise pour la fenetre SB (dans une vraie fenetre SB : 31/5130)
  [sbwin] SB #5140 fn=69952 p51=31 tick=70625 : armee=0 one_shot=0 page_prog=64 rif_avant=0 nwin=0 marge=0 -> DMA NON ARMEE (le RIF jette) : SCH memorise pour la fenetre SB (dans une vraie fenetre SB : 31/5140)
  [sbwin] SB #5150 fn=70054 p51=31 tick=70727 : armee=0 one_shot=0 page_prog=64 rif_avant=0 nwin=0 marge=0 -> DMA NON ARMEE (le RIF jette) : SCH memorise pour la fenetre SB (dans une vraie fenetre SB : 31/5150)
  profil PC (21015 tranches, high-water 0xde91) : 9a80:11% 8240:11% 8380:10% 83c0:5% 8200:4% 8300:4% 8540:4% 9a40:4% a0c0:3% 81c0:3% 82c0:3% 9a00:2%
  fn=70739   page=0 insn=119     IDLE   d_fb_det=0     a_sch=0100 0000 0000 0000 sync=0000 1530 ffff  | trames=70742 irq=0 iq=0
  [sbwin] SB #5160 fn=70156 p51=31 tick=70829 : armee=0 one_shot=0 page_prog=64 rif_avant=0 nwin=0 marge=0 -> DMA NON ARMEE (le RIF jette) : SCH memorise pour la fenetre SB (dans une vraie fenetre SB : 31/5160)
  [ts0] tick=70930 fn=70257 p51=30 FCCH fenetre=64 marge=0 rif_avant=0
  [sbwin] SB #5170 fn=70258 p51=31 tick=70931 : armee=0 one_shot=0 page_prog=64 rif_avant=0 nwin=0 marge=0 -> DMA NON ARMEE (le RIF jette) : SCH memorise pour la fenetre SB (dans une vraie fenetre SB : 31/5170)
  profil PC (22257 tranches, high-water 0xde92) : 9a80:11% 8240:11% 8380:10% 83c0:5% 8200:4% 8300:4% 8540:4% 9a40:4% a0c0:3% 81c0:3% 82c0:3% 9a00:2%
  fn=70956   page=1 insn=36108   IDLE   d_fb_det=0     a_sch=0100 0000 0000 0000 sync=0000 1530 ffff  | trames=70959 irq=0 iq=0
  [chrono] fn=70997 sur 1000 trames (ms) : qemu 3.47 | A 0.06 | go 0.29 | B 0.18 | apres DONE 0.62 | trame 4.61 (temps reel 4.62)
  [sbwin] SB #5180 fn=70360 p51=31 tick=71033 : armee=0 one_shot=0 page_prog=64 rif_avant=0 nwin=0 marge=0 -> DMA NON ARMEE (le RIF jette) : SCH memorise pour la fenetre SB (dans une vraie fenetre SB : 31/5180)
  [sbwin] SB #5190 fn=70462 p51=31 tick=71135 : armee=0 one_shot=0 page_prog=64 rif_avant=0 nwin=0 marge=0 -> DMA NON ARMEE (le RIF jette) : SCH memorise pour la fenetre SB (dans une vraie fenetre SB : 31/5190)
  profil PC (24177 tranches, high-water 0xde91) : 9a80:11% 8240:11% 8380:10% 83c0:5% 8200:5% 8300:4% 8540:4% 9a40:4% 81c0:3% a0c0:3% 82c0:3% 9a00:2%
  fn=71173   page=1 insn=13609   IDLE   d_fb_det=0     a_sch=0100 0000 0000 0000 sync=0000 1530 ffff  | trames=71176 irq=0 iq=0
  hacks actifs : RHEA_DMA ; cadencement : STREAM LOCKSTEP  ; stimulus : none
  [sbwin] SB #5200 fn=70564 p51=31 tick=71237 : armee=0 one_shot=0 page_prog=64 rif_avant=0 nwin=0 marge=0 -> DMA NON ARMEE (le RIF jette) : SCH memorise pour la fenetre SB (dans une vraie fenetre SB : 31/5200)
  [sbwin] SB #5210 fn=70666 p51=31 tick=71339 : armee=0 one_shot=0 page_prog=64 rif_avant=0 nwin=0 marge=0 -> DMA NON ARMEE (le RIF jette) : SCH memorise pour la fenetre SB (dans une vraie fenetre SB : 31/5210)
  profil PC (21607 tranches, high-water 0xde92) : 9a80:12% 8240:10% 8380:10% 83c0:5% 8200:4% 8300:4% 8540:4% 9a40:4% a0c0:3% 81c0:3% 82c0:3% 9a00:2%
  fn=71390   page=0 insn=119     IDLE   d_fb_det=0     a_sch=0100 0000 0000 0000 sync=0000 1530 ffff  | trames=71393 irq=0 iq=0
  [sbwin] SB #5220 fn=70768 p51=31 tick=71441 : armee=0 one_shot=0 page_prog=64 rif_avant=0 nwin=0 marge=0 -> DMA NON ARMEE (le RIF jette) : SCH memorise pour la fenetre SB (dans une vraie fenetre SB : 31/5220)
  [sbwin] SB #5230 fn=70870 p51=31 tick=71543 : armee=0 one_shot=0 page_prog=64 rif_avant=0 nwin=0 marge=0 -> DMA NON ARMEE (le RIF jette) : SCH memorise pour la fenetre SB (dans une vraie fenetre SB : 31/5230)
  profil PC (21015 tranches, high-water 0xde91) : 9a80:11% 8240:11% 8380:10% 83c0:5% 8200:4% 8300:4% 8540:4% 9a40:4% a0c0:3% 81c0:3% 82c0:3% 9a00:2%
  fn=71607   page=1 insn=119     IDLE   d_fb_det=0     a_sch=0100 0000 0000 0000 sync=0000 1530 ffff  | trames=71610 irq=0 iq=0
  [sbwin] SB #5240 fn=70972 p51=31 tick=71645 : armee=0 one_shot=0 page_prog=64 rif_avant=0 nwin=0 marge=0 -> DMA NON ARMEE (le RIF jette) : SCH memorise pour la fenetre SB (dans une vraie fenetre SB : 31/5240)
  [sbwin] SB #5250 fn=71074 p51=31 tick=71747 : armee=0 one_shot=0 page_prog=64 rif_avant=0 nwin=0 marge=0 -> DMA NON ARMEE (le RIF jette) : SCH memorise pour la fenetre SB (dans une vraie fenetre SB : 31/5250)
  profil PC (22478 tranches, high-water 0xde92) : 9a80:11% 8240:11% 8380:10% 83c0:5% 8200:4% 8300:4% 8540:4% 9a40:4% a0c0:3% 81c0:3% 82c0:3% 9a00:2%
  fn=71824   page=1 insn=13727   IDLE   d_fb_det=0     a_sch=0100 0000 0000 0000 sync=0000 1530 ffff  | trames=71827 irq=0 iq=0
  [sbwin] SB #5260 fn=71176 p51=31 tick=71849 : armee=0 one_shot=0 page_prog=64 rif_avant=0 nwin=0 marge=0 -> DMA NON ARMEE (le RIF jette) : SCH memorise pour la fenetre SB (dans une vraie fenetre SB : 31/5260)
  [sbwin] SB #5270 fn=71278 p51=31 tick=71951 : armee=0 one_shot=0 page_prog=64 rif_avant=0 nwin=0 marge=0 -> DMA NON ARMEE (le RIF jette) : SCH memorise pour la fenetre SB (dans une vraie fenetre SB : 31/5270)
  [chrono] fn=71997 sur 1000 trames (ms) : qemu 3.73 | A 0.05 | go 0.27 | B 0.13 | apres DONE 0.44 | trame 4.62 (temps reel 4.62)
  profil PC (24528 tranches, high-water 0xde91) : 9a80:11% 8240:11% 8380:10% 83c0:5% 8200:4% 8300:4% 8540:4% 9a40:4% a0c0:3% 81c0:3% 82c0:3% 9a00:2%
  fn=72041   page=1 insn=36120   IDLE   d_fb_det=0     a_sch=0100 0000 0000 0000 sync=0000 1530 ffff  | trames=72044 irq=0 iq=0
  [sbwin] SB #5280 fn=71380 p51=31 tick=72053 : armee=0 one_shot=0 page_prog=64 rif_avant=0 nwin=0 marge=0 -> DMA NON ARMEE (le RIF jette) : SCH memorise pour la fenetre SB (dans une vraie fenetre SB : 31/5280)
  [sbwin] SB #5290 fn=71482 p51=31 tick=72155 : armee=0 one_shot=0 page_prog=64 rif_avant=0 nwin=0 marge=0 -> DMA NON ARMEE (le RIF jette) : SCH memorise pour la fenetre SB (dans une vraie fenetre SB : 31/5290)
  [sbwin] SB #5300 fn=71584 p51=31 tick=72257 : armee=0 one_shot=0 page_prog=64 rif_avant=0 nwin=0 marge=0 -> DMA NON ARMEE (le RIF jette) : SCH memorise pour la fenetre SB (dans une vraie fenetre SB : 31/5300)
  profil PC (21032 tranches, high-water 0xde92) : 9a80:11% 8240:11% 8380:10% 83c0:5% 8200:4% 8300:4% 8540:4% 9a40:4% a0c0:3% 81c0:3% 82c0:3% 9a00:2%
  fn=72258   page=1 insn=119     IDLE   d_fb_det=0     a_sch=0100 0000 0000 0000 sync=0000 1530 ffff  | trames=72261 irq=0 iq=0
  [sbwin] SB #5310 fn=71686 p51=31 tick=72359 : armee=0 one_shot=0 page_prog=64 rif_avant=0 nwin=0 marge=0 -> DMA NON ARMEE (le RIF jette) : SCH memorise pour la fenetre SB (dans une vraie fenetre SB : 31/5310)
  [sbwin] SB #5320 fn=71788 p51=31 tick=72461 : armee=0 one_shot=0 page_prog=64 rif_avant=0 nwin=0 marge=0 -> DMA NON ARMEE (le RIF jette) : SCH memorise pour la fenetre SB (dans une vraie fenetre SB : 31/5320)
  profil PC (21015 tranches, high-water 0xde91) : 9a80:11% 8240:11% 8380:10% 83c0:5% 8200:4% 8300:4% 8540:4% 9a40:4% a0c0:3% 81c0:3% 82c0:3% 9a00:2%
  fn=72475   page=0 insn=119     IDLE   d_fb_det=0     a_sch=0100 0000 0000 0000 sync=0000 1530 ffff  | trames=72478 irq=0 iq=0
  [sbwin] SB #5330 fn=71890 p51=31 tick=72563 : armee=0 one_shot=0 page_prog=64 rif_avant=0 nwin=0 marge=0 -> DMA NON ARMEE (le RIF jette) : SCH memorise pour la fenetre SB (dans une vraie fenetre SB : 31/5330)
  [sbwin] SB #5340 fn=71992 p51=31 tick=72665 : armee=0 one_shot=0 page_prog=64 rif_avant=0 nwin=0 marge=0 -> DMA NON ARMEE (le RIF jette) : SCH memorise pour la fenetre SB (dans une vraie fenetre SB : 31/5340)
  profil PC (22703 tranches, high-water 0xde92) : 9a80:11% 8240:11% 8380:10% 83c0:5% 8200:4% 8300:4% 8540:4% 9a40:4% a0c0:3% 81c0:3% 82c0:3% 9a00:2%
  fn=72692   page=1 insn=13614   IDLE   d_fb_det=0     a_sch=0100 0000 0000 0000 sync=0000 1530 ffff  | trames=72695 irq=0 iq=0
  [sbwin] SB #5350 fn=72094 p51=31 tick=72767 : armee=0 one_shot=0 page_prog=64 rif_avant=0 nwin=0 marge=0 -> DMA NON ARMEE (le RIF jette) : SCH memorise pour la fenetre SB (dans une vraie fenetre SB : 31/5350)
  [sbwin] SB #5360 fn=72196 p51=31 tick=72869 : armee=0 one_shot=0 page_prog=64 rif_avant=0 nwin=0 marge=0 -> DMA NON ARMEE (le RIF jette) : SCH memorise pour la fenetre SB (dans une vraie fenetre SB : 31/5360)
  profil PC (24322 tranches, high-water 0xde92) : 9a80:11% 8240:11% 8380:10% 83c0:5% 8200:4% 8300:4% 8540:4% 9a40:4% a0c0:3% 81c0:3% 82c0:3% 9a00:2%
  fn=72909   page=1 insn=1359    IDLE   d_fb_det=0     a_sch=0100 0000 0000 0000 sync=0000 1530 ffff  | trames=72912 irq=0 iq=0
  hacks actifs : RHEA_DMA ; cadencement : STREAM LOCKSTEP  ; stimulus : none
  [sbwin] SB #5370 fn=72298 p51=31 tick=72971 : armee=0 one_shot=0 page_prog=64 rif_avant=0 nwin=0 marge=0 -> DMA NON ARMEE (le RIF jette) : SCH memorise pour la fenetre SB (dans une vraie fenetre SB : 31/5370)
  [chrono] fn=72997 sur 1000 trames (ms) : qemu 3.59 | A 0.06 | go 0.28 | B 0.16 | apres DONE 0.53 | trame 4.62 (temps reel 4.62)
  [sbwin] SB #5380 fn=72400 p51=31 tick=73073 : armee=0 one_shot=0 page_prog=64 rif_avant=0 nwin=0 marge=0 -> DMA NON ARMEE (le RIF jette) : SCH memorise pour la fenetre SB (dans une vraie fenetre SB : 31/5380)
  profil PC (21015 tranches, high-water 0xde91) : 9a80:11% 8240:11% 8380:10% 83c0:5% 8200:4% 8300:4% 8540:4% 9a40:4% a0c0:3% 81c0:3% 82c0:3% 9a00:2%
  fn=73126   page=0 insn=119     IDLE   d_fb_det=0     a_sch=0100 0000 0000 0000 sync=0000 1530 ffff  | trames=73129 irq=0 iq=0
  [sbwin] SB #5390 fn=72502 p51=31 tick=73175 : armee=0 one_shot=0 page_prog=64 rif_avant=0 nwin=0 marge=0 -> DMA NON ARMEE (le RIF jette) : SCH memorise pour la fenetre SB (dans une vraie fenetre SB : 31/5390)
  [sbwin] SB #5400 fn=72604 p51=31 tick=73277 : armee=0 one_shot=0 page_prog=64 rif_avant=0 nwin=0 marge=0 -> DMA NON ARMEE (le RIF jette) : SCH memorise pour la fenetre SB (dans une vraie fenetre SB : 31/5400)
  profil PC (21011 tranches, high-water 0xde92) : 9a80:11% 8240:11% 8380:10% 83c0:5% 8200:4% 8300:4% 8540:4% 9a40:4% a0c0:3% 81c0:3% 82c0:3% 9a00:2%
  fn=73343   page=1 insn=119     IDLE   d_fb_det=0     a_sch=0100 0000 0000 0000 sync=0000 1530 ffff  | trames=73346 irq=0 iq=0
  [sbwin] SB #5410 fn=72706 p51=31 tick=73379 : armee=0 one_shot=0 page_prog=64 rif_avant=0 nwin=0 marge=0 -> DMA NON ARMEE (le RIF jette) : SCH memorise pour la fenetre SB (dans une vraie fenetre SB : 31/5410)
  [sbwin] SB #5420 fn=72808 p51=31 tick=73481 : armee=0 one_shot=0 page_prog=64 rif_avant=0 nwin=0 marge=0 -> DMA NON ARMEE (le RIF jette) : SCH memorise pour la fenetre SB (dans une vraie fenetre SB : 31/5420)
  profil PC (22926 tranches, high-water 0xde91) : 9a80:11% 8240:11% 8380:10% 83c0:5% 8200:4% 8300:4% 8540:4% 9a40:4% 81c0:3% a0c0:3% 82c0:3% 9a00:2%
  fn=73560   page=1 insn=13609   IDLE   d_fb_det=0     a_sch=0100 0000 0000 0000 sync=0000 1530 ffff  | trames=73563 irq=0 iq=0
  [sbwin] SB #5430 fn=72910 p51=31 tick=73583 : armee=0 one_shot=0 page_prog=64 rif_avant=0 nwin=0 marge=0 -> DMA NON ARMEE (le RIF jette) : SCH memorise pour la fenetre SB (dans une vraie fenetre SB : 31/5430)
  [sbwin] SB #5440 fn=73012 p51=31 tick=73685 : armee=0 one_shot=0 page_prog=64 rif_avant=0 nwin=0 marge=0 -> DMA NON ARMEE (le RIF jette) : SCH memorise pour la fenetre SB (dans une vraie fenetre SB : 31/5440)
  profil PC (24099 tranches, high-water 0xde92) : 9a80:12% 8240:11% 8380:10% 83c0:5% 8200:4% 8300:4% 8540:4% 9a40:4% a0c0:3% 81c0:3% 82c0:3% 9a00:2%
  fn=73777   page=0 insn=119     IDLE   d_fb_det=0     a_sch=0100 0000 0000 0000 sync=0000 1530 ffff  | trames=73780 irq=0 iq=0
  [sbwin] SB #5450 fn=73114 p51=31 tick=73787 : armee=0 one_shot=0 page_prog=64 rif_avant=0 nwin=0 marge=0 -> DMA NON ARMEE (le RIF jette) : SCH memorise pour la fenetre SB (dans une vraie fenetre SB : 31/5450)
  [sbwin] SB #5460 fn=73216 p51=31 tick=73889 : armee=0 one_shot=0 page_prog=64 rif_avant=0 nwin=0 marge=0 -> DMA NON ARMEE (le RIF jette) : SCH memorise pour la fenetre SB (dans une vraie fenetre SB : 31/5460)
  [sbwin] SB #5470 fn=73318 p51=31 tick=73991 : armee=0 one_shot=0 page_prog=64 rif_avant=0 nwin=0 marge=0 -> DMA NON ARMEE (le RIF jette) : SCH memorise pour la fenetre SB (dans une vraie fenetre SB : 31/5470)
  profil PC (21015 tranches, high-water 0xde91) : 9a80:11% 8240:11% 8380:10% 83c0:5% 8200:4% 8300:4% 8540:4% 9a40:4% a0c0:3% 81c0:3% 82c0:3% 9a00:2%
  fn=73994   page=1 insn=119     IDLE   d_fb_det=0     a_sch=0100 0000 0000 0000 sync=0000 1530 ffff  | trames=73997 irq=0 iq=0
  [chrono] fn=73997 sur 1000 trames (ms) : qemu 3.55 | A 0.06 | go 0.29 | B 0.16 | apres DONE 0.56 | trame 4.61 (temps reel 4.62)
  [sbwin] SB #5480 fn=73420 p51=31 tick=74093 : armee=0 one_shot=0 page_prog=64 rif_avant=0 nwin=0 marge=0 -> DMA NON ARMEE (le RIF jette) : SCH memorise pour la fenetre SB (dans une vraie fenetre SB : 31/5480)
  [sbwin] SB #5490 fn=73522 p51=31 tick=74195 : armee=0 one_shot=0 page_prog=64 rif_avant=0 nwin=0 marge=0 -> DMA NON ARMEE (le RIF jette) : SCH memorise pour la fenetre SB (dans une vraie fenetre SB : 31/5490)
  profil PC (21011 tranches, high-water 0xde92) : 9a80:11% 8240:11% 8380:10% 83c0:5% 8200:4% 8300:4% 8540:4% 9a40:4% a0c0:3% 81c0:3% 82c0:3% 9a00:2%
  fn=74211   page=0 insn=119     IDLE   d_fb_det=0     a_sch=0100 0000 0000 0000 sync=0000 1530 ffff  | trames=74214 irq=0 iq=0
  [sbwin] SB #5500 fn=73624 p51=31 tick=74297 : armee=0 one_shot=0 page_prog=64 rif_avant=0 nwin=0 marge=0 -> DMA NON ARMEE (le RIF jette) : SCH memorise pour la fenetre SB (dans une vraie fenetre SB : 31/5500)
  [sbwin] SB #5510 fn=73726 p51=31 tick=74399 : armee=0 one_shot=0 page_prog=64 rif_avant=0 nwin=0 marge=0 -> DMA NON ARMEE (le RIF jette) : SCH memorise pour la fenetre SB (dans une vraie fenetre SB : 31/5510)
  profil PC (23506 tranches, high-water 0xde91) : 9a80:11% 8240:11% 8380:10% 83c0:5% 8200:4% 8300:4% 8540:4% 9a40:4% a0c0:3% 81c0:3% 82c0:3% 9a00:2%
  fn=74428   page=1 insn=36118   IDLE   d_fb_det=0     a_sch=0100 0000 0000 0000 sync=0000 1530 ffff  | trames=74431 irq=0 iq=0
  [sbwin] SB #5520 fn=73828 p51=31 tick=74501 : armee=0 one_shot=0 page_prog=64 rif_avant=0 nwin=0 marge=0 -> DMA NON ARMEE (le RIF jette) : SCH memorise pour la fenetre SB (dans une vraie fenetre SB : 31/5520)
  [sbwin] SB #5530 fn=73930 p51=31 tick=74603 : armee=0 one_shot=0 page_prog=64 rif_avant=0 nwin=0 marge=0 -> DMA NON ARMEE (le RIF jette) : SCH memorise pour la fenetre SB (dans une vraie fenetre SB : 31/5530)
  profil PC (23524 tranches, high-water 0xde92) : 9a80:11% 8240:11% 8380:10% 83c0:5% 8200:4% 8300:4% 8540:4% 9a40:4% a0c0:3% 81c0:3% 82c0:3% 9a00:2%
  fn=74645   page=1 insn=119     IDLE   d_fb_det=0     a_sch=0100 0000 0000 0000 sync=0000 1530 ffff  | trames=74648 irq=0 iq=0
  hacks actifs : RHEA_DMA ; cadencement : STREAM LOCKSTEP  ; stimulus : none
  [sbwin] SB #5540 fn=74032 p51=31 tick=74705 : armee=0 one_shot=0 page_prog=64 rif_avant=0 nwin=0 marge=0 -> DMA NON ARMEE (le RIF jette) : SCH memorise pour la fenetre SB (dans une vraie fenetre SB : 31/5540)
  [sbwin] SB #5550 fn=74134 p51=31 tick=74807 : armee=0 one_shot=0 page_prog=64 rif_avant=0 nwin=0 marge=0 -> DMA NON ARMEE (le RIF jette) : SCH memorise pour la fenetre SB (dans une vraie fenetre SB : 31/5550)
  profil PC (21015 tranches, high-water 0xde91) : 9a80:11% 8240:11% 8380:10% 83c0:5% 8200:4% 8300:4% 8540:4% 9a40:4% a0c0:3% 81c0:3% 82c0:3% 9a00:2%
  fn=74862   page=0 insn=119     IDLE   d_fb_det=0     a_sch=0100 0000 0000 0000 sync=0000 1530 ffff  | trames=74865 irq=0 iq=0
  [sbwin] SB #5560 fn=74236 p51=31 tick=74909 : armee=0 one_shot=0 page_prog=64 rif_avant=0 nwin=0 marge=0 -> DMA NON ARMEE (le RIF jette) : SCH memorise pour la fenetre SB (dans une vraie fenetre SB : 31/5560)
  [chrono] fn=74997 sur 1000 trames (ms) : qemu 3.43 | A 0.06 | go 0.29 | B 0.18 | apres DONE 0.65 | trame 4.62 (temps reel 4.62)
  [sbwin] SB #5570 fn=74338 p51=31 tick=75011 : armee=0 one_shot=0 page_prog=64 rif_avant=0 nwin=0 marge=0 -> DMA NON ARMEE (le RIF jette) : SCH memorise pour la fenetre SB (dans une vraie fenetre SB : 31/5570)
  profil PC (21011 tranches, high-water 0xde92) : 9a80:11% 8240:11% 8380:10% 83c0:5% 8200:4% 8300:4% 8540:4% 9a40:4% a0c0:3% 81c0:3% 82c0:3% 9a00:2%
  fn=75079   page=1 insn=119     IDLE   d_fb_det=0     a_sch=0100 0000 0000 0000 sync=0000 1530 ffff  | trames=75082 irq=0 iq=0
  [sbwin] SB #5580 fn=74440 p51=31 tick=75113 : armee=0 one_shot=0 page_prog=64 rif_avant=0 nwin=0 marge=0 -> DMA NON ARMEE (le RIF jette) : SCH memorise pour la fenetre SB (dans une vraie fenetre SB : 31/5580)
  [sbwin] SB #5590 fn=74542 p51=31 tick=75215 : armee=0 one_shot=0 page_prog=64 rif_avant=0 nwin=0 marge=0 -> DMA NON ARMEE (le RIF jette) : SCH memorise pour la fenetre SB (dans une vraie fenetre SB : 31/5590)
  profil PC (23524 tranches, high-water 0xde91) : 9a80:11% 8240:11% 8380:10% 83c0:5% 8200:4% 8300:4% 8540:4% 9a40:4% a0c0:3% 81c0:3% 82c0:3% 9a00:2%
  fn=75296   page=1 insn=1359    IDLE   d_fb_det=0     a_sch=0100 0000 0000 0000 sync=0000 1530 ffff  | trames=75299 irq=0 iq=0
  [sbwin] SB #5600 fn=74644 p51=31 tick=75317 : armee=0 one_shot=0 page_prog=64 rif_avant=0 nwin=0 marge=0 -> DMA NON ARMEE (le RIF jette) : SCH memorise pour la fenetre SB (dans une vraie fenetre SB : 31/5600)
  [sbwin] SB #5610 fn=74746 p51=31 tick=75419 : armee=0 one_shot=0 page_prog=64 rif_avant=0 nwin=0 marge=0 -> DMA NON ARMEE (le RIF jette) : SCH memorise pour la fenetre SB (dans une vraie fenetre SB : 31/5610)
  profil PC (23503 tranches, high-water 0xde92) : 9a80:11% 8240:11% 8380:10% 83c0:5% 8200:4% 8300:4% 8540:4% 9a40:4% a0c0:3% 81c0:3% 82c0:3% 9a00:2%
  fn=75513   page=0 insn=119     IDLE   d_fb_det=0     a_sch=0100 0000 0000 0000 sync=0000 1530 ffff  | trames=75516 irq=0 iq=0
  [sbwin] SB #5620 fn=74848 p51=31 tick=75521 : armee=0 one_shot=0 page_prog=64 rif_avant=0 nwin=0 marge=0 -> DMA NON ARMEE (le RIF jette) : SCH memorise pour la fenetre SB (dans une vraie fenetre SB : 31/5620)
  [sbwin] SB #5630 fn=74950 p51=31 tick=75623 : armee=0 one_shot=0 page_prog=64 rif_avant=0 nwin=0 marge=0 -> DMA NON ARMEE (le RIF jette) : SCH memorise pour la fenetre SB (dans une vraie fenetre SB : 31/5630)
  [sbwin] SB #5640 fn=75052 p51=31 tick=75725 : armee=0 one_shot=0 page_prog=64 rif_avant=0 nwin=0 marge=0 -> DMA NON ARMEE (le RIF jette) : SCH memorise pour la fenetre SB (dans une vraie fenetre SB : 31/5640)
  profil PC (21015 tranches, high-water 0xde91) : 9a80:11% 8240:11% 8380:10% 83c0:5% 8200:4% 8300:4% 8540:4% 9a40:4% a0c0:3% 81c0:3% 82c0:3% 9a00:2%
  fn=75730   page=1 insn=119     IDLE   d_fb_det=0     a_sch=0100 0000 0000 0000 sync=0000 1530 ffff  | trames=75733 irq=0 iq=0
  [sbwin] SB #5650 fn=75154 p51=31 tick=75827 : armee=0 one_shot=0 page_prog=64 rif_avant=0 nwin=0 marge=0 -> DMA NON ARMEE (le RIF jette) : SCH memorise pour la fenetre SB (dans une vraie fenetre SB : 31/5650)
  [sbwin] SB #5660 fn=75256 p51=31 tick=75929 : armee=0 one_shot=0 page_prog=64 rif_avant=0 nwin=0 marge=0 -> DMA NON ARMEE (le RIF jette) : SCH memorise pour la fenetre SB (dans une vraie fenetre SB : 31/5660)
  [ts0] tick=75930 fn=75257 p51=32 NB fenetre=0 marge=0 rif_avant=0
  profil PC (21011 tranches, high-water 0xde92) : 9a80:11% 8240:11% 8380:10% 83c0:5% 8200:4% 8300:4% 8540:4% 9a40:4% a0c0:3% 81c0:3% 82c0:3% 9a00:2%
  fn=75947   page=0 insn=119     IDLE   d_fb_det=0     a_sch=0100 0000 0000 0000 sync=0000 1530 ffff  | trames=75950 irq=0 iq=0
  [chrono] fn=75997 sur 1000 trames (ms) : qemu 3.67 | A 0.05 | go 0.26 | B 0.16 | apres DONE 0.47 | trame 4.61 (temps reel 4.62)
  [sbwin] SB #5670 fn=75358 p51=31 tick=76031 : armee=0 one_shot=0 page_prog=64 rif_avant=0 nwin=0 marge=0 -> DMA NON ARMEE (le RIF jette) : SCH memorise pour la fenetre SB (dans une vraie fenetre SB : 31/5670)
  [sbwin] SB #5680 fn=75460 p51=31 tick=76133 : armee=0 one_shot=0 page_prog=64 rif_avant=0 nwin=0 marge=0 -> DMA NON ARMEE (le RIF jette) : SCH memorise pour la fenetre SB (dans une vraie fenetre SB : 31/5680)
  profil PC (23522 tranches, high-water 0xde92) : 9a80:11% 8240:11% 8380:10% 83c0:5% 8200:4% 8300:4% 8540:4% 9a40:4% a0c0:3% 81c0:3% 82c0:3% 9a00:2%
  fn=76164   page=0 insn=119     IDLE   d_fb_det=0     a_sch=0100 0000 0000 0000 sync=0000 1530 ffff  | trames=76167 irq=0 iq=0
  [sbwin] SB #5690 fn=75562 p51=31 tick=76235 : armee=0 one_shot=0 page_prog=64 rif_avant=0 nwin=0 marge=0 -> DMA NON ARMEE (le RIF jette) : SCH memorise pour la fenetre SB (dans une vraie fenetre SB : 31/5690)
  [sbwin] SB #5700 fn=75664 p51=31 tick=76337 : armee=0 one_shot=0 page_prog=64 rif_avant=0 nwin=0 marge=0 -> DMA NON ARMEE (le RIF jette) : SCH memorise pour la fenetre SB (dans une vraie fenetre SB : 31/5700)
  profil PC (23507 tranches, high-water 0xde91) : 9a80:11% 8240:11% 8380:10% 83c0:5% 8200:4% 8300:4% 8540:4% 9a40:4% a0c0:3% 81c0:3% 82c0:3% 9a00:2%
  fn=76381   page=1 insn=119     IDLE   d_fb_det=0     a_sch=0100 0000 0000 0000 sync=0000 1530 ffff  | trames=76384 irq=0 iq=0
  hacks actifs : RHEA_DMA ; cadencement : STREAM LOCKSTEP  ; stimulus : none
  [sbwin] SB #5710 fn=75766 p51=31 tick=76439 : armee=0 one_shot=0 page_prog=64 rif_avant=0 nwin=0 marge=0 -> DMA NON ARMEE (le RIF jette) : SCH memorise pour la fenetre SB (dans une vraie fenetre SB : 31/5710)
  [sbwin] SB #5720 fn=75868 p51=31 tick=76541 : armee=0 one_shot=0 page_prog=64 rif_avant=0 nwin=0 marge=0 -> DMA NON ARMEE (le RIF jette) : SCH memorise pour la fenetre SB (dans une vraie fenetre SB : 31/5720)
  profil PC (21011 tranches, high-water 0xde92) : 9a80:11% 8240:11% 8380:10% 83c0:5% 8200:4% 8300:4% 8540:4% 9a40:4% a0c0:3% 81c0:3% 82c0:3% 9a00:2%
  fn=76598   page=0 insn=119     IDLE   d_fb_det=0     a_sch=0100 0000 0000 0000 sync=0000 1530 ffff  | trames=76601 irq=0 iq=0
  [sbwin] SB #5730 fn=75970 p51=31 tick=76643 : armee=0 one_shot=0 page_prog=64 rif_avant=0 nwin=0 marge=0 -> DMA NON ARMEE (le RIF jette) : SCH memorise pour la fenetre SB (dans une vraie fenetre SB : 31/5730)
  [sbwin] SB #5740 fn=76072 p51=31 tick=76745 : armee=0 one_shot=0 page_prog=64 rif_avant=0 nwin=0 marge=0 -> DMA NON ARMEE (le RIF jette) : SCH memorise pour la fenetre SB (dans une vraie fenetre SB : 31/5740)
  profil PC (21015 tranches, high-water 0xde91) : 9a80:11% 8240:11% 8380:10% 83c0:5% 8200:4% 8300:4% 8540:4% 9a40:4% a0c0:3% 81c0:3% 82c0:3% 9a00:2%
  fn=76815   page=1 insn=119     IDLE   d_fb_det=0     a_sch=0100 0000 0000 0000 sync=0000 1530 ffff  | trames=76818 irq=0 iq=0
  [sbwin] SB #5750 fn=76174 p51=31 tick=76847 : armee=0 one_shot=0 page_prog=64 rif_avant=0 nwin=0 marge=0 -> DMA NON ARMEE (le RIF jette) : SCH memorise pour la fenetre SB (dans une vraie fenetre SB : 31/5750)
  [sbwin] SB #5760 fn=76276 p51=31 tick=76949 : armee=0 one_shot=0 page_prog=64 rif_avant=0 nwin=0 marge=0 -> DMA NON ARMEE (le RIF jette) : SCH memorise pour la fenetre SB (dans une vraie fenetre SB : 31/5760)
  [chrono] fn=76997 sur 1000 trames (ms) : qemu 3.71 | A 0.05 | go 0.25 | B 0.13 | apres DONE 0.48 | trame 4.62 (temps reel 4.62)
  profil PC (23743 tranches, high-water 0xde92) : 9a80:11% 8240:11% 8380:10% 83c0:5% 8200:4% 8300:4% 8540:4% 9a40:4% a0c0:3% 81c0:3% 82c0:3% 9a00:2%
  fn=77032   page=0 insn=13731   IDLE   d_fb_det=0     a_sch=0100 0000 0000 0000 sync=0000 1530 ffff  | trames=77035 irq=0 iq=0
  [sbwin] SB #5770 fn=76378 p51=31 tick=77051 : armee=0 one_shot=0 page_prog=64 rif_avant=0 nwin=0 marge=0 -> DMA NON ARMEE (le RIF jette) : SCH memorise pour la fenetre SB (dans une vraie fenetre SB : 31/5770)
  [sbwin] SB #5780 fn=76480 p51=31 tick=77153 : armee=0 one_shot=0 page_prog=64 rif_avant=0 nwin=0 marge=0 -> DMA NON ARMEE (le RIF jette) : SCH memorise pour la fenetre SB (dans une vraie fenetre SB : 31/5780)
  profil PC (23282 tranches, high-water 0xde91) : 9a80:11% 8240:11% 8380:10% 83c0:5% 8200:4% 8300:4% 8540:4% 9a40:4% a0c0:3% 81c0:3% 82c0:3% 9a00:2%
  fn=77249   page=0 insn=119     IDLE   d_fb_det=0     a_sch=0100 0000 0000 0000 sync=0000 1530 ffff  | trames=77252 irq=0 iq=0
  [sbwin] SB #5790 fn=76582 p51=31 tick=77255 : armee=0 one_shot=0 page_prog=64 rif_avant=0 nwin=0 marge=0 -> DMA NON ARMEE (le RIF jette) : SCH memorise pour la fenetre SB (dans une vraie fenetre SB : 31/5790)
  [sbwin] SB #5800 fn=76684 p51=31 tick=77357 : armee=0 one_shot=0 page_prog=64 rif_avant=0 nwin=0 marge=0 -> DMA NON ARMEE (le RIF jette) : SCH memorise pour la fenetre SB (dans une vraie fenetre SB : 31/5800)
  [sbwin] SB #5810 fn=76786 p51=31 tick=77459 : armee=0 one_shot=0 page_prog=64 rif_avant=0 nwin=0 marge=0 -> DMA NON ARMEE (le RIF jette) : SCH memorise pour la fenetre SB (dans une vraie fenetre SB : 31/5810)
  profil PC (21011 tranches, high-water 0xde92) : 9a80:11% 8240:11% 8380:10% 83c0:5% 8200:4% 8300:4% 8540:4% 9a40:4% a0c0:3% 81c0:3% 82c0:3% 9a00:2%
  fn=77466   page=1 insn=119     IDLE   d_fb_det=0     a_sch=0100 0000 0000 0000 sync=0000 1530 ffff  | trames=77469 irq=0 iq=0
  [sbwin] SB #5820 fn=76888 p51=31 tick=77561 : armee=0 one_shot=0 page_prog=64 rif_avant=0 nwin=0 marge=0 -> DMA NON ARMEE (le RIF jette) : SCH memorise pour la fenetre SB (dans une vraie fenetre SB : 31/5820)
  [sbwin] SB #5830 fn=76990 p51=31 tick=77663 : armee=0 one_shot=0 page_prog=64 rif_avant=0 nwin=0 marge=0 -> DMA NON ARMEE (le RIF jette) : SCH memorise pour la fenetre SB (dans une vraie fenetre SB : 31/5830)
  profil PC (21036 tranches, high-water 0xde91) : 9a80:11% 8240:11% 8380:10% 83c0:5% 8200:4% 8300:4% 8540:4% 9a40:4% a0c0:3% 81c0:3% 82c0:3% 9a00:2%
  fn=77683   page=1 insn=1359    IDLE   d_fb_det=0     a_sch=0100 0000 0000 0000 sync=0000 1530 ffff  | trames=77686 irq=0 iq=0
  [sbwin] SB #5840 fn=77092 p51=31 tick=77765 : armee=0 one_shot=0 page_prog=64 rif_avant=0 nwin=0 marge=0 -> DMA NON ARMEE (le RIF jette) : SCH memorise pour la fenetre SB (dans une vraie fenetre SB : 31/5840)
  [sbwin] SB #5850 fn=77194 p51=31 tick=77867 : armee=0 one_shot=0 page_prog=64 rif_avant=0 nwin=0 marge=0 -> DMA NON ARMEE (le RIF jette) : SCH memorise pour la fenetre SB (dans une vraie fenetre SB : 31/5850)
  profil PC (23950 tranches, high-water 0xde92) : 9a80:11% 8240:11% 8380:10% 83c0:5% 8200:4% 8300:4% 8540:4% 9a40:4% a0c0:3% 81c0:3% 82c0:3% 9a00:2%
  fn=77900   page=0 insn=13609   IDLE   d_fb_det=0     a_sch=0100 0000 0000 0000 sync=0000 1530 ffff  | trames=77903 irq=0 iq=0
  [sbwin] SB #5860 fn=77296 p51=31 tick=77969 : armee=0 one_shot=0 page_prog=64 rif_avant=0 nwin=0 marge=0 -> DMA NON ARMEE (le RIF jette) : SCH memorise pour la fenetre SB (dans une vraie fenetre SB : 31/5860)
  [chrono] fn=77997 sur 1000 trames (ms) : qemu 3.65 | A 0.05 | go 0.26 | B 0.14 | apres DONE 0.51 | trame 4.62 (temps reel 4.62)
  [sbwin] SB #5870 fn=77398 p51=31 tick=78071 : armee=0 one_shot=0 page_prog=64 rif_avant=0 nwin=0 marge=0 -> DMA NON ARMEE (le RIF jette) : SCH memorise pour la fenetre SB (dans une vraie fenetre SB : 31/5870)
  profil PC (23059 tranches, high-water 0xde91) : 9a80:11% 8240:11% 8380:10% 83c0:5% 8200:4% 8300:4% 8540:4% 9a40:4% a0c0:3% 81c0:3% 82c0:3% 9a00:2%
  fn=78117   page=1 insn=119     IDLE   d_fb_det=0     a_sch=0100 0000 0000 0000 sync=0000 1530 ffff  | trames=78120 irq=0 iq=0
  hacks actifs : RHEA_DMA ; cadencement : STREAM LOCKSTEP  ; stimulus : none
  [sbwin] SB #5880 fn=77500 p51=31 tick=78173 : armee=0 one_shot=0 page_prog=64 rif_avant=0 nwin=0 marge=0 -> DMA NON ARMEE (le RIF jette) : SCH memorise pour la fenetre SB (dans une vraie fenetre SB : 31/5880)
  [sbwin] SB #5890 fn=77602 p51=31 tick=78275 : armee=0 one_shot=0 page_prog=64 rif_avant=0 nwin=0 marge=0 -> DMA NON ARMEE (le RIF jette) : SCH memorise pour la fenetre SB (dans une vraie fenetre SB : 31/5890)
  profil PC (21011 tranches, high-water 0xde92) : 9a80:11% 8240:11% 8380:10% 83c0:5% 8200:4% 8300:4% 8540:4% 9a40:4% a0c0:3% 81c0:3% 82c0:3% 9a00:2%
  fn=78334   page=0 insn=119     IDLE   d_fb_det=0     a_sch=0100 0000 0000 0000 sync=0000 1530 ffff  | trames=78337 irq=0 iq=0
  [sbwin] SB #5900 fn=77704 p51=31 tick=78377 : armee=0 one_shot=0 page_prog=64 rif_avant=0 nwin=0 marge=0 -> DMA NON ARMEE (le RIF jette) : SCH memorise pour la fenetre SB (dans une vraie fenetre SB : 31/5900)
  [sbwin] SB #5910 fn=77806 p51=31 tick=78479 : armee=0 one_shot=0 page_prog=64 rif_avant=0 nwin=0 marge=0 -> DMA NON ARMEE (le RIF jette) : SCH memorise pour la fenetre SB (dans une vraie fenetre SB : 31/5910)
  profil PC (21036 tranches, high-water 0xde91) : 9a80:11% 8240:11% 8380:10% 83c0:5% 8200:4% 8300:4% 8540:4% 9a40:4% a0c0:3% 81c0:3% 82c0:3% 9a00:2%
  fn=78551   page=0 insn=119     IDLE   d_fb_det=0     a_sch=0100 0000 0000 0000 sync=0000 1530 ffff  | trames=78554 irq=0 iq=0
  [sbwin] SB #5920 fn=77908 p51=31 tick=78581 : armee=0 one_shot=0 page_prog=64 rif_avant=0 nwin=0 marge=0 -> DMA NON ARMEE (le RIF jette) : SCH memorise pour la fenetre SB (dans une vraie fenetre SB : 31/5920)
  [sbwin] SB #5930 fn=78010 p51=31 tick=78683 : armee=0 one_shot=0 page_prog=64 rif_avant=0 nwin=0 marge=0 -> DMA NON ARMEE (le RIF jette) : SCH memorise pour la fenetre SB (dans une vraie fenetre SB : 31/5930)
  profil PC (24170 tranches, high-water 0xde92) : 9a80:11% 8240:11% 8380:10% 83c0:5% 8200:5% 8300:4% 8540:4% 9a40:4% 81c0:3% a0c0:3% 82c0:3% 9a00:2%
  fn=78768   page=0 insn=13607   IDLE   d_fb_det=0     a_sch=0100 0000 0000 0000 sync=0000 1530 ffff  | trames=78771 irq=0 iq=0
  [sbwin] SB #5940 fn=78112 p51=31 tick=78785 : armee=0 one_shot=0 page_prog=64 rif_avant=0 nwin=0 marge=0 -> DMA NON ARMEE (le RIF jette) : SCH memorise pour la fenetre SB (dans une vraie fenetre SB : 31/5940)
  [sbwin] SB #5950 fn=78214 p51=31 tick=78887 : armee=0 one_shot=0 page_prog=64 rif_avant=0 nwin=0 marge=0 -> DMA NON ARMEE (le RIF jette) : SCH memorise pour la fenetre SB (dans une vraie fenetre SB : 31/5950)
  profil PC (22836 tranches, high-water 0xde91) : 9a80:12% 8240:11% 8380:10% 83c0:5% 8200:4% 8300:4% 8540:4% 9a40:4% a0c0:3% 81c0:3% 82c0:3% 9a00:2%
  fn=78985   page=0 insn=119     IDLE   d_fb_det=0     a_sch=0100 0000 0000 0000 sync=0000 1530 ffff  | trames=78988 irq=0 iq=0
  [sbwin] SB #5960 fn=78316 p51=31 tick=78989 : armee=0 one_shot=0 page_prog=64 rif_avant=0 nwin=0 marge=0 -> DMA NON ARMEE (le RIF jette) : SCH memorise pour la fenetre SB (dans une vraie fenetre SB : 31/5960)
  [chrono] fn=78997 sur 1000 trames (ms) : qemu 3.71 | A 0.05 | go 0.24 | B 0.13 | apres DONE 0.48 | trame 4.61 (temps reel 4.62)
  [sbwin] SB #5970 fn=78418 p51=31 tick=79091 : armee=0 one_shot=0 page_prog=64 rif_avant=0 nwin=0 marge=0 -> DMA NON ARMEE (le RIF jette) : SCH memorise pour la fenetre SB (dans une vraie fenetre SB : 31/5970)
  [sbwin] SB #5980 fn=78520 p51=31 tick=79193 : armee=0 one_shot=0 page_prog=64 rif_avant=0 nwin=0 marge=0 -> DMA NON ARMEE (le RIF jette) : SCH memorise pour la fenetre SB (dans une vraie fenetre SB : 31/5980)
  profil PC (21032 tranches, high-water 0xde92) : 9a80:11% 8240:11% 8380:10% 83c0:5% 8200:4% 8300:4% 8540:4% 9a40:4% a0c0:3% 81c0:3% 82c0:3% 9a00:2%
  fn=79202   page=0 insn=1357    IDLE   d_fb_det=0     a_sch=0100 0000 0000 0000 sync=0000 1530 ffff  | trames=79205 irq=0 iq=0
  [sbwin] SB #5990 fn=78622 p51=31 tick=79295 : armee=0 one_shot=0 page_prog=64 rif_avant=0 nwin=0 marge=0 -> DMA NON ARMEE (le RIF jette) : SCH memorise pour la fenetre SB (dans une vraie fenetre SB : 31/5990)
  [sbwin] SB #6000 fn=78724 p51=31 tick=79397 : armee=0 one_shot=0 page_prog=64 rif_avant=0 nwin=0 marge=0 -> DMA NON ARMEE (le RIF jette) : SCH memorise pour la fenetre SB (dans une vraie fenetre SB : 31/6000)
  profil PC (21239 tranches, high-water 0xde92) : 9a80:11% 8240:11% 8380:10% 83c0:5% 8200:4% 8300:4% 8540:4% 9a40:4% a0c0:3% 81c0:3% 82c0:3% 9a00:2%
  fn=79419   page=0 insn=13720   IDLE   d_fb_det=0     a_sch=0100 0000 0000 0000 sync=0000 1530 ffff  | trames=79422 irq=0 iq=0
  [sbwin] SB #6010 fn=78826 p51=31 tick=79499 : armee=0 one_shot=0 page_prog=64 rif_avant=0 nwin=0 marge=0 -> DMA NON ARMEE (le RIF jette) : SCH memorise pour la fenetre SB (dans une vraie fenetre SB : 31/6010)
  [sbwin] SB #6020 fn=78928 p51=31 tick=79601 : armee=0 one_shot=0 page_prog=64 rif_avant=0 nwin=0 marge=0 -> DMA NON ARMEE (le RIF jette) : SCH memorise pour la fenetre SB (dans une vraie fenetre SB : 31/6020)
  profil PC (24523 tranches, high-water 0xde91) : 9a80:11% 8240:11% 8380:10% 83c0:5% 8200:4% 8300:4% 8540:4% 9a40:4% a0c0:3% 81c0:3% 82c0:3% 9a00:2%
  fn=79636   page=0 insn=36118   IDLE   d_fb_det=0     a_sch=0100 0000 0000 0000 sync=0000 1530 ffff  | trames=79639 irq=0 iq=0
  [sbwin] SB #6030 fn=79030 p51=31 tick=79703 : armee=0 one_shot=0 page_prog=64 rif_avant=0 nwin=0 marge=0 -> DMA NON ARMEE (le RIF jette) : SCH memorise pour la fenetre SB (dans une vraie fenetre SB : 31/6030)
  [sbwin] SB #6040 fn=79132 p51=31 tick=79805 : armee=0 one_shot=0 page_prog=64 rif_avant=0 nwin=0 marge=0 -> DMA NON ARMEE (le RIF jette) : SCH memorise pour la fenetre SB (dans une vraie fenetre SB : 31/6040)
  profil PC (22257 tranches, high-water 0xde92) : 9a80:11% 8240:11% 8380:10% 83c0:5% 8200:4% 8300:4% 8540:4% 9a40:4% a0c0:3% 81c0:3% 82c0:3% 9a00:2%
  fn=79853   page=1 insn=119     IDLE   d_fb_det=0     a_sch=0100 0000 0000 0000 sync=0000 1530 ffff  | trames=79856 irq=0 iq=0
  hacks actifs : RHEA_DMA ; cadencement : STREAM LOCKSTEP  ; stimulus : none
  [sbwin] SB #6050 fn=79234 p51=31 tick=79907 : armee=0 one_shot=0 page_prog=64 rif_avant=0 nwin=0 marge=0 -> DMA NON ARMEE (le RIF jette) : SCH memorise pour la fenetre SB (dans une vraie fenetre SB : 31/6050)
  [chrono] fn=79997 sur 1000 trames (ms) : qemu 3.58 | A 0.05 | go 0.26 | B 0.15 | apres DONE 0.56 | trame 4.62 (temps reel 4.62)
  [sbwin] SB #6060 fn=79336 p51=31 tick=80009 : armee=0 one_shot=0 page_prog=64 rif_avant=0 nwin=0 marge=0 -> DMA NON ARMEE (le RIF jette) : SCH memorise pour la fenetre SB (dans une vraie fenetre SB : 31/6060)
  profil PC (21036 tranches, high-water 0xde91) : 9a80:11% 8240:11% 8380:10% 83c0:5% 8200:4% 8300:4% 8540:4% 9a40:4% a0c0:3% 81c0:3% 82c0:3% 9a00:2%
  fn=80070   page=1 insn=119     IDLE   d_fb_det=0     a_sch=0100 0000 0000 0000 sync=0000 1530 ffff  | trames=80073 irq=0 iq=0
  [sbwin] SB #6070 fn=79438 p51=31 tick=80111 : armee=0 one_shot=0 page_prog=64 rif_avant=0 nwin=0 marge=0 -> DMA NON ARMEE (le RIF jette) : SCH memorise pour la fenetre SB (dans une vraie fenetre SB : 31/6070)
  [sbwin] SB #6080 fn=79540 p51=31 tick=80213 : armee=0 one_shot=0 page_prog=64 rif_avant=0 nwin=0 marge=0 -> DMA NON ARMEE (le RIF jette) : SCH memorise pour la fenetre SB (dans une vraie fenetre SB : 31/6080)
  profil PC (21457 tranches, high-water 0xde92) : 9a80:11% 8240:11% 8380:10% 83c0:5% 8200:4% 8300:4% 8540:4% 9a40:4% a0c0:3% 81c0:3% 82c0:3% 9a00:2%
  fn=80287   page=0 insn=13603   IDLE   d_fb_det=0     a_sch=0100 0000 0000 0000 sync=0000 1530 ffff  | trames=80290 irq=0 iq=0
  [sbwin] SB #6090 fn=79642 p51=31 tick=80315 : armee=0 one_shot=0 page_prog=64 rif_avant=0 nwin=0 marge=0 -> DMA NON ARMEE (le RIF jette) : SCH memorise pour la fenetre SB (dans une vraie fenetre SB : 31/6090)
  [sbwin] SB #6100 fn=79744 p51=31 tick=80417 : armee=0 one_shot=0 page_prog=64 rif_avant=0 nwin=0 marge=0 -> DMA NON ARMEE (le RIF jette) : SCH memorise pour la fenetre SB (dans une vraie fenetre SB : 31/6100)
  profil PC (24526 tranches, high-water 0xde91) : 9a80:11% 8240:11% 8380:10% 83c0:5% 8200:4% 8300:4% 8540:4% 9a40:4% a0c0:3% 81c0:3% 82c0:3% 9a00:2%
  fn=80504   page=0 insn=13731   IDLE   d_fb_det=0     a_sch=0100 0000 0000 0000 sync=0000 1530 ffff  | trames=80507 irq=0 iq=0
  [sbwin] SB #6110 fn=79846 p51=31 tick=80519 : armee=0 one_shot=0 page_prog=64 rif_avant=0 nwin=0 marge=0 -> DMA NON ARMEE (le RIF jette) : SCH memorise pour la fenetre SB (dans une vraie fenetre SB : 31/6110)
  [sbwin] SB #6120 fn=79948 p51=31 tick=80621 : armee=0 one_shot=0 page_prog=64 rif_avant=0 nwin=0 marge=0 -> DMA NON ARMEE (le RIF jette) : SCH memorise pour la fenetre SB (dans une vraie fenetre SB : 31/6120)
  profil PC (22032 tranches, high-water 0xde92) : 9a80:11% 8240:11% 8380:10% 83c0:5% 8200:4% 8300:4% 8540:4% 9a40:4% a0c0:3% 81c0:3% 82c0:3% 9a00:2%
  fn=80721   page=0 insn=119     IDLE   d_fb_det=0     a_sch=0100 0000 0000 0000 sync=0000 1530 ffff  | trames=80724 irq=0 iq=0
  [sbwin] SB #6130 fn=80050 p51=31 tick=80723 : armee=0 one_shot=0 page_prog=64 rif_avant=0 nwin=0 marge=0 -> DMA NON ARMEE (le RIF jette) : SCH memorise pour la fenetre SB (dans une vraie fenetre SB : 31/6130)
  [sbwin] SB #6140 fn=80152 p51=31 tick=80825 : armee=0 one_shot=0 page_prog=64 rif_avant=0 nwin=0 marge=0 -> DMA NON ARMEE (le RIF jette) : SCH memorise pour la fenetre SB (dans une vraie fenetre SB : 31/6140)
  [sbwin] SB #6150 fn=80254 p51=31 tick=80927 : armee=0 one_shot=0 page_prog=64 rif_avant=0 nwin=0 marge=0 -> DMA NON ARMEE (le RIF jette) : SCH memorise pour la fenetre SB (dans une vraie fenetre SB : 31/6150)
  [ts0] tick=80930 fn=80257 p51=34 NB fenetre=0 marge=0 rif_avant=0
  profil PC (21036 tranches, high-water 0xde91) : 9a80:11% 8240:11% 8380:10% 83c0:5% 8200:4% 8300:4% 8540:4% 9a40:4% a0c0:3% 81c0:3% 82c0:3% 9a00:2%
  fn=80938   page=0 insn=119     IDLE   d_fb_det=0     a_sch=0100 0000 0000 0000 sync=0000 1530 ffff  | trames=80941 irq=0 iq=0
  [chrono] fn=80997 sur 1000 trames (ms) : qemu 3.69 | A 0.05 | go 0.27 | B 0.14 | apres DONE 0.46 | trame 4.61 (temps reel 4.62)
  [sbwin] SB #6160 fn=80356 p51=31 tick=81029 : armee=0 one_shot=0 page_prog=64 rif_avant=0 nwin=0 marge=0 -> DMA NON ARMEE (le RIF jette) : SCH memorise pour la fenetre SB (dans une vraie fenetre SB : 31/6160)
  [sbwin] SB #6170 fn=80458 p51=31 tick=81131 : armee=0 one_shot=0 page_prog=64 rif_avant=0 nwin=0 marge=0 -> DMA NON ARMEE (le RIF jette) : SCH memorise pour la fenetre SB (dans une vraie fenetre SB : 31/6170)
  profil PC (21682 tranches, high-water 0xde92) : 9a80:11% 8240:11% 8380:10% 83c0:5% 8200:4% 8300:4% 8540:4% 9a40:4% 81c0:3% a0c0:3% 82c0:3% 9a00:2%
  fn=81155   page=0 insn=13609   IDLE   d_fb_det=0     a_sch=0100 0000 0000 0000 sync=0000 1530 ffff  | trames=81158 irq=0 iq=0
  [sbwin] SB #6180 fn=80560 p51=31 tick=81233 : armee=0 one_shot=0 page_prog=64 rif_avant=0 nwin=0 marge=0 -> DMA NON ARMEE (le RIF jette) : SCH memorise pour la fenetre SB (dans une vraie fenetre SB : 31/6180)
  [sbwin] SB #6190 fn=80662 p51=31 tick=81335 : armee=0 one_shot=0 page_prog=64 rif_avant=0 nwin=0 marge=0 -> DMA NON ARMEE (le RIF jette) : SCH memorise pour la fenetre SB (dans une vraie fenetre SB : 31/6190)
  profil PC (24529 tranches, high-water 0xde91) : 9a80:11% 8240:11% 8380:10% 83c0:5% 8200:4% 8300:4% 8540:4% 9a40:4% a0c0:3% 81c0:3% 82c0:3% 9a00:2%
  fn=81372   page=0 insn=13609   IDLE   d_fb_det=0     a_sch=0100 0000 0000 0000 sync=0000 1530 ffff  | trames=81375 irq=0 iq=0
  [sbwin] SB #6200 fn=80764 p51=31 tick=81437 : armee=0 one_shot=0 page_prog=64 rif_avant=0 nwin=0 marge=0 -> DMA NON ARMEE (le RIF jette) : SCH memorise pour la fenetre SB (dans une vraie fenetre SB : 31/6200)
  [sbwin] SB #6210 fn=80866 p51=31 tick=81539 : armee=0 one_shot=0 page_prog=64 rif_avant=0 nwin=0 marge=0 -> DMA NON ARMEE (le RIF jette) : SCH memorise pour la fenetre SB (dans une vraie fenetre SB : 31/6210)
  profil PC (21830 tranches, high-water 0xde92) : 9a80:11% 8240:11% 8380:10% 83c0:5% 8200:4% 8300:4% 8540:4% 9a40:4% a0c0:3% 81c0:3% 82c0:3% 9a00:2%
  fn=81589   page=0 insn=1357    IDLE   d_fb_det=0     a_sch=0100 0000 0000 0000 sync=0000 1530 ffff  | trames=81592 irq=0 iq=0
  hacks actifs : RHEA_DMA ; cadencement : STREAM LOCKSTEP  ; stimulus : none
  [sbwin] SB #6220 fn=80968 p51=31 tick=81641 : armee=0 one_shot=0 page_prog=64 rif_avant=0 nwin=0 marge=0 -> DMA NON ARMEE (le RIF jette) : SCH memorise pour la fenetre SB (dans une vraie fenetre SB : 31/6220)
  [sbwin] SB #6230 fn=81070 p51=31 tick=81743 : armee=0 one_shot=0 page_prog=64 rif_avant=0 nwin=0 marge=0 -> DMA NON ARMEE (le RIF jette) : SCH memorise pour la fenetre SB (dans une vraie fenetre SB : 31/6230)
  profil PC (21015 tranches, high-water 0xde91) : 9a80:11% 8240:11% 8380:10% 83c0:5% 8200:4% 8300:4% 8540:4% 9a40:4% a0c0:3% 81c0:3% 82c0:3% 9a00:2%
  fn=81806   page=1 insn=119     IDLE   d_fb_det=0     a_sch=0100 0000 0000 0000 sync=0000 1530 ffff  | trames=81809 irq=0 iq=0
  [sbwin] SB #6240 fn=81172 p51=31 tick=81845 : armee=0 one_shot=0 page_prog=64 rif_avant=0 nwin=0 marge=0 -> DMA NON ARMEE (le RIF jette) : SCH memorise pour la fenetre SB (dans une vraie fenetre SB : 31/6240)
  [sbwin] SB #6250 fn=81274 p51=31 tick=81947 : armee=0 one_shot=0 page_prog=64 rif_avant=0 nwin=0 marge=0 -> DMA NON ARMEE (le RIF jette) : SCH memorise pour la fenetre SB (dans une vraie fenetre SB : 31/6250)
  [chrono] fn=81997 sur 1000 trames (ms) : qemu 3.70 | A 0.05 | go 0.27 | B 0.14 | apres DONE 0.46 | trame 4.62 (temps reel 4.62)
  profil PC (22254 tranches, high-water 0xde92) : 9a80:11% 8240:11% 8380:10% 83c0:5% 8200:4% 8300:4% 8540:4% 9a40:4% a0c0:3% 81c0:3% 82c0:3% 9a00:2%
  fn=82023   page=0 insn=36039   IDLE   d_fb_det=0     a_sch=0100 0000 0000 0000 sync=0000 1530 ffff  | trames=82026 irq=0 iq=0
  [sbwin] SB #6260 fn=81376 p51=31 tick=82049 : armee=0 one_shot=0 page_prog=64 rif_avant=0 nwin=0 marge=0 -> DMA NON ARMEE (le RIF jette) : SCH memorise pour la fenetre SB (dans une vraie fenetre SB : 31/6260)
  [sbwin] SB #6270 fn=81478 p51=31 tick=82151 : armee=0 one_shot=0 page_prog=64 rif_avant=0 nwin=0 marge=0 -> DMA NON ARMEE (le RIF jette) : SCH memorise pour la fenetre SB (dans une vraie fenetre SB : 31/6270)
  profil PC (24177 tranches, high-water 0xde91) : 9a80:11% 8240:11% 8380:10% 83c0:5% 8200:5% 8300:4% 8540:4% 9a40:4% 81c0:3% a0c0:3% 82c0:3% 9a00:2%
  fn=82240   page=0 insn=13607   IDLE   d_fb_det=0     a_sch=0100 0000 0000 0000 sync=0000 1530 ffff  | trames=82243 irq=0 iq=0
  [sbwin] SB #6280 fn=81580 p51=31 tick=82253 : armee=0 one_shot=0 page_prog=64 rif_avant=0 nwin=0 marge=0 -> DMA NON ARMEE (le RIF jette) : SCH memorise pour la fenetre SB (dans une vraie fenetre SB : 31/6280)
  [sbwin] SB #6290 fn=81682 p51=31 tick=82355 : armee=0 one_shot=0 page_prog=64 rif_avant=0 nwin=0 marge=0 -> DMA NON ARMEE (le RIF jette) : SCH memorise pour la fenetre SB (dans une vraie fenetre SB : 31/6290)
  [sbwin] SB #6300 fn=81784 p51=31 tick=82457 : armee=0 one_shot=0 page_prog=64 rif_avant=0 nwin=0 marge=0 -> DMA NON ARMEE (le RIF jette) : SCH memorise pour la fenetre SB (dans une vraie fenetre SB : 31/6300)
  profil PC (21607 tranches, high-water 0xde92) : 9a80:12% 8240:10% 8380:10% 83c0:5% 8200:4% 8300:4% 8540:4% 9a40:4% a0c0:3% 81c0:3% 82c0:3% 9a00:2%
  fn=82457   page=1 insn=119     IDLE   d_fb_det=0     a_sch=0100 0000 0000 0000 sync=0000 1530 ffff  | trames=82460 irq=0 iq=0
  [sbwin] SB #6310 fn=81886 p51=31 tick=82559 : armee=0 one_shot=0 page_prog=64 rif_avant=0 nwin=0 marge=0 -> DMA NON ARMEE (le RIF jette) : SCH memorise pour la fenetre SB (dans une vraie fenetre SB : 31/6310)
  [sbwin] SB #6320 fn=81988 p51=31 tick=82661 : armee=0 one_shot=0 page_prog=64 rif_avant=0 nwin=0 marge=0 -> DMA NON ARMEE (le RIF jette) : SCH memorise pour la fenetre SB (dans une vraie fenetre SB : 31/6320)
  profil PC (21015 tranches, high-water 0xde91) : 9a80:11% 8240:11% 8380:10% 83c0:5% 8200:4% 8300:4% 8540:4% 9a40:4% a0c0:3% 81c0:3% 82c0:3% 9a00:2%
  fn=82674   page=0 insn=119     IDLE   d_fb_det=0     a_sch=0100 0000 0000 0000 sync=0000 1530 ffff  | trames=82677 irq=0 iq=0
  [sbwin] SB #6330 fn=82090 p51=31 tick=82763 : armee=0 one_shot=0 page_prog=64 rif_avant=0 nwin=0 marge=0 -> DMA NON ARMEE (le RIF jette) : SCH memorise pour la fenetre SB (dans une vraie fenetre SB : 31/6330)
  [sbwin] SB #6340 fn=82192 p51=31 tick=82865 : armee=0 one_shot=0 page_prog=64 rif_avant=0 nwin=0 marge=0 -> DMA NON ARMEE (le RIF jette) : SCH memorise pour la fenetre SB (dans une vraie fenetre SB : 31/6340)
  profil PC (22480 tranches, high-water 0xde92) : 9a80:11% 8240:11% 8380:10% 83c0:5% 8200:4% 8300:4% 8540:4% 9a40:4% a0c0:3% 81c0:3% 82c0:3% 9a00:2%
  fn=82891   page=0 insn=13725   IDLE   d_fb_det=0     a_sch=0100 0000 0000 0000 sync=0000 1530 ffff  | trames=82894 irq=0 iq=0
  [sbwin] SB #6350 fn=82294 p51=31 tick=82967 : armee=0 one_shot=0 page_prog=64 rif_avant=0 nwin=0 marge=0 -> DMA NON ARMEE (le RIF jette) : SCH memorise pour la fenetre SB (dans une vraie fenetre SB : 31/6350)
  [chrono] fn=82997 sur 1000 trames (ms) : qemu 3.60 | A 0.06 | go 0.28 | B 0.16 | apres DONE 0.52 | trame 4.62 (temps reel 4.62)
  [sbwin] SB #6360 fn=82396 p51=31 tick=83069 : armee=0 one_shot=0 page_prog=64 rif_avant=0 nwin=0 marge=0 -> DMA NON ARMEE (le RIF jette) : SCH memorise pour la fenetre SB (dans une vraie fenetre SB : 31/6360)
  profil PC (24524 tranches, high-water 0xde92) : 9a80:11% 8240:11% 8380:10% 83c0:5% 8200:4% 8300:4% 8540:4% 9a40:4% a0c0:3% 81c0:3% 82c0:3% 9a00:2%
  fn=83108   page=0 insn=36118   IDLE   d_fb_det=0     a_sch=0100 0000 0000 0000 sync=0000 1530 ffff  | trames=83111 irq=0 iq=0
  [sbwin] SB #6370 fn=82498 p51=31 tick=83171 : armee=0 one_shot=0 page_prog=64 rif_avant=0 nwin=0 marge=0 -> DMA NON ARMEE (le RIF jette) : SCH memorise pour la fenetre SB (dans une vraie fenetre SB : 31/6370)
  [sbwin] SB #6380 fn=82600 p51=31 tick=83273 : armee=0 one_shot=0 page_prog=64 rif_avant=0 nwin=0 marge=0 -> DMA NON ARMEE (le RIF jette) : SCH memorise pour la fenetre SB (dans une vraie fenetre SB : 31/6380)
  profil PC (21036 tranches, high-water 0xde91) : 9a80:11% 8240:11% 8380:10% 83c0:5% 8200:4% 8300:4% 8540:4% 9a40:4% a0c0:3% 81c0:3% 82c0:3% 9a00:2%
  fn=83325   page=0 insn=119     IDLE   d_fb_det=0     a_sch=0100 0000 0000 0000 sync=0000 1530 ffff  | trames=83328 irq=0 iq=0
  hacks actifs : RHEA_DMA ; cadencement : STREAM LOCKSTEP  ; stimulus : none
  [sbwin] SB #6390 fn=82702 p51=31 tick=83375 : armee=0 one_shot=0 page_prog=64 rif_avant=0 nwin=0 marge=0 -> DMA NON ARMEE (le RIF jette) : SCH memorise pour la fenetre SB (dans une vraie fenetre SB : 31/6390)
  [sbwin] SB #6400 fn=82804 p51=31 tick=83477 : armee=0 one_shot=0 page_prog=64 rif_avant=0 nwin=0 marge=0 -> DMA NON ARMEE (le RIF jette) : SCH memorise pour la fenetre SB (dans une vraie fenetre SB : 31/6400)
  profil PC (21011 tranches, high-water 0xde92) : 9a80:11% 8240:11% 8380:10% 83c0:5% 8200:4% 8300:4% 8540:4% 9a40:4% a0c0:3% 81c0:3% 82c0:3% 9a00:2%
  fn=83542   page=1 insn=119     IDLE   d_fb_det=0     a_sch=0100 0000 0000 0000 sync=0000 1530 ffff  | trames=83545 irq=0 iq=0
  [sbwin] SB #6410 fn=82906 p51=31 tick=83579 : armee=0 one_shot=0 page_prog=64 rif_avant=0 nwin=0 marge=0 -> DMA NON ARMEE (le RIF jette) : SCH memorise pour la fenetre SB (dans une vraie fenetre SB : 31/6410)
  [sbwin] SB #6420 fn=83008 p51=31 tick=83681 : armee=0 one_shot=0 page_prog=64 rif_avant=0 nwin=0 marge=0 -> DMA NON ARMEE (le RIF jette) : SCH memorise pour la fenetre SB (dans une vraie fenetre SB : 31/6420)
  profil PC (22703 tranches, high-water 0xde91) : 9a80:11% 8240:11% 8380:10% 83c0:5% 8200:4% 8300:4% 8540:4% 9a40:4% a0c0:3% 81c0:3% 82c0:3% 9a00:2%
  fn=83759   page=0 insn=13612   IDLE   d_fb_det=0     a_sch=0100 0000 0000 0000 sync=0000 1530 ffff  | trames=83762 irq=0 iq=0
  [sbwin] SB #6430 fn=83110 p51=31 tick=83783 : armee=0 one_shot=0 page_prog=64 rif_avant=0 nwin=0 marge=0 -> DMA NON ARMEE (le RIF jette) : SCH memorise pour la fenetre SB (dans une vraie fenetre SB : 31/6430)
  [sbwin] SB #6440 fn=83212 p51=31 tick=83885 : armee=0 one_shot=0 page_prog=64 rif_avant=0 nwin=0 marge=0 -> DMA NON ARMEE (le RIF jette) : SCH memorise pour la fenetre SB (dans une vraie fenetre SB : 31/6440)
  profil PC (24322 tranches, high-water 0xde92) : 9a80:11% 8240:11% 8380:10% 83c0:5% 8200:4% 8300:4% 8540:4% 9a40:4% a0c0:3% 81c0:3% 82c0:3% 9a00:2%
  fn=83976   page=0 insn=1357    IDLE   d_fb_det=0     a_sch=0100 0000 0000 0000 sync=0000 1530 ffff  | trames=83979 irq=0 iq=0
  [sbwin] SB #6450 fn=83314 p51=31 tick=83987 : armee=0 one_shot=0 page_prog=64 rif_avant=0 nwin=0 marge=0 -> DMA NON ARMEE (le RIF jette) : SCH memorise pour la fenetre SB (dans une vraie fenetre SB : 31/6450)
  [chrono] fn=83997 sur 1000 trames (ms) : qemu 3.56 | A 0.06 | go 0.27 | B 0.17 | apres DONE 0.56 | trame 4.62 (temps reel 4.62)
  [sbwin] SB #6460 fn=83416 p51=31 tick=84089 : armee=0 one_shot=0 page_prog=64 rif_avant=0 nwin=0 marge=0 -> DMA NON ARMEE (le RIF jette) : SCH memorise pour la fenetre SB (dans une vraie fenetre SB : 31/6460)
  [sbwin] SB #6470 fn=83518 p51=31 tick=84191 : armee=0 one_shot=0 page_prog=64 rif_avant=0 nwin=0 marge=0 -> DMA NON ARMEE (le RIF jette) : SCH memorise pour la fenetre SB (dans une vraie fenetre SB : 31/6470)
  profil PC (21015 tranches, high-water 0xde91) : 9a80:11% 8240:11% 8380:10% 83c0:5% 8200:4% 8300:4% 8540:4% 9a40:4% a0c0:3% 81c0:3% 82c0:3% 9a00:2%
  fn=84193   page=1 insn=119     IDLE   d_fb_det=0     a_sch=0100 0000 0000 0000 sync=0000 1530 ffff  | trames=84196 irq=0 iq=0
  [sbwin] SB #6480 fn=83620 p51=31 tick=84293 : armee=0 one_shot=0 page_prog=64 rif_avant=0 nwin=0 marge=0 -> DMA NON ARMEE (le RIF jette) : SCH memorise pour la fenetre SB (dans une vraie fenetre SB : 31/6480)
  [sbwin] SB #6490 fn=83722 p51=31 tick=84395 : armee=0 one_shot=0 page_prog=64 rif_avant=0 nwin=0 marge=0 -> DMA NON ARMEE (le RIF jette) : SCH memorise pour la fenetre SB (dans une vraie fenetre SB : 31/6490)
  profil PC (21011 tranches, high-water 0xde92) : 9a80:11% 8240:11% 8380:10% 83c0:5% 8200:4% 8300:4% 8540:4% 9a40:4% a0c0:3% 81c0:3% 82c0:3% 9a00:2%
  fn=84410   page=0 insn=119     IDLE   d_fb_det=0     a_sch=0100 0000 0000 0000 sync=0000 1530 ffff  | trames=84413 irq=0 iq=0
  [sbwin] SB #6500 fn=83824 p51=31 tick=84497 : armee=0 one_shot=0 page_prog=64 rif_avant=0 nwin=0 marge=0 -> DMA NON ARMEE (le RIF jette) : SCH memorise pour la fenetre SB (dans une vraie fenetre SB : 31/6500)
  [sbwin] SB #6510 fn=83926 p51=31 tick=84599 : armee=0 one_shot=0 page_prog=64 rif_avant=0 nwin=0 marge=0 -> DMA NON ARMEE (le RIF jette) : SCH memorise pour la fenetre SB (dans une vraie fenetre SB : 31/6510)
  profil PC (22931 tranches, high-water 0xde91) : 9a80:11% 8240:11% 8380:10% 83c0:5% 8200:4% 8300:4% 8540:4% 9a40:4% 81c0:3% a0c0:3% 82c0:3% 9a00:2%
  fn=84627   page=0 insn=13607   IDLE   d_fb_det=0     a_sch=0100 0000 0000 0000 sync=0000 1530 ffff  | trames=84630 irq=0 iq=0
  [sbwin] SB #6520 fn=84028 p51=31 tick=84701 : armee=0 one_shot=0 page_prog=64 rif_avant=0 nwin=0 marge=0 -> DMA NON ARMEE (le RIF jette) : SCH memorise pour la fenetre SB (dans une vraie fenetre SB : 31/6520)
  [sbwin] SB #6530 fn=84130 p51=31 tick=84803 : armee=0 one_shot=0 page_prog=64 rif_avant=0 nwin=0 marge=0 -> DMA NON ARMEE (le RIF jette) : SCH memorise pour la fenetre SB (dans une vraie fenetre SB : 31/6530)
  profil PC (24099 tranches, high-water 0xde92) : 9a80:12% 8240:11% 8380:10% 83c0:5% 8200:4% 8300:4% 8540:4% 9a40:4% a0c0:3% 81c0:3% 82c0:3% 9a00:2%
  fn=84844   page=1 insn=119     IDLE   d_fb_det=0     a_sch=0100 0000 0000 0000 sync=0000 1530 ffff  | trames=84847 irq=0 iq=0
  [sbwin] SB #6540 fn=84232 p51=31 tick=84905 : armee=0 one_shot=0 page_prog=64 rif_avant=0 nwin=0 marge=0 -> DMA NON ARMEE (le RIF jette) : SCH memorise pour la fenetre SB (dans une vraie fenetre SB : 31/6540)
  [chrono] fn=84997 sur 1000 trames (ms) : qemu 3.55 | A 0.06 | go 0.27 | B 0.16 | apres DONE 0.58 | trame 4.62 (temps reel 4.62)
  [sbwin] SB #6550 fn=84334 p51=31 tick=85007 : armee=0 one_shot=0 page_prog=64 rif_avant=0 nwin=0 marge=0 -> DMA NON ARMEE (le RIF jette) : SCH memorise pour la fenetre SB (dans une vraie fenetre SB : 31/6550)
  profil PC (21015 tranches, high-water 0xde91) : 9a80:11% 8240:11% 8380:10% 83c0:5% 8200:4% 8300:4% 8540:4% 9a40:4% a0c0:3% 81c0:3% 82c0:3% 9a00:2%
  fn=85061   page=0 insn=119     IDLE   d_fb_det=0     a_sch=0100 0000 0000 0000 sync=0000 1530 ffff  | trames=85064 irq=0 iq=0
  hacks actifs : RHEA_DMA ; cadencement : STREAM LOCKSTEP  ; stimulus : none
  [sbwin] SB #6560 fn=84436 p51=31 tick=85109 : armee=0 one_shot=0 page_prog=64 rif_avant=0 nwin=0 marge=0 -> DMA NON ARMEE (le RIF jette) : SCH memorise pour la fenetre SB (dans une vraie fenetre SB : 31/6560)
  [sbwin] SB #6570 fn=84538 p51=31 tick=85211 : armee=0 one_shot=0 page_prog=64 rif_avant=0 nwin=0 marge=0 -> DMA NON ARMEE (le RIF jette) : SCH memorise pour la fenetre SB (dans une vraie fenetre SB : 31/6570)
  profil PC (21011 tranches, high-water 0xde92) : 9a80:11% 8240:11% 8380:10% 83c0:5% 8200:4% 8300:4% 8540:4% 9a40:4% a0c0:3% 81c0:3% 82c0:3% 9a00:2%
  fn=85278   page=1 insn=119     IDLE   d_fb_det=0     a_sch=0100 0000 0000 0000 sync=0000 1530 ffff  | trames=85281 irq=0 iq=0
  [sbwin] SB #6580 fn=84640 p51=31 tick=85313 : armee=0 one_shot=0 page_prog=64 rif_avant=0 nwin=0 marge=0 -> DMA NON ARMEE (le RIF jette) : SCH memorise pour la fenetre SB (dans une vraie fenetre SB : 31/6580)
  [sbwin] SB #6590 fn=84742 p51=31 tick=85415 : armee=0 one_shot=0 page_prog=64 rif_avant=0 nwin=0 marge=0 -> DMA NON ARMEE (le RIF jette) : SCH memorise pour la fenetre SB (dans une vraie fenetre SB : 31/6590)
  profil PC (23503 tranches, high-water 0xde91) : 9a80:11% 8240:11% 8380:10% 83c0:5% 8200:4% 8300:4% 8540:4% 9a40:4% a0c0:3% 81c0:3% 82c0:3% 9a00:2%
  fn=85495   page=0 insn=36116   IDLE   d_fb_det=0     a_sch=0100 0000 0000 0000 sync=0000 1530 ffff  | trames=85498 irq=0 iq=0
  [sbwin] SB #6600 fn=84844 p51=31 tick=85517 : armee=0 one_shot=0 page_prog=64 rif_avant=0 nwin=0 marge=0 -> DMA NON ARMEE (le RIF jette) : SCH memorise pour la fenetre SB (dans une vraie fenetre SB : 31/6600)
  [sbwin] SB #6610 fn=84946 p51=31 tick=85619 : armee=0 one_shot=0 page_prog=64 rif_avant=0 nwin=0 marge=0 -> DMA NON ARMEE (le RIF jette) : SCH memorise pour la fenetre SB (dans une vraie fenetre SB : 31/6610)
  profil PC (23524 tranches, high-water 0xde92) : 9a80:11% 8240:11% 8380:10% 83c0:5% 8200:4% 8300:4% 8540:4% 9a40:4% a0c0:3% 81c0:3% 82c0:3% 9a00:2%
  fn=85712   page=0 insn=119     IDLE   d_fb_det=0     a_sch=0100 0000 0000 0000 sync=0000 1530 ffff  | trames=85715 irq=0 iq=0
  [sbwin] SB #6620 fn=85048 p51=31 tick=85721 : armee=0 one_shot=0 page_prog=64 rif_avant=0 nwin=0 marge=0 -> DMA NON ARMEE (le RIF jette) : SCH memorise pour la fenetre SB (dans une vraie fenetre SB : 31/6620)
  [sbwin] SB #6630 fn=85150 p51=31 tick=85823 : armee=0 one_shot=0 page_prog=64 rif_avant=0 nwin=0 marge=0 -> DMA NON ARMEE (le RIF jette) : SCH memorise pour la fenetre SB (dans une vraie fenetre SB : 31/6630)
  [sbwin] SB #6640 fn=85252 p51=31 tick=85925 : armee=0 one_shot=0 page_prog=64 rif_avant=0 nwin=0 marge=0 -> DMA NON ARMEE (le RIF jette) : SCH memorise pour la fenetre SB (dans une vraie fenetre SB : 31/6640)
  profil PC (21015 tranches, high-water 0xde91) : 9a80:11% 8240:11% 8380:10% 83c0:5% 8200:4% 8300:4% 8540:4% 9a40:4% a0c0:3% 81c0:3% 82c0:3% 9a00:2%
  fn=85929   page=1 insn=119     IDLE   d_fb_det=0     a_sch=0100 0000 0000 0000 sync=0000 1530 ffff  | trames=85932 irq=0 iq=0
  [ts0] tick=85930 fn=85257 p51=36 NB fenetre=0 marge=0 rif_avant=0
  [chrono] fn=85997 sur 1000 trames (ms) : qemu 3.71 | A 0.05 | go 0.25 | B 0.15 | apres DONE 0.46 | trame 4.62 (temps reel 4.62)
  [sbwin] SB #6650 fn=85354 p51=31 tick=86027 : armee=0 one_shot=0 page_prog=64 rif_avant=0 nwin=0 marge=0 -> DMA NON ARMEE (le RIF jette) : SCH memorise pour la fenetre SB (dans une vraie fenetre SB : 31/6650)
  [sbwin] SB #6660 fn=85456 p51=31 tick=86129 : armee=0 one_shot=0 page_prog=64 rif_avant=0 nwin=0 marge=0 -> DMA NON ARMEE (le RIF jette) : SCH memorise pour la fenetre SB (dans une vraie fenetre SB : 31/6660)
  profil PC (21011 tranches, high-water 0xde92) : 9a80:11% 8240:11% 8380:10% 83c0:5% 8200:4% 8300:4% 8540:4% 9a40:4% a0c0:3% 81c0:3% 82c0:3% 9a00:2%
  fn=86146   page=0 insn=119     IDLE   d_fb_det=0     a_sch=0100 0000 0000 0000 sync=0000 1530 ffff  | trames=86149 irq=0 iq=0
  [sbwin] SB #6670 fn=85558 p51=31 tick=86231 : armee=0 one_shot=0 page_prog=64 rif_avant=0 nwin=0 marge=0 -> DMA NON ARMEE (le RIF jette) : SCH memorise pour la fenetre SB (dans une vraie fenetre SB : 31/6670)
  [sbwin] SB #6680 fn=85660 p51=31 tick=86333 : armee=0 one_shot=0 page_prog=64 rif_avant=0 nwin=0 marge=0 -> DMA NON ARMEE (le RIF jette) : SCH memorise pour la fenetre SB (dans une vraie fenetre SB : 31/6680)
  profil PC (23522 tranches, high-water 0xde92) : 9a80:11% 8240:11% 8380:10% 83c0:5% 8200:4% 8300:4% 8540:4% 9a40:4% a0c0:3% 81c0:3% 82c0:3% 9a00:2%
  fn=86363   page=0 insn=1357    IDLE   d_fb_det=0     a_sch=0100 0000 0000 0000 sync=0000 1530 ffff  | trames=86366 irq=0 iq=0
  [sbwin] SB #6690 fn=85762 p51=31 tick=86435 : armee=0 one_shot=0 page_prog=64 rif_avant=0 nwin=0 marge=0 -> DMA NON ARMEE (le RIF jette) : SCH memorise pour la fenetre SB (dans une vraie fenetre SB : 31/6690)
  [sbwin] SB #6700 fn=85864 p51=31 tick=86537 : armee=0 one_shot=0 page_prog=64 rif_avant=0 nwin=0 marge=0 -> DMA NON ARMEE (le RIF jette) : SCH memorise pour la fenetre SB (dans une vraie fenetre SB : 31/6700)
  profil PC (23507 tranches, high-water 0xde91) : 9a80:11% 8240:11% 8380:10% 83c0:5% 8200:4% 8300:4% 8540:4% 9a40:4% a0c0:3% 81c0:3% 82c0:3% 9a00:2%
  fn=86580   page=1 insn=119     IDLE   d_fb_det=0     a_sch=0100 0000 0000 0000 sync=0000 1530 ffff  | trames=86583 irq=0 iq=0
  [sbwin] SB #6710 fn=85966 p51=31 tick=86639 : armee=0 one_shot=0 page_prog=64 rif_avant=0 nwin=0 marge=0 -> DMA NON ARMEE (le RIF jette) : SCH memorise pour la fenetre SB (dans une vraie fenetre SB : 31/6710)
  [sbwin] SB #6720 fn=86068 p51=31 tick=86741 : armee=0 one_shot=0 page_prog=64 rif_avant=0 nwin=0 marge=0 -> DMA NON ARMEE (le RIF jette) : SCH memorise pour la fenetre SB (dans une vraie fenetre SB : 31/6720)
  profil PC (21011 tranches, high-water 0xde92) : 9a80:11% 8240:11% 8380:10% 83c0:5% 8200:4% 8300:4% 8540:4% 9a40:4% a0c0:3% 81c0:3% 82c0:3% 9a00:2%
  fn=86797   page=0 insn=119     IDLE   d_fb_det=0     a_sch=0100 0000 0000 0000 sync=0000 1530 ffff  | trames=86800 irq=0 iq=0
  hacks actifs : RHEA_DMA ; cadencement : STREAM LOCKSTEP  ; stimulus : none
  [sbwin] SB #6730 fn=86170 p51=31 tick=86843 : armee=0 one_shot=0 page_prog=64 rif_avant=0 nwin=0 marge=0 -> DMA NON ARMEE (le RIF jette) : SCH memorise pour la fenetre SB (dans une vraie fenetre SB : 31/6730)
  [sbwin] SB #6740 fn=86272 p51=31 tick=86945 : armee=0 one_shot=0 page_prog=64 rif_avant=0 nwin=0 marge=0 -> DMA NON ARMEE (le RIF jette) : SCH memorise pour la fenetre SB (dans une vraie fenetre SB : 31/6740)
  [chrono] fn=86997 sur 1000 trames (ms) : qemu 3.58 | A 0.06 | go 0.28 | B 0.15 | apres DONE 0.55 | trame 4.62 (temps reel 4.62)
  profil PC (21015 tranches, high-water 0xde91) : 9a80:11% 8240:11% 8380:10% 83c0:5% 8200:4% 8300:4% 8540:4% 9a40:4% a0c0:3% 81c0:3% 82c0:3% 9a00:2%
  fn=87014   page=1 insn=119     IDLE   d_fb_det=0     a_sch=0100 0000 0000 0000 sync=0000 1530 ffff  | trames=87017 irq=0 iq=0
  [sbwin] SB #6750 fn=86374 p51=31 tick=87047 : armee=0 one_shot=0 page_prog=64 rif_avant=0 nwin=0 marge=0 -> DMA NON ARMEE (le RIF jette) : SCH memorise pour la fenetre SB (dans une vraie fenetre SB : 31/6750)
  [sbwin] SB #6760 fn=86476 p51=31 tick=87149 : armee=0 one_shot=0 page_prog=64 rif_avant=0 nwin=0 marge=0 -> DMA NON ARMEE (le RIF jette) : SCH memorise pour la fenetre SB (dans une vraie fenetre SB : 31/6760)
  profil PC (23518 tranches, high-water 0xde92) : 9a80:11% 8240:11% 8380:10% 83c0:5% 8200:4% 8300:4% 8540:4% 9a40:4% a0c0:3% 81c0:3% 82c0:3% 9a00:2%
  fn=87231   page=1 insn=119     IDLE   d_fb_det=0     a_sch=0100 0000 0000 0000 sync=0000 1530 ffff  | trames=87234 irq=0 iq=0
  [sbwin] SB #6770 fn=86578 p51=31 tick=87251 : armee=0 one_shot=0 page_prog=64 rif_avant=0 nwin=0 marge=0 -> DMA NON ARMEE (le RIF jette) : SCH memorise pour la fenetre SB (dans une vraie fenetre SB : 31/6770)
  [sbwin] SB #6780 fn=86680 p51=31 tick=87353 : armee=0 one_shot=0 page_prog=64 rif_avant=0 nwin=0 marge=0 -> DMA NON ARMEE (le RIF jette) : SCH memorise pour la fenetre SB (dans une vraie fenetre SB : 31/6780)
  profil PC (23507 tranches, high-water 0xde91) : 9a80:11% 8240:11% 8380:10% 83c0:5% 8200:4% 8300:4% 8540:4% 9a40:4% a0c0:3% 81c0:3% 82c0:3% 9a00:2%
  fn=87448   page=0 insn=119     IDLE   d_fb_det=0     a_sch=0100 0000 0000 0000 sync=0000 1530 ffff  | trames=87451 irq=0 iq=0
  [sbwin] SB #6790 fn=86782 p51=31 tick=87455 : armee=0 one_shot=0 page_prog=64 rif_avant=0 nwin=0 marge=0 -> DMA NON ARMEE (le RIF jette) : SCH memorise pour la fenetre SB (dans une vraie fenetre SB : 31/6790)
  [sbwin] SB #6800 fn=86884 p51=31 tick=87557 : armee=0 one_shot=0 page_prog=64 rif_avant=0 nwin=0 marge=0 -> DMA NON ARMEE (le RIF jette) : SCH memorise pour la fenetre SB (dans une vraie fenetre SB : 31/6800)
  [sbwin] SB #6810 fn=86986 p51=31 tick=87659 : armee=0 one_shot=0 page_prog=64 rif_avant=0 nwin=0 marge=0 -> DMA NON ARMEE (le RIF jette) : SCH memorise pour la fenetre SB (dans une vraie fenetre SB : 31/6810)
  profil PC (21011 tranches, high-water 0xde92) : 9a80:11% 8240:11% 8380:10% 83c0:5% 8200:4% 8300:4% 8540:4% 9a40:4% a0c0:3% 81c0:3% 82c0:3% 9a00:2%
  fn=87665   page=1 insn=119     IDLE   d_fb_det=0     a_sch=0100 0000 0000 0000 sync=0000 1530 ffff  | trames=87668 irq=0 iq=0
  [sbwin] SB #6820 fn=87088 p51=31 tick=87761 : armee=0 one_shot=0 page_prog=64 rif_avant=0 nwin=0 marge=0 -> DMA NON ARMEE (le RIF jette) : SCH memorise pour la fenetre SB (dans une vraie fenetre SB : 31/6820)
  [sbwin] SB #6830 fn=87190 p51=31 tick=87863 : armee=0 one_shot=0 page_prog=64 rif_avant=0 nwin=0 marge=0 -> DMA NON ARMEE (le RIF jette) : SCH memorise pour la fenetre SB (dans une vraie fenetre SB : 31/6830)
  profil PC (21015 tranches, high-water 0xde91) : 9a80:11% 8240:11% 8380:10% 83c0:5% 8200:4% 8300:4% 8540:4% 9a40:4% a0c0:3% 81c0:3% 82c0:3% 9a00:2%
  fn=87882   page=0 insn=119     IDLE   d_fb_det=0     a_sch=0100 0000 0000 0000 sync=0000 1530 ffff  | trames=87885 irq=0 iq=0
  [sbwin] SB #6840 fn=87292 p51=31 tick=87965 : armee=0 one_shot=0 page_prog=64 rif_avant=0 nwin=0 marge=0 -> DMA NON ARMEE (le RIF jette) : SCH memorise pour la fenetre SB (dans une vraie fenetre SB : 31/6840)
  [chrono] fn=87997 sur 1000 trames (ms) : qemu 3.56 | A 0.06 | go 0.28 | B 0.16 | apres DONE 0.56 | trame 4.62 (temps reel 4.62)
  [sbwin] SB #6850 fn=87394 p51=31 tick=88067 : armee=0 one_shot=0 page_prog=64 rif_avant=0 nwin=0 marge=0 -> DMA NON ARMEE (le RIF jette) : SCH memorise pour la fenetre SB (dans une vraie fenetre SB : 31/6850)
  profil PC (23748 tranches, high-water 0xde92) : 9a80:11% 8240:11% 8380:10% 83c0:5% 8200:4% 8300:4% 8540:4% 9a40:4% a0c0:3% 81c0:3% 82c0:3% 9a00:2%
  fn=88099   page=1 insn=13733   IDLE   d_fb_det=0     a_sch=0100 0000 0000 0000 sync=0000 1530 ffff  | trames=88102 irq=0 iq=0
  [sbwin] SB #6860 fn=87496 p51=31 tick=88169 : armee=0 one_shot=0 page_prog=64 rif_avant=0 nwin=0 marge=0 -> DMA NON ARMEE (le RIF jette) : SCH memorise pour la fenetre SB (dans une vraie fenetre SB : 31/6860)
  [sbwin] SB #6870 fn=87598 p51=31 tick=88271 : armee=0 one_shot=0 page_prog=64 rif_avant=0 nwin=0 marge=0 -> DMA NON ARMEE (le RIF jette) : SCH memorise pour la fenetre SB (dans une vraie fenetre SB : 31/6870)
  profil PC (23282 tranches, high-water 0xde91) : 9a80:11% 8240:11% 8380:10% 83c0:5% 8200:4% 8300:4% 8540:4% 9a40:4% a0c0:3% 81c0:3% 82c0:3% 9a00:2%
  fn=88316   page=1 insn=119     IDLE   d_fb_det=0     a_sch=0100 0000 0000 0000 sync=0000 1530 ffff  | trames=88319 irq=0 iq=0
  [sbwin] SB #6880 fn=87700 p51=31 tick=88373 : armee=0 one_shot=0 page_prog=64 rif_avant=0 nwin=0 marge=0 -> DMA NON ARMEE (le RIF jette) : SCH memorise pour la fenetre SB (dans une vraie fenetre SB : 31/6880)
  [sbwin] SB #6890 fn=87802 p51=31 tick=88475 : armee=0 one_shot=0 page_prog=64 rif_avant=0 nwin=0 marge=0 -> DMA NON ARMEE (le RIF jette) : SCH memorise pour la fenetre SB (dans une vraie fenetre SB : 31/6890)
  profil PC (21011 tranches, high-water 0xde92) : 9a80:11% 8240:11% 8380:10% 83c0:5% 8200:4% 8300:4% 8540:4% 9a40:4% a0c0:3% 81c0:3% 82c0:3% 9a00:2%
  fn=88533   page=0 insn=119     IDLE   d_fb_det=0     a_sch=0100 0000 0000 0000 sync=0000 1530 ffff  | trames=88536 irq=0 iq=0
  hacks actifs : RHEA_DMA ; cadencement : STREAM LOCKSTEP  ; stimulus : none
  [sbwin] SB #6900 fn=87904 p51=31 tick=88577 : armee=0 one_shot=0 page_prog=64 rif_avant=0 nwin=0 marge=0 -> DMA NON ARMEE (le RIF jette) : SCH memorise pour la fenetre SB (dans une vraie fenetre SB : 31/6900)
  [sbwin] SB #6910 fn=88006 p51=31 tick=88679 : armee=0 one_shot=0 page_prog=64 rif_avant=0 nwin=0 marge=0 -> DMA NON ARMEE (le RIF jette) : SCH memorise pour la fenetre SB (dans une vraie fenetre SB : 31/6910)
  profil PC (21036 tranches, high-water 0xde91) : 9a80:11% 8240:11% 8380:10% 83c0:5% 8200:4% 8300:4% 8540:4% 9a40:4% a0c0:3% 81c0:3% 82c0:3% 9a00:2%
  fn=88750   page=0 insn=1357    IDLE   d_fb_det=0     a_sch=0100 0000 0000 0000 sync=0000 1530 ffff  | trames=88753 irq=0 iq=0
  [sbwin] SB #6920 fn=88108 p51=31 tick=88781 : armee=0 one_shot=0 page_prog=64 rif_avant=0 nwin=0 marge=0 -> DMA NON ARMEE (le RIF jette) : SCH memorise pour la fenetre SB (dans une vraie fenetre SB : 31/6920)
  [sbwin] SB #6930 fn=88210 p51=31 tick=88883 : armee=0 one_shot=0 page_prog=64 rif_avant=0 nwin=0 marge=0 -> DMA NON ARMEE (le RIF jette) : SCH memorise pour la fenetre SB (dans une vraie fenetre SB : 31/6930)
  profil PC (23947 tranches, high-water 0xde92) : 9a80:11% 8240:11% 8380:10% 83c0:5% 8200:4% 8300:4% 8540:4% 9a40:4% a0c0:3% 81c0:3% 82c0:3% 9a00:2%
  fn=88967   page=1 insn=13611   IDLE   d_fb_det=0     a_sch=0100 0000 0000 0000 sync=0000 1530 ffff  | trames=88970 irq=0 iq=0
  [sbwin] SB #6940 fn=88312 p51=31 tick=88985 : armee=0 one_shot=0 page_prog=64 rif_avant=0 nwin=0 marge=0 -> DMA NON ARMEE (le RIF jette) : SCH memorise pour la fenetre SB (dans une vraie fenetre SB : 31/6940)
  [chrono] fn=88997 sur 1000 trames (ms) : qemu 3.60 | A 0.06 | go 0.27 | B 0.16 | apres DONE 0.53 | trame 4.61 (temps reel 4.62)
  [sbwin] SB #6950 fn=88414 p51=31 tick=89087 : armee=0 one_shot=0 page_prog=64 rif_avant=0 nwin=0 marge=0 -> DMA NON ARMEE (le RIF jette) : SCH memorise pour la fenetre SB (dans une vraie fenetre SB : 31/6950)
  profil PC (23059 tranches, high-water 0xde91) : 9a80:11% 8240:11% 8380:10% 83c0:5% 8200:4% 8300:4% 8540:4% 9a40:4% a0c0:3% 81c0:3% 82c0:3% 9a00:2%
  fn=89184   page=0 insn=119     IDLE   d_fb_det=0     a_sch=0100 0000 0000 0000 sync=0000 1530 ffff  | trames=89187 irq=0 iq=0
  [sbwin] SB #6960 fn=88516 p51=31 tick=89189 : armee=0 one_shot=0 page_prog=64 rif_avant=0 nwin=0 marge=0 -> DMA NON ARMEE (le RIF jette) : SCH memorise pour la fenetre SB (dans une vraie fenetre SB : 31/6960)
  [sbwin] SB #6970 fn=88618 p51=31 tick=89291 : armee=0 one_shot=0 page_prog=64 rif_avant=0 nwin=0 marge=0 -> DMA NON ARMEE (le RIF jette) : SCH memorise pour la fenetre SB (dans une vraie fenetre SB : 31/6970)
  [sbwin] SB #6980 fn=88720 p51=31 tick=89393 : armee=0 one_shot=0 page_prog=64 rif_avant=0 nwin=0 marge=0 -> DMA NON ARMEE (le RIF jette) : SCH memorise pour la fenetre SB (dans une vraie fenetre SB : 31/6980)
  profil PC (21011 tranches, high-water 0xde92) : 9a80:11% 8240:11% 8380:10% 83c0:5% 8200:4% 8300:4% 8540:4% 9a40:4% a0c0:3% 81c0:3% 82c0:3% 9a00:2%
  fn=89401   page=1 insn=119     IDLE   d_fb_det=0     a_sch=0100 0000 0000 0000 sync=0000 1530 ffff  | trames=89404 irq=0 iq=0
  [sbwin] SB #6990 fn=88822 p51=31 tick=89495 : armee=0 one_shot=0 page_prog=64 rif_avant=0 nwin=0 marge=0 -> DMA NON ARMEE (le RIF jette) : SCH memorise pour la fenetre SB (dans une vraie fenetre SB : 31/6990)
  [sbwin] SB #7000 fn=88924 p51=31 tick=89597 : armee=0 one_shot=0 page_prog=64 rif_avant=0 nwin=0 marge=0 -> DMA NON ARMEE (le RIF jette) : SCH memorise pour la fenetre SB (dans une vraie fenetre SB : 31/7000)
  profil PC (21036 tranches, high-water 0xde91) : 9a80:11% 8240:11% 8380:10% 83c0:5% 8200:4% 8300:4% 8540:4% 9a40:4% a0c0:3% 81c0:3% 82c0:3% 9a00:2%
  fn=89618   page=1 insn=119     IDLE   d_fb_det=0     a_sch=0100 0000 0000 0000 sync=0000 1530 ffff  | trames=89621 irq=0 iq=0
  [sbwin] SB #7010 fn=89026 p51=31 tick=89699 : armee=0 one_shot=0 page_prog=64 rif_avant=0 nwin=0 marge=0 -> DMA NON ARMEE (le RIF jette) : SCH memorise pour la fenetre SB (dans une vraie fenetre SB : 31/7010)
  [sbwin] SB #7020 fn=89128 p51=31 tick=89801 : armee=0 one_shot=0 page_prog=64 rif_avant=0 nwin=0 marge=0 -> DMA NON ARMEE (le RIF jette) : SCH memorise pour la fenetre SB (dans une vraie fenetre SB : 31/7020)
  profil PC (24172 tranches, high-water 0xde92) : 9a80:11% 8240:11% 8380:10% 83c0:5% 8200:5% 8300:4% 8540:4% 9a40:4% 81c0:3% a0c0:3% 82c0:3% 9a00:2%
  fn=89835   page=1 insn=13609   IDLE   d_fb_det=0     a_sch=0100 0000 0000 0000 sync=0000 1530 ffff  | trames=89838 irq=0 iq=0
  [sbwin] SB #7030 fn=89230 p51=31 tick=89903 : armee=0 one_shot=0 page_prog=64 rif_avant=0 nwin=0 marge=0 -> DMA NON ARMEE (le RIF jette) : SCH memorise pour la fenetre SB (dans une vraie fenetre SB : 31/7030)
  [chrono] fn=89997 sur 1000 trames (ms) : qemu 3.72 | A 0.05 | go 0.26 | B 0.13 | apres DONE 0.46 | trame 4.62 (temps reel 4.62)
  [sbwin] SB #7040 fn=89332 p51=31 tick=90005 : armee=0 one_shot=0 page_prog=64 rif_avant=0 nwin=0 marge=0 -> DMA NON ARMEE (le RIF jette) : SCH memorise pour la fenetre SB (dans une vraie fenetre SB : 31/7040)
  profil PC (22832 tranches, high-water 0xde92) : 9a80:12% 8240:11% 8380:10% 83c0:5% 8200:4% 8300:4% 8540:4% 9a40:4% a0c0:3% 81c0:3% 82c0:3% 9a00:2%
  fn=90052   page=1 insn=119     IDLE   d_fb_det=0     a_sch=0100 0000 0000 0000 sync=0000 1530 ffff  | trames=90055 irq=0 iq=0
  [sbwin] SB #7050 fn=89434 p51=31 tick=90107 : armee=0 one_shot=0 page_prog=64 rif_avant=0 nwin=0 marge=0 -> DMA NON ARMEE (le RIF jette) : SCH memorise pour la fenetre SB (dans une vraie fenetre SB : 31/7050)
  [sbwin] SB #7060 fn=89536 p51=31 tick=90209 : armee=0 one_shot=0 page_prog=64 rif_avant=0 nwin=0 marge=0 -> DMA NON ARMEE (le RIF jette) : SCH memorise pour la fenetre SB (dans une vraie fenetre SB : 31/7060)
  profil PC (21036 tranches, high-water 0xde91) : 9a80:11% 8240:11% 8380:10% 83c0:5% 8200:4% 8300:4% 8540:4% 9a40:4% a0c0:3% 81c0:3% 82c0:3% 9a00:2%
  fn=90269   page=1 insn=1359    IDLE   d_fb_det=0     a_sch=0100 0000 0000 0000 sync=0000 1530 ffff  | trames=90272 irq=0 iq=0
  hacks actifs : RHEA_DMA ; cadencement : STREAM LOCKSTEP  ; stimulus : none
  [sbwin] SB #7070 fn=89638 p51=31 tick=90311 : armee=0 one_shot=0 page_prog=64 rif_avant=0 nwin=0 marge=0 -> DMA NON ARMEE (le RIF jette) : SCH memorise pour la fenetre SB (dans une vraie fenetre SB : 31/7070)
  [sbwin] SB #7080 fn=89740 p51=31 tick=90413 : armee=0 one_shot=0 page_prog=64 rif_avant=0 nwin=0 marge=0 -> DMA NON ARMEE (le RIF jette) : SCH memorise pour la fenetre SB (dans une vraie fenetre SB : 31/7080)
  profil PC (21235 tranches, high-water 0xde92) : 9a80:11% 8240:11% 8380:10% 83c0:5% 8200:4% 8300:4% 8540:4% 9a40:4% a0c0:3% 81c0:3% 82c0:3% 9a00:2%
  fn=90486   page=1 insn=13727   IDLE   d_fb_det=0     a_sch=0100 0000 0000 0000 sync=0000 1530 ffff  | trames=90489 irq=0 iq=0
  [sbwin] SB #7090 fn=89842 p51=31 tick=90515 : armee=0 one_shot=0 page_prog=64 rif_avant=0 nwin=0 marge=0 -> DMA NON ARMEE (le RIF jette) : SCH memorise pour la fenetre SB (dans une vraie fenetre SB : 31/7090)
  [sbwin] SB #7100 fn=89944 p51=31 tick=90617 : armee=0 one_shot=0 page_prog=64 rif_avant=0 nwin=0 marge=0 -> DMA NON ARMEE (le RIF jette) : SCH memorise pour la fenetre SB (dans une vraie fenetre SB : 31/7100)
  profil PC (24523 tranches, high-water 0xde91) : 9a80:11% 8240:11% 8380:10% 83c0:5% 8200:4% 8300:4% 8540:4% 9a40:4% a0c0:3% 81c0:3% 82c0:3% 9a00:2%
  fn=90703   page=1 insn=36120   IDLE   d_fb_det=0     a_sch=0100 0000 0000 0000 sync=0000 1530 ffff  | trames=90706 irq=0 iq=0
  [sbwin] SB #7110 fn=90046 p51=31 tick=90719 : armee=0 one_shot=0 page_prog=64 rif_avant=0 nwin=0 marge=0 -> DMA NON ARMEE (le RIF jette) : SCH memorise pour la fenetre SB (dans une vraie fenetre SB : 31/7110)
  [sbwin] SB #7120 fn=90148 p51=31 tick=90821 : armee=0 one_shot=0 page_prog=64 rif_avant=0 nwin=0 marge=0 -> DMA NON ARMEE (le RIF jette) : SCH memorise pour la fenetre SB (dans une vraie fenetre SB : 31/7120)
  profil PC (22257 tranches, high-water 0xde92) : 9a80:11% 8240:11% 8380:10% 83c0:5% 8200:4% 8300:4% 8540:4% 9a40:4% a0c0:3% 81c0:3% 82c0:3% 9a00:2%
  fn=90920   page=0 insn=119     IDLE   d_fb_det=0     a_sch=0100 0000 0000 0000 sync=0000 1530 ffff  | trames=90923 irq=0 iq=0
  [sbwin] SB #7130 fn=90250 p51=31 tick=90923 : armee=0 one_shot=0 page_prog=64 rif_avant=0 nwin=0 marge=0 -> DMA NON ARMEE (le RIF jette) : SCH memorise pour la fenetre SB (dans une vraie fenetre SB : 31/7130)
  [ts0] tick=90930 fn=90257 p51=38 NB fenetre=0 marge=0 rif_avant=0
  [chrono] fn=90997 sur 1000 trames (ms) : qemu 3.79 | A 0.05 | go 0.25 | B 0.12 | apres DONE 0.41 | trame 4.62 (temps reel 4.62)
  [sbwin] SB #7140 fn=90352 p51=31 tick=91025 : armee=0 one_shot=0 page_prog=64 rif_avant=0 nwin=0 marge=0 -> DMA NON ARMEE (le RIF jette) : SCH memorise pour la fenetre SB (dans une vraie fenetre SB : 31/7140)
  [sbwin] SB #7150 fn=90454 p51=31 tick=91127 : armee=0 one_shot=0 page_prog=64 rif_avant=0 nwin=0 marge=0 -> DMA NON ARMEE (le RIF jette) : SCH memorise pour la fenetre SB (dans une vraie fenetre SB : 31/7150)
  profil PC (21036 tranches, high-water 0xde91) : 9a80:11% 8240:11% 8380:10% 83c0:5% 8200:4% 8300:4% 8540:4% 9a40:4% a0c0:3% 81c0:3% 82c0:3% 9a00:2%
  fn=91137   page=0 insn=119     IDLE   d_fb_det=0     a_sch=0100 0000 0000 0000 sync=0000 1530 ffff  | trames=91140 irq=0 iq=0
  [sbwin] SB #7160 fn=90556 p51=31 tick=91229 : armee=0 one_shot=0 page_prog=64 rif_avant=0 nwin=0 marge=0 -> DMA NON ARMEE (le RIF jette) : SCH memorise pour la fenetre SB (dans une vraie fenetre SB : 31/7160)
  [sbwin] SB #7170 fn=90658 p51=31 tick=91331 : armee=0 one_shot=0 page_prog=64 rif_avant=0 nwin=0 marge=0 -> DMA NON ARMEE (le RIF jette) : SCH memorise pour la fenetre SB (dans une vraie fenetre SB : 31/7170)
  profil PC (21459 tranches, high-water 0xde92) : 9a80:11% 8240:11% 8380:10% 83c0:5% 8200:4% 8300:4% 8540:4% 9a40:4% a0c0:3% 81c0:3% 82c0:3% 9a00:2%
  fn=91354   page=1 insn=13614   IDLE   d_fb_det=0     a_sch=0100 0000 0000 0000 sync=0000 1530 ffff  | trames=91357 irq=0 iq=0
  [sbwin] SB #7180 fn=90760 p51=31 tick=91433 : armee=0 one_shot=0 page_prog=64 rif_avant=0 nwin=0 marge=0 -> DMA NON ARMEE (le RIF jette) : SCH memorise pour la fenetre SB (dans une vraie fenetre SB : 31/7180)
  [sbwin] SB #7190 fn=90862 p51=31 tick=91535 : armee=0 one_shot=0 page_prog=64 rif_avant=0 nwin=0 marge=0 -> DMA NON ARMEE (le RIF jette) : SCH memorise pour la fenetre SB (dans une vraie fenetre SB : 31/7190)
  profil PC (24529 tranches, high-water 0xde91) : 9a80:11% 8240:11% 8380:10% 83c0:5% 8200:4% 8300:4% 8540:4% 9a40:4% a0c0:3% 81c0:3% 82c0:3% 9a00:2%
  fn=91571   page=1 insn=13733   IDLE   d_fb_det=0     a_sch=0100 0000 0000 0000 sync=0000 1530 ffff  | trames=91574 irq=0 iq=0
  [sbwin] SB #7200 fn=90964 p51=31 tick=91637 : armee=0 one_shot=0 page_prog=64 rif_avant=0 nwin=0 marge=0 -> DMA NON ARMEE (le RIF jette) : SCH memorise pour la fenetre SB (dans une vraie fenetre SB : 31/7200)
  [sbwin] SB #7210 fn=91066 p51=31 tick=91739 : armee=0 one_shot=0 page_prog=64 rif_avant=0 nwin=0 marge=0 -> DMA NON ARMEE (le RIF jette) : SCH memorise pour la fenetre SB (dans une vraie fenetre SB : 31/7210)
  profil PC (22032 tranches, high-water 0xde92) : 9a80:11% 8240:11% 8380:10% 83c0:5% 8200:4% 8300:4% 8540:4% 9a40:4% a0c0:3% 81c0:3% 82c0:3% 9a00:2%
  fn=91788   page=1 insn=119     IDLE   d_fb_det=0     a_sch=0100 0000 0000 0000 sync=0000 1530 ffff  | trames=91791 irq=0 iq=0
  [sbwin] SB #7220 fn=91168 p51=31 tick=91841 : armee=0 one_shot=0 page_prog=64 rif_avant=0 nwin=0 marge=0 -> DMA NON ARMEE (le RIF jette) : SCH memorise pour la fenetre SB (dans une vraie fenetre SB : 31/7220)
  [sbwin] SB #7230 fn=91270 p51=31 tick=91943 : armee=0 one_shot=0 page_prog=64 rif_avant=0 nwin=0 marge=0 -> DMA NON ARMEE (le RIF jette) : SCH memorise pour la fenetre SB (dans une vraie fenetre SB : 31/7230)
  [chrono] fn=91997 sur 1000 trames (ms) : qemu 3.54 | A 0.06 | go 0.29 | B 0.17 | apres DONE 0.55 | trame 4.61 (temps reel 4.62)
  profil PC (21036 tranches, high-water 0xde91) : 9a80:11% 8240:11% 8380:10% 83c0:5% 8200:4% 8300:4% 8540:4% 9a40:4% a0c0:3% 81c0:3% 82c0:3% 9a00:2%
  fn=92005   page=1 insn=119     IDLE   d_fb_det=0     a_sch=0100 0000 0000 0000 sync=0000 1530 ffff  | trames=92008 irq=0 iq=0
  hacks actifs : RHEA_DMA ; cadencement : STREAM LOCKSTEP  ; stimulus : none
  [sbwin] SB #7240 fn=91372 p51=31 tick=92045 : armee=0 one_shot=0 page_prog=64 rif_avant=0 nwin=0 marge=0 -> DMA NON ARMEE (le RIF jette) : SCH memorise pour la fenetre SB (dans une vraie fenetre SB : 31/7240)
  [sbwin] SB #7250 fn=91474 p51=31 tick=92147 : armee=0 one_shot=0 page_prog=64 rif_avant=0 nwin=0 marge=0 -> DMA NON ARMEE (le RIF jette) : SCH memorise pour la fenetre SB (dans une vraie fenetre SB : 31/7250)
  profil PC (21680 tranches, high-water 0xde92) : 9a80:11% 8240:11% 8380:10% 83c0:5% 8200:5% 8300:4% 8540:4% 9a40:4% 81c0:3% a0c0:3% 82c0:3% 9a00:2%
  fn=92222   page=1 insn=13615   IDLE   d_fb_det=0     a_sch=0100 0000 0000 0000 sync=0000 1530 ffff  | trames=92225 irq=0 iq=0
  [sbwin] SB #7260 fn=91576 p51=31 tick=92249 : armee=0 one_shot=0 page_prog=64 rif_avant=0 nwin=0 marge=0 -> DMA NON ARMEE (le RIF jette) : SCH memorise pour la fenetre SB (dans une vraie fenetre SB : 31/7260)
  [sbwin] SB #7270 fn=91678 p51=31 tick=92351 : armee=0 one_shot=0 page_prog=64 rif_avant=0 nwin=0 marge=0 -> DMA NON ARMEE (le RIF jette) : SCH memorise pour la fenetre SB (dans une vraie fenetre SB : 31/7270)
  profil PC (24528 tranches, high-water 0xde91) : 9a80:11% 8240:11% 8380:10% 83c0:5% 8200:4% 8300:4% 8540:4% 9a40:4% a0c0:3% 81c0:3% 82c0:3% 9a00:2%
  fn=92439   page=1 insn=13611   IDLE   d_fb_det=0     a_sch=0100 0000 0000 0000 sync=0000 1530 ffff  | trames=92442 irq=0 iq=0
  [sbwin] SB #7280 fn=91780 p51=31 tick=92453 : armee=0 one_shot=0 page_prog=64 rif_avant=0 nwin=0 marge=0 -> DMA NON ARMEE (le RIF jette) : SCH memorise pour la fenetre SB (dans une vraie fenetre SB : 31/7280)
  [sbwin] SB #7290 fn=91882 p51=31 tick=92555 : armee=0 one_shot=0 page_prog=64 rif_avant=0 nwin=0 marge=0 -> DMA NON ARMEE (le RIF jette) : SCH memorise pour la fenetre SB (dans une vraie fenetre SB : 31/7290)
  profil PC (21830 tranches, high-water 0xde92) : 9a80:11% 8240:11% 8380:10% 83c0:5% 8200:4% 8300:4% 8540:4% 9a40:4% a0c0:3% 81c0:3% 82c0:3% 9a00:2%
  fn=92656   page=1 insn=1359    IDLE   d_fb_det=0     a_sch=0100 0000 0000 0000 sync=0000 1530 ffff  | trames=92659 irq=0 iq=0
  [sbwin] SB #7300 fn=91984 p51=31 tick=92657 : armee=0 one_shot=0 page_prog=64 rif_avant=0 nwin=0 marge=0 -> DMA NON ARMEE (le RIF jette) : SCH memorise pour la fenetre SB (dans une vraie fenetre SB : 31/7300)
  [sbwin] SB #7310 fn=92086 p51=31 tick=92759 : armee=0 one_shot=0 page_prog=64 rif_avant=0 nwin=0 marge=0 -> DMA NON ARMEE (le RIF jette) : SCH memorise pour la fenetre SB (dans une vraie fenetre SB : 31/7310)
  [sbwin] SB #7320 fn=92188 p51=31 tick=92861 : armee=0 one_shot=0 page_prog=64 rif_avant=0 nwin=0 marge=0 -> DMA NON ARMEE (le RIF jette) : SCH memorise pour la fenetre SB (dans une vraie fenetre SB : 31/7320)
  profil PC (21015 tranches, high-water 0xde91) : 9a80:11% 8240:11% 8380:10% 83c0:5% 8200:4% 8300:4% 8540:4% 9a40:4% a0c0:3% 81c0:3% 82c0:3% 9a00:2%
  fn=92873   page=0 insn=119     IDLE   d_fb_det=0     a_sch=0100 0000 0000 0000 sync=0000 1530 ffff  | trames=92876 irq=0 iq=0
  [sbwin] SB #7330 fn=92290 p51=31 tick=92963 : armee=0 one_shot=0 page_prog=64 rif_avant=0 nwin=0 marge=0 -> DMA NON ARMEE (le RIF jette) : SCH memorise pour la fenetre SB (dans une vraie fenetre SB : 31/7330)
  [chrono] fn=92997 sur 1000 trames (ms) : qemu 3.60 | A 0.05 | go 0.26 | B 0.17 | apres DONE 0.53 | trame 4.62 (temps reel 4.62)
  [sbwin] SB #7340 fn=92392 p51=31 tick=93065 : armee=0 one_shot=0 page_prog=64 rif_avant=0 nwin=0 marge=0 -> DMA NON ARMEE (le RIF jette) : SCH memorise pour la fenetre SB (dans une vraie fenetre SB : 31/7340)
  profil PC (22256 tranches, high-water 0xde92) : 9a80:11% 8240:11% 8380:10% 83c0:5% 8200:4% 8300:4% 8540:4% 9a40:4% a0c0:3% 81c0:3% 82c0:3% 9a00:2%
  fn=93090   page=1 insn=36120   IDLE   d_fb_det=0     a_sch=0100 0000 0000 0000 sync=0000 1530 ffff  | trames=93093 irq=0 iq=0
  [sbwin] SB #7350 fn=92494 p51=31 tick=93167 : armee=0 one_shot=0 page_prog=64 rif_avant=0 nwin=0 marge=0 -> DMA NON ARMEE (le RIF jette) : SCH memorise pour la fenetre SB (dans une vraie fenetre SB : 31/7350)
  [sbwin] SB #7360 fn=92596 p51=31 tick=93269 : armee=0 one_shot=0 page_prog=64 rif_avant=0 nwin=0 marge=0 -> DMA NON ARMEE (le RIF jette) : SCH memorise pour la fenetre SB (dans une vraie fenetre SB : 31/7360)
  profil PC (24173 tranches, high-water 0xde92) : 9a80:11% 8240:11% 8380:10% 83c0:5% 8200:5% 8300:4% 8540:4% 9a40:4% 81c0:3% a0c0:3% 82c0:3% 9a00:2%
  fn=93307   page=1 insn=13609   IDLE   d_fb_det=0     a_sch=0100 0000 0000 0000 sync=0000 1530 ffff  | trames=93310 irq=0 iq=0
  [sbwin] SB #7370 fn=92698 p51=31 tick=93371 : armee=0 one_shot=0 page_prog=64 rif_avant=0 nwin=0 marge=0 -> DMA NON ARMEE (le RIF jette) : SCH memorise pour la fenetre SB (dans une vraie fenetre SB : 31/7370)
  [sbwin] SB #7380 fn=92800 p51=31 tick=93473 : armee=0 one_shot=0 page_prog=64 rif_avant=0 nwin=0 marge=0 -> DMA NON ARMEE (le RIF jette) : SCH memorise pour la fenetre SB (dans une vraie fenetre SB : 31/7380)
  profil PC (21611 tranches, high-water 0xde91) : 9a80:12% 8240:10% 8380:10% 83c0:5% 8200:4% 8300:4% 8540:4% 9a40:4% a0c0:3% 81c0:3% 82c0:3% 9a00:2%
  fn=93524   page=0 insn=119     IDLE   d_fb_det=0     a_sch=0100 0000 0000 0000 sync=0000 1530 ffff  | trames=93527 irq=0 iq=0
  [sbwin] SB #7390 fn=92902 p51=31 tick=93575 : armee=0 one_shot=0 page_prog=64 rif_avant=0 nwin=0 marge=0 -> DMA NON ARMEE (le RIF jette) : SCH memorise pour la fenetre SB (dans une vraie fenetre SB : 31/7390)
  [sbwin] SB #7400 fn=93004 p51=31 tick=93677 : armee=0 one_shot=0 page_prog=64 rif_avant=0 nwin=0 marge=0 -> DMA NON ARMEE (le RIF jette) : SCH memorise pour la fenetre SB (dans une vraie fenetre SB : 31/7400)
  profil PC (21011 tranches, high-water 0xde92) : 9a80:11% 8240:11% 8380:10% 83c0:5% 8200:4% 8300:4% 8540:4% 9a40:4% a0c0:3% 81c0:3% 82c0:3% 9a00:2%
  fn=93741   page=1 insn=119     IDLE   d_fb_det=0     a_sch=0100 0000 0000 0000 sync=0000 1530 ffff  | trames=93744 irq=0 iq=0
  hacks actifs : RHEA_DMA ; cadencement : STREAM LOCKSTEP  ; stimulus : none
  [sbwin] SB #7410 fn=93106 p51=31 tick=93779 : armee=0 one_shot=0 page_prog=64 rif_avant=0 nwin=0 marge=0 -> DMA NON ARMEE (le RIF jette) : SCH memorise pour la fenetre SB (dans une vraie fenetre SB : 31/7410)
  [sbwin] SB #7420 fn=93208 p51=31 tick=93881 : armee=0 one_shot=0 page_prog=64 rif_avant=0 nwin=0 marge=0 -> DMA NON ARMEE (le RIF jette) : SCH memorise pour la fenetre SB (dans une vraie fenetre SB : 31/7420)
  profil PC (22480 tranches, high-water 0xde91) : 9a80:11% 8240:11% 8380:10% 83c0:5% 8200:4% 8300:4% 8540:4% 9a40:4% a0c0:3% 81c0:3% 82c0:3% 9a00:2%
  fn=93958   page=1 insn=13727   IDLE   d_fb_det=0     a_sch=0100 0000 0000 0000 sync=0000 1530 ffff  | trames=93961 irq=0 iq=0
  [sbwin] SB #7430 fn=93310 p51=31 tick=93983 : armee=0 one_shot=0 page_prog=64 rif_avant=0 nwin=0 marge=0 -> DMA NON ARMEE (le RIF jette) : SCH memorise pour la fenetre SB (dans une vraie fenetre SB : 31/7430)
  [chrono] fn=93997 sur 1000 trames (ms) : qemu 3.51 | A 0.06 | go 0.29 | B 0.18 | apres DONE 0.59 | trame 4.61 (temps reel 4.62)
  [sbwin] SB #7440 fn=93412 p51=31 tick=94085 : armee=0 one_shot=0 page_prog=64 rif_avant=0 nwin=0 marge=0 -> DMA NON ARMEE (le RIF jette) : SCH memorise pour la fenetre SB (dans une vraie fenetre SB : 31/7440)
  profil PC (24524 tranches, high-water 0xde92) : 9a80:11% 8240:11% 8380:10% 83c0:5% 8200:4% 8300:4% 8540:4% 9a40:4% a0c0:3% 81c0:3% 82c0:3% 9a00:2%
  fn=94175   page=1 insn=36120   IDLE   d_fb_det=0     a_sch=0100 0000 0000 0000 sync=0000 1530 ffff  | trames=94178 irq=0 iq=0
  [sbwin] SB #7450 fn=93514 p51=31 tick=94187 : armee=0 one_shot=0 page_prog=64 rif_avant=0 nwin=0 marge=0 -> DMA NON ARMEE (le RIF jette) : SCH memorise pour la fenetre SB (dans une vraie fenetre SB : 31/7450)
  [sbwin] SB #7460 fn=93616 p51=31 tick=94289 : armee=0 one_shot=0 page_prog=64 rif_avant=0 nwin=0 marge=0 -> DMA NON ARMEE (le RIF jette) : SCH memorise pour la fenetre SB (dans une vraie fenetre SB : 31/7460)
  [sbwin] SB #7470 fn=93718 p51=31 tick=94391 : armee=0 one_shot=0 page_prog=64 rif_avant=0 nwin=0 marge=0 -> DMA NON ARMEE (le RIF jette) : SCH memorise pour la fenetre SB (dans une vraie fenetre SB : 31/7470)
  profil PC (21036 tranches, high-water 0xde91) : 9a80:11% 8240:11% 8380:10% 83c0:5% 8200:4% 8300:4% 8540:4% 9a40:4% a0c0:3% 81c0:3% 82c0:3% 9a00:2%
  fn=94392   page=1 insn=119     IDLE   d_fb_det=0     a_sch=0100 0000 0000 0000 sync=0000 1530 ffff  | trames=94395 irq=0 iq=0
  [sbwin] SB #7480 fn=93820 p51=31 tick=94493 : armee=0 one_shot=0 page_prog=64 rif_avant=0 nwin=0 marge=0 -> DMA NON ARMEE (le RIF jette) : SCH memorise pour la fenetre SB (dans une vraie fenetre SB : 31/7480)
  [sbwin] SB #7490 fn=93922 p51=31 tick=94595 : armee=0 one_shot=0 page_prog=64 rif_avant=0 nwin=0 marge=0 -> DMA NON ARMEE (le RIF jette) : SCH memorise pour la fenetre SB (dans une vraie fenetre SB : 31/7490)
  profil PC (21011 tranches, high-water 0xde92) : 9a80:11% 8240:11% 8380:10% 83c0:5% 8200:4% 8300:4% 8540:4% 9a40:4% a0c0:3% 81c0:3% 82c0:3% 9a00:2%
  fn=94609   page=0 insn=119     IDLE   d_fb_det=0     a_sch=0100 0000 0000 0000 sync=0000 1530 ffff  | trames=94612 irq=0 iq=0
  [sbwin] SB #7500 fn=94024 p51=31 tick=94697 : armee=0 one_shot=0 page_prog=64 rif_avant=0 nwin=0 marge=0 -> DMA NON ARMEE (le RIF jette) : SCH memorise pour la fenetre SB (dans une vraie fenetre SB : 31/7500)
  [sbwin] SB #7510 fn=94126 p51=31 tick=94799 : armee=0 one_shot=0 page_prog=64 rif_avant=0 nwin=0 marge=0 -> DMA NON ARMEE (le RIF jette) : SCH memorise pour la fenetre SB (dans une vraie fenetre SB : 31/7510)
  profil PC (22708 tranches, high-water 0xde91) : 9a80:11% 8240:11% 8380:10% 83c0:5% 8200:4% 8300:4% 8540:4% 9a40:4% a0c0:3% 81c0:3% 82c0:3% 9a00:2%
  fn=94826   page=1 insn=13614   IDLE   d_fb_det=0     a_sch=0100 0000 0000 0000 sync=0000 1530 ffff  | trames=94829 irq=0 iq=0
  [sbwin] SB #7520 fn=94228 p51=31 tick=94901 : armee=0 one_shot=0 page_prog=64 rif_avant=0 nwin=0 marge=0 -> DMA NON ARMEE (le RIF jette) : SCH memorise pour la fenetre SB (dans une vraie fenetre SB : 31/7520)
  [chrono] fn=94997 sur 1000 trames (ms) : qemu 3.71 | A 0.05 | go 0.26 | B 0.12 | apres DONE 0.47 | trame 4.62 (temps reel 4.62)
  [sbwin] SB #7530 fn=94330 p51=31 tick=95003 : armee=0 one_shot=0 page_prog=64 rif_avant=0 nwin=0 marge=0 -> DMA NON ARMEE (le RIF jette) : SCH memorise pour la fenetre SB (dans une vraie fenetre SB : 31/7530)
  profil PC (24322 tranches, high-water 0xde92) : 9a80:11% 8240:11% 8380:10% 83c0:5% 8200:4% 8300:4% 8540:4% 9a40:4% a0c0:3% 81c0:3% 82c0:3% 9a00:2%
  fn=95043   page=1 insn=1359    IDLE   d_fb_det=0     a_sch=0100 0000 0000 0000 sync=0000 1530 ffff  | trames=95046 irq=0 iq=0
  [sbwin] SB #7540 fn=94432 p51=31 tick=95105 : armee=0 one_shot=0 page_prog=64 rif_avant=0 nwin=0 marge=0 -> DMA NON ARMEE (le RIF jette) : SCH memorise pour la fenetre SB (dans une vraie fenetre SB : 31/7540)
  [sbwin] SB #7550 fn=94534 p51=31 tick=95207 : armee=0 one_shot=0 page_prog=64 rif_avant=0 nwin=0 marge=0 -> DMA NON ARMEE (le RIF jette) : SCH memorise pour la fenetre SB (dans une vraie fenetre SB : 31/7550)
  profil PC (21015 tranches, high-water 0xde91) : 9a80:11% 8240:11% 8380:10% 83c0:5% 8200:4% 8300:4% 8540:4% 9a40:4% a0c0:3% 81c0:3% 82c0:3% 9a00:2%
  fn=95260   page=0 insn=119     IDLE   d_fb_det=0     a_sch=0100 0000 0000 0000 sync=0000 1530 ffff  | trames=95263 irq=0 iq=0
  [sbwin] SB #7560 fn=94636 p51=31 tick=95309 : armee=0 one_shot=0 page_prog=64 rif_avant=0 nwin=0 marge=0 -> DMA NON ARMEE (le RIF jette) : SCH memorise pour la fenetre SB (dans une vraie fenetre SB : 31/7560)
  [sbwin] SB #7570 fn=94738 p51=31 tick=95411 : armee=0 one_shot=0 page_prog=64 rif_avant=0 nwin=0 marge=0 -> DMA NON ARMEE (le RIF jette) : SCH memorise pour la fenetre SB (dans une vraie fenetre SB : 31/7570)
  profil PC (21011 tranches, high-water 0xde92) : 9a80:11% 8240:11% 8380:10% 83c0:5% 8200:4% 8300:4% 8540:4% 9a40:4% a0c0:3% 81c0:3% 82c0:3% 9a00:2%
  fn=95477   page=1 insn=119     IDLE   d_fb_det=0     a_sch=0100 0000 0000 0000 sync=0000 1530 ffff  | trames=95480 irq=0 iq=0
  hacks actifs : RHEA_DMA ; cadencement : STREAM LOCKSTEP  ; stimulus : none
  [sbwin] SB #7580 fn=94840 p51=31 tick=95513 : armee=0 one_shot=0 page_prog=64 rif_avant=0 nwin=0 marge=0 -> DMA NON ARMEE (le RIF jette) : SCH memorise pour la fenetre SB (dans une vraie fenetre SB : 31/7580)
  [sbwin] SB #7590 fn=94942 p51=31 tick=95615 : armee=0 one_shot=0 page_prog=64 rif_avant=0 nwin=0 marge=0 -> DMA NON ARMEE (le RIF jette) : SCH memorise pour la fenetre SB (dans une vraie fenetre SB : 31/7590)
  profil PC (22928 tranches, high-water 0xde91) : 9a80:11% 8240:11% 8380:10% 83c0:5% 8200:5% 8300:4% 8540:4% 9a40:4% 81c0:3% a0c0:3% 82c0:3% 9a00:2%
  fn=95694   page=1 insn=13609   IDLE   d_fb_det=0     a_sch=0100 0000 0000 0000 sync=0000 1530 ffff  | trames=95697 irq=0 iq=0
  [sbwin] SB #7600 fn=95044 p51=31 tick=95717 : armee=0 one_shot=0 page_prog=64 rif_avant=0 nwin=0 marge=0 -> DMA NON ARMEE (le RIF jette) : SCH memorise pour la fenetre SB (dans une vraie fenetre SB : 31/7600)
  [sbwin] SB #7610 fn=95146 p51=31 tick=95819 : armee=0 one_shot=0 page_prog=64 rif_avant=0 nwin=0 marge=0 -> DMA NON ARMEE (le RIF jette) : SCH memorise pour la fenetre SB (dans une vraie fenetre SB : 31/7610)
  profil PC (24099 tranches, high-water 0xde92) : 9a80:12% 8240:11% 8380:10% 83c0:5% 8200:4% 8300:4% 8540:4% 9a40:4% a0c0:3% 81c0:3% 82c0:3% 9a00:2%
  fn=95911   page=0 insn=119     IDLE   d_fb_det=0     a_sch=0100 0000 0000 0000 sync=0000 1530 ffff  | trames=95914 irq=0 iq=0
  [sbwin] SB #7620 fn=95248 p51=31 tick=95921 : armee=0 one_shot=0 page_prog=64 rif_avant=0 nwin=0 marge=0 -> DMA NON ARMEE (le RIF jette) : SCH memorise pour la fenetre SB (dans une vraie fenetre SB : 31/7620)
  [ts0] tick=95930 fn=95257 p51=40 FCCH fenetre=64 marge=0 rif_avant=0
  [chrono] fn=95997 sur 1000 trames (ms) : qemu 3.62 | A 0.06 | go 0.28 | B 0.15 | apres DONE 0.51 | trame 4.62 (temps reel 4.62)
  [sbwin] SB #7630 fn=95350 p51=31 tick=96023 : armee=0 one_shot=0 page_prog=64 rif_avant=0 nwin=0 marge=0 -> DMA NON ARMEE (le RIF jette) : SCH memorise pour la fenetre SB (dans une vraie fenetre SB : 31/7630)
  [sbwin] SB #7640 fn=95452 p51=31 tick=96125 : armee=0 one_shot=0 page_prog=64 rif_avant=0 nwin=0 marge=0 -> DMA NON ARMEE (le RIF jette) : SCH memorise pour la fenetre SB (dans une vraie fenetre SB : 31/7640)
  profil PC (21015 tranches, high-water 0xde91) : 9a80:11% 8240:11% 8380:10% 83c0:5% 8200:4% 8300:4% 8540:4% 9a40:4% a0c0:3% 81c0:3% 82c0:3% 9a00:2%
  fn=96128   page=1 insn=119     IDLE   d_fb_det=0     a_sch=0100 0000 0000 0000 sync=0000 1530 ffff  | trames=96131 irq=0 iq=0
  [sbwin] SB #7650 fn=95554 p51=31 tick=96227 : armee=0 one_shot=0 page_prog=64 rif_avant=0 nwin=0 marge=0 -> DMA NON ARMEE (le RIF jette) : SCH memorise pour la fenetre SB (dans une vraie fenetre SB : 31/7650)
